feature,scale_pct,csv,pos_x,pos_y,pos_z,pos_total,vel_x,vel_y,vel_z,vel_total,att_roll,att_pitch,att_yaw
drag,-50,flight_diag_lr_mtf,1.4637530919698807,2.9903383135833073,0.11002491362668762,3.3311862490041295,0.43973278183674036,0.6236639334075431,0.31241362373229226,0.824574977517987,3.0952099329198393,3.9081763472929296,11.57852928537778
drag,-50,flight_diag_rl_mtf,1.531524361662674,3.0072454270844435,0.11137901298127705,3.3766103141492714,0.4392177635991679,0.5851472012737337,0.30425822890067705,0.7923904093774197,3.146374547228441,4.42618427361129,7.960595225660776
drag,-50,flight_sine,0.8805782116561752,2.3850796931010643,0.11203185317145849,2.5449114454950466,0.19245188607071662,0.126561194405817,0.053753280224747436,0.23652669937350268,0.8417391475406953,1.9711222727292668,1.5675794873720768
drag,-50,flight_sine_mtf,2.758673713418857,1.7851855566495745,0.1322204737026822,3.288563574335244,0.13871210518803398,0.15010611220781298,0.06393767003323687,0.21415162548325387,0.9661156118449454,3.102575917087592,7.997637530210655
drag,-50,flight_square,1.1949906764651437,1.221543882036912,0.11798273503559617,1.7129191744933299,0.19238284119402602,0.22817689954885007,0.08221588096981212,0.30957278006513134,1.4272526563682004,1.5496915289639568,3.6802972575147432
drag,-50,flight_square_mtf,0.8186157249889744,0.8322149104746871,0.13130543671863013,1.1747146377429225,0.1780852979869107,0.16296044479211472,0.0632191457851518,0.24953384604044182,2.366075557678052,3.629575120505841,45.22993603248687
drag,-50,flight_x_mtf,0.5491429076681197,1.3589557794425036,0.11591137789057121,1.4702905124657746,0.4036304385895785,0.11942719921665333,0.21197154257208664,0.47128793929946866,1.1465244223464464,4.940759821061363,2.5435433868481896
drag,-50,flight_y_mtf,0.2246103013498562,2.805332187939938,0.12245280507131905,2.81697233952238,0.07984908269889637,0.7251202851765005,0.2564193732455916,0.7732568777307879,1.4856978651725796,1.9197168458361662,2.3142294206059324
drag,-50,flight_z_mtf,0.40625882004683744,0.8754685344088692,0.13649965035321304,0.974742806155763,0.05509160459556642,0.09240344856468843,0.05489873343403512,0.12077811530332182,0.44451314166310535,1.4646476256932666,1.841502165666693
drag,-50,square_100cm_mtf,0.27939914561974183,2.3556271371628483,0.127049076187584,2.3755387935521486,0.19676243483859623,0.3678024980731207,0.11986020809375911,0.4340053027748855,1.115626039155189,2.7234557825351366,5.051780163576597
drag,-50,square_120cm_mtf,0.4269686093157968,2.362628204135439,0.12470759129808014,2.404135230731559,0.2352392551523264,0.36020403005419044,0.1342886320155748,0.4506860183326258,1.3397135950533086,2.5381432774803727,8.454980222452795
drag,-50,square_60cm_mtf,0.2839657848209022,0.8192118336199627,0.13450017398067815,0.8774023547339984,0.14004932856032773,0.3348801061722254,0.09423986983631168,0.37501953683359557,1.928852418114017,2.5029916513675796,5.419339933883704
drag,-50,square_80cm_mtf,0.451926572788875,1.8157419571703983,0.13374382141054594,1.8759114829829213,0.11744623070384412,0.23733621203782954,0.0702437473879591,0.27396400985915936,1.8150414738072387,1.806450122076171,2.2077875537597698
drag,-40,flight_diag_lr_mtf,1.2618035063047925,2.6700626633846225,0.10940997083829647,2.955224738770723,0.32251560373009025,0.426913968262942,0.22724788480116312,0.5813032359225256,2.60058922637097,3.064872710020373,8.39536807101016
drag,-40,flight_diag_rl_mtf,1.195500336763798,1.9041556983915353,0.11079691729572495,2.251067732388687,0.32100735606822955,0.3905755232785142,0.2184248708250951,0.5507307747249647,2.6890625129208057,3.546416908630793,5.974761847447442
drag,-40,flight_sine,0.8832447887576312,1.9987824346269754,0.11192870960605664,2.1880997723766913,0.15190254688015792,0.10558752933303751,0.052563678993037495,0.19231757706620767,0.8389168925243862,1.8372414519219407,1.6854164202666282
drag,-40,flight_sine_mtf,2.0055337072645663,1.3981322475759088,0.13214829639124462,2.448346871855605,0.10810341059326288,0.11380394969170872,0.060309033265148075,0.1681513182841731,0.8319020950122201,2.78451364478062,7.437279452820208
drag,-40,flight_square,1.1339203633259811,1.200414896595532,0.11790721874667855,1.6554979391610138,0.15066203261553365,0.16162106954863367,0.07341754921803263,0.23283160165035727,1.361408650256683,1.5352985237676897,3.665877316883642
drag,-40,flight_square_mtf,0.7341727587939582,0.7701789104807344,0.1312230512308102,1.0721029255993784,0.14024048848766701,0.11912034499999614,0.0570188410349921,0.19263488634500053,2.1961618453744305,3.212629163986679,39.88498708123459
drag,-40,flight_x_mtf,0.5037218551581331,1.0849436714267624,0.1154482661362986,1.2017349040811005,0.29208293281977926,0.1004986229685453,0.1651604287990188,0.3502718659901952,1.1283936314044383,4.239346684025685,2.185047680202057
drag,-40,flight_y_mtf,0.17793237870896825,2.430303472018476,0.12198670406386113,2.439859761024485,0.06967363702250173,0.4963387539145057,0.17979833039209125,0.532479120665901,1.3383843753709692,1.9554036588269994,2.0939601237162417
drag,-40,flight_z_mtf,0.3847009120835599,0.7331390630837719,0.1364919031376026,0.8391172249450004,0.05160942618507478,0.08159796229595993,0.05492422940027785,0.1110784916049004,0.4391306897052016,1.408894014844318,1.8524860366346036
drag,-40,square_100cm_mtf,0.2544202407716328,2.029842225622343,0.12694114689255473,2.0496592825658024,0.14867661971545806,0.2558412854702248,0.09482255126163382,0.31072627315506673,1.020501609394608,2.4358475969741313,4.7724561319591645
drag,-40,square_120cm_mtf,0.3769575783920606,2.033838552047825,0.12458067896997226,2.0722250402105993,0.17714589189006827,0.24527646129190686,0.10828201981760707,0.32135059560111084,1.2852535547658028,2.2544303454092987,7.775423483765176
drag,-40,square_60cm_mtf,0.24109705364193432,0.7823254334778036,0.13439576107353632,0.8295921249238026,0.10980648457806873,0.23994015423917586,0.07793006144112406,0.27513966662030126,1.7517402700709468,2.1096277122016573,5.783631829216503
drag,-40,square_80cm_mtf,0.4383101916610323,1.7218256563801289,0.1336751992257849,1.7817599372448707,0.09164565008554477,0.16987912613781797,0.06341147494891591,0.20317199076680767,1.7309805433368386,1.5597891700338948,2.099112049616568
drag,-30,flight_diag_lr_mtf,1.2058439897002848,2.3230177572508137,0.10906953541823006,2.61961206890548,0.22659354238402804,0.2845052761955617,0.1604945075953489,0.39755046547769085,2.1146980026340048,2.4845760874620866,6.332548424336356
drag,-30,flight_diag_rl_mtf,0.9438659910601265,1.2008749621309516,0.11051541989487551,1.5314037161334921,0.2226514404062212,0.2517463636673199,0.15535328320775965,0.37024929188063804,2.223097476832831,2.9216800816936637,4.638764660008597
drag,-30,flight_sine,0.9022278292058976,1.6564524774781313,0.11185416202663297,1.8895399491674436,0.11931838080372563,0.09238598505269509,0.05134439840891874,0.1593997913416246,0.8667624315295883,1.771109740146607,1.7388165135563753
drag,-30,flight_sine_mtf,1.4203887694782533,1.0358983812700029,0.13208813621371462,1.7629625601544043,0.08469457709819787,0.08886883528230748,0.05759192712219861,0.135601148018463,0.7272195637704143,2.545326508679872,7.1575343990908475
drag,-30,flight_square,1.0676592126933824,1.1726319904572773,0.11785618368160446,1.5902364791202726,0.11767676327985326,0.11860534460495657,0.0663389151910516,0.17976623724606536,1.3273952566296114,1.5466682096346505,3.564716991785175
drag,-30,flight_square_mtf,0.6402223431336825,0.6967818905231101,0.1311561168111479,0.9552965919469836,0.10953473853162357,0.08732611895886974,0.052346344891792775,0.1495454774345929,2.014797239851153,2.8751201154746204,38.32304469960953
drag,-30,flight_x_mtf,0.4187635729221384,0.844065517757061,0.11516637497972555,0.9492485565956797,0.20056461818240176,0.08480788899853427,0.12907580716844194,0.2531385156376349,1.071432949818068,3.7652551042933964,1.9339423572342018
drag,-30,flight_y_mtf,0.16221117466739052,2.1146753411800696,0.12167098965051992,2.1243747535462183,0.0636198463016563,0.3287015979516395,0.12555884397559017,0.3575713196551063,1.2749349321308767,2.000128783062266,1.9823459290016323
drag,-30,flight_z_mtf,0.3610034462059338,0.6201579108265222,0.13648535584139512,0.7304434097809558,0.04875392724112032,0.07377851839345294,0.054949836659725686,0.10411387874196244,0.43617926939751733,1.3737559703819144,1.8626222641485533
drag,-30,square_100cm_mtf,0.23082747959120473,1.7621498053324474,0.12685809462474548,1.781725634866219,0.10977980233260104,0.17330509008066872,0.07645122635752157,0.21893160863526,0.9859082975684661,2.2257431602159223,4.469163072941312
drag,-30,square_120cm_mtf,0.3620520152976032,1.7528872348999114,0.124466031461885,1.7942093281008167,0.13033620574350824,0.16140056289411733,0.08901206803758328,0.22574502538589725,1.28032460417669,2.0482740675877515,7.184474678741136
drag,-30,square_60cm_mtf,0.2198488303721747,0.7609503805959542,0.1343168784671832,0.803380366816559,0.08482726453923714,0.16700191935261463,0.0653537583914041,0.1983845246296922,1.6473931661165537,1.7808332005216476,5.758178479146191
drag,-30,square_80cm_mtf,0.4256151672638223,1.6088994089752517,0.133622030518336,1.6695988817215257,0.07136460302473586,0.12092449991406368,0.05861797469360484,0.1521568539419918,1.6847990187003499,1.3665180062400337,2.0012656962726285
drag,-20,flight_diag_lr_mtf,1.095514866730009,1.938316037162473,0.10889013737848652,2.2291430966104464,0.15516458905855599,0.18324725654611593,0.10992636388616663,0.2640822072889851,1.7460814075468596,2.122170105385175,5.542584418082173
drag,-20,flight_diag_rl_mtf,0.8085583059410231,0.8434703909601298,0.11037509618051462,1.1736232344281146,0.14711596708691635,0.15338233494274037,0.10898814201938076,0.238846527178526,1.817613077603618,2.514576948192384,4.0373306107733855
drag,-20,flight_sine,0.8886336006360108,1.3517849017454513,0.11180303599438664,1.6215708481666296,0.09447488651538417,0.08280278122454236,0.050079650946037516,0.13523969905131814,0.8945879563480152,1.7427408251469028,1.7479661471585153
drag,-20,flight_sine_mtf,1.0151017530288113,0.7364199874770336,0.13203775107853416,1.261023368010172,0.0700722350471232,0.07353752572775743,0.05573816353073329,0.11586469992382768,0.6755892586241228,2.374947626253458,6.998675573728824
drag,-20,flight_square,1.0016662521280348,1.1363438410615918,0.11782043592275465,1.5193729828096405,0.09274098778535271,0.09539453748504367,0.06089917667756827,0.14632060113802847,1.3106559594971459,1.5594535824011986,3.4248199176522043
drag,-20,flight_square_mtf,0.5561937340836831,0.6220778351386077,0.13109885404934785,0.844700664340771,0.08653214167417521,0.06777982264268399,0.04947206923742847,0.12053796719219279,1.8341742802759795,2.6126630464921363,38.57915995759419
drag,-20,flight_x_mtf,0.3114444309588282,0.6754294794725156,0.11500424148122133,0.7526145034972771,0.13078171376192152,0.07410913797013396,0.10286453879845331,0.18214591493470292,1.0290189287208407,3.4398104690049776,1.7821139789094271
drag,-20,flight_y_mtf,0.16310902097225818,1.860536137155831,0.12144231208890095,1.871616281600149,0.060466688127042714,0.2081897321920676,0.08963658834316611,0.23459305815189865,1.2497387176982457,2.0499760045513455,1.90334702024254
drag,-20,flight_z_mtf,0.3361041949339717,0.5321652543770982,0.13647968545611236,0.644043936669428,0.04671139408023036,0.06795524610200619,0.054984573193442625,0.09911192208290513,0.4343075280509065,1.3457476912788195,1.8715998361523418
drag,-20,square_100cm_mtf,0.22460980009639187,1.5420454750107835,0.1267890198554824,1.5634670654850673,0.0805603402617889,0.11282900014482503,0.06419065661684131,0.15277693573860346,0.9741356235522622,2.073891397786418,4.216436875922904
drag,-20,square_120cm_mtf,0.3809697855241943,1.5386291997073094,0.12436553219821535,1.5899637031307512,0.09442266960577018,0.10147418440275566,0.07633441294375204,0.15823903827801836,1.3031884670216416,1.898156990684164,6.72800670396237
drag,-20,square_60cm_mtf,0.21449228505070994,0.752560147972072,0.13425681725126878,0.7939638591525828,0.06659666194247499,0.11323492841162981,0.057078297843975445,0.1432312692083429,1.5859200313024817,1.521384595051935,5.567061303382152
drag,-20,square_80cm_mtf,0.4150500900172179,1.494119469365468,0.13357958716303422,1.5564392285170967,0.057501140854201355,0.08722663390600444,0.055389004713980595,0.11824892686748659,1.6603725841801378,1.2150405101345843,1.9456774302973376
drag,-10,flight_diag_lr_mtf,0.9574023771711295,1.6055712335583112,0.10879743320303573,1.8725157353983586,0.11614760469847926,0.11866842973700924,0.07655652449301521,0.18284792516157064,1.5345952064834343,1.930791796624513,5.789009672281059
drag,-10,flight_diag_rl_mtf,0.7649248998887492,0.7922449784571735,0.11031049484907976,1.106765835050156,0.10354228414055949,0.09261535952073248,0.07965646892580751,0.16013669931008015,1.525904654178854,2.2774655729307116,4.406732816986072
drag,-10,flight_sine,0.8335392236930985,1.095276131520949,0.11177096049816883,1.3809091893839622,0.07743653181285629,0.07575835281955082,0.048825903636508725,0.11882640004248503,0.9145826890153448,1.7309678538577984,1.7516841821398001
drag,-10,flight_sine_mtf,0.7686002615282863,0.5070103248439963,0.13199549370259364,0.9301766724002254,0.06522020272598146,0.0650338463036112,0.05456644008434647,0.10705406294082638,0.6698122203332363,2.2639073629148307,6.908193971134136
drag,-10,flight_square,0.9394654119428735,1.1003256162267905,0.11779463359414945,1.4516154096955016,0.07535058478850766,0.08822601913179495,0.05686556158373698,0.1292100351135612,1.3095634327564099,1.570310824089997,3.2572378218875957
drag,-10,flight_square_mtf,0.4831666230318896,0.555985788895843,0.13105125175776666,0.7481608207153396,0.07252166952140572,0.06037076277817929,0.048350540821610256,0.10602733773104644,1.6711394056176954,2.410868284501774,38.35125380087307
drag,-10,flight_x_mtf,0.2063368845419234,0.5570183779931203,0.11490016762948406,0.6050177120265465,0.09005889005790735,0.06672026683861058,0.08561272866314966,0.14103806930977086,0.9957318007470066,3.210643051844904,1.6977148943415832
drag,-10,flight_y_mtf,0.16941580509993123,1.6674630917861681,0.12127478128398009,1.6804292457768706,0.05923942016043328,0.13463317639256517,0.07122697242432223,0.16342791281550123,1.2462555744217139,2.099742669309758,1.8575368988117762
drag,-10,flight_z_mtf,0.31166534466877305,0.4617195421699547,0.13647464044456686,0.573537749562844,0.045328072536062344,0.06376296473120456,0.05503287430535363,0.09565023306535232,0.4339251624339528,1.3239914656981682,1.8779911406153078
drag,-10,square_100cm_mtf,0.24069743382924214,1.369228540233371,0.12672936497755274,1.3959879591132598,0.06265671490085592,0.072456468161211,0.05758933950179613,0.11176911793879765,0.9814248135650935,1.9620468577500534,4.032198010136642
drag,-10,square_120cm_mtf,0.41610085846064443,1.3798891847956474,0.12427793469903908,1.4466095159996495,0.06998437218864194,0.06561886311130552,0.06946703047668196,0.1184454130386942,1.3410219482854426,1.78948948412244,6.391651432008675
drag,-10,square_60cm_mtf,0.22008050687119887,0.7533395148424946,0.13420910626621094,0.7962210361027797,0.05706398873611311,0.0784621267363114,0.05275666670492137,0.11043491306771784,1.5457813933687552,1.3237750866438471,5.299772314711616
drag,-10,square_80cm_mtf,0.40554920173386644,1.3900401935064643,0.1335458661843852,1.4541376801958619,0.05056207130164986,0.06811220600264423,0.05338139094644349,0.10022658609489205,1.656783623811039,1.102085284238548,1.9223479238507017
drag,0,flight_diag_lr_mtf,0.8214769217858267,1.3682104159318327,0.10874725798803526,1.5995780823113925,0.116140329674607,0.09510277778824625,0.06468270301102276,0.16345325505715422,1.4803309572823788,1.8656362130081423,6.5249754629790235
drag,0,flight_diag_rl_mtf,0.7632273427188726,0.8621151440562128,0.11027196344807572,1.156684228390562,0.1039252637965803,0.07840008349146414,0.06999651807140593,0.14780577150022933,1.3904902030253985,2.1635045307919256,5.24945885241403
drag,0,flight_sine,0.751161569853435,0.8811992149722941,0.11175233029030311,1.16329030934577,0.06857046153125575,0.07017669093967258,0.047650532606291034,0.10907451307943095,0.9210913308761424,1.7224004242987783,1.7398257938927262
drag,0,flight_sine_mtf,0.6506185811169537,0.35124318229905177,0.13196018191934497,0.751059119389672,0.0687313045429696,0.060709234592200394,0.053907250828042624,0.1063747859259268,0.6915884487952598,2.1923207603768278,6.869547117029069
drag,0,flight_square,0.8835389044562593,1.0654587898816028,0.117775186965384,1.3891416138351291,0.06519905793586203,0.09149796796786952,0.054026799508583884,0.12466631607260195,1.3159967775011205,1.571586571332296,3.088089097853067
drag,0,flight_square_mtf,0.4273588340831796,0.503100536645539,0.1310116645251559,0.672985719970057,0.06772612106335774,0.061771549133233336,0.04858717548951313,0.10374615838023495,1.5325082867492144,2.2559046806712746,39.799742248969565
drag,0,flight_x_mtf,0.15231482014404812,0.4722557382381133,0.11482492111856102,0.509323128518844,0.0898676044986813,0.06152619322901248,0.07760010015384469,0.13372895847748129,0.9679943361468296,3.0616181608043775,1.6595481144785063
drag,0,flight_y_mtf,0.17651414275023616,1.5208788146322219,0.12114587967680943,1.5358730206467692,0.059217365100458316,0.11959420365999987,0.06849843697143868,0.15000501906949867,1.2518683842359908,2.1483696165098918,1.8284919096737142
drag,0,flight_z_mtf,0.28799854883277726,0.4062765262480198,0.1364700338900651,0.5163601941086271,0.04446644050394238,0.060708085439230376,0.05509388981130066,0.09326345834959843,0.43483396541785185,1.3067202637166475,1.8833233019945994
drag,0,square_100cm_mtf,0.27054903125780705,1.2334871065317476,0.12667461353965076,1.2691468307528568,0.05739688869342691,0.05697069788534803,0.05569226842111994,0.0981921178665544,0.9990711482598662,1.880681086575883,3.8840271634526142
drag,0,square_120cm_mtf,0.4584040324929146,1.2613643222402495,0.12419974200244109,1.347812964153351,0.058531208749380455,0.059646219708917876,0.06715764546019475,0.1072087835346772,1.376098265341265,1.7061406218280024,6.1285676746871705
drag,0,square_60cm_mtf,0.23253696636522497,0.7594211857491169,0.13416958872075727,0.8054784023351798,0.056845216021863675,0.06615463744300765,0.05170631485170435,0.10139702971651447,1.528123106649875,1.1748687197004342,5.045731994775048
drag,0,square_80cm_mtf,0.3974511254701717,1.2974731885695825,0.1335178285626028,1.3635362418133588,0.050021104309771705,0.06265427376714477,0.052226957510985876,0.0956834572353639,1.6635191735219614,1.0217169756108304,1.9321210891320544
drag,10,flight_diag_lr_mtf,0.7111985681334954,1.2208083276688637,0.10870364330613563,1.4170366467698743,0.14184606285569581,0.10658907973737453,0.07270322332771167,0.19174800168231615,1.5184244204127664,1.8651698096818197,7.338556511870554
drag,10,flight_diag_rl_mtf,0.77078099036759,0.9329847977787175,0.11023045281510421,1.215201514451846,0.13360717965320057,0.09862643064603549,0.07764935226400295,0.18332341144512634,1.3709245478624879,2.1240447562283418,6.157864191676977
drag,10,flight_sine,0.6483864942271986,0.7035531696885029,0.11174439044797821,0.963264718170227,0.06712140428530128,0.06598128719319472,0.04660730873064704,0.10502882651927305,0.9228650758473741,1.7211258516322825,1.726893430876515
drag,10,flight_sine_mtf,0.6265609536618637,0.27613606850526823,0.13193026305811947,0.6973057803387226,0.07725133013462898,0.05863984440743084,0.05362590817768105,0.11082480492912322,0.7226274522722106,2.1533504151460314,6.857246546474665
drag,10,flight_square,0.8311343683691462,1.0366143390521485,0.11776161012677103,1.3338745904441511,0.06146538234745663,0.09962023245503257,0.05217277890586093,0.12815686794032385,1.3296092837106839,1.5714726029566781,2.9283052651281127
drag,10,flight_square_mtf,0.38749865848783654,0.46188373416612816,0.13097720320986303,0.6169658191324681,0.07031134156584447,0.0673581357748383,0.049740057263514915,0.10933835788243823,1.4150076163055412,2.1423912075814133,43.02319114199681
drag,10,flight_x_mtf,0.19996620299237408,0.4107542450057766,0.11476754969174162,0.47103834513943693,0.11671004463619723,0.05783739803076997,0.07691571614904218,0.15126938395019957,0.9453941627523185,2.956051693555904,1.6342587566579225
drag,10,flight_y_mtf,0.18184059432744534,1.4171549478015797,0.1210383025107902,1.4338913551934642,0.059883164294291476,0.14891284597610976,0.07568690328759117,0.17745291316816098,1.263890692572551,2.1934832731374403,1.8192420406062937
drag,10,flight_z_mtf,0.2670574687464736,0.3623010533034185,0.13646591163987337,0.4703240264729647,0.04392810529433639,0.05846346031939055,0.055163331676133,0.09160047919568061,0.4376599341698406,1.2988684750618629,1.8877360515005555
drag,10,square_100cm_mtf,0.3082587389708301,1.1348690669669608,0.126628078265987,1.1827873517736327,0.06232868274183436,0.06558420365937111,0.057117804476284985,0.106998112367262,1.0208319642895165,1.8173431651228895,3.7767413016849973
drag,10,square_120cm_mtf,0.5009522574953166,1.1777711035322416,0.12413187178512132,1.2858874982665032,0.05947491366835488,0.07509709646330626,0.06795544901385167,0.11745119115509892,1.4198542470663462,1.6424463863092906,5.931793120601659
drag,10,square_60cm_mtf,0.25047435591254946,0.7707845797675382,0.13413715127062792,0.821485877376006,0.06332613284928637,0.07322098706850387,0.052939780019655366,0.11033645071988213,1.5199633132125754,1.068409298076967,4.80017250482163
drag,10,square_80cm_mtf,0.39069987544846135,1.2160670213620826,0.13349382528253917,1.28424530153256,0.053925265843036606,0.06702536061530408,0.051669551446840545,0.1003497673568376,1.6762945850964086,0.9620518068065689,1.9535492208820557
drag,20,flight_diag_lr_mtf,0.6334667520650509,1.141608418569518,0.10866353386672752,1.3100983439853076,0.17541135853954962,0.13115255280424218,0.08994212330209485,0.23676934420623205,1.6032523678249906,1.889347143496374,8.05286047037252
drag,20,flight_diag_rl_mtf,0.7790504737371245,0.9827027016838541,0.11018775663523378,1.25887472857274,0.1707415835173433,0.12668817930893703,0.09382180751893307,0.2323900055612182,1.4190014434393887,2.116784444736943,6.9454687230849705
drag,20,flight_sine,0.5389435539868785,0.559620381788245,0.11174407959323021,0.7849343064365111,0.07093647838014992,0.06270548675477249,0.04571268426865533,0.10513615713528907,0.9163072453866007,1.7201150753126575,1.7178244052158007
drag,20,flight_sine_mtf,0.6720427078891384,0.2693665032986326,0.13190556820269528,0.735933959842304,0.08792717130766907,0.057680043949323474,0.053614154925977826,0.11803665757971471,0.7526881990888932,2.1394463084859674,6.83347475464739
drag,20,flight_square,0.7854451778597996,1.0126773704706706,0.11775103993602147,1.2869750935789779,0.06256999973602187,0.1091633562340837,0.05104211127709094,0.13578269527034056,1.343855480975715,1.5677160550872926,2.7759341114224054
drag,20,flight_square_mtf,0.3598025653299143,0.4334792129040641,0.1309484037909896,0.5783680476075094,0.07726565440547811,0.07400798112572711,0.05140853109750137,0.1187013045025855,1.3219519479744104,2.0606323038837067,46.1777071738482
drag,20,flight_x_mtf,0.2982027520107853,0.364041872036081,0.11472396647795582,0.48436861416360927,0.14997122620432432,0.05525476046235066,0.08126266858286607,0.1792988526125839,0.9300228485126267,2.880902178622032,1.6243272776706181
drag,20,flight_y_mtf,0.18530773731571548,1.3429079244705975,0.12095192172101826,1.3610180081405998,0.060991636675721286,0.19070493722519932,0.0867414414805567,0.2182027279769326,1.278889368820164,2.2387783180233907,1.8165728882669117
drag,20,flight_z_mtf,0.2479755005868906,0.3251793250834439,0.1364622794493897,0.43110949428836104,0.04365332681050329,0.05684513901923612,0.05524054093414694,0.09049033171802416,0.4402820034206227,1.2979172096762106,1.8904238649658842
drag,20,square_100cm_mtf,0.3468418109348127,1.0667569481948467,0.12658747205905654,1.1288463209918458,0.07240102597192984,0.08372799955240595,0.06038612991781722,0.12609032935672446,1.0517004236774987,1.764516042897399,3.678598836982204
drag,20,square_120cm_mtf,0.5422138431026138,1.1181589491010333,0.12407173974341223,1.2488671201171844,0.06780705952795506,0.0959209834015061,0.07050629472464166,0.13700281009650014,1.461822089984977,1.596677061294974,5.769788708411631
drag,20,square_60cm_mtf,0.27156890143809603,0.7851140926358943,0.13410941234181906,0.8415100362814729,0.07304439634984923,0.08903645768677476,0.05556976632263244,0.12787092540790762,1.5209338846443974,0.9983112822084323,4.607819668016759
drag,20,square_80cm_mtf,0.3865013802510957,1.1460341717717413,0.1334735904341798,1.2167961370533416,0.059978366323275314,0.0760027741641322,0.0515229751356456,0.10967425894110906,1.695603280504888,0.9213382480397728,1.9880503040162283
drag,30,flight_diag_lr_mtf,0.5833837016488528,1.1035943397845935,0.10861514347600472,1.2530180603432752,0.2092237999308185,0.15695472485037007,0.10920874944824692,0.2834359452617055,1.7007200922865713,1.9210013601413451,8.612497046348198
drag,30,flight_diag_rl_mtf,0.7870211388965063,1.0151754207811354,0.11014180457513044,1.2892302452018318,0.20721820772959001,0.1530035813767224,0.11209537649500584,0.28091787938884194,1.4881042887715643,2.1260669299276853,7.587143147280478
drag,30,flight_sine,0.4280501333689548,0.4452405847006089,0.11174901649633358,0.627657500257599,0.07767904468385735,0.060332945617560384,0.044981137972881634,0.10815452409965855,0.9076509331654359,1.7250794947898516,1.707255104062497
drag,30,flight_sine_mtf,0.7702761272288238,0.30156523873172075,0.13188527946751197,0.8376518562805066,0.09911773838422602,0.05724806045121876,0.05380244176283215,0.12647675370388511,0.7779959157602179,2.143703982005187,6.839143508281271
drag,30,flight_square,0.7469834380913434,0.9899232992871524,0.11774255886773484,1.2457109236990125,0.06649900533886849,0.11877743994347262,0.050443292868382075,0.14517135993710836,1.3599026024169427,1.5604474871423533,2.627399154638696
drag,30,flight_square_mtf,0.341648029992673,0.4160072732502079,0.1309245596880879,0.5540096281875138,0.08615698264688912,0.08062828059178874,0.05331415322545987,0.12948491890622776,1.248858849873354,2.002982490244954,49.330733336189915
drag,30,flight_x_mtf,0.4045975632430439,0.32672903918992685,0.11468740022529289,0.5325450713344535,0.1823281722286596,0.053274389609384916,0.08821830852322236,0.20943780206828647,0.9146448658341927,2.8231910280549957,1.6225265809742806
drag,30,flight_y_mtf,0.18676114320973655,1.2919241744580654,0.12087911298718981,1.3109384261355417,0.062318663066758886,0.23184050688027227,0.09851630001859338,0.2594977798870027,1.2947421293183885,2.278261701761961,1.8163421326788203
drag,30,flight_z_mtf,0.23039203699427524,0.2948830105422427,0.13645900936190247,0.3983183925616035,0.04358058918466586,0.0556448284181201,0.055325029542443345,0.08975786081027595,0.444543186169481,1.3007525587850206,1.8946653100648416
drag,30,square_100cm_mtf,0.38546955376726083,1.0175050557377752,0.12655111382148995,1.0954079147709879,0.08386745953626845,0.10297288880787579,0.06454998612259538,0.1476613263753717,1.0813405087911232,1.7291922870074488,3.6025635082901815
drag,30,square_120cm_mtf,0.579084726056916,1.077974990605575,0.12402053783760013,1.229939142449345,0.07890596823523953,0.11603242709065902,0.07391380215205554,0.15859674053480083,1.5016777937567667,1.560230098523766,5.638698134141032
drag,30,square_60cm_mtf,0.29394031523014347,0.8015219772311486,0.13408565246796725,0.8641859470622549,0.08378613349150302,0.10647659059897681,0.058916060697320104,0.14774465377511425,1.5261680996797,0.9441322528767497,4.442146883306501
drag,30,square_80cm_mtf,0.3830168386630194,1.0909364844452032,0.13345560795474576,1.163896348945061,0.06692370000191548,0.08619559848159009,0.05167013889375178,0.1207404906104223,1.7204296935071317,0.8899551422942418,2.018446925762305
drag,40,flight_diag_lr_mtf,0.5573564433809621,1.0874642466217201,0.1085642741781528,1.2267888548102523,0.24082582800165,0.1806519175330202,0.12784013404445224,0.3270707792107711,1.791115007305876,1.950977471348568,9.027450393252677
drag,40,flight_diag_rl_mtf,0.7939815448630106,1.036829571307943,0.11009025893910535,1.310550311371122,0.24088432218428737,0.17619810979953585,0.13001173849659486,0.3255366073393587,1.5597600824980016,2.1402861882672397,8.082690627339787
drag,40,flight_sine,0.32405002992145227,0.36570629997683646,0.11175705024897374,0.5012376262963443,0.08551802491141135,0.05844873641235522,0.044402791291675195,0.11269957962406876,0.8920196780495064,1.7299378515053419,1.702425387443976
drag,40,flight_sine_mtf,0.9060045263607901,0.3415269008996127,0.13186808250928989,0.9771765536529263,0.11010698938029582,0.057025153055177934,0.05413210923877763,0.13529856777511726,0.7961578660312417,2.1632956346728327,6.834239830863387
drag,40,flight_square,0.7122499384631655,0.9687607312441668,0.11773642450458345,1.2081635629734244,0.07187311429139452,0.127857504917828,0.05024390737342163,0.15504107955604943,1.37906956457238,1.554453339144801,2.4808567548307345
drag,40,flight_square_mtf,0.33298444321989473,0.40758079374302775,0.13090353511299976,0.542343505870348,0.09555323806135257,0.08660091984218883,0.05532839786703982,0.1403259499595716,1.1920301147632,1.9656351208067595,51.423874343940206
drag,40,flight_x_mtf,0.5081051750663188,0.2961387467263355,0.1146526398704158,0.5991779819645198,0.21204026929558173,0.05186802741675163,0.09625997375108843,0.23857357485188493,0.9037730659279454,2.7765981460184794,1.6275057650214806
drag,40,flight_y_mtf,0.18696810173101205,1.2598715322661562,0.12082057355746287,1.279386946890707,0.06373354587930953,0.26922610125969504,0.10971450754985736,0.2976271688484661,1.310079329509631,2.316529438642865,1.816627726341417
drag,40,flight_z_mtf,0.21442037030897476,0.2668451106832149,0.13645609310266885,0.36851414307163205,0.04368268048664411,0.05470446472583559,0.05541435867109872,0.0892832917312506,0.4472927447711218,1.3066384227118082,1.8979642879681282
drag,40,square_100cm_mtf,0.42286470467851106,0.9836678915250565,0.12651942603135805,1.078157801271919,0.09527725238651431,0.12085560990276421,0.06895090028445836,0.1686358796855817,1.11284460984865,1.7064815152328872,3.5448174286204694
drag,40,square_120cm_mtf,0.611702105746816,1.0513080818762717,0.12397433605079179,1.2226192314832485,0.09041116613692117,0.13426918136351806,0.07767137463622159,0.1795417346027033,1.5421090310782888,1.5353620184954921,5.527687971080705
drag,40,square_60cm_mtf,0.31747034137987185,0.8183681871942847,0.13406537855273223,0.8879681487497171,0.0944103359610277,0.1231519135979792,0.06255253539208912,0.16730966811005518,1.5360245145527989,0.9108862706961437,4.284405312011362
drag,40,square_80cm_mtf,0.3835804066727233,1.045732869806141,0.13344026960924066,1.1218277358532307,0.0738534270250752,0.09625095182731144,0.052000692753500964,0.1319948728468479,1.7481374829691427,0.873485181324999,2.057461392756186
drag,50,flight_diag_lr_mtf,0.5512923246307141,1.0851469870067398,0.10851111940694796,1.2219827632342002,0.2696691959815551,0.20166720264400348,0.1450740326234067,0.36665734797657223,1.8727285599662042,1.9750913318956662,9.322128442560903
drag,50,flight_diag_rl_mtf,0.800685789587352,1.0524620248696956,0.11003008250890702,1.3269817883064026,0.27147783531673403,0.19627675009442552,0.14685008377857608,0.36577277755686544,1.6277720996578666,2.152866090790009,8.439161143837236
drag,50,flight_sine,0.23558151929419557,0.3181725855025939,0.11176723048470452,0.41136888580517117,0.09356245278835096,0.05715316340001089,0.043958405466924866,0.11812179337275285,0.8768731245321095,1.7412240006263562,1.6974374228239764
drag,50,flight_sine_mtf,1.06624364030152,0.3830523138072377,0.13185441510123147,1.1406095573763197,0.12050490286674981,0.05696923872078803,0.054554644298285083,0.1440247721395988,0.8087209693818733,2.194522088604013,6.832756568719128
drag,50,flight_square,0.6824967568214629,0.9568913969511552,0.11773117838368169,1.1812296978126475,0.07774614514538926,0.13602464832031225,0.050300150929500895,0.16455173417245755,1.4023366292828772,1.5457251045735132,2.37181124674808
drag,50,flight_square_mtf,0.3303159196033103,0.4062872266960026,0.13088525251302247,0.5397303647610603,0.10475588826887067,0.09204175014742813,0.05733595801397574,0.15077430808523742,1.1487287306200549,1.9409841199576692,52.75360849744176
drag,50,flight_x_mtf,0.6056073874949931,0.2724087691020664,0.11462290820389237,0.6738733236724329,0.23882490395901823,0.050913084447080655,0.10455190660891632,0.26563241160391066,0.8947531863923371,2.7417622837300595,1.6321171230589038
drag,50,flight_y_mtf,0.18519244857023248,1.241807461868231,0.12076835107389625,1.261335407407627,0.06516872105936142,0.30268085671021966,0.12008642891425318,0.3320894663079866,1.3289244712831814,2.3459971706921445,1.828161731088772
drag,50,flight_z_mtf,0.19983206010950197,0.24519151479057819,0.13645341608574169,0.34448696047074767,0.04392332701332138,0.05399355856721225,0.05551101800702547,0.08902828844163216,0.4523232956126298,1.3130201077532595,1.900605459098019
drag,50,square_100cm_mtf,0.4577454083738576,0.9615728324896265,0.1264906820331081,1.0724518934249097,0.10601024420406677,0.1370210063829404,0.0733327635207826,0.18812395454060252,1.1447619979582462,1.688958363791521,3.495879567625145
drag,50,square_120cm_mtf,0.6418226429333407,1.0344253732645083,0.12393263396076408,1.2236549577376004,0.10139200121581536,0.1505897254026761,0.0814916252756757,0.19899368908955994,1.582224668801509,1.5173179296857335,5.432193591783547
drag,50,square_60cm_mtf,0.3411107198283349,0.8343723795175612,0.13404713919294028,0.9113190585132155,0.10453950644222558,0.13841333769506486,0.06624893583945579,0.1856762827044222,1.548825523578049,0.8849923064652494,4.171389868494789
drag,50,square_80cm_mtf,0.3852714211312093,1.006831304265516,0.13342617774074075,1.0862531418117811,0.08057381666403178,0.10567882019899354,0.05245608265374661,0.14286984838599398,1.7717809442541912,0.8589837751746351,2.0911616400950592
cop_z,-50,flight_diag_lr_mtf,0.8151859543420894,1.362296088858735,0.10871985584395694,1.5912884028142606,0.114660187079035,0.0946056345370924,0.06458175931825216,0.16207402081705088,1.4869685056914563,1.8631451999376667,6.5143378913652095
cop_z,-50,flight_diag_rl_mtf,0.7745687148961689,0.8747824813116073,0.11024278841379029,1.1736074966115557,0.1022605550485978,0.07812784258808211,0.07008634689265848,0.14653762973063778,1.381809955619642,2.1619608924040854,5.247855659545667
cop_z,-50,flight_sine,0.7496577079619617,0.8807950701293641,0.11175572801990931,1.1620137595640738,0.06779760084595507,0.07024419744599417,0.04764883222224493,0.10863320471864442,0.9225776894949367,1.7242311999716562,1.7379037399324693
cop_z,-50,flight_sine_mtf,0.6744306789084488,0.35172771936020203,0.13195669874324753,0.7719985100778733,0.06810660912073127,0.06095268427605714,0.05397797115066717,0.10614782756101529,0.6917642310167511,2.199489770556454,6.878606542898176
cop_z,-50,flight_square,0.8820581922318899,1.0666077776282554,0.11777715552836723,1.3890825260382584,0.06468375165638665,0.09145313125020424,0.053991438244202855,0.12434925953736016,1.3166850419898146,1.5694720395536326,3.091174836735983
cop_z,-50,flight_square_mtf,0.4267922009536549,0.502951603932491,0.13101311094118145,0.672514932125389,0.0671750414594931,0.061682142227093596,0.04862801983789901,0.10335307048251212,1.531015693810283,2.255481907026514,39.71947075441476
cop_z,-50,flight_x_mtf,0.15150037442369563,0.4717891053621721,0.11480928718048596,0.5086437808642214,0.08871457842229184,0.061702401537454064,0.07767359534577124,0.13308136681772095,0.9695660131841726,3.0619233721683226,1.6611886403411344
cop_z,-50,flight_y_mtf,0.1767670070568563,1.5195548064438589,0.12114367432310003,1.5345908817658773,0.05918390169689214,0.11897934340209923,0.06855716676498454,0.14952893864166877,1.2528066153926192,2.1475414031218256,1.820187039586393
cop_z,-50,flight_z_mtf,0.2873175203994793,0.4066055221311558,0.1364742756759179,0.516240870212076,0.04448482759624187,0.060657596563177124,0.05507797225002676,0.09322996800526769,0.4353680361248244,1.311606871546697,1.883739494740161
cop_z,-50,square_100cm_mtf,0.2746125236329969,1.2269758121023837,0.1266740874463056,1.2636961684086652,0.05708557446102547,0.05679697976356023,0.05584019129549095,0.09799380942551716,1.0042973814286236,1.8802337119804007,3.8871848741484434
cop_z,-50,square_120cm_mtf,0.46688321271163846,1.2547871548395066,0.12420033710387272,1.3445804036943574,0.058380649195515555,0.059875764486433974,0.0673487333252417,0.1073743882582773,1.38213622037756,1.7029341705701604,6.091809337261549
cop_z,-50,square_60cm_mtf,0.23434621746065804,0.7561885480515013,0.13416790455198113,0.8029572195666623,0.05652860312043292,0.06594951342287383,0.05175566505851465,0.10111117721157434,1.5288149215484494,1.176603837339831,5.059431812166174
cop_z,-50,square_80cm_mtf,0.3993485539551434,1.2942121664640542,0.13351834361664303,1.3609891797702791,0.049871016687557404,0.06267724379689277,0.05226132923961082,0.09563891325876075,1.664798301448518,1.0222724179095477,1.9239215758608024
cop_z,-40,flight_diag_lr_mtf,0.8164560996621366,1.363554118950158,0.10872502281768354,1.5930164872242083,0.11495151114382672,0.09470946190204328,0.06459898191665334,0.1623476533636751,1.4858000262961393,1.8636007558299013,6.51652907655516
cop_z,-40,flight_diag_rl_mtf,0.7724322856110638,0.8723650906163234,0.11024776657594632,1.1703961112441132,0.10258577323375433,0.07817774447406235,0.07006892741836859,0.1467830207843525,1.3837474020386438,2.162399312824271,5.248536697424893
cop_z,-40,flight_sine,0.7499380889719722,0.8808980542341107,0.11175504723337668,1.1622726486614534,0.06795195781409262,0.07024149623953958,0.047649371184562646,0.10872809636437909,0.9224547889458076,1.7239482417067762,1.7378622010129223
cop_z,-40,flight_sine_mtf,0.6697697825466122,0.35153301676990273,0.13195739271952248,0.7678409841791588,0.06822087200128535,0.06090491125830569,0.053963512101018726,0.10618642206174311,0.6916552843229997,2.1979993114340894,6.877847814780496
cop_z,-40,flight_square,0.8821274895715442,1.0661691360447498,0.11777678845650923,1.3887897272126304,0.0647784465361531,0.0914605091578967,0.053996059985870606,0.12440597399263707,1.3164473588585706,1.5701751581920707,3.0905128740317016
cop_z,-40,flight_square_mtf,0.42689401874575095,0.5030209893668126,0.13101278432497526,0.6726313764916465,0.06728248322904423,0.06169610849204656,0.048620283031890324,0.10342762819783755,1.5312614939824367,2.255583419517847,39.71984000838205
cop_z,-40,flight_x_mtf,0.15167276463271703,0.47197264821771345,0.11481239597322773,0.5088660869679629,0.08894625206658005,0.06167926039411895,0.07765880432845874,0.13321657858233324,0.9694708629088901,3.061847555062561,1.6605842422148511
cop_z,-40,flight_y_mtf,0.1767330452956565,1.5196230182594763,0.12114406447965884,1.5346545446067559,0.059189138260702975,0.1190801868194369,0.06854342404682982,0.14960496636495774,1.2536357196504964,2.147416773042251,1.820717844641535
cop_z,-40,flight_z_mtf,0.28750656081060316,0.4064335374338597,0.13647341728957765,0.5162104575527668,0.04448231797240887,0.06068249126373772,0.055081372909968326,0.0932469785023573,0.43488732598285085,1.310541009265506,1.8837623449788954
cop_z,-40,square_100cm_mtf,0.2739243118023403,1.22860505349102,0.12667440415657324,1.2651289699981108,0.057165703312643104,0.056831185464884006,0.05580882217208796,0.0980424699240534,1.0036924827894553,1.8790984465950382,3.8873455459888695
cop_z,-40,square_120cm_mtf,0.4653051245528144,1.2560315155089579,0.12420036604596808,1.345195063108987,0.05840844184885834,0.05982601909297778,0.06731127645546817,0.10733828104543724,1.3809967764137883,1.7036165097280342,6.099421447650993
cop_z,-40,square_60cm_mtf,0.23389216583710293,0.7568060358441346,0.1341681793553202,0.8034065107289122,0.056587053454029146,0.0659829879822448,0.05174601060937678,0.10116075788397372,1.5285340440671757,1.1763606095285872,5.054301024525305
cop_z,-40,square_80cm_mtf,0.3989694586235985,1.2948125895410483,0.13351824378068225,1.3614490046897385,0.04989666491488825,0.06267471940861262,0.052254047259368365,0.09564665743015417,1.6644207395309611,1.022186279330769,1.9255114617956637
cop_z,-30,flight_diag_lr_mtf,0.8170372223166628,1.3642367485225984,0.10873079198562025,1.593899028733081,0.11524322570406142,0.09482197145099978,0.06461319904871442,0.16262556020453936,1.4849641087457495,1.8638316892977456,6.519959374527512
cop_z,-30,flight_diag_rl_mtf,0.7697839333088171,0.8695456464971766,0.11025426341642373,1.1665474434947274,0.10292131057404252,0.07822864685838546,0.07005062791805963,0.14703607663184887,1.3854158658616296,2.1625998279600664,5.248354970511815
cop_z,-30,flight_sine,0.750215887415227,0.8810006469047618,0.11175436717600004,1.1625295936705153,0.06810749264596794,0.07023917407058253,0.047649930543069,0.10882411501775455,0.9223314145664743,1.7236663037310846,1.7378200110421327
cop_z,-30,flight_sine_mtf,0.6651412153832542,0.35141396333433966,0.1319580856903542,0.7637522807867247,0.06833699505888173,0.0608616796040799,0.053949087780994484,0.10622896502512275,0.6916281282631087,2.1963717408950854,6.875053223912765
cop_z,-30,flight_square,0.8824809383811532,1.0659923482349791,0.11777638749642612,1.3888785298050057,0.06488247999063716,0.09146885588874418,0.05400368014978048,0.12446961587894083,1.316332138025809,1.5705279879873306,3.0899176630373892
cop_z,-30,flight_square_mtf,0.427147293942632,0.5033595991862587,0.13101251280806153,0.6730452996104697,0.0673954343293269,0.0617063948918526,0.048611583611520785,0.10350318739153759,1.531526781486979,2.256112808143805,39.78386861789479
cop_z,-30,flight_x_mtf,0.15184689456066391,0.47215523348552885,0.1148155077478202,0.5090880520252674,0.08918024240430578,0.06165649110494628,0.07764416540576798,0.13335387115574604,0.9693751501644199,3.061771998528622,1.6599813668344094
cop_z,-30,flight_y_mtf,0.1766635900792527,1.5199354168756396,0.12114446309812535,1.5349559200419887,0.059192359568678576,0.11920033292021129,0.06853155900963313,0.1496964574727397,1.253442136320091,2.147473971096924,1.8221601298842955
cop_z,-30,flight_z_mtf,0.2875400753462366,0.4062808379773951,0.13647254044757104,0.5161086789949842,0.04449595816533883,0.060692025085117784,0.05508522206297942,0.0932619637993534,0.4348274441459548,1.3084954999988212,1.883589649962793
cop_z,-30,square_100cm_mtf,0.273025967432727,1.2297188395637368,0.1266744902056753,1.2660165993143329,0.05721185206141273,0.056866155971489744,0.055781180501296934,0.09807393032498006,1.001864635935612,1.8805812021460802,3.885300532396951
cop_z,-30,square_120cm_mtf,0.46373124146569883,1.257274931408941,0.124200395273732,1.3458130091683715,0.05843903601567814,0.05977841921486645,0.06727397477258328,0.10730502325600703,1.3798607947896948,1.704301919697652,6.107035516991913
cop_z,-30,square_60cm_mtf,0.2335827676021076,0.7574666721564413,0.1341685225108105,0.8039389660796071,0.05664814115362425,0.066016279269093,0.05173553062912936,0.10121129459785305,1.5279722995199883,1.176117939042234,5.051653729785487
cop_z,-30,square_80cm_mtf,0.3985921672778634,1.2956517811927362,0.13351812670350163,1.362136683333059,0.0499246093306502,0.06265676583227112,0.05224844000628607,0.09564641344278717,1.664455238121795,1.0221003214337236,1.927573892619209
cop_z,-20,flight_diag_lr_mtf,0.8182657207286975,1.3655014688936715,0.10873598123126786,1.5956116585450095,0.11554189084358556,0.09493374914719133,0.06463258429174192,0.16291014768602358,1.483441805932734,1.8642417083443827,6.521314889643192
cop_z,-20,flight_diag_rl_mtf,0.7674694705066848,0.8669675018652253,0.11025967588698678,1.1630989784093801,0.10325563987506704,0.07828984561574248,0.07003681721312566,0.14729624183220394,1.3869544539110568,2.1629278478064715,5.248708002039193
cop_z,-20,flight_sine,0.7504911014330932,0.8811028472468033,0.1117536878480687,1.162784592048039,0.06826419698558399,0.07023723091622679,0.047650510288017076,0.1089212574641626,0.9222075667138746,1.72338538483094,1.7377771696873134
cop_z,-20,flight_sine_mtf,0.6605402680972117,0.3508609951242728,0.13195880580717995,0.7594932587637551,0.06845657757675905,0.060811278447731265,0.05393539362205881,0.10627013355189104,0.6916821134369959,2.194756417383703,6.872605434863162
cop_z,-20,flight_square,0.8828339906312013,1.0658150287048394,0.11777598692794691,1.3889667791289182,0.06498726220997111,0.09147788170616489,0.05401134348904747,0.12453422146738023,1.3162186362644765,1.5708808346222611,3.089315297385803
cop_z,-20,flight_square_mtf,0.4270250519565143,0.5033698839283591,0.131012233238299,0.6729753638154965,0.06751046207368418,0.061732690913005255,0.04860393403152242,0.10359020233643515,1.5319059114231601,2.2558874535238678,39.78422253117647
cop_z,-20,flight_x_mtf,0.151968820252251,0.4718834162897724,0.1148196102098574,0.5088732885374425,0.08940321177068451,0.061575865255609645,0.07766766813975642,0.13347954199486223,0.9678265310644317,3.06311826547707,1.6581155343866592
cop_z,-20,flight_y_mtf,0.17667411314674789,1.520318074356901,0.12114500282362926,1.53533608737032,0.059195814949310734,0.11933535021057196,0.06851909442936541,0.14979965493556113,1.2530772747651813,2.1477223029603474,1.8242743781421547
cop_z,-20,flight_z_mtf,0.28769319534177545,0.40627951336860935,0.13647170493670865,0.5161927390784639,0.04448495901357529,0.0606969746189276,0.05508810857372748,0.09326164277215473,0.43482902147495084,1.3079029818041457,1.8835008670539912
cop_z,-20,square_100cm_mtf,0.2720436484230246,1.2310896613776783,0.1266742402037957,1.2671368766354825,0.057275526901731724,0.056894831863499036,0.055750232086833815,0.09811012308820458,1.0011744466621548,1.880390703728321,3.8833689154370523
cop_z,-20,square_120cm_mtf,0.46187559797840194,1.259075994711609,0.12419990906961657,1.3468582129830278,0.0584863998407996,0.05972553571732454,0.06723249279664016,0.10727537774675774,1.3779909596858397,1.7045435312264936,6.115124663695394
cop_z,-20,square_60cm_mtf,0.23324330748469665,0.758115970890073,0.13416885457590128,0.8044523275764749,0.0567117665537963,0.06605367589700548,0.051726240280828166,0.10126656160228262,1.5282553409168123,1.1759303151379021,5.0517519920308205
cop_z,-20,square_80cm_mtf,0.3982128199426541,1.2962487076482383,0.13351802744455127,1.3625935658512016,0.04995460278873942,0.06265687376097173,0.05224124993707185,0.09565821639705964,1.6640816082881196,1.02201711865447,1.9291696079208045
cop_z,-10,flight_diag_lr_mtf,0.8196734881274267,1.3666204884743203,0.10874187847442301,1.597291765079542,0.11583088357068543,0.09499810110776255,0.06465631249675657,0.16316210205965292,1.4815285839335062,1.8648168467284036,6.5211995050769485
cop_z,-10,flight_diag_rl_mtf,0.765275488120538,0.864274605500244,0.11026666640991259,1.1596447318691552,0.10358086183888741,0.07834054540602145,0.07001404478088809,0.14754051125158743,1.3887307264584854,2.1630992015545356,5.247931572473212
cop_z,-10,flight_sine,0.7507637291884554,0.8812046543703226,0.1117530092498687,1.1630376412761871,0.06842206249313786,0.07023566674760842,0.04765111040958662,0.10901952046566056,0.9220832457479448,1.7231054837938697,1.7377336766166438
cop_z,-10,flight_sine_mtf,0.6554375446211774,0.3510397525903584,0.1319594889990519,0.7551427610290844,0.06858797761910916,0.06076850060008883,0.05392164297645364,0.10632339780284746,0.69171688967904,2.1933792411672948,6.8694414109082
cop_z,-10,flight_square,0.8831866460718759,1.0656371762985952,0.11777558675096811,1.3890544741455848,0.06509278944266388,0.09148758595549603,0.054019049957433514,0.12459978884289871,1.3161068504598201,1.5712336963265858,3.088705776002708
cop_z,-10,flight_square_mtf,0.4271102194488602,0.5033952929295442,0.13101192303545658,0.6730483522591252,0.06762066400609801,0.06176474137050277,0.04859595813531279,0.10367740652755435,1.5320753811717052,2.2556258420520208,39.80716565159478
cop_z,-10,flight_x_mtf,0.1521427965083038,0.472111410783261,0.11482183698814305,0.5091371808957385,0.08963077074942395,0.0615514027235378,0.07761482135689499,0.13359008472425507,0.9680027097502976,3.061909463539627,1.6605003894124912
cop_z,-10,flight_y_mtf,0.17660033803739902,1.5206214340074486,0.12114540130021437,1.5356280256670176,0.05920207548173571,0.11945897647712393,0.06850768706399445,0.1498954168384256,1.252887024431124,2.1477685212724618,1.825727368182107
cop_z,-10,flight_z_mtf,0.2878460198339444,0.4062780760416996,0.13647086941751657,0.516276577433028,0.04447511954422727,0.06070232811131843,0.0550909978233521,0.09326214096716873,0.4348311954314655,1.307311235993632,1.8834120843765187
cop_z,-10,square_100cm_mtf,0.27129512490797314,1.2321818606789086,0.12667442287901248,1.2680376934447575,0.05733423492593453,0.05693411738076282,0.05572033917558483,0.09815021352147403,0.9999521207102208,1.8806902375382637,3.8840608003627795
cop_z,-10,square_120cm_mtf,0.46034057709582826,1.2603844768604888,0.12419972785015705,1.3475563249192448,0.05851191979113281,0.0596815745224256,0.06719470617299945,0.1072411471068616,1.3768449521503594,1.7050676748447804,6.121418004983911
cop_z,-10,square_60cm_mtf,0.23284563505664493,0.7587622381298221,0.13416924469286465,0.8049463398253096,0.05677732148625397,0.06611677727625859,0.05171637381877491,0.10133940888674597,1.5286753585209991,1.175109047155744,5.0483312194018595
cop_z,-10,square_80cm_mtf,0.3978306250102593,1.2968794864513977,0.1335179272591367,1.3630820391576108,0.04998679177395535,0.06265154734390199,0.05223405060836189,0.09566761092132946,1.6638888187745393,1.0217947293642198,1.9305201728104624
cop_z,0,flight_diag_lr_mtf,0.8214769217858267,1.3682104159318327,0.10874725798803526,1.5995780823113925,0.116140329674607,0.09510277778824625,0.06468270301102276,0.16345325505715422,1.4803309572823788,1.8656362130081423,6.5249754629790235
cop_z,0,flight_diag_rl_mtf,0.7632273427188726,0.8621151440562128,0.11027196344807572,1.156684228390562,0.1039252637965803,0.07840008349146414,0.06999651807140593,0.14780577150022933,1.3904902030253985,2.1635045307919256,5.24945885241403
cop_z,0,flight_sine,0.751161569853435,0.8811992149722941,0.11175233029030311,1.16329030934577,0.06857046153125575,0.07017669093967258,0.047650532606291034,0.10907451307943095,0.9210913308761424,1.7224004242987783,1.7398257938927262
cop_z,0,flight_sine_mtf,0.6506185811169537,0.35124318229905177,0.13196018191934497,0.751059119389672,0.0687313045429696,0.060709234592200394,0.053907250828042624,0.1063747859259268,0.6915884487952598,2.1923207603768278,6.869547117029069
cop_z,0,flight_square,0.8835389044562593,1.0654587898816028,0.117775186965384,1.3891416138351291,0.06519905793586203,0.09149796796786952,0.054026799508583884,0.12466631607260195,1.3159967775011205,1.571586571332296,3.088089097853067
cop_z,0,flight_square_mtf,0.4273588340831796,0.503100536645539,0.1310116645251559,0.672985719970057,0.06772612106335774,0.061771549133233336,0.04858717548951313,0.10374615838023495,1.5325082867492144,2.2559046806712746,39.799742248969565
cop_z,0,flight_x_mtf,0.15231482014404812,0.4722557382381133,0.11482492111856102,0.509323128518844,0.0898676044986813,0.06152619322901248,0.07760010015384469,0.13372895847748129,0.9679943361468296,3.0616181608043775,1.6595481144785063
cop_z,0,flight_y_mtf,0.17651414275023616,1.5208788146322219,0.12114587967680943,1.5358730206467692,0.059217365100458316,0.11959420365999987,0.06849843697143868,0.15000501906949867,1.2518683842359908,2.1483696165098918,1.8284919096737142
cop_z,0,flight_z_mtf,0.28799854883277726,0.4062765262480198,0.1364700338900651,0.5163601941086271,0.04446644050394238,0.060708085439230376,0.05509388981130066,0.09326345834959843,0.43483396541785185,1.3067202637166475,1.8833233019945994
cop_z,0,square_100cm_mtf,0.27054903125780705,1.2334871065317476,0.12667461353965076,1.2691468307528568,0.05739688869342691,0.05697069788534803,0.05569226842111994,0.0981921178665544,0.9990711482598662,1.880681086575883,3.8840271634526142
cop_z,0,square_120cm_mtf,0.4584040324929146,1.2613643222402495,0.12419974200244109,1.347812964153351,0.058531208749380455,0.059646219708917876,0.06715764546019475,0.1072087835346772,1.376098265341265,1.7061406218280024,6.1285676746871705
cop_z,0,square_60cm_mtf,0.23253696636522497,0.7594211857491169,0.13416958872075727,0.8054784023351798,0.056845216021863675,0.06615463744300765,0.05170631485170435,0.10139702971651447,1.528123106649875,1.1748687197004342,5.045731994775048
cop_z,0,square_80cm_mtf,0.3974511254701717,1.2974731885695825,0.1335178285626028,1.3635362418133588,0.050021104309771705,0.06265427376714477,0.052226957510985876,0.0956834572353639,1.6635191735219614,1.0217169756108304,1.9321210891320544
cop_z,10,flight_diag_lr_mtf,0.8227407709156169,1.3694892322957193,0.10875244783129283,1.601321400721929,0.11644715311652053,0.09521597032682828,0.06470407077509972,0.16374564803099634,1.4791869614643145,1.8661012799263272,6.527157778823769
cop_z,10,flight_diag_rl_mtf,0.7609602742206775,0.8596545549261547,0.11027775795408312,1.1533549655880766,0.10426922508350622,0.07845841148965134,0.06997801659811255,0.14806997143242803,1.3921120170104981,2.1637986521505104,5.250138212363476
cop_z,10,flight_sine,0.7514285237288589,0.8813059577468603,0.1117516536966942,1.163543488459881,0.06873066265618787,0.07017607453939287,0.047651161804704925,0.10917517413888238,0.9209695453672873,1.7221260038530328,1.7397746287895328
cop_z,10,flight_sine_mtf,0.6460933259798047,0.35114628603019366,0.13196087973485565,0.747097031080195,0.06886796151044514,0.06066834290068215,0.053893235039320274,0.10643272398995678,0.6915638446714663,2.1907202530457095,6.866860131798004
cop_z,10,flight_square,0.8838907655402856,1.0652798683402087,0.11777478757108649,1.3892281971964644,0.06530606393579265,0.09150902706027517,0.05403459209602809,0.12473380120596081,1.3158884142816705,1.571939457873857,3.0874652619406184
cop_z,10,flight_square_mtf,0.42746280317883956,0.5032151649306181,0.1310113458173588,0.6731373730900224,0.0678401879635977,0.06178743770838444,0.04857957002061844,0.10382655337095575,1.532793034038376,2.256016971263984,39.80652079486967
cop_z,10,flight_x_mtf,0.15247975094555297,0.47267247251444716,0.1148272154699776,0.5097593845471875,0.09009273197485027,0.061499550400575996,0.07756655802748279,0.13384866819806632,0.9674349261279723,3.061235090398611,1.6584196083146618
cop_z,10,flight_y_mtf,0.1764592347980517,1.5212704511893749,0.12114683953717449,1.5362546025764363,0.059229192353904725,0.11970684640416109,0.06848352188376444,0.15009270159647772,1.2516524155014768,2.1487470660752335,1.8295903949028998
cop_z,10,flight_z_mtf,0.28814840575193046,0.40644104580518386,0.13646920293916612,0.5165730062667251,0.04445874155848342,0.060694526795235064,0.055096504154703504,0.09325250695788714,0.4348686119391767,1.3061784836651154,1.8832840552376582
cop_z,10,square_100cm_mtf,0.2696251530324799,1.2347017491116288,0.12667477927976453,1.270130950773455,0.057434486032592554,0.057007003944608156,0.055664781238392774,0.09821958335732628,0.9980286771906298,1.8809974210150058,3.883945669037009
cop_z,10,square_120cm_mtf,0.4568580044864837,1.2626113464405644,0.12419977484271336,1.3484554988930142,0.058573046327719834,0.05960710467258751,0.06712098448588973,0.10718691730763166,1.374958946850118,1.7068428110773375,6.136189521912493
cop_z,10,square_60cm_mtf,0.2322285515750588,0.760079538779768,0.1341699330299678,0.8060102830408434,0.05691534541176299,0.06619408455532202,0.05169639733269736,0.10145703953219574,1.5275735207134429,1.1746309727331412,5.0431398640486185
cop_z,10,square_80cm_mtf,0.3971274048242252,1.2981223190326925,0.13351772808148651,1.364059644790242,0.05005934671755995,0.06266638078546122,0.05222092242637006,0.09570808854845166,1.664122778920696,1.0214366342718728,1.934626599923488
cop_z,20,flight_diag_lr_mtf,0.824117810338396,1.3708797680054885,0.10875795194502466,1.6032185739177958,0.11675347663579275,0.09533132856374345,0.06471828158394459,0.16403625356442322,1.4783445729031937,1.866039277979891,6.5297628703641815
cop_z,20,flight_diag_rl_mtf,0.7581886582254291,0.8570013241070277,0.11028325011755914,1.1495493491970528,0.10462286183210255,0.07851676800425096,0.06995703275794884,0.14834019181620778,1.3931184368139675,2.1642064326414374,5.25060125430606
cop_z,20,flight_sine,0.751692886806946,0.8814123018153169,0.11175097783377057,1.1637947082343774,0.0688919998373175,0.07017583732882125,0.0476518113547483,0.10927694592993828,0.9208472863108539,1.721852595405944,1.7397228197941605
cop_z,20,flight_sine_mtf,0.6415921655802469,0.35105442828995403,0.13196157877007259,0.7431645691416051,0.06900968461841857,0.06062805116587721,0.053879321524291895,0.10649449961018571,0.691540018453549,2.189126410264455,6.8641943159922985
cop_z,20,flight_square,0.884343837245912,1.0654306790959418,0.11777417942594866,1.3896320778440312,0.06541807953053766,0.09152489970949111,0.05403629164665047,0.12480486052721675,1.3157495926814486,1.5711812674853154,3.089720052133523
cop_z,20,flight_square_mtf,0.42742695645230266,0.5033043318009534,0.1310110391370413,0.6731812132609244,0.06795309018143969,0.06184686967647362,0.04857208799981935,0.10393221582670016,1.532677268438915,2.255571794558605,39.806866718790694
cop_z,20,flight_x_mtf,0.15266252148482137,0.47285065304879675,0.11483031113720239,0.5099799857941916,0.09033818506985908,0.06147864485284369,0.07755195999501693,0.1339959624530788,0.9673361609138879,3.0611416646117844,1.6578600006830067
cop_z,20,flight_y_mtf,0.1763828034140108,1.5215892116864154,0.12114666152757843,1.5365614651096617,0.05924211405358419,0.11986079011740447,0.06847836122846854,0.1502182513599562,1.2505124248039439,2.1489763064912997,1.8309474504689138
cop_z,20,flight_z_mtf,0.28835794471230414,0.40645380549671967,0.13646836961178657,0.5166997350357059,0.04445916217897871,0.06067672192018993,0.055099016120936366,0.0932426043294158,0.4353633006309024,1.3052990265815119,1.8833865937082943
cop_z,20,square_100cm_mtf,0.26888140820375694,1.2360058282050652,0.12667497028828756,1.2712411915651818,0.05750258847305768,0.05704757623260734,0.055637062442090615,0.09826726999516197,0.9971535483763126,1.880993438995956,3.883918070426677
cop_z,20,square_120cm_mtf,0.45499316022040814,1.2636326907229947,0.1241999665929769,1.3487816667692685,0.05859976297754811,0.05959418824492566,0.06708553470163259,0.10717214404779073,1.3764800032618947,1.7080198872172894,6.145173293318703
cop_z,20,square_60cm_mtf,0.23192049820902158,0.7607498661758614,0.1341702753888242,0.8065538662569443,0.05698767991654997,0.06623296619685773,0.05168655829115404,0.10151798747754072,1.5270972323659275,1.1743870186772065,5.04063317808213
cop_z,20,square_80cm_mtf,0.3967476946828957,1.2987133720435342,0.13351762992798047,1.3645116758248956,0.05009795233283549,0.06267161289628943,0.052213929250130506,0.09572789718103622,1.6637623839126316,1.0213634820497155,1.936236589188959
cop_z,30,flight_diag_lr_mtf,0.8256261559999486,1.3721374840416654,0.10876281555334703,1.6050698348142158,0.1170693617660014,0.0954494177772078,0.06474597931069363,0.16434070906262888,1.4769454617494349,1.8663152051034844,6.531211336274246
cop_z,30,flight_diag_rl_mtf,0.7554048839506552,0.8542926202589448,0.11028871608148569,1.1456945581699771,0.10498024417797566,0.07857515678913592,0.06993717080611263,0.148613979128708,1.3941202241498587,2.1644380918110446,5.251415359104614
cop_z,30,flight_sine,0.7517695103273779,0.881392911116522,0.11175031210444719,1.1638294517152261,0.06905773599598095,0.0701764734601858,0.04765244136297416,0.10938219003133214,0.920346263387116,1.7217090086375881,1.7379187740393975
cop_z,30,flight_sine_mtf,0.6370659441440566,0.3503730250512605,0.13196228292232248,0.7389372896165144,0.06915574675577424,0.060589815222259404,0.053865523322773515,0.10656048808471447,0.6915363915548419,2.1875161391463926,6.860225625057329
cop_z,30,flight_square,0.8846384327890989,1.0656200070133988,0.11777385848645364,1.3899646894283237,0.0655212368878857,0.09154092931331158,0.054042963264222435,0.12487360049762815,1.316464761209488,1.5717072748303642,3.0887472121685686
cop_z,30,flight_square_mtf,0.4275107320329289,0.5035858328560799,0.1310107091596781,0.6734448180595083,0.06807541510018167,0.06183652270024837,0.04856317948028708,0.10400192345315037,1.5329951926614227,2.256282052929671,39.807223895305604
cop_z,30,flight_x_mtf,0.1528469967363045,0.4730278690107997,0.11483340981065958,0.510200236457167,0.09058584315755534,0.06145811361111187,0.0775375150010981,0.1341452978741598,0.9672368329661757,3.061048510636714,1.657302035585567
cop_z,30,flight_y_mtf,0.17629882335192665,1.5221044111537751,0.12114654396126522,1.537062002224638,0.05925506740388964,0.12002883039090509,0.068472883956682,0.15035497655679178,1.2500181053955028,2.14907312429783,1.8323076085103975
cop_z,30,flight_z_mtf,0.28850887650942786,0.40645246368014215,0.1364675342541454,0.5167827057495209,0.04445386207720804,0.06068356823136337,0.05510190982207531,0.09324624267449112,0.4353654236945222,1.3047160199834495,1.8832964431441241
cop_z,30,square_100cm_mtf,0.26820429660036094,1.2371457610477865,0.12667502757343255,1.2722066425719254,0.05757335423243261,0.057106553258557825,0.0556160725339116,0.09833105850514873,0.9960412772100248,1.8809861082590993,3.8853484299585586
cop_z,30,square_120cm_mtf,0.45345798351340866,1.2648843291933733,0.1241999994922338,1.3494377158375588,0.058647266601312496,0.05955877983169454,0.0670491805049295,0.10715569392817308,1.3753383058570623,1.7087271828179489,6.152818413378557
cop_z,30,square_60cm_mtf,0.23161259217168587,0.7614069981308119,0.13417062025743046,0.8070853517412675,0.057062253313273636,0.06627557766606695,0.05167692403951366,0.10158276146248804,1.5265529533273676,1.1741544566075353,5.038055276900972
cop_z,30,square_80cm_mtf,0.3963678817339395,1.2993028879641961,0.13351753204252323,1.364962425748444,0.05013870272363656,0.06267812852237879,0.05220698451269181,0.09574970776866881,1.663404515217793,1.0212921365021705,1.9378490461503055
cop_z,40,flight_diag_lr_mtf,0.8269074042957789,1.3734338940632655,0.10876801037948627,1.6068375763352314,0.11738518569076777,0.09556717747978007,0.06476974299221065,0.16464351441336775,1.4757958418861359,1.8667886091901325,6.533340483995726
cop_z,40,flight_diag_rl_mtf,0.7537011143875757,0.8522093434779769,0.11029439996970984,1.1430183680085444,0.1053269740103275,0.0786513119564196,0.06991992792381281,0.1488912242125419,1.3955881172552274,2.16450123209078,5.250279484540828
cop_z,40,flight_sine,0.7518132930978663,0.882398022583134,0.11174966933190114,1.1646190306418114,0.06921133959261773,0.07015589146506207,0.04765031299812462,0.10946511300081624,0.9199650605561059,1.7212893284989852,1.738010323873895
cop_z,40,flight_sine_mtf,0.6320639664337271,0.3505735060827192,0.1319629553714678,0.7347250250409592,0.06931333150709962,0.060554117696121595,0.053852460896897755,0.10663595378304982,0.6915998739636853,2.186195752591102,6.8635768994201705
cop_z,40,flight_square,0.8848989471490895,1.0648745321890023,0.11777348974374924,1.3895591066438069,0.06562980666506414,0.0915658898678019,0.05405327324614093,0.12495335153087371,1.3161999855610458,1.5723974293558598,3.088658461372319
cop_z,40,flight_square_mtf,0.42760063132824044,0.5036589051433351,0.13101038764635978,0.6735564670565805,0.06819317306637625,0.061858452022178906,0.04855606558161286,0.1040887527267324,1.533246007129963,2.2563900569821116,39.80757709094819
cop_z,40,flight_x_mtf,0.15303317037024594,0.47320411977414,0.11483651148924112,0.5104201353549896,0.09083568725601715,0.061437956944299064,0.07752322322938661,0.13429666701983267,0.9671369411053065,3.0609556308068853,1.656745714737446
cop_z,40,flight_y_mtf,0.17618549114841234,1.5221874203015555,0.1211468258662438,1.5371312316236951,0.05926410904702848,0.12016298983607528,0.06846335086343476,0.1504613211391306,1.2491677118829374,2.1495621996980634,1.8331459761150264
cop_z,40,flight_z_mtf,0.2886595133241298,0.40645100916021515,0.13646669888873092,0.5168654538518398,0.04444972385607676,0.06069081810457792,0.055104806247802465,0.09325069986167553,0.435368140295715,1.3041337885116262,1.8832062930608002
cop_z,40,square_100cm_mtf,0.26746146987305947,1.2385557453211646,0.12667522414776816,1.2734216051832992,0.05764688709811688,0.05715454914691659,0.05558863836414763,0.0983864970179868,0.995011603915013,1.8810202600106443,3.8851748987793715
cop_z,40,square_120cm_mtf,0.45208218128092403,1.2659186223246055,0.124200231689163,1.34994590800209,0.058697096971538194,0.059526043761783796,0.06701134006935348,0.10714111618191448,1.373718061231488,1.7094382531330818,6.1600532261322
cop_z,40,square_60cm_mtf,0.23129255032418666,0.7620741405794803,0.13417097462782307,0.807623111363215,0.057133833273335176,0.066335872562153,0.05166737650166977,0.10165746744658141,1.5265101654762923,1.1742013481017823,5.034445326410984
cop_z,40,square_80cm_mtf,0.3959879664767894,1.2998908630614316,0.13351743442478772,1.365411890515237,0.050181592632262045,0.06268592642315278,0.052200088230693574,0.09577351837502585,1.6630491728781251,1.021222597684277,1.9394639718433204
cop_z,50,flight_diag_lr_mtf,0.8281107807330081,1.3749039854366392,0.10877304849932,1.6087137751681067,0.11770368121511003,0.09571353552820532,0.06478722971235534,0.16496248842903274,1.4744623871607592,1.8673766882815543,6.5357984433959695
cop_z,50,flight_diag_rl_mtf,0.7514028547789455,0.8498308700346814,0.11030044980794601,1.1397302080149003,0.10568392534718252,0.07870953842437726,0.06990900835762015,0.149169544362491,1.39722752090313,2.165018925046778,5.25174605522129
cop_z,50,flight_sine,0.7520698767834464,0.8825076397206487,0.11174899587959869,1.164867662788558,0.06937600079640206,0.07015669279061316,0.047651007415484496,0.10957011242820468,0.9198407928254516,1.7210184120036747,1.7379579180449714
cop_z,50,flight_sine_mtf,0.6271234891437607,0.3509170663447787,0.13196380714123163,0.7306443077743633,0.06947631004522475,0.06050708402567033,0.05384228511679591,0.10671015200714536,0.691369358348433,2.18516525921152,6.863121997121874
cop_z,50,flight_square,0.8851600917837675,1.0645892848883916,0.11777314138525287,1.3895068356858038,0.06572992163666323,0.09158207851405677,0.05405963626248285,0.12502057421140209,1.3159407001659913,1.572820186186979,3.088039423230226
cop_z,50,flight_square_mtf,0.42769012830851333,0.5037326118406629,0.13101006640444732,0.6736683364858899,0.06831218381161867,0.06188125908066303,0.048549035798520546,0.10417702990336472,1.5334979068848071,2.2564992634782017,39.8079320981634
cop_z,50,flight_x_mtf,0.15323262241743055,0.47337588099562533,0.11483921556383885,0.510639801340069,0.09109150619301468,0.06141086477418469,0.07754430065728563,0.13446960763404026,0.9668286756359252,3.0618141743875427,1.656470287872923
cop_z,50,flight_y_mtf,0.17614111776512795,1.5224472871075327,0.12114717179979273,1.5373835151398376,0.059279767069775266,0.12030680061949593,0.06845370874496677,0.1505779774737551,1.2489499194839286,2.1495882919779703,1.8357075875599633
cop_z,50,flight_z_mtf,0.28880985517805136,0.4064494421854867,0.1364658635156124,0.5169479794001733,0.0444467478165628,0.06069847137921629,0.055107705397561296,0.09325597575183628,0.43537144983761283,1.303552333294396,1.8831161435206774
cop_z,50,square_100cm_mtf,0.26671834078084505,1.239863274022742,0.12667542090062084,1.2745376706239913,0.05772303385586898,0.05720028238112073,0.055561178297420716,0.09844219357472446,0.9941553455200917,1.8810227804719186,3.885098507889614
cop_z,50,square_120cm_mtf,0.45052428578763637,1.268053070998456,0.124200261708679,1.351427551873048,0.05876305279146388,0.059523652339545444,0.06698048674538101,0.10715664779125748,1.373901134457412,1.709608255181745,6.169834666210085
cop_z,50,square_60cm_mtf,0.2309850006488085,0.7627303732237071,0.13417132014175806,0.8081544629037741,0.05721281047528258,0.06638172745163982,0.051658025207251365,0.10172704158805275,1.52597558728598,1.173974862813251,5.031885260447526
cop_z,50,square_80cm_mtf,0.3956079494124028,1.3004772936291416,0.13351733707444524,1.3658600661058635,0.05022661654488704,0.062695005281442,0.05219324042075317,0.09579932694129799,1.6626963569342883,1.0211548656378944,1.9410813673041614
flowdeck_pos_z,-50,flight_diag_lr_mtf,0.7955023358102816,1.3380455183846331,0.10872079915864588,1.5604518537008791,0.11779746939962711,0.09394756879046373,0.06432034540542804,0.16382764208664108,1.4881616389773222,1.8547321037031017,6.515289744902483
flowdeck_pos_z,-50,flight_diag_rl_mtf,0.7637472545336542,0.8695224510622722,0.11022655764071959,1.1625528184639007,0.10611595612899538,0.07677497332568185,0.06965282903267488,0.1483459108522546,1.3431362200252042,2.1488358852095644,5.280056734712251
flowdeck_pos_z,-50,flight_sine,0.7644569034010426,0.8798603003392912,0.11175329520310615,1.1709130216456776,0.06901745066591829,0.07033035536225007,0.04766124215301313,0.10945940519375665,0.9248816312608914,1.7228056232191429,1.727353836967833
flowdeck_pos_z,-50,flight_sine_mtf,0.6161467973086545,0.3506231684553894,0.13198995360553367,0.7211066702951786,0.06901383869325661,0.06023468311968315,0.053579925740755006,0.10612226639161221,0.6858916518590908,2.1764971788614265,6.8566595049609935
flowdeck_pos_z,-50,flight_square,0.8882080445596505,1.0647208549277396,0.1177805269810124,1.39155175321454,0.065345846359822,0.09186715847886608,0.05395378335883718,0.12498265952601142,1.314223291730969,1.5742502248055272,3.1221805140404144
flowdeck_pos_z,-50,flight_square_mtf,0.4301538765883588,0.5178684632077931,0.13104450029918752,0.6858518526532229,0.06719881687674048,0.06183448949874997,0.04835666262534347,0.1033322403776576,1.5226481424903235,2.243548169923043,40.61166288053401
flowdeck_pos_z,-50,flight_x_mtf,0.1521104346035496,0.4321912549046849,0.11485285966232724,0.47235372815717386,0.09089875666915287,0.05978855656505993,0.0766655851669315,0.1330972103731677,0.92677283047775,3.0525847845264606,1.671412910160102
flowdeck_pos_z,-50,flight_y_mtf,0.16860022628416294,1.5085057104170423,0.1211748601138575,1.5227274415953465,0.05912320261912644,0.11918763975665492,0.0684925387949514,0.14964115219177626,1.2520755495074516,2.142151158135111,1.8389534271708354
flowdeck_pos_z,-50,flight_z_mtf,0.28625490236204276,0.37047959900589406,0.13651330470637982,0.48768113021494647,0.04392381500761128,0.057234559629685516,0.054865969969583143,0.09063868380294411,0.422882055802854,1.3165243373733584,1.8820739862843026
flowdeck_pos_z,-50,square_100cm_mtf,0.2604000158186991,1.2453238039961534,0.12670392422960486,1.2785513010642202,0.057320452798230025,0.055373361720670596,0.0554417772172683,0.09708570522096213,0.9805062981438493,1.875584601345121,3.857981794980062
flowdeck_pos_z,-50,square_120cm_mtf,0.45683121328827253,1.261825370338493,0.12421222855346996,1.3477116532799327,0.05838231851184485,0.0594694732685827,0.06695808084071961,0.10690415312574865,1.3762891292354382,1.7036307116099878,6.104906982980471
flowdeck_pos_z,-50,square_60cm_mtf,0.22610567875829876,0.7485683921549461,0.13420203221812538,0.7934031769230995,0.05720577196882303,0.06587596329345421,0.051546642764754076,0.10133705771684255,1.5309111485938296,1.182785199386508,5.155950823225165
flowdeck_pos_z,-50,square_80cm_mtf,0.39223770217517057,1.2806236330140246,0.133545093068752,1.3459872199706944,0.04982052757452102,0.062465728427017406,0.05205843232400765,0.09536316150251513,1.6694210740171174,1.0250864148828251,1.889429709185882
flowdeck_pos_z,-40,flight_diag_lr_mtf,0.800880066425609,1.3443240650288888,0.10872734978984719,1.5685782445278296,0.11745965351461618,0.09418033014694956,0.0643881081606451,0.1637453305070683,1.4865631363553664,1.8566699035628322,6.517591108950309
flowdeck_pos_z,-40,flight_diag_rl_mtf,0.7640300689185887,0.8681136922011482,0.11023662567589942,1.1616864647740637,0.10566823553783279,0.07711143675885777,0.06971762690714378,0.14823122876863004,1.353039907451221,2.151614683686949,5.273076874961718
flowdeck_pos_z,-40,flight_sine,0.7618435127118601,0.8798426230251127,0.11175330845123242,1.1691951852033318,0.06892615273471082,0.0702896610331401,0.047656910149436967,0.10937381800025966,0.9237060003836582,1.7224567319743445,1.729584584451884
flowdeck_pos_z,-40,flight_sine_mtf,0.6236181046534427,0.35002205098843914,0.1319846198020541,0.7272103660523539,0.0689410264331394,0.060328969623260204,0.05363594957519589,0.1061567934156455,0.6867121344249566,2.179319027072138,6.858965791259417
flowdeck_pos_z,-40,flight_square,0.8867392574591745,1.0646689143349304,0.11778002085655064,1.3905748959273416,0.06529567962061716,0.09179888168244368,0.053972289423296,0.12491424450741238,1.3149730596815998,1.5746934070050582,3.1135101910740484
flowdeck_pos_z,-40,flight_square_mtf,0.4294663020169361,0.5150955430325591,0.13103859502196105,0.6833270347391787,0.06729025851561206,0.06182141373745565,0.04839551364010024,0.10340208812245863,1.5244725128215535,2.245951836515214,40.41243306241955
flowdeck_pos_z,-40,flight_x_mtf,0.15211027835137092,0.4410433870065474,0.1148460989020126,0.48046480873769465,0.09067508174558153,0.06016040695243732,0.0768349633922815,0.1332098217615503,0.936024616641256,3.0540472231863065,1.6680147938377832
flowdeck_pos_z,-40,flight_y_mtf,0.17031600303749025,1.510503944329278,0.12116957871163439,1.524897299338591,0.05913519611692014,0.11924059342257945,0.06849243927985875,0.14968802483185034,1.2525557798273208,2.143567838685434,1.8354040007299026
flowdeck_pos_z,-40,flight_z_mtf,0.28692638851763147,0.37799640637775694,0.13650585131465745,0.49380348632366755,0.04405680831749044,0.05785781378225647,0.054905520815435725,0.0911215956335303,0.42426588023812817,1.312962423976311,1.8814256670048985
flowdeck_pos_z,-40,square_100cm_mtf,0.26236057244450245,1.2432167951154667,0.1266994307224479,1.276900080419753,0.057313222493267924,0.05565807180290304,0.05548484998242814,0.09726867433533007,0.9837708254284593,1.8766777649421462,3.8635033335008204
flowdeck_pos_z,-40,square_120cm_mtf,0.4568289273672646,1.2618536014419894,0.12421052655238936,1.3477371536238312,0.05841869286970991,0.059500742689647584,0.06699789172461769,0.1069663477583896,1.3761503172654617,1.7037377906647782,6.1099186286267795
flowdeck_pos_z,-40,square_60cm_mtf,0.2273316717743188,0.7505753740444683,0.1341966038586373,0.7956455301206009,0.05711979747467296,0.06593446519925017,0.051568410749763975,0.10133768278343037,1.5307821436518332,1.1813546889134208,5.129893034116174
flowdeck_pos_z,-40,square_80cm_mtf,0.39330303054209487,1.2832188921074028,0.1335403148548421,1.348766478893391,0.0498420640392058,0.062470111965205945,0.05208675575649856,0.09539274795219391,1.668659762358355,1.0249967633928185,1.8994410856386705
flowdeck_pos_z,-30,flight_diag_lr_mtf,0.8062316409774564,1.3502747287341712,0.10873355764345041,1.5764118397579814,0.11712070871522519,0.09438536621882586,0.06445536707436159,0.1636470351424345,1.4849736998643754,1.8587719069972486,6.51828578463853
flowdeck_pos_z,-30,flight_diag_rl_mtf,0.7637582751566918,0.8667294324863215,0.11024645024203844,1.1604744253103365,0.10523138259645269,0.07742462046348787,0.06977921172394659,0.14811263999365995,1.3620342910241514,2.1535269499639496,5.267138545745266
flowdeck_pos_z,-30,flight_sine,0.7601105564132531,0.879379252161974,0.11175320785418646,1.16771773411622,0.068854456759391,0.07031017850405616,0.04765252804280826,0.10933993253049736,0.9236737284065087,1.723480348826714,1.7297578383587686
flowdeck_pos_z,-30,flight_sine_mtf,0.6305000172641333,0.3502866526191715,0.13197913011572515,0.7332458670591468,0.06888351061662673,0.06040402763121152,0.05369859265204481,0.10619380133394479,0.6878557874271876,2.1823193924406703,6.859841244333428
flowdeck_pos_z,-30,flight_square,0.8861202380851578,1.0640910908042187,0.1177791163134946,1.3897376896783782,0.0652875628156866,0.0917339676359443,0.053991044514096635,0.12487041108432319,1.3152147640867444,1.5731653625414974,3.1052076083625533
flowdeck_pos_z,-30,flight_square_mtf,0.429237657329828,0.5122333190465321,0.13103224396385985,0.6810267164874149,0.06739890232717356,0.061786568218225105,0.0484392813627223,0.10347248922312752,1.526325268284398,2.248181761181055,40.302537386551364
flowdeck_pos_z,-30,flight_x_mtf,0.1521807414306825,0.44943031768463026,0.11484108696240429,0.4881957228112578,0.09049663879871112,0.06052196124381511,0.07701221295441982,0.13335452887247268,0.9447597964210538,3.0566119088746406,1.6645136437568873
flowdeck_pos_z,-30,flight_y_mtf,0.17201903369630173,1.513034704975126,0.12116397325045913,1.5275946042150104,0.05914793624242272,0.11932960369697992,0.06849369101491252,0.14976454316380194,1.2522236083866183,2.1451527582461787,1.8323676996179
flowdeck_pos_z,-30,flight_z_mtf,0.28753518320130117,0.38478583373466996,0.1364977732408142,0.49936786192264276,0.04418210256179269,0.058533053302182954,0.05494816864154806,0.09163775287902343,0.4258799999253697,1.3099111037800497,1.8807649353164062
flowdeck_pos_z,-30,square_100cm_mtf,0.26437577213101215,1.240712411856461,0.1266941984660869,1.2748777422755129,0.05731939234053538,0.05592719874069312,0.05553629072061256,0.0974558560799381,0.987970061543805,1.8777776056694946,3.8667270521124157
flowdeck_pos_z,-30,square_120cm_mtf,0.45752071638884,1.261858462081083,0.12420824598224983,1.3479761394848875,0.058473541065061425,0.059540048148125226,0.06703674227966036,0.10704250162266435,1.3770096134840564,1.7036757162009308,6.115786115401595
flowdeck_pos_z,-30,square_60cm_mtf,0.22853015701385976,0.7527107617224745,0.13419062018222724,0.7980016579071112,0.05702531337555166,0.06598055108808806,0.05159448620914141,0.10132773803185854,1.530184259685019,1.1794265907604897,5.106568339325181
flowdeck_pos_z,-30,square_80cm_mtf,0.39425192189655733,1.2862959503503106,0.13353504877423536,1.3519702138205099,0.049894620450650226,0.0625233386330589,0.052119080007950756,0.09547271612672267,1.6667485484762747,1.0237496218910447,1.9053024558855225
flowdeck_pos_z,-20,flight_diag_lr_mtf,0.8117187919370273,1.3561914791488938,0.10873796043002962,1.5842874326769918,0.1167886563261937,0.09458602748900138,0.0645224575315,0.16355199286016706,1.4829602428316153,1.8608272277604507,6.522130010703254
flowdeck_pos_z,-20,flight_diag_rl_mtf,0.7639976507715428,0.8653529863944313,0.11025520241554042,1.1596052824585998,0.10479210295781369,0.07775641736376414,0.06984478208856151,0.14800587443938687,1.3713951211363606,2.156480365227749,5.260503206950671
flowdeck_pos_z,-20,flight_sine,0.7566069028424465,0.8804458161141658,0.11175295398134924,1.1662450699854368,0.06876941849099222,0.07025481521398116,0.04765645523957157,0.10925250434814367,0.9234673516163656,1.7234292204349297,1.73558128912166
flowdeck_pos_z,-20,flight_sine_mtf,0.637539697903527,0.3503350966067737,0.13197319505479943,0.739329744113119,0.0688215019586198,0.06050820239947764,0.05376432543635503,0.10624614994945819,0.6891683690653555,2.1855350385284065,6.860576385078563
flowdeck_pos_z,-20,flight_square,0.8851480786982006,1.064492832350972,0.1177780058327433,1.3894256979081854,0.06525517876610835,0.0916637536200946,0.054004897950090204,0.12480789672982164,1.3153613479877064,1.5722815440849789,3.0991297091645875
flowdeck_pos_z,-20,flight_square_mtf,0.42863206078779026,0.509013507903107,0.13102577744523353,0.6782241142263685,0.06749895242068837,0.061792362250893844,0.04848453137929749,0.10356232130222906,1.5283037522871905,2.250485035468485,39.82477353319187
flowdeck_pos_z,-20,flight_x_mtf,0.1522540327799487,0.4576166524383549,0.11483601506768533,0.49576365482280915,0.09029155590618237,0.06088546491474415,0.0771784884002385,0.13347705412388133,0.9533505569599005,3.0575791644494714,1.6621282927845265
flowdeck_pos_z,-20,flight_y_mtf,0.17324643981304338,1.515647960611046,0.12115844892012664,1.5303210248693078,0.05917500870035372,0.11939976552493735,0.0684934620968596,0.1498310382134186,1.2522366026393221,2.1464449874151272,1.8313131391093234
flowdeck_pos_z,-20,flight_z_mtf,0.2879816196137631,0.3916720200769552,0.13648912142418998,0.5049452097145553,0.04429864481166928,0.05919735513207678,0.05499276916751283,0.09214608753221701,0.42869528279962055,1.3076396084432336,1.8828424194101476
flowdeck_pos_z,-20,square_100cm_mtf,0.26622042916349076,1.238498270467415,0.1266878931794169,1.273106871057183,0.05733168368596203,0.05624630967728947,0.055583832103855355,0.09767359775256737,0.9918111161266714,1.8788160542343664,3.871871570248065
flowdeck_pos_z,-20,square_120cm_mtf,0.4580508521576395,1.2616260803718675,0.12420595817377238,1.3479384518154702,0.058489517667458586,0.05957025832859536,0.06707896824600693,0.10709447854701167,1.3767892376766997,1.7046823035115828,6.1202051160582895
flowdeck_pos_z,-20,square_60cm_mtf,0.2299629479904718,0.7548068132675194,0.13418416704155853,0.8003884516209446,0.05696675260057648,0.06601830539954615,0.051624973328685556,0.10133491708621727,1.528799525987001,1.1776311591815178,5.087763067861094
flowdeck_pos_z,-20,square_80cm_mtf,0.39537061160159986,1.2899012359306985,0.13352966635091962,1.3557261120040267,0.049934685850122895,0.06255299570384294,0.05215120493066957,0.09553061445524232,1.6669253964625166,1.0233256937412232,1.9157887334872385
flowdeck_pos_z,-10,flight_diag_lr_mtf,0.8169816295892608,1.3623234421550405,0.10874281244551467,1.592234010247879,0.11646529374239495,0.09483870118663636,0.06460273078779467,0.16349940891180834,1.481452471908463,1.8633027748754556,6.524523152874769
flowdeck_pos_z,-10,flight_diag_rl_mtf,0.7639493018054623,0.8637519665938809,0.11026332857257058,1.158379901911179,0.10435415351940866,0.07806956223040971,0.06991682960180957,0.14789526349808704,1.380683981264848,2.1596745928713195,5.255609943492674
flowdeck_pos_z,-10,flight_sine,0.7543643947469699,0.8811400157129716,0.11175267815366888,1.165316278281195,0.0686695978537303,0.0701999774734347,0.04765341638864063,0.10915309707091661,0.9218505559113592,1.7226408855232003,1.738917736947546
flowdeck_pos_z,-10,flight_sine_mtf,0.6446191931252883,0.35116986036071807,0.1319668554335116,0.7458347175509284,0.06876999429035976,0.060604821291656834,0.053832688687812436,0.10630246869122421,0.6903537039123284,2.1885600153198097,6.863145833022801
flowdeck_pos_z,-10,flight_square,0.8840638555449811,1.0640845571894604,0.1177767685230895,1.3884222026220585,0.06522666998553847,0.09158332779459973,0.05402107081591331,0.12474093353600241,1.3153291476379307,1.5721187453311913,3.092872752257774
flowdeck_pos_z,-10,flight_square_mtf,0.4280575921635645,0.5061587125885534,0.13101878183831916,0.6757187771052151,0.06761270017083333,0.061766688075564305,0.048534079404270195,0.10364438163178488,1.5304118401593296,2.253669678597813,39.7196962583126
flowdeck_pos_z,-10,flight_x_mtf,0.15226009176942049,0.4649181346104391,0.11483096375402474,0.5025118482901283,0.09008326774385796,0.06121977320706584,0.07738151669266534,0.13360671721359454,0.9612178533427735,3.059359858489804,1.6633829132430407
flowdeck_pos_z,-10,flight_y_mtf,0.17486890612786365,1.5182892771417322,0.12115217454691674,1.5331207756766476,0.05919362373707015,0.11950248547361907,0.06849743586181209,0.14992207257485948,1.2517590075303855,2.1471050651394368,1.8318543859236034
flowdeck_pos_z,-10,flight_z_mtf,0.28758547040141513,0.39898141299129175,0.1364799416555293,0.5104099775404353,0.04433834842290319,0.05993450875166629,0.055039707314593025,0.09266824624136571,0.4317633192750725,1.308703836905178,1.8835623210361632
flowdeck_pos_z,-10,square_100cm_mtf,0.2683411474067693,1.2361285158714501,0.12668159232160853,1.271246988187297,0.057359348562837406,0.05659408678968948,0.05563746116715399,0.09792095083401994,0.9956622318572413,1.879368491935109,3.878010912629669
flowdeck_pos_z,-10,square_120cm_mtf,0.4581708283725925,1.26093837653898,0.12420317470963324,1.347335342818683,0.058500411221907224,0.059624657117134,0.06711437433050756,0.10715286786289735,1.3769060880119863,1.7056015971775564,6.123128703048686
flowdeck_pos_z,-10,square_60cm_mtf,0.2312856901405761,0.7572495877497631,0.13417691362450432,0.8030712625668949,0.056902161899521915,0.06605998375324446,0.05166458768435048,0.10134597724089627,1.5277799516640502,1.176234243178816,5.068857424897033
flowdeck_pos_z,-10,square_80cm_mtf,0.39640006138237327,1.2940902392668143,0.13352386890040463,1.3600114630383535,0.049968978471265905,0.06260316312595621,0.0521871148106391,0.09560099264702092,1.665429329980033,1.0223053122842336,1.9250592077773248
flowdeck_pos_z,0,flight_diag_lr_mtf,0.8214769217858267,1.3682104159318327,0.10874725798803526,1.5995780823113925,0.116140329674607,0.09510277778824625,0.06468270301102276,0.16345325505715422,1.4803309572823788,1.8656362130081423,6.5249754629790235
flowdeck_pos_z,0,flight_diag_rl_mtf,0.7632273427188726,0.8621151440562128,0.11027196344807572,1.156684228390562,0.1039252637965803,0.07840008349146414,0.06999651807140593,0.14780577150022933,1.3904902030253985,2.1635045307919256,5.24945885241403
flowdeck_pos_z,0,flight_sine,0.751161569853435,0.8811992149722941,0.11175233029030311,1.16329030934577,0.06857046153125575,0.07017669093967258,0.047650532606291034,0.10907451307943095,0.9210913308761424,1.7224004242987783,1.7398257938927262
flowdeck_pos_z,0,flight_sine_mtf,0.6506185811169537,0.35124318229905177,0.13196018191934497,0.751059119389672,0.0687313045429696,0.060709234592200394,0.053907250828042624,0.1063747859259268,0.6915884487952598,2.1923207603768278,6.869547117029069
flowdeck_pos_z,0,flight_square,0.8835389044562593,1.0654587898816028,0.117775186965384,1.3891416138351291,0.06519905793586203,0.09149796796786952,0.054026799508583884,0.12466631607260195,1.3159967775011205,1.571586571332296,3.088089097853067
flowdeck_pos_z,0,flight_square_mtf,0.4273588340831796,0.503100536645539,0.1310116645251559,0.672985719970057,0.06772612106335774,0.061771549133233336,0.04858717548951313,0.10374615838023495,1.5325082867492144,2.2559046806712746,39.799742248969565
flowdeck_pos_z,0,flight_x_mtf,0.15231482014404812,0.4722557382381133,0.11482492111856102,0.509323128518844,0.0898676044986813,0.06152619322901248,0.07760010015384469,0.13372895847748129,0.9679943361468296,3.0616181608043775,1.6595481144785063
flowdeck_pos_z,0,flight_y_mtf,0.17651414275023616,1.5208788146322219,0.12114587967680943,1.5358730206467692,0.059217365100458316,0.11959420365999987,0.06849843697143868,0.15000501906949867,1.2518683842359908,2.1483696165098918,1.8284919096737142
flowdeck_pos_z,0,flight_z_mtf,0.28799854883277726,0.4062765262480198,0.1364700338900651,0.5163601941086271,0.04446644050394238,0.060708085439230376,0.05509388981130066,0.09326345834959843,0.43483396541785185,1.3067202637166475,1.8833233019945994
flowdeck_pos_z,0,square_100cm_mtf,0.27054903125780705,1.2334871065317476,0.12667461353965076,1.2691468307528568,0.05739688869342691,0.05697069788534803,0.05569226842111994,0.0981921178665544,0.9990711482598662,1.880681086575883,3.8840271634526142
flowdeck_pos_z,0,square_120cm_mtf,0.4584040324929146,1.2613643222402495,0.12419974200244109,1.347812964153351,0.058531208749380455,0.059646219708917876,0.06715764546019475,0.1072087835346772,1.376098265341265,1.7061406218280024,6.1285676746871705
flowdeck_pos_z,0,square_60cm_mtf,0.23253696636522497,0.7594211857491169,0.13416958872075727,0.8054784023351798,0.056845216021863675,0.06615463744300765,0.05170631485170435,0.10139702971651447,1.528123106649875,1.1748687197004342,5.045731994775048
flowdeck_pos_z,0,square_80cm_mtf,0.3974511254701717,1.2974731885695825,0.1335178285626028,1.3635362418133588,0.050021104309771705,0.06265427376714477,0.052226957510985876,0.0956834572353639,1.6635191735219614,1.0217169756108304,1.9321210891320544
flowdeck_pos_z,10,flight_diag_lr_mtf,0.8267443237724308,1.3742819420525834,0.10875135335505906,1.6074774928434648,0.11580301007256752,0.09538139590555157,0.06475023083347013,0.16340299942089928,1.4790353887339271,1.8674519755040215,6.525239280886147
flowdeck_pos_z,10,flight_diag_rl_mtf,0.7628681200395522,0.8606302033714057,0.1102803380154024,1.155341451035398,0.10349949883877768,0.07875100323984315,0.07007394128861226,0.14773024070541482,1.3994179282972312,2.1663978208790686,5.242878444036274
flowdeck_pos_z,10,flight_sine,0.7472176356503771,0.8829944772283382,0.11175203503205502,1.1621109926235496,0.06848610883920209,0.07019624697499662,0.04764547561822147,0.10903188313606388,0.9217363428972383,1.723334875792325,1.7371118444491922
flowdeck_pos_z,10,flight_sine_mtf,0.657038769404921,0.35102792038343694,0.13195319929520796,0.7565263988745498,0.06869182713865568,0.06084169370586409,0.05398519292317812,0.10646445352134155,0.6932972973098286,2.195722146046629,6.876533970190185
flowdeck_pos_z,10,flight_square,0.882313813530394,1.0667360527458751,0.11777346324463724,1.3893430319467663,0.0651884436439731,0.09143025248976924,0.054043617847301495,0.12461836495914869,1.3164478898898482,1.5696657135674703,3.0850968070699585
flowdeck_pos_z,10,flight_square_mtf,0.4264119394462514,0.500561430606389,0.13100418655446958,0.6704856335581149,0.06785296831787475,0.06180756003288071,0.0486445004341775,0.10387726993551266,1.5339839826310078,2.2579676365280115,39.807831721813486
flowdeck_pos_z,10,flight_x_mtf,0.1524506903610318,0.4793481617739709,0.11481673585439246,0.5159445280453099,0.08966821834165087,0.061819350028229206,0.0777903446274711,0.13384079772528037,0.9738077913285544,3.0627509514125375,1.6573333709148663
flowdeck_pos_z,10,flight_y_mtf,0.17807945549932164,1.5234421802127152,0.12113831541078962,1.538591193391789,0.05924131906664537,0.11970804050009123,0.06850810710589697,0.1501096585312238,1.2516293733663446,2.151235692010189,1.8235595815867838
flowdeck_pos_z,10,flight_z_mtf,0.2884494712760377,0.4140161842798323,0.13645953549439915,0.5227176132027741,0.04460812422604344,0.061463505878599355,0.05515134926379888,0.09385797050582476,0.4389692479783727,1.3046127348426397,1.88310124951542
flowdeck_pos_z,10,square_100cm_mtf,0.27247093036113207,1.2306617740397934,0.12666699143987614,1.2668122736597802,0.057398273592806075,0.057349604740480946,0.05575377201508732,0.09844806787964074,1.0013839958742994,1.881980277927798,3.8895790709653673
flowdeck_pos_z,10,square_120cm_mtf,0.4585238663208937,1.261356661559026,0.12419596035759049,1.3478462079237141,0.05855989406169837,0.05971383791377435,0.06720371302295301,0.10729092540835537,1.3762243235588414,1.7067697980173084,6.1335297625503085
flowdeck_pos_z,10,square_60cm_mtf,0.23352275507254308,0.7616807448427125,0.13416186625245055,0.8078922208792215,0.056769972869291356,0.06622243102051849,0.051753365531498,0.10142312869205057,1.5277554962302187,1.17358958470804,5.019750685393375
flowdeck_pos_z,10,square_80cm_mtf,0.398537318723822,1.300983530303741,0.13351149672622234,1.367192546898656,0.050079664955011365,0.06271393030167252,0.05227034955024444,0.09577682046295946,1.662539416185723,1.0209678656814938,1.9400571637444064
flowdeck_pos_z,20,flight_diag_lr_mtf,0.8323713500323242,1.3799784482797721,0.10875504164196163,1.615243090421323,0.1154747304937396,0.09563893414769567,0.0648428201797615,0.16335792125383436,1.4772465249584776,1.8698334934256426,6.526134506728996
flowdeck_pos_z,20,flight_diag_rl_mtf,0.763338244257209,0.8597091691148568,0.1102859258000683,1.1549667164188822,0.10307731657814895,0.07913092254906569,0.07014781309715179,0.147673124767952,1.408915278605948,2.1694788091694877,5.238789755514484
flowdeck_pos_z,20,flight_sine,0.7443798360502143,0.8843950135183399,0.11175180168059151,1.161354530465657,0.06838104696507029,0.07014534764425609,0.047632727069784976,0.10892756340007481,0.9208907148638558,1.7243641332151,1.736487545602179
flowdeck_pos_z,20,flight_sine_mtf,0.6635883577201953,0.35098999581673296,0.13194576159763827,0.7622028402392613,0.06865633121416552,0.060968172493971184,0.05406327496677894,0.10655349629729363,0.6948687864869866,2.198656182436324,6.879410123421424
flowdeck_pos_z,20,flight_square,0.8809163818792504,1.065814453771356,0.11777179602791063,1.3877479301626803,0.06515273733863582,0.09137401292373827,0.05406516304323553,0.1245677778375949,1.3160719360702353,1.5698212525267885,3.080292614051941
flowdeck_pos_z,20,flight_square_mtf,0.42564290473299293,0.497724637642382,0.1309964917313511,0.6678785653932174,0.06797851038176632,0.06183540024539086,0.04870238832144451,0.1040029673876874,1.535831692675728,2.2606971969528047,39.69606746624879
flowdeck_pos_z,20,flight_x_mtf,0.15257622750407537,0.48665797789091925,0.11480725456753207,0.5227773889004649,0.0894888509443612,0.06216772764087015,0.07801076905675573,0.1340103014405907,0.9810681386167756,3.0650888672136487,1.6545545845775884
flowdeck_pos_z,20,flight_y_mtf,0.1798005259068819,1.5262279368933267,0.12113109786995899,1.5415487949919824,0.05926909751354056,0.11982302597769681,0.06851499722640904,0.15021547296951876,1.251509185741902,2.1527110726023335,1.821576927109822
flowdeck_pos_z,20,flight_z_mtf,0.2894149233693822,0.4220448283950184,0.13644841456844375,0.5296234557514685,0.044772053752264084,0.06227098022661618,0.055213998102639286,0.09450289605116609,0.4436808202260872,1.3026675129020089,1.8830653521633065
flowdeck_pos_z,20,square_100cm_mtf,0.2747495976153763,1.2282322104446906,0.1266591184921526,1.2649443610139028,0.05747312948447023,0.05776700441730727,0.05581819318890938,0.09877174749371548,1.0065152882048969,1.882350202127174,3.893753400650354
flowdeck_pos_z,20,square_120cm_mtf,0.4590365181162751,1.2617265388207972,0.12419194574438051,1.3483664276140952,0.05861294780464765,0.05974393986837263,0.06725324138025134,0.10736766029627555,1.3769856477004863,1.7073991189729096,6.137244362038193
flowdeck_pos_z,20,square_60cm_mtf,0.23484212060617335,0.7640688475326005,0.1341536361500975,0.8105240425014507,0.05672422297679737,0.06629505602241961,0.051806357935735646,0.10147201903925407,1.5272595726476237,1.1730042469872757,4.9962772163860905
flowdeck_pos_z,20,square_80cm_mtf,0.3991695603341207,1.3039519236793329,0.13350491951084525,1.3702009052317712,0.05013018049032733,0.06276512464449947,0.05231379374860696,0.09586046569886951,1.6598238982543307,1.0210306042251556,1.9475388952443875
flowdeck_pos_z,30,flight_diag_lr_mtf,0.8380308380596077,1.386548983147104,0.10875840462785528,1.6237740479458196,0.11516673496726636,0.09593069592935749,0.06492943158322989,0.1633459713315047,1.4765712297401912,1.871756967563059,6.528727007021785
flowdeck_pos_z,30,flight_diag_rl_mtf,0.7641125221350983,0.8591789845657668,0.11029330700427135,1.1550848832761433,0.10265508008090844,0.07946413420730945,0.07024648863195637,0.14760482125206678,1.4176516542645528,2.1727541178808387,5.231419492812823
flowdeck_pos_z,30,flight_sine,0.7411760499747477,0.8851498425573768,0.11175149741616523,1.1598795532339874,0.06827318495942154,0.07005076972995132,0.04762542322870718,0.10879576766573013,0.9196894890222823,1.7240134175715374,1.7399777573192519
flowdeck_pos_z,30,flight_sine_mtf,0.67114464439124,0.3518181081570592,0.13193824123161013,0.7691676113965972,0.06861389610582629,0.061094430830564546,0.05414902702700279,0.1066419867843001,0.6961686520639134,2.2014212603234524,6.882629734684224
flowdeck_pos_z,30,flight_square,0.8792484902001039,1.0661843862235758,0.11777000828603221,1.3869739823795533,0.06513704479864545,0.09132607131137017,0.054096939126847106,0.12453820590149842,1.3157502232539835,1.5708702168835784,3.074241239153028
flowdeck_pos_z,30,flight_square_mtf,0.4250010707086915,0.4947869256894141,0.13098848515926242,0.6652803883935211,0.06810775024271039,0.06184140247890498,0.048764655160553526,0.10412020119366382,1.537865536910402,2.2632614370319444,39.15687145172561
flowdeck_pos_z,30,flight_x_mtf,0.1526353704107421,0.4936309942918034,0.11479738643034214,0.5292896699891054,0.08925976886887185,0.062483247083356945,0.07824832651214685,0.13414269680663127,0.9870235660140424,3.0666946652721996,1.653355935840157
flowdeck_pos_z,30,flight_y_mtf,0.18152265697004766,1.528725779511122,0.12112322901932576,1.5442227237492074,0.059297784645955205,0.11993556863530243,0.06852511226238323,0.150321185793499,1.2519290516986075,2.155208990701355,1.8183555388027504
flowdeck_pos_z,30,flight_z_mtf,0.2898038740534027,0.4297765380070996,0.136436759420939,0.5360122641871318,0.04493563092669791,0.06312796739642801,0.05528087594776881,0.09518574704196785,0.4484441881999579,1.300376159899397,1.8831454698324672
flowdeck_pos_z,30,square_100cm_mtf,0.2772237225767517,1.2253680528181001,0.1266505833304947,1.262703539032218,0.057545045333744486,0.058196804455353975,0.05588977506105456,0.0991058386153545,1.011016939925399,1.8837923663544132,3.8997131631067696
flowdeck_pos_z,30,square_120cm_mtf,0.4594415621042713,1.26182406036255,0.1241873925436881,1.348595201224387,0.058627083543642385,0.05977822340332904,0.06729902175379283,0.10742313180646439,1.376818188667129,1.7096057228594868,6.142347795694755
flowdeck_pos_z,30,square_60cm_mtf,0.2361739775458026,0.7665385621175773,0.1341450099148429,0.8132369879488645,0.056680289819657045,0.06635585620186853,0.05186411950955448,0.10151670699360141,1.5258985211265275,1.1718471827955361,4.9755379605412
flowdeck_pos_z,30,square_80cm_mtf,0.4001452701902676,1.3075416645788132,0.13349804831977505,1.3739007135780827,0.0501956010655321,0.06281541676875907,0.05236130888078938,0.09595353885017675,1.6578724620953833,1.0209651663940775,1.9543618182842244
flowdeck_pos_z,40,flight_diag_lr_mtf,0.8433244992855434,1.3922584359233656,0.10876146910930172,1.6313824875417178,0.11486582753594278,0.09622330070395395,0.06502688228793432,0.16334496427490305,1.4750435034566916,1.8738091368957157,6.530784251049749
flowdeck_pos_z,40,flight_diag_rl_mtf,0.7646581759707859,0.8578297118822525,0.11029991912007509,1.1544435944752143,0.1022332111230508,0.07979384360087222,0.07032843149016252,0.14752889618307735,1.4271076616136524,2.1753935413796746,5.227247915769072
flowdeck_pos_z,40,flight_sine,0.7376023207650789,0.8868084460050448,0.111750892868989,1.1588678378317907,0.06816714012845332,0.07000975183112522,0.04762366939947981,0.10870206176434226,0.9186168682634532,1.723509985573314,1.7391948816996707
flowdeck_pos_z,40,flight_sine_mtf,0.6780369103201446,0.3521852029475302,0.13193043595833004,0.7753541828505447,0.06858492706267001,0.06123728190358518,0.05424048463507087,0.10675170766118117,0.6973007060028094,2.204554761168828,6.883861931952845
flowdeck_pos_z,40,flight_square,0.8782593160126986,1.0674373668006145,0.11776797092084486,1.387310799056987,0.06511151970353637,0.09125273196141025,0.05411262242913195,0.12447789761512998,1.3174708737443321,1.5709661136444362,3.067065681423923
flowdeck_pos_z,40,flight_square_mtf,0.42436601453362044,0.49175802555652326,0.13098019268197003,0.6626222761614683,0.06823944963224662,0.06186334057656172,0.048830835282620534,0.1042503998448064,1.5399419610346228,2.265543643318228,39.16520373636416
flowdeck_pos_z,40,flight_x_mtf,0.15275217568120522,0.5002001642641389,0.11478650142966296,0.5354524931454474,0.0890752357301875,0.06277755229998876,0.07848022006781365,0.13429282793603967,0.9930836259094731,3.069578287292597,1.6506928997928505
flowdeck_pos_z,40,flight_y_mtf,0.1833283950610861,1.5316324689604504,0.1211153078495727,1.5473125858096854,0.05932104891634457,0.12006661963097029,0.06853559773282565,0.15043971600192266,1.251577610863783,2.156792851365177,1.819455465155447
flowdeck_pos_z,40,flight_z_mtf,0.29017165116100846,0.4376841930126993,0.1364245572131011,0.5425667698647555,0.04510700969985671,0.06401831503265275,0.055352426075348474,0.09590035482786212,0.45382903404408176,1.2981536382383656,1.883345391194466
flowdeck_pos_z,40,square_100cm_mtf,0.27968922977802513,1.22305040161197,0.12664172041976293,1.2609982059812392,0.05762889215254949,0.05866712599199417,0.055964444519494824,0.0994733126686063,1.0163232459475975,1.8848884500131655,3.9032953501119696
flowdeck_pos_z,40,square_120cm_mtf,0.4596196753930243,1.2620269226334813,0.12418203924126647,1.3488452017671424,0.05870033081965447,0.05975219225832794,0.06734911753257394,0.10748003047277908,1.375760578630347,1.7093622866850264,6.148030070904383
flowdeck_pos_z,40,square_60cm_mtf,0.23742898211404453,0.7691413525166505,0.1341358769836708,0.8160535369649667,0.056646937674702774,0.06641709756490466,0.0519276013200181,0.10157057731311006,1.5245793923314659,1.1705761163686488,4.951481127879758
flowdeck_pos_z,40,square_80cm_mtf,0.40105356941090475,1.3118707595924815,0.1334908631606258,1.3782846824797665,0.05027202035620736,0.06283939554692326,0.052412033970596135,0.09603690420006536,1.6569381292314935,1.0200295347921267,1.9560749576449683
flowdeck_pos_z,50,flight_diag_lr_mtf,0.8491525775736379,1.3986431938735964,0.10876473917637189,1.6398453135149644,0.11456122349137582,0.0964966098878353,0.06512760843946887,0.1633324065479071,1.4747797854859788,1.8762680797503186,6.535161851715135
flowdeck_pos_z,50,flight_diag_rl_mtf,0.7650245919407331,0.8576213529825896,0.11030671865124247,1.1545321925114853,0.10182956708174769,0.08017209230135383,0.0704269947129853,0.14750181931195225,1.4377769156231255,2.179153282812177,5.225485990540877
flowdeck_pos_z,50,flight_sine,0.7346229088535197,0.8865679784112313,0.11175029229100517,1.1567894045087503,0.06806701930107603,0.07002544170886302,0.04761619974097451,0.10864614158278614,0.9191469570285853,1.7227676623609067,1.741058366267871
flowdeck_pos_z,50,flight_sine_mtf,0.6848618722278791,0.3522570870802376,0.13192239881197587,0.7813605817662137,0.06856377422656677,0.06138699302839789,0.05433704097781472,0.10687314008433041,0.6992067726720719,2.2078656006173007,6.885932289550771
flowdeck_pos_z,50,flight_square,0.8778840732632379,1.0667641905499359,0.11776542343165737,1.3865550761815961,0.06509382671187557,0.09120371965277205,0.05412389150370482,0.12443761644294676,1.3169229706494743,1.569209034140791,3.0636506328066058
flowdeck_pos_z,50,flight_square_mtf,0.4237363731928718,0.4885763833332561,0.13097160349605355,0.6598582857250342,0.06835959577877966,0.06187455189259172,0.04889938090233176,0.10436783009902287,1.5416329855938884,2.2675697197526645,38.914769017984256
flowdeck_pos_z,50,flight_x_mtf,0.15295439550639567,0.5071956895445707,0.11477559487690836,0.5420479238745111,0.08888778547510119,0.06314657864705699,0.07870413451588278,0.13447256073783503,1.0001073444852286,3.0707049928324337,1.6486052884366362
flowdeck_pos_z,50,flight_y_mtf,0.18529915224551816,1.5345340403695065,0.12110629605046003,1.5504184054050478,0.05935541150647847,0.12019403891641016,0.06855274393845871,0.15056277948960295,1.251932946654533,2.1586489801789224,1.8189445249574094
flowdeck_pos_z,50,flight_z_mtf,0.29054842934802116,0.44640726241945267,0.13641177576872512,0.5498236138124745,0.04528815489711328,0.06497753793182394,0.05543022266747186,0.09667267967027734,0.46064887165194485,1.2959637120294965,1.8857896199164255
flowdeck_pos_z,50,square_100cm_mtf,0.28217010917076085,1.2204924510436783,0.12663239154926786,1.2590701156621626,0.05770360030451558,0.059149751416095214,0.05604408478021313,0.09984657239755838,1.021303781775868,1.8847862998859828,3.909348329105839
flowdeck_pos_z,50,square_120cm_mtf,0.46008501847814687,1.262068886981215,0.12417707503219752,1.3490426404223077,0.05874855530261735,0.059788896939877295,0.067407095082572,0.10756310433835042,1.3756958721154602,1.7096713777772856,6.154568365416881
flowdeck_pos_z,50,square_60cm_mtf,0.23875459764381302,0.7717317493959212,0.13412658289711,0.8188794729149115,0.05660598934524441,0.06647988856991786,0.051998291631996936,0.10162497698237782,1.5235179970397195,1.1706122436707433,4.928560095519065
flowdeck_pos_z,50,square_80cm_mtf,0.4018184086722574,1.315581611115843,0.13348333275835814,1.3820386424331055,0.05035898496747803,0.06290524891893388,0.052464905824921776,0.09615437614443567,1.6553929074337106,1.0194507187524682,1.964118868812781
