timestamp,stateEstimateZ.vx,stateEstimateZ.vy,stateEstimateZ.vz,stateEstimateZ.rateYaw,t_s
3181.986,-40,47,3,-5,0.0
3191.858,-46,54,4,-5,0.009872000000000299
3201.724,-52,61,4,-4,0.019738000000000283
3211.599,-58,69,5,-2,0.029613000000000285
3221.483,-64,76,5,-1,0.039497000000000296
3231.353,-70,83,6,0,0.04936700000000019
3241.226,-76,89,7,-3,0.05924000000000024
3251.1,-83,96,7,0,0.06911400000000004
3260.985,-89,103,8,0,0.07899900000000025
3270.85,-95,110,9,0,0.08886400000000003
3280.724,-101,116,9,0,0.09873800000000028
3290.599,-108,123,10,-5,0.10861300000000028
3300.484,-114,130,10,8,0.11849800000000005
3310.348,-120,136,11,6,0.1283620000000001
3320.223,-127,143,11,0,0.13823700000000008
3330.098,-133,150,11,2,0.14811200000000008
3339.982,-139,157,10,0,0.15799600000000008
3349.847,-145,164,10,0,0.16786100000000034
3359.722,-152,171,9,0,0.17773600000000034
3369.596,-158,178,9,3,0.18761000000000014
3379.482,-164,185,8,-1,0.1974960000000001
3389.346,-170,192,8,0,0.20736000000000013
3399.221,-176,199,7,-3,0.21723500000000012
3409.096,-182,206,7,-1,0.22711000000000012
3418.981,-188,213,7,1,0.23699500000000034
3428.845,-194,220,6,0,0.2468589999999999
3438.726,-200,227,6,-1,0.25674000000000025
3448.595,-206,234,5,-2,0.26660899999999993
3458.479,-212,241,5,-3,0.27649299999999993
3468.344,-218,248,4,-4,0.28635800000000017
3478.219,-224,255,4,-4,0.2962330000000002
3488.093,-230,262,3,-5,0.30610699999999996
3497.978,-237,269,3,-1,0.31599200000000016
3507.843,-243,276,2,0,0.32585699999999995
3517.726,-249,282,2,-2,0.33574000000000026
3527.593,-255,289,1,0,0.345607
3537.477,-261,296,1,0,0.355491
3547.342,-268,303,0,0,0.36535600000000024
3557.217,-274,309,0,3,0.3752310000000002
3567.091,-280,316,0,1,0.38510500000000003
3576.976,-286,323,0,2,0.39499000000000023
3586.841,-292,330,-1,5,0.404855
3596.716,-298,336,-1,0,0.41473000000000004
3606.59,-305,343,-1,2,0.42460400000000026
3616.475,-311,350,-2,0,0.434489
3626.34,-317,357,-2,0,0.44435400000000025
3636.215,-323,363,-3,0,0.45422900000000027
3646.089,-329,370,-3,4,0.46410300000000004
3655.974,-335,377,-3,0,0.4739880000000003
3665.84,-341,384,-4,0,0.4838540000000003
3675.723,-347,391,-4,-3,0.4937370000000001
3685.59,-353,398,-5,0,0.5036040000000003
3695.475,-359,405,-5,-3,0.5134890000000001
3705.34,-365,412,-6,-1,0.5233540000000003
3715.221,-372,419,-6,0,0.5332350000000001
3725.089,-378,425,-7,0,0.5431030000000001
3734.975,-384,432,-7,-3,0.5529890000000001
3744.838,-390,439,-7,-1,0.5628520000000004
3754.714,-396,446,-8,0,0.572728
3764.588,-402,453,-8,2,0.5826020000000003
3774.473,-408,460,-9,6,0.5924870000000001
3784.338,-414,466,-9,0,0.6023520000000003
3794.22,-421,473,-9,0,0.612234
3804.087,-427,480,-10,2,0.6221010000000001
3813.973,-433,486,-10,2,0.6319870000000001
3823.837,-439,493,-11,1,0.6418510000000001
3833.719,-445,500,-11,2,0.6517330000000002
3843.586,-452,507,-12,2,0.6615999999999999
3853.471,-458,513,-12,4,0.6714850000000001
3863.336,-464,520,-13,-1,0.6813499999999999
3873.214,-470,527,-13,0,0.6912280000000001
3883.083,-476,533,-14,2,0.7010970000000002
3892.968,-482,540,-14,0,0.710982
3902.833,-489,547,-14,2,0.7208470000000002
3912.708,-494,554,-15,1,0.7307220000000002
3922.582,-500,561,-15,0,0.740596
3932.467,-506,568,-16,-6,0.7504810000000002
3942.332,-512,575,-16,0,0.760346
3952.207,-518,582,-16,0,0.770221
3962.081,-525,589,-17,0,0.7800950000000002
3971.966,-531,596,-18,-2,0.78998
3981.831,-537,602,-18,2,0.7998450000000003
3991.709,-543,609,-19,4,0.809723
4001.58,-549,616,-19,1,0.819594
4011.469,-555,623,-19,0,0.8294830000000002
4021.329,-561,629,-20,2,0.8393430000000003
4031.201,-568,636,-20,0,0.8492150000000002
4041.083,-574,643,-21,3,0.8590970000000002
4050.964,-581,650,-21,1,0.868978
4060.833,-587,656,-22,5,0.8788470000000002
4070.706,-594,664,-22,-2,0.8887200000000003
4080.578,-600,670,-23,0,0.8985920000000001
4090.466,-606,677,-23,0,0.9084800000000001
4100.331,-612,684,-23,2,0.9183450000000003
4110.202,-618,691,-24,1,0.9282160000000004
4120.075,-624,698,-24,3,0.938089
4129.966,-630,705,-25,-1,0.9479800000000005
4139.827,-637,711,-25,-2,0.9578410000000004
4149.704,-643,718,-26,-1,0.9677179999999999
4159.58,-649,725,-26,1,0.9775940000000001
4169.461,-655,732,-27,0,0.9874750000000003
4179.328,-661,739,-27,-1,0.9973420000000005
4189.203,-667,746,-28,-1,1.0072170000000005
4199.075,-673,753,-28,-2,1.017089
4208.963,-679,760,-29,1,1.0269769999999998
4218.828,-685,766,-29,-1,1.0368420000000005
4228.699,-691,773,-30,-1,1.0467129999999998
4238.577,-698,780,-31,1,1.0565910000000003
4248.462,-704,786,-31,0,1.0664760000000006
4258.323,-710,793,-32,0,1.0763370000000005
4268.201,-716,800,-32,-3,1.0862150000000002
4278.076,-722,807,-32,0,1.0960900000000002
4287.958,-728,814,-33,-1,1.1059719999999997
4297.826,-735,820,-33,-2,1.1158400000000002
4307.7,-741,827,-33,0,1.1257139999999999
4317.572,-747,834,-34,0,1.1355860000000002
4327.46,-753,841,-34,1,1.145474
4337.325,-759,847,-35,0,1.155339
4347.196,-765,854,-35,6,1.16521
4357.074,-771,861,-35,-1,1.1750879999999997
4366.959,-777,868,-36,0,1.184973
4376.821,-783,874,-37,0,1.194835
4386.698,-789,881,-37,1,1.2047120000000004
4396.573,-795,888,-38,3,1.2145870000000005
4406.455,-801,895,-38,0,1.224469
4416.323,-807,902,-39,1,1.2343370000000005
4426.198,-813,909,-39,0,1.2442120000000005
4436.069,-819,916,-40,2,1.2540830000000005
4445.957,-825,923,-40,0,1.2639710000000004
4455.822,-831,930,-40,4,1.2738360000000002
4465.693,-838,936,-41,-3,1.2837070000000004
4475.571,-844,943,-41,-2,1.293585
4485.456,-850,950,-42,0,1.3034700000000004
4495.317,-856,957,-42,-6,1.313331
4505.195,-862,964,-43,0,1.3232089999999999
4515.07,-868,971,-43,-1,1.333084
4524.952,-874,977,-44,-1,1.3429660000000003
4534.82,-881,984,-44,0,1.3528339999999999
4544.695,-887,991,-45,-3,1.3627089999999997
4554.566,-893,997,-45,2,1.37258
4564.454,-899,1004,-46,2,1.3824679999999998
4574.319,-905,1011,-46,0,1.3923330000000005
4584.19,-911,1018,-47,0,1.4022039999999998
4594.068,-917,1024,-47,3,1.4120820000000003
4603.953,-923,1031,-48,0,1.4219670000000006
4613.814,-929,1037,-48,3,1.4318280000000003
4623.692,-935,1044,-48,5,1.4417060000000002
4633.567,-942,1051,-49,1,1.4515810000000002
4643.449,-948,1058,-49,2,1.4614629999999997
4653.316,-954,1065,-50,-2,1.47133
4663.192,-960,1071,-50,0,1.481206
4673.063,-966,1078,-51,0,1.4910770000000002
4682.951,-972,1085,-51,1,1.500965
4692.816,-979,1092,-51,3,1.51083
4702.687,-985,1099,-52,1,1.520701
4712.565,-991,1106,-52,2,1.5305789999999997
4722.45,-997,1113,-52,1,1.5404639999999998
4732.312,-1003,1120,-53,0,1.550326
4742.189,-1009,1127,-53,-1,1.5602030000000005
4752.064,-1015,1133,-54,0,1.5700780000000005
4761.946,-1021,1140,-54,-4,1.57996
4771.814,-1028,1146,-55,0,1.5898280000000005
4781.689,-1034,1153,-55,2,1.5997030000000003
4791.56,-1040,1160,-56,-2,1.6095740000000005
4801.448,-1046,1167,-56,2,1.6194620000000004
4811.312,-1053,1173,-56,-1,1.629326
4821.184,-1059,1180,-57,0,1.6391980000000004
4831.062,-1065,1187,-57,-1,1.649076
4840.947,-1071,1193,-58,0,1.6589610000000001
4850.809,-1077,1200,-58,2,1.6688230000000004
4860.686,-1084,1207,-59,0,1.6786999999999999
4870.562,-1090,1213,-59,-2,1.688576
4880.443,-1096,1220,-60,4,1.6984570000000003
4890.311,-1102,1227,-60,2,1.7083249999999999
4900.186,-1108,1234,-61,-2,1.7181999999999997
4910.057,-1114,1241,-61,2,1.728071
4919.95,-1120,1247,-61,5,1.7379639999999998
4929.813,-1127,1254,-62,0,1.7478270000000002
4939.689,-1133,1261,-62,2,1.7577030000000005
4949.56,-1139,1268,-62,-1,1.7675740000000004
4959.447,-1145,1275,-63,0,1.7774610000000002
4969.309,-1152,1281,-64,2,1.7873230000000002
4979.186,-1158,1288,-64,-3,1.7972
4989.061,-1164,1295,-65,-2,1.8070749999999998
4998.943,-1170,1302,-65,0,1.8169570000000004
5008.811,-1176,1309,-65,-2,1.826825
5018.687,-1183,1316,-66,-2,1.836701
5028.557,-1189,1322,-66,-3,1.846571
5038.445,-1195,1329,-67,-4,1.8564589999999999
5048.31,-1202,1336,-67,-2,1.8663240000000005
5058.182,-1208,1343,-67,-2,1.876196
5068.06,-1214,1350,-68,-2,1.8860740000000005
5077.944,-1221,1357,-68,0,1.8959580000000005
5087.806,-1227,1364,-69,1,1.9058199999999996
5097.678,-1233,1370,-69,-1,1.915692
5107.558,-1239,1377,-70,0,1.925572
5117.441,-1245,1384,-70,1,1.935455
5127.309,-1252,1391,-70,2,1.9453230000000004
5137.183,-1258,1398,-71,0,1.955197
5147.054,-1264,1404,-71,-4,1.9650680000000003
5156.942,-1270,1411,-72,2,1.9749560000000002
5166.805,-1277,1419,-72,1,1.9848190000000003
5176.676,-1283,1425,-73,4,1.9946900000000005
5186.553,-1289,1432,-73,0,2.004567
5196.438,-1295,1439,-74,1,2.0144520000000004
5206.3,-1301,1445,-74,0,2.0243140000000004
5216.178,-1308,1453,-75,0,2.034192
5226.053,-1314,1460,-75,2,2.044067
5235.935,-1321,1467,-76,-1,2.0539490000000007
5245.802,-1327,1474,-76,0,2.0638159999999997
5255.677,-1334,1480,-77,0,2.0736909999999997
5265.549,-1340,1488,-77,2,2.0835630000000003
5275.43,-1340,1488,-77,-1,2.0934440000000003
5285.301,-1347,1496,-78,-4,2.1033150000000007
5295.173,-1354,1502,-78,-2,2.113187
5305.051,-1360,1509,-79,0,2.1230650000000004
5314.935,-1366,1516,-79,-1,2.1329490000000004
5324.797,-1372,1523,-80,0,2.1428109999999996
5334.675,-1378,1529,-81,0,2.1526890000000005
5344.55,-1385,1537,-81,0,2.162564
5354.432,-1391,1544,-82,-1,2.172446
5364.299,-1398,1551,-83,0,2.182313
5374.174,-1404,1558,-83,5,2.1921880000000002
5384.046,-1410,1565,-84,3,2.2020600000000004
5393.933,-1416,1572,-84,0,2.2119470000000003
5403.798,-1423,1578,-85,3,2.221812
5413.67,-1430,1586,-85,0,2.231684
5423.548,-1436,1593,-86,0,2.241562
5433.433,-1442,1600,-86,0,2.251447
5443.294,-1448,1607,-87,0,2.261308
5453.172,-1454,1613,-87,0,2.2711859999999997
5463.048,-1460,1620,-88,0,2.281062
5472.929,-1466,1627,-88,3,2.2909430000000004
5482.797,-1472,1634,-88,0,2.3008109999999995
5492.671,-1478,1640,-89,-1,2.3106850000000003
5502.543,-1484,1647,-89,0,2.320557
5512.431,-1491,1654,-90,-3,2.3304449999999997
5522.296,-1497,1660,-90,4,2.3403100000000006
5532.167,-1503,1667,-91,-2,2.3501810000000005
5542.045,-1509,1674,-91,2,2.360059
5551.93,-1515,1681,-91,0,2.3699440000000003
5561.791,-1522,1687,-92,-2,2.379805
5571.669,-1528,1694,-92,2,2.389683
5581.545,-1534,1701,-92,0,2.399559
5591.426,-1540,1708,-93,1,2.4094400000000005
5601.294,-1546,1714,-93,0,2.419308
5611.169,-1552,1721,-94,-2,2.429183
5621.04,-1559,1728,-94,2,2.439054
5630.928,-1565,1735,-95,-1,2.448942
5640.793,-1571,1742,-95,0,2.4588069999999997
5650.664,-1577,1749,-96,-1,2.4686779999999997
5660.542,-1583,1756,-96,-2,2.4785560000000006
5670.427,-1590,1762,-96,2,2.488441
5680.289,-1596,1769,-97,0,2.498303
5690.167,-1602,1776,-97,1,2.5081810000000004
5700.042,-1608,1782,-97,1,2.5180560000000005
5709.923,-1614,1789,-98,-4,2.527937
5719.791,-1620,1796,-98,-1,2.537805
5729.666,-1626,1803,-98,2,2.54768
5739.538,-1633,1810,-99,0,2.557552
5749.426,-1639,1816,-100,0,2.5674400000000004
5759.291,-1645,1823,-100,-1,2.5773050000000004
5769.162,-1651,1830,-101,0,2.5871760000000004
5779.04,-1657,1836,-101,1,2.597054
5788.925,-1664,1843,-102,1,2.606939
5798.786,-1670,1850,-102,0,2.6168
5808.664,-1676,1857,-102,1,2.626678
5818.539,-1682,1863,-103,1,2.6365529999999997
5828.421,-1689,1870,-104,-1,2.6464350000000003
5838.289,-1695,1877,-104,0,2.656303
5848.164,-1701,1884,-105,1,2.666178
5858.035,-1708,1890,-105,0,2.676049
5867.923,-1714,1897,-106,1,2.685937
5877.788,-1720,1904,-106,-3,2.6958019999999996
5887.659,-1726,1911,-106,1,2.705673
5897.537,-1732,1917,-106,3,2.7155510000000005
5907.422,-1738,1924,-107,-2,2.7254359999999997
5917.284,-1745,1931,-107,4,2.735298
5927.162,-1751,1937,-108,0,2.7451760000000003
5937.036,-1757,1944,-108,2,2.75505
5946.918,-1763,1951,-109,1,2.764932
5956.785,-1769,1958,-109,0,2.774799
5966.66,-1776,1965,-110,1,2.784674
5976.533,-1782,1971,-110,0,2.7945470000000006
5986.415,-1788,1978,-111,-2,2.8044290000000003
5996.285,-1794,1985,-111,-1,2.814299
6006.157,-1801,1992,-112,1,2.824171
6016.035,-1807,1998,-112,0,2.834049
6025.92,-1813,2005,-112,1,2.8439340000000004
6035.781,-1819,2012,-113,2,2.853795
6045.659,-1825,2018,-113,1,2.863673
6055.534,-1831,2025,-114,2,2.873548
6065.416,-1837,2032,-114,2,2.88343
6075.283,-1843,2039,-115,0,2.8932970000000005
6085.159,-1850,2046,-115,0,2.903173
6095.03,-1856,2052,-115,0,2.9130439999999997
6104.918,-1862,2059,-116,0,2.922932
6114.783,-1869,2066,-116,1,2.9327970000000003
6124.654,-1875,2073,-117,3,2.9426680000000007
6134.532,-1881,2079,-117,0,2.9525460000000003
6144.418,-1887,2086,-117,0,2.9624319999999997
6154.279,-1893,2093,-118,0,2.9722930000000005
6164.157,-1900,2100,-118,0,2.982171
6174.031,-1906,2106,-119,-1,2.992045
6183.913,-1912,2113,-119,-1,3.001927
6193.781,-1918,2120,-119,3,3.011795
6203.656,-1924,2127,-120,-4,3.02167
6213.528,-1931,2134,-120,1,3.0315420000000004
6223.415,-1937,2140,-121,1,3.041429
6233.281,-1943,2147,-121,4,3.051295
6243.154,-1949,2154,-121,0,3.0611680000000008
6253.031,-1955,2161,-122,-1,3.0710450000000002
6262.918,-1961,2167,-122,0,3.080932
6272.778,-1968,2174,-123,-1,3.0907920000000004
6282.657,-1974,2181,-123,0,3.100671
6292.532,-1980,2188,-124,0,3.1105460000000003
6302.413,-1986,2194,-124,0,3.120427
6312.281,-1993,2201,-125,0,3.1302950000000003
6322.156,-1999,2208,-125,-2,3.14017
6332.027,-2005,2214,-125,-1,3.1500410000000003
6341.915,-2011,2221,-126,1,3.159929
6351.78,-2017,2228,-126,0,3.169794
6361.652,-2023,2234,-126,0,3.179666
6371.529,-2029,2241,-127,-1,3.1895430000000005
6381.415,-2035,2248,-127,1,3.1994290000000003
6391.276,-2041,2254,-128,2,3.2092899999999998
6401.148,-2048,2261,-128,0,3.2191620000000003
6411.029,-2054,2268,-129,-4,3.2290430000000008
6420.91,-2060,2275,-129,3,3.238924
6430.778,-2066,2282,-130,0,3.2487920000000003
6440.653,-2072,2289,-130,0,3.2586670000000004
6450.522,-2078,2295,-131,-1,3.268536
6460.412,-2085,2302,-131,0,3.2784260000000005
6470.276,-2091,2309,-132,0,3.28829
6480.147,-2098,2316,-132,0,3.298161
6490.024,-2104,2323,-133,1,3.3080380000000003
6499.91,-2111,2331,-133,1,3.317924
6509.771,-2117,2337,-134,3,3.327785
6519.643,-2124,2345,-134,1,3.337657
6529.525,-2130,2352,-135,0,3.347539
6539.406,-2137,2358,-135,1,3.3574200000000003
6549.273,-2144,2365,-135,0,3.367287
6559.149,-2150,2372,-136,0,3.3771630000000004
6569.02,-2157,2379,-136,-2,3.3870340000000008
6578.908,-2157,2379,-136,-1,3.3969220000000004
6588.773,-2163,2387,-137,1,3.4067870000000005
6598.644,-2169,2394,-137,0,3.4166580000000004
6608.517,-2176,2401,-138,0,3.4265309999999998
6618.408,-2183,2408,-138,-1,3.4364220000000003
6628.269,-2189,2415,-139,0,3.446283
6638.141,-2196,2423,-139,2,3.456155
6648.022,-2202,2430,-140,0,3.466036
6657.903,-2208,2436,-140,0,3.4759170000000004
6667.771,-2214,2443,-141,-3,3.485785
6677.647,-2221,2450,-141,-1,3.495661
6687.518,-2227,2456,-141,-2,3.505532
6697.4,-2233,2463,-142,2,3.515414
6707.271,-2239,2470,-142,0,3.525285
6717.142,-2246,2476,-142,0,3.5351559999999997
6727.02,-2252,2483,-143,-4,3.5450340000000007
6736.905,-2258,2490,-143,1,3.554919
6746.766,-2264,2496,-144,1,3.56478
6756.644,-2270,2503,-144,0,3.5746580000000003
6766.519,-2276,2510,-145,3,3.5845330000000004
6776.401,-2282,2516,-145,0,3.594415
6786.269,-2288,2523,-145,0,3.6042830000000006
6796.144,-2295,2530,-146,0,3.614158
6806.015,-2301,2537,-146,4,3.6240290000000006
6815.903,-2307,2544,-147,1,3.6339170000000003
6825.768,-2313,2550,-147,-1,3.6437820000000003
6835.64,-2320,2557,-148,-3,3.6536540000000004
6845.518,-2326,2564,-148,1,3.663532
6855.402,-2332,2570,-149,0,3.673416
6865.264,-2338,2577,-149,0,3.683278
6875.142,-2345,2584,-149,-3,3.693156
6885.017,-2351,2590,-150,0,3.7030309999999997
6894.899,-2357,2597,-150,0,3.7129130000000004
6904.767,-2363,2604,-151,0,3.722781
6914.641,-2369,2610,-151,3,3.732655
6924.513,-2376,2617,-152,0,3.742527
6934.401,-2382,2623,-152,0,3.752415
6944.266,-2388,2630,-153,1,3.7622799999999996
6954.137,-2394,2637,-153,0,3.772151
6964.015,-2401,2644,-154,2,3.7820290000000005
6973.9,-2407,2650,-154,-2,3.791914
6983.762,-2413,2657,-155,0,3.801776
6993.64,-2419,2664,-155,-1,3.8116540000000003
7003.515,-2425,2671,-155,3,3.8215290000000004
7013.396,-2431,2677,-156,2,3.83141
7023.258,-2438,2684,-156,0,3.841272
7033.14,-2444,2691,-156,0,3.8511540000000006
7043.011,-2450,2697,-157,2,3.8610250000000006
7052.899,-2456,2704,-157,1,3.8709130000000003
7062.763,-2462,2711,-158,0,3.880777
7072.635,-2469,2718,-158,-1,3.8906490000000002
7082.513,-2475,2724,-158,-3,3.900527
7092.398,-2481,2731,-159,-2,3.9104120000000004
7102.26,-2487,2738,-159,1,3.9202740000000005
7112.138,-2493,2744,-159,-3,3.930152
7122.012,-2500,2751,-160,3,3.940026
7131.894,-2506,2757,-160,3,3.949908
7141.756,-2512,2764,-161,0,3.9597700000000002
7151.636,-2518,2771,-161,0,3.9696500000000006
7161.509,-2524,2777,-161,-2,3.979523
7171.397,-2531,2784,-162,4,3.989411
7181.261,-2537,2791,-162,-2,3.9992750000000004
7191.133,-2543,2798,-163,-1,4.009147
7201.011,-2549,2804,-163,-1,4.019025000000001
7210.896,-2555,2811,-164,6,4.02891
7220.757,-2562,2818,-164,-2,4.038771
7230.635,-2568,2824,-165,0,4.048649
7240.51,-2574,2831,-165,0,4.058524
7250.392,-2580,2838,-166,0,4.0684059999999995
7260.254,-2586,2844,-166,0,4.0782680000000004
7270.134,-2593,2851,-167,0,4.088148
7280.007,-2599,2857,-167,0,4.098021
7289.894,-2605,2864,-168,0,4.107908
7299.76,-2611,2871,-168,0,4.117774000000001
7309.631,-2617,2877,-169,0,4.127645
7319.509,-2623,2884,-169,0,4.137523
7329.394,-2629,2890,-169,-3,4.147408
7339.255,-2636,2897,-170,1,4.157269
7349.133,-2642,2904,-170,0,4.167147
7359.008,-2648,2911,-171,2,4.177022
7368.89,-2654,2917,-172,0,4.186904
7378.757,-2660,2924,-172,0,4.196771
7388.633,-2666,2931,-172,0,4.206647
7398.504,-2672,2937,-173,0,4.216518
7408.392,-2678,2944,-173,-3,4.226406
7418.257,-2685,2951,-174,0,4.2362709999999995
7428.129,-2691,2958,-174,-1,4.246143
7438.007,-2697,2964,-174,1,4.256021
7447.892,-2703,2971,-175,1,4.265906
7457.753,-2709,2978,-175,2,4.275767
7467.631,-2715,2985,-176,0,4.285645000000001
7477.506,-2722,2991,-176,-4,4.295520000000001
7487.388,-2728,2998,-177,3,4.305402
7497.256,-2734,3005,-177,1,4.315270000000001
7507.131,-2741,3012,-178,0,4.325145
7517.003,-2747,3018,-178,0,4.335017
7526.89,-2753,3025,-179,2,4.3449040000000005
7536.757,-2759,3031,-179,0,4.3547709999999995
7546.629,-2765,3038,-180,1,4.364643
7556.507,-2771,3045,-180,0,4.374521
7566.391,-2778,3051,-181,-1,4.384405
7576.254,-2784,3058,-181,2,4.394268
7586.132,-2790,3065,-182,1,4.404146
7596.007,-2796,3072,-182,1,4.414021
7605.888,-2803,3078,-183,2,4.423902
7615.755,-2809,3085,-183,1,4.433769
7625.631,-2815,3092,-184,1,4.443645
7635.502,-2821,3099,-184,0,4.4535160000000005
7645.39,-2827,3105,-185,2,4.463404000000001
7655.256,-2833,3112,-185,-1,4.47327
7665.127,-2840,3118,-185,3,4.483141000000001
7674.999,-2846,3125,-186,4,4.4930129999999995
7684.89,-2852,3132,-186,0,4.502904
7694.752,-2858,3138,-187,-3,4.512766000000001
7704.629,-2865,3145,-188,1,4.522643
7714.505,-2871,3152,-188,0,4.532519000000001
7724.386,-2877,3158,-188,2,4.542400000000001
7734.254,-2884,3166,-189,-2,4.552268
7744.129,-2890,3172,-189,3,4.562143
7753.999,-2897,3179,-189,0,4.572013
7763.881,-2903,3186,-190,-2,4.581895
7773.751,-2909,3193,-190,4,4.5917650000000005
7783.623,-2916,3200,-191,1,4.601636999999999
7793.495,-2922,3207,-191,0,4.611509
7803.386,-2928,3213,-191,3,4.6214
7813.247,-2934,3220,-192,3,4.631261
7823.125,-2941,3228,-192,1,4.641139
7833.0,-2947,3235,-193,0,4.651014
7842.882,-2953,3242,-193,-1,4.660896
7852.749,-2960,3249,-194,2,4.670763
7862.625,-2966,3255,-194,0,4.680639
7872.497,-2973,3263,-195,0,4.690511000000001
7882.379,-2973,3263,-195,0,4.700393
7892.25,-2980,3270,-195,-1,4.7102640000000005
7902.121,-2986,3277,-195,-1,4.720135
7911.993,-2992,3284,-196,2,4.7300070000000005
7921.884,-2999,3291,-196,4,4.739898
7931.746,-3005,3298,-197,5,4.74976
7941.618,-3012,3305,-197,0,4.759632000000001
7951.499,-3018,3311,-198,1,4.769513
7961.38,-3025,3318,-198,0,4.779394
7971.242,-3031,3325,-198,0,4.789256
7981.123,-3037,3331,-199,-2,4.799137
7990.995,-3043,3338,-200,0,4.809009
8000.883,-3049,3345,-200,0,4.818897
8010.748,-3055,3351,-200,0,4.828761999999999
8020.619,-3061,3358,-201,0,4.838633
8030.497,-3068,3365,-202,0,4.848511
8040.383,-3074,3371,-202,-1,4.858397
8050.244,-3080,3378,-203,3,4.868258
8060.122,-3086,3384,-203,-1,4.8781360000000005
8069.997,-3093,3391,-204,-1,4.8880110000000005
8079.879,-3099,3397,-205,2,4.897893
8089.746,-3105,3404,-205,0,4.907760000000001
8099.622,-3111,3410,-206,0,4.917636000000001
8109.493,-3117,3417,-206,-1,4.927507
8119.381,-3123,3424,-206,3,4.937395
8129.246,-3130,3430,-207,2,4.94726
8139.118,-3136,3437,-207,-1,4.9571320000000005
8148.995,-3142,3444,-208,0,4.967009
8158.881,-3148,3450,-208,1,4.976895000000001
8168.742,-3154,3457,-209,0,4.986756000000001
8178.62,-3160,3464,-209,-1,4.996634
8188.495,-3166,3471,-210,3,5.006509
8198.377,-3172,3478,-210,1,5.0163910000000005
8208.245,-3179,3485,-211,1,5.026259000000001
8218.121,-3185,3491,-211,-2,5.036134999999999
8227.991,-3191,3498,-212,-2,5.046005
8237.879,-3197,3505,-212,2,5.055893000000001
8247.744,-3203,3512,-213,-2,5.065758000000001
8257.616,-3209,3518,-213,2,5.07563
8267.494,-3216,3525,-214,3,5.085508000000001
8277.379,-3222,3532,-214,2,5.0953930000000005
8287.241,-3228,3538,-215,1,5.1052550000000005
8297.119,-3235,3545,-215,0,5.115133000000001
8306.994,-3241,3551,-216,0,5.125008000000001
8316.875,-3247,3558,-216,1,5.134889
8326.743,-3253,3565,-217,0,5.144757
8336.619,-3259,3572,-217,1,5.1546330000000005
8346.49,-3265,3578,-218,2,5.164504
8356.378,-3271,3585,-218,0,5.174392000000001
8366.243,-3278,3592,-218,-2,5.184257000000001
8376.114,-3284,3599,-219,2,5.194128
8385.993,-3290,3605,-219,2,5.204007000000001
8395.877,-3296,3612,-220,1,5.213891
8405.739,-3302,3618,-220,0,5.223752999999999
8415.617,-3309,3625,-221,0,5.233631
8425.492,-3315,3632,-221,0,5.243506
8435.374,-3321,3638,-222,2,5.253388
8445.242,-3327,3645,-222,4,5.263256
8455.116,-3333,3651,-223,-2,5.27313
8464.988,-3340,3658,-223,-1,5.283002
8474.876,-3346,3664,-223,-1,5.292890000000001
8484.741,-3352,3671,-224,5,5.302755
8494.613,-3358,3678,-224,0,5.312626999999999
8504.491,-3364,3684,-225,2,5.3225050000000005
8514.376,-3371,3691,-225,0,5.33239
8524.237,-3377,3698,-226,-2,5.342250999999999
8534.115,-3383,3704,-226,0,5.352129
8543.99,-3389,3711,-227,0,5.362004
8553.872,-3395,3718,-227,-2,5.371886
8563.74,-3401,3724,-228,0,5.381754
8573.615,-3408,3731,-229,0,5.391629
8583.487,-3414,3737,-229,0,5.401501
8593.374,-3420,3744,-229,1,5.411388
8603.24,-3426,3751,-230,0,5.421254
8613.111,-3432,3758,-230,-2,5.431125000000001
8622.989,-3439,3764,-230,2,5.441002999999999
8632.874,-3445,3771,-231,0,5.450888
8642.736,-3451,3777,-231,0,5.460750000000001
8652.614,-3458,3784,-232,-1,5.470628
8662.489,-3464,3791,-232,0,5.480503
8672.37,-3470,3798,-232,0,5.490384000000001
8682.238,-3476,3804,-233,1,5.500252
8692.114,-3482,3811,-233,-2,5.510128
8701.985,-3488,3817,-234,0,5.519999
8711.873,-3494,3824,-234,4,5.5298869999999996
8721.738,-3501,3831,-235,1,5.539751999999999
8731.61,-3507,3837,-235,0,5.549624000000001
8741.488,-3513,3844,-236,0,5.559501999999999
8751.372,-3519,3850,-236,-1,5.569386
8761.235,-3525,3857,-237,1,5.579249000000001
8771.112,-3532,3863,-237,0,5.589125999999999
8780.988,-3538,3870,-238,-1,5.599002
8790.869,-3544,3877,-238,1,5.6088830000000005
8800.737,-3550,3884,-239,0,5.618751
8810.612,-3556,3890,-239,0,5.628626
8820.484,-3562,3897,-240,1,5.638498
8830.375,-3568,3903,-240,1,5.648389
8840.238,-3574,3910,-241,0,5.658251999999999
8850.104,-3581,3916,-241,2,5.668118
8859.989,-3587,3923,-242,-1,5.6780029999999995
8869.873,-3593,3930,-242,0,5.687887
8879.735,-3599,3936,-243,1,5.697749000000001
8889.613,-3606,3943,-243,0,5.707627
8899.488,-3612,3950,-244,3,5.717502
8909.369,-3618,3956,-244,3,5.727383000000001
8919.237,-3624,3963,-245,-2,5.737251
8929.113,-3630,3969,-245,0,5.747127
8938.984,-3637,3976,-246,3,5.756998
8948.872,-3643,3983,-246,3,5.7668859999999995
8958.737,-3649,3989,-246,-1,5.776750999999999
8968.609,-3655,3996,-247,-1,5.7866230000000005
8978.488,-3661,4003,-247,1,5.796501999999999
8988.372,-3667,4009,-247,-1,5.806386
8998.234,-3673,4016,-248,1,5.816248000000001
9008.111,-3679,4023,-249,0,5.826125000000001
9017.987,-3685,4029,-249,3,5.8360009999999996
9027.868,-3692,4036,-249,-1,5.8458820000000005
9037.736,-3699,4043,-250,0,5.855750000000001
9047.611,-3705,4050,-250,1,5.8656250000000005
9057.481,-3712,4057,-251,0,5.875495
9067.369,-3718,4064,-252,0,5.885383000000001
9077.234,-3725,4071,-252,-3,5.8952480000000005
9087.106,-3731,4078,-253,-1,5.90512
9096.983,-3737,4084,-253,0,5.9149970000000005
9106.868,-3743,4091,-254,3,5.924882
9116.73,-3750,4098,-254,-1,5.934743999999999
9126.608,-3756,4104,-255,-1,5.944622000000001
9136.484,-3762,4111,-256,-1,5.954498
9146.365,-3768,4118,-256,-3,5.964379
9156.233,-3775,4124,-257,-1,5.974247
9166.108,-3781,4131,-257,1,5.984122
9175.98,-3788,4138,-257,0,5.993994
9185.867,-3794,4145,-258,-1,6.003881000000001
9195.733,-3801,4151,-258,2,6.013747
9205.604,-3808,4159,-259,0,6.023618
9215.482,-3808,4159,-259,1,6.033496
9225.367,-3814,4165,-259,-1,6.043381
9235.229,-3821,4173,-260,2,6.053242999999999
9245.107,-3827,4179,-260,1,6.063121
9254.982,-3833,4187,-261,0,6.072996
9264.863,-3839,4193,-261,0,6.082877
9274.725,-3846,4201,-261,0,6.092739000000001
9284.607,-3852,4207,-262,-1,6.102621
9294.478,-3859,4214,-262,0,6.112492
9304.366,-3865,4220,-263,0,6.12238
9314.231,-3871,4227,-263,1,6.132245
9324.103,-3877,4234,-263,-1,6.142116999999999
9333.981,-3883,4241,-264,0,6.151995
9343.866,-3890,4247,-264,-2,6.16188
9353.727,-3896,4254,-265,-1,6.171741000000001
9363.605,-3902,4261,-265,0,6.1816189999999995
9373.481,-3908,4267,-266,-1,6.191495
9383.362,-3915,4274,-266,0,6.201375999999999
9393.23,-3921,4281,-266,2,6.211244
9403.105,-3927,4288,-267,0,6.221119
9412.977,-3933,4294,-267,-3,6.230991000000001
9422.865,-3939,4301,-268,3,6.240879
9432.73,-3946,4307,-268,0,6.250744
9442.601,-3952,4314,-269,1,6.2606150000000005
9452.479,-3958,4320,-269,-2,6.270492999999999
9462.364,-3964,4327,-269,0,6.280378
9472.226,-3970,4334,-270,0,6.290240000000001
9482.104,-3976,4341,-270,-1,6.300117999999999
9491.979,-3982,4347,-271,-1,6.3099929999999995
9501.861,-3989,4354,-271,0,6.319875000000001
9511.728,-3995,4360,-271,-1,6.3297419999999995
9521.603,-4001,4367,-272,2,6.339617
9531.475,-4007,4373,-272,-2,6.349489
9541.363,-4013,4380,-273,0,6.359376999999999
9551.228,-4020,4387,-273,-1,6.369241999999999
9561.1,-4026,4393,-274,1,6.379114
9570.978,-4032,4400,-274,0,6.388991999999999
9580.863,-4038,4406,-275,2,6.398877
9590.725,-4044,4413,-275,4,6.408739000000001
9600.602,-4051,4419,-276,1,6.418616000000001
9610.478,-4057,4426,-276,0,6.428491999999999
9620.36,-4063,4433,-276,2,6.4383740000000005
9630.227,-4069,4440,-277,-2,6.448241000000001
9640.103,-4076,4446,-277,-1,6.458117
9649.974,-4082,4453,-278,1,6.467988
9659.862,-4088,4459,-279,1,6.477875999999999
9669.727,-4095,4466,-279,0,6.487741000000001
9679.598,-4101,4473,-279,-2,6.497612
9689.477,-4107,4479,-280,0,6.507491000000001
9699.362,-4114,4486,-280,0,6.517376
9709.223,-4120,4493,-281,0,6.527237
9719.101,-4126,4499,-281,-1,6.537115000000001
9728.976,-4133,4506,-281,2,6.546990000000001
9738.858,-4139,4513,-282,0,6.556872
9748.726,-4145,4520,-282,-1,6.566740000000001
9758.601,-4151,4526,-283,0,6.576615
9768.473,-4157,4533,-283,-1,6.586487
9778.361,-4163,4540,-284,2,6.596375000000001
9788.226,-4169,4546,-284,3,6.606240000000001
9798.097,-4175,4553,-285,0,6.616111
9807.975,-4181,4559,-285,1,6.625989000000001
9817.861,-4188,4566,-285,2,6.635875000000001
9827.722,-4194,4573,-286,0,6.645736
9837.6,-4200,4579,-286,0,6.655614000000001
9847.475,-4206,4586,-287,-1,6.665489000000001
9857.357,-4212,4593,-287,-1,6.675371
9867.219,-4219,4599,-287,0,6.685232999999999
9877.1,-4225,4606,-288,1,6.695114
9886.971,-4231,4613,-288,-2,6.704985
9896.859,-4237,4619,-289,0,6.714873000000001
9906.725,-4243,4626,-289,2,6.7247390000000005
9916.596,-4250,4633,-290,0,6.73461
9926.474,-4256,4640,-290,0,6.7444880000000005
9936.359,-4262,4646,-290,-1,6.754373
9946.221,-4268,4653,-291,1,6.764234999999999
9956.098,-4274,4660,-291,0,6.774112
9965.974,-4280,4666,-292,0,6.783988
9975.855,-4287,4673,-292,1,6.793869
9985.723,-4293,4680,-293,0,6.803737
9995.598,-4299,4686,-293,1,6.813612
10005.47,-4305,4693,-294,-1,6.823484
10015.358,-4311,4700,-294,0,6.833372000000001
10025.223,-4317,4706,-294,-1,6.843237
10035.095,-4324,4713,-295,-2,6.853109
10044.972,-4330,4720,-296,0,6.862986
10054.858,-4336,4726,-296,0,6.872872
10064.72,-4343,4733,-297,2,6.882733999999999
10074.598,-4349,4740,-297,0,6.892612
10084.472,-4355,4746,-298,-3,6.902486
10094.354,-4361,4753,-298,0,6.912368
10104.222,-4368,4759,-299,1,6.922236
10114.097,-4374,4766,-299,-2,6.932111
10123.969,-4380,4773,-300,0,6.941983
10133.857,-4386,4779,-300,0,6.951871
10143.723,-4392,4786,-300,1,6.961737
10153.596,-4399,4793,-301,-3,6.97161
10163.474,-4405,4800,-301,0,6.981488000000001
10173.359,-4411,4806,-302,0,6.991373
10183.22,-4417,4813,-302,0,7.001233999999999
10193.098,-4424,4819,-303,3,7.011112
10202.973,-4430,4826,-303,-2,7.020987
10212.855,-4436,4833,-304,0,7.030869
10222.723,-4442,4839,-304,3,7.040737
10232.598,-4448,4846,-305,-1,7.050612
10242.47,-4454,4853,-305,0,7.060484
10252.357,-4461,4859,-306,0,7.070371
10262.223,-4467,4866,-306,2,7.080237
10272.094,-4473,4873,-307,0,7.090107999999999
10281.972,-4479,4879,-307,1,7.0999859999999995
10291.858,-4485,4886,-308,1,7.109872
10301.719,-4491,4893,-308,0,7.119732999999999
10311.597,-4497,4899,-308,-1,7.129611
10321.472,-4503,4906,-309,1,7.139486
10331.358,-4510,4912,-309,0,7.1493720000000005
10341.226,-4516,4920,-310,0,7.1592400000000005
10351.103,-4523,4926,-311,0,7.169116999999999
10360.968,-4530,4933,-311,2,7.178982000000001
10370.865,-4536,4940,-312,0,7.188879
10380.728,-4543,4947,-312,0,7.198741999999999
10390.599,-4549,4954,-313,1,7.208613000000001
10400.481,-4555,4960,-313,0,7.218495
10410.363,-4561,4967,-314,0,7.228376999999999
10420.231,-4567,4974,-314,0,7.238245
10430.109,-4574,4981,-315,0,7.2481230000000005
10439.986,-4580,4987,-316,0,7.258000000000001
10449.867,-4586,4994,-316,0,7.267881
10459.736,-4592,5000,-316,-1,7.277750000000001
10469.61,-4599,5007,-317,0,7.287624000000001
10479.482,-4606,5014,-318,0,7.297496
10489.369,-4612,5021,-318,3,7.307383000000001
10499.235,-4618,5028,-319,0,7.317249
10509.107,-4625,5035,-319,-4,7.327121
10518.977,-4625,5035,-319,1,7.336991000000001
10528.87,-4632,5042,-320,0,7.346884000000001
10538.725,-4638,5049,-320,-1,7.356739
10548.603,-4644,5055,-321,0,7.366616999999999
10558.484,-4650,5062,-321,-1,7.376498000000001
10568.362,-4657,5068,-322,-3,7.386375999999999
10578.233,-4662,5075,-322,-2,7.396247000000001
10588.105,-4669,5081,-323,2,7.4061189999999995
10597.975,-4675,5088,-323,-2,7.415989000000001
10607.863,-4681,5095,-324,0,7.425877
10617.727,-4688,5102,-325,0,7.435741000000001
10627.599,-4694,5108,-325,0,7.445613000000001
10637.474,-4700,5115,-326,0,7.455488
10647.36,-4706,5121,-326,-2,7.465374000000001
10657.217,-4712,5128,-327,-2,7.475231000000001
10667.093,-4718,5135,-327,-1,7.485107000000001
10676.969,-4725,5141,-328,-1,7.4949829999999995
10686.851,-4731,5148,-328,0,7.504865000000001
10696.716,-4737,5155,-329,2,7.51473
10706.591,-4743,5161,-329,-1,7.524605
10716.463,-4749,5168,-329,0,7.534477
10726.351,-4755,5175,-330,3,7.544365000000001
10736.216,-4761,5181,-330,-3,7.5542300000000004
10746.087,-4767,5188,-331,0,7.564101
10755.965,-4773,5195,-331,1,7.5739790000000005
10765.85,-4779,5201,-332,1,7.583864
10775.712,-4786,5208,-332,-1,7.593725999999999
10785.59,-4792,5215,-333,-2,7.603604000000001
10795.465,-4798,5221,-333,1,7.613479
10805.347,-4805,5228,-333,0,7.623361
10815.215,-4811,5235,-334,-4,7.633229
10825.09,-4817,5242,-334,1,7.643104
10834.962,-4824,5248,-335,-1,7.652976
10844.85,-4830,5255,-336,0,7.662864000000001
10854.714,-4836,5262,-336,0,7.672728
10864.587,-4842,5268,-337,2,7.682601
10874.464,-4849,5275,-337,2,7.692478
10884.349,-4855,5282,-338,0,7.702363
10894.211,-4861,5288,-338,0,7.712224999999999
10904.089,-4867,5295,-339,3,7.722103
10913.965,-4873,5302,-339,0,7.731979
10923.846,-4880,5308,-339,1,7.74186
10933.714,-4886,5315,-340,1,7.751728
10943.589,-4892,5321,-340,0,7.761603
10953.46,-4898,5328,-341,-4,7.7714739999999995
10963.349,-4904,5335,-341,0,7.781363000000001
10973.214,-4910,5342,-342,-1,7.791228
10983.085,-4916,5348,-342,0,7.801098999999999
10992.963,-4923,5355,-342,1,7.810977
11002.849,-4929,5362,-343,0,7.820863
11012.71,-4935,5368,-343,-3,7.830723999999999
11022.589,-4942,5375,-344,0,7.840603
11032.463,-4948,5382,-344,1,7.850477
11042.345,-4954,5388,-345,0,7.860359
11052.213,-4960,5395,-345,2,7.870227
11062.088,-4966,5401,-346,0,7.880102
11071.96,-4972,5408,-346,-4,7.889974
11081.848,-4979,5414,-347,0,7.899862
11091.712,-4985,5421,-347,2,7.909726
11101.585,-4991,5428,-347,2,7.919598999999999
11111.463,-4998,5434,-348,1,7.929476999999999
11121.348,-5004,5441,-348,0,7.939362
11131.209,-5010,5447,-349,0,7.949223000000001
11141.088,-5016,5454,-349,0,7.959102
11150.962,-5022,5460,-349,-1,7.968976
11160.844,-5029,5467,-350,3,7.978857999999999
11170.711,-5035,5474,-350,2,7.988725
11180.587,-5041,5480,-351,2,7.998601
11190.459,-5047,5487,-351,0,8.008473
11200.341,-5053,5494,-352,-2,8.018355
11210.212,-5059,5500,-352,1,8.028226
11220.084,-5066,5507,-353,0,8.038098000000002
11229.961,-5072,5513,-353,2,8.047975
11239.847,-5078,5520,-353,-1,8.057860999999999
11249.708,-5085,5526,-354,0,8.067722
11259.586,-5091,5533,-354,-1,8.0776
11269.462,-5097,5540,-355,0,8.087475999999999
11279.343,-5103,5546,-355,1,8.097357
11289.21,-5109,5553,-356,0,8.107223999999999
11299.086,-5116,5560,-356,2,8.117099999999999
11308.958,-5122,5566,-356,-2,8.126972
11318.846,-5128,5573,-357,0,8.13686
11328.711,-5134,5580,-357,0,8.146725
11338.582,-5140,5586,-358,-2,8.156596
11348.46,-5146,5593,-358,0,8.166474
11358.345,-5153,5599,-359,1,8.176359
11368.207,-5159,5606,-359,0,8.186221
11378.085,-5165,5612,-360,1,8.196098999999998
11387.96,-5171,5619,-361,-1,8.205973999999998
11397.842,-5177,5626,-361,0,8.215856
11407.71,-5184,5632,-362,1,8.225723999999998
11417.585,-5190,5639,-362,2,8.235598999999999
11427.457,-5196,5646,-363,0,8.245471000000002
11437.345,-5202,5652,-363,-1,8.255359
11447.212,-5208,5659,-363,1,8.265225999999998
11457.084,-5215,5666,-364,1,8.275098000000002
11466.951,-5221,5672,-364,0,8.284965
11476.847,-5227,5679,-365,-3,8.294861000000001
11486.708,-5233,5686,-365,1,8.304722000000002
11496.587,-5239,5692,-366,0,8.314600999999998
11506.461,-5245,5699,-366,2,8.324474999999998
11516.343,-5252,5705,-367,-3,8.334357
11526.211,-5258,5712,-367,0,8.344224999999998
11536.087,-5264,5719,-368,-3,8.354100999999998
11545.958,-5271,5725,-368,-2,8.363972000000002
11555.847,-5277,5732,-368,0,8.373861000000002
11565.711,-5283,5738,-369,2,8.383724999999998
11575.583,-5290,5745,-369,-3,8.393597000000002
11585.454,-5296,5752,-370,0,8.403468
11595.347,-5302,5759,-370,1,8.413361
11605.207,-5308,5765,-371,0,8.423221000000002
11615.08,-5315,5772,-371,2,8.433094
11624.961,-5321,5779,-372,0,8.442974999999999
11634.843,-5327,5785,-372,2,8.452857
11644.71,-5333,5792,-373,4,8.462723999999998
11654.585,-5339,5798,-373,4,8.472598999999999
11664.457,-5346,5806,-374,3,8.482471000000002
11674.337,-5352,5812,-374,0,8.492351
11684.208,-5359,5819,-375,-3,8.502222000000002
11694.08,-5365,5826,-375,1,8.512094000000001
11703.952,-5372,5832,-375,2,8.521966
11713.843,-5378,5839,-376,-1,8.531857
11723.704,-5384,5845,-377,1,8.541718000000001
11733.576,-5390,5852,-377,-1,8.551590000000001
11743.457,-5396,5858,-378,2,8.561471000000001
11753.339,-5402,5865,-378,2,8.571352999999998
11763.201,-5408,5872,-378,1,8.581215
11773.083,-5415,5878,-379,-1,8.591097000000001
11782.954,-5421,5885,-379,0,8.600968
11792.836,-5427,5891,-380,0,8.61085
11802.707,-5433,5898,-380,3,8.620721000000001
11812.579,-5439,5905,-380,1,8.630593000000001
11822.45,-5445,5911,-381,1,8.640464
11832.342,-5451,5918,-381,0,8.650356
11842.204,-5457,5925,-382,1,8.660218
11852.081,-5464,5931,-382,-1,8.670095000000002
11861.956,-5470,5938,-382,0,8.67997
11871.838,-5477,5945,-383,2,8.689851999999998
11881.706,-5483,5951,-383,0,8.699720000000001
11891.582,-5489,5958,-384,0,8.709596000000001
11901.453,-5495,5965,-385,-1,8.719467
11911.335,-5501,5972,-385,0,8.729349
11921.206,-5508,5978,-386,1,8.739220000000001
11931.078,-5514,5984,-386,0,8.749092000000001
11940.956,-5520,5991,-387,1,8.758970000000001
11950.841,-5526,5998,-387,2,8.768855
11960.703,-5533,6004,-388,0,8.778717
11970.581,-5539,6011,-388,3,8.788595
11980.456,-5545,6018,-388,2,8.798470000000002
11990.337,-5551,6024,-389,0,8.808350999999998
12000.205,-5558,6031,-389,-1,8.818219000000001
12010.08,-5564,6037,-390,-3,8.828094
12019.952,-5570,6044,-390,1,8.837966
12029.84,-5576,6050,-391,2,8.847854
12039.705,-5582,6057,-391,0,8.857719000000001
12049.577,-5588,6063,-392,-2,8.867591000000001
12059.455,-5595,6070,-392,2,8.877469000000001
12069.34,-5601,6077,-393,3,8.887354
12079.202,-5607,6083,-393,-1,8.897216
12089.08,-5613,6090,-394,-1,8.907094
12098.955,-5619,6097,-394,2,8.916969000000002
12108.836,-5625,6103,-395,-1,8.926849999999998
12118.705,-5631,6110,-395,-1,8.936719
12128.58,-5638,6116,-396,1,8.946594000000001
12138.451,-5644,6123,-396,0,8.956465
12148.339,-5650,6130,-397,0,8.966353
12158.204,-5656,6136,-397,2,8.976218000000001
12168.076,-5662,6143,-397,0,8.98609
12177.954,-5668,6149,-398,0,8.995968000000001
12187.839,-5674,6156,-398,-3,9.005852999999998
12197.701,-5681,6162,-398,0,9.015715
12207.579,-5687,6169,-399,-2,9.025593
12217.454,-5693,6175,-399,0,9.035468000000002
12227.336,-5699,6182,-400,-2,9.04535
12237.204,-5706,6188,-400,0,9.055218
12247.079,-5712,6195,-401,-1,9.065093000000001
12256.951,-5718,6201,-401,0,9.074965
12266.839,-5724,6208,-402,-3,9.084852999999999
12276.704,-5730,6215,-402,0,9.094718
12286.576,-5736,6221,-403,2,9.10459
12296.453,-5743,6228,-403,0,9.114467000000001
12306.338,-5749,6234,-404,1,9.124351999999998
12316.2,-5755,6241,-404,0,9.134214
12326.078,-5762,6247,-405,-1,9.144092
12335.953,-5768,6254,-405,1,9.153967
12345.835,-5774,6260,-405,2,9.163848999999999
12355.703,-5781,6267,-406,-3,9.173717
12365.578,-5787,6273,-406,0,9.183592
12375.45,-5793,6280,-407,2,9.193464
12385.338,-5799,6286,-407,1,9.203351999999999
12395.203,-5805,6293,-408,-3,9.213217
12405.075,-5811,6299,-408,0,9.223089
12414.953,-5817,6306,-409,0,9.232967
12424.838,-5824,6312,-409,3,9.242852
12434.7,-5830,6319,-409,0,9.252714
12444.578,-5836,6325,-410,-1,9.262592
12454.452,-5842,6331,-410,0,9.272466
12464.334,-5848,6338,-411,0,9.282348000000002
12474.197,-5854,6344,-412,0,9.292211
12484.078,-5860,6351,-412,0,9.302092
12493.949,-5867,6358,-412,-3,9.311963
12503.832,-5873,6364,-413,2,9.321846
12513.703,-5879,6371,-413,2,9.331717000000001
12523.574,-5885,6378,-414,2,9.341588
12533.452,-5892,6384,-414,-4,9.351466
12543.338,-5898,6391,-415,2,9.361351999999998
12553.199,-5904,6397,-416,0,9.371213
12563.077,-5910,6404,-416,0,9.381091
12572.952,-5916,6410,-416,-3,9.390966
12582.834,-5923,6417,-416,-1,9.400848000000002
12592.702,-5929,6423,-417,0,9.410716
12602.577,-5935,6430,-417,-1,9.420591
12612.449,-5941,6436,-418,1,9.430463
12622.336,-5948,6443,-418,-1,9.440349999999999
12632.202,-5954,6450,-419,1,9.450216000000001
12642.074,-5960,6456,-419,2,9.460087999999999
12651.952,-5966,6463,-419,1,9.469966000000001
12661.837,-5972,6469,-420,3,9.479850999999998
12671.698,-5978,6476,-420,0,9.489711999999999
12681.576,-5984,6483,-421,-1,9.49959
12691.452,-5991,6489,-421,-2,9.509466
12701.333,-5997,6496,-422,0,9.519347000000002
12711.201,-6003,6503,-422,6,9.529215
12721.076,-6009,6509,-423,5,9.53909
12730.948,-6016,6516,-423,0,9.548962
12740.839,-6022,6523,-424,0,9.558853
12750.701,-6028,6529,-425,-1,9.568715000000001
12760.573,-6034,6536,-425,0,9.578586999999999
12770.454,-6041,6542,-426,0,9.588468
12780.34,-6047,6549,-426,2,9.598353999999999
12790.201,-6053,6555,-427,0,9.608215
12800.079,-6059,6562,-427,1,9.618093
12809.949,-6066,6568,-428,2,9.627963
12819.836,-6072,6575,-428,0,9.637849999999998
12829.704,-6078,6581,-429,0,9.647718000000001
12839.579,-6084,6588,-429,0,9.657593
12849.451,-6091,6595,-430,0,9.667465
12859.34,-6097,6601,-430,0,9.677354
12869.205,-6103,6608,-430,2,9.687219
12879.076,-6109,6615,-431,-4,9.69709
12888.954,-6115,6621,-432,0,9.706968000000002
12898.839,-6121,6628,-432,0,9.716852999999999
12908.701,-6128,6635,-432,-1,9.726715
12918.573,-6134,6641,-433,1,9.736587
12928.454,-6140,6648,-434,-1,9.746468
12938.335,-6146,6655,-434,1,9.756348999999998
12948.203,-6152,6661,-435,-1,9.766217000000001
12958.079,-6158,6667,-435,1,9.776093000000001
12967.951,-6165,6674,-436,1,9.785965000000001
12977.838,-6171,6680,-436,1,9.795851999999998
12987.7,-6178,6687,-437,-3,9.805714
12997.572,-6184,6694,-437,0,9.815586
13007.449,-6190,6700,-437,0,9.825463
13017.335,-6196,6707,-438,0,9.835348999999999
13027.197,-6203,6713,-438,-1,9.845210999999999
13037.074,-6209,6720,-439,4,9.855088
13046.95,-6216,6727,-439,0,9.864964
13056.832,-6223,6734,-439,0,9.874846000000002
13066.701,-6229,6740,-440,0,9.884715
13076.575,-6235,6747,-440,2,9.894589
13086.447,-6242,6754,-441,1,9.904461
13096.334,-6242,6754,-441,-3,9.914348000000002
13106.199,-6249,6761,-442,1,9.924213
13116.071,-6255,6768,-442,1,9.934085
13125.943,-6261,6774,-443,1,9.943957
13135.834,-6267,6780,-443,2,9.953848000000002
13145.696,-6274,6787,-444,-1,9.963709999999999
13155.575,-6280,6793,-444,1,9.973589
13165.45,-6287,6801,-445,0,9.983464
13175.331,-6293,6807,-445,1,9.993345000000001
13185.193,-6300,6815,-446,0,10.003206999999998
13195.074,-6306,6821,-446,0,10.013088
13204.946,-6312,6828,-447,1,10.02296
13214.828,-6318,6835,-447,1,10.032842
13224.7,-6324,6841,-447,0,10.042714
13234.571,-6330,6848,-448,0,10.052584999999999
13244.443,-6336,6855,-448,-1,10.062456999999998
13254.334,-6343,6861,-449,-2,10.072348000000002
13264.196,-6349,6868,-449,2,10.08221
13274.074,-6355,6874,-450,4,10.092088
13283.949,-6361,6881,-451,0,10.101963
13293.831,-6367,6888,-451,0,10.111845
13303.699,-6373,6894,-452,2,10.121713
13313.574,-6380,6901,-452,2,10.131587999999999
13323.445,-6386,6907,-452,-1,10.141459
13333.334,-6392,6914,-452,-1,10.151348000000002
13343.199,-6398,6921,-453,0,10.161213
13353.07,-6404,6927,-453,-1,10.171083999999999
13362.948,-6410,6934,-454,0,10.180962
13372.834,-6417,6940,-454,0,10.190848000000003
13382.696,-6423,6947,-455,-1,10.200709999999999
13392.573,-6430,6953,-455,0,10.210587
13402.449,-6436,6960,-456,-1,10.220463
13412.33,-6442,6966,-456,1,10.230344
13422.198,-6449,6973,-457,0,10.240212
13432.074,-6455,6980,-457,4,10.250088
13441.945,-6461,6986,-458,3,10.259958999999998
13451.833,-6467,6993,-458,0,10.269847000000002
13461.699,-6473,6999,-459,1,10.279713
13471.57,-6479,7006,-459,3,10.289584
13481.448,-6485,7012,-459,0,10.299462
13491.333,-6491,7019,-460,0,10.309347
13501.195,-6497,7025,-460,2,10.319208999999999
13511.073,-6504,7032,-461,-1,10.329087
13520.949,-6510,7038,-461,0,10.338963
13530.83,-6516,7045,-462,1,10.348844000000001
13540.698,-6522,7051,-462,-1,10.358711999999999
13550.574,-6528,7058,-463,-1,10.368587999999999
13560.445,-6534,7064,-463,2,10.378459
13570.333,-6541,7071,-464,-1,10.388347000000001
13580.199,-6547,7077,-465,3,10.398213
13590.07,-6553,7084,-465,0,10.408083999999999
13599.948,-6559,7090,-466,0,10.417962
13609.833,-6565,7097,-466,-2,10.427847000000002
13619.695,-6571,7103,-467,-2,10.437708999999998
13629.573,-6578,7110,-467,-1,10.447587
13639.448,-6584,7116,-467,1,10.457462
13649.33,-6590,7123,-468,-1,10.467344
13659.198,-6596,7129,-468,0,10.477212
13669.073,-6602,7136,-468,0,10.487086999999999
13678.945,-6608,7142,-469,1,10.496958999999999
13688.833,-6614,7149,-469,1,10.506847000000002
13698.699,-6621,7155,-470,2,10.516713
13708.57,-6627,7161,-471,0,10.526584
13718.448,-6633,7168,-471,0,10.536462
13728.333,-6639,7175,-471,-2,10.546347
13738.195,-6645,7181,-472,-1,10.556208999999999
13748.073,-6651,7188,-472,-1,10.566087
13757.947,-6658,7194,-473,0,10.575961
13767.829,-6664,7201,-473,0,10.585843
13777.698,-6670,7207,-474,1,10.595711999999999
13787.573,-6677,7214,-474,-1,10.605587
13797.444,-6683,7220,-474,1,10.615457999999999
13807.326,-6689,7227,-475,0,10.62534
13817.197,-6695,7233,-475,0,10.635211
13827.069,-6701,7239,-475,-1,10.645082999999998
13836.942,-6707,7246,-476,1,10.654955999999999
13846.833,-6713,7252,-476,1,10.664847000000002
13856.695,-6719,7259,-477,2,10.674708999999998
13866.572,-6725,7265,-477,3,10.684586
13876.448,-6731,7272,-478,-1,10.694462
13886.329,-6738,7279,-478,-1,10.704343000000001
13896.197,-6744,7285,-479,0,10.714210999999999
13906.073,-6750,7292,-479,0,10.724086999999999
13915.944,-6756,7299,-479,-2,10.733958
13925.832,-6762,7305,-480,0,10.743846000000001
13935.697,-6769,7312,-480,2,10.753711
13945.569,-6775,7318,-481,3,10.763582999999999
13955.447,-6781,7324,-481,-1,10.773461
13965.332,-6788,7331,-482,1,10.783346000000002
13975.194,-6794,7338,-482,0,10.793207999999998
13985.072,-6800,7344,-483,0,10.803085999999999
13994.947,-6806,7351,-483,0,10.812961
14004.829,-6812,7358,-484,0,10.822843
14014.697,-6819,7364,-484,0,10.832711
14024.572,-6825,7371,-485,-2,10.842585999999999
14034.444,-6831,7377,-485,0,10.852457999999999
14044.332,-6837,7384,-485,-2,10.862346
14054.197,-6844,7390,-486,0,10.872211
14064.069,-6850,7397,-486,0,10.882082999999998
14073.947,-6856,7403,-486,-2,10.891960999999998
14083.832,-6862,7409,-487,-2,10.901846
14093.696,-6868,7416,-487,0,10.91171
14103.568,-6874,7422,-487,0,10.921581999999999
14113.449,-6881,7428,-488,-3,10.931462999999999
14123.33,-6887,7435,-488,0,10.941344
14133.198,-6893,7442,-489,0,10.951212
14143.074,-6899,7448,-489,2,10.961088
14152.945,-6905,7455,-490,-3,10.970958999999999
14162.834,-6911,7461,-490,0,10.980848000000002
14172.699,-6917,7468,-490,3,10.990713
14182.571,-6923,7475,-491,1,11.000585
14192.449,-6930,7481,-491,1,11.010463
14202.334,-6936,7488,-492,0,11.020348000000002
14212.196,-6942,7494,-492,1,11.030209999999999
14222.067,-6948,7501,-493,0,11.040080999999999
14231.949,-6954,7507,-493,0,11.049963
14241.831,-6960,7514,-494,0,11.059845000000001
14251.693,-6967,7520,-494,2,11.069707
14261.574,-6973,7527,-495,1,11.079588
14271.445,-6979,7533,-495,-1,11.089459
14281.328,-6985,7540,-495,1,11.099342
14291.199,-6991,7547,-496,2,11.109213
14301.07,-6997,7553,-497,-2,11.119083999999999
14310.947,-7004,7560,-497,3,11.128960999999999
14320.834,-7011,7567,-497,-2,11.138848000000001
14330.694,-7018,7574,-498,0,11.148708
14340.566,-7024,7581,-498,0,11.158580000000002
14350.447,-7030,7588,-499,-3,11.168460999999999
14360.329,-7036,7595,-499,1,11.178343
14370.191,-7043,7601,-499,3,11.188205000000002
14380.072,-7049,7607,-500,-3,11.198086
14389.943,-7055,7614,-500,-2,11.207956999999999
14399.826,-7062,7621,-501,-3,11.21784
14409.697,-7068,7628,-501,0,11.227711
14419.569,-7074,7634,-501,0,11.237582999999999
14429.44,-7081,7641,-502,0,11.247454000000001
14439.332,-7087,7647,-502,-2,11.257346000000002
14449.194,-7093,7654,-503,0,11.267207999999998
14459.066,-7100,7661,-503,0,11.277080000000002
14468.947,-7106,7668,-504,0,11.286961
14478.828,-7113,7675,-504,1,11.296842
14488.697,-7113,7675,-504,1,11.306711
14498.572,-7119,7681,-504,0,11.316586
14508.444,-7126,7689,-505,-1,11.326457999999999
14518.325,-7133,7696,-506,-4,11.336339
14528.197,-7139,7702,-506,1,11.346210999999998
14538.068,-7145,7709,-507,0,11.356081999999999
14547.94,-7151,7715,-508,0,11.365954000000002
14557.831,-7157,7722,-508,0,11.375845000000002
14567.693,-7163,7729,-509,-1,11.385706999999998
14577.571,-7170,7735,-509,0,11.395584999999999
14587.447,-7176,7742,-509,-1,11.405460999999999
14597.329,-7182,7748,-510,0,11.415343
14607.196,-7188,7755,-510,-2,11.42521
14617.072,-7195,7761,-511,3,11.435086
14626.943,-7201,7768,-511,0,11.444956999999999
14636.831,-7207,7774,-511,2,11.454845
14646.697,-7213,7781,-512,1,11.464711
14656.568,-7219,7787,-512,2,11.474581999999998
14666.446,-7225,7794,-512,0,11.484459999999999
14676.332,-7232,7800,-513,0,11.494346000000002
14686.193,-7238,7807,-514,0,11.504207
14696.071,-7244,7813,-514,0,11.514085
14705.947,-7251,7820,-515,1,11.523961
14715.828,-7257,7826,-515,-1,11.533842
14725.696,-7263,7833,-516,3,11.543709999999999
14735.572,-7269,7839,-516,2,11.553586
14745.443,-7275,7846,-517,0,11.563456999999998
14755.331,-7281,7852,-517,0,11.573345000000002
14765.197,-7288,7859,-517,3,11.583210999999999
14775.068,-7294,7866,-518,0,11.593081999999999
14784.946,-7300,7872,-518,1,11.60296
14794.831,-7306,7879,-519,1,11.612845000000002
14804.693,-7312,7885,-519,-1,11.622706999999998
14814.571,-7318,7892,-519,0,11.632584999999999
14824.447,-7324,7898,-520,0,11.642460999999999
14834.329,-7330,7905,-520,0,11.652343
14844.196,-7337,7912,-520,1,11.66221
14854.072,-7343,7918,-521,0,11.672086
14863.943,-7349,7925,-521,0,11.681956999999999
14873.831,-7355,7931,-522,-1,11.691845
14883.697,-7361,7938,-522,0,11.701711
14893.568,-7367,7944,-523,-2,11.711581999999998
14903.446,-7373,7951,-523,0,11.721459999999999
14913.332,-7379,7957,-524,3,11.731346000000002
14923.193,-7386,7964,-524,1,11.741207
14933.071,-7392,7970,-525,-2,11.751085
14942.946,-7398,7977,-525,0,11.760959999999999
14952.828,-7404,7983,-526,3,11.770842
14962.696,-7410,7990,-526,0,11.78071
14972.572,-7417,7996,-527,3,11.790586
14982.443,-7423,8003,-527,-1,11.800456999999998
14992.332,-7429,8009,-528,3,11.810346000000001
15002.197,-7435,8016,-528,0,11.820210999999999
15012.068,-7441,8023,-529,-2,11.830081999999999
15021.947,-7447,8029,-529,2,11.839960999999999
15031.831,-7453,8036,-530,0,11.849845000000002
15041.693,-7460,8042,-530,-2,11.859706999999998
15051.572,-7466,8049,-531,0,11.869586
15061.446,-7472,8055,-531,1,11.87946
15071.329,-7478,8062,-531,0,11.889343
15081.197,-7484,8069,-532,1,11.899211
15091.072,-7490,8075,-533,0,11.909085999999999
15100.943,-7497,8082,-533,0,11.918956999999999
15110.832,-7503,8089,-533,0,11.928846000000002
15120.697,-7509,8095,-534,-1,11.938711
15130.568,-7515,8102,-535,0,11.948581999999998
15140.446,-7521,8108,-535,-4,11.958459999999999
15150.332,-7527,8115,-535,0,11.968346000000002
15160.194,-7534,8121,-536,28,11.978207999999999
15170.072,-7540,8128,-537,-36,11.988086
15179.947,-7546,8134,-537,-32,11.997961
15189.829,-7553,8140,-537,-21,12.007843000000001
15199.696,-7559,8147,-538,0,12.01771
15209.572,-7564,8153,-538,27,12.027586
15219.444,-7571,8160,-539,11,12.037457999999999
15229.332,-7577,8166,-540,2,12.047346000000001
15239.197,-7583,8172,-540,-2,12.057210999999999
15249.069,-7590,8179,-540,0,12.067082999999998
15258.947,-7596,8186,-541,-2,12.076960999999999
15268.832,-7602,8192,-541,-6,12.086846000000001
15278.694,-7608,8199,-542,0,12.096708
15288.572,-7615,8205,-542,2,12.106586
15298.447,-7621,8212,-543,-5,12.116461
15308.329,-7627,8218,-544,-1,12.126343
15318.197,-7633,8225,-544,0,12.136211
15328.072,-7639,8231,-545,4,12.146085999999999
15337.944,-7645,8238,-545,4,12.155957999999998
15347.832,-7652,8244,-545,6,12.165846000000002
15357.697,-7658,8251,-546,0,12.175711
15367.569,-7664,8257,-546,-5,12.185583
15377.447,-7670,8264,-547,0,12.195461
15387.332,-7676,8270,-547,-1,12.205346000000002
15397.194,-7683,8277,-548,0,12.215207999999999
15407.072,-7689,8283,-548,6,12.225086
15416.947,-7695,8290,-549,3,12.234961
15426.831,-7701,8297,-549,-2,12.244845000000002
15436.699,-7708,8303,-550,-2,12.254712999999999
15446.574,-7714,8310,-550,-1,12.264588
15456.447,-7720,8316,-551,-2,12.274460999999999
15466.335,-7726,8323,-551,3,12.284348999999999
15476.199,-7732,8329,-552,1,12.294213
15486.071,-7739,8336,-552,0,12.304084999999999
15495.949,-7745,8343,-552,-1,12.313963
15505.836,-7751,8349,-553,0,12.323849999999998
15515.696,-7757,8356,-553,0,12.33371
15525.574,-7762,8362,-554,0,12.343588
15535.45,-7769,8369,-554,0,12.353464
15545.331,-7775,8375,-555,2,12.363345
15555.199,-7781,8382,-555,0,12.373213
15565.075,-7787,8388,-555,3,12.383089
15574.946,-7793,8395,-556,0,12.392959999999999
15584.834,-7799,8401,-556,0,12.402848000000002
15594.7,-7805,8408,-557,0,12.412714
15604.571,-7812,8415,-558,0,12.422585
15614.45,-7818,8421,-558,2,12.432464
15624.335,-7824,8428,-559,2,12.442348999999998
15634.194,-7831,8435,-559,-1,12.452207999999999
15644.072,-7837,8442,-560,-2,12.462086
15653.948,-7844,8448,-560,3,12.471962
15663.83,-7850,8455,-560,-2,12.481844
15673.697,-7856,8461,-561,3,12.491710999999999
15683.572,-7862,8468,-561,2,12.501586
15693.445,-7868,8474,-562,-1,12.511458999999999
15703.332,-7874,8481,-562,0,12.521346000000001
15713.198,-7880,8488,-563,-4,12.531212
15723.069,-7886,8494,-563,2,12.541082999999999
15732.947,-7892,8500,-564,0,12.550961
15742.833,-7899,8507,-564,2,12.560847
15752.694,-7904,8513,-565,-3,12.570707999999998
15762.573,-7911,8520,-565,1,12.580587
15772.448,-7917,8526,-566,-2,12.590461999999999
15782.329,-7923,8533,-566,-1,12.600343
15792.198,-7929,8539,-566,1,12.610211999999999
15802.073,-7935,8546,-567,0,12.620087
15811.944,-7942,8553,-568,-1,12.629957999999998
15821.833,-7948,8560,-568,0,12.639847000000001
15831.697,-7955,8567,-569,0,12.649711
15841.57,-7961,8573,-569,-2,12.659583999999999
15851.448,-7967,8580,-569,-3,12.669462
15861.333,-7973,8586,-570,2,12.679347000000002
15871.195,-7980,8593,-571,1,12.689208999999998
15881.073,-7986,8600,-571,3,12.699086999999999
15890.948,-7992,8606,-571,-1,12.708962
15900.829,-7998,8613,-572,-1,12.718843000000001
15910.698,-8005,8620,-572,0,12.728712
15920.573,-8010,8626,-573,1,12.738586999999999
15930.445,-8017,8633,-573,-2,12.748458999999999
15940.336,-8023,8639,-573,1,12.758349999999998
15950.208,-8029,8646,-574,3,12.768222000000002
15960.07,-8035,8652,-574,0,12.778084
15969.948,-8041,8659,-575,0,12.787962
15979.833,-8048,8665,-575,4,12.797847
15989.695,-8054,8672,-576,-3,12.807709
15999.578,-8060,8679,-576,0,12.817592000000001
16009.448,-8066,8685,-577,0,12.827461999999999
16019.33,-8072,8692,-577,4,12.837344000000002
16029.198,-8078,8698,-578,2,12.847211999999999
16039.073,-8085,8705,-578,-1,12.857087
16048.945,-8091,8711,-578,-3,12.866959
16058.833,-8097,8718,-579,0,12.876847000000001
16068.699,-8103,8724,-579,-1,12.886713
16078.575,-8109,8731,-580,0,12.896589
16088.448,-8115,8737,-580,0,12.906462
16098.334,-8122,8744,-580,0,12.916348000000001
16108.196,-8128,8750,-581,-1,12.92621
16118.073,-8134,8757,-581,-2,12.936086999999999
16127.948,-8140,8764,-582,0,12.945962
16137.83,-8147,8770,-582,-5,12.955844
16147.699,-8153,8777,-582,-2,12.965713
16157.574,-8159,8783,-583,0,12.975588
16167.446,-8166,8790,-583,1,12.98546
16177.335,-8172,8797,-584,0,12.995349
16187.199,-8178,8803,-584,-2,13.005213
16197.074,-8184,8810,-585,1,13.015088
16206.949,-8190,8817,-585,0,13.024963
16216.834,-8196,8823,-586,0,13.034848000000002
16226.696,-8202,8830,-586,-3,13.044709999999998
16236.574,-8209,8837,-587,1,13.054587999999999
16246.453,-8215,8843,-587,-1,13.064467
16256.331,-8221,8850,-587,4,13.074345000000001
16266.199,-8227,8857,-588,0,13.084213
16276.083,-8233,8863,-588,1,13.094097000000001
16285.948,-8239,8870,-589,1,13.103962
16295.834,-8246,8876,-589,0,13.113848000000003
16305.708,-8252,8883,-590,-2,13.123722
16315.571,-8258,8889,-590,0,13.133584999999998
16325.45,-8264,8896,-591,0,13.143464
16335.334,-8270,8902,-591,-2,13.153348000000001
16345.196,-8276,8909,-592,-3,13.16321
16355.074,-8282,8915,-592,-1,13.173088
16364.949,-8289,8922,-593,2,13.182962999999999
16374.831,-8295,8928,-593,5,13.192845000000002
16384.7,-8301,8935,-593,0,13.202714
16394.575,-8307,8941,-594,0,13.212589
16404.446,-8314,8948,-594,0,13.22246
16414.329,-8320,8955,-595,3,13.232343
16424.199,-8326,8961,-595,1,13.242213
16434.072,-8332,8968,-595,2,13.252085999999998
16443.951,-8338,8974,-596,0,13.261965
16453.837,-8345,8981,-596,-1,13.271850999999998
16463.697,-8351,8988,-597,0,13.281711
16473.574,-8357,8994,-597,-1,13.291587999999999
16483.453,-8363,9000,-598,2,13.301467
16493.332,-8369,9007,-598,0,13.311345999999999
16503.2,-8375,9013,-599,-3,13.321214
16513.075,-8382,9020,-599,-3,13.331089
16522.948,-8388,9027,-599,0,13.340962
16532.835,-8394,9033,-600,2,13.350848999999998
16542.7,-8401,9040,-600,-1,13.360714
16552.573,-8407,9046,-601,1,13.370586999999999
16562.45,-8413,9053,-601,0,13.380464
16572.336,-8419,9059,-602,-2,13.390349999999998
16582.197,-8425,9066,-602,0,13.400210999999999
16592.075,-8432,9072,-602,-3,13.410089
16601.951,-8438,9079,-603,0,13.419965
16611.832,-8444,9086,-603,0,13.429845999999998
16621.701,-8450,9092,-604,0,13.439715
16631.575,-8456,9099,-604,3,13.449589
16641.447,-8462,9106,-605,3,13.459461
16651.335,-8468,9113,-605,-2,13.469348999999998
16661.213,-8475,9119,-606,-2,13.479226999999998
16671.072,-8481,9126,-606,-2,13.489085999999999
16680.951,-8487,9132,-606,0,13.498965
16690.836,-8493,9139,-607,2,13.508849999999999
16700.702,-8499,9145,-608,0,13.518716
16710.575,-8505,9152,-608,2,13.528589
16720.451,-8512,9159,-609,2,13.538465
16730.333,-8518,9165,-609,0,13.548346999999998
16740.201,-8524,9172,-609,-2,13.558215
16750.079,-8530,9178,-610,-2,13.568093000000001
16759.95,-8536,9185,-610,-1,13.577964
16769.839,-8542,9191,-611,5,13.587852999999999
16779.703,-8548,9198,-611,-1,13.597717000000001
16789.576,-8554,9204,-611,0,13.60759
16799.454,-8561,9211,-612,2,13.617468
16809.339,-8567,9217,-612,0,13.627353
16819.21,-8573,9224,-613,3,13.637223999999998
16829.079,-8579,9230,-613,0,13.647093
16838.961,-8586,9237,-614,-1,13.656975
16848.846,-8592,9244,-614,0,13.66686
16858.704,-8598,9250,-615,2,13.676718000000001
16868.578,-8604,9257,-615,0,13.686592000000001
16878.451,-8610,9264,-616,1,13.696465
16888.339,-8616,9270,-616,-2,13.706353
16898.204,-8622,9277,-617,1,13.716218000000001
16908.077,-8628,9283,-617,0,13.726091
16917.954,-8634,9290,-617,2,13.735968000000002
16927.848,-8641,9296,-618,0,13.745862
16937.701,-8647,9303,-618,0,13.755715
16947.584,-8653,9310,-619,3,13.765597999999999
16957.454,-8659,9317,-619,0,13.775468
16967.336,-8665,9323,-619,-1,13.78535
16977.202,-8672,9330,-620,0,13.795216
16987.077,-8678,9336,-620,-4,13.805091000000001
16996.951,-8684,9343,-620,-1,13.814965
17006.832,-8691,9350,-621,-1,13.824845999999997
17016.702,-8697,9356,-621,0,13.834716
17026.579,-8704,9364,-622,0,13.844593000000001
17036.452,-8710,9370,-622,4,13.854466
17046.338,-8717,9377,-623,0,13.864351999999998
17056.199,-8723,9383,-623,0,13.874213
17066.081,-8729,9390,-624,2,13.884094999999997
17075.963,-8735,9396,-624,1,13.893977
17085.834,-8742,9403,-624,0,13.903847999999998
17095.702,-8742,9403,-624,-1,13.913716
17105.577,-8749,9410,-624,0,13.923591
17115.449,-8755,9417,-625,1,13.933463
17125.331,-8761,9423,-625,-1,13.943344999999997
17135.203,-8767,9430,-626,-2,13.953217
17145.075,-8774,9436,-626,0,13.963089
17154.947,-8780,9443,-627,-5,13.972961
17164.838,-8787,9450,-627,0,13.982852
17174.703,-8794,9457,-628,-1,13.992717
17184.578,-8800,9463,-628,-2,14.002592
17194.45,-8807,9471,-629,0,14.012464
17204.338,-8813,9477,-630,0,14.022352
17214.203,-8819,9483,-630,1,14.032217000000001
17224.077,-8826,9490,-630,3,14.042091000000001
17233.948,-8832,9496,-631,3,14.051962
17243.839,-8838,9503,-632,4,14.061853
17253.7,-8844,9510,-632,2,14.071714
17263.588,-8851,9516,-632,-1,14.081601999999998
17273.453,-8858,9524,-633,0,14.091467
17283.335,-8864,9530,-633,3,14.101348999999999
17293.203,-8870,9537,-634,1,14.111217
17303.082,-8876,9543,-634,0,14.121095999999998
17312.951,-8882,9550,-634,0,14.130965
17322.839,-8888,9556,-635,-2,14.140853
17332.703,-8895,9563,-635,0,14.150717
17342.575,-8901,9569,-635,0,14.160589
17352.453,-8907,9576,-636,0,14.170467
17362.339,-8913,9582,-636,-3,14.180352999999998
17372.202,-8919,9589,-637,-2,14.190216
17382.078,-8925,9595,-637,2,14.200092
17391.954,-8931,9601,-638,-1,14.209968
17401.836,-8937,9608,-638,0,14.21985
17411.704,-8943,9614,-639,1,14.229718
17421.58,-8949,9621,-639,-2,14.239594
17431.451,-8956,9627,-640,0,14.249465
17441.339,-8962,9634,-640,0,14.259352999999999
17451.206,-8968,9640,-641,0,14.269219999999997
17461.076,-8974,9647,-641,0,14.27909
17470.955,-8980,9653,-641,-2,14.288969000000002
17480.849,-8986,9659,-642,0,14.298862999999997
17490.701,-8992,9666,-642,1,14.308715
17500.58,-8998,9672,-643,0,14.318594000000001
17510.455,-9004,9679,-644,1,14.328469
17520.336,-9010,9685,-644,1,14.338349999999998
17530.205,-9017,9691,-644,0,14.348219
17540.089,-9023,9698,-645,0,14.358103
17549.952,-9029,9705,-645,0,14.367966000000001
17559.85,-9035,9711,-645,-1,14.377863999999997
17569.705,-9042,9718,-646,1,14.387719
17579.577,-9048,9724,-646,-5,14.397591
17589.455,-9054,9731,-647,0,14.407469
17599.34,-9060,9737,-647,-1,14.417354
17609.202,-9066,9743,-648,1,14.427216
17619.075,-9072,9750,-648,-2,14.437089
17628.955,-9079,9757,-649,2,14.446969000000001
17638.837,-9085,9763,-649,-1,14.456850999999999
17648.705,-9091,9770,-649,2,14.466719000000001
17658.583,-9098,9776,-650,1,14.476596999999998
17668.452,-9104,9783,-650,0,14.486466
17678.341,-9110,9789,-651,-2,14.496355
17688.206,-9116,9796,-651,3,14.506219999999997
17698.078,-9122,9802,-651,-3,14.516092
17707.956,-9128,9809,-652,0,14.525969999999997
17717.841,-9134,9816,-652,3,14.535855
17727.703,-9140,9822,-653,1,14.545717
17737.588,-9146,9829,-653,0,14.555601999999999
17747.456,-9152,9835,-654,-1,14.565469999999998
17757.338,-9159,9841,-654,0,14.575351999999999
17767.206,-9165,9848,-655,1,14.585219999999998
17777.081,-9171,9854,-655,0,14.595094999999997
17786.953,-9177,9860,-656,0,14.604967
17796.847,-9183,9867,-656,2,14.614861000000001
17806.706,-9189,9874,-657,1,14.624719999999998
17816.578,-9196,9880,-657,-3,14.634592000000001
17826.457,-9202,9887,-657,3,14.644470999999998
17836.352,-9208,9893,-658,0,14.654365999999998
17846.203,-9214,9899,-658,1,14.664217
17856.081,-9220,9906,-659,-1,14.674094999999998
17865.957,-9226,9912,-659,4,14.683970999999998
17875.839,-9232,9918,-660,0,14.693852999999999
17885.707,-9239,9925,-660,0,14.703720999999998
17895.582,-9245,9931,-661,1,14.713595999999997
17905.454,-9251,9938,-661,2,14.723468
17915.342,-9257,9944,-662,1,14.733356
17925.217,-9263,9951,-662,0,14.743231
17935.089,-9269,9957,-662,0,14.753103
17944.967,-9276,9964,-663,0,14.762981
17954.843,-9282,9970,-663,0,14.772857
17964.705,-9288,9977,-664,1,14.782719
17974.582,-9295,9984,-665,2,14.792595999999998
17984.456,0,0,0,1,14.802469999999998
17994.339,-5,6,0,1,14.812353
18004.207,-11,12,0,-4,14.822220999999997
18014.083,-17,19,-1,1,14.832096999999997
18023.955,-23,26,-1,0,14.841969
18033.843,-29,33,-2,0,14.851857
18043.708,-35,40,-2,0,14.861721999999999
18053.582,-41,47,-3,-1,14.871595999999998
18063.461,-47,54,-3,1,14.881474999999998
18073.348,-53,61,-4,0,14.891362
18083.206,-59,68,-4,0,14.901219999999997
18093.089,-65,74,-4,0,14.911102999999999
18102.957,-71,81,-5,-2,14.920970999999998
18112.848,-77,88,-5,1,14.930862000000001
18122.713,-83,95,-6,1,14.940726999999999
18132.588,-89,102,-6,0,14.950601999999998
18142.459,-95,109,-7,0,14.960472999999999
18152.347,-102,115,-7,2,14.970361
18162.212,-108,122,-7,0,14.980225999999998
18172.084,-114,129,-8,0,14.990097999999998
18181.963,-120,136,-8,-1,14.999977
18191.848,-126,143,-8,0,15.009862000000002
18201.709,-132,150,-9,0,15.019722999999997
18211.588,-138,156,-9,3,15.029601999999999
18221.463,-144,163,-9,1,15.039477
18231.35,-150,170,-10,-1,15.049363999999997
18241.213,-156,177,-10,0,15.059226999999998
18251.098,-162,184,-11,0,15.069112
18260.96,-169,190,-11,2,15.078973999999999
18270.848,-175,197,-12,0,15.088862
18280.714,-181,204,-12,-2,15.098728
18290.585,-187,211,-13,0,15.108598999999998
18300.454,-193,218,-13,0,15.118468
18310.349,-200,225,-14,-3,15.128362999999997
18320.207,-206,232,-14,-1,15.138220999999998
18330.086,-212,239,-15,0,15.148099999999998
18339.96,-218,246,-15,2,15.157973999999998
18349.842,-224,253,-16,0,15.167856
18359.71,-230,259,-16,1,15.177723999999998
18369.586,-236,266,-17,-1,15.187599999999998
18379.468,-242,273,-17,1,15.197482
18389.346,-249,280,-18,-2,15.207360000000001
18399.211,-255,287,-18,0,15.217225
18409.083,-261,294,-18,-2,15.227096999999999
18418.961,-267,301,-19,0,15.236975
18428.846,-273,307,-19,0,15.24686
18438.708,-280,314,-20,-1,15.256721999999998
18448.591,-286,321,-20,2,15.266605
18458.462,-292,328,-21,2,15.276475999999999
18468.343,-299,336,-21,2,15.286357
18478.206,-299,336,-21,2,15.296219999999998
18488.087,-305,343,-22,-3,15.306100999999998
18497.965,-312,350,-22,0,15.315978999999999
18507.846,-318,357,-23,-3,15.32586
18517.711,-325,365,-23,0,15.335724999999998
18527.584,-331,372,-24,1,15.345597999999999
18537.457,-338,379,-25,0,15.355470999999998
18547.347,-344,386,-25,0,15.365361
18557.209,-350,392,-25,2,15.375222999999998
18567.081,-356,399,-26,0,15.385094999999998
18576.962,-362,406,-26,0,15.394975999999998
18586.844,-368,413,-27,-1,15.404858
18596.712,-375,420,-27,0,15.414725999999998
18606.587,-381,428,-28,-1,15.424601
18616.459,-387,434,-28,3,15.434472999999999
18626.347,-394,442,-29,4,15.444361
18636.216,-400,448,-29,3,15.454229999999999
18646.084,-406,455,-29,-2,15.464097999999998
18655.962,-412,462,-29,2,15.473975999999999
18665.848,-418,469,-30,-2,15.483862
18675.717,-424,476,-30,0,15.493731
18685.597,-431,482,-30,1,15.503611000000001
18695.463,-437,489,-31,0,15.513476999999998
18705.345,-443,495,-31,0,15.523359000000001
18715.225,-449,502,-32,-1,15.533238999999998
18725.088,-455,509,-32,1,15.543102
18734.96,-461,516,-33,0,15.552973999999999
18744.849,-467,523,-33,0,15.562862999999998
18754.714,-473,530,-33,0,15.572728
18764.586,-479,536,-34,4,15.5826
18774.464,-485,543,-35,0,15.592478
18784.349,-492,550,-35,1,15.602362999999997
18794.211,-498,556,-36,1,15.612224999999999
18804.089,-504,563,-36,1,15.622103
18813.964,-510,570,-37,0,15.631977999999998
18823.854,-517,577,-37,0,15.641867999999999
18833.716,-523,583,-37,2,15.651729999999999
18843.589,-529,590,-38,0,15.661603
18853.461,-535,597,-38,0,15.671475
18863.349,-541,604,-39,0,15.681362999999997
18873.215,-547,611,-39,1,15.691229
18883.086,-553,618,-40,0,15.701099999999999
18892.965,-559,624,-40,0,15.710979
18902.852,-565,631,-41,0,15.720865999999997
18912.712,-571,638,-41,1,15.730725999999999
18922.6,-577,645,-42,2,15.740613999999997
18932.475,-583,652,-42,1,15.750488999999998
18942.356,-589,658,-43,3,15.760369999999998
18952.215,-595,665,-43,-1,15.770228999999999
18962.091,-601,672,-43,0,15.780104999999999
18971.973,-607,679,-44,1,15.789987000000002
18981.851,-613,686,-44,3,15.799864999999999
18991.716,-619,692,-45,1,15.80973
19001.588,-625,699,-45,0,15.819602
19011.473,-632,705,-46,-4,15.829487
19021.352,-638,712,-46,2,15.839365999999998
19031.213,-644,719,-47,-2,15.849226999999999
19041.092,-650,726,-47,0,15.859106
19050.966,-656,732,-47,4,15.868979999999999
19060.858,-662,739,-48,-4,15.878872
19070.717,-668,746,-48,-2,15.888731
19080.592,-674,753,-49,3,15.898606
19090.463,-680,760,-49,3,15.908477
19100.352,-687,766,-50,-1,15.918365999999999
19110.223,-693,773,-50,-1,15.928237000000001
19120.089,-699,780,-51,1,15.938103
19129.97,-705,787,-51,1,15.947984
19139.853,-711,794,-52,0,15.957866999999998
19149.725,-717,800,-52,0,15.967738999999998
19159.593,-723,807,-53,0,15.977607
19169.467,-729,814,-53,1,15.987480999999999
19179.35,-735,821,-54,-2,15.997363999999997
19189.218,-741,828,-54,0,16.007232
19199.095,-747,835,-55,-3,16.017109
19208.965,-754,841,-55,0,16.026979
19218.865,-760,848,-55,0,16.036879000000003
19228.718,-766,855,-56,-2,16.046732
19238.59,-772,861,-56,0,16.056604
19248.469,-778,868,-57,0,16.066483
19258.353,-784,875,-57,-1,16.076366999999998
19268.218,-790,882,-58,0,16.086232
19278.094,-796,889,-58,2,16.096108
19287.969,-802,895,-58,1,16.105983000000002
19297.85,-808,902,-59,0,16.115864
19307.719,-814,909,-59,0,16.125733
19317.594,-820,916,-60,0,16.135608
19327.466,-826,922,-60,0,16.14548
19337.354,-832,929,-61,-1,16.155368
19347.22,-838,936,-61,1,16.165234
19357.091,-844,943,-61,3,16.175105
19366.98,-850,950,-62,2,16.184994
19376.862,-856,957,-62,1,16.194876
19386.716,-862,964,-63,-4,16.204729999999998
19396.595,-868,970,-63,-1,16.214609
19406.47,-875,977,-63,0,16.224484
19416.352,-881,984,-64,1,16.234365999999998
19426.22,-887,991,-64,-2,16.244234
19436.097,-893,998,-64,2,16.254111
19445.964,-899,1004,-65,2,16.263977999999998
19455.857,-906,1011,-65,-1,16.273871
19465.723,-912,1018,-66,0,16.283737000000002
19475.595,-917,1025,-66,2,16.293609
19485.474,-924,1032,-67,-1,16.303487999999998
19495.358,-930,1038,-67,0,16.313372
19505.22,-936,1045,-68,0,16.323234
19515.098,-942,1052,-68,-1,16.333112
19524.974,-948,1059,-69,-4,16.342988
19534.859,-954,1066,-69,0,16.352873
19544.724,-961,1072,-70,-2,16.362737999999997
19554.598,-967,1079,-70,4,16.372612
19564.471,-973,1086,-70,2,16.382485
19574.359,-979,1093,-71,-2,16.392373
19584.225,-985,1100,-71,4,16.402238999999998
19594.096,-991,1107,-71,-1,16.412110000000002
19603.974,-997,1113,-72,-2,16.421988
19613.859,-1003,1120,-73,0,16.431873
19623.722,-1009,1127,-73,-1,16.441736000000002
19633.608,-1016,1134,-74,2,16.451622
19643.475,-1022,1140,-74,0,16.461488999999997
19653.359,-1028,1147,-74,-2,16.471373
19663.222,-1034,1154,-75,-1,16.481236
19673.098,-1040,1160,-75,-2,16.491112
19682.97,-1046,1167,-75,0,16.500984
19692.858,-1053,1174,-76,0,16.510872
19702.723,-1059,1181,-76,-1,16.520737
19712.595,-1065,1188,-77,-1,16.530609000000002
19722.473,-1071,1195,-77,0,16.540487000000002
19732.36,-1077,1201,-78,0,16.550374
19742.23,-1084,1209,-79,-1,16.560243999999997
19752.103,-1090,1215,-79,3,16.570117
19761.974,-1096,1222,-79,2,16.579987999999997
19771.857,-1103,1229,-80,-1,16.589871
19781.724,-1103,1229,-80,1,16.599738
19791.599,-1110,1237,-80,2,16.609612999999996
19801.471,-1116,1244,-81,4,16.619485
19811.359,-1122,1250,-81,0,16.629373
19821.224,-1128,1257,-82,0,16.639238
19831.096,-1134,1264,-82,1,16.64911
19840.979,-1140,1271,-83,0,16.658993
19850.859,-1147,1278,-83,2,16.668872999999998
19860.721,-1153,1285,-84,-4,16.678735
19870.606,-1159,1293,-84,0,16.68862
19880.475,-1165,1300,-85,0,16.698489
19890.36,-1172,1306,-85,-1,16.708374
19900.225,-1178,1313,-86,0,16.718238999999997
19910.11,-1184,1320,-86,0,16.728124
19919.972,-1190,1326,-87,1,16.737986
19929.86,-1196,1333,-87,2,16.747874
19939.725,-1202,1340,-87,0,16.757738999999997
19949.607,-1209,1346,-88,1,16.767621
19959.475,-1215,1353,-88,-1,16.777489
19969.37,-1221,1360,-89,1,16.787384
19979.222,-1227,1367,-89,-1,16.797236
19989.101,-1233,1374,-90,0,16.807115
19998.977,-1239,1380,-90,-2,16.816990999999998
20008.858,-1245,1387,-91,-2,16.826871999999998
20018.726,-1251,1394,-91,0,16.83674
20028.601,-1257,1401,-91,-2,16.846614999999996
20038.473,-1263,1408,-92,0,16.856487
20048.356,-1269,1414,-92,0,16.86637
20058.227,-1276,1421,-93,-4,16.876240999999997
20068.099,-1282,1428,-93,1,16.886112999999998
20077.977,-1288,1435,-94,1,16.895991
20087.863,-1294,1441,-94,0,16.905877
20097.732,-1300,1448,-95,1,16.915746
20107.602,-1306,1455,-95,2,16.925615999999998
20117.487,-1312,1462,-95,1,16.935501
20127.36,-1318,1469,-96,0,16.945374
20137.228,-1325,1475,-96,1,16.955242
20147.113,-1331,1482,-96,1,16.965127
20156.975,-1337,1489,-97,-3,16.974988999999997
20166.863,-1343,1496,-97,0,16.984877
20176.728,-1349,1502,-98,2,16.994742
20186.6,-1355,1509,-99,-3,17.004613999999997
20196.478,-1361,1516,-99,-2,17.014491999999997
20206.364,-1367,1523,-99,-2,17.024378000000002
20216.233,-1373,1530,-100,0,17.034247
20226.103,-1379,1536,-100,-1,17.044117
20235.979,-1385,1543,-101,-2,17.053993
20245.861,-1391,1550,-101,0,17.063875
20255.724,-1397,1556,-102,0,17.073738
20265.605,-1404,1563,-102,-1,17.083619
20275.476,-1410,1570,-103,3,17.09349
20285.359,-1416,1576,-103,0,17.103373
20295.23,-1422,1583,-104,0,17.113243999999998
20305.101,-1428,1590,-104,3,17.123115
20314.981,-1434,1597,-104,-2,17.132994999999998
20324.865,-1440,1604,-105,2,17.142879
20334.728,-1446,1610,-106,0,17.152742
20344.607,-1452,1617,-106,1,17.162620999999998
20354.481,-1458,1624,-107,-3,17.172494999999998
20364.365,-1464,1630,-107,6,17.182379
20374.231,-1471,1637,-108,0,17.192245
20384.106,-1477,1644,-108,2,17.20212
20393.977,-1483,1650,-108,0,17.211990999999998
20403.866,-1489,1657,-109,-1,17.221880000000002
20413.731,-1495,1664,-109,-2,17.231745
20423.603,-1501,1671,-110,-2,17.241616999999998
20433.481,-1507,1677,-110,-3,17.251495
20443.367,-1513,1684,-111,2,17.261380999999997
20453.228,-1519,1691,-111,-2,17.271241999999997
20463.107,-1525,1698,-111,0,17.281121
20472.981,-1532,1704,-112,0,17.290995
20482.87,-1538,1711,-112,2,17.300884
20492.732,-1544,1718,-112,-5,17.310745999999998
20502.607,-1550,1725,-113,-1,17.320621
20512.479,-1556,1732,-113,-2,17.330492999999997
20522.378,-1562,1739,-114,3,17.340392
20532.232,-1568,1746,-114,-1,17.350246
20542.104,-1574,1752,-115,0,17.360118
20551.983,-1581,1759,-115,3,17.369996999999998
20561.868,-1587,1766,-116,-3,17.379882
20571.73,-1593,1773,-116,2,17.389744
20581.607,-1599,1780,-117,-1,17.399621
20591.483,-1605,1786,-117,0,17.409496999999998
20601.365,-1611,1793,-118,-1,17.419379
20611.243,-1617,1800,-118,-1,17.429256999999996
20621.108,-1623,1807,-119,2,17.439122
20630.98,-1629,1813,-119,0,17.448994
20640.869,-1635,1820,-120,2,17.458882999999997
20650.734,-1641,1827,-120,3,17.468747999999998
20660.606,-1647,1834,-121,-4,17.47862
20670.489,-1653,1841,-121,0,17.488503
20680.382,-1659,1847,-122,0,17.498396
20690.231,-1665,1854,-122,0,17.508245
20700.109,-1672,1861,-122,0,17.518123
20709.985,-1678,1868,-123,1,17.527999
20719.866,-1684,1874,-123,-2,17.53788
20729.735,-1690,1881,-124,-1,17.547749
20739.61,-1696,1888,-124,-2,17.557624
20749.488,-1702,1894,-125,0,17.567502
20759.37,-1708,1901,-125,3,17.577384
20769.243,-1714,1908,-126,1,17.587256999999997
20779.109,-1720,1915,-126,1,17.597123
20788.988,-1726,1922,-126,0,17.607002
20798.874,-1732,1928,-127,-3,17.616888
20808.735,-1738,1935,-127,-4,17.626749
20818.613,-1745,1942,-128,2,17.636627
20828.489,-1751,1949,-128,-1,17.646503
20838.376,-1756,1955,-129,0,17.65639
20848.239,-1762,1962,-129,3,17.666253
20858.114,-1768,1969,-129,2,17.676128000000002
20867.995,-1774,1976,-130,0,17.686009
20877.883,-1780,1982,-130,0,17.695897000000002
20887.739,-1787,1989,-131,0,17.705753
20897.613,-1793,1996,-131,0,17.715627
20907.498,-1798,2002,-131,1,17.725512
20917.375,-1804,2009,-132,-3,17.735388999999998
20927.248,-1810,2016,-132,-4,17.745262
20937.115,-1816,2022,-133,2,17.755129
20946.989,-1822,2029,-133,0,17.765003
20956.872,-1829,2036,-134,0,17.774886
20966.741,-1835,2042,-134,1,17.784755
20976.615,-1841,2049,-135,2,17.794629
20986.488,-1847,2055,-135,0,17.804502
20996.376,-1854,2063,-135,-2,17.81439
21006.238,-1860,2069,-136,0,17.824252
21016.111,-1866,2076,-136,3,17.834125
21025.994,-1872,2083,-137,0,17.844008
21035.874,-1878,2090,-137,0,17.853887999999998
21045.747,-1885,2097,-138,0,17.863761
21055.614,-1891,2104,-138,0,17.873628
21065.49,-1898,2111,-138,0,17.883504000000002
21075.371,-1904,2118,-139,-1,17.893385
21085.239,-1910,2125,-139,2,17.903253
21095.124,-1917,2132,-140,-2,17.913138
21104.987,-1923,2140,-140,1,17.923001
21114.875,-1929,2147,-141,1,17.932889
21124.74,-1935,2153,-141,3,17.942754
21134.612,-1942,2161,-141,1,17.952626
21144.488,-1942,2161,-141,3,17.962502
21154.376,-1949,2168,-142,0,17.97239
21164.239,-1955,2175,-142,1,17.982253
21174.116,-1961,2182,-143,1,17.99213
21183.991,-1967,2189,-143,0,18.002005
21193.881,-1974,2196,-143,0,18.011895
21203.741,-1980,2203,-144,0,18.021755000000002
21213.627,-1986,2210,-144,-1,18.031641
21223.488,-1993,2217,-145,2,18.041502
21233.377,-1999,2224,-145,3,18.051391
21243.247,-2005,2231,-145,-2,18.061261
21253.113,-2011,2238,-146,-2,18.071127
21262.986,-2017,2244,-146,-4,18.081
21272.877,-2024,2251,-146,1,18.090891
21282.755,-2030,2258,-147,0,18.100769
21292.626,-2036,2264,-147,1,18.11064
21302.499,-2042,2271,-148,1,18.120513
21312.382,-2048,2278,-148,3,18.130396
21322.245,-2055,2286,-149,1,18.140258999999997
21332.128,-2061,2292,-149,-2,18.150142
21341.999,-2067,2300,-150,0,18.160013
21351.887,-2074,2307,-150,0,18.169901
21361.753,-2080,2314,-151,1,18.179767
21371.625,-2086,2320,-151,-1,18.189639
21381.503,-2092,2327,-151,1,18.199517
21391.389,-2098,2334,-152,0,18.209403
21401.25,-2104,2341,-152,0,18.219264
21411.129,-2110,2348,-153,-2,18.229143
21420.998,-2116,2354,-153,0,18.239012
21430.879,-2122,2361,-154,0,18.248893
21440.748,-2128,2367,-154,0,18.258761999999997
21450.62,-2134,2374,-154,4,18.268634
21460.499,-2140,2381,-155,0,18.278513
21470.385,-2146,2387,-155,1,18.288399
21480.246,-2152,2394,-155,0,18.29826
21490.117,-2158,2401,-156,-1,18.308130999999996
21499.995,-2164,2408,-156,1,18.318008999999996
21509.88,-2171,2414,-157,2,18.327894
21519.742,-2177,2421,-158,0,18.337756
21529.621,-2183,2428,-158,2,18.347634999999997
21539.496,-2189,2435,-158,-2,18.357509999999998
21549.378,-2195,2442,-158,0,18.367392
21559.246,-2201,2448,-159,0,18.37726
21569.121,-2207,2455,-159,1,18.387134999999997
21578.993,-2214,2462,-160,-1,18.397007
21588.881,-2220,2469,-160,0,18.406895
21598.747,-2226,2475,-161,-2,18.416760999999997
21608.629,-2232,2482,-161,0,18.426643
21618.497,-2238,2488,-162,-1,18.436511
21628.382,-2244,2495,-162,0,18.446396
21638.244,-2250,2502,-163,1,18.456258
21648.133,-2256,2508,-163,1,18.466147
21657.998,-2263,2515,-163,5,18.476011999999997
21667.879,-2269,2522,-164,0,18.485893
21677.748,-2275,2528,-164,0,18.495762
21687.623,-2280,2535,-165,0,18.505637
21697.495,-2286,2541,-165,1,18.515508999999998
21707.383,-2293,2548,-166,1,18.525397
21717.249,-2299,2555,-166,-1,18.535263
21727.12,-2305,2561,-167,0,18.545133999999997
21736.999,-2311,2568,-167,0,18.555013
21746.884,-2317,2575,-168,0,18.564897999999996
21756.746,-2323,2582,-168,-1,18.574759999999998
21766.624,-2329,2588,-169,0,18.584637999999998
21776.499,-2336,2595,-169,-2,18.594513
21786.387,-2342,2601,-170,0,18.604401
21796.249,-2348,2608,-170,3,18.614262999999998
21806.125,-2354,2615,-171,0,18.624139
21816.002,-2360,2622,-171,0,18.634016
21825.885,-2366,2629,-171,1,18.643898999999998
21835.751,-2372,2635,-172,0,18.653765
21845.631,-2379,2642,-173,1,18.663645
21855.5,-2385,2649,-173,0,18.673514
21865.393,-2391,2656,-173,-1,18.683407
21875.247,-2397,2662,-174,-1,18.693261
21885.136,-2403,2669,-175,0,18.703149999999997
21895.009,-2409,2676,-175,2,18.713022999999996
21904.889,-2415,2683,-176,0,18.722903
21914.751,-2421,2690,-176,-2,18.732765
21924.626,-2427,2696,-177,0,18.742639999999998
21934.498,-2433,2703,-177,-1,18.752512
21944.395,-2440,2710,-177,0,18.762408999999998
21954.262,-2446,2717,-177,-1,18.772275999999998
21964.14,-2452,2724,-178,0,18.782154
21974.008,-2458,2730,-178,-3,18.792022
21983.895,-2464,2737,-179,-1,18.801909
21993.76,-2470,2744,-179,-1,18.811773999999996
22003.639,-2476,2750,-179,-2,18.821652999999998
22013.516,-2482,2757,-180,0,18.831529999999997
22023.39,-2488,2763,-180,2,18.841403999999997
22033.264,-2494,2770,-181,0,18.851277999999997
22043.142,-2500,2777,-181,-5,18.861155999999998
22053.013,-2506,2784,-182,-2,18.871026999999998
22062.903,-2512,2790,-182,2,18.880916999999997
22072.77,-2518,2797,-183,0,18.890784
22082.643,-2524,2804,-183,0,18.900657
22092.516,-2530,2811,-184,0,18.910529999999998
22102.41,-2536,2818,-185,-3,18.920424
22112.261,-2542,2824,-185,0,18.930274999999998
22122.136,-2548,2831,-185,1,18.94015
22132.015,-2554,2838,-186,-1,18.950028999999997
22141.899,-2560,2845,-186,0,18.959913
22151.762,-2566,2851,-187,-1,18.969776
22161.64,-2573,2858,-187,3,18.979654
22171.507,-2579,2865,-188,5,18.989521
22181.398,-2585,2871,-188,-5,18.999412
22191.261,-2591,2878,-188,3,19.009275
22201.132,-2597,2885,-189,1,19.019146
22211.01,-2603,2891,-189,-1,19.029023999999996
22220.895,-2609,2898,-190,1,19.038909
22230.755,-2615,2905,-190,-2,19.048769
22240.643,-2621,2911,-191,-2,19.058657
22250.516,-2627,2918,-191,0,19.06853
22260.39,-2633,2925,-192,0,19.078404
22270.259,-2639,2931,-192,0,19.088272999999997
22280.135,-2645,2938,-193,0,19.098149
22290.006,-2651,2945,-193,1,19.10802
22299.894,-2657,2951,-194,2,19.117908
22309.76,-2664,2958,-194,0,19.127774
22319.632,-2670,2964,-194,2,19.137646
22329.504,-2676,2971,-195,1,19.147518
22339.396,-2682,2978,-195,0,19.15741
22349.254,-2688,2984,-196,-1,19.167268
22359.137,-2694,2991,-196,3,19.177151
22369.008,-2700,2997,-197,0,19.187022000000002
22378.89,-2706,3004,-197,-1,19.196904
22388.758,-2712,3011,-197,-4,19.206772
22398.633,-2718,3018,-198,0,19.216647000000002
22408.513,-2725,3025,-199,4,19.226526999999997
22418.398,-2731,3032,-199,-2,19.236412
22428.266,-2737,3039,-199,0,19.24628
22438.131,-2744,3046,-200,-3,19.256145
22448.003,-2744,3046,-200,0,19.266017
22457.894,-2750,3053,-200,1,19.275908
22467.756,-2757,3060,-201,2,19.28577
22477.629,-2763,3067,-201,1,19.295643
22487.515,-2769,3074,-202,1,19.305529
22497.392,-2775,3080,-202,0,19.315406
22507.258,-2781,3087,-202,0,19.325272000000002
22517.145,-2787,3094,-203,0,19.335159
22527.007,-2793,3100,-203,0,19.345021
22536.895,-2799,3107,-204,0,19.354909
22546.76,-2805,3114,-204,0,19.364773999999997
22556.632,-2812,3121,-204,-2,19.374646000000002
22566.51,-2818,3128,-205,0,19.384524
22576.4,-2825,3135,-205,5,19.394414
22586.258,-2831,3142,-206,0,19.404272000000002
22596.137,-2837,3148,-206,2,19.414150999999997
22606.017,-2843,3155,-207,1,19.424031
22615.897,-2849,3162,-207,0,19.433911
22625.756,-2855,3169,-207,0,19.44377
22635.637,-2861,3175,-208,-1,19.453650999999997
22645.509,-2867,3181,-208,-1,19.463523
22655.397,-2873,3188,-209,0,19.473411
22665.262,-2879,3195,-209,0,19.483275999999996
22675.134,-2885,3202,-209,-1,19.493147999999998
22685.012,-2892,3208,-210,0,19.503026
22694.915,-2898,3215,-210,5,19.512929
22704.76,-2904,3222,-211,0,19.522774
22714.638,-2910,3229,-211,1,19.532652
22724.516,-2916,3235,-212,0,19.54253
22734.405,-2922,3242,-212,-4,19.552418999999997
22744.263,-2928,3249,-212,-3,19.562276999999998
22754.139,-2935,3255,-213,0,19.572153
22764.011,-2941,3262,-213,-2,19.582024999999998
22773.909,-2947,3268,-213,0,19.591922999999998
22783.764,-2953,3275,-214,6,19.601778
22793.636,-2959,3282,-214,0,19.611649999999997
22803.524,-2965,3289,-215,-2,19.621538
22813.399,-2971,3295,-215,1,19.631413000000002
22823.261,-2977,3302,-216,1,19.641274999999997
22833.149,-2983,3309,-216,0,19.651163
22843.015,-2989,3315,-217,0,19.661029
22852.9,-2995,3322,-217,-2,19.670914
22862.765,-3001,3328,-218,3,19.680778999999998
22872.64,-3007,3335,-218,0,19.690654
22882.522,-3013,3342,-218,3,19.700536
22892.399,-3019,3348,-219,2,19.710413
22902.267,-3025,3355,-219,0,19.720281
22912.138,-3031,3362,-220,3,19.730151999999997
22922.016,-3037,3368,-220,1,19.740029999999997
22931.901,-3043,3375,-220,0,19.749915
22941.763,-3049,3382,-221,0,19.759777
22951.642,-3055,3388,-221,1,19.769655999999998
22961.517,-3061,3395,-222,-2,19.779531
22971.4,-3068,3402,-222,2,19.789414
22981.267,-3074,3408,-223,3,19.799281
22991.152,-3080,3415,-223,2,19.809165999999998
23001.014,-3086,3421,-223,1,19.819028
23010.897,-3092,3428,-224,1,19.828911
23020.768,-3098,3435,-224,0,19.838782
23030.64,-3104,3442,-225,-4,19.848654
23040.518,-3110,3449,-225,1,19.858532
23050.403,-3116,3455,-226,1,19.868416999999997
23060.265,-3122,3462,-226,0,19.878279
23070.144,-3128,3468,-227,1,19.888158
23080.018,-3134,3475,-227,1,19.898032
23089.901,-3140,3481,-228,0,19.907915
23099.775,-3146,3488,-228,-3,19.917789
23109.645,-3152,3495,-228,0,19.927659
23119.516,-3158,3501,-229,0,19.93753
23129.405,-3164,3508,-229,3,19.947418999999996
23139.27,-3170,3515,-230,0,19.957284
23149.142,-3177,3522,-230,-1,19.967156
23159.02,-3183,3528,-230,2,19.977034
23168.906,-3189,3535,-231,1,19.986919999999998
23178.767,-3195,3542,-231,0,19.996781
23188.646,-3201,3548,-231,4,20.00666
23198.521,-3207,3555,-232,0,20.016535
23208.407,-3213,3562,-232,-2,20.026421
23218.271,-3219,3569,-232,0,20.036285
23228.155,-3225,3575,-233,2,20.046169
23238.018,-3231,3582,-233,0,20.056032
23247.907,-3237,3589,-234,0,20.065921
23257.772,-3243,3596,-234,-2,20.075786
23267.654,-3249,3602,-235,0,20.085668
23277.522,-3256,3609,-235,0,20.095536
23287.411,-3262,3616,-236,0,20.105425
23297.27,-3268,3622,-236,2,20.115284
23307.148,-3274,3629,-237,0,20.125162
23317.023,-3280,3636,-237,1,20.135037
23326.905,-3286,3642,-238,1,20.144918999999998
23336.778,-3292,3649,-238,-3,20.154791999999997
23346.649,-3298,3656,-239,0,20.164663
23356.52,-3304,3662,-239,0,20.174534
23366.41,-3310,3669,-239,0,20.184424
23376.278,-3316,3676,-240,2,20.194291999999997
23386.148,-3322,3682,-241,0,20.204162
23396.024,-3328,3689,-241,0,20.214038000000002
23405.91,-3334,3695,-241,0,20.223924
23415.78,-3340,3702,-242,1,20.233794
23425.65,-3346,3709,-242,2,20.243664
23435.525,-3352,3715,-242,1,20.253539
23445.412,-3358,3722,-243,-1,20.263426
23455.275,-3364,3729,-243,1,20.273289000000002
23465.151,-3370,3735,-244,0,20.283165
23475.022,-3376,3742,-244,0,20.293036
23484.907,-3383,3748,-245,-5,20.302920999999998
23494.785,-3389,3755,-245,-1,20.312799
23504.651,-3395,3762,-246,-1,20.322665
23514.528,-3401,3768,-246,-2,20.332541999999997
23524.415,-3407,3775,-246,0,20.342429
23534.277,-3413,3781,-247,-1,20.352290999999997
23544.155,-3419,3788,-247,3,20.362168999999998
23554.03,-3425,3795,-248,1,20.372044
23563.912,-3431,3802,-248,-1,20.381926
23573.78,-3437,3808,-249,-1,20.391793999999997
23583.659,-3443,3815,-249,0,20.401673
23593.529,-3449,3821,-249,1,20.411542999999998
23603.416,-3455,3828,-250,1,20.42143
23613.282,-3461,3834,-250,1,20.431296
23623.153,-3467,3841,-251,0,20.441166999999997
23633.03,-3473,3848,-251,0,20.451044
23642.918,-3479,3854,-251,-1,20.460932
23652.778,-3485,3861,-252,0,20.470791999999996
23662.652,-3491,3868,-252,0,20.480665999999996
23672.542,-3497,3874,-252,-2,20.490556
23682.414,-3503,3881,-253,1,20.500428
23692.276,-3509,3888,-253,0,20.51029
23702.158,-3515,3894,-253,0,20.520172
23712.027,-3522,3901,-254,1,20.530040999999997
23721.917,-3528,3908,-254,2,20.539931
23731.78,-3534,3915,-255,0,20.549794
23741.652,-3541,3922,-256,0,20.559665999999996
23751.53,-3547,3929,-256,0,20.569543999999997
23761.416,-3553,3936,-256,0,20.57943
23771.277,-3559,3943,-257,-3,20.589290999999996
23781.157,-3566,3950,-257,0,20.599171
23791.031,-3572,3956,-258,0,20.609045
23800.913,-3579,3964,-258,2,20.618927
23810.781,-3586,3970,-258,1,20.628794999999997
23820.657,-3592,3977,-259,0,20.638671
23830.529,-3598,3985,-259,1,20.648542999999997
23840.416,-3598,3985,-259,0,20.65843
23850.283,-3605,3992,-260,-1,20.668297
23860.156,-3611,3999,-260,-1,20.678169999999998
23870.032,-3617,4005,-261,5,20.688046
23879.918,-3623,4012,-261,1,20.697932
23889.78,-3629,4019,-261,3,20.707794
23899.658,-3635,4025,-262,0,20.717672
23909.533,-3642,4033,-262,0,20.727546999999998
23919.422,-3648,4039,-263,-4,20.737436
23929.288,-3655,4047,-264,0,20.747302
23939.167,-3661,4053,-264,-2,20.757181
23949.031,-3667,4061,-265,1,20.767045
23958.925,-3674,4067,-265,5,20.776939
23968.793,-3680,4074,-266,-2,20.786807
23978.666,-3686,4081,-266,0,20.796680000000002
23988.538,-3692,4087,-267,1,20.806552
23998.421,-3699,4095,-267,1,20.816435
24008.282,-3705,4102,-268,0,20.826296
24018.16,-3711,4109,-268,0,20.836174
24028.036,-3717,4115,-269,1,20.846049999999998
24037.918,-3723,4122,-269,1,20.855932
24047.786,-3729,4128,-269,0,20.8658
24057.661,-3735,4135,-270,1,20.875674999999998
24067.533,-3741,4142,-270,1,20.885547
24077.425,-3747,4148,-271,-2,20.895439
24087.287,-3754,4155,-271,0,20.905300999999998
24097.163,-3760,4162,-271,0,20.915177
24107.037,-3766,4168,-272,2,20.925051
24116.922,-3772,4174,-272,0,20.934935999999997
24126.784,-3778,4181,-273,-1,20.944798
24136.662,-3784,4188,-273,0,20.954676
24146.537,-3790,4194,-273,0,20.964551
24156.42,-3796,4201,-274,-1,20.974434
24166.283,-3802,4208,-274,1,20.984296999999998
24176.163,-3808,4214,-275,-2,20.994177
24186.035,-3814,4221,-275,2,21.004049
24195.924,-3820,4227,-275,0,21.013938
24205.79,-3826,4234,-276,0,21.023804
24215.661,-3832,4241,-276,2,21.033675
24225.534,-3838,4247,-277,-1,21.043547999999998
24235.426,-3844,4254,-277,1,21.05344
24245.286,-3850,4260,-277,0,21.063299999999998
24255.17,-3856,4267,-278,-3,21.073183999999998
24265.04,-3862,4274,-278,-2,21.083054
24274.926,-3869,4281,-279,1,21.09294
24284.79,-3875,4287,-279,-5,21.102804
24294.665,-3881,4294,-279,0,21.112679
24304.544,-3887,4300,-280,1,21.122558
24314.426,-3893,4307,-280,0,21.13244
24324.292,-3899,4314,-281,1,21.142306
24334.163,-3905,4320,-281,0,21.152177
24344.042,-3911,4327,-282,0,21.162056
24353.926,-3917,4333,-282,0,21.17194
24363.789,-3924,4340,-283,0,21.181803
24373.661,-3930,4347,-283,0,21.191675
24383.542,-3936,4353,-284,1,21.201556
24393.424,-3942,4360,-284,2,21.211437999999998
24403.298,-3948,4367,-284,0,21.221311999999998
24413.177,-3954,4373,-285,0,21.231191
24423.04,-3960,4380,-285,0,21.241054
24432.928,-3966,4387,-286,1,21.250942
24442.793,-3972,4393,-286,0,21.260807
24452.665,-3978,4400,-287,-1,21.270679
24462.543,-3983,4407,-287,-3,21.280557
24472.435,-3989,4414,-288,1,21.290449
24482.292,-3995,4420,-288,5,21.300306
24492.169,-4002,4427,-289,-1,21.310183000000002
24502.044,-4008,4434,-289,-1,21.320058
24511.936,-4014,4441,-290,-1,21.32995
24521.79,-4020,4447,-290,-1,21.339804
24531.67,-4026,4454,-290,1,21.349683999999996
24541.542,-4032,4460,-291,2,21.359556
24551.43,-4038,4467,-291,2,21.369443999999998
24561.295,-4044,4474,-292,0,21.379309
24571.168,-4050,4480,-292,0,21.389182
24581.045,-4056,4487,-293,3,21.399058999999998
24590.931,-4062,4494,-293,0,21.408945
24600.793,-4068,4500,-293,1,21.418807
24610.671,-4074,4507,-294,2,21.428684999999998
24620.547,-4080,4513,-294,3,21.438560999999996
24630.429,-4086,4520,-294,4,21.448443
24640.297,-4092,4527,-295,1,21.458311
24650.173,-4098,4534,-295,-1,21.468186999999997
24660.044,-4104,4540,-296,2,21.478058
24669.932,-4110,4547,-296,1,21.487946
24679.799,-4116,4553,-297,0,21.497812999999997
24689.67,-4122,4560,-297,1,21.507683999999998
24699.558,-4128,4567,-298,0,21.517572
24709.433,-4134,4573,-298,0,21.527447
24719.295,-4140,4580,-299,-2,21.537308999999997
24729.173,-4146,4587,-299,2,21.547186999999997
24739.049,-4152,4593,-300,0,21.557063
24748.931,-4158,4600,-300,1,21.566945
24758.799,-4164,4606,-300,-1,21.576812999999998
24768.678,-4170,4613,-301,3,21.586692
24778.547,-4176,4620,-301,0,21.596560999999998
24788.435,-4182,4626,-301,-2,21.606449
24798.307,-4188,4633,-302,-1,21.616321
24808.172,-4194,4639,-302,0,21.626185999999997
24818.055,-4200,4646,-303,-4,21.636069
24827.936,-4207,4653,-304,2,21.64595
24837.803,-4213,4660,-304,-1,21.655817
24847.671,-4219,4666,-305,1,21.665684999999996
24857.553,-4225,4673,-306,1,21.675566999999997
24867.436,-4231,4680,-306,0,21.68545
24877.304,-4237,4686,-306,-2,21.695318
24887.181,-4243,4693,-307,1,21.705195
24897.052,-4249,4700,-307,0,21.715066
24906.94,-4255,4706,-308,1,21.724953999999997
24916.808,-4261,4713,-308,0,21.734822
24926.677,-4267,4719,-308,0,21.744691
24936.556,-4273,4726,-309,-2,21.75457
24946.45,-4279,4733,-309,-1,21.764464
24956.303,-4285,4740,-310,0,21.774317
24966.181,-4291,4746,-310,0,21.784195
24976.055,-4297,4753,-311,0,21.794069
24985.938,-4303,4760,-311,-2,21.803952
24995.81,-4309,4767,-312,-1,21.813824
25005.682,-4315,4773,-312,-1,21.823695999999998
25015.554,-4321,4780,-312,2,21.833568
25025.436,-4327,4787,-312,1,21.84345
25035.308,-4333,4793,-313,-1,21.853322
25045.18,-4340,4800,-313,0,21.863194
25055.058,-4346,4806,-314,0,21.873072
25064.953,-4352,4813,-314,3,21.882967
25074.813,-4358,4820,-314,0,21.892826999999997
25084.675,-4364,4826,-315,0,21.902689
25094.566,-4371,4833,-315,-3,21.91258
25104.44,-4377,4840,-316,0,21.922454
25114.307,-4383,4846,-316,-1,21.932320999999998
25124.182,-4389,4853,-316,-4,21.942196
25134.053,-4395,4860,-317,0,21.952067
25143.937,-4401,4867,-317,-3,21.961951000000003
25153.813,-4407,4873,-317,0,21.971826999999998
25163.679,-4414,4881,-318,2,21.981693
25173.552,-4420,4887,-318,-2,21.991566
25183.443,-4426,4894,-319,-4,22.001457
25193.31,-4433,4901,-319,0,22.011324000000002
25203.183,-4433,4901,-319,-2,22.021197
25213.062,-4440,4909,-320,-1,22.031076000000002
25222.951,-4446,4915,-320,0,22.040965
25232.804,-4451,4922,-321,0,22.050818
25242.684,-4458,4928,-321,0,22.060698
25252.556,-4464,4935,-322,-2,22.07057
25262.451,-4470,4942,-322,0,22.080465
25272.31,-4476,4949,-323,0,22.090324
25282.192,-4482,4956,-323,-3,22.100206
25292.061,-4489,4963,-324,0,22.110075000000002
25301.945,-4495,4970,-324,0,22.119958999999998
25311.813,-4502,4977,-325,-3,22.129827
25321.686,-4508,4983,-325,-2,22.1397
25331.561,-4514,4991,-326,0,22.149575000000002
25341.443,-4520,4997,-326,2,22.159457
25351.306,-4527,5004,-327,0,22.16932
25361.187,-4533,5011,-327,2,22.179201000000003
25371.059,-4540,5018,-328,0,22.189073
25380.947,-4546,5025,-328,3,22.198961
25390.812,-4552,5032,-328,-3,22.208826000000002
25400.684,-4558,5039,-329,0,22.218698
25410.573,-4564,5045,-329,-1,22.228587
25420.448,-4570,5052,-330,-2,22.238462
25430.31,-4577,5059,-330,0,22.248324
25440.188,-4583,5065,-331,0,22.258201999999997
25450.064,-4589,5072,-331,0,22.268078
25459.945,-4595,5078,-331,-1,22.277959
25469.814,-4601,5085,-332,1,22.287827999999998
25479.689,-4607,5091,-332,3,22.297703
25489.561,-4613,5098,-333,-2,22.307575
25499.459,-4619,5105,-333,-2,22.317473
25509.315,-4625,5111,-333,0,22.327329
25519.187,-4631,5118,-334,-6,22.337201
25529.065,-4637,5125,-334,1,22.347078999999997
25538.951,-4643,5131,-334,2,22.356965
25548.813,-4649,5138,-335,0,22.366826999999997
25558.691,-4655,5144,-336,3,22.376704999999998
25568.566,-4661,5151,-336,-5,22.38658
25578.448,-4667,5158,-337,0,22.396462
25588.325,-4674,5164,-337,0,22.406339
25598.192,-4680,5171,-337,-1,22.416206
25608.064,-4686,5178,-338,0,22.426077999999997
25617.952,-4692,5184,-338,4,22.435966
25627.818,-4698,5191,-339,0,22.445832
25637.689,-4704,5198,-340,3,22.455702999999996
25647.563,-4710,5205,-340,2,22.465576999999996
25657.454,-4716,5211,-340,0,22.475468
25667.323,-4722,5218,-341,-2,22.485337
25677.193,-4728,5225,-341,0,22.495206999999997
25687.073,-4734,5231,-341,-4,22.505087
25696.951,-4740,5238,-342,2,22.514965
25706.819,-4746,5244,-342,-1,22.524832999999997
25716.694,-4752,5251,-342,3,22.534708
25726.568,-4758,5258,-343,1,22.544582
25736.455,-4764,5264,-343,0,22.554469
25746.32,-4770,5271,-344,0,22.564334
25756.192,-4776,5278,-344,0,22.574205999999997
25766.073,-4782,5284,-345,-1,22.584087
25775.956,-4788,5291,-345,0,22.59397
25785.821,-4794,5297,-345,-4,22.603835
25795.696,-4800,5304,-346,1,22.613709999999998
25805.575,-4806,5310,-346,3,22.623589
25815.454,-4812,5317,-347,-3,22.633468
25825.322,-4818,5323,-347,-1,22.643335999999998
25835.197,-4825,5330,-348,2,22.653211
25845.079,-4831,5337,-348,0,22.663093
25854.957,-4837,5343,-348,-2,22.672970999999997
25864.822,-4843,5350,-348,-1,22.682835999999998
25874.702,-4849,5356,-349,1,22.692716
25884.574,-4855,5363,-349,-4,22.702588
25894.459,-4861,5370,-349,1,22.712473
25904.32,-4867,5377,-350,0,22.722334
25914.199,-4873,5383,-350,1,22.732212999999998
25924.074,-4879,5390,-351,0,22.742088
25933.965,-4885,5396,-351,1,22.751979
25943.824,-4891,5403,-352,0,22.761838
25953.7,-4897,5410,-352,1,22.771714
25963.572,-4903,5416,-353,0,22.781586
25973.47,-4910,5423,-353,-2,22.791484
25983.325,-4916,5429,-354,0,22.801339
25993.197,-4921,5436,-354,-1,22.811211
26003.076,-4928,5442,-354,2,22.82109
26012.961,-4934,5449,-355,0,22.830975
26022.823,-4940,5455,-355,0,22.840837
26032.696,-4946,5462,-356,-1,22.85071
26042.576,-4952,5469,-356,1,22.86059
26052.459,-4958,5475,-357,0,22.870472999999997
26062.327,-4964,5482,-357,-1,22.880341
26072.203,-4970,5488,-357,0,22.890217
26082.074,-4976,5495,-358,-1,22.900088
26091.963,-4982,5501,-358,0,22.909976999999998
26101.828,-4988,5508,-358,0,22.919842
26111.7,-4994,5515,-359,0,22.929714
26121.579,-5000,5521,-359,0,22.939593000000002
26131.463,-5006,5528,-359,0,22.949476999999998
26141.326,-5012,5535,-360,0,22.95934
26151.204,-5018,5541,-360,0,22.969218
26161.08,-5024,5548,-360,-1,22.979094
26170.966,-5029,5554,-361,0,22.988979999999998
26180.83,-5035,5561,-361,-1,22.998844000000002
26190.705,-5041,5568,-361,-1,23.008719
26200.586,-5047,5574,-362,2,23.0186
26210.461,-5053,5581,-362,-3,23.028475
26220.334,-5059,5587,-363,-2,23.038348
26230.2,-5065,5594,-363,0,23.048214
26240.085,-5071,5600,-364,1,23.058099
26249.969,-5078,5607,-364,0,23.067983
26259.832,-5084,5613,-364,0,23.077845999999997
26269.71,-5090,5620,-365,0,23.087723999999998
26279.593,-5096,5627,-365,-1,23.097607
26289.468,-5102,5633,-365,4,23.107482
26299.338,-5108,5639,-366,0,23.117352
26309.211,-5115,5646,-366,0,23.127225
26319.083,-5121,5652,-367,0,23.137096999999997
26328.974,-5127,5659,-367,2,23.146987999999997
26338.837,-5133,5666,-368,1,23.156851
26348.709,-5139,5672,-368,-3,23.166722999999998
26358.581,-5145,5679,-368,0,23.176595
26368.473,-5151,5685,-369,0,23.186487
26378.334,-5157,5692,-369,2,23.196347999999997
26388.213,-5163,5698,-370,0,23.206227
26398.098,-5169,5705,-370,2,23.216112000000003
26407.97,-5175,5711,-371,0,23.225984
26417.833,-5181,5718,-371,-2,23.235847
26427.714,-5187,5725,-371,0,23.245728
26437.583,-5193,5731,-372,0,23.255596999999998
26447.473,-5199,5738,-372,1,23.265487
26457.337,-5206,5745,-373,-1,23.275350999999997
26467.208,-5212,5752,-373,0,23.285221999999997
26477.088,-5212,5752,-373,0,23.295102
26486.97,-5219,5759,-374,0,23.304984
26496.839,-5225,5765,-374,-1,23.314853
26506.712,-5231,5772,-375,0,23.324726
26516.597,-5237,5778,-375,-2,23.334611000000002
26526.47,-5243,5785,-376,-1,23.344484
26536.338,-5249,5791,-376,-1,23.354352
26546.213,-5255,5798,-377,0,23.364227
26556.085,-5261,5804,-377,-3,23.374098999999998
26565.974,-5267,5811,-378,2,23.383988
26575.839,-5273,5818,-378,2,23.393853
26585.711,-5279,5824,-379,-2,23.403724999999998
26595.589,-5285,5831,-379,-3,23.413603
26605.475,-5292,5838,-380,-1,23.423488999999996
26615.343,-5298,5845,-380,-1,23.433357
26625.215,-5305,5852,-381,1,23.443229
26635.092,-5311,5859,-381,-2,23.453106
26644.972,-5317,5866,-382,0,23.462986
26654.845,-5323,5873,-382,-1,23.472859
26664.716,-5330,5880,-383,-3,23.48273
26674.588,-5336,5887,-383,2,23.492601999999998
26684.478,-5342,5893,-384,0,23.502491999999997
26694.341,-5348,5900,-384,-3,23.512355
26704.222,-5354,5907,-385,-2,23.522236
26714.092,-5360,5914,-385,0,23.532106
26723.978,-5365,5920,-386,-1,23.541991999999997
26733.85,-5371,5927,-386,-1,23.551864
26743.718,-5377,5934,-387,2,23.561732
26753.59,-5383,5940,-387,3,23.571604
26763.478,-5389,5947,-388,1,23.581491999999997
26773.343,-5395,5953,-388,0,23.591357
26783.215,-5401,5960,-389,0,23.601229
26793.089,-5407,5967,-389,0,23.611103
26802.98,-5413,5973,-390,0,23.620994
26812.841,-5419,5980,-390,-1,23.630855
26822.719,-5425,5986,-390,-1,23.640733
26832.595,-5431,5993,-391,-2,23.650609
26842.477,-5437,6000,-391,-3,23.660490999999997
26852.345,-5443,6006,-391,0,23.670359
26862.228,-5449,6013,-392,0,23.680242
26872.092,-5455,6019,-392,0,23.690106
26881.981,-5461,6026,-393,-1,23.699994999999998
26891.848,-5467,6032,-393,1,23.709862
26901.718,-5473,6039,-393,0,23.719732
26911.596,-5479,6046,-394,2,23.72961
26921.482,-5485,6052,-394,0,23.739496
26931.344,-5491,6059,-395,1,23.749358
26941.222,-5497,6066,-395,0,23.759236
26951.097,-5503,6072,-396,0,23.769111000000002
26960.979,-5509,6079,-396,0,23.778993
26970.848,-5515,6086,-396,2,23.788862
26980.723,-5521,6092,-397,-1,23.798737000000003
26990.595,-5527,6099,-397,0,23.808609
27000.484,-5533,6105,-398,1,23.818497999999998
27010.359,-5539,6112,-398,0,23.828373
27020.221,-5545,6119,-399,-2,23.838235
27030.099,-5551,6125,-399,2,23.848112999999998
27039.985,-5557,6132,-399,-4,23.857999
27049.847,-5563,6138,-400,2,23.867861
27059.725,-5569,6145,-400,0,23.877739
27069.605,-5575,6151,-401,1,23.887618999999997
27079.482,-5581,6158,-401,0,23.897496
27089.351,-5587,6164,-402,0,23.907365
27099.226,-5593,6171,-402,0,23.91724
27109.098,-5599,6178,-402,-1,23.927112
27118.996,-5606,6184,-403,-3,23.937009999999997
27128.851,-5612,6191,-403,0,23.946865
27138.723,-5617,6197,-404,3,23.956737
27148.606,-5623,6204,-404,2,23.96662
27158.487,-5629,6210,-405,-2,23.976501
27168.349,-5635,6217,-405,-2,23.986362999999997
27178.228,-5641,6224,-406,0,23.996242
27188.102,-5647,6230,-406,4,24.006116
27197.985,-5653,6237,-406,2,24.015999
27207.853,-5659,6243,-407,2,24.025866999999998
27217.737,-5665,6249,-407,2,24.035751
27227.601,-5671,6256,-407,-2,24.045614999999998
27237.489,-5677,6263,-408,0,24.055503
27247.354,-5683,6269,-408,1,24.065368
27257.226,-5689,6276,-408,2,24.075239999999997
27267.105,-5695,6282,-409,1,24.085119
27277.001,-5701,6289,-409,0,24.095015
27286.852,-5707,6295,-410,-1,24.104865999999998
27296.73,-5713,6302,-410,0,24.114743999999998
27306.616,-5719,6308,-410,0,24.12463
27316.488,-5725,6315,-411,1,24.134502
27326.356,-5731,6321,-411,-2,24.14437
27336.231,-5737,6328,-411,2,24.154245
27346.104,-5743,6335,-412,0,24.164118
27355.992,-5749,6341,-412,-2,24.174006
27365.857,-5755,6348,-412,4,24.183871
27375.729,-5761,6355,-413,0,24.193742999999998
27385.604,-5767,6362,-413,1,24.203618
27395.493,-5773,6368,-414,0,24.213506999999996
27405.355,-5779,6375,-414,-1,24.223368999999998
27415.233,-5785,6381,-415,1,24.233247
27425.112,-5791,6388,-415,0,24.243126
27434.991,-5797,6395,-415,-1,24.253005
27444.859,-5803,6401,-416,0,24.262873
27454.735,-5809,6408,-416,0,24.272749
27464.607,-5815,6414,-417,1,24.282621
27474.495,-5821,6421,-417,0,24.292509
27484.37,-5827,6427,-418,0,24.302383999999996
27494.233,-5833,6434,-418,-1,24.312247
27504.11,-5839,6441,-418,1,24.322124
27513.996,-5845,6447,-419,-2,24.332009999999997
27523.859,-5851,6454,-420,-1,24.341873
27533.736,-5858,6461,-420,0,24.35175
27543.612,-5864,6467,-421,0,24.361626
27553.493,-5870,6474,-421,-1,24.371506999999998
27563.371,-5876,6481,-422,0,24.381384999999998
27573.237,-5882,6487,-422,0,24.391251
27583.11,-5888,6494,-422,0,24.401124
27593.0,-5894,6501,-423,-3,24.411013999999998
27602.866,-5900,6507,-424,0,24.42088
27612.738,-5906,6514,-424,0,24.430752000000002
27622.616,-5912,6520,-424,-3,24.440630000000002
27632.502,-5918,6527,-425,0,24.450516
27642.363,-5924,6534,-425,0,24.460377
27652.252,-5930,6540,-426,0,24.470266
27662.117,-5936,6547,-426,-1,24.480130999999997
27671.999,-5942,6554,-427,-5,24.490012999999998
27681.868,-5948,6560,-427,-1,24.499882
27691.743,-5954,6567,-428,0,24.509756999999997
27701.615,-5960,6573,-428,0,24.519629000000002
27711.503,-5966,6580,-429,-1,24.529517
27721.368,-5972,6586,-429,4,24.539381999999996
27731.241,-5978,6593,-429,3,24.549255000000002
27741.121,-5984,6600,-430,0,24.559134999999998
27751.004,-5990,6606,-430,-2,24.569018
27760.867,-5995,6613,-431,-1,24.578881
27770.745,-6001,6619,-431,0,24.588759
27780.621,-6007,6626,-432,-2,24.598634999999998
27790.512,-6013,6632,-432,3,24.608525999999998
27800.38,-6019,6639,-432,-2,24.618394
27810.246,-6025,6645,-433,3,24.628259999999997
27820.115,-6031,6652,-434,1,24.638129
27830.004,-6037,6658,-434,0,24.648018
27839.869,-6044,6666,-435,-2,24.657882999999998
27849.741,-6049,6672,-435,-1,24.667755
27859.619,-6056,6679,-435,1,24.677632999999997
27869.511,-6062,6685,-436,0,24.687524999999997
27879.367,-6068,6692,-436,3,24.697380999999996
27889.249,-6074,6699,-437,1,24.707262999999998
27899.121,-6080,6705,-437,-4,24.717135
27909.003,-6086,6712,-437,0,24.727017
27918.871,-6091,6718,-438,0,24.736884999999997
27928.744,-6098,6726,-438,1,24.746757999999996
27938.618,-6104,6732,-439,0,24.756631999999996
27948.507,-6111,6740,-440,1,24.766521
27958.373,-6116,6746,-440,-4,24.776387
27968.244,-6123,6754,-440,0,24.786257999999997
27978.122,-6123,6754,-440,2,24.796135999999997
27988.008,-6129,6760,-441,-2,24.806022000000002
27997.873,-6136,6767,-441,-1,24.815887
28007.748,-6142,6774,-442,1,24.825761999999997
28017.632,-6148,6781,-442,0,24.835646
28027.508,-6154,6787,-443,4,24.845522000000003
28037.375,-6161,6795,-443,1,24.855389
28047.249,-6167,6801,-444,0,24.865263
28057.122,-6173,6808,-444,-3,24.875135999999998
28067.01,-6180,6814,-445,2,24.885023999999998
28076.876,-6185,6821,-445,0,24.89489
28086.747,-6191,6827,-446,0,24.904760999999997
28096.62,-6198,6834,-446,-2,24.914634
28106.511,-6204,6840,-446,1,24.924525
28116.373,-6210,6847,-447,-3,24.934386999999997
28126.251,-6216,6853,-447,1,24.944264999999998
28136.127,-6222,6860,-447,0,24.954141
28146.009,-6228,6867,-448,1,24.964022999999997
28155.886,-6234,6874,-448,2,24.973899999999997
28165.752,-6240,6880,-448,1,24.983766
28175.625,-6246,6887,-449,-1,24.993638999999998
28185.513,-6252,6893,-449,-2,25.003527
28195.379,-6258,6899,-450,5,25.013393
28205.259,-6264,6906,-450,0,25.023272999999996
28215.129,-6270,6912,-451,1,25.033143
28225.014,-6275,6919,-451,0,25.043028
28234.876,-6281,6926,-451,2,25.052889999999998
28244.76,-6287,6932,-452,0,25.062773999999997
28254.63,-6293,6939,-452,0,25.072644
28264.512,-6299,6946,-453,-1,25.082525999999998
28274.38,-6306,6952,-453,-2,25.092394
28284.255,-6311,6959,-454,1,25.102269
28294.128,-6317,6965,-454,-2,25.112142
28304.017,-6323,6972,-454,-1,25.122031
28313.891,-6329,6979,-455,-1,25.131905
28323.753,-6335,6985,-455,0,25.141767
28333.632,-6341,6991,-455,2,25.151646
28343.517,-6347,6998,-456,2,25.161531
28353.379,-6353,7005,-456,0,25.171393
28363.265,-6359,7011,-456,1,25.181279
28373.134,-6365,7018,-457,-4,25.191148
28383.024,-6371,7024,-457,1,25.201038
28392.883,-6377,7031,-458,0,25.210897
28402.758,-6383,7038,-458,2,25.220772
28412.631,-6389,7044,-458,3,25.230645
28422.525,-6395,7051,-459,2,25.240539000000002
28432.385,-6401,7057,-459,1,25.250398999999998
28442.257,-6407,7064,-460,0,25.260271
28452.129,-6413,7070,-460,-2,25.270143
28462.02,-6419,7077,-460,0,25.280034
28471.883,-6425,7084,-461,2,25.289897
28481.768,-6431,7090,-461,1,25.299782
28491.636,-6436,7097,-462,0,25.309649999999998
28501.518,-6443,7104,-462,-1,25.319532
28511.386,-6449,7110,-463,2,25.329399999999996
28521.262,-6455,7117,-463,-2,25.339275999999998
28531.134,-6461,7123,-464,-3,25.349147999999996
28541.023,-6467,7130,-464,2,25.359037
28550.888,-6473,7136,-465,1,25.368902
28560.76,-6479,7143,-465,0,25.378773999999996
28570.639,-6485,7149,-465,-1,25.388652999999998
28580.524,-6491,7156,-466,-4,25.398538000000002
28590.397,-6497,7162,-466,-1,25.408411
28600.264,-6503,7168,-467,2,25.418277999999997
28610.14,-6509,7175,-467,0,25.428154
28620.023,-6515,7181,-467,1,25.438037
28629.9,-6521,7188,-468,2,25.447914
28639.766,-6527,7194,-468,0,25.45778
28649.637,-6533,7201,-469,1,25.467650999999996
28659.52,-6539,7207,-469,4,25.477534
28669.392,-6545,7214,-470,-2,25.487406
28679.263,-6551,7221,-470,0,25.497276999999997
28689.14,-6557,7227,-471,2,25.507154
28699.027,-6563,7234,-471,2,25.517041
28708.889,-6569,7240,-472,-2,25.526902999999997
28718.77,-6575,7247,-472,-4,25.536784
28728.643,-6581,7253,-473,2,25.546657
28738.527,-6587,7260,-473,-3,25.556540999999996
28748.384,-6593,7266,-473,0,25.566397999999996
28758.273,-6599,7273,-474,-1,25.576287
28768.137,-6605,7280,-474,-1,25.586150999999997
28778.026,-6611,7286,-475,0,25.596040000000002
28787.891,-6617,7292,-475,1,25.605905
28797.763,-6623,7299,-475,2,25.615776999999998
28807.642,-6629,7305,-476,3,25.625656
28817.527,-6635,7312,-476,3,25.635540999999996
28827.392,-6641,7318,-477,1,25.645405999999998
28837.267,-6647,7325,-477,2,25.655281
28847.143,-6653,7332,-478,1,25.665157
28857.025,-6659,7338,-478,2,25.675039
28866.894,-6665,7344,-479,0,25.684908
28876.769,-6671,7351,-479,0,25.694783
28886.641,-6676,7357,-480,0,25.704655
28896.524,-6682,7364,-480,1,25.714538
28906.405,-6688,7370,-481,0,25.724418999999997
28916.267,-6694,7377,-481,-2,25.734281
28926.139,-6700,7384,-482,0,25.744152999999997
28936.032,-6706,7390,-482,2,25.754046
28945.892,-6712,7397,-482,0,25.763906
28955.773,-6718,7403,-482,0,25.773787
28965.653,-6724,7410,-483,0,25.783666999999998
28975.53,-6730,7417,-483,3,25.793543999999997
28985.404,-6736,7423,-484,2,25.803417999999997
28995.275,-6742,7430,-484,0,25.813289
29005.152,-6748,7436,-485,0,25.823165999999997
29015.041,-6754,7443,-485,3,25.833055
29024.906,-6760,7449,-485,1,25.84292
29034.773,-6766,7456,-486,3,25.852787
29044.657,-6772,7463,-486,0,25.862671
29054.549,-6777,7469,-486,-2,25.872563
29064.405,-6783,7475,-486,2,25.882419
29074.287,-6789,7482,-487,1,25.892301
29084.161,-6795,7488,-487,0,25.902175
29094.044,-6801,7495,-488,0,25.912058000000002
29103.913,-6807,7501,-488,2,25.921927
29113.786,-6813,7508,-489,0,25.9318
29123.658,-6819,7514,-489,0,25.941671999999997
29133.548,-6825,7521,-490,0,25.951562
29143.413,-6831,7528,-490,2,25.961427
29153.279,-6837,7534,-491,0,25.971293
29163.158,-6843,7541,-491,0,25.981171999999997
29173.048,-6849,7547,-492,0,25.991062
29182.91,-6855,7554,-492,4,26.000923999999998
29192.777,-6861,7561,-492,0,26.010790999999998
29202.655,-6867,7568,-493,0,26.020668999999998
29212.535,-6874,7575,-493,5,26.030549
29222.403,-6880,7582,-493,2,26.040416999999998
29232.278,-6886,7589,-494,0,26.050292
29242.15,-6892,7596,-494,-3,26.060164
29252.045,-6899,7603,-495,1,26.070058999999997
29261.905,-6905,7609,-495,0,26.079918999999997
29271.776,-6911,7616,-495,0,26.08979
29281.654,-6917,7623,-496,0,26.099667999999998
29291.54,-6923,7629,-496,5,26.109554
29301.402,-6930,7637,-496,0,26.119415999999998
29311.285,-6930,7637,-496,0,26.129299
29321.156,-6937,7644,-497,2,26.13917
29331.038,-6943,7650,-497,0,26.149052
29340.906,-6949,7657,-498,1,26.15892
29350.785,-6956,7664,-498,0,26.168799
29360.654,-6962,7670,-499,-1,26.178668
29370.543,-6968,7677,-499,0,26.188557
29380.408,-6974,7684,-500,0,26.198421999999997
29390.279,-6981,7691,-500,-1,26.208292999999998
29400.158,-6986,7697,-500,0,26.218172
29410.043,-6993,7704,-501,1,26.228057
29419.905,-6999,7711,-501,-1,26.237918999999998
29429.788,-7005,7718,-502,-1,26.247802
29439.659,-7011,7724,-502,1,26.257673
29449.551,-7017,7731,-503,-2,26.267564999999998
29459.409,-7023,7738,-503,1,26.277423
29469.284,-7029,7744,-504,0,26.287298
29479.157,-7035,7751,-504,-2,26.297171
29489.046,-7041,7757,-505,0,26.307059999999996
29498.911,-7047,7764,-505,-3,26.316924999999998
29508.783,-7053,7771,-506,0,26.326797
29518.661,-7059,7777,-506,-2,26.336675
29528.546,-7065,7784,-506,1,26.346559999999997
29538.41,-7071,7790,-507,3,26.356424
29548.287,-7077,7797,-507,0,26.366301
29558.163,-7083,7804,-508,-2,26.376177
29568.045,-7089,7810,-508,0,26.386058999999996
29577.914,-7095,7817,-509,-2,26.395928
29587.789,-7101,7823,-509,0,26.405803
29597.66,-7107,7830,-510,-2,26.415674
29607.554,-7113,7836,-511,-1,26.425568
29617.414,-7119,7843,-511,3,26.435427999999998
29627.293,-7125,7849,-511,-2,26.445307
29637.165,-7131,7855,-512,2,26.455179
29647.05,-7137,7862,-512,2,26.465063999999998
29656.922,-7143,7868,-513,0,26.474936
29666.79,-7149,7875,-513,-3,26.484804
29676.666,-7155,7881,-513,0,26.49468
29686.548,-7161,7888,-514,-3,26.504561999999996
29696.41,-7166,7894,-514,-1,26.514423999999998
29706.293,-7172,7901,-515,0,26.524307
29716.176,-7179,7907,-515,1,26.53419
29726.067,-7184,7914,-515,0,26.544081
29735.923,-7190,7920,-516,0,26.553936999999998
29745.796,-7196,7927,-516,-1,26.563809999999997
29755.676,-7202,7934,-517,-2,26.57369
29765.564,-7208,7940,-517,-1,26.583578
29775.425,-7214,7946,-518,1,26.593439
29785.299,-7220,7953,-518,2,26.603313
29795.181,-7226,7959,-518,-1,26.613195
29805.066,-7232,7966,-519,2,26.623079999999998
29814.933,-7238,7972,-519,-1,26.632947
29824.813,-7244,7979,-520,0,26.642826999999997
29834.683,-7250,7985,-521,0,26.652697
29844.572,-7256,7992,-521,0,26.662586
29854.431,-7262,7998,-522,0,26.672445
29864.303,-7268,8005,-522,1,26.682316999999998
29874.185,-7274,8012,-523,0,26.692199000000002
29884.068,-7280,8018,-523,-1,26.702081999999997
29893.927,-7285,8024,-523,0,26.711941
29903.804,-7291,8031,-524,2,26.721818
29913.679,-7298,8038,-524,-1,26.731693
29923.56,-7303,8044,-525,2,26.741574
29933.429,-7309,8051,-525,3,26.751443
29943.303,-7315,8058,-525,-2,26.761317
29953.174,-7321,8064,-526,0,26.771188
29963.069,-7328,8071,-526,0,26.781083
29972.93,-7334,8077,-527,2,26.790944
29982.797,-7340,8084,-527,-1,26.800811
29992.675,-7346,8091,-528,0,26.810689
30002.561,-7352,8097,-528,0,26.820575
30012.422,-7358,8104,-528,-3,26.830436
30022.3,-7364,8110,-529,3,26.840314
30032.176,-7370,8117,-529,-2,26.850189999999998
30042.058,-7376,8123,-530,0,26.860072
30051.927,-7382,8130,-530,2,26.869940999999997
30061.803,-7388,8137,-531,2,26.879817
30071.676,-7393,8143,-531,-3,26.889689999999998
30081.572,-7399,8149,-531,1,26.899586
30091.428,-7406,8156,-532,-2,26.909442
30101.3,-7412,8162,-532,0,26.919314
30111.178,-7418,8169,-533,-1,26.929192
30121.068,-7423,8175,-533,-1,26.939082
30130.926,-7429,8182,-534,5,26.94894
30140.804,-7435,8188,-534,-3,26.958818
30150.679,-7441,8195,-535,0,26.968693
30160.562,-7447,8202,-535,2,26.978576
30170.43,-7453,8208,-536,0,26.988444
30180.305,-7460,8215,-536,0,26.998319
30190.177,-7466,8222,-537,-2,27.008191
30200.076,-7472,8228,-537,-1,27.01809
30209.931,-7478,8235,-538,-3,27.027945
30219.803,-7484,8241,-538,0,27.037817
30229.681,-7490,8248,-539,-4,27.047695
30239.567,-7496,8254,-539,2,27.057581
30249.429,-7502,8261,-539,0,27.067443
30259.317,-7508,8267,-540,4,27.077330999999997
30269.183,-7514,8274,-540,0,27.087197
30279.065,-7520,8280,-541,1,27.097078999999997
30288.934,-7526,8287,-541,0,27.106948
30298.81,-7532,8294,-541,0,27.116824
30308.682,-7537,8300,-542,1,27.126696
30318.569,-7544,8307,-542,-1,27.136582999999998
30328.435,-7550,8313,-543,2,27.146449
30338.308,-7556,8320,-543,1,27.156322
30348.188,-7561,8326,-543,0,27.166202
30358.068,-7567,8333,-544,0,27.176081999999997
30367.936,-7573,8339,-544,-2,27.185950000000002
30377.814,-7579,8346,-545,3,27.195828
30387.69,-7585,8352,-545,-3,27.205703999999997
30397.571,-7591,8359,-546,-1,27.215585
30407.437,-7597,8366,-546,0,27.225451
30417.316,-7603,8372,-546,-5,27.235329999999998
30427.187,-7609,8379,-547,0,27.245201
30437.076,-7615,8385,-547,0,27.25509
30446.941,-7621,8392,-547,3,27.264954999999997
30456.813,-7627,8399,-548,-2,27.274827
30466.692,-7633,8405,-548,-2,27.284706
30476.577,-7639,8412,-549,1,27.294591
30486.449,-7645,8419,-550,2,27.304463
30496.318,-7651,8425,-550,4,27.314332
30506.193,-7657,8432,-550,-2,27.324206999999998
30516.078,-7663,8438,-551,0,27.334092000000002
30525.949,-7669,8445,-551,0,27.343963
30535.819,-7675,8452,-552,0,27.353832999999998
30545.691,-7681,8458,-552,0,27.363705
30555.574,-7686,8465,-552,-1,27.373587999999998
30565.442,-7693,8472,-553,0,27.383456
30575.314,-7699,8479,-553,0,27.393327999999997
30585.192,-7705,8485,-554,2,27.403205999999997
30595.079,-7711,8492,-554,-2,27.413093
30604.95,-7717,8498,-555,0,27.422964
30614.818,-7723,8505,-555,3,27.432831999999998
30624.694,-7729,8512,-556,-1,27.442708
30634.576,-7735,8519,-556,-2,27.45259
30644.444,-7741,8525,-557,3,27.462457999999998
30654.32,-7747,8531,-557,-3,27.472334
30664.193,-7753,8539,-558,0,27.482207
30674.09,-7759,8546,-558,0,27.492103999999998
30683.946,-7765,8552,-559,1,27.50196
30693.819,-7772,8559,-559,1,27.511833
30703.699,-7772,8559,-559,-1,27.521713
30713.587,-7778,8566,-559,1,27.531601
30723.444,-7784,8573,-560,0,27.541458
30733.323,-7790,8579,-561,2,27.551337
30743.197,-7797,8587,-561,-1,27.561211
30753.085,-7803,8594,-562,-1,27.571098999999997
30762.948,-7809,8601,-562,0,27.580962
30772.824,-7815,8607,-562,-2,27.590837999999998
30782.696,-7822,8614,-563,-2,27.60071
30792.585,-7827,8621,-563,-1,27.610598999999997
30802.45,-7834,8628,-563,-1,27.620464
30812.322,-7840,8635,-563,2,27.630336
30822.2,-7846,8641,-564,-2,27.640214
30832.086,-7852,8648,-564,0,27.6501
30841.948,-7858,8655,-564,3,27.659962
30851.827,-7864,8662,-565,0,27.669841
30861.701,-7870,8668,-565,-2,27.679715
30871.584,-7876,8675,-566,0,27.689597999999997
30881.452,-7882,8681,-566,1,27.699466
30891.327,-7888,8688,-567,1,27.709341000000002
30901.203,-7894,8695,-567,-1,27.719217
30911.083,-7900,8701,-568,-1,27.729097
30920.954,-7906,8708,-568,0,27.738968
30930.825,-7912,8714,-569,0,27.748839
30940.704,-7918,8721,-569,-4,27.758718000000002
30950.59,-7924,8727,-570,1,27.768604
30960.452,-7929,8734,-570,0,27.778466
30970.332,-7935,8740,-571,4,27.788345999999997
30980.206,-7941,8747,-571,2,27.798219999999997
30990.087,-7947,8753,-572,-2,27.808100999999997
30999.956,-7953,8760,-572,-2,27.81797
31009.838,-7959,8767,-573,0,27.827852
31019.704,-7965,8773,-573,-1,27.837718000000002
31029.587,-7971,8780,-573,-3,27.847600999999997
31039.459,-7977,8786,-574,0,27.857473
31049.329,-7983,8793,-575,0,27.867343
31059.208,-7988,8800,-575,-4,27.877221999999996
31069.094,-7994,8806,-575,0,27.887108
31078.965,-8000,8813,-576,3,27.896978999999998
31088.833,-8006,8819,-576,4,27.906847
31098.715,-8012,8826,-577,0,27.916729
31108.591,-8018,8832,-577,-2,27.926605
31118.455,-8023,8839,-578,0,27.936469000000002
31128.335,-8029,8845,-578,0,27.946348999999998
31138.207,-8035,8852,-579,0,27.956221
31148.099,-8041,8858,-579,-2,27.966112999999996
31157.961,-8047,8865,-579,2,27.975975
31167.833,-8053,8871,-580,0,27.985847
31177.706,-8059,8878,-580,0,27.99572
31187.597,-8065,8884,-581,0,28.005611000000002
31197.464,-8071,8891,-581,0,28.015477999999998
31207.337,-8077,8898,-582,-1,28.025350999999997
31217.213,-8083,8904,-582,1,28.035227
31227.105,-8089,8910,-583,-5,28.045119
31236.964,-8095,8917,-583,2,28.054978
31246.838,-8101,8923,-583,4,28.064852
31256.71,-8107,8930,-584,-3,28.074724
31266.599,-8113,8937,-584,0,28.084612999999997
31276.464,-8119,8943,-584,1,28.094478
31286.337,-8124,8950,-585,0,28.104350999999998
31296.215,-8130,8957,-585,0,28.114228999999998
31306.1,-8136,8963,-585,3,28.124114
31315.963,-8142,8969,-586,-1,28.133976999999998
31325.841,-8148,8976,-586,0,28.143855
31335.719,-8153,8982,-587,-1,28.153733
31345.607,-8159,8988,-587,0,28.163621
31355.477,-8165,8995,-588,2,28.173491
31365.353,-8171,9001,-589,0,28.183366999999997
31375.214,-8177,9008,-589,1,28.193227999999998
31385.103,-8183,9015,-590,0,28.203117
31394.971,-8189,9021,-590,0,28.212985
31404.852,-8195,9028,-590,3,28.222866
31414.719,-8201,9034,-591,0,28.232733
31424.604,-8207,9041,-591,1,28.242618
31434.466,-8213,9048,-592,0,28.25248
31444.344,-8219,9054,-592,0,28.262358
31454.221,-8225,9061,-592,0,28.272235000000002
31464.102,-8231,9067,-593,-1,28.282116
31473.971,-8237,9074,-594,0,28.291985
31483.846,-8242,9080,-594,-3,28.30186
31493.728,-8248,9087,-595,6,28.311742
31503.606,-8254,9093,-595,1,28.32162
31513.472,-8260,9100,-595,-1,28.331486
31523.344,-8266,9106,-596,-1,28.341358
31533.222,-8272,9113,-597,0,28.351236
31543.108,-8278,9119,-597,-1,28.361121999999998
31552.97,-8284,9126,-597,2,28.370984
31562.849,-8290,9132,-598,1,28.380862999999998
31572.724,-8296,9139,-598,3,28.390738
31582.606,-8302,9145,-599,-2,28.40062
31592.474,-8308,9152,-599,2,28.410487999999997
31602.351,-8314,9158,-599,0,28.420364999999997
31612.222,-8320,9165,-599,0,28.430236
31622.111,-8326,9172,-600,-2,28.440125
31631.976,-8332,9179,-601,2,28.44999
31641.85,-8338,9185,-601,-2,28.459863999999996
31651.721,-8343,9192,-601,3,28.469735
31661.612,-8349,9199,-602,-2,28.479626
31671.484,-8355,9205,-602,1,28.489498
31681.347,-8361,9212,-602,0,28.499361
31691.23,-8367,9218,-603,1,28.509244
31701.111,-8373,9225,-603,-1,28.519125
31710.983,-8379,9232,-603,0,28.528997
31720.858,-8385,9239,-604,0,28.538871999999998
31730.736,-8391,9245,-604,0,28.54875
31740.612,-8397,9252,-605,-1,28.558626
31750.484,-8403,9258,-605,1,28.568497999999998
31760.354,-8409,9265,-606,0,28.578367999999998
31770.228,-8415,9271,-606,-3,28.588241999999997
31780.119,-8421,9278,-606,0,28.598132999999997
31789.991,-8427,9284,-607,0,28.608005000000002
31799.86,-8433,9291,-607,0,28.617874
31809.735,-8439,9297,-607,-2,28.627749
31819.617,-8445,9304,-608,0,28.637631
31829.485,-8451,9310,-608,1,28.647499
31839.361,-8457,9317,-609,-3,28.657375
31849.233,-8463,9323,-609,-5,28.667247
31859.123,-8469,9330,-610,-1,28.677137
31868.986,-8475,9336,-610,-2,28.687
31878.859,-8481,9343,-610,0,28.696873
31888.742,-8487,9349,-611,2,28.706756
31898.623,-8493,9356,-612,0,28.716637
31908.485,-8499,9362,-612,-1,28.726499
31918.369,-8505,9369,-613,1,28.736382999999996
31928.242,-8511,9375,-613,1,28.746256
31938.129,-8517,9382,-614,0,28.756143
31947.989,-8159,9213,-609,1,28.766003
31957.86,-7782,9030,-604,0,28.775873999999998
31967.732,-7456,8868,-600,-1,28.785746
31977.624,-7111,8692,-595,-4,28.795638
31987.486,-6813,8536,-591,2,28.8055
31997.358,-6527,8382,-587,0,28.815372
32007.236,-6253,8231,-582,0,28.82525
32017.122,-5990,8082,-578,-1,28.835136
32026.984,-5713,7922,-573,44,28.844998
32036.863,-5473,7780,-569,-12,28.854877000000002
32046.739,-5221,7625,-565,12,28.864753
32056.62,-5001,7488,-561,-22,28.874633999999997
32066.488,-5001,7488,-561,-15,28.884502
32076.364,-4770,7339,-556,84,28.894378
32086.236,-4570,7207,-552,44,28.90425
32096.124,-4378,7077,-548,-30,28.914137999999998
32105.99,-4194,6950,-544,8,28.924004
32115.862,-4018,6824,-540,-52,28.933876
32125.74,-3849,6701,-536,-13,28.943754000000002
32135.626,-3672,6568,-531,-21,28.95364
32145.488,-3517,6450,-528,11,28.963502000000002
32155.366,-3355,6322,-523,0,28.973380000000002
32165.244,-3213,6208,-519,78,28.983258
32175.124,-3065,6085,-515,-39,28.993138
32184.992,-2936,5975,-511,4,29.003006
32194.868,-2800,5856,-507,-74,29.012881999999998
32204.74,-2683,5750,-503,2,29.022754
32214.627,-2570,5647,-499,7,29.032640999999998
32224.494,-2462,5545,-496,46,29.042507999999998
32234.366,-2358,5445,-492,-2,29.05238
32244.244,-2259,5346,-488,71,29.062257999999996
32254.13,-2164,5250,-485,-125,29.072144
32263.992,-2073,5155,-481,6,29.082005999999996
32273.87,-1986,5062,-477,-80,29.091883999999997
32283.746,-1903,4971,-474,31,29.10176
32293.628,-1823,4881,-470,66,29.111642
32303.503,-1746,4793,-467,0,29.121517
32313.372,-1672,4706,-463,43,29.131386
32323.244,-1602,4621,-459,-68,29.141257999999997
32333.126,-1535,4538,-456,-14,29.151139999999998
32342.999,-1470,4456,-452,-59,29.161013
32352.87,-1408,4375,-449,-45,29.170883999999997
32362.75,-1349,4296,-446,11,29.180764
32372.633,-1292,4218,-442,-41,29.190647000000002
32382.496,-1238,4142,-438,39,29.200509999999998
32392.374,-1186,4067,-435,2,29.210388
32402.25,-1136,3994,-432,2,29.220264
32412.132,-1088,3922,-429,-66,29.230146
32422.0,-1042,3851,-425,-19,29.240014
32431.875,-998,3781,-422,0,29.249889
32441.75,-956,3713,-419,-142,29.259764
32451.636,-916,3645,-416,374,29.26965
32461.501,-877,3579,-413,-192,29.279515
32471.374,-840,3515,-410,370,29.289388
32481.256,-804,3451,-406,-457,29.29927
32491.144,-770,3389,-404,275,29.309158
32501.0,-738,3328,-400,158,29.319014
32510.878,-706,3268,-397,120,29.328892
32520.754,-676,3209,-392,-261,29.338768
32530.636,-648,3151,-385,25,29.34865
32540.504,-621,3095,-385,-227,29.358518
32550.38,-594,3039,-385,-283,29.368394
32560.252,-569,2984,-382,412,29.378266
32570.14,-545,2930,-381,-200,29.388154
32580.005,-522,2877,-376,465,29.398019
32589.882,-500,2824,-372,5,29.407896
32599.756,-479,2772,-372,70,29.41777
32609.642,-459,2720,-366,275,29.427656
32619.504,-440,2669,-357,115,29.437518
32629.383,-421,2619,-353,443,29.447397000000002
32639.258,-403,2570,-363,-55,29.457272
32649.14,-386,2522,-364,-293,29.467153999999997
32659.015,-370,2474,-361,-82,29.477028999999998
32668.884,-354,2427,-359,-191,29.486897999999997
32678.756,-339,2382,-354,478,29.49677
32688.654,-324,2337,-352,-376,29.506667999999998
32698.517,-311,2293,-353,-7,29.516531
32708.382,-298,2250,-348,-167,29.526396000000002
32718.26,-285,2209,-343,63,29.536274
32728.145,-273,2168,-338,-100,29.546159
32738.015,-262,2129,-330,-549,29.556029
32747.896,-251,2092,-336,597,29.56591
32757.762,-240,2055,-342,-337,29.575775999999998
32767.644,-231,2020,-332,-228,29.585658
32777.513,-221,1987,-330,51,29.595526999999997
32787.389,-212,1954,-327,-323,29.605403000000003
32797.26,-203,1923,-319,87,29.615274000000003
32807.151,-194,1894,-316,320,29.625164999999996
32817.014,-185,1864,-318,507,29.635028000000002
32826.886,-176,1836,-318,-1245,29.644899999999996
32836.764,-169,1807,-317,366,29.654778
32846.65,-161,1779,-314,129,29.664664000000002
32856.512,-153,1751,-311,0,29.674526
32866.39,-147,1722,-309,471,29.684403999999997
32876.266,-140,1693,-313,501,29.694280000000003
32886.158,-134,1663,-307,1307,29.704172000000003
32896.016,-129,1633,-297,-152,29.71403
32905.891,-124,1602,-304,-520,29.723905000000002
32915.764,-121,1570,-305,-693,29.733778
32925.652,-118,1538,-293,77,29.743666
32935.518,-114,1506,-275,-262,29.753531999999996
32945.4,-110,1474,-274,-43,29.763414
32955.269,-106,1443,-287,920,29.773283
32965.153,-101,1412,-290,-690,29.783167
32975.016,-97,1381,-294,569,29.79303
32984.889,-93,1351,-302,-11,29.802903
32994.77,-89,1321,-308,-36,29.812783999999997
33004.652,-85,1292,-312,-222,29.822666
33014.52,-81,1264,-308,-452,29.832533999999995
33024.396,-78,1236,-299,-192,29.84241
33034.268,-74,1210,-290,-354,29.852281999999995
33044.156,-71,1186,-288,240,29.862170000000003
33054.022,-68,1164,-286,-516,29.872035999999998
33063.894,-65,1143,-282,313,29.881908
33073.773,-61,1124,-284,-53,29.891787
33083.658,-58,1106,-285,-345,29.901672
33093.52,-54,1090,-286,-316,29.911533999999996
33103.399,-51,1075,-288,156,29.921412999999998
33113.274,-47,1061,-290,336,29.931288
33123.159,-44,1048,-287,-712,29.941173
33133.021,-40,1036,-279,499,29.951035
33142.903,-37,1024,-272,-170,29.960917
33152.774,-34,1012,-270,-82,29.970787999999995
33162.673,-32,998,-273,430,29.980687000000003
33172.539,-30,983,-285,838,29.990552999999995
33182.4,-28,968,-290,1152,30.000414
33192.273,-27,952,-280,625,30.010287
33202.163,-27,935,-287,-231,30.020177
33212.036,-28,917,-284,-542,30.03005
33221.905,-28,897,-269,-281,30.039918999999998
33231.78,-28,878,-253,460,30.049794
33241.662,-27,858,-252,334,30.059675999999996
33251.525,-26,837,-261,-256,30.069539
33261.406,-26,817,-262,720,30.079420000000002
33271.279,-24,796,-268,-332,30.089293
33281.16,-24,775,-272,-72,30.099174
33291.033,-23,755,-276,142,30.109047000000004
33300.905,-22,735,-280,-1343,30.118918999999998
33310.783,-22,715,-280,213,30.128797000000002
33320.668,-21,696,-277,-18,30.138681999999996
33330.541,-20,679,-278,288,30.148554999999998
33340.406,-20,663,-278,-99,30.158420000000003
33350.282,-18,647,-273,114,30.168295999999998
33360.163,-17,634,-263,508,30.178176999999998
33370.032,-16,624,-259,-257,30.188046
33379.908,-15,614,-262,-44,30.197922000000002
33389.78,-13,606,-265,-408,30.207794
33399.668,-11,599,-265,128,30.217681999999996
33409.534,-9,594,-265,-14,30.227548
33419.412,-7,589,-260,410,30.237425999999996
33429.284,-6,586,-258,-89,30.247297999999997
33439.17,-4,581,-257,830,30.257184
33449.032,-2,575,-258,303,30.267045999999997
33458.91,-2,575,-258,-1477,30.276924
33468.785,-1,568,-263,1247,30.286799000000002
33478.667,-2,562,-251,-381,30.296681
33488.53,-1,554,-253,1184,30.306544
33498.412,-2,543,-268,-1504,30.316425999999996
33508.284,-3,532,-267,1125,30.326297999999998
33518.172,-3,520,-276,-581,30.336185999999998
33528.038,-3,504,-275,79,30.346052
33537.91,-3,488,-275,-146,30.355924
33547.782,-3,471,-260,876,30.365796
33557.674,-4,455,-241,637,30.375687999999997
33567.536,-4,440,-237,922,30.38555
33577.414,-4,427,-237,-493,30.395427999999995
33587.29,-4,416,-255,-1236,30.405304
33597.172,-4,407,-262,225,30.415186
33607.04,-3,399,-279,-84,30.425054
33616.918,-3,392,-304,650,30.434931999999996
33626.788,-2,386,-295,1117,30.444802
33636.671,-2,380,-273,749,30.454685
33646.541,0,375,-250,-586,30.464554999999997
33656.413,-1,369,-211,202,30.474427
33666.295,-1,363,-213,-1732,30.484308999999996
33676.177,-2,356,-225,34,30.494191000000004
33686.04,-2,348,-243,-2704,30.504054
33695.927,-3,341,-275,-57,30.513941000000003
33705.798,-3,333,-289,-644,30.523812000000003
33715.675,-3,324,-272,-8,30.533689000000003
33725.544,-3,316,-251,750,30.543558
33735.419,-3,308,-229,-584,30.553433000000002
33745.291,-3,301,-198,118,30.563304999999996
33755.174,-3,296,-198,-1248,30.573188
33765.045,-2,292,-217,-457,30.583059
33774.917,-2,289,-244,52,30.592931
33784.796,-1,285,-270,-244,30.60281
33794.686,0,283,-271,706,30.6127
33804.543,0,281,-248,807,30.622556999999997
33814.421,1,278,-229,-992,30.632435
33824.297,1,275,-199,1303,30.642311
33834.179,2,271,-187,-1311,30.652192999999997
33844.042,1,265,-190,-974,30.662056
33853.922,0,258,-209,-1462,30.671936
33863.795,0,251,-244,-558,30.681808999999998
33873.683,0,243,-259,-266,30.691696999999998
33883.549,-1,235,-251,429,30.701562999999997
33893.421,-2,226,-237,910,30.711435
33903.294,-2,218,-226,335,30.721308
33913.185,-2,210,-192,336,30.731198999999997
33923.047,-3,205,-188,-499,30.741061
33932.925,-2,201,-198,-1024,30.750939000000002
33942.8,-2,199,-218,1067,30.760814000000003
33952.683,-1,196,-245,115,30.770696999999995
33962.551,0,195,-242,355,30.780565
33972.436,0,194,-228,491,30.79045
33982.298,1,193,-217,-919,30.800312
33992.187,1,191,-191,1352,30.810200999999996
34002.058,1,189,-181,-881,30.820071999999996
34011.924,0,185,-188,779,30.829938
34021.803,0,180,-204,-1637,30.839817
34031.688,-1,175,-230,-170,30.849702
34041.55,-1,169,-248,-578,30.859564000000002
34051.428,-2,162,-233,-15,30.869442
34061.314,-2,156,-212,1038,30.879327999999997
34071.186,-2,150,-198,-540,30.889200000000002
34081.055,-2,145,-167,-276,30.899069
34090.93,-3,142,-168,-1184,30.908943999999998
34100.802,-2,140,-189,-720,30.918816000000003
34110.685,-2,139,-217,-174,30.928698999999998
34120.556,-1,138,-245,-1024,30.938569999999995
34130.428,-1,138,-240,-386,30.948442
34140.307,0,139,-217,364,30.958321
34150.191,1,139,-202,-497,30.968204999999998
34160.054,1,139,-180,1464,30.978067999999997
34169.931,2,137,-165,39,30.987944999999996
34179.807,2,134,-176,816,30.997821
34189.699,1,130,-194,-374,31.007713
34199.558,0,125,-222,-813,31.017571999999998
34209.433,0,120,-246,467,31.027446999999995
34219.305,0,114,-233,-233,31.037319
34229.197,-1,108,-213,922,31.047211
34239.06,-2,102,-198,580,31.057073999999997
34248.931,-2,97,-161,294,31.066944999999997
34258.809,-3,94,-155,-457,31.076823
34268.701,-2,93,-173,-710,31.086715
34278.561,-2,92,-200,-272,31.096575
34288.445,-1,91,-230,-1257,31.106458999999997
34298.311,0,92,-228,-804,31.116325
34308.193,0,94,-214,585,31.126206999999997
34318.061,2,94,-197,551,31.136075
34327.936,2,95,-180,1159,31.14595
34337.819,2,94,-152,-112,31.155833
34347.697,2,92,-162,-334,31.165710999999998
34357.563,0,88,-182,-294,31.175577
34367.435,0,84,-208,-730,31.185449
34377.313,-1,80,-228,1003,31.195327000000002
34387.199,-2,75,-214,370,31.205213
34397.064,-4,70,-204,-184,31.215078
34406.933,-3,65,-174,588,31.224946999999997
34416.814,-3,62,-144,-1513,31.234827999999997
34426.696,-3,60,-147,-365,31.24471
34436.568,-3,60,-167,-1581,31.254582
34446.441,-2,60,-198,-96,31.264454999999998
34456.312,-2,62,-200,-609,31.274326
34466.196,-1,63,-205,734,31.28421
34476.067,0,64,-199,176,31.294081000000002
34485.939,0,65,-177,1622,31.303952999999996
34495.812,0,64,-152,-148,31.313826
34505.704,0,62,-157,-120,31.323717999999996
34515.566,0,59,-167,-2599,31.333579999999998
34525.446,0,55,-187,836,31.343460000000004
34535.32,-1,52,-189,-493,31.353334
34545.197,-4,47,-189,-373,31.363211
34555.08,-5,44,-169,770,31.373094000000002
34564.946,-4,41,-151,-1380,31.382960000000004
34574.819,-4,40,-152,418,31.392833000000003
34584.716,-4,40,-169,-840,31.40273
34594.572,-3,41,-194,-270,31.412586
34604.444,-3,43,-185,42,31.422458000000002
34614.318,-1,44,-191,-83,31.432332
34624.208,0,45,-184,-1291,31.442221999999997
34634.07,0,46,-159,561,31.452084
34643.943,0,44,-151,-1110,31.461956999999998
34653.829,0,41,-157,493,31.471842999999996
34663.706,-1,38,-173,-194,31.48172
34673.575,-2,35,-186,648,31.491588999999998
34683.45,-3,31,-179,10,31.501463999999995
34693.323,-6,27,-179,1761,31.511336999999997
34703.206,-5,24,-145,316,31.521219999999996
34713.076,-5,22,-136,439,31.53109
34722.945,-4,22,-147,-274,31.540958999999997
34732.824,-3,23,-172,-381,31.550838
34742.709,-2,25,-180,-1040,31.560723000000003
34752.571,-1,27,-183,1144,31.570585
34762.449,0,28,-182,1166,31.580462999999998
34772.325,1,30,-171,338,31.590338999999997
34782.207,0,29,-152,1294,31.600221
34792.075,0,27,-160,-1031,31.610088999999995
34801.951,-2,24,-172,-1879,31.619965
34811.823,-3,21,-184,123,31.629836999999995
34821.711,-5,18,-180,1502,31.639725000000002
34831.578,-7,14,-176,261,31.649592000000002
34841.449,-8,12,-157,794,31.659463
34851.327,-7,10,-139,-977,31.669340999999996
34861.213,-7,9,-149,-258,31.679227
34871.075,-7,10,-179,-1177,31.689088999999996
34880.953,-7,12,-189,-627,31.698967
34890.829,-7,15,-190,-311,31.708842999999998
34900.71,-5,16,-189,-257,31.718723999999998
34910.579,-5,16,-189,596,31.728592999999996
34920.454,-4,18,-175,1244,31.738467999999997
34930.326,-5,18,-150,283,31.74834
34940.209,-6,16,-150,-1031,31.758223
34950.08,-8,13,-159,-269,31.768094
34959.953,-10,10,-173,554,31.777967
34969.831,-12,7,-179,1291,31.787844999999997
34979.716,-15,4,-172,1470,31.797729999999998
34989.578,-15,1,-138,1009,31.807592
34999.456,-15,0,-122,11,31.817469999999997
35009.332,-14,0,-128,-416,31.827346000000002
35019.214,-14,0,-155,-626,31.837228
35029.082,-13,3,-156,-551,31.847096
35038.957,-12,5,-177,975,31.856971
35048.832,-11,6,-175,1054,31.866846000000002
35058.718,-8,7,-172,1179,31.876732
35068.583,-9,7,-156,1113,31.886597
35078.455,-10,4,-162,-2808,31.896469
35088.333,-11,2,-163,252,31.906346999999997
35098.219,-12,0,-161,1168,31.916233
35108.09,-15,-4,-150,-3436,31.926103999999995
35117.96,-15,-6,-127,117,31.935973999999998
35127.842,-15,-7,-113,-191,31.945855999999996
35137.717,-14,-8,-117,1410,31.955730999999997
35147.586,-13,-7,-147,-126,31.965600000000002
35157.462,-11,-3,-152,-803,31.975476
35167.333,-10,-1,-184,-138,31.985346999999997
35177.221,-7,0,-183,940,31.995234999999997
35187.087,-5,1,-178,298,32.005100999999996
35196.959,-5,0,-159,2907,32.014973000000005
35206.837,-6,-1,-162,-2752,32.024851
35216.722,-8,-4,-161,73,32.034736
35226.584,-9,-6,-164,-388,32.044598
35236.463,-13,-11,-144,-1312,32.054477000000006
35246.338,-12,-13,-121,-103,32.064352
35256.22,-12,-14,-112,710,32.074234
35266.089,-10,-14,-124,460,32.084103
35275.964,-10,-13,-154,60,32.093978
35285.836,-9,-10,-157,-929,32.10385
35295.724,-7,-8,-190,-208,32.113738
35305.59,-4,-5,-183,709,32.12360399999999
35315.462,-2,-4,-181,-364,32.133476
35325.34,-3,-5,-160,2771,32.143353999999995
35335.235,-4,-7,-158,-2873,32.153249
35345.087,-5,-10,-154,252,32.163101
35354.966,-7,-12,-152,275,32.17298
35364.842,-10,-16,-131,-1433,32.182855999999994
35374.723,-9,-18,-110,531,32.192736999999994
35384.586,-9,-19,-102,822,32.202600000000004
35394.467,-7,-19,-112,-111,32.212481
35404.349,-7,-18,-145,-834,32.222363
35414.222,-5,-14,-147,-1145,32.232236
35424.092,-4,-12,-187,-260,32.24210599999999
35433.964,-2,-9,-177,595,32.251978
35443.843,0,-7,-174,-626,32.261857
35453.728,0,-8,-157,1966,32.271742
35463.59,-1,-10,-144,-1985,32.281603999999994
35473.469,-3,-12,-139,578,32.291483
35483.344,-4,-14,-141,366,32.30135799999999
35493.226,-8,-17,-126,-1649,32.311240000000005
35503.095,-7,-19,-91,547,32.321109
35512.97,-7,-20,-88,-317,32.330984
35522.852,-6,-20,-97,639,32.340866
35532.731,-6,-19,-132,-366,32.350744999999996
35542.596,-4,-15,-136,-1982,32.360609999999994
35552.477,-4,-13,-173,-433,32.370491
35562.346,-1,-10,-171,796,32.380359999999996
35572.231,0,-9,-165,-838,32.390245
35582.093,0,-9,-148,1593,32.400107
35591.981,-1,-11,-136,-2677,32.409995
35601.847,-3,-14,-131,1695,32.419861
35611.729,-5,-16,-134,1820,32.429743
35621.598,-8,-19,-128,-901,32.439612
35631.473,-9,-23,-93,1805,32.449487
35641.345,-9,-24,-93,-896,32.459359
35651.233,-7,-25,-98,857,32.469247
35661.099,-7,-24,-131,-365,32.479113
35670.971,-6,-21,-129,-895,32.488985
35680.849,-6,-18,-165,849,32.498863
35690.735,-5,-16,-170,1177,32.508749
35700.596,-3,-14,-160,949,32.518609999999995
35710.484,-3,-14,-166,702,32.528498
35720.35,-5,-15,-149,-2502,32.538363999999994
35730.232,-6,-18,-143,1424,32.548246000000006
35740.1,-8,-20,-140,2147,32.558113999999996
35749.976,-11,-23,-130,-982,32.56799
35759.848,-11,-26,-80,1135,32.577861999999996
35769.736,-11,-27,-90,-2123,32.58775
35779.602,-10,-27,-93,1192,32.597615999999995
35789.474,-9,-26,-128,-476,32.607488000000004
35799.352,-9,-23,-133,-1004,32.617366
35809.246,-8,-20,-168,283,32.62726
35819.099,-7,-17,-183,1527,32.637113
35828.977,-4,-15,-171,1068,32.646991
35838.853,-3,-14,-178,1634,32.656867000000005
35848.74,-5,-15,-158,-1835,32.666754
35858.603,-6,-18,-152,1890,32.676617
35868.478,-7,-20,-147,1676,32.686492
35878.352,-10,-22,-143,-1293,32.696366
35888.245,-11,-26,-85,876,32.706259
35898.108,-11,-27,-83,-2594,32.716122
35907.978,-10,-28,-81,166,32.725992000000005
35917.858,-9,-27,-96,-135,32.735872
35927.743,-10,-22,-86,514,32.745757000000005
35937.604,-8,-19,-150,1451,32.755618
35947.482,-4,-15,-151,573,32.765496000000006
35957.358,1,-13,-165,-499,32.775372000000004
35967.24,1,-13,-197,680,32.785254
35977.116,0,-13,-216,1426,32.79513000000001
35986.984,-3,-16,-196,-221,32.804998
35996.856,-5,-23,-138,1402,32.81487
36006.744,-4,-25,-129,-3987,32.824758
36016.609,-3,-27,-85,-1028,32.834623
36026.485,-2,-26,-82,-1334,32.844499000000006
36036.355,-1,-20,-74,267,32.854369000000005
36046.245,2,-17,-133,2493,32.864259000000004
36056.107,9,-14,-127,-1068,32.87412100000001
36065.981,11,-13,-134,35,32.883995000000006
36075.865,11,-13,-177,678,32.893879
36085.743,9,-15,-201,348,32.903757000000006
36095.611,6,-20,-168,-2207,32.913625
36105.484,5,-26,-186,720,32.923498
36115.366,6,-31,-159,420,32.93338000000001
36125.245,7,-34,-130,281,32.943259000000005
36135.109,9,-32,-90,-1654,32.953123
36144.981,11,-28,-133,-1153,32.962995
36154.859,16,-23,-135,1828,32.972873
36164.745,23,-19,-114,-1169,32.98275900000001
36174.611,23,-19,-146,1565,32.992625
36184.485,23,-19,-146,-186,33.002499
36194.36,19,-20,-177,1732,33.012374
36204.242,15,-23,-162,-5023,33.022256
36214.111,13,-29,-157,226,33.032125
36223.987,12,-32,-164,2016,33.042001000000006
36233.858,13,-37,-121,765,33.051872
36243.747,15,-37,-110,872,33.061761000000004
36253.617,16,-31,-90,-149,33.071631000000004
36263.484,17,-27,-147,1917,33.081497999999996
36273.362,23,-20,-138,-1416,33.091376000000004
36283.247,26,-16,-124,106,33.10126100000001
36293.119,25,-16,-163,146,33.111133
36302.989,20,-16,-183,-1,33.121003
36312.863,15,-21,-134,-2978,33.130877
36322.745,13,-25,-148,-2994,33.140759
36332.614,14,-28,-128,2152,33.150628000000005
36342.489,16,-30,-105,700,33.160503000000006
36352.361,17,-27,-94,-1211,33.170375
36362.244,18,-21,-117,889,33.180258
36372.124,21,-17,-155,-748,33.190138000000005
36381.986,27,-11,-120,3892,33.2
36391.864,26,-10,-137,1004,33.209878
36401.749,23,-11,-169,231,33.21976300000001
36411.613,18,-13,-177,-1035,33.229627
36421.49,13,-20,-126,684,33.239504000000004
36431.365,12,-23,-155,-3728,33.249379
36441.247,12,-26,-115,1775,33.25926100000001
36451.116,13,-27,-109,498,33.269130000000004
36460.991,14,-22,-88,-1556,33.279005000000005
36470.863,15,-18,-132,1067,33.288877
36480.751,20,-14,-148,-2986,33.298764999999996
36490.617,23,-10,-113,2424,33.308631
36500.489,23,-10,-148,2541,33.31850300000001
36510.367,19,-12,-173,2315,33.328381
36520.252,14,-15,-169,986,33.338266000000004
36530.124,10,-22,-140,1680,33.348138000000006
36539.993,9,-24,-162,-2506,33.35800700000001
36549.868,9,-28,-117,-55,33.367882
36559.75,10,-28,-120,2867,33.377764000000006
36569.618,11,-23,-95,-543,33.387632
36579.493,13,-19,-146,1682,33.397507000000004
36589.369,19,-14,-143,-3615,33.407383
36599.263,21,-10,-111,-1713,33.417277
36609.119,21,-10,-153,2214,33.427133000000005
36618.991,17,-12,-174,1734,33.437005000000006
36628.879,13,-16,-151,-915,33.446893
36638.755,11,-21,-159,1692,33.456769
36648.617,10,-24,-163,-673,33.466631
36658.497,10,-27,-119,-1148,33.47651100000001
36668.37,13,-26,-117,2027,33.48638400000001
36678.252,16,-19,-95,8,33.496266000000006
36688.12,19,-16,-154,1702,33.506134
36697.995,28,-9,-121,-496,33.516009000000004
36707.867,30,-6,-117,-3101,33.525881
36717.756,32,-7,-150,-946,33.53577000000001
36727.621,28,-8,-165,-2358,33.545635000000004
36737.493,25,-14,-128,-2684,33.555507000000006
36747.372,22,-17,-164,-2533,33.565386000000004
36757.257,23,-21,-148,1254,33.575271
36767.119,24,-24,-119,-1260,33.585133
36777.007,28,-23,-116,-113,33.595021
36786.872,33,-17,-114,558,33.60488600000001
36796.759,39,-13,-157,1923,33.614773
36806.623,49,-6,-104,3208,33.624637
36816.498,54,-3,-106,927,33.634512
36826.371,53,-2,-130,398,33.644385
36836.275,49,-4,-144,-1033,33.654289000000006
36846.131,45,-11,-110,-138,33.664145000000005
36856.0,42,-14,-156,-3251,33.674014
36865.876,41,-20,-134,1473,33.68389
36875.767,39,-24,-138,-30,33.693781
36885.629,41,-24,-115,415,33.70364300000001
36895.509,45,-21,-140,-820,33.713523
36905.384,55,-17,-152,-1584,33.723398
36915.266,66,-11,-105,-1767,33.73328000000001
36925.128,74,-7,-121,2741,33.743142
36935.008,74,-5,-133,725,33.753022
36944.882,73,-6,-90,-2473,33.762896
36954.758,69,-11,-110,-351,33.772772
36964.63,66,-15,-114,-1193,33.782644
36974.502,61,-22,-98,-1521,33.792516000000006
36984.379,54,-26,-119,-1671,33.802393
36994.269,49,-26,-107,-3425,33.812283
37004.126,48,-26,-137,4777,33.82214
37014.002,51,-23,-118,-1371,33.832016
37023.876,60,-20,-142,5190,33.84189
37033.758,66,-18,-175,608,33.851772000000004
37043.626,68,-16,-156,-1467,33.86164
37053.501,66,-20,-144,1164,33.871515
37063.383,61,-23,-133,-3704,33.88139700000001
37073.257,55,-27,-97,-1039,33.891271
37083.128,49,-30,-106,2413,33.901142
37092.999,46,-29,-82,-1006,33.911013000000004
37102.887,47,-28,-105,3446,33.92090100000001
37112.767,47,-24,-91,472,33.930781
37122.624,51,-22,-98,2448,33.94063800000001
37132.502,52,-22,-120,-52,33.950516
37142.378,47,-24,-124,-761,33.960392
37152.26,42,-30,-107,-425,33.970274
37162.123,38,-34,-125,-4540,33.980137
37172.003,33,-39,-87,-565,33.990017
37181.876,29,-41,-86,2459,33.99989
37191.764,26,-37,-60,1693,34.009778000000004
37201.636,27,-33,-124,1281,34.01965
37211.506,29,-27,-99,1823,34.029520000000005
37221.38,31,-22,-114,2080,34.039394
37231.265,32,-20,-131,-17,34.049279000000006
37241.128,25,-21,-130,-1344,34.059142
37251.007,20,-27,-90,937,34.069021
37260.883,17,-31,-108,-5345,34.078897000000005
37270.765,14,-37,-69,1952,34.088779
37280.634,11,-39,-80,4459,34.098648000000004
37290.508,10,-35,-50,1270,34.10852200000001
37300.379,12,-31,-113,1217,34.118393000000005
37310.272,13,-24,-101,-1192,34.128286
37320.134,16,-17,-94,293,34.138148
37330.005,18,-16,-129,456,34.148019
37339.883,13,-17,-138,-5939,34.157897000000006
37349.768,7,-25,-88,882,34.167782
37359.63,4,-29,-113,-4634,34.177644
37369.509,1,-39,-62,3036,34.187523
37379.384,0,-44,-65,4444,34.197398
37389.267,0,-45,-32,2222,34.207281
37399.136,4,-40,-73,-1359,34.217150000000004
37409.01,9,-33,-73,639,34.22702400000001
37418.882,14,-23,-58,-1490,34.236896
37428.769,20,-18,-81,-1502,34.246783
37438.636,17,-16,-115,-2156,34.25665
37448.508,15,-19,-53,762,34.266522
37458.395,12,-23,-77,-4212,34.276409
37468.27,12,-32,-57,92,34.286284
37478.13,9,-40,-67,1854,34.296144
37488.018,7,-46,-56,-1632,34.306032
37497.894,9,-47,-46,109,34.315908
37507.766,10,-46,-35,1784,34.32578000000001
37517.645,12,-41,-12,-2459,34.335659
37527.514,19,-37,-43,3893,34.34552800000001
37537.385,22,-35,-96,2715,34.355399000000006
37547.275,25,-37,-54,-2858,34.365289000000004
37557.147,24,-40,-62,510,34.375161
37567.016,23,-45,-40,-2216,34.38503000000001
37576.896,20,-51,-48,-1447,34.39491
37586.769,17,-55,-19,46,34.404783
37596.642,19,-54,-62,1300,34.414656
37606.523,19,-54,-62,3079,34.424537
37616.402,24,-52,-32,-509,34.434416000000006
37626.283,31,-48,-28,3274,34.444297000000006
37636.145,37,-45,-45,1205,34.454159
37646.027,33,-46,-70,-1459,34.464041
37655.896,32,-52,-32,-1817,34.473910000000004
37665.787,29,-57,-37,-5061,34.483801
37675.648,26,-63,-6,-1131,34.493662
37685.52,24,-66,-7,2248,34.503534
37695.395,24,-64,16,1862,34.513409
37705.281,26,-61,-40,2401,34.523295000000005
37715.141,31,-55,-21,823,34.53315500000001
37725.018,36,-48,-33,3724,34.543032
37734.893,41,-42,-57,395,34.552907
37744.773,40,-40,-68,1110,34.56278700000001
37754.64,41,-40,-13,387,34.572654
37764.515,39,-42,-19,-4646,34.582529
37774.384,37,-47,6,41,34.592398
37784.274,33,-51,-10,3374,34.602288
37794.138,30,-53,36,569,34.612152
37804.01,29,-52,25,3864,34.622024
37813.888,30,-48,47,-1143,34.631902000000004
37823.773,35,-41,48,4651,34.641787
37833.635,43,-34,37,-616,34.651649000000006
37843.508,50,-33,54,5291,34.661522000000005
37853.389,55,-34,54,-7247,34.671403000000005
37863.284,60,-37,85,2539,34.681298000000005
37873.139,62,-42,117,2283,34.69115300000001
37883.015,60,-45,91,-1525,34.701029000000005
37892.886,61,-46,89,-817,34.7109
37902.768,60,-43,74,4336,34.720782
37912.647,62,-37,58,-3109,34.730661
37922.511,61,-33,59,9493,34.740525
37932.402,58,-31,13,-3221,34.750416
37942.275,59,-28,63,-1315,34.76028900000001
37952.137,56,-27,81,2972,34.770151000000006
37962.018,52,-28,42,-4809,34.780032
37971.9,51,-28,27,5814,34.789914
37981.772,49,-25,5,-3687,34.799786
37991.64,47,-21,-14,-1958,34.809654
38001.516,44,-15,34,-598,34.81953000000001
38011.387,42,-15,-64,2187,34.829401000000004
38021.275,40,-13,-24,1247,34.839289
38031.141,36,-13,-21,-605,34.849155
38041.013,32,-11,-10,-2020,34.859027000000005
38050.891,29,-13,-54,-162,34.868905000000005
38060.777,25,-10,-61,-3471,34.87879100000001
38070.638,21,-6,-75,4761,34.888652
38080.516,16,-1,-28,-933,34.89853000000001
38090.392,13,0,-103,1014,34.908406
38100.273,9,0,-96,-688,34.91828700000001
38110.142,5,0,-73,-3115,34.928156
38120.018,0,-1,-48,2186,34.938032
38129.889,-1,-3,-67,-413,34.947903000000004
38139.777,-3,-1,-62,88,34.95779100000001
38149.642,-3,2,-35,204,34.967656000000005
38159.514,-1,5,-6,-3211,34.97752800000001
38169.392,0,8,7,2354,34.987406
38179.277,3,6,-26,1219,34.997291000000004
38189.139,4,2,25,-834,35.007153
38199.018,2,-2,53,1147,35.017032
38208.893,0,-5,88,-1109,35.026907
38218.784,0,-5,54,83,35.036798000000005
38228.643,1,-2,92,380,35.046656999999996
38238.518,5,1,69,2554,35.056532
38248.39,7,5,101,2305,35.066404000000006
38258.282,9,4,21,-1071,35.076296
38268.153,14,4,66,1654,35.086167
38278.015,17,1,52,-801,35.096029
38287.893,20,-1,86,-3891,35.105907
38297.779,20,-2,29,-979,35.115793000000004
38307.64,22,-2,50,-3091,35.125654000000004
38317.519,24,-1,35,3133,35.135533
38327.393,26,0,81,922,35.145407
38337.275,25,0,-3,2149,35.155289
38347.144,27,-1,6,308,35.165158000000005
38357.025,29,-4,19,-1247,35.175039000000005
38366.891,30,-7,43,2963,35.18490500000001
38376.779,29,-12,20,301,35.194793000000004
38386.644,29,-12,-1,2142,35.204658
38396.516,27,-11,-8,-563,35.21453
38406.395,27,-8,4,1878,35.224409
38416.28,25,-7,-17,-117,35.234294
38426.145,25,-7,-63,1512,35.244158999999996
38436.015,23,-8,-16,-1649,35.254029
38445.895,22,-10,-12,3484,35.263909
38455.777,20,-12,-20,-1063,35.273791
38465.645,18,-13,-52,1536,35.283659
38475.524,14,-12,-47,-2882,35.293538
38485.392,13,-9,-48,1603,35.303406
38495.28,12,-8,-17,-2320,35.313294
38505.146,13,-8,-87,1527,35.32316
38515.017,15,-11,-25,735,35.333031000000005
38524.895,16,-14,-9,1256,35.342909
38534.786,17,-16,24,-3444,35.3528
38544.642,17,-18,6,-79,35.362656
38554.522,19,-15,18,-1046,35.372536
38564.396,30,-12,17,2944,35.38241
38574.277,43,-9,97,-2683,35.39229100000001
38584.149,47,-10,10,3926,35.402163
38594.022,57,-15,55,-122,35.412036
38603.889,65,-23,99,-1594,35.42190300000001
38613.784,68,-30,148,-3708,35.431798
38623.649,65,-34,114,-3272,35.441663
38633.521,65,-35,127,-1217,35.45153500000001
38643.398,68,-33,121,287,35.461412
38653.284,77,-33,143,312,35.471298000000004
38663.146,81,-34,60,2065,35.48116
38673.024,97,-40,106,-2695,35.491038
38682.899,113,-47,155,1982,35.500913
38692.78,117,-52,122,1497,35.510794000000004
38702.649,127,-60,139,-1510,35.520663
38712.524,130,-62,109,1137,35.530538
38722.396,137,-62,107,2418,35.54041
38732.284,143,-62,93,-2227,35.550298000000005
38742.149,146,-63,31,2419,35.560163
38752.02,164,-68,94,767,35.570034
38761.899,177,-69,142,55,35.579913
38771.784,175,-71,72,2830,35.589798
38781.655,185,-76,107,-4261,35.599669
38791.524,180,-75,32,-2207,35.609538
38801.4,183,-71,30,1918,35.619414000000006
38811.281,186,-71,5,-356,35.629295000000006
38821.153,188,-71,-18,-270,35.639167
38831.022,201,-71,69,1790,35.649036
38840.898,200,-70,36,-2167,35.658912
38850.781,200,-73,24,2362,35.668795
38860.646,197,-75,4,-4030,35.67866
38870.525,189,-72,-46,-4585,35.688539000000006
38880.397,186,-68,-46,-1425,35.698411
38890.281,183,-68,-69,702,35.70829500000001
38900.148,181,-67,-58,652,35.71816200000001
38910.021,181,-67,-58,2810,35.728035000000006
38919.897,181,-62,28,-2355,35.737911
38929.779,173,-64,-32,319,35.74779300000001
38939.647,169,-64,-1,-4375,35.757661
38949.522,159,-62,-77,-3182,35.767536
38959.394,151,-56,-75,-3088,35.777408
38969.282,145,-51,-75,3777,35.787296000000005
38979.157,140,-50,-119,1845,35.797171
38989.019,133,-47,-75,4073,35.807033000000004
38998.897,125,-41,-27,384,35.816911
39008.79,116,-43,-66,-2488,35.826804
39018.644,106,-42,-54,-2509,35.836658
39028.522,96,-39,-119,-584,35.846536
39038.397,85,-30,-81,-2869,35.856411
39048.279,77,-28,-135,3433,35.866293000000006
39058.16,70,-25,-134,472,35.876174000000006
39068.027,58,-21,-65,754,35.886041000000006
39077.894,51,-19,-60,-1757,35.895908000000006
39087.782,43,-19,-61,-1360,35.905796
39097.648,36,-15,-90,-4317,35.915662000000005
39107.519,30,-8,-89,3228,35.925533
39117.397,22,0,-33,-2482,35.935411
39127.283,23,0,-113,2080,35.945297000000004
39137.145,20,3,-49,153,35.955159
39147.022,18,3,-10,326,35.965036
39156.897,18,3,12,-3957,35.974911
39166.78,19,4,-15,689,35.984794
39176.642,19,8,14,-4113,35.994656000000006
39186.523,22,12,41,2357,36.004537000000006
39196.394,21,14,54,1833,36.014408
39206.282,22,13,10,-2270,36.024296
39216.148,23,8,57,-886,36.034162
39226.019,22,2,103,-1008,36.044033000000006
39235.898,20,-1,99,-1395,36.053912000000004
39245.783,21,-3,85,309,36.06379700000001
39255.645,23,-2,94,-1327,36.073659
39265.523,29,0,110,-446,36.08353700000001
39275.398,31,0,76,4512,36.093412
39285.28,34,-1,34,-2417,36.103294
39295.148,41,-4,76,2167,36.113162
39305.023,44,-6,115,6848,36.123037000000004
39314.895,46,-8,78,-1927,36.132909
39324.778,50,-8,72,-892,36.142792
39334.648,53,-4,65,4547,36.15266200000001
39344.527,58,2,129,-1946,36.162541000000004
39354.398,58,2,40,4333,36.172412
39364.285,63,4,76,3815,36.18229900000001
39374.144,68,7,156,1062,36.192158000000006
39384.017,67,6,143,-2187,36.202031000000005
39393.898,63,7,98,503,36.211912000000005
39403.78,60,13,101,-3226,36.221794
39413.648,59,23,177,-4252,36.23166200000001
39423.524,54,24,100,-2800,36.241538
39433.395,50,27,93,2426,36.251409
39443.283,46,30,140,-3961,36.261297000000006
39453.157,38,34,188,953,36.271171
39463.02,32,34,97,480,36.281034
39472.898,22,44,141,-1808,36.290912000000006
39482.792,13,53,201,-2644,36.300806
39492.65,6,60,184,6084,36.310664
39502.523,0,61,147,-2149,36.320537
39512.398,-7,62,152,1737,36.330412
39522.283,-21,63,221,-1982,36.34029700000001
39532.148,-24,62,116,-369,36.350162000000005
39542.03,-38,67,155,1336,36.360044
39551.895,-54,70,238,-4848,36.369909
39561.793,-60,74,207,27,36.379807
39571.648,-68,75,196,-2540,36.389662
39581.519,-72,72,154,1672,36.399533000000005
39591.398,-85,66,184,-2514,36.409412
39601.283,-92,67,143,2864,36.41929700000001
39611.145,-100,66,126,-612,36.429159
39621.017,-120,66,218,-8071,36.439031
39630.898,-124,68,178,1019,36.44891200000001
39640.78,-132,70,179,-2400,36.458794000000005
39650.648,-135,67,123,1471,36.468662
39660.532,-145,61,136,-4473,36.478546
39670.395,-153,63,134,6871,36.488409
39680.283,-157,63,103,183,36.49829700000001
39690.148,-175,64,200,-7919,36.508162000000006
39700.02,-176,67,160,2242,36.518034
39709.898,-183,72,184,-15,36.527912
39719.782,-180,70,116,1563,36.537796
39729.645,-185,65,117,-3054,36.547659
39739.522,-194,67,139,5684,36.557536
39749.397,-192,68,91,-744,36.567411
39759.285,-207,70,197,-6628,36.577299000000004
39769.148,-204,72,156,6184,36.587162000000006
39779.023,-210,78,190,-1629,36.59703700000001
39788.894,-204,76,114,1418,36.606908000000004
39798.782,-205,71,101,-1100,36.616796
39808.647,-211,72,128,3904,36.626661
39818.519,-211,73,94,-1334,36.636533
39828.398,-222,71,192,-4826,36.646412000000005
39838.283,-218,72,146,3083,36.65629700000001
39848.144,-224,76,194,-2985,36.666158
39858.022,-218,75,129,3347,36.676036
39867.898,-217,69,92,1751,36.685912
39877.788,-222,67,116,1206,36.695802
39887.647,-225,68,99,-5120,36.705661
39897.522,-234,65,181,-1828,36.715536
39907.398,-233,64,159,2381,36.725412000000006
39917.29,-238,67,190,-1226,36.735304000000006
39927.15,-233,66,135,1864,36.745164
39937.023,-229,61,78,3075,36.755037
39946.901,-234,57,100,-602,36.764915
39956.786,-238,58,86,-4551,36.774800000000006
39966.648,-248,55,157,-328,36.784662000000004
39976.525,-249,54,145,3207,36.79453900000001
39986.4,-254,57,166,-2247,36.804414
39996.282,-253,57,138,-561,36.814296
40006.15,-248,53,69,2623,36.824164
40016.025,-252,49,77,-2656,36.834039000000004
40025.897,-261,51,89,-1672,36.843911
40035.785,-269,49,131,3012,36.85379900000001
40045.651,-274,47,152,3342,36.863665
40055.522,-277,50,150,-1487,36.873536
40065.4,-280,52,157,279,36.883414
40075.285,-272,49,71,805,36.893299000000006
40085.147,-275,46,63,-2545,36.903161
40095.032,-287,49,104,2139,36.913046
40104.907,-293,48,123,2113,36.922921
40114.782,-298,47,149,1813,36.932796
40124.65,-300,50,140,-407,36.94266400000001
40134.522,-306,53,166,2500,36.952536
40144.393,-296,50,73,-1432,36.962407
40154.281,-296,50,73,-142,36.972295
40164.151,-295,48,34,2409,36.982165
40174.018,-312,52,102,6,36.992032
40183.896,-319,51,129,1926,37.00191
40193.782,-322,51,143,465,37.011796000000004
40203.643,-325,54,151,925,37.021657
40213.521,-329,58,172,-1257,37.031535000000005
40223.396,-318,56,87,-968,37.041410000000006
40233.278,-316,55,45,-432,37.051292000000004
40243.146,-331,58,109,-1151,37.06116
40253.021,-339,60,145,1755,37.071035
40262.893,-337,60,141,1069,37.080906999999996
40272.78,-335,64,160,-802,37.090794
40282.646,-330,70,176,-2483,37.100660000000005
40292.526,-315,70,100,-2582,37.11054
40302.403,-305,71,57,185,37.120417
40312.281,-307,77,107,6978,37.130295000000004
40322.152,-307,88,157,-1267,37.14016600000001
40332.021,-300,91,165,608,37.150035
40341.896,-294,101,192,-1355,37.15991
40351.777,-285,111,203,-2335,37.169791000000004
40361.646,-271,112,125,1585,37.179660000000005
40371.521,-260,114,78,-491,37.18953500000001
40381.392,-254,124,103,5807,37.199406
40391.28,-248,140,181,-6100,37.209294
40401.156,-234,145,145,2567,37.219170000000005
40411.017,-221,158,172,-2365,37.229031000000006
40420.895,-205,169,171,1100,37.238909
40430.781,-192,172,117,2123,37.24879500000001
40440.652,-179,173,41,1979,37.258666000000005
40450.521,-166,184,59,914,37.268535
40460.395,-145,212,190,-7963,37.278408999999996
40470.277,-134,212,118,1638,37.28829100000001
40480.145,-114,230,165,1145,37.298159
40490.02,-97,240,156,629,37.308034
40499.892,-83,249,144,-68,37.317906
40509.78,-79,242,23,1968,37.327794000000004
40519.645,-66,251,1,-872,37.337659
40529.527,-31,285,157,-459,37.34754100000001
40539.395,-23,287,100,2436,37.357409
40549.279,-3,302,122,135,37.367293000000004
40559.141,15,313,136,-2457,37.37715500000001
40569.019,29,319,114,-15,37.387033
40578.895,30,317,22,-85,37.396909
40588.776,37,317,-39,3278,37.40679
40598.645,77,342,74,-2327,37.416659
40608.52,94,355,83,-2538,37.426534
40618.391,110,361,78,1511,37.43640500000001
40628.279,133,372,104,-2453,37.446293000000004
40638.145,143,374,74,-4498,37.456159
40648.018,147,376,23,128,37.466032
40657.895,145,371,-55,2358,37.475909
40667.78,179,386,13,-4784,37.485794
40677.641,209,403,83,2253,37.495655000000006
40687.519,216,403,48,-1214,37.505533
40697.394,242,412,87,-104,37.515408
40707.276,250,411,64,-2456,37.52529
40717.138,253,411,19,1816,37.535152000000004
40727.019,246,405,-57,-137,37.545033000000004
40736.891,270,412,-25,-5153,37.554905000000005
40746.778,306,425,66,3416,37.564792000000004
40756.644,305,423,27,2928,37.57465800000001
40766.516,321,426,60,-4165,37.58453000000001
40776.398,323,421,50,-2535,37.594412000000005
40786.278,317,418,15,2052,37.604292
40796.14,306,412,-42,-3080,37.614154
40806.019,310,410,-41,-2052,37.624033000000004
40815.894,330,410,42,5967,37.633908000000005
40825.784,327,410,33,-1557,37.643798000000004
40835.638,332,407,56,3094,37.653652
40845.519,329,400,54,4842,37.663533
40855.39,319,394,20,-1029,37.673404000000005
40865.272,308,389,-19,-4670,37.683286
40875.143,299,383,-41,2180,37.693157
40885.015,305,377,34,1239,37.703029
40894.893,299,376,65,-3713,37.712907
40904.78,289,367,59,3203,37.722794
40914.64,282,359,70,2987,37.732654000000004
40924.527,267,350,49,-3932,37.742541
40934.393,253,345,0,-1987,37.752407
40944.274,238,337,-48,5257,37.762288
40954.137,230,327,31,-3033,37.77215100000001
40964.019,215,322,85,-2635,37.782033000000006
40973.89,200,313,62,2448,37.791904
40983.774,184,303,87,-66,37.801788
40993.643,166,294,66,-8443,37.811657
41003.515,150,289,26,2210,37.821529000000005
41013.388,136,282,-49,4699,37.831402000000004
41023.277,117,273,4,-7062,37.841291000000005
41033.139,92,266,85,2248,37.851153000000004
41043.017,76,259,59,-868,37.861031000000004
41052.892,55,250,90,-816,37.870906000000005
41062.774,37,241,73,-5501,37.880788
41072.637,23,237,27,5138,37.890651000000005
41082.528,12,232,-42,157,37.900542
41092.389,-8,225,-8,-6675,37.910403
41102.275,-38,215,66,7386,37.920289000000004
41112.142,-55,211,57,-2573,37.930156000000004
41122.014,-74,203,75,1815,37.940028000000005
41131.893,-90,194,65,-247,37.949906999999996
41141.777,-101,191,20,-78,37.959791
41151.639,-111,189,-24,-5152,37.96965300000001
41161.527,-126,185,-29,-994,37.979541000000005
41171.392,-151,176,23,5557,37.989406
41181.273,-175,174,64,-5130,37.999287
41191.142,-188,169,54,3113,38.009156000000004
41201.017,-202,162,61,376,38.019031000000005
41210.898,-210,159,24,-1052,38.028912000000005
41220.776,-217,161,-9,-2594,38.03879
41230.642,-224,159,-36,-835,38.048656
41240.516,-242,153,-1,2508,38.058530000000005
41250.394,-269,154,66,-1286,38.068408000000005
41260.279,-275,151,42,1774,38.078293
41270.141,-286,146,55,3620,38.08815500000001
41280.028,-291,143,25,166,38.098042
41289.895,-293,146,-13,382,38.107909
41299.78,-299,147,-31,-3135,38.117794
41309.644,-308,143,-28,3474,38.127658000000004
41319.519,-327,142,27,631,38.137533000000005
41329.391,-339,142,49,-6276,38.147405000000006
41339.272,-342,138,36,698,38.157286
41349.144,-344,136,19,-261,38.167158
41359.016,-343,139,-24,-3881,38.17703000000001
41368.894,-357,144,17,-4192,38.186908
41378.778,-351,141,-30,4915,38.196792
41388.641,-361,141,9,-1311,38.206655000000005
41398.519,-380,144,88,-5911,38.216533000000005
41408.394,-374,140,39,3354,38.226408000000006
41418.275,-377,139,42,3382,38.236289000000006
41428.144,-371,142,-7,-3001,38.246158
41438.019,-386,150,52,-1429,38.256033
41447.887,-376,149,-9,2122,38.26590100000001
41457.769,-375,150,-8,-1586,38.275783000000004
41467.641,-392,153,96,3903,38.285655000000006
41477.518,-384,151,49,4254,38.295532
41487.391,-382,151,42,2446,38.30540500000001
41497.284,-380,154,23,-4317,38.315298000000006
41507.138,-388,162,80,790,38.325152
41517.016,-377,162,9,-2886,38.33503
41526.891,-373,163,8,2877,38.344905000000004
41536.772,-378,163,80,1495,38.354786
41546.634,-377,161,83,-1819,38.364648
41556.516,-370,161,44,1654,38.37453000000001
41566.39,-370,165,63,-5274,38.384404
41576.275,-370,165,63,-116,38.39428900000001
41586.14,-374,171,129,1542,38.404154000000005
41596.012,-361,171,49,-1420,38.41402600000001
41605.893,-354,171,56,434,38.423907
41615.775,-350,169,94,7185,38.433789000000004
41625.646,-347,168,123,-1378,38.44366
41635.515,-335,167,57,786,38.453529
41645.39,-332,170,97,1378,38.463404000000004
41655.272,-328,174,149,5553,38.473286
41665.139,-315,175,87,1164,38.48315300000001
41675.015,-305,173,72,59,38.493029
41684.886,-297,168,108,2658,38.502900000000004
41694.771,-293,164,127,-7863,38.512785
41704.645,-284,162,57,489,38.522659
41714.511,-279,161,101,936,38.532525
41724.389,-274,161,149,-1692,38.54240300000001
41734.283,-266,160,99,2363,38.552297
41744.145,-257,156,79,596,38.562159
41754.014,-251,149,112,544,38.572028
41763.89,-248,143,159,-4563,38.581904
41773.774,-241,140,76,1121,38.591788
41783.639,-237,138,94,-809,38.601653000000006
41793.514,-236,137,134,-3738,38.61152800000001
41803.388,-232,135,134,-2042,38.621402
41813.271,-225,133,72,1605,38.631285000000005
41823.139,-222,126,124,-354,38.641153
41833.011,-221,119,177,-981,38.651025000000004
41842.89,-215,115,115,1614,38.660904
41852.773,-210,114,96,-1881,38.670787000000004
41862.635,-207,116,115,268,38.680649
41872.514,-201,116,160,1685,38.69052800000001
41882.388,-191,116,56,-2468,38.700402000000004
41892.27,-184,114,102,-2389,38.710284
41902.138,-177,112,160,4450,38.720152
41912.014,-169,110,118,806,38.730028000000004
41921.888,-161,112,90,647,38.739902
41931.773,-153,116,104,-65,38.749787000000005
41941.638,-142,123,175,3432,38.759652
41951.509,-133,123,75,2404,38.769523
41961.391,-118,125,98,564,38.779405000000004
41971.282,-103,126,138,2913,38.789296
41981.143,-90,128,149,-5728,38.799157
41991.013,-83,128,75,3502,38.809027
42000.889,-68,135,111,976,38.818903000000006
42010.769,-50,143,167,-1427,38.828783
42020.631,-41,147,122,373,38.83864500000001
42030.513,-29,147,91,1437,38.848527000000004
42040.388,-11,148,107,-3087,38.858402000000005
42050.272,7,151,163,-5436,38.868286
42060.137,7,148,52,4571,38.878151
42070.008,24,154,86,-360,38.88802200000001
42079.89,46,161,137,-4836,38.897904000000004
42089.782,59,166,133,1114,38.907796000000005
42099.633,65,165,73,-1694,38.917647
42109.511,81,165,82,-1440,38.927525
42119.391,105,165,140,408,38.937405000000005
42129.268,103,162,55,1926,38.947282
42139.136,116,164,55,-517,38.95715
42149.011,138,170,109,-2883,38.967025
42158.883,153,174,125,3580,38.976897
42168.766,154,173,63,-546,38.98678
42178.636,168,172,65,-1147,38.99665
42188.508,188,169,103,3689,39.006522000000004
42198.385,193,168,76,-2252,39.01639900000001
42208.271,196,166,28,-2287,39.026285
42218.137,218,171,77,-1096,39.036151000000004
42228.011,241,175,107,6700,39.046025
42237.886,243,176,48,-866,39.0559
42247.767,260,176,35,2486,39.065781
42257.635,285,175,50,5278,39.075649000000006
42267.507,311,180,64,-4083,39.085521
42277.382,308,177,-11,2737,39.095396
42287.27,340,188,24,2630,39.105284
42297.135,375,198,64,-3365,39.115149
42307.007,389,203,32,-2037,39.125021000000004
42316.885,406,206,8,1878,39.134899000000004
42326.77,433,208,2,494,39.144784
42336.633,484,218,61,-5123,39.154647000000004
42346.51,466,212,-43,5328,39.16452400000001
42356.385,503,223,-22,-599,39.17439900000001
42366.266,553,237,22,-2851,39.18428000000001
42376.134,573,244,3,3266,39.194148
42386.009,575,243,-54,-1690,39.204023
42395.881,606,248,-56,-728,39.213895
42405.77,656,255,-21,-1201,39.223784
42415.634,645,252,-95,2829,39.233648
42425.506,669,258,-103,1226,39.243520000000004
42435.394,731,276,-47,-4452,39.253408
42445.269,755,283,-55,4633,39.263283
42455.13,761,285,-92,1271,39.273144
42465.009,781,287,-110,-3149,39.283023
42474.883,821,292,-91,2120,39.292897
42484.765,831,295,-116,-1417,39.302779
42494.633,827,293,-159,-872,39.312647000000005
42504.513,887,312,-96,312,39.322527
42514.38,910,319,-87,4870,39.332394
42524.272,909,320,-111,261,39.342286
42534.133,914,321,-125,-3535,39.352147
42544.005,926,319,-121,4856,39.362019000000004
42553.884,948,327,-86,-3224,39.371898
42563.77,908,314,-168,-2573,39.381783999999996
42573.635,938,325,-104,3786,39.39164900000001
42583.509,949,330,-69,572,39.401523000000005
42593.384,933,329,-85,-1287,39.411398
42603.267,913,323,-104,-2208,39.421281
42613.135,900,316,-101,-12,39.431149000000005
42623.01,903,317,-35,810,39.441024000000006
42632.881,854,303,-128,-432,39.450895
42642.77,845,305,-70,1690,39.460784
42652.634,836,306,-2,-3048,39.470648000000004
42662.506,806,301,-22,-2754,39.480520000000006
42672.383,776,294,-26,-457,39.490397
42682.269,744,283,-43,696,39.500283
42692.137,718,275,15,5247,39.51015100000001
42702.009,678,264,-54,-2762,39.520023
42711.884,643,259,-18,3540,39.529898
42721.765,609,251,52,-2403,39.539779
42731.634,572,245,18,5954,39.549648
42741.509,536,236,17,-592,39.559523
42751.383,503,224,-16,4570,39.569397
42761.268,465,210,-11,-2024,39.579282
42771.131,427,202,-17,-4103,39.589145
42781.012,390,192,-39,8205,39.599026
42790.88,341,180,51,-716,39.608894
42800.765,309,174,15,1111,39.618779
42810.627,274,167,16,-4277,39.628641
42820.508,251,158,-28,2507,39.638522
42830.381,221,146,-35,-1448,39.648395
42840.262,196,142,-50,208,39.65827600000001
42850.129,175,137,-81,3425,39.668143
42860.005,138,132,-2,-4313,39.678019
42869.876,123,132,-26,-1381,39.687889999999996
42879.764,107,132,-17,-3231,39.69777800000001
42889.629,101,128,-51,-1534,39.707643000000004
42899.501,95,124,-62,-5946,39.717515
42909.381,95,124,-62,5489,39.727395
42919.264,90,125,-68,-2073,39.737278
42929.13,90,126,-79,-2498,39.747144
42939.004,92,130,-7,2988,39.757018
42948.882,97,137,-24,-1321,39.766896
42958.76,106,141,-36,-1021,39.776774
42968.629,118,142,-66,-1265,39.786643000000005
42978.504,136,145,-36,2348,39.796518000000006
42988.376,146,150,-84,-2605,39.80639
42998.268,166,158,-84,365,39.816282
43008.128,202,173,-10,4278,39.826142
43018.0,221,184,-24,1235,39.836014000000006
43027.888,243,194,-34,-492,39.845902
43037.763,260,196,-72,2086,39.855777
43047.624,294,204,-50,-587,39.865638000000004
43057.503,318,214,-65,1619,39.875517
43067.378,332,220,-109,3475,39.885392
43077.259,398,246,-24,-154,39.895273
43087.127,416,253,-61,-2019,39.905141
43097.002,445,268,-69,-333,39.915016
43106.886,455,268,-122,3924,39.9249
43116.762,488,275,-126,-3429,39.93477600000001
43126.627,529,289,-112,927,39.944641000000004
43136.499,528,289,-179,1911,39.954513000000006
43146.377,598,316,-118,-3281,39.964391000000006
43156.261,633,328,-121,-1499,39.974275
43166.123,658,343,-136,722,39.984137000000004
43176.002,662,342,-186,1387,39.994016
43185.88,688,347,-201,-624,40.003894
43195.758,753,371,-152,-68,40.013772
43205.626,727,361,-238,-797,40.02364
43215.501,785,386,-199,-1244,40.033515
43225.373,839,407,-167,-287,40.043387
43235.261,853,418,-189,-1226,40.053275
43245.126,857,420,-224,-540,40.06314
43254.997,875,424,-241,-645,40.07301100000001
43264.887,937,446,-191,-896,40.08290100000001
43274.76,902,434,-271,969,40.092774000000006
43284.622,944,454,-246,342,40.102636000000004
43294.503,1004,481,-192,-2884,40.112517
43304.376,1007,488,-216,525,40.12239
43314.257,1006,490,-243,637,40.132271
43324.125,1017,494,-256,509,40.142139
43334.0,1069,515,-204,-140,40.152014
43343.871,1038,505,-267,1816,40.161885000000005
43353.759,1056,518,-258,2687,40.171773
43363.624,1108,547,-195,-6375,40.18163800000001
43373.496,1106,552,-212,5045,40.19151
43383.368,1101,556,-232,1766,40.201382
43393.259,1101,557,-246,1933,40.211273
43403.121,1124,567,-218,155,40.221135000000004
43412.998,1111,567,-245,-1249,40.231012
43422.874,1100,566,-266,5409,40.240888000000005
43432.755,1144,595,-193,-3068,40.250769
43442.623,1137,599,-202,6823,40.260637
43452.498,1128,602,-216,300,40.270512000000004
43462.37,1119,600,-231,2947,40.280384000000005
43472.253,1119,601,-225,-2433,40.290267
43482.123,1127,611,-203,-2697,40.300137
43491.995,1097,602,-245,6361,40.31000900000001
43501.873,1131,627,-168,-774,40.319887
43511.757,1126,631,-161,4152,40.329771
43521.619,1110,631,-180,-3121,40.339633
43531.497,1095,627,-195,-313,40.34951100000001
43541.372,1084,621,-206,-3943,40.35938600000001
43551.254,1093,631,-171,-1234,40.369268000000005
43561.122,1057,619,-226,5119,40.379136
43570.999,1081,639,-153,454,40.389013000000006
43580.878,1081,645,-128,1839,40.398892
43590.757,1061,641,-156,-3133,40.408771
43600.622,1049,639,-162,-2634,40.41863600000001
43610.493,1030,629,-186,-4650,40.428507
43620.381,1042,638,-142,33,40.43839500000001
43630.256,1007,625,-201,2365,40.44827
43640.118,1018,636,-152,4470,40.458132000000006
43649.996,1029,646,-107,90,40.46801
43659.871,1007,641,-141,-4353,40.477885
43669.752,995,637,-152,-3663,40.487766
43679.614,980,628,-175,-1773,40.497628000000006
43689.495,998,637,-119,-207,40.507509000000006
43699.367,961,622,-188,2153,40.517381
43709.255,968,630,-157,7117,40.527269
43719.12,987,643,-96,-4742,40.53713400000001
43728.995,968,638,-133,-2243,40.547009
43738.879,957,635,-148,-1228,40.556893
43748.754,948,628,-162,2800,40.566768
43758.616,969,637,-105,-2899,40.57663
43768.494,930,620,-184,1390,40.586508
43778.37,936,625,-164,5990,40.59638400000001
43788.251,953,638,-111,-8302,40.606265
43798.119,942,636,-134,2134,40.616133000000005
43807.994,926,629,-167,1743,40.626008
43817.867,922,625,-171,2141,40.635881
43827.748,948,635,-107,-4070,40.645762000000005
43837.618,912,619,-182,1449,40.655632000000004
43847.5,915,623,-172,5366,40.665514
43857.371,931,635,-123,-5778,40.675385
43867.254,929,637,-127,2537,40.685268
43877.121,906,628,-177,1579,40.695135
43886.996,905,626,-174,-691,40.70501
43896.87,931,635,-111,-4919,40.714884000000005
43906.753,898,620,-181,3646,40.724767
43916.62,897,622,-180,1868,40.73463400000001
43926.495,909,634,-138,-5088,40.74450900000001
43936.366,915,639,-125,3028,40.754380000000005
43946.253,886,627,-190,217,40.764267
43956.12,890,628,-178,-7210,40.774134000000004
43965.998,914,638,-118,-2570,40.784012000000004
43975.869,889,627,-172,3449,40.793883
43985.763,881,626,-185,-504,40.803777000000004
43995.625,890,637,-151,-5077,40.813639
44005.493,900,646,-126,4593,40.823507000000006
44015.368,869,632,-197,-833,40.83338200000001
44025.254,871,633,-190,-7685,40.843268
44035.118,888,640,-146,-449,40.853132
44044.993,871,633,-184,2613,40.863007
44054.865,853,626,-220,-2025,40.872879
44064.753,867,640,-175,-2485,40.882767
44074.615,876,649,-152,6106,40.892629
44084.486,846,636,-220,-1768,40.9025
44094.365,844,635,-217,-6095,40.912379
44104.249,858,642,-161,2930,40.92226300000001
44114.116,829,629,-214,966,40.93213000000001
44123.989,820,626,-205,-4282,40.94200300000001
44133.864,819,630,-162,4905,40.95187800000001
44143.745,807,631,-143,-151,40.96175900000001
44153.613,769,613,-215,2869,40.971627
44163.488,752,605,-209,-574,40.981502
44173.36,749,603,-127,3737,40.991374
44183.248,749,603,-127,-3785,41.001262000000004
44193.113,704,582,-212,-744,41.011127
44202.985,684,576,-176,4117,41.020999
44212.856,669,571,-101,205,41.03087
44222.75,636,559,-136,-5721,41.040764
44232.609,604,545,-148,-2897,41.050623
44242.487,571,527,-169,-966,41.060501
44252.362,534,508,-109,935,41.070376
44262.244,497,490,-175,1910,41.080258
44272.111,455,470,-157,1606,41.090125
44281.986,411,450,-102,-7637,41.1
44291.858,368,434,-125,1442,41.109872
44301.755,331,415,-166,3410,41.119769
44311.611,291,393,-183,1134,41.129625
44321.483,231,364,-114,-957,41.139497000000006
44331.361,206,351,-212,685,41.149375
44341.245,147,326,-197,-1168,41.159259000000006
44351.112,82,301,-158,-5531,41.169126000000006
44360.985,31,282,-174,4885,41.178999000000005
44370.87,-6,262,-222,846,41.18888400000001
44380.741,-54,238,-232,-5714,41.198755000000006
44390.609,-129,205,-189,14,41.208623
44400.484,-134,200,-292,2766,41.218498
44410.359,-194,176,-285,-1045,41.228373
44420.244,-266,150,-265,304,41.238258
44430.109,-315,133,-277,7882,41.248123
44439.989,-332,121,-336,-1936,41.258003
44449.863,-382,99,-344,-2138,41.267877
44459.743,-453,67,-324,2880,41.27775700000001
44469.605,-463,60,-387,-509,41.28761900000001
44479.487,-497,46,-415,-166,41.297501000000004
44489.358,-572,22,-396,5402,41.307372
44499.239,-636,0,-386,1873,41.317253
44509.107,-647,-5,-439,-3182,41.327121000000005
44518.983,-697,-25,-448,773,41.336997000000004
44528.854,-757,-52,-447,3295,41.346868
44538.742,-806,-71,-459,-4202,41.356756000000004
44548.604,-783,-65,-539,107,41.366618
44558.482,-866,-90,-520,3056,41.376496
44568.356,-951,-118,-496,-1026,41.38637
44578.248,-950,-118,-548,1607,41.396262
44588.11,-990,-135,-562,-2617,41.406124000000005
44597.991,-1047,-158,-562,2038,41.416005000000006
44607.865,-1121,-182,-551,-1388,41.425879
44617.746,-1077,-170,-632,3659,41.43576
44627.615,-1154,-189,-619,3233,41.445629000000004
44637.49,-1244,-213,-595,-6164,41.455504
44647.361,-1259,-213,-625,146,41.465375
44657.249,-1269,-218,-653,-3520,41.475263000000005
44667.109,-1314,-234,-654,-5330,41.485123
44676.981,-1391,-259,-639,2685,41.494995
44686.858,-1356,-249,-700,-2986,41.504872000000006
44696.742,-1407,-262,-697,549,41.514756
44706.603,-1506,-292,-657,-4830,41.524617000000006
44716.479,-1512,-290,-678,1165,41.534493000000005
44726.354,-1535,-296,-687,-2373,41.544368000000006
44736.235,-1542,-301,-703,1683,41.554249000000006
44746.108,-1592,-320,-693,3403,41.564122000000005
44755.988,-1606,-322,-710,-2124,41.574002
44765.849,-1610,-321,-728,-1180,41.58386300000001
44775.738,-1713,-351,-671,608,41.593752
44785.602,-1700,-344,-694,2441,41.603616
44795.474,-1739,-352,-678,-1388,41.613488000000004
44805.352,-1725,-350,-696,-2871,41.623366000000004
44815.237,-1737,-357,-700,5975,41.633251
44825.098,-1787,-368,-679,-3037,41.643112
44834.98,-1766,-361,-708,-4706,41.65299400000001
44844.851,-1855,-387,-640,3904,41.662865000000004
44854.732,-1842,-382,-651,5985,41.672746000000004
44864.6,-1879,-389,-624,-692,41.682614
44874.475,-1849,-382,-645,-4248,41.692489
44884.348,-1837,-380,-660,5072,41.702362
44894.235,-1894,-392,-619,-3838,41.712249
44904.1,-1855,-378,-657,-4847,41.722114000000005
44913.977,-1931,-399,-585,5805,41.731991
44923.85,-1919,-395,-587,3532,41.741864
44933.734,-1942,-398,-558,-2367,41.751748
44943.604,-1918,-391,-568,-1683,41.761618000000006
44953.474,-1884,-384,-597,1989,41.771488000000005
44963.348,-1922,-394,-558,-4421,41.781362
44973.239,-1910,-388,-570,-6751,41.791253000000005
44983.098,-1951,-402,-517,5152,41.801112
44992.973,-1946,-401,-505,2801,41.810987000000004
45002.85,-1961,-403,-477,-2617,41.820864
45012.732,-1933,-394,-487,2416,41.830746000000005
45022.597,-1898,-387,-513,4396,41.840611
45032.469,-1925,-394,-478,-4245,41.850483
45042.35,-1912,-387,-488,-3116,41.860364000000004
45052.232,-1940,-396,-445,3060,41.87024600000001
45062.104,-1948,-399,-416,-1461,41.880118
45071.971,-1946,-396,-402,-1099,41.889985
45081.846,-1927,-390,-402,4747,41.899860000000004
45091.727,-1889,-382,-433,1598,41.909741000000004
45101.595,-1894,-385,-418,1161,41.919609
45111.475,-1900,-385,-409,-3843,41.929489000000004
45121.342,-1900,-386,-396,3766,41.939356
45131.23,-1917,-394,-356,-1405,41.94924400000001
45141.105,-1911,-390,-347,1409,41.95911900000001
45150.97,-1894,-384,-347,7015,41.968984000000006
45160.847,-1859,-377,-375,-573,41.978861
45170.74,-1869,-381,-357,917,41.988754
45180.594,-1865,-377,-359,-2344,41.998608
45190.471,-1866,-376,-346,-2385,42.008485
45200.347,-1897,-387,-290,-2296,42.018361000000006
45210.241,-1876,-378,-298,3236,42.028255
45220.092,-1870,-375,-285,4008,42.038106
45229.984,-1837,-367,-309,-2213,42.047998
45239.846,-1831,-366,-307,2765,42.05786
45249.732,-1838,-365,-294,-2607,42.06774600000001
45259.605,-1819,-358,-308,-846,42.077619000000006
45269.473,-1850,-370,-248,-3909,42.087487
45279.354,-1824,-359,-262,2159,42.097368
45289.229,-1819,-355,-243,-52,42.107243000000004
45299.103,-1783,-346,-261,0,42.11711700000001
45308.976,-1782,-345,-238,5012,42.126990000000006
45318.855,-1789,-341,-208,-5316,42.136869000000004
45328.739,-1748,-327,-247,2133,42.146753000000004
45338.609,-1773,-330,-171,-511,42.156622999999996
45348.479,-1747,-316,-173,2035,42.166493
45358.352,-1710,-301,-192,-1100,42.176366
45368.239,-1679,-289,-191,-4887,42.18625300000001
45378.106,-1673,-282,-152,7922,42.19612
45387.97,-1646,-267,-157,-5132,42.205984
45397.846,-1609,-250,-172,954,42.21586
45407.732,-1618,-238,-78,-2094,42.22574600000001
45417.589,-1572,-215,-92,1569,42.235603000000005
45427.468,-1540,-195,-77,-1753,42.245482
45437.342,-1495,-177,-88,2493,42.255356
45447.23,-1463,-162,-74,7508,42.265244
45457.089,-1437,-140,-52,-3421,42.275103
45466.963,-1395,-121,-67,-2194,42.284977000000005
45476.833,-1379,-94,41,3620,42.294847000000004
45486.722,-1379,-94,41,4617,42.304736000000005
45496.593,-1323,-72,0,-2108,42.314607
45506.457,-1287,-47,21,3068,42.324471
45516.339,-1237,-30,-12,5757,42.334353
45526.22,-1195,-15,-29,-4116,42.34423400000001
45536.081,-1166,9,9,-921,42.354095
45545.959,-1123,26,-20,3107,42.36397300000001
45555.834,-1089,56,79,1219,42.373848
45565.715,-1045,75,42,-441,42.383729
45575.583,-1003,101,50,4815,42.393597
45585.459,-959,113,-1,3422,42.403473000000005
45595.33,-924,127,-6,-4612,42.413344
45605.217,-894,149,17,-2240,42.423231
45615.083,-859,163,-12,-169,42.433097000000004
45624.954,-822,193,83,-543,42.442968
45634.831,-788,207,37,889,42.452845
45644.717,-755,227,40,2651,42.462731
45654.578,-721,233,-19,-3102,42.472592000000006
45664.455,-692,244,-22,-3377,42.482469
45674.335,-668,261,-3,-2607,42.492349000000004
45684.222,-642,269,-38,-1144,42.502236
45694.08,-614,292,44,-1812,42.512094000000005
45703.954,-590,302,4,-594,42.521968
45713.826,-567,316,3,-4558,42.53184
45723.714,-543,317,-60,-3205,42.541728000000006
45733.579,-521,324,-53,4745,42.551593000000004
45743.451,-505,337,-28,-3747,42.561465000000005
45753.328,-489,337,-88,-1903,42.571342
45763.215,-472,355,-11,-2920,42.581229
45773.075,-456,362,-14,-746,42.591089
45782.953,-442,370,-29,234,42.600967000000004
45792.828,-426,371,-75,2374,42.610842000000005
45802.708,-410,372,-78,7478,42.620722
45812.577,-402,381,-28,-8236,42.630591
45822.452,-392,375,-122,308,42.640466
45832.323,-384,387,-52,-606,42.650337
45842.21,-375,392,-9,972,42.660224
45852.084,-367,395,-33,296,42.670098
45861.947,-358,393,-69,252,42.679961000000006
45871.819,-346,387,-97,3137,42.68983300000001
45881.709,-342,383,-39,101,42.699723000000006
45891.571,-336,378,-117,-486,42.709585000000004
45901.45,-332,377,-69,1007,42.719464
45911.324,-328,373,-7,2021,42.729338000000006
45921.205,-322,371,-38,1634,42.739219000000006
45931.073,-316,366,-64,-885,42.749087
45940.948,-308,357,-115,205,42.758962
45950.829,-306,344,-56,1386,42.768843000000004
45960.713,-302,338,-117,-333,42.778727
45970.572,-300,330,-111,1459,42.788586
45980.444,-302,319,-35,-2686,42.798458000000004
45990.317,-299,313,-54,2347,42.808331
46000.208,-296,306,-77,78,42.818222
46010.068,-291,296,-115,724,42.828082
46019.949,-290,280,-80,4014,42.837963
46029.821,-291,269,-84,-1869,42.847835
46039.702,-287,262,-132,1192,42.857716
46049.564,-292,252,-77,619,42.867578
46059.454,-296,241,-31,4185,42.877468
46069.317,-292,237,-88,-856,42.887331
46079.199,-290,227,-94,-100,42.897213
46089.069,-291,212,-63,3111,42.90708300000001
46098.941,-295,200,-35,-6453,42.916955
46108.819,-288,197,-121,1826,42.92683300000001
46118.703,-294,188,-78,153,42.936717
46128.565,-301,181,-24,-2808,42.94657900000001
46138.443,-299,177,-59,25,42.956457
46148.317,-295,171,-91,628,42.966331000000004
46158.198,-298,160,-57,-396,42.976212
46168.062,-305,148,-5,-3614,42.986076000000004
46177.942,-296,146,-92,1515,42.99595600000001
46187.814,-298,142,-88,-984,43.005828
46197.7,-305,138,-50,-5225,43.015714
46207.566,-310,135,-21,1746,43.025580000000005
46217.438,-301,134,-97,-1385,43.03545200000001
46227.315,-305,128,-60,-1629,43.045329
46237.2,-311,119,-10,4024,43.055214
46247.062,-307,116,-57,870,43.065076
46256.944,-304,116,-93,297,43.07495800000001
46266.815,-312,115,-51,932,43.084829000000006
46276.695,-319,114,0,4816,43.094709
46286.564,-311,115,-70,-8,43.104578000000004
46296.438,-313,112,-54,2288,43.11445200000001
46306.31,-314,105,-39,1646,43.124324
46316.197,-320,102,-8,-5693,43.134211
46326.063,-308,102,-109,806,43.144077
46335.935,-317,102,-57,1790,43.153949
46345.812,-324,101,-7,11,43.163826
46355.706,-323,104,-26,-1669,43.17372
46365.562,-317,102,-68,-1029,43.183576
46375.431,-315,98,-68,-1876,43.193445
46385.312,-324,91,-3,-1336,43.203326000000004
46395.192,-312,93,-107,3696,43.21320600000001
46405.067,-317,92,-77,3391,43.22308100000001
46414.946,-327,90,0,-1962,43.232960000000006
46424.807,-325,93,-14,1123,43.242821000000006
46434.688,-322,93,-37,-182,43.252702000000006
46444.569,-318,90,-55,-482,43.26258300000001
46454.435,-322,83,-16,-372,43.272449
46464.319,-318,83,-54,-129,43.28233300000001
46474.196,-315,82,-80,2624,43.292210000000004
46484.058,-326,80,7,-4212,43.302072
46493.936,-322,81,-17,-1344,43.31195
46503.816,-321,82,-27,372,43.32183
46513.695,-313,80,-74,1159,43.331709000000004
46523.56,-308,76,-103,-2189,43.341574
46533.445,-305,72,-124,-471,43.351459000000006
46543.307,-300,71,-170,691,43.361321000000004
46553.196,-297,69,-193,-687,43.371210000000005
46563.06,-298,68,-179,-382,43.381074
46572.931,-296,65,-185,5858,43.390945
46582.817,-292,67,-214,2093,43.400831000000004
46592.694,-289,66,-234,-702,43.41070800000001
46602.555,-281,64,-291,3645,43.420569
46612.434,-277,60,-320,-1802,43.430448000000005
46622.316,-274,55,-317,2822,43.44033
46632.19,-268,55,-371,647,43.45020400000001
46642.054,-265,55,-383,3081,43.460068
46651.93,-266,55,-363,-1098,43.469944000000005
46661.811,-262,55,-371,5639,43.479825000000005
46671.699,-258,57,-391,544,43.489713
46681.554,-255,58,-403,-483,43.499568
46691.425,-247,56,-467,2162,43.50943900000001
46701.303,-242,53,-494,915,43.519317
46711.194,-237,48,-497,1173,43.529208000000004
46721.05,-231,50,-546,-2156,43.539064
46730.927,-228,50,-545,1718,43.548941000000006
46740.803,-227,50,-516,1303,43.558817000000005
46750.698,-221,51,-533,8025,43.568712
46760.56,-218,54,-534,-2415,43.578574
46770.427,-213,55,-556,-30,43.588441
46780.298,-207,53,-607,1562,43.59831200000001
46790.18,-201,50,-636,60,43.608194000000005
46800.051,-196,47,-632,435,43.618065
46809.924,-188,50,-703,-947,43.627938
46819.795,-188,50,-703,1975,43.637809000000004
46829.686,-185,52,-682,2409,43.64770000000001
46839.547,-181,54,-668,2411,43.657561
46849.424,-174,56,-701,-4878,43.667438000000004
46859.299,-173,59,-676,-1758,43.677313000000005
46869.181,-167,60,-714,1935,43.687195
46879.049,-161,58,-768,1569,43.697063
46888.924,-156,55,-788,-2162,43.706938
46898.808,-149,52,-814,5307,43.716822
46908.683,-145,53,-830,-2406,43.726697
46918.548,-140,53,-848,954,43.736562000000006
46928.423,-136,56,-815,-4287,43.74643700000001
46938.298,-132,57,-815,6087,43.75631200000001
46948.191,-127,61,-822,537,43.766205
46958.044,-126,63,-782,435,43.776058000000006
46967.922,-121,62,-858,-591,43.785936
46977.796,-117,59,-875,-41,43.79581
46987.678,-111,54,-881,2865,43.805692
46997.546,-108,54,-889,-4872,43.815560000000005
47007.421,-104,54,-918,96,43.825435000000006
47017.304,-100,57,-866,-1705,43.835318
47027.182,-97,57,-861,5569,43.845196
47037.045,-94,60,-871,163,43.855059000000004
47046.916,-93,63,-827,380,43.86493
47056.802,-90,61,-894,-1034,43.874816
47066.688,-87,57,-902,-4015,43.884702000000004
47076.541,-82,51,-851,6499,43.894555
47086.419,-82,52,-883,-1375,43.904433000000004
47096.306,-82,55,-835,-4233,43.91432
47106.182,-82,56,-751,2566,43.924196
47116.055,-84,61,-750,1762,43.934069
47125.918,-87,65,-709,-9,43.943932000000004
47135.79,-85,62,-775,1341,43.953804000000005
47145.685,-86,57,-739,-730,43.963699
47155.543,-91,57,-715,-4119,43.973557
47165.421,-93,58,-747,1152,43.98343500000001
47175.286,-103,60,-614,4723,43.993300000000005
47185.183,-103,62,-649,-2180,44.003197
47195.038,-114,68,-564,-1568,44.013052
47204.919,-112,66,-632,4285,44.022933
47214.791,-114,62,-644,-3498,44.032805
47224.672,-120,58,-620,4335,44.042686
47234.535,-127,59,-628,3696,44.052549000000006
47244.416,-141,58,-524,284,44.06243
47254.287,-145,58,-523,-1752,44.072300999999996
47264.175,-155,60,-488,1307,44.08218900000001
47274.039,-162,62,-466,-923,44.092053
47283.911,-157,58,-551,-1840,44.101925
47293.789,-162,53,-557,3257,44.111803
47303.678,-180,53,-495,-346,44.121692
47313.535,-192,50,-454,-3169,44.13154900000001
47323.413,-203,48,-405,189,44.141427
47333.294,-210,49,-389,-2847,44.15130800000001
47343.174,-221,50,-348,319,44.161188
47353.037,-216,48,-425,-2462,44.171051
47362.913,-216,46,-460,398,44.180927000000004
47372.784,-228,43,-441,4553,44.190798
47382.672,-249,44,-371,-5481,44.200686000000005
47392.537,-259,40,-345,1531,44.210551
47402.408,-270,41,-313,-582,44.220422000000006
47412.281,-279,42,-287,3650,44.230295000000005
47422.171,-280,41,-313,1591,44.240185000000004
47432.032,-275,40,-374,2227,44.250046000000005
47441.911,-276,40,-414,-1596,44.259925
47451.785,-310,38,-287,-9105,44.269799000000006
47461.667,-318,34,-271,2873,44.279681000000004
47471.535,-331,35,-241,1615,44.28954900000001
47481.41,-343,35,-203,2796,44.29942400000001
47491.281,-343,37,-224,-701,44.309295000000006
47501.168,-341,38,-267,670,44.319182
47511.033,-331,40,-353,-2308,44.329047
47520.906,-352,39,-293,-490,44.33892000000001
47530.783,-385,37,-164,393,44.348797000000005
47540.668,-382,39,-207,1424,44.358682
47550.529,-402,39,-136,373,44.368543
47560.402,-398,41,-168,622,44.378416
47570.282,-404,42,-169,-2011,44.388296000000004
47580.164,-384,47,-296,-728,44.398178
47590.035,-392,49,-286,-7005,44.408049000000005
47599.907,-422,45,-155,5810,44.417921
47609.778,-426,49,-170,-1472,44.427792000000004
47619.666,-437,49,-125,-876,44.43768
47629.532,-439,49,-117,-385,44.447546
47639.403,-433,52,-162,71,44.457417
47649.28,-432,58,-198,2358,44.467294
47659.166,-430,61,-224,-3596,44.47718
47669.026,-441,59,-164,3578,44.48704
47678.909,-458,63,-95,-6053,44.496923
47688.78,-457,64,-97,-1618,44.506794
47698.661,-458,65,-75,-1047,44.516675000000006
47708.529,-454,66,-97,3347,44.526543000000004
47718.404,-446,74,-145,1571,44.536418000000005
47728.277,-449,80,-139,-5326,44.546291000000004
47738.167,-448,80,-130,857,44.556181
47748.031,-453,83,-90,3389,44.566045
47757.903,-464,87,-18,-2236,44.575917000000004
47767.774,-456,86,-47,-2414,44.585788
47777.665,-455,88,-35,6,44.595679000000004
47787.526,-444,94,-99,-317,44.60554
47797.405,-454,102,-44,-3956,44.615419
47807.28,-445,104,-85,1793,44.625294000000004
47817.161,-441,109,-88,-2129,44.635175000000004
47827.028,-451,112,13,-754,44.645042000000004
47836.904,-444,113,-11,-1389,44.654918
47846.784,-441,114,0,1977,44.664798000000005
47856.663,-436,119,-29,2244,44.674677
47866.527,-439,128,1,-1698,44.684541
47876.404,-441,133,25,-100,44.694418000000006
47886.271,-428,136,-41,619,44.704285000000006
47896.162,-429,138,20,1784,44.714176
47906.024,-430,139,71,-4054,44.724038
47915.896,-421,139,12,2629,44.73391
47925.776,-418,143,1,-2666,44.743790000000004
47935.658,-418,149,32,-4983,44.75367200000001
47945.527,-420,153,79,1188,44.763541000000004
47955.403,-408,155,-6,-3359,44.773417
47965.278,-405,155,19,1749,44.783292
47975.162,-402,152,62,3128,44.793176
47985.021,-400,152,58,1075,44.803035
47994.904,-395,155,30,-829,44.812918
48004.771,-401,162,76,1045,44.822785
48014.656,-407,173,110,-3163,44.83267000000001
48024.517,-392,173,-3,908,44.842531
48034.395,-396,183,30,1,44.852409
48044.28,-415,204,134,-2810,44.862294
48054.152,-404,205,37,3764,44.87216600000001
48064.02,-412,222,71,-784,44.882034
48073.895,-412,233,26,-1607,44.891909
48083.772,-419,255,7,1673,44.901786
48093.654,-421,271,-20,1329,44.911668000000006
48103.529,-432,297,-6,525,44.92154300000001
48113.39,-469,354,98,-1076,44.931404
48123.262,-467,363,42,4578,44.941276
48133.153,-489,400,84,476,44.951167
48143.015,-485,407,10,-1188,44.961029
48152.892,-501,438,5,3754,44.970906
48162.767,-525,479,35,768,44.980781
48172.659,-517,482,-40,2093,44.990673
48182.516,-548,530,17,-1161,45.000530000000005
48192.392,-573,573,55,366,45.010406
48202.263,-580,587,26,-1326,45.020277
48212.159,-592,611,6,-2154,45.030173000000005
48222.019,-610,642,4,3310,45.040033
48231.887,-641,689,46,3224,45.049901000000006
48241.765,-627,679,-53,-581,45.059779
48251.65,-645,708,-43,2130,45.069664
48261.511,-669,743,-8,4305,45.079525000000004
48271.383,-683,760,-21,-5475,45.089397000000005
48281.27,-690,775,-49,983,45.099284
48291.146,-723,817,1,888,45.10916
48301.007,-743,847,22,-73,45.119021000000004
48310.888,-752,862,-1,1285,45.128902000000004
48320.76,-747,860,-58,-1622,45.138774000000005
48330.647,-752,869,-73,345,45.148661
48340.513,-786,904,3,-1759,45.158527
48350.384,-773,891,-85,815,45.168398
48360.261,-802,923,-20,-86,45.178275
48370.146,-822,945,14,-3501,45.18816
48380.008,-832,957,8,2747,45.198022
48389.886,-820,947,-66,-2261,45.2079
48399.761,-825,952,-70,951,45.217775
48409.642,-854,977,16,-1572,45.227656
48419.513,-844,966,-49,3034,45.237527
48429.385,-858,979,-24,-698,45.247399
48439.256,-871,990,-8,504,45.257270000000005
48449.139,-888,1005,29,-3523,45.26715300000001
48459.014,-867,987,-74,317,45.27702800000001
48468.88,-879,997,-38,-3378,45.286894000000004
48478.753,-908,1018,49,-3494,45.296767
48488.644,-901,1011,2,3398,45.306658000000006
48498.505,-914,1023,29,731,45.316519
48508.383,-925,1035,29,-1250,45.32639700000001
48518.258,-921,1034,-24,-1894,45.336272
48528.139,-899,1019,-121,-1735,45.34615300000001
48538.008,-969,1092,56,2094,45.356022
48547.882,-955,1083,-27,490,45.365896
48557.753,-988,1124,21,2290,45.375767
48567.641,-1007,1152,20,-3199,45.38565500000001
48577.506,-999,1150,-50,-537,45.395520000000005
48587.378,-985,1142,-125,-1269,45.405392
48597.265,-1005,1170,-129,-835,45.415279000000005
48607.14,-1047,1223,-101,-2995,45.425154
48617.002,-1076,1263,-87,-122,45.435016000000005
48626.874,-1096,1296,-98,367,45.444888000000006
48636.754,-1116,1326,-119,-1484,45.454768
48646.645,-1123,1343,-159,-1279,45.464659
48656.504,-1107,1329,-238,921,45.474518
48666.379,-1128,1357,-253,1308,45.484393000000004
48676.25,-1178,1416,-229,-5921,45.494264
48686.138,-1207,1456,-232,1197,45.504152000000005
48696.003,-1245,1505,-216,2466,45.514017
48705.874,-1251,1517,-265,-354,45.52388800000001
48715.762,-1277,1552,-278,2758,45.533776
48725.637,-1254,1528,-364,1868,45.543651000000004
48735.498,-1277,1555,-375,-1158,45.553512000000005
48745.376,-1323,1604,-361,-6258,45.56339
48755.254,-1342,1628,-380,3815,45.573268000000006
48765.133,-1399,1694,-332,-2822,45.583147000000004
48775.001,-1398,1696,-384,-108,45.593015
48784.875,-1408,1710,-416,-3053,45.602889000000005
48794.747,-1388,1691,-490,-883,45.612761000000006
48804.634,-1435,1743,-450,2077,45.622648
48814.5,-1448,1752,-480,-4675,45.632514
48824.371,-1473,1778,-482,2340,45.642385000000004
48834.249,-1508,1817,-465,-847,45.652263000000005
48844.134,-1528,1838,-472,-333,45.662148
48853.995,-1506,1817,-545,2409,45.672009
48863.873,-1497,1810,-591,-808,45.681887
48873.748,-1503,1817,-605,1835,45.691762000000004
48883.629,-1512,1821,-612,-3417,45.701643000000004
48893.497,-1489,1796,-680,-2010,45.71151100000001
48903.38,-1507,1806,-651,1279,45.721394000000004
48913.244,-1530,1820,-594,665,45.731258000000004
48923.126,-1519,1804,-619,-733,45.74114
48932.997,-1499,1783,-663,405,45.751011000000005
48942.868,-1493,1769,-656,3165,45.760882
48952.745,-1477,1747,-673,487,45.770759000000005
48962.63,-1450,1718,-742,668,45.780644
48972.502,-1423,1687,-810,-3090,45.790516000000004
48982.37,-1426,1649,-687,3410,45.80038400000001
48992.245,-1401,1615,-707,781,45.810259
49002.128,-1379,1574,-686,2324,45.820142
49011.997,-1353,1535,-683,-502,45.830011000000006
49021.871,-1328,1495,-685,5116,45.839885
49031.743,-1297,1470,-764,828,45.849757000000004
49041.631,-1267,1442,-837,-3009,45.85964500000001
49051.496,-1241,1374,-742,6761,45.869510000000005
49061.37,-1212,1348,-804,-38,45.87938400000001
49071.246,-1184,1307,-807,2817,45.88926
49081.13,-1157,1261,-789,-1865,45.899144
49090.992,-1134,1236,-840,514,45.909006
49100.87,-1108,1211,-888,-2682,45.918884000000006
49110.744,-1081,1187,-948,-1562,45.928758
49120.626,-1053,1143,-923,4327,45.93864
49130.492,-1029,1102,-898,-7148,45.948506
49140.368,-1004,1066,-906,3576,45.95838200000001
49150.24,-977,1029,-881,-867,45.968254
49160.127,-953,994,-877,-854,45.978141
49169.993,-931,970,-910,4057,45.988007
49179.864,-909,964,-1018,-1926,45.99787800000001
49189.752,-885,941,-1064,1895,46.007766000000004
49199.628,-859,900,-1030,881,46.017642
49209.486,-841,878,-1058,-2028,46.0275
49219.364,-820,851,-1052,1277,46.037378000000004
49229.242,-800,823,-1021,-1539,46.047256000000004
49239.12,-782,799,-1015,2921,46.057134000000005
49248.982,-765,777,-998,146,46.066996
49258.871,-744,758,-1029,-1472,46.076885000000004
49268.734,-724,740,-1061,4674,46.086748
49278.622,-703,717,-1074,-3318,46.096636000000004
49288.487,-686,688,-1040,-18,46.106501
49298.366,-670,674,-1097,2190,46.11638000000001
49308.236,-657,652,-1053,-485,46.12625
49318.121,-643,641,-1078,-180,46.136135
49327.983,-631,621,-1034,-1445,46.145997
49337.861,-631,621,-1034,-1366,46.155875
49347.735,-617,611,-1085,-2219,46.165749000000005
49357.617,-605,595,-1080,5158,46.175631
49367.485,-591,581,-1098,-5099,46.185499
49377.36,-580,562,-1068,-1606,46.195374
49387.236,-567,547,-1087,1511,46.20525
49397.123,-559,537,-1085,-1057,46.215137000000006
49406.985,-551,529,-1091,1048,46.224999000000004
49416.856,-544,521,-1075,-1953,46.23487
49426.743,-542,514,-1056,-1970,46.24475700000001
49436.618,-531,507,-1095,-1371,46.25463200000001
49446.48,-524,496,-1079,6165,46.264494000000006
49456.352,-512,487,-1117,-889,46.274366
49466.232,-509,474,-1069,-554,46.284246
49476.114,-498,468,-1125,2497,46.29412800000001
49485.986,-496,461,-1085,-227,46.304
49495.857,-491,456,-1076,-1065,46.313871000000006
49505.728,-485,450,-1075,1851,46.323742
49515.616,-484,447,-1053,64,46.33363000000001
49525.48,-477,442,-1081,-2113,46.34349400000001
49535.352,-466,434,-1129,1299,46.353366
49545.231,-458,425,-1143,2029,46.363245
49555.115,-453,413,-1113,3392,46.373129
49564.977,-446,408,-1170,-959,46.382991000000004
49574.855,-445,401,-1119,470,46.392869000000005
49584.729,-442,396,-1080,-1900,46.402743
49594.611,-434,392,-1110,1438,46.412625
49604.489,-434,389,-1062,-797,46.422503000000006
49614.363,-425,385,-1101,-1315,46.432377
49624.225,-413,379,-1165,219,46.442239
49634.122,-405,370,-1155,-2864,46.452136
49643.978,-399,360,-1142,4685,46.461992
49653.849,-392,356,-1183,-1741,46.471863000000006
49663.727,-391,351,-1130,-710,46.481741
49673.621,-387,346,-1085,-2116,46.491635
49683.473,-381,344,-1118,633,46.501487000000004
49693.359,-381,341,-1061,-1555,46.511373
49703.226,-372,338,-1121,502,46.521240000000006
49713.107,-363,332,-1164,-940,46.531121000000006
49722.97,-356,324,-1157,-1618,46.540984
49732.851,-350,317,-1156,6078,46.550865
49742.722,-346,314,-1196,-2893,46.560736000000006
49752.619,-346,312,-1144,506,46.570633
49762.484,-345,308,-1101,-1067,46.580498
49772.346,-340,308,-1135,35,46.590360000000004
49782.232,-343,308,-1068,-2161,46.600246000000006
49792.108,-336,306,-1129,85,46.610122000000004
49801.97,-326,302,-1182,3540,46.619984
49811.848,-322,295,-1168,-5951,46.629862
49821.723,-319,290,-1175,9765,46.639737000000004
49831.604,-320,290,-1156,59,46.649618000000004
49841.467,-324,292,-1018,-3027,46.659481
49851.347,-320,294,-1013,-888,46.669361
49861.228,-322,303,-949,-3186,46.679242
49871.116,-316,306,-964,4813,46.689130000000006
49880.971,-305,303,-1016,-1785,46.698985
49890.848,-301,304,-996,5509,46.708862
49900.721,-304,313,-950,278,46.718735
49910.605,-303,322,-836,-1017,46.72861900000001
49920.467,-299,326,-839,-812,46.738481
49930.353,-298,337,-785,896,46.74836700000001
49940.22,-293,342,-778,1678,46.758234
49950.101,-286,336,-843,1704,46.76811500000001
49959.979,-281,339,-858,758,46.777993
49969.844,-285,366,-708,-6162,46.787858
49979.725,-279,370,-690,4252,46.797739
49989.603,-275,383,-659,-4959,46.80761700000001
49999.468,-270,396,-620,-613,46.817482000000005
50009.343,-263,403,-611,-4386,46.827357000000006
50019.218,-257,394,-706,2951,46.837232
50029.102,-252,404,-709,2844,46.847116
50038.964,-246,447,-508,-1727,46.856978000000005
50048.841,-242,444,-565,-2513,46.866855
50058.726,-237,466,-493,828,46.876740000000005
50068.598,-231,477,-471,4445,46.886612
50078.46,-228,485,-464,-312,46.896474000000005
50088.34,-228,470,-580,2329,46.906354
50098.212,-226,485,-550,-2778,46.916226
50108.11,-218,516,-419,7486,46.926124
50117.965,-218,522,-439,-2160,46.935978999999996
50127.836,-213,538,-385,-55,46.94585000000001
50137.71,-206,548,-358,351,46.955724000000004
50147.599,-208,541,-434,-3449,46.965613000000005
50157.461,-209,552,-434,3359,46.975475
50167.341,-206,565,-393,4905,46.985355000000006
50177.213,-204,573,-378,-3102,46.99522700000001
50187.095,-203,599,-287,-8070,47.005109000000004
50196.963,-200,599,-291,-1311,47.01497700000001
50206.837,-197,604,-274,-540,47.024851000000005
50216.709,-201,599,-333,215,47.03472300000001
50226.597,-203,627,-238,-5627,47.044611
50236.462,-204,613,-314,3079,47.054476
50246.333,-202,624,-283,-4334,47.064347000000005
50256.215,-200,648,-166,-807,47.074229
50266.096,-198,640,-210,-2032,47.08411
50275.965,-201,643,-213,-3683,47.093979
50285.837,-204,652,-193,2188,47.103851000000006
50295.713,-207,665,-145,7019,47.113727000000004
50305.594,-209,654,-216,-9987,47.123608
50315.458,-208,660,-175,-2694,47.133472000000005
50325.331,-204,684,-14,-3291,47.143345000000004
50335.209,-207,672,-82,-6690,47.153223000000004
50345.097,-211,697,31,-329,47.16311100000001
50354.962,-217,717,149,10577,47.172976000000006
50364.833,-217,702,49,-7028,47.182847
50374.712,-214,709,123,-2462,47.192726
50384.595,-209,725,270,5059,47.202609
50394.457,-213,714,192,1803,47.21247100000001
50404.33,-217,741,367,-4483,47.22234400000001
50414.213,-225,747,397,117,47.23222700000001
50424.101,-223,733,305,186,47.242115000000005
50433.953,-218,749,448,3639,47.25196700000001
50443.838,-220,746,455,2283,47.261852000000005
50453.706,-223,749,446,3245,47.27172
50463.593,-229,777,629,5121,47.281607
50473.458,-232,770,564,-4757,47.291472
50483.33,-230,765,543,-2024,47.30134400000001
50493.205,-225,788,724,2503,47.311219
50503.09,-228,773,616,2846,47.321104
50512.952,-231,802,766,-5592,47.330966000000004
50522.83,-237,814,824,6667,47.340844000000004
50532.705,-236,802,740,-2189,47.350719000000005
50542.586,-229,812,829,-6244,47.360600000000005
50552.451,-229,818,874,-4859,47.370465
50562.329,-228,816,840,3752,47.380343
50572.2,-216,846,1008,8561,47.390214
50582.082,-211,849,961,-3984,47.400096000000005
50591.958,-199,846,914,-1551,47.409972
50601.824,-169,865,1007,9863,47.419838000000006
50611.702,-164,864,936,-2402,47.429716
50621.587,-130,895,1064,-8122,47.439601
50631.448,-113,904,1055,-367,47.449462
50641.326,-113,904,1055,-6426,47.459340000000005
50651.209,-94,911,1023,-10302,47.46922300000001
50661.083,-63,915,1019,11120,47.479097
50670.945,-36,931,1043,2767,47.488959
50680.826,0,949,1074,-1780,47.49884
50690.697,37,966,1090,6874,47.508711000000005
50700.585,62,983,1070,1713,47.518599
50710.45,84,981,1027,-1245,47.528464
50720.321,136,1005,1083,1125,47.538335000000004
50730.199,142,1004,1018,2736,47.548213000000004
50740.083,209,1043,1111,2874,47.558097000000004
50749.945,232,1054,1084,-367,47.567959
50759.823,247,1056,1034,-3269,47.577837
50769.697,286,1065,1028,5474,47.587711000000006
50779.579,328,1090,1054,-9745,47.597593
50789.447,363,1108,1066,-572,47.607461
50799.322,413,1137,1095,6357,47.617336
50809.199,428,1146,1059,-3767,47.627213000000005
50819.081,441,1139,1004,-10573,47.637095
50828.946,503,1169,1055,6882,47.64696000000001
50838.825,502,1165,993,2074,47.656839
50848.697,570,1207,1067,-4630,47.66671100000001
50858.58,589,1214,1036,7323,47.676594
50868.442,602,1219,999,1943,47.68645600000001
50878.319,627,1219,970,-1131,47.696333
50888.194,671,1244,1002,-7052,47.706208000000004
50898.076,684,1247,978,2154,47.71609
50907.944,748,1286,1037,1762,47.725958000000006
50917.818,759,1292,1004,-3718,47.735832
50927.69,759,1281,946,-5624,47.745704
50937.577,800,1294,952,10216,47.755591
50947.443,814,1306,940,-265,47.765457000000005
50957.317,863,1336,987,-2144,47.77533100000001
50967.202,884,1345,974,7840,47.785216
50977.077,898,1358,959,-3653,47.795091
50986.942,902,1345,908,-9100,47.804956000000004
50996.816,943,1366,934,2062,47.81483
51006.691,947,1369,909,-3952,47.824705
51016.574,1000,1403,966,-732,47.834588000000004
51026.436,1005,1403,935,3574,47.84445
51036.315,1005,1399,895,301,47.85432900000001
51046.187,1014,1389,856,5645,47.864201
51056.074,1040,1409,880,2135,47.874088
51065.939,1065,1425,911,-5523,47.883953
51075.82,1078,1427,914,-1497,47.893834000000005
51085.688,1087,1433,931,-6151,47.903702
51095.573,1069,1408,883,-4549,47.913587
51105.435,1072,1396,880,5824,47.923449
51115.307,1075,1400,917,1848,47.93332100000001
51125.187,1089,1401,973,2518,47.943201
51135.068,1072,1381,951,2658,47.953082
51144.938,1060,1369,966,-1071,47.962952
51154.811,1036,1334,925,-1479,47.97282500000001
51164.683,1031,1322,988,-1266,47.982697
51174.57,1011,1301,1025,-14012,47.992584
51184.435,992,1275,1064,-1425,48.002449
51194.307,960,1246,1071,-1295,48.012321
51204.185,921,1206,1034,-1727,48.022199
51214.07,888,1166,1008,7901,48.032084000000005
51223.931,848,1135,1070,5045,48.041945
51233.816,808,1094,1127,3745,48.05183
51243.683,763,1051,1112,3509,48.061697
51253.565,718,1011,1137,-3908,48.07157900000001
51263.433,675,967,1086,-461,48.081447
51273.307,633,922,1043,8127,48.091321
51283.179,577,876,1082,3677,48.101193
51293.067,526,824,1102,7201,48.111081000000006
51302.932,480,779,1066,-3366,48.120946
51312.803,429,734,1070,-6617,48.130817
51322.681,392,697,981,3356,48.140695
51332.566,359,659,890,-6617,48.150580000000005
51342.427,300,609,913,1856,48.160441000000006
51352.305,257,568,859,1823,48.170319000000006
51362.18,205,515,863,3714,48.180194
51372.061,158,472,825,-5876,48.19007500000001
51381.929,107,429,809,84,48.199943
51391.804,77,397,726,4379,48.209818
51401.676,54,369,638,-4549,48.21969
51411.563,0,322,636,5522,48.229577000000006
51421.433,-43,284,602,2154,48.239447
51431.299,-92,235,597,1212,48.249313
51441.179,-132,200,560,-5315,48.259192999999996
51451.061,-183,160,556,-661,48.269075
51460.923,-203,138,482,6212,48.278937000000006
51470.801,-210,123,391,-3111,48.288815
51480.685,-248,91,366,7534,48.298699
51490.557,-292,57,357,4269,48.308571
51500.425,-333,19,351,-2941,48.318439000000005
51510.3,-366,-6,325,-1592,48.328314000000006
51520.171,-406,-35,322,-1241,48.338185
51530.054,-425,-50,277,2760,48.348068
51539.924,-420,-54,192,-2710,48.357938000000004
51549.795,-433,-66,143,2247,48.367809
51559.673,-487,-99,183,5580,48.37768700000001
51569.56,-514,-121,174,1778,48.387574
51579.423,-532,-134,149,1816,48.397437000000004
51589.3,-564,-153,160,-2868,48.40731400000001
51599.175,-584,-164,147,2848,48.41718900000001
51609.055,-567,-159,61,-4177,48.427069
51618.924,-567,-159,12,4982,48.436938000000005
51628.799,-590,-171,19,5720,48.446813
51638.675,-633,-193,78,-3198,48.456689000000004
51648.558,-619,-184,6,-1556,48.466572
51658.422,-637,-191,21,-1661,48.476436
51668.294,-647,-193,17,6811,48.486308
51678.171,-641,-189,-24,-462,48.496185000000004
51688.056,-623,-178,-94,2222,48.50607
51697.918,-610,-168,-153,-569,48.515932
51707.789,-620,-168,-142,-1624,48.525803
51717.674,-655,-179,-51,5929,48.535688
51727.558,-629,-162,-141,-2809,48.545572
51737.419,-638,-158,-104,263,48.55543300000001
51747.299,-631,-151,-112,-2531,48.565313
51757.166,-612,-137,-165,-3201,48.57518
51767.048,-597,-124,-217,6292,48.58506200000001
51776.916,-577,-110,-288,-3630,48.59493
51786.787,-581,-104,-237,-2490,48.604801
51796.665,-577,-95,-215,3674,48.614679
51806.55,-570,-83,-209,-197,48.62456400000001
51816.412,-560,-71,-197,7233,48.634426
51826.289,-543,-58,-218,-3374,48.644303
51836.164,-524,-44,-277,363,48.654178
51846.045,-510,-30,-320,-4541,48.664059
51855.914,-495,-17,-363,3117,48.673928
51865.788,-485,-7,-337,-791,48.683802
51875.659,-471,6,-347,1298,48.693673000000004
51885.547,-466,21,-292,-1135,48.703561
51895.421,-448,32,-337,5232,48.713435000000004
51905.284,-434,45,-329,4268,48.723298
51915.162,-434,45,-329,-2827,48.733176
51925.046,-420,55,-391,-5265,48.74306000000001
51934.907,-409,70,-413,2167,48.752921
51944.795,-398,83,-423,-177,48.762809000000004
51954.66,-385,90,-459,1039,48.77267400000001
51964.543,-375,104,-435,-156,48.782557000000004
51974.419,-365,120,-385,-6331,48.792433
51984.284,-352,124,-444,2579,48.802298
51994.156,-343,133,-450,-735,48.81217000000001
52004.043,-334,140,-502,3916,48.822057
52013.908,-328,152,-504,-3015,48.831922000000006
52023.779,-321,161,-501,378,48.841793
52033.657,-313,163,-562,4389,48.851671
52043.542,-306,174,-517,-2357,48.86155600000001
52053.403,-299,181,-496,-1223,48.871417
52063.282,-293,181,-527,576,48.881296
52073.159,-288,183,-549,2692,48.891173
52083.037,-285,187,-563,370,48.901051
52092.911,-282,195,-562,-3175,48.910925000000006
52102.78,-280,203,-534,-1979,48.920794
52112.651,-275,200,-612,-268,48.930665
52122.549,-271,206,-572,2715,48.940563000000004
52132.404,-266,205,-581,684,48.950418000000006
52142.289,-264,206,-558,-4981,48.960303
52152.157,-261,202,-625,2131,48.970171
52162.043,-262,204,-601,-1899,48.980057
52171.905,-261,207,-595,-2322,48.989919
52181.793,-260,208,-582,1361,48.999807000000004
52191.659,-260,207,-615,-29,49.009673
52201.541,-257,205,-621,2641,49.019555
52211.413,-252,199,-640,-2700,49.029427000000005
52221.285,-253,194,-598,-3259,49.03929900000001
52231.155,-250,189,-677,2007,49.049169
52241.045,-252,186,-635,1274,49.059059
52250.904,-254,184,-624,-2147,49.068918000000004
52260.781,-256,183,-603,3526,49.07879500000001
52270.649,-259,182,-627,-877,49.088663000000004
52280.543,-258,179,-654,833,49.098557
52290.4,-261,175,-646,194,49.108414
52300.275,-272,175,-606,-2740,49.118289000000004
52310.149,-270,173,-648,-920,49.128163
52320.031,-278,175,-654,-1070,49.138045000000005
52329.897,-285,180,-678,-2092,49.147911
52339.772,-301,192,-660,-3595,49.157786
52349.643,-303,195,-699,2466,49.167657
52359.54,-315,206,-691,1753,49.177554
52369.396,-339,218,-640,-1015,49.18741000000001
52379.267,-354,229,-632,-2330,49.197281000000004
52389.145,-362,234,-653,-3214,49.207159
52399.03,-375,244,-661,1579,49.217044
52408.891,-380,250,-711,1632,49.22690500000001
52418.769,-404,269,-693,-435,49.236783
52428.644,-427,287,-678,-1157,49.246658000000004
52438.525,-425,291,-735,407,49.256539000000004
52448.393,-451,311,-700,1587,49.266407
52458.268,-461,318,-715,1602,49.276282
52468.139,-482,334,-697,-2439,49.286153000000006
52478.027,-478,334,-762,-2320,49.296041
52487.892,-513,357,-716,2923,49.305906
52497.766,-537,375,-692,-2805,49.315780000000004
52507.641,-549,387,-707,3219,49.325655000000005
52517.526,-571,403,-695,-2497,49.33554
52527.387,-567,403,-747,2689,49.345401
52537.264,-568,405,-777,1011,49.355278000000006
52547.142,-590,413,-747,793,49.365156000000006
52557.021,-593,414,-784,-1921,49.375035000000004
52566.89,-620,427,-740,911,49.384904
52576.764,-652,442,-676,-1913,49.394778
52586.635,-652,445,-712,-168,49.404649000000006
52596.523,-676,458,-675,-369,49.414537
52606.391,-670,457,-728,2038,49.42440500000001
52616.262,-660,453,-783,-801,49.434276000000004
52626.139,-684,458,-724,925,49.44415300000001
52636.025,-684,456,-763,-338,49.454039
52645.883,-699,460,-742,-1904,49.463897
52655.761,-720,468,-702,-472,49.473775
52665.635,-732,471,-688,1369,49.48364900000001
52675.517,-743,477,-684,-73,49.493531000000004
52685.392,-738,476,-720,-900,49.503406000000005
52695.26,-732,473,-754,-3248,49.513274
52705.131,-747,473,-711,3759,49.52314500000001
52715.022,-752,471,-714,1252,49.533036
52724.885,-756,470,-723,1851,49.542899000000006
52734.759,-772,473,-687,-2478,49.552773
52744.64,-778,476,-693,-2361,49.562654
52754.525,-790,480,-668,-2448,49.572539000000006
52764.379,-776,478,-730,1410,49.582393
52774.267,-785,478,-701,659,49.592281
52784.144,-785,475,-701,3579,49.602158
52794.016,-791,471,-677,-3624,49.612030000000004
52803.881,-784,468,-710,2148,49.621895
52813.766,-798,469,-666,-133,49.631780000000006
52823.629,-803,473,-668,6512,49.641643
52833.526,-801,477,-704,-112,49.651540000000004
52843.389,-784,476,-777,-2455,49.66140300000001
52853.268,-830,498,-666,4432,49.671282
52863.139,-850,512,-659,683,49.68115300000001
52873.026,-861,528,-665,4473,49.69104
52882.892,-881,549,-667,-6262,49.700906
52892.78,-881,562,-721,5781,49.710794
52902.646,-878,571,-776,-257,49.72066
52912.526,-868,577,-843,-1338,49.73054
52922.397,-903,613,-839,2450,49.740411
52932.267,-977,679,-783,-7940,49.750281
52942.143,-996,707,-804,2446,49.760157
52952.029,-1057,771,-774,2033,49.77004300000001
52961.891,-1088,812,-786,3488,49.77990500000001
52971.76,-1076,820,-851,-202,49.78977400000001
52981.64,-1108,861,-864,-2798,49.799654000000004
52991.524,-1066,839,-968,872,49.809538
53001.384,-1074,857,-1011,4651,49.819398
53011.255,-1156,943,-959,-2599,49.829269000000004
53021.133,-1184,981,-978,-2127,49.839147000000004
53031.014,-1210,1016,-994,-1105,49.849028000000004
53040.868,-1270,1088,-974,-1958,49.85888200000001
53050.751,-1278,1107,-1011,209,49.868764999999996
53060.626,-1277,1121,-1066,1317,49.87864
53070.507,-1302,1154,-1087,-3001,49.888521
53080.372,-1286,1153,-1152,1777,49.89838600000001
53090.243,-1340,1211,-1128,-1277,49.908257000000006
53100.115,-1376,1253,-1130,311,49.918129
53110.006,-1395,1279,-1147,-4077,49.928020000000004
53119.867,-1446,1340,-1122,1127,49.937881000000004
53129.739,-1462,1363,-1146,-1934,49.947753000000006
53139.625,-1455,1368,-1194,-653,49.957639
53149.501,-1485,1404,-1196,-403,49.967515
53159.371,-1454,1386,-1271,1235,49.977385000000005
53169.244,-1514,1451,-1218,-1673,49.987258000000004
53179.125,-1528,1471,-1234,3694,49.997139000000004
53189.006,-1528,1471,-1234,-3234,50.007020000000004
53198.868,-1559,1508,-1223,691,50.016882
53208.742,-1597,1555,-1195,-165,50.026756
53218.611,-1596,1564,-1224,259,50.036625
53228.501,-1591,1568,-1262,3793,50.046515
53238.363,-1579,1565,-1303,-3035,50.056377
53248.241,-1604,1595,-1285,1725,50.066255000000005
53258.116,-1644,1638,-1242,1831,50.076130000000006
53267.997,-1664,1661,-1225,769,50.086011000000006
53277.865,-1685,1684,-1208,-2905,50.095879000000004
53287.74,-1685,1691,-1225,-120,50.105754
53297.611,-1682,1695,-1249,4490,50.115625
53307.499,-1656,1675,-1307,421,50.125513000000005
53317.364,-1647,1670,-1334,1093,50.135378
53327.235,-1698,1722,-1258,-3189,50.14524900000001
53337.108,-1709,1733,-1250,1270,50.155122000000006
53346.998,-1731,1759,-1212,-1566,50.165012000000004
53356.869,-1725,1758,-1232,3816,50.174883
53366.737,-1736,1772,-1222,3160,50.184751000000006
53376.612,-1696,1734,-1311,-2562,50.19462600000001
53386.493,-1694,1734,-1318,1288,50.20450700000001
53396.361,-1746,1783,-1227,-3859,50.214375
53406.245,-1733,1772,-1260,1535,50.224259
53416.107,-1766,1803,-1207,-1257,50.23412100000001
53425.995,-1768,1805,-1221,-1390,50.244009000000005
53435.86,-1786,1822,-1204,-1020,50.253874
53445.731,-1765,1803,-1253,-1177,50.263745
53455.603,-1746,1788,-1292,1115,50.27361700000001
53465.494,-1811,1847,-1171,-5395,50.283508000000005
53475.355,-1789,1826,-1221,4091,50.293369000000006
53485.233,-1808,1844,-1196,-944,50.303247000000006
53495.112,-1823,1857,-1183,2787,50.313126000000004
53504.989,-1806,1841,-1230,776,50.32300300000001
53514.857,-1790,1823,-1275,-506,50.332871000000004
53524.732,-1772,1803,-1319,-1520,50.342746000000005
53534.603,-1842,1858,-1207,-2929,50.352617
53544.492,-1843,1853,-1218,1861,50.362506
53554.357,-1860,1866,-1195,1271,50.37237100000001
53564.228,-1886,1883,-1157,2037,50.382242000000005
53574.105,-1870,1868,-1201,259,50.39211900000001
53583.99,-1856,1853,-1237,336,50.402004
53593.851,-1832,1830,-1290,1587,50.411865000000006
53603.73,-1880,1863,-1211,1000,50.421744000000004
53613.607,-1882,1858,-1219,1291,50.43162100000001
53623.491,-1902,1867,-1198,-163,50.44150500000001
53633.36,-1931,1883,-1160,-2656,50.451374
53643.228,-1934,1880,-1170,4016,50.461242000000006
53653.109,-1903,1853,-1235,1162,50.471123
53662.99,-1899,1846,-1247,-207,50.481004
53672.852,-1936,1870,-1187,781,50.490866000000004
53682.728,-1938,1866,-1200,2272,50.500742
53692.598,-1965,1884,-1166,1580,50.510612
53702.489,-1975,1887,-1166,2035,50.520503000000005
53712.35,-1976,1880,-1190,702,50.530364
53722.238,-1968,1869,-1222,-2330,50.540252
53732.103,-1962,1859,-1243,-3015,50.55011700000001
53741.984,-2003,1887,-1182,5295,50.559998
53751.852,-2018,1891,-1170,524,50.569866000000005
53761.726,-2040,1904,-1138,3091,50.57974000000001
53771.607,-2043,1904,-1141,-121,50.58962100000001
53781.48,-2049,1905,-1146,-1310,50.59949400000001
53791.35,-2033,1889,-1184,-1534,50.609364
53801.222,-1994,1855,-1261,-3530,50.61923600000001
53811.099,-2021,1866,-1220,2974,50.629113000000004
53820.984,-2063,1881,-1165,-4383,50.638998
53830.846,-2082,1888,-1139,1043,50.64886
53840.723,-2094,1893,-1118,-1697,50.658737
53850.604,-2084,1884,-1142,-1707,50.668618
53860.488,-2080,1877,-1151,2740,50.678502
53870.347,-2029,1841,-1245,-3512,50.68836100000001
53880.222,-2075,1865,-1164,8462,50.698236
53890.094,-2089,1868,-1150,-2034,50.708108
53899.981,-2090,1863,-1158,2185,50.717995
53909.856,-2120,1879,-1118,-3271,50.72787
53919.717,-2116,1871,-1144,2708,50.737731
53929.602,-2121,1875,-1143,-3955,50.747616
53939.477,-2087,1854,-1200,-2895,50.757491
53949.339,-2098,1866,-1175,4307,50.767353
53959.219,-2147,1900,-1092,-2393,50.777233
53969.092,-2131,1895,-1118,2840,50.787106
53978.976,-2155,1923,-1074,-1215,50.79699000000001
53988.843,-2146,1921,-1083,1964,50.806857
53998.718,-2137,1917,-1086,1725,50.816732
54008.596,-2095,1887,-1160,-1600,50.82661
54018.477,-2121,1904,-1071,-6269,50.836491
54028.34,-2103,1889,-1085,2572,50.846354
54038.213,-2075,1870,-1112,252,50.856227000000004
54048.089,-2064,1853,-1064,1102,50.866103
54057.973,-2023,1832,-1195,2035,50.875987
54067.836,-1984,1800,-1221,512,50.885850000000005
54077.716,-1934,1737,-1106,-2232,50.89573
54087.59,-1881,1683,-1081,5923,50.905604
54097.471,-1822,1635,-1086,-853,50.915485000000004
54107.341,-1754,1565,-1066,-2087,50.925355
54117.217,-1694,1505,-1082,210,50.935231
54127.087,-1674,1505,-1212,-3623,50.945101
54136.976,-1591,1415,-1206,8152,50.95499
54146.841,-1509,1338,-1214,-820,50.964855
54156.711,-1452,1278,-1253,3327,50.97472500000001
54166.59,-1367,1200,-1261,54,50.984604
54176.474,-1294,1130,-1276,-356,50.994488000000004
54186.339,-1297,1149,-1396,-4496,51.004353
54196.222,-1241,1103,-1441,5449,51.014236000000004
54206.088,-1096,953,-1372,-6723,51.024102000000006
54215.97,-1044,903,-1410,3160,51.033984000000004
54225.836,-934,798,-1386,431,51.043850000000006
54235.712,-877,748,-1416,-2841,51.053726000000005
54245.584,-834,711,-1457,-2763,51.063598000000006
54255.471,-826,715,-1544,1808,51.073485
54265.336,-786,684,-1594,-2041,51.08335
54275.208,-709,602,-1582,-8005,51.093222000000004
54285.085,-682,580,-1632,5736,51.103099
54294.97,-586,486,-1597,859,51.112984000000004
54304.829,-546,452,-1625,-1068,51.122843
54314.718,-462,366,-1588,-1238,51.132732000000004
54324.581,-427,337,-1623,-613,51.142595
54334.468,-403,321,-1675,-1322,51.152482000000006
54344.331,-350,272,-1694,-682,51.162345
54354.206,-314,240,-1718,3724,51.17222
54364.077,-304,238,-1784,923,51.182091
54373.964,-223,158,-1741,-720,51.191978000000006
54383.83,-184,128,-1764,-2410,51.201844
54393.701,-97,38,-1697,1682,51.211715000000005
54403.579,-76,25,-1741,-332,51.221593
54413.463,-30,-12,-1753,-534,51.231477000000005
54423.326,17,-55,-1754,-3659,51.24134
54433.202,14,-47,-1821,-4075,51.251216
54443.077,74,-108,-1775,6662,51.261091
54452.96,93,-123,-1818,448,51.270974
54462.82,93,-123,-1818,3361,51.280834000000006
54472.701,143,-168,-1800,-2967,51.290715000000006
54482.573,215,-238,-1744,466,51.300587
54492.46,232,-250,-1782,4405,51.310474
54502.325,275,-289,-1775,-3329,51.320339
54512.197,305,-319,-1770,1735,51.330211000000006
54522.074,315,-330,-1800,-1646,51.340088
54531.959,380,-395,-1708,-1151,51.349973000000006
54541.82,375,-385,-1777,1212,51.359834
54551.692,416,-427,-1729,1879,51.36970600000001
54561.573,435,-444,-1736,-3025,51.379587
54571.454,451,-457,-1747,1749,51.389468
54581.322,451,-452,-1795,-427,51.399336000000005
54591.213,470,-465,-1784,440,51.40922700000001
54601.068,525,-523,-1651,173,51.419082
54610.956,526,-518,-1683,1571,51.42897
54620.821,537,-527,-1676,434,51.438835000000005
54630.692,554,-541,-1640,-4008,51.44870600000001
54640.565,543,-530,-1710,-1349,51.45857900000001
54650.455,538,-521,-1757,-818,51.468469000000006
54660.316,536,-521,-1766,106,51.47833
54670.201,551,-541,-1659,-2021,51.488215000000004
54680.069,538,-526,-1734,3233,51.49808300000001
54689.95,539,-532,-1644,-69,51.507964
54699.812,530,-530,-1582,715,51.517826
54709.694,517,-516,-1643,450,51.527708000000004
54719.564,503,-504,-1655,-2865,51.537578
54729.446,488,-488,-1673,1595,51.54746000000001
54739.316,476,-475,-1751,-2683,51.55733
54749.192,417,-441,-1377,-2222,51.567206000000006
54759.063,378,-429,-116,3783,51.577077
54768.95,446,-495,704,-5463,51.586964
54778.809,503,-541,893,1618,51.596823
54788.697,510,-554,850,42,51.606711000000004
54798.572,521,-573,839,3253,51.616586000000005
54808.443,521,-575,760,3993,51.626457
54818.314,556,-613,830,5026,51.636328
54828.189,551,-603,728,-6961,51.646203
54838.06,560,-613,703,3982,51.656074000000004
54847.947,559,-612,645,-2351,51.665961
54857.812,550,-604,556,1682,51.675826
54867.684,543,-598,480,664,51.685698
54877.561,541,-597,446,-3097,51.695575000000005
54887.456,538,-595,422,2280,51.70547
54897.308,528,-578,298,-1573,51.715322
54907.185,524,-569,268,4661,51.725199
54917.061,518,-558,231,3159,51.735075
54926.941,507,-547,192,-2171,51.744955000000004
54936.809,497,-538,155,4873,51.754823
54946.695,486,-526,120,-3165,51.764709
54956.555,472,-513,128,3468,51.774569
54966.446,463,-501,73,2826,51.78446000000001
54976.316,452,-487,20,1360,51.79433
54986.181,447,-472,-93,2040,51.804195
54996.059,440,-457,-177,-442,51.814073
55005.944,429,-439,-212,-364,51.823958000000005
55015.805,421,-425,-298,100,51.833819000000005
55025.691,416,-414,-404,1092,51.843705
55035.557,410,-403,-505,1736,51.853571
55045.439,403,-392,-595,1500,51.863453
55055.316,396,-380,-682,462,51.87333
55065.186,388,-370,-769,555,51.8832
55075.053,381,-359,-854,1187,51.893067
55084.941,375,-350,-944,1362,51.902955
55094.805,368,-341,-1032,1330,51.912819000000006
55104.677,362,-332,-1116,644,51.92269100000001
55114.555,356,-323,-1202,813,51.932569
55124.44,350,-316,-1288,910,51.942454000000005
55134.3,341,-306,-1361,2628,51.95231400000001
55144.187,311,-287,-1375,1657,51.962201
55154.053,252,-249,-1282,2974,51.972067
55163.935,70,-94,-658,1357,51.981949
55173.802,-127,116,315,442,51.99181600000001
55183.677,-159,181,572,811,52.00169100000001
55193.548,-156,194,574,894,52.011562000000005
55203.436,-148,195,524,-225,52.02145
55213.3,-141,187,405,1491,52.03131400000001
55223.181,-137,179,286,481,52.041195
55233.05,-128,174,193,672,52.051064000000004
55242.939,-118,168,105,353,52.060953
55252.796,-111,161,3,1155,52.07081
55262.673,-107,153,-100,1775,52.080687000000005
55272.558,-102,146,-201,1656,52.090572
55282.432,-97,140,-302,1622,52.100446000000005
55292.297,-94,133,-402,1281,52.110311
55302.172,-90,126,-501,1585,52.120186000000004
55312.043,-87,119,-598,1831,52.130057
55321.936,-85,112,-695,1806,52.139950000000006
55331.796,-84,105,-793,1534,52.14981
55341.677,-84,99,-888,1875,52.15969100000001
55351.554,-84,93,-983,2109,52.169568
55361.434,-63,85,-1057,2800,52.179448
55371.293,-32,82,-1121,4613,52.189307
55381.161,-18,85,-1197,2774,52.199175000000004
55391.047,-2,92,-1268,2614,52.209061
55400.933,22,103,-1326,-4175,52.218947
55410.796,59,93,-1375,-3216,52.22881
55420.67,70,81,-1442,-2467,52.238684
55430.542,38,77,-1537,-1058,52.248556
55440.43,14,74,-1623,-4533,52.258444000000004
55450.296,8,69,-1699,-546,52.26831000000001
55460.166,-3,67,-1776,-1252,52.27818
55470.037,-8,64,-1847,-820,52.288051
55479.929,-5,60,-1911,491,52.297943
55489.79,2,55,-1972,-586,52.307804000000004
55499.668,8,47,-2030,-773,52.317682
55509.543,11,36,-2087,-489,52.327557
55519.424,8,25,-2144,263,52.337438
55529.293,0,16,-2204,483,52.347307
55539.176,-10,9,-2265,770,52.35719
55549.038,-17,5,-2323,1202,52.367052
55558.92,-15,5,-2377,1477,52.376934
55568.795,-2,4,-2423,683,52.386809
55578.659,17,0,-2462,1167,52.396673
55588.537,54,-10,-2491,1199,52.406551
55598.422,118,-23,-2500,1057,52.416436000000004
55608.283,199,-34,-2501,301,52.426297000000005
55618.161,263,-41,-2506,71,52.436175000000006
55628.035,318,-46,-2521,383,52.44604900000001
55637.926,347,-49,-2548,480,52.455940000000005
55647.785,364,-52,-2584,-146,52.465799000000004
55657.66,376,-55,-2627,-510,52.475674000000005
55667.533,386,-58,-2666,-785,52.485547000000004
55677.423,399,-62,-2703,-675,52.495437
55687.284,414,-67,-2737,-169,52.505298
55697.155,432,-72,-2769,343,52.515169
55707.032,460,-79,-2797,-87,52.525046
55716.918,487,-85,-2821,26,52.534932
55726.779,510,-89,-2851,113,52.544793000000006
55736.657,510,-89,-2851,125,52.554671
55746.532,519,-91,-2885,46,52.564546
55756.413,520,-93,-2928,-54,52.574427
55766.284,517,-94,-2968,-20,52.584298000000004
55776.155,516,-95,-3011,-22,52.594169
55786.037,520,-97,-3046,114,52.604051
55795.924,532,-99,-3078,23,52.613938000000005
55805.779,547,-103,-3103,-47,52.623793000000006
55815.651,568,-106,-3125,-85,52.633665
55825.528,590,-110,-3144,-134,52.643542000000004
55835.421,612,-113,-3162,-137,52.653435
55845.281,631,-117,-3183,-87,52.663295000000005
55855.152,648,-120,-3204,-28,52.673166
55865.034,662,-123,-3227,40,52.683048
55874.908,674,-127,-3250,118,52.692922
55884.776,685,-130,-3273,143,52.70279
55894.651,696,-132,-3297,104,52.712665
55904.522,706,-135,-3320,37,52.722536
55914.405,715,-137,-3344,-16,52.732419
55924.276,722,-139,-3367,-47,52.742290000000004
55934.146,729,-141,-3391,-49,52.75216
55944.024,736,-142,-3414,-17,52.762038000000004
55953.909,744,-144,-3436,15,52.771923
55963.77,753,-146,-3457,38,52.781784
55973.648,764,-149,-3475,42,52.791662
55983.533,777,-151,-3493,25,52.80154700000001
55993.406,790,-153,-3509,12,52.811420000000005
56003.272,802,-156,-3526,0,52.821286
56013.148,814,-158,-3543,-16,52.831162000000006
56023.018,823,-160,-3560,-23,52.841032
56032.906,832,-162,-3578,-14,52.85092
56042.781,839,-163,-3596,4,52.860795
56052.646,845,-165,-3615,6,52.87066
56062.515,850,-166,-3634,8,52.880529
56072.405,856,-168,-3652,2,52.890419
56082.267,862,-169,-3670,-7,52.900281
56092.144,869,-171,-3686,-19,52.910158
56102.018,878,-172,-3701,-19,52.920032
56111.91,887,-174,-3715,-9,52.92992400000001
56121.763,896,-176,-3729,2,52.939777
56131.642,904,-178,-3743,11,52.949656000000004
56141.514,913,-179,-3757,21,52.959528000000006
56151.402,920,-181,-3771,21,52.969416
56161.267,927,-182,-3785,9,52.979281
56171.139,933,-184,-3799,1,52.98915300000001
56181.016,938,-185,-3814,-7,52.999030000000005
56190.904,943,-186,-3828,-12,53.00891800000001
56200.762,947,-187,-3842,-6,53.018776
56210.64,953,-188,-3856,2,53.028654
56220.516,958,-190,-3869,0,53.03853000000001
56230.397,964,-191,-3881,6,53.048411
56240.264,971,-192,-3893,3,53.05827800000001
56250.139,977,-194,-3904,0,53.068153
56260.01,984,-195,-3915,-4,53.078024000000006
56269.898,990,-196,-3926,-5,53.087912
56279.763,996,-197,-3938,-1,53.097777
56289.635,1000,-198,-3949,1,53.107649
56299.512,1005,-199,-3961,4,53.117526000000005
56309.397,1008,-200,-3973,6,53.127411
56319.258,1012,-201,-3984,3,53.137272
56329.136,1016,-202,-3995,-2,53.14715
56339.011,1020,-203,-4006,-3,53.157025000000004
56348.893,1025,-204,-4016,0,53.166907
56358.76,1030,-205,-4025,-3,53.176774
56368.635,1035,-206,-4035,0,53.186649
56378.506,1040,-207,-4044,6,53.19652000000001
56388.394,1045,-208,-4053,1,53.206408
56398.266,1049,-209,-4062,2,53.216280000000005
56408.13,1053,-210,-4071,2,53.226144
56418.009,1057,-211,-4080,0,53.236023
56427.893,1060,-211,-4089,-2,53.245907
56437.755,1063,-212,-4099,0,53.255769
56447.632,1066,-213,-4108,-3,53.265646000000004
56457.507,1069,-213,-4117,0,53.275521
56467.389,1072,-214,-4125,0,53.285403
56477.256,1075,-215,-4133,0,53.29527
56487.131,1079,-216,-4141,0,53.305145
56497.008,1083,-216,-4149,0,53.315022000000006
56506.892,1086,-217,-4156,2,53.324906000000006
56516.755,1090,-218,-4163,4,53.334769
56526.626,1093,-219,-4171,3,53.34464
56536.504,1096,-219,-4178,0,53.354518000000006
56546.389,1098,-220,-4186,1,53.364403
56556.25,1101,-220,-4193,4,53.374264000000004
56566.128,1103,-221,-4200,-3,53.384142
56576.003,1106,-222,-4207,2,53.394017
56585.895,1108,-222,-4214,-1,53.403909
56595.752,1111,-223,-4221,0,53.413766
56605.629,1114,-223,-4227,2,53.423643000000006
56615.498,1116,-224,-4233,1,53.433512
56625.387,1119,-224,-4239,1,53.44340100000001
56635.256,1122,-225,-4246,-2,53.45327
56645.125,1124,-226,-4252,0,53.463139000000005
56655.003,1126,-226,-4258,-1,53.473017
56664.888,1128,-227,-4264,-3,53.482902
56674.744,1130,-227,-4269,2,53.492758
56684.627,1132,-227,-4275,2,53.502641000000004
56694.502,1134,-228,-4281,1,53.512516000000005
56704.384,1136,-228,-4287,-1,53.522398
56714.251,1138,-229,-4292,-3,53.532265
56724.126,1140,-229,-4298,1,53.542139999999996
56733.998,1142,-230,-4303,-1,53.552012000000005
56743.885,1144,-230,-4308,-1,53.561899000000004
56753.75,1145,-230,-4313,1,53.571764
56763.631,1147,-231,-4318,3,53.581645
56773.504,1149,-231,-4323,1,53.591518
56783.385,1151,-232,-4328,4,53.60139900000001
56793.246,1152,-232,-4333,0,53.61126
56803.118,1153,-232,-4337,-3,53.621132
56812.998,1155,-233,-4342,1,53.631012000000005
56822.88,1156,-233,-4347,1,53.640894
56832.742,1158,-233,-4352,-2,53.650756
56842.625,1159,-234,-4356,1,53.660639
56852.491,1161,-234,-4361,3,53.670505000000006
56862.379,1162,-234,-4365,6,53.680393
56872.244,1164,-235,-4369,-1,53.690258
56882.115,1165,-235,-4373,2,53.700129000000004
56891.993,1166,-235,-4377,-1,53.710007000000004
56901.878,1168,-236,-4381,1,53.719892
56911.739,1169,-236,-4385,0,53.729753
56921.617,1170,-236,-4389,3,53.739631
56931.492,1171,-236,-4393,1,53.749506000000004
56941.374,1173,-237,-4397,-1,53.75938800000001
56951.242,1159,-238,-4397,-2,53.769256
56961.116,1144,-240,-4396,3,53.77913
56970.987,1128,-241,-4396,1,53.789001000000006
56980.875,1128,-241,-4396,-3,53.798889
56990.745,1112,-242,-4396,-1,53.808759
57000.611,1098,-243,-4396,4,53.818625
57010.495,1083,-244,-4396,0,53.828509000000004
57020.38,1069,-245,-4395,2,53.838394
57030.236,1054,-246,-4395,0,53.84825
57040.108,1040,-247,-4395,1,53.858122
57049.989,1025,-248,-4395,-2,53.868003
57059.875,1010,-248,-4395,0,53.877889
57069.738,996,-248,-4395,0,53.887752
57079.612,979,-248,-4395,-1,53.897626
57089.488,964,-248,-4395,0,53.907502
57099.371,947,-247,-4395,1,53.917385
57109.241,932,-247,-4395,0,53.927255
57119.108,915,-247,-4395,2,53.937122
57128.986,900,-247,-4395,-1,53.947
57138.87,885,-246,-4395,2,53.956884
57148.74,869,-245,-4395,0,53.966754
57158.61,854,-245,-4395,-3,53.976624
57168.485,839,-244,-4396,1,53.986499
57178.38,823,-243,-4396,0,53.996394
57188.234,808,-242,-4396,0,54.006248
57198.109,792,-241,-4396,0,54.016123
57207.991,776,-240,-4397,4,54.026005000000005
57217.878,761,-239,-4397,2,54.035892
57227.733,745,-238,-4397,2,54.045747000000006
57237.606,729,-236,-4397,0,54.055620000000005
57247.492,713,-235,-4398,-1,54.065506
57257.368,697,-233,-4398,0,54.075382000000005
57267.229,681,-231,-4399,3,54.085243000000006
57277.106,665,-230,-4399,0,54.09512
57286.981,649,-228,-4399,-2,54.104995
57296.863,633,-225,-4400,0,54.114877
57306.731,617,-223,-4401,-2,54.124745000000004
57316.606,601,-221,-4401,-1,54.134620000000005
57326.477,584,-219,-4402,0,54.144491
57336.365,568,-216,-4403,2,54.154379
57346.23,552,-213,-4403,0,54.164244000000004
57356.101,536,-211,-4404,2,54.17411500000001
57365.979,519,-208,-4405,0,54.183993
57375.874,503,-205,-4406,1,54.19388800000001
57385.725,486,-202,-4406,2,54.203739
57395.603,470,-199,-4407,0,54.213617000000006
57405.48,453,-196,-4408,0,54.22349400000001
57415.364,436,-193,-4409,1,54.233378
57425.224,420,-189,-4410,0,54.243238000000005
57435.102,403,-186,-4411,1,54.253116
57444.973,386,-182,-4412,-1,54.262987
57454.862,369,-178,-4413,1,54.272876000000004
57464.731,352,-175,-4414,0,54.282745000000006
57474.6,335,-171,-4415,-3,54.292614
57484.476,318,-166,-4416,2,54.302490000000006
57494.36,301,-162,-4417,-2,54.312374000000005
57504.222,284,-158,-4419,1,54.322236000000004
57514.11,267,-154,-4420,-1,54.332124
57523.974,249,-149,-4421,1,54.34198800000001
57533.856,232,-144,-4422,0,54.351870000000005
57543.724,215,-139,-4424,0,54.361738
57553.602,197,-134,-4425,0,54.371616
57563.47,180,-129,-4426,1,54.38148400000001
57573.358,162,-124,-4427,0,54.391372000000004
57583.223,144,-119,-4429,0,54.401237
57593.094,127,-114,-4430,-3,54.411108
57602.972,109,-108,-4432,-2,54.420986000000006
57612.863,91,-103,-4433,2,54.430877
57622.718,74,-97,-4435,-1,54.440732000000004
57632.6,56,-91,-4436,0,54.450614
57642.471,38,-86,-4438,0,54.460485
57652.353,21,-80,-4439,-1,54.470367
57662.221,3,-74,-4441,0,54.480235
57672.095,-18,436,-9264,0,54.490109000000004
57681.967,-664,329,-6606,0,54.499981
57691.856,-522,239,-6059,-2,54.50987
57701.717,-397,183,-5745,3,54.519731
57711.589,-297,144,-5502,0,54.529603
57721.467,-220,116,-5294,2,54.539481
57731.352,-161,95,-5108,0,54.549366
57741.213,-118,80,-4938,3,54.55922700000001
57751.085,-89,69,-4782,5,54.569099
57760.965,-71,61,-4637,-2,54.578979
57770.848,-62,56,-4501,3,54.588862
57780.716,-133,70,-4533,3,54.59873
57790.59,-82,56,-4229,-1,54.608604
57800.471,-97,57,-4137,2,54.618485
57810.36,-117,60,-4048,4,54.628374
57820.224,-142,65,-3963,-2,54.63823800000001
57830.085,-170,70,-3881,2,54.648099
57839.973,-202,76,-3802,0,54.657987
57849.848,-237,83,-3727,0,54.667862
57859.71,-275,91,-3655,-1,54.677724000000005
57869.589,-315,100,-3586,0,54.687603
57879.462,-357,109,-3519,0,54.697476
57889.355,-401,119,-3456,-2,54.70736900000001
57899.218,-447,130,-3395,0,54.717232
57909.088,-495,140,-3337,1,54.72710200000001
57918.961,-544,152,-3282,0,54.73697500000001
57928.857,-594,163,-3229,1,54.746871000000006
57938.715,-646,175,-3179,1,54.756729
57948.586,-698,187,-3130,0,54.766600000000004
57958.464,-751,200,-3084,0,54.776478000000004
57968.348,-805,212,-3039,2,54.786362000000004
57978.21,-860,225,-2997,-2,54.796224
57988.088,-915,238,-2956,-2,54.806102
57997.964,-971,252,-2917,2,54.815978
58007.845,-1027,265,-2879,1,54.825859
58017.712,-1084,279,-2843,0,54.835726
58027.587,-1141,292,-2808,0,54.845601
58037.458,-1199,306,-2775,4,54.855472
58047.346,-1257,320,-2743,0,54.86536
58057.212,-1315,334,-2712,-2,54.875226000000005
58067.083,-1373,349,-2682,2,54.885097
58076.96,-1432,363,-2654,0,54.894974000000005
58086.846,-1490,377,-2627,1,54.90486
58096.707,-1549,392,-2601,0,54.91472100000001
58106.585,-1608,406,-2576,2,54.924599
58116.46,-1667,421,-2551,-3,54.934474
58126.351,-1725,435,-2526,0,54.944365000000005
58136.206,-1784,449,-2502,1,54.95422
58146.09,-1842,464,-2479,-3,54.964104
58155.952,-1903,479,-2444,0,54.973966
58165.84,-1961,493,-2421,-1,54.983854
58175.708,-2021,508,-2388,0,54.993722
58185.576,-2079,522,-2366,0,55.00359
58195.454,-2136,537,-2345,-1,55.013468
58205.339,-2196,551,-2314,0,55.023353
58215.199,-2196,551,-2314,0,55.033213
58225.078,-2255,566,-2283,0,55.043092
58234.952,-2311,579,-2263,-4,55.052966
58244.834,-2367,593,-2244,1,55.062848
58254.703,-2425,607,-2214,-1,55.072717000000004
58264.578,-2483,621,-2185,1,55.082592000000005
58274.449,-2537,635,-2167,0,55.092463
58284.337,-2591,648,-2149,2,55.102351000000006
58294.202,-2645,661,-2131,0,55.112216000000004
58304.073,-2698,675,-2113,0,55.122087
58313.946,-2751,688,-2095,0,55.13196000000001
58323.836,-2805,701,-2068,4,55.141850000000005
58333.697,-2857,714,-2051,1,55.151711000000006
58343.576,-2911,726,-2025,2,55.161590000000004
58353.45,-2962,739,-2010,2,55.171464
58363.332,-3013,752,-1995,0,55.181346000000005
58373.2,-3064,764,-1981,0,55.191214
58383.074,-3114,777,-1967,0,55.201088000000006
58392.955,-3164,789,-1953,-1,55.210969000000006
58402.834,-3214,801,-1940,2,55.220848000000004
58412.699,-3263,814,-1927,1,55.230713
58422.57,-3312,826,-1915,1,55.240584000000005
58432.448,-3361,838,-1903,1,55.250462
58442.335,-3410,850,-1893,0,55.260349000000005
58452.195,-3459,862,-1882,0,55.270209
58462.073,-3507,874,-1872,4,55.280087
58471.95,-3555,886,-1862,0,55.289964
58481.835,-3603,898,-1853,1,55.299849
58491.697,-3650,910,-1845,-1,55.309711
58501.572,-3698,922,-1838,-2,55.319586
58511.443,-3746,934,-1831,1,55.329457000000005
58521.331,-3793,946,-1824,1,55.339345
58531.196,-3840,958,-1819,-1,55.34921000000001
58541.077,-3888,970,-1814,-2,55.359091
58550.945,-3935,982,-1808,-2,55.368959000000004
58560.83,-3981,994,-1804,-1,55.37884400000001
58570.691,-4028,1006,-1800,0,55.388705
58580.569,-4075,1018,-1796,0,55.39858300000001
58590.445,-4121,1030,-1793,2,55.408459
58600.326,-4168,1041,-1790,-2,55.41834
58610.194,-4214,1053,-1788,-1,55.428208000000005
58620.073,-4260,1065,-1786,1,55.438087
58629.94,-4306,1077,-1785,0,55.447954
58639.828,-4352,1088,-1783,2,55.45784200000001
58649.693,-4398,1100,-1782,0,55.467707000000004
58659.564,-4444,1112,-1781,0,55.477578
58669.442,-4489,1123,-1780,2,55.48745600000001
58679.327,-4535,1135,-1779,1,55.497341
58689.188,-4580,1147,-1779,4,55.50720200000001
58699.066,-4625,1159,-1779,-1,55.51708
58708.941,-4669,1170,-1778,0,55.526955
58718.823,-4714,1182,-1778,2,55.536837
58728.69,-4758,1194,-1778,-1,55.546704000000005
58738.565,-4802,1205,-1777,-2,55.556579000000006
58748.437,-4846,1216,-1777,0,55.566451
58758.326,-4890,1228,-1777,-1,55.57634
58768.19,-4934,1239,-1777,-3,55.586204
58778.061,-4977,1250,-1777,-1,55.596075000000006
58787.948,-5020,1262,-1777,0,55.605962
58797.834,-5063,1273,-1777,0,55.61584800000001
58807.686,-5106,1284,-1777,-2,55.6257
58817.573,-5148,1295,-1777,3,55.635587
58827.439,-5190,1306,-1777,1,55.645453
58837.32,-5232,1317,-1777,-2,55.655334
58847.182,-5273,1328,-1777,0,55.665196
58857.063,-5314,1339,-1777,-1,55.675077
58866.934,-5355,1349,-1777,1,55.684948000000006
58876.824,-5396,1360,-1777,2,55.694838000000004
58886.687,-5437,1371,-1777,2,55.704701
58896.559,-5477,1381,-1776,0,55.714573
58906.441,-5517,1392,-1776,0,55.724455
58916.321,-5557,1402,-1776,3,55.73433500000001
58926.183,-5596,1413,-1776,2,55.744197
58936.071,-5635,1423,-1775,0,55.754085
58945.935,-5674,1434,-1775,3,55.763949000000004
58955.817,-5713,1444,-1775,2,55.77383100000001
58965.686,-5751,1454,-1774,1,55.7837
58975.559,-5789,1464,-1774,-3,55.793573
58985.432,-5827,1474,-1774,1,55.803446
58995.325,-5865,1484,-1773,2,55.813339
59005.184,-5902,1494,-1772,-1,55.823198000000005
59015.056,-5939,1504,-1772,0,55.83307
59024.934,-5976,1513,-1771,0,55.84294800000001
59034.819,-6013,1523,-1771,0,55.852833000000004
59044.68,-6049,1532,-1770,2,55.862694000000005
59054.553,-6085,1542,-1769,8,55.872567000000004
59064.433,-6121,1551,-1768,-1,55.882447
59074.315,-6157,1561,-1767,1,55.892329000000004
59084.182,-6192,1570,-1767,0,55.902196
59094.058,-6227,1580,-1766,0,55.912072
59103.929,-6262,1589,-1765,0,55.921943
59113.822,-6297,1598,-1764,2,55.931836000000004
59123.682,-6331,1607,-1763,2,55.941696
59133.553,-6365,1616,-1762,6,55.951567000000004
59143.431,-6399,1625,-1761,1,55.961445
59153.317,-6433,1634,-1760,-2,55.971331000000006
59163.187,-6466,1643,-1759,3,55.981201
59173.055,-6499,1652,-1758,-2,55.991069
59182.931,-6532,1660,-1756,-1,56.000945
59192.812,-6564,1669,-1755,-1,56.010826
59202.681,-6597,1678,-1754,0,56.020694999999996
59212.557,-6629,1687,-1752,-1,56.030571
59222.429,-6661,1695,-1751,-1,56.040442999999996
59232.317,-6692,1704,-1750,-2,56.05033100000001
59242.183,-6724,1712,-1748,0,56.060197
59252.053,-6755,1720,-1747,-1,56.070067
59261.932,-6786,1728,-1746,3,56.07994600000001
59271.817,-6816,1736,-1744,1,56.089831000000004
59281.682,-6847,1745,-1743,4,56.099696
59291.555,-6877,1753,-1741,-3,56.109569
59301.43,-6907,1761,-1740,1,56.119444
59311.321,-6936,1768,-1738,0,56.129335000000005
59321.187,-6966,1776,-1737,-2,56.139201
59331.055,-6995,1784,-1735,1,56.149069000000004
59340.925,-7024,1792,-1733,0,56.158939000000004
59350.823,-7053,1799,-1732,0,56.168836999999996
59360.679,-7081,1807,-1730,-1,56.178693
59370.55,-7109,1815,-1728,1,56.18856400000001
59380.432,-7137,1822,-1727,0,56.198446000000004
59390.314,-7165,1829,-1725,-2,56.208328
59400.172,-7193,1836,-1723,1,56.218186
59410.05,-7220,1844,-1721,0,56.228064
59419.926,-7247,1851,-1719,1,56.23794
59429.807,-7272,1857,-1716,0,56.247821
59439.684,-7294,1863,-1705,1,56.257698000000005
59449.558,-7319,1869,-1702,0,56.267572
59459.423,-7339,1874,-1691,0,56.277437000000006
59469.309,-7362,1879,-1688,0,56.287323
59479.174,-7380,1884,-1676,0,56.297188
59489.045,-7401,1889,-1672,2,56.307059
59498.924,-7421,1893,-1668,0,56.316938
59508.811,-7436,1896,-1654,0,56.32682500000001
59518.674,-7436,1896,-1654,2,56.336688
59528.546,-7455,1900,-1649,-1,56.346560000000004
59538.422,-7467,1902,-1635,-2,56.356436
59548.313,-7483,1905,-1630,-2,56.366327000000005
59558.172,-7493,1907,-1615,-4,56.376186000000004
59568.056,-7509,1910,-1610,2,56.38607
59577.918,-7517,1911,-1595,0,56.395932
59587.807,-7530,1914,-1589,0,56.405821
59597.677,-7544,1916,-1584,-3,56.41569100000001
59607.543,-7557,1918,-1579,2,56.425557
59617.42,-7569,1920,-1573,-1,56.435434
59627.308,-7581,1923,-1567,-3,56.445322
59637.167,-7592,1925,-1561,1,56.455181
59647.045,-7603,1926,-1555,0,56.465059000000004
59656.92,-7615,1928,-1549,0,56.474934000000005
59666.802,-7625,1930,-1544,1,56.48481600000001
59676.678,-7635,1932,-1538,0,56.494692
59686.549,-7646,1934,-1533,2,56.504563000000005
59696.42,-7657,1936,-1528,2,56.514434
59706.307,-7667,1938,-1523,0,56.524321
59716.174,-7678,1940,-1519,5,56.534188
59726.048,-7688,1942,-1515,2,56.544062000000004
59735.926,-7698,1944,-1510,3,56.553940000000004
59745.807,-7708,1946,-1506,-2,56.563821000000004
59755.675,-7718,1948,-1502,1,56.57368900000001
59765.555,-7728,1950,-1498,-1,56.583569000000004
59775.427,-7738,1952,-1494,2,56.593441000000006
59785.309,-7748,1954,-1491,0,56.603323
59795.183,-7759,1957,-1488,2,56.613197
59805.052,-7770,1960,-1485,0,56.62306600000001
59814.924,-7782,1962,-1484,-2,56.632938
59824.812,-7793,1965,-1481,0,56.642826
59834.671,-7805,1968,-1479,-1,56.652685000000005
59844.541,-7817,1971,-1478,0,56.662555
59854.419,-7830,1974,-1477,2,56.672433000000005
59864.301,-7843,1978,-1476,-2,56.682315
59874.162,-7856,1981,-1476,2,56.692175999999996
59884.044,-7869,1984,-1475,1,56.70205800000001
59893.915,-7883,1987,-1475,-1,56.711929000000005
59903.797,-7896,1991,-1474,0,56.721811
59913.658,-7910,1995,-1474,2,56.731672
59923.54,-7925,1999,-1474,0,56.741554
59933.411,-7939,2003,-1475,-1,56.751425000000005
59943.3,-7954,2007,-1475,2,56.761314000000006
59953.164,-7969,2011,-1476,4,56.771178
59963.035,-7984,2015,-1476,2,56.781049
59972.913,-8000,2020,-1477,0,56.790927
59982.807,-8016,2024,-1479,0,56.800821000000006
59992.664,-8031,2029,-1480,2,56.810678
60002.537,-8047,2033,-1481,-1,56.820551
60012.412,-8063,2038,-1482,-2,56.830426
60022.294,-8080,2042,-1484,1,56.84030800000001
60032.162,-8096,2047,-1485,0,56.850176
60042.041,-8113,2052,-1486,-2,56.860055
60051.908,-8129,2057,-1488,3,56.869922
60061.79,-8145,2061,-1489,0,56.87980400000001
60071.661,-8162,2066,-1490,-1,56.889675000000004
60081.533,-8179,2071,-1492,-1,56.899547000000005
60091.411,-8195,2075,-1493,-1,56.909425000000006
60101.296,-8212,2080,-1495,1,56.91931
60111.157,-8229,2085,-1496,1,56.929171000000004
60121.035,-8246,2090,-1497,-4,56.939049000000004
60130.911,-8263,2095,-1498,0,56.948925
60140.792,-8279,2099,-1500,0,56.958806
60150.659,-8296,2104,-1501,-1,56.968673
60160.534,-8313,2109,-1502,1,56.978548
60170.406,-8330,2113,-1504,3,56.988420000000005
60180.294,-8346,2118,-1505,-1,56.998308
60190.159,-8363,2122,-1506,-1,57.008173
60200.03,-8379,2127,-1507,0,57.018044
60209.908,-8396,2132,-1508,3,57.027922000000004
60219.803,-8412,2137,-1509,3,57.037817000000004
60229.655,-8429,2142,-1510,3,57.047669
60239.544,-8445,2146,-1510,0,57.05755800000001
60249.408,-8461,2151,-1511,-2,57.06742200000001
60259.29,-8477,2155,-1512,3,57.077304000000005
60269.167,-8493,2160,-1513,2,57.087181
60279.033,-8510,2165,-1514,-1,57.097047
60288.904,-8525,2169,-1514,-5,57.10691800000001
60298.792,-8541,2173,-1515,-2,57.116806000000004
60308.657,-8557,2178,-1516,0,57.126671
60318.537,-8573,2183,-1516,0,57.136551
60328.406,-8589,2187,-1517,0,57.146420000000006
60338.292,-8604,2192,-1517,3,57.156306
60348.153,-8620,2196,-1517,4,57.166167
60358.03,-8635,2200,-1518,-5,57.176044000000005
60367.91,-8651,2205,-1518,1,57.18592400000001
60377.787,-8666,2209,-1518,0,57.195801
60387.66,-8681,2213,-1519,-1,57.20567400000001
60397.535,-8696,2217,-1519,0,57.215549
60407.409,-8711,2221,-1519,3,57.225423
60417.301,-8726,2225,-1519,0,57.235315
60427.164,-8741,2229,-1519,3,57.245178
60437.04,-8756,2233,-1520,0,57.255054
60446.915,-8770,2238,-1520,1,57.264929
60456.8,-8785,2242,-1520,0,57.274814000000006
60466.664,-8799,2246,-1520,0,57.284678
60476.541,-8814,2250,-1520,0,57.294555
60486.419,-8828,2254,-1520,0,57.304433
60496.3,-8842,2258,-1519,0,57.314314
60506.162,-8856,2262,-1519,-1,57.324176
60516.043,-8870,2265,-1519,1,57.334057
60525.914,-8884,2269,-1519,0,57.343928
60535.802,-8898,2273,-1519,-2,57.35381600000001
60545.664,-8912,2277,-1519,-3,57.363678
60555.536,-8925,2280,-1518,2,57.37355
60565.412,-8939,2284,-1518,-3,57.383426
60575.298,-8952,2288,-1518,2,57.39331200000001
60585.157,-8965,2291,-1518,1,57.403171
60595.033,-8979,2295,-1517,0,57.413047000000006
60604.907,-8992,2298,-1517,0,57.422921
60614.786,-9005,2302,-1517,1,57.4328
60624.653,-9018,2306,-1516,0,57.442667
60634.529,-9031,2309,-1516,0,57.452543000000006
60644.401,-9044,2312,-1516,0,57.462415
60654.288,-9056,2316,-1515,0,57.472302000000006
60664.153,-9069,2320,-1515,1,57.482167000000004
60674.025,-9081,2323,-1514,0,57.492039000000005
60683.906,-9094,2326,-1513,3,57.501920000000005
60693.788,-9105,2329,-1513,0,57.511802
60703.646,-9110,2330,-1503,0,57.521660000000004
60713.524,-9121,2333,-1502,-2,57.531538
60723.399,-9131,2336,-1501,0,57.541413
60733.284,-9140,2338,-1500,1,57.551298
60743.159,-9148,2340,-1498,0,57.561173000000004
60753.023,-9157,2341,-1496,0,57.571037000000004
60762.895,-9164,2343,-1494,0,57.580909
60772.783,-9170,2344,-1492,-1,57.59079700000001
60782.655,-9176,2344,-1489,0,57.600669
60792.519,-9180,2344,-1485,1,57.610533000000004
60802.398,-9184,2344,-1482,5,57.620412
60812.283,-9186,2344,-1477,1,57.630297000000006
60822.144,-9187,2343,-1473,0,57.640158
60832.022,-9188,2341,-1469,0,57.650036
60841.897,-9187,2340,-1463,0,57.659911
60851.779,-9186,2338,-1458,3,57.669793000000006
60861.646,-9184,2336,-1453,-1,57.679660000000005
60871.521,-9182,2334,-1448,1,57.68953500000001
60881.397,-9169,2329,-1432,0,57.699411
60891.281,-9166,2327,-1427,-1,57.709295000000004
60901.146,-9153,2322,-1413,-3,57.71916
60911.018,-9150,2320,-1408,0,57.729032
60920.895,-9137,2315,-1395,1,57.738909
60930.791,-9135,2314,-1392,0,57.748805
60940.644,-9124,2310,-1380,3,57.758658000000004
60950.514,-9122,2308,-1378,-1,57.768528
60960.399,-9121,2307,-1376,3,57.778413
60970.277,-9120,2306,-1374,-2,57.78829100000001
60980.144,-9119,2305,-1372,4,57.798158
60990.019,-9109,2302,-1362,0,57.808033
60999.89,-9109,2302,-1362,1,57.817904000000006
61009.778,-9108,2301,-1360,0,57.827792
61019.643,-9107,2300,-1359,0,57.837657
61029.52,-9107,2300,-1358,0,57.847534
61039.392,-9106,2299,-1357,-1,57.857406000000005
61049.278,-9106,2299,-1357,0,57.867292
61059.139,-9106,2298,-1356,-1,57.87715300000001
61069.017,-9106,2297,-1355,0,57.887031
61078.892,-9106,2297,-1354,-2,57.896906
61088.774,-9106,2297,-1353,-2,57.906788
61098.642,-9106,2297,-1352,3,57.916656
61108.516,-9107,2296,-1352,1,57.92653000000001
61118.388,-9107,2296,-1351,0,57.936402
61128.276,-9108,2296,-1351,1,57.94629
61138.141,-9110,2296,-1351,0,57.95615500000001
61148.013,-9111,2296,-1350,-2,57.966027000000004
61157.89,-9113,2296,-1350,1,57.975904
61167.776,-9116,2297,-1350,-2,57.98579
61177.637,-9119,2297,-1351,2,57.995651
61187.524,-9123,2298,-1352,0,58.005538
61197.39,-9126,2299,-1353,0,58.015404000000004
61207.272,-9130,2300,-1353,1,58.025286
61217.139,-9134,2301,-1354,0,58.03515300000001
61227.014,-9138,2302,-1355,0,58.04502800000001
61236.886,-9141,2303,-1356,-1,58.0549
61246.774,-9145,2304,-1357,-1,58.064788
61256.639,-9150,2306,-1358,-3,58.074653000000005
61266.512,-9155,2307,-1359,-1,58.084526000000004
61276.389,-9160,2308,-1361,1,58.09440300000001
61286.274,-9166,2310,-1362,1,58.104288000000004
61296.135,-9172,2312,-1364,-1,58.114149000000005
61306.022,-9178,2313,-1365,0,58.124036
61315.888,-9184,2315,-1367,0,58.133902
61325.77,-9191,2317,-1369,1,58.143784
61335.637,-9197,2320,-1370,0,58.153651
61345.512,-9205,2322,-1372,-2,58.163526000000005
61355.384,-9212,2324,-1374,0,58.173398
61365.272,-9219,2326,-1376,1,58.183286
61375.137,-9227,2329,-1378,2,58.19315100000001
61385.009,-9235,2331,-1380,0,58.203023
61394.882,-9243,2333,-1381,4,58.212896
61404.772,-9251,2336,-1383,1,58.222786
61414.633,-9259,2338,-1385,0,58.23264700000001
61424.506,-9267,2341,-1387,2,58.242520000000006
61434.386,-9276,2344,-1388,-1,58.2524
61444.268,-9284,2346,-1390,0,58.262282
61454.136,-9293,2349,-1392,-2,58.27215
61464.036,-9310,2353,-1395,2,58.282050000000005
61473.885,-9310,2353,-1395,-2,58.29189900000001
61483.77,-9319,2356,-1397,0,58.301784
61493.635,-9327,2359,-1399,-1,58.311649
61503.507,-9336,2361,-1400,-1,58.321521000000004
61513.38,-9345,2364,-1402,1,58.331394
61523.27,-9354,2366,-1403,0,58.341284
61533.131,-9362,2369,-1405,-3,58.351145
61543.004,-9371,2371,-1407,0,58.361018
61552.885,-9380,2374,-1408,0,58.370899
61562.766,-9389,2376,-1409,0,58.38078000000001
61572.634,-9398,2379,-1410,2,58.390648
61582.509,-9407,2381,-1412,-2,58.400523
61592.388,-9416,2384,-1413,1,58.410402000000005
61602.269,-9424,2387,-1415,1,58.420283000000005
61612.134,-9442,2392,-1417,-2,58.430148
61622.005,-9442,2392,-1417,-3,58.440019
61631.883,-9451,2394,-1418,0,58.44989700000001
61641.768,-9460,2397,-1419,0,58.459782
61651.639,-9468,2399,-1420,2,58.46965300000001
61661.502,-9477,2401,-1421,0,58.479516000000004
61671.382,-9485,2404,-1421,0,58.489396
61681.264,-9494,2406,-1422,0,58.499278000000004
61691.132,-9502,2409,-1423,0,58.509146
61701.007,-9511,2412,-1424,0,58.519021
61710.886,-9520,2414,-1425,0,58.5289
61720.767,-9528,2416,-1425,-1,58.538781
61730.632,-9537,2419,-1426,2,58.548646
61740.503,-9545,2421,-1427,2,58.558517
61750.381,-9553,2423,-1427,0,58.568395
61760.266,-9562,2425,-1428,0,58.57828000000001
61770.128,-9570,2427,-1428,1,58.588142
61780.006,-9578,2430,-1429,-1,58.598020000000005
61789.885,-9586,2432,-1429,-4,58.607899
61799.765,-9594,2434,-1430,0,58.617779
61809.633,-9602,2436,-1430,0,58.627647
61819.508,-9610,2439,-1430,-2,58.637522000000004
61829.38,-9618,2441,-1431,3,58.647394
61839.268,-9626,2443,-1431,0,58.657282
61849.132,-9634,2445,-1431,4,58.667146
61859.004,-9642,2447,-1432,0,58.677018000000004
61868.892,-9650,2449,-1432,-3,58.686906
61878.767,-9658,2451,-1432,1,58.696781
61888.635,-9665,2454,-1433,-3,58.706649000000006
61898.506,-9673,2456,-1433,2,58.71652
61908.381,-9680,2458,-1433,-2,58.726395000000004
61918.263,-9688,2460,-1433,1,58.736277
61928.141,-9695,2462,-1433,-1,58.74615500000001
61938.005,-9703,2464,-1433,0,58.756019
61947.887,-9710,2466,-1434,-1,58.76590100000001
61957.766,-9718,2468,-1434,0,58.775780000000005
61967.63,-9725,2470,-1434,1,58.785644
61977.502,-9732,2472,-1434,0,58.795516000000006
61987.375,-9739,2474,-1434,-2,58.805389000000005
61997.275,-9747,2476,-1434,-2,58.81528900000001
62007.125,-9745,2475,-1425,-1,58.825139
62017.003,-9752,2477,-1425,0,58.835017
62026.891,-9749,2476,-1416,-4,58.844905000000004
62036.766,-9753,2477,-1416,1,58.854780000000005
62046.628,-9757,2477,-1415,0,58.864641999999996
62056.503,-9760,2477,-1414,0,58.874517
62066.375,-9762,2477,-1413,0,58.884389000000006
62076.27,-9763,2477,-1411,0,58.894284
62086.13,-9763,2476,-1409,3,58.904144
62095.999,-9762,2474,-1406,1,58.914013000000004
62105.872,-9761,2472,-1404,-2,58.923886
62115.763,-9758,2470,-1401,0,58.933777
62125.624,-9754,2468,-1397,3,58.94363800000001
62135.502,-9749,2465,-1393,-1,58.953516
62145.377,-9743,2462,-1389,0,58.963391
62155.259,-9736,2458,-1385,5,58.973273
62165.12,-9729,2455,-1380,1,58.98313400000001
62175.002,-9710,2448,-1365,-3,58.993016000000004
62184.873,-9701,2444,-1361,1,59.002887
62194.761,-9680,2436,-1346,-1,59.012775000000005
62204.626,-9670,2432,-1342,-1,59.02264
62214.498,-9650,2425,-1328,1,59.032512000000004
62224.376,-9640,2421,-1325,3,59.04239
62234.261,-9621,2414,-1313,0,59.052275
62244.122,-9612,2410,-1310,-2,59.062136
62254.0,-9603,2407,-1308,0,59.072014
62263.876,-9593,2403,-1306,1,59.08189
62273.757,-9583,2399,-1303,2,59.091771
62283.625,-9563,2392,-1291,-1,59.101639000000006
62293.5,-9555,2389,-1290,1,59.111514
62303.372,-9537,2384,-1280,0,59.12138600000001
62313.26,-9530,2381,-1279,0,59.131274000000005
62323.129,-9524,2379,-1279,1,59.14114300000001
62332.996,-9517,2377,-1279,-2,59.15101
62342.874,-9511,2374,-1279,-2,59.16088800000001
62352.759,-9506,2373,-1279,0,59.170773000000004
62362.629,-9501,2370,-1279,0,59.180643
62372.494,-9495,2368,-1279,4,59.190508
62382.376,-9490,2367,-1279,1,59.20039
62392.256,-9486,2365,-1279,0,59.21027
62402.124,-9481,2363,-1279,-2,59.220138000000006
62412.005,-9477,2362,-1280,-1,59.230019
62421.87,-9472,2361,-1280,0,59.239884
62431.758,-9469,2359,-1281,-1,59.24977200000001
62441.623,-9466,2358,-1282,2,59.259637000000005
62451.495,-9463,2357,-1283,-2,59.269509000000006
62461.373,-9460,2356,-1284,-2,59.279387
62471.258,-9458,2355,-1284,0,59.289272000000004
62481.12,-9455,2354,-1285,4,59.299134
62490.997,-9453,2353,-1286,0,59.309011000000005
62500.873,-9452,2353,-1288,-2,59.318887000000004
62510.754,-9451,2353,-1289,0,59.328768000000004
62520.622,-9451,2353,-1290,2,59.33863600000001
62530.498,-9452,2353,-1292,2,59.348512
62540.369,-9452,2354,-1294,0,59.358383
62550.256,-9454,2354,-1296,0,59.36827
62560.126,-9455,2355,-1298,3,59.37814
62569.998,-9458,2356,-1300,1,59.388012
62579.872,-9460,2356,-1303,0,59.39788600000001
62589.763,-9464,2358,-1305,-2,59.407777
62599.618,-9467,2359,-1307,1,59.417632000000005
62609.506,-9471,2360,-1310,-1,59.42752
62619.371,-9475,2361,-1312,0,59.437385
62629.261,-9479,2363,-1315,0,59.447275000000005
62639.121,-9484,2364,-1318,0,59.457135
62648.995,-9488,2366,-1320,-5,59.467009000000004
62658.867,-9493,2368,-1323,0,59.476881
62668.75,-9498,2369,-1326,-2,59.486764
62678.621,-9503,2371,-1328,-2,59.496635000000005
62688.492,-9509,2373,-1331,2,59.506506
62698.37,-9514,2375,-1333,0,59.516384
62708.261,-9520,2377,-1336,-1,59.526275
62718.121,-9526,2379,-1338,-1,59.536135
62727.989,-9532,2381,-1341,-3,59.546003000000006
62737.87,-9538,2384,-1344,1,59.555884000000006
62747.754,-9544,2386,-1346,0,59.565768000000006
62757.62,-9550,2388,-1348,0,59.57563400000001
62767.494,-9557,2390,-1351,-2,59.585508000000004
62777.366,-9563,2392,-1353,2,59.595380000000006
62787.254,-9570,2394,-1355,-1,59.605268
62797.12,-9576,2396,-1357,0,59.615134000000005
62807.0,-9583,2398,-1359,6,59.625014
62816.872,-9590,2400,-1361,-1,59.63488600000001
62826.763,-9596,2402,-1363,-3,59.644777000000005
62836.622,-9603,2405,-1365,-1,59.654636
62846.493,-9610,2407,-1367,0,59.66450700000001
62856.369,-9617,2409,-1369,-1,59.674383
62866.25,-9624,2411,-1371,1,59.684264000000006
62876.118,-9631,2414,-1373,-1,59.694132
62885.993,-9638,2416,-1374,3,59.704007000000004
62895.871,-9645,2418,-1376,-1,59.713885000000005
62905.753,-9652,2420,-1378,1,59.723767
62915.618,-9659,2422,-1379,2,59.73363200000001
62925.489,-9666,2425,-1381,0,59.743503000000004
62935.368,-9673,2427,-1382,-1,59.753382
62945.252,-9680,2428,-1384,-1,59.763266
62955.114,-9687,2431,-1385,5,59.77312800000001
62964.992,-9694,2433,-1387,-2,59.783006
62974.867,-9701,2435,-1388,-1,59.792881
62984.749,-9708,2437,-1389,2,59.802763000000006
62994.617,-9715,2439,-1390,0,59.812631
63004.501,-9722,2441,-1391,3,59.822515
63014.373,-9729,2444,-1392,-2,59.832387000000004
63024.246,-9736,2446,-1393,1,59.84226
63034.117,-9743,2448,-1394,1,59.852131
63043.988,-9750,2450,-1395,1,59.862002000000004
63053.867,-9757,2452,-1396,0,59.871881
63063.762,-9763,2454,-1397,3,59.881776
63073.613,-9770,2456,-1398,-1,59.891627
63083.492,-9777,2458,-1399,-2,59.901506
63093.369,-9783,2460,-1400,2,59.911383
63103.25,-9790,2462,-1400,-2,59.921264
63113.12,-9797,2464,-1401,-1,59.93113400000001
63123.002,-9804,2466,-1402,0,59.941016000000005
63132.874,-9810,2468,-1403,-5,59.950888000000006
63142.749,-9816,2470,-1404,-2,59.96076300000001
63152.618,-9823,2472,-1404,0,59.970632
63162.49,-9829,2474,-1405,1,59.980504
63172.368,-9835,2476,-1405,3,59.990382000000004
63182.253,-9842,2478,-1406,0,60.000267
63192.115,-9848,2479,-1406,2,60.010129
63201.992,-9854,2481,-1407,-1,60.020006
63211.868,-9860,2483,-1407,0,60.02988200000001
63221.749,-9867,2485,-1408,3,60.03976300000001
63231.617,-9873,2487,-1408,2,60.049631
63241.499,-9879,2489,-1408,2,60.05951300000001
63251.365,-9885,2490,-1409,0,60.069379
63261.252,0,0,0,2,60.079266000000004
63271.115,-52,49,-46,0,60.089129
63280.989,-135,88,-102,2,60.099003
63290.867,-220,116,-158,0,60.108881000000004
63300.752,-305,141,-213,0,60.118766
63310.616,-390,164,-267,0,60.12863
63320.489,-474,185,-320,1,60.13850300000001
63330.364,-557,206,-372,1,60.148378
63340.248,-639,225,-423,-1,60.158262
63350.107,-720,245,-472,-1,60.168121000000006
63359.988,-801,264,-519,0,60.178002
63369.866,-881,283,-566,-4,60.18788000000001
63379.748,-960,302,-611,0,60.197762000000004
63389.613,-1038,320,-654,1,60.207627
63399.484,-1038,320,-654,-1,60.217498
63409.361,-1116,338,-696,2,60.227375
63419.247,-1199,358,-738,-3,60.237261000000004
63429.108,-1275,375,-776,1,60.247122000000005
63438.988,-1356,394,-815,1,60.257002
63448.863,-1436,413,-851,-3,60.266877
63458.744,-1509,430,-884,-3,60.276758
63468.612,-1582,446,-916,1,60.286626000000005
63478.491,-1659,464,-947,0,60.296505
63488.359,-1730,481,-976,1,60.306373
63498.247,-1804,498,-1003,0,60.316261000000004
63508.118,-1874,514,-1030,2,60.32613200000001
63517.983,-1947,531,-1054,1,60.335997000000006
63527.861,-2015,546,-1077,1,60.345875
63537.747,-2086,563,-1099,-2,60.35576100000001
63547.608,-2153,578,-1121,-1,60.365622
63557.486,-2223,594,-1141,0,60.3755
63567.361,-2292,610,-1159,2,60.385375
63577.243,-2356,625,-1179,0,60.39525700000001
63587.105,-2420,639,-1198,-2,60.405119000000006
63596.986,-2486,655,-1213,2,60.415
63606.857,-2486,655,-1213,-4,60.424871
63616.745,-2548,669,-1230,2,60.43475900000001
63626.61,-2611,684,-1247,0,60.444624000000005
63636.481,-2672,698,-1263,-2,60.454495
63646.354,-2732,712,-1278,1,60.464368
63656.245,-2793,726,-1293,1,60.474259
63666.106,-2852,741,-1307,-2,60.484120000000004
63675.993,-2911,755,-1320,2,60.494007
63685.859,-2969,769,-1333,2,60.503873
63695.741,-3027,782,-1346,0,60.513755
63705.609,-3084,796,-1357,2,60.523623
63715.49,-3141,809,-1369,0,60.533504
63725.356,-3198,822,-1380,-1,60.54337
63735.244,-3254,836,-1391,0,60.553258
63745.109,-3310,849,-1402,3,60.563123
63754.98,-3365,862,-1412,-1,60.57299400000001
63764.859,-3420,875,-1422,-1,60.582873
63774.745,-3474,888,-1431,4,60.59275900000001
63784.605,-3527,902,-1440,0,60.602619000000004
63794.483,-3581,915,-1449,0,60.612497000000005
63804.369,-3634,927,-1458,-1,60.622383
63814.24,-3686,940,-1465,0,60.632254
63824.107,-3738,953,-1473,2,60.642121
63833.983,-3789,966,-1481,0,60.651997
63843.854,-3841,978,-1489,3,60.661868000000005
63853.743,-3892,990,-1497,-1,60.67175700000001
63863.608,-3943,1003,-1505,1,60.681622000000004
63873.479,-3993,1015,-1512,0,60.691493
63883.357,-4043,1028,-1520,3,60.70137100000001
63893.242,-4093,1040,-1527,-1,60.711256
63903.104,-4142,1052,-1534,-2,60.721118000000004
63912.984,-4192,1065,-1541,0,60.730998
63922.858,-4241,1077,-1547,-1,60.740872
63932.739,-4290,1089,-1554,2,60.750753
63942.602,-4338,1101,-1561,2,60.760616
63952.485,-4387,1114,-1567,-2,60.770499
63962.354,-4435,1126,-1573,0,60.780368
63972.242,-4482,1138,-1580,0,60.790256
63982.107,-4530,1150,-1586,-2,60.800121000000004
63991.989,-4577,1162,-1592,0,60.810003
64001.852,-4624,1174,-1598,0,60.819866000000005
64011.748,-4671,1186,-1603,0,60.829762
64021.603,-4717,1197,-1609,-3,60.839617000000004
64031.481,-4763,1209,-1614,-1,60.849495000000005
64041.356,-4809,1221,-1620,0,60.859370000000006
64051.238,-4855,1232,-1625,1,60.869252
64061.106,-4900,1244,-1630,-1,60.87912
64070.985,-4945,1255,-1635,0,60.888999000000005
64080.853,-4990,1267,-1639,-1,60.898867
64090.736,-5034,1278,-1644,-3,60.90875
64100.606,-5078,1290,-1648,0,60.918620000000004
64110.477,-5122,1301,-1652,0,60.928491
64120.365,-5165,1312,-1656,1,60.938379
64130.241,-5208,1323,-1660,-3,60.948255
64140.102,-5251,1334,-1664,-1,60.958116000000004
64149.98,-5294,1345,-1667,-2,60.967994000000004
64159.856,-5336,1356,-1670,0,60.97787
64169.737,-5378,1367,-1673,-1,60.987751
64179.605,-5419,1378,-1676,1,60.99761900000001
64189.481,-5461,1388,-1679,-1,61.007495000000006
64199.362,-5502,1399,-1682,0,61.017376000000006
64209.234,-5542,1410,-1685,0,61.027248
64219.11,-5623,1431,-1690,0,61.037124000000006
64228.977,-5623,1431,-1690,-1,61.046991
64238.849,-5663,1441,-1692,3,61.05686300000001
64248.74,-5702,1452,-1694,0,61.066754
64258.602,-5742,1462,-1697,0,61.076616
64268.473,-5781,1472,-1699,1,61.086487
64278.355,-5819,1482,-1700,-2,61.096369
64288.236,-5858,1492,-1702,1,61.10625
64298.104,-5896,1502,-1704,2,61.116118
64307.98,-5934,1512,-1706,-1,61.125994000000006
64317.86,-5971,1522,-1707,0,61.135874
64327.739,-6008,1531,-1709,-2,61.145753000000006
64337.604,-6045,1541,-1710,3,61.155618000000004
64347.482,-6082,1550,-1711,0,61.165496000000005
64357.354,-6119,1560,-1712,0,61.175368
64367.239,-6155,1570,-1713,2,61.185253
64377.1,-6191,1579,-1713,2,61.195114000000004
64386.98,-6226,1588,-1714,-1,61.204994000000006
64396.853,-6261,1598,-1714,3,61.214867000000005
64406.738,-6296,1607,-1715,0,61.224752
64416.605,-6331,1616,-1715,1,61.23461900000001
64426.481,-6366,1625,-1715,-4,61.244495
64436.352,-6400,1634,-1715,-2,61.254366000000005
64446.236,-6433,1643,-1716,0,61.26425
64456.106,-6467,1652,-1716,-1,61.27412
64465.977,-6501,1661,-1716,-1,61.283991
64475.863,-6534,1670,-1716,-1,61.293877
64485.741,-6566,1678,-1716,1,61.303755
64495.602,-6599,1687,-1716,1,61.313616
64505.48,-6632,1695,-1716,0,61.323494000000004
64515.355,-6664,1704,-1715,2,61.333369000000005
64525.237,-6696,1712,-1715,-1,61.343251
64535.1,-6727,1720,-1715,4,61.353114
64544.98,-6759,1728,-1714,0,61.36299400000001
64554.851,-6790,1736,-1714,1,61.372865000000004
64564.74,-6821,1744,-1713,0,61.382754
64574.605,-6851,1752,-1713,0,61.392619
64584.476,-6882,1760,-1712,-1,61.40249000000001
64594.355,-6912,1768,-1711,2,61.412369000000005
64604.24,-6971,1784,-1709,0,61.422254
64614.099,-6971,1784,-1709,-3,61.43211300000001
64623.977,-7000,1792,-1708,2,61.441991
64633.853,-7029,1799,-1706,2,61.45186700000001
64643.735,-7053,1805,-1697,3,61.461749000000005
64653.603,-7080,1811,-1695,0,61.47161700000001
64663.483,-7103,1817,-1685,0,61.481497000000005
64673.359,-7128,1823,-1682,0,61.491373
64683.238,-7152,1829,-1679,-1,61.501252
64693.113,-7176,1835,-1676,0,61.511127
64702.975,-7199,1841,-1672,0,61.520989
64712.862,-7221,1846,-1668,2,61.530876000000006
64722.738,-7242,1850,-1663,2,61.540752
64732.6,-7262,1855,-1658,2,61.550614
64742.472,-7281,1859,-1653,1,61.560486000000004
64752.353,-7299,1863,-1647,0,61.570367000000005
64762.235,-7317,1866,-1640,3,61.580249
64772.102,-7333,1869,-1634,-2,61.590116
64781.978,-7349,1872,-1627,-2,61.59999200000001
64791.849,-7364,1875,-1621,1,61.609863000000004
64801.743,-7379,1878,-1614,2,61.61975700000001
64811.602,-7386,1879,-1598,-1,61.629616
64821.474,-7400,1881,-1591,0,61.63948800000001
64831.357,-7407,1882,-1576,1,61.64937100000001
64841.238,-7420,1885,-1570,-3,61.659252
64851.099,-7427,1885,-1555,0,61.669113
64860.977,-7440,1888,-1550,3,61.678991
64870.853,-7453,1891,-1546,2,61.68886700000001
64880.739,-7466,1893,-1541,-1,61.698753
64890.602,-7479,1896,-1537,0,61.708616
64900.477,-7492,1899,-1533,-1,61.718491
64910.354,-7505,1901,-1529,0,61.728368
64920.237,-7517,1904,-1525,3,61.738251000000005
64930.102,-7523,1905,-1513,0,61.748116
64939.981,-7536,1908,-1510,2,61.757995
64949.852,-7549,1911,-1507,0,61.767866000000005
64959.737,-7563,1914,-1505,0,61.777751
64969.598,-7576,1917,-1502,2,61.787612
64979.486,-7589,1920,-1500,1,61.7975
64989.352,-7602,1923,-1498,4,61.807366
64999.234,-7615,1926,-1496,-5,61.817248
65009.101,-7629,1929,-1494,-2,61.827115000000006
65018.976,-7642,1932,-1493,1,61.83699000000001
65028.848,-7655,1935,-1491,0,61.846862
65038.736,-7668,1938,-1489,0,61.85675
65048.602,-7681,1942,-1488,1,61.866616
65058.473,-7694,1944,-1486,0,61.876487000000004
65068.351,-7707,1948,-1485,-1,61.886365000000005
65078.245,-7720,1951,-1483,1,61.89625900000001
65088.098,-7733,1954,-1482,5,61.906112
65097.97,-7747,1958,-1482,-3,61.915984
65107.851,-7760,1961,-1481,0,61.925865
65117.733,-7773,1965,-1480,1,61.935747000000006
65127.601,-7787,1968,-1479,2,61.945615000000004
65137.476,-7800,1972,-1477,-3,61.955490000000005
65147.348,-7813,1975,-1477,0,61.965362
65157.236,-7827,1979,-1477,-1,61.97525
65167.101,-7842,1982,-1477,-1,61.98511500000001
65176.973,-7856,1986,-1477,0,61.994987
65186.85,-7871,1990,-1477,-1,62.004864000000005
65196.736,-7886,1994,-1477,-1,62.01475
65206.597,-7900,1998,-1477,2,62.02461100000001
65216.476,-7915,2002,-1478,0,62.034490000000005
65226.35,-7931,2006,-1479,0,62.044364
65236.232,-7946,2010,-1479,-1,62.054246000000006
65246.102,-7962,2015,-1480,0,62.064116
65255.981,-7976,2019,-1480,-2,62.073995000000004
65265.848,-7992,2023,-1481,-3,62.083862
65275.742,-8007,2027,-1482,2,62.093756
65285.601,-8023,2032,-1482,1,62.103615000000005
65295.472,-8039,2036,-1483,0,62.113486
65305.35,-8055,2040,-1484,1,62.123364
65315.235,-8071,2045,-1485,0,62.133249000000006
65325.097,-8087,2050,-1486,0,62.143111000000005
65334.975,-8103,2055,-1488,0,62.152989
65344.85,-8120,2059,-1489,1,62.162864
65354.732,-8136,2064,-1490,-2,62.172746000000004
65364.599,-8153,2068,-1491,1,62.182613
65374.478,-8169,2073,-1492,0,62.19249200000001
65384.347,-8186,2078,-1494,0,62.202361
65394.235,-8202,2083,-1495,3,62.212249
65404.1,-8219,2087,-1496,-2,62.222114000000005
65413.971,-8236,2092,-1498,-1,62.231985
65423.849,-8253,2097,-1499,0,62.241863
65433.737,-8269,2102,-1500,0,62.251751000000006
65443.597,-8286,2106,-1502,-2,62.261611
65453.475,-8303,2111,-1503,0,62.271489
65463.35,-8319,2116,-1504,1,62.281364
65473.232,-8336,2121,-1505,3,62.29124600000001
65483.099,-8353,2126,-1506,1,62.30111300000001
65492.974,-8370,2130,-1507,0,62.310988
65502.846,-8386,2135,-1508,1,62.32086
65512.734,-8403,2139,-1509,-3,62.330748
65522.599,-8419,2144,-1510,0,62.340613000000005
65532.471,-8436,2149,-1511,1,62.350485
65542.349,-8452,2153,-1512,0,62.36036300000001
65552.234,-8468,2158,-1513,0,62.370248
65562.096,-8484,2162,-1514,0,62.38011000000001
65571.968,-8501,2167,-1515,0,62.389981999999996
65581.849,-8517,2171,-1515,0,62.399863
65591.731,-8533,2175,-1516,2,62.409745
65601.599,-8549,2180,-1517,2,62.419613000000005
65611.482,-8565,2184,-1517,-1,62.42949600000001
65621.346,-8580,2189,-1518,1,62.43936000000001
65631.234,-8596,2193,-1518,-1,62.449248
65641.099,-8611,2197,-1519,0,62.459113
65650.971,-8627,2202,-1519,1,62.46898500000001
65660.848,-8643,2206,-1519,-2,62.478862
65670.735,-8658,2210,-1520,0,62.488749000000006
65680.6,-8673,2215,-1520,1,62.49861400000001
65690.473,-8688,2219,-1520,0,62.508487
65700.349,-8703,2223,-1520,0,62.51836300000001
65710.234,-8718,2227,-1521,0,62.528248
65720.1,-8733,2231,-1521,0,62.53811400000001
65729.982,-8748,2235,-1521,0,62.547996000000005
65739.849,-8763,2240,-1521,0,62.557863000000005
65749.732,-8777,2243,-1521,0,62.56774600000001
65759.602,-8792,2247,-1521,0,62.577616
65769.476,-8806,2251,-1521,2,62.587489999999995
65779.351,-8820,2255,-1521,1,62.597364999999996
65789.236,-8835,2259,-1521,2,62.60725000000001
65799.099,-8849,2264,-1521,0,62.617113
65808.977,-8864,2268,-1521,-5,62.626991000000004
65818.852,-8878,2272,-1521,-3,62.636866000000005
65828.737,-8892,2276,-1521,2,62.646750999999995
65838.611,-8906,2279,-1521,4,62.656625000000005
65848.477,-8920,2283,-1521,2,62.666491
65858.348,-8934,2287,-1521,0,62.676362
65868.231,-8948,2291,-1521,0,62.686245
65878.102,-8962,2295,-1521,0,62.696116
65887.973,-8976,2299,-1521,-1,62.705987
65897.852,-8990,2303,-1521,0,62.715866
65907.737,-9004,2307,-1521,-1,62.725750999999995
65917.598,-9017,2310,-1521,-1,62.735612
65927.476,-9030,2314,-1520,2,62.74549
65937.348,-9036,2315,-1511,4,62.755362
65947.23,-9047,2318,-1510,-2,62.765243999999996
65957.099,-9058,2321,-1509,0,62.775113000000005
65966.973,-9068,2323,-1508,1,62.784987
65976.845,-9077,2325,-1506,2,62.794859
65986.734,-9078,2325,-1495,0,62.804748
65996.598,-9085,2326,-1493,1,62.814612000000004
66006.469,-9085,2326,-1493,1,62.824483
66016.357,-9085,2325,-1482,0,62.834371000000004
66026.232,-9091,2326,-1480,1,62.844246000000005
66036.094,-9097,2327,-1477,-1,62.854108000000004
66045.972,-9102,2327,-1475,1,62.863986
66055.847,-9105,2327,-1471,-1,62.873861
66065.729,-9107,2327,-1468,0,62.88374300000001
66075.598,-9101,2324,-1454,0,62.893612000000005
66085.479,-9093,2321,-1441,0,62.90349300000001
66095.353,-9094,2320,-1438,0,62.91336700000001
66105.233,-9094,2319,-1434,-1,62.923246999999996
66115.098,-9093,2317,-1430,0,62.933112
66124.969,-9091,2315,-1426,1,62.942983
66134.847,-9088,2313,-1421,-1,62.952861
66144.738,-9076,2309,-1407,1,62.962752
66154.595,-9073,2306,-1403,0,62.972609000000006
66164.472,-9061,2302,-1390,0,62.982485999999994
66174.358,-9060,2300,-1388,0,62.992371999999996
66184.23,-9058,2299,-1385,-2,63.002244
66194.097,-9056,2297,-1382,-2,63.012111
66203.973,-9054,2296,-1379,0,63.021987
66213.846,-9052,2294,-1377,1,63.03186000000001
66223.732,-9050,2293,-1374,-4,63.041746
66233.598,-9048,2291,-1372,2,63.051612
66243.469,-9046,2290,-1369,-2,63.061483
66253.347,-9043,2288,-1366,1,63.071360999999996
66263.233,-9041,2286,-1364,0,63.081247
66273.094,-9038,2285,-1361,0,63.091108
66282.973,-9036,2283,-1359,-1,63.100987
66292.847,-9034,2282,-1358,1,63.110861
66302.739,-9032,2281,-1356,-1,63.12075300000001
66312.597,-9031,2280,-1354,-2,63.130610999999995
66322.473,-9030,2279,-1353,0,63.140487
66332.353,-9029,2279,-1352,-1,63.150367
66342.233,-9029,2278,-1350,-1,63.160247
66352.097,-9029,2277,-1350,1,63.170111
66361.969,-9030,2277,-1349,0,63.179983
66371.847,-9030,2277,-1349,1,63.189861
66381.733,-9031,2277,-1349,3,63.199746999999995
66391.594,-9033,2278,-1349,0,63.209608
66401.472,-9036,2278,-1349,-1,63.219485999999996
66411.348,-9039,2279,-1350,-1,63.229362
66421.239,-9042,2280,-1351,3,63.239253000000005
66431.101,-9046,2281,-1351,1,63.249114999999996
66440.972,-9049,2282,-1352,1,63.258986
66450.844,-9053,2283,-1354,-4,63.268858
66460.732,-9058,2285,-1355,2,63.278746000000005
66470.597,-9063,2286,-1356,-3,63.288610999999996
66480.469,-9068,2288,-1358,0,63.298483
66490.347,-9074,2290,-1359,0,63.308361
66500.233,-9080,2292,-1361,-1,63.31824699999999
66510.094,-9087,2294,-1363,-1,63.328108
66519.982,-9093,2296,-1365,0,63.337996000000004
66529.849,-9100,2298,-1367,0,63.347863000000004
66539.729,-9107,2300,-1368,0,63.357743000000006
66549.597,-9115,2302,-1370,-1,63.367611
66559.473,-9122,2305,-1372,0,63.377487
66569.344,-9130,2307,-1375,-2,63.387358
66579.233,-9138,2310,-1377,1,63.39724699999999
66589.097,-9146,2312,-1379,0,63.407111
66598.969,-9154,2315,-1381,0,63.416983
66608.847,-9163,2317,-1383,0,63.426860999999995
66618.732,-9171,2320,-1385,0,63.43674600000001
66628.594,-9180,2323,-1387,0,63.446608
66638.472,-9188,2326,-1389,0,63.456486
66648.351,-9197,2328,-1390,3,63.466364999999996
66658.229,-9206,2331,-1392,2,63.47624300000001
66668.097,-9215,2334,-1394,2,63.486110999999994
66677.972,-9224,2336,-1396,1,63.495985999999995
66687.844,-9233,2339,-1398,0,63.505858
66697.733,-9242,2342,-1400,1,63.515747
66707.598,-9251,2345,-1402,2,63.525612
66717.47,-9261,2347,-1404,2,63.535484000000004
66727.347,-9270,2350,-1405,-2,63.545361
66737.243,-9279,2353,-1407,0,63.555257000000005
66747.094,-9289,2356,-1409,0,63.565108
66756.973,-9298,2359,-1410,3,63.574987
66766.847,-9308,2362,-1412,0,63.584861
66776.729,-9317,2364,-1413,3,63.59474300000001
66786.601,-9326,2367,-1415,1,63.604614999999995
66796.473,-9335,2370,-1416,1,63.614487000000004
66806.344,-9345,2372,-1417,0,63.624358
66816.228,-9354,2375,-1418,0,63.63424200000001
66826.097,-9364,2378,-1420,1,63.644110999999995
66835.972,-9373,2381,-1421,0,63.653985999999996
66845.851,-9382,2384,-1422,0,63.663865
66855.733,-9391,2386,-1423,2,63.673747
66865.594,-9400,2389,-1424,-1,63.683608
66875.481,-9409,2391,-1425,1,63.693495000000006
66885.347,-9418,2394,-1426,-2,63.703360999999994
66895.229,-9428,2397,-1427,-1,63.71324300000001
66905.097,-9437,2399,-1428,0,63.723110999999996
66914.973,-9446,2402,-1429,2,63.732987
66924.844,-9455,2405,-1430,-1,63.742858
66934.732,-9464,2407,-1431,1,63.75274600000001
66944.597,-9473,2410,-1431,0,63.762611
66954.469,-9481,2412,-1432,0,63.772483
66964.347,-9490,2415,-1433,-2,63.782360999999995
66974.233,-9499,2417,-1434,1,63.792246999999996
66984.094,-9508,2420,-1434,0,63.802108
66993.973,-9517,2423,-1434,-2,63.811987
67003.848,-9525,2425,-1435,0,63.821862
67013.73,-9534,2427,-1435,0,63.831744
67023.598,-9543,2430,-1436,0,63.841612
67033.473,-9551,2432,-1436,0,63.851487
67043.348,-9560,2434,-1437,0,63.861362
67053.235,-9569,2437,-1437,2,63.871249000000006
67063.099,-9577,2439,-1438,2,63.881113000000006
67072.973,-9585,2442,-1438,0,63.890987
67082.85,-9594,2444,-1439,2,63.900864000000006
67092.737,-9602,2447,-1439,3,63.910751
67102.597,-9610,2449,-1439,-2,63.920610999999994
67112.476,-9618,2451,-1440,1,63.93049
67122.349,-9626,2454,-1440,0,63.940363000000005
67132.233,-9634,2456,-1440,0,63.950247
67142.105,-9642,2458,-1440,-5,63.960119
67151.981,-9650,2460,-1440,2,63.969995000000004
67161.847,-9658,2463,-1440,1,63.979861
67171.73,-9666,2465,-1441,1,63.989744
67181.602,-9673,2467,-1441,1,63.999616
67191.475,-9681,2470,-1441,3,64.009489
67201.353,-9689,2472,-1441,1,64.019367
67211.236,-9696,2474,-1441,2,64.02925
67221.099,-9704,2476,-1441,-2,64.039113
67230.981,-9711,2478,-1440,-3,64.048995
67240.851,-9719,2480,-1440,-1,64.058865
67250.733,-9726,2481,-1440,-3,64.068747
67260.605,-9725,2481,-1431,-1,64.078619
67270.477,-9731,2483,-1431,-1,64.088491
67280.348,-9729,2481,-1422,0,64.098362
67290.233,-9733,2482,-1422,1,64.10824699999999
67300.098,-9729,2480,-1412,-1,64.118112
67309.982,-9732,2480,-1411,0,64.12799600000001
67319.854,-9735,2480,-1410,-1,64.13786800000001
67329.746,-9737,2480,-1409,2,64.14776
67339.595,-9737,2480,-1408,2,64.15760900000001
67349.48,-9737,2479,-1405,-2,64.167494
67359.357,-9737,2477,-1403,-1,64.17737100000001
67369.241,-9736,2476,-1401,-2,64.187255
67379.098,-9733,2474,-1398,4,64.197112
67388.983,-9720,2469,-1386,1,64.206997
67398.854,-9720,2469,-1386,1,64.216868
67408.743,-9717,2467,-1383,2,64.226757
67418.605,-9702,2462,-1370,1,64.236619
67428.479,-9696,2459,-1367,-6,64.24649300000002
67438.346,-9679,2452,-1354,0,64.25636
67448.238,-9672,2449,-1350,2,64.266252
67458.1,-9653,2442,-1337,-1,64.276114
67467.977,-9645,2438,-1334,-1,64.285991
67477.854,-9637,2434,-1331,1,64.29586800000001
67487.731,-9628,2430,-1328,-2,64.305745
67497.598,-9619,2426,-1325,-3,64.315612
67507.473,-9610,2422,-1322,0,64.325487
67517.345,-9601,2419,-1320,3,64.33535900000001
67527.233,-9592,2415,-1316,0,64.345247
67537.099,-9583,2411,-1313,0,64.355113
67546.97,-9574,2407,-1311,-3,64.364984
67556.857,-9565,2404,-1308,1,64.37487100000001
67566.738,-9546,2397,-1297,-1,64.384752
67576.595,-9538,2394,-1295,2,64.394609
67586.473,-9520,2388,-1284,3,64.404487
67596.349,-9513,2386,-1284,-2,64.41436300000001
67606.23,-9507,2384,-1283,3,64.424244
67616.109,-9500,2381,-1283,-2,64.434123
67625.973,-9495,2379,-1283,3,64.443987
67635.845,-9490,2377,-1283,-4,64.45385900000001
67645.733,-9485,2375,-1283,-1,64.463747
67655.599,-9480,2373,-1283,0,64.473613
67665.47,-9475,2372,-1283,2,64.483484
67675.349,-9470,2370,-1284,1,64.493363
67685.234,-9467,2369,-1285,0,64.503248
67695.103,-9464,2368,-1285,1,64.51311700000001
67704.974,-9460,2367,-1286,0,64.522988
67714.849,-9458,2366,-1287,0,64.532863
67724.734,-9456,2365,-1288,-1,64.542748
67734.608,-9454,2365,-1289,0,64.552622
67744.473,-9452,2364,-1290,0,64.562487
67754.346,-9452,2364,-1292,0,64.57236
67764.234,-9451,2363,-1293,6,64.58224799999999
67774.099,-9450,2363,-1294,0,64.59211300000001
67783.969,-9450,2363,-1296,0,64.601983
67793.849,-9451,2363,-1298,1,64.611863
67803.735,-9452,2364,-1299,-2,64.62174900000001
67813.6,-9453,2364,-1301,1,64.63161400000001
67823.477,-9455,2365,-1304,0,64.641491
67833.349,-9458,2366,-1306,-1,64.651363
67843.231,-9461,2367,-1308,0,64.66124500000001
67853.099,-9464,2368,-1311,-1,64.671113
67862.975,-9467,2370,-1313,0,64.68098900000001
67872.846,-9471,2371,-1315,0,64.69086000000001
67882.734,-9475,2372,-1318,1,64.700748
67892.614,-9479,2374,-1321,0,64.710628
67902.471,-9484,2376,-1323,1,64.72048500000001
67912.352,-9489,2377,-1326,-1,64.730366
67922.234,-9493,2379,-1328,-2,64.740248
67932.11,-9499,2381,-1331,1,64.750124
67941.976,-9504,2383,-1333,5,64.75999
67951.86,-9510,2385,-1336,0,64.769874
67961.732,-9515,2387,-1338,0,64.779746
67971.601,-9521,2389,-1341,-4,64.789615
67981.488,-9527,2391,-1343,0,64.799502
67991.358,-9533,2393,-1345,1,64.809372
68001.243,-9539,2395,-1348,1,64.81925700000001
68011.112,-9546,2397,-1350,0,64.829126
68020.979,-9552,2399,-1352,-1,64.83899300000002
68030.858,-9559,2401,-1355,-2,64.848872
68040.744,-9565,2403,-1357,0,64.85875800000001
68050.605,-9572,2405,-1359,0,64.868619
68060.485,-9578,2407,-1361,2,64.878499
68070.361,-9585,2409,-1363,2,64.88837500000001
68080.246,-9592,2411,-1365,0,64.89826000000001
68090.114,-9599,2413,-1367,0,64.908128
68099.989,-9606,2415,-1369,1,64.918003
68109.85,-9613,2417,-1371,2,64.92786400000001
68119.753,-9620,2419,-1373,-3,64.937767
68129.614,-9626,2422,-1374,1,64.94762800000001
68139.483,-9633,2424,-1376,2,64.95749699999999
68149.362,-9640,2426,-1378,-1,64.967376
68159.248,-9647,2428,-1379,0,64.97726200000001
68169.104,-9654,2430,-1381,0,64.98711800000001
68178.981,-9661,2432,-1382,3,64.996995
68188.858,-9668,2434,-1384,0,65.006872
68198.737,-9675,2437,-1385,-1,65.016751
68208.603,-9682,2439,-1386,2,65.026617
68218.478,-9689,2441,-1388,0,65.03649200000001
68228.348,-9696,2443,-1389,1,65.046362
68238.238,-9703,2445,-1391,1,65.056252
68248.102,-9710,2448,-1392,0,65.06611600000001
68257.973,-9716,2450,-1393,3,65.075987
68267.851,-9723,2452,-1394,-2,65.085865
68277.744,-9730,2454,-1395,0,65.095758
68287.597,-9737,2456,-1396,0,65.105611
68297.48,-9744,2458,-1397,0,65.115494
68307.351,-9751,2461,-1398,-1,65.125365
68317.233,-9758,2463,-1399,-1,65.13524699999999
68327.101,-9764,2465,-1400,-2,65.145115
68336.976,-9771,2467,-1401,-3,65.15499
68346.848,-9778,2469,-1401,-2,65.164862
68356.736,-9784,2470,-1402,1,65.17475
68366.601,-9791,2472,-1403,0,65.184615
68376.473,-9797,2474,-1404,0,65.194487
68386.353,-9804,2476,-1404,0,65.204367
68396.234,-9810,2478,-1405,-1,65.214248
68406.101,-9817,2480,-1406,1,65.224115
68415.978,-9824,2482,-1406,-1,65.233992
68425.854,-9830,2483,-1407,1,65.243868
68435.736,-9837,2485,-1407,2,65.25375000000001
68445.603,-9843,2487,-1408,2,65.26361700000001
68455.479,-9849,2489,-1408,0,65.27349300000002
68465.351,-9855,2491,-1409,0,65.283365
68475.241,-9861,2493,-1409,2,65.293255
68485.104,-9867,2494,-1410,1,65.30311800000001
68494.976,-9874,2496,-1410,0,65.31299
68504.863,-9880,2498,-1410,0,65.322877
68514.735,0,0,0,1,65.332749
68524.599,-52,49,-46,0,65.342613
68534.48,-134,87,-103,1,65.352494
68544.354,-220,116,-159,2,65.362368
68554.236,-305,141,-214,-1,65.37225000000001
68564.105,-390,164,-268,-1,65.382119
68573.979,-473,186,-322,2,65.39199300000001
68583.851,-564,209,-378,0,65.401865
68593.74,-646,229,-429,1,65.411754
68603.603,-728,248,-478,0,65.42161700000001
68613.474,-815,270,-530,0,65.431488
68623.353,-895,289,-576,1,65.441367
68633.239,-981,309,-624,-2,65.45125300000001
68643.099,-1059,327,-667,2,65.46111300000001
68652.98,-1143,347,-712,0,65.470994
68662.852,-1220,365,-752,-1,65.480866
68672.734,-1220,365,-752,2,65.490748
68682.601,-1302,385,-793,-1,65.500615
68692.477,-1377,402,-830,-3,65.510491
68702.349,-1457,421,-867,1,65.520363
68712.238,-1531,438,-901,-2,65.530252
68722.103,-1609,456,-934,0,65.540117
68731.975,-1681,472,-965,2,65.549989
68741.853,-1752,488,-995,-2,65.559867
68751.738,-1828,506,-1022,0,65.569752
68761.6,-1898,522,-1049,0,65.579614
68771.478,-1971,539,-1074,-2,65.58949199999999
68781.353,-2039,554,-1097,0,65.599367
68791.235,-2111,571,-1119,-2,65.60924899999999
68801.106,-2177,587,-1141,-1,65.61912
68810.979,-2247,603,-1160,0,65.62899300000001
68820.856,-2312,618,-1179,-2,65.63887
68830.738,-2380,634,-1196,0,65.64875199999999
68840.603,-2448,650,-1212,1,65.65861699999999
68850.488,-2511,665,-1230,0,65.66850199999999
68860.353,-2573,679,-1247,-2,65.678367
68870.239,-2635,693,-1263,0,65.688253
68880.101,-2696,708,-1278,1,65.69811499999999
68889.979,-2756,722,-1293,0,65.707993
68899.854,-2816,736,-1307,1,65.717868
68909.736,-2875,750,-1321,3,65.72775
68919.604,-2934,763,-1334,0,65.737618
68929.479,-2993,777,-1346,1,65.747493
68939.357,-3051,791,-1359,3,65.757371
68949.238,-3108,805,-1370,1,65.767252
68959.104,-3165,818,-1382,2,65.777118
68968.976,-3222,832,-1393,4,65.78698999999999
68978.864,-3278,845,-1403,2,65.79687799999999
68988.74,-3333,859,-1413,-1,65.806754
68998.601,-3388,872,-1422,2,65.81661499999998
69008.479,-3442,885,-1432,0,65.826493
69018.355,-3496,898,-1441,0,65.83636899999999
69028.237,-3550,911,-1450,1,65.846251
69038.116,-3603,923,-1458,2,65.85613
69047.98,-3656,936,-1467,-2,65.86599399999999
69057.852,-3708,949,-1474,-3,65.87586599999999
69067.74,-3760,962,-1483,0,65.885754
69077.614,-3812,975,-1491,0,65.895628
69087.477,-3864,987,-1498,-2,65.905491
69097.355,-3914,999,-1505,3,65.915369
69107.241,-3965,1012,-1512,0,65.92525499999999
69117.106,-4015,1024,-1519,4,65.93512
69126.98,-4065,1037,-1525,0,65.944994
69136.855,-4114,1049,-1532,5,65.95486899999999
69146.747,-4164,1061,-1539,-1,65.964761
69156.606,-4213,1073,-1546,0,65.97462
69166.488,-4261,1086,-1552,1,65.98450199999999
69176.354,-4310,1098,-1559,-1,65.99436800000001
69186.241,-4359,1110,-1565,4,66.00425499999999
69196.106,-4407,1122,-1572,2,66.01411999999999
69205.978,-4455,1134,-1578,1,66.02399199999999
69215.856,-4502,1147,-1584,3,66.03387
69225.741,-4550,1159,-1590,-1,66.04375499999999
69235.612,-4597,1171,-1595,1,66.053626
69245.476,-4644,1183,-1601,1,66.06348999999999
69255.356,-4690,1195,-1607,2,66.07337
69265.247,-4737,1207,-1612,0,66.083261
69275.114,-4783,1218,-1617,1,66.093128
69284.982,-4828,1230,-1622,0,66.102996
69294.853,-4873,1241,-1627,-1,66.112867
69304.742,-4918,1253,-1632,-1,66.122756
69314.607,-4963,1264,-1636,-1,66.132621
69324.479,-5008,1275,-1641,-3,66.142493
69334.357,-5052,1287,-1645,1,66.152371
69344.242,-5096,1298,-1649,1,66.162256
69354.104,-5139,1309,-1653,0,66.172118
69363.982,-5182,1320,-1657,0,66.181996
69373.858,-5225,1331,-1660,-4,66.19187199999999
69383.739,-5268,1342,-1664,2,66.201753
69393.602,-5310,1353,-1668,-3,66.21161599999999
69403.483,-5352,1364,-1671,-1,66.22149699999999
69413.354,-5394,1375,-1674,0,66.231368
69423.243,-5435,1386,-1677,1,66.241257
69433.108,-5476,1396,-1681,3,66.251122
69442.984,-5517,1407,-1684,0,66.26099799999999
69452.852,-5558,1418,-1686,-1,66.270866
69462.743,-5598,1428,-1689,1,66.280757
69472.605,-5638,1438,-1691,1,66.29061899999999
69482.482,-5678,1449,-1693,-1,66.300496
69492.36,-5717,1459,-1695,0,66.310374
69502.24,-5756,1469,-1698,-1,66.320254
69512.108,-5795,1479,-1699,2,66.33012199999999
69521.984,-5834,1489,-1701,0,66.339998
69531.859,-5872,1499,-1703,1,66.34987299999999
69541.743,-5910,1509,-1704,0,66.359757
69551.609,-5948,1519,-1705,0,66.36962299999999
69561.485,-5986,1529,-1707,0,66.379499
69571.353,-6023,1539,-1708,0,66.389367
69581.244,-6059,1548,-1709,1,66.399258
69591.107,-6096,1558,-1710,2,66.409121
69600.983,-6132,1567,-1711,0,66.41899699999999
69610.859,-6168,1577,-1712,1,66.428873
69620.75,-6204,1586,-1713,3,66.43876399999999
69630.609,-6240,1595,-1714,1,66.448623
69640.492,-6275,1605,-1715,-2,66.458506
69650.356,-6310,1614,-1715,5,66.46837
69660.244,-6345,1623,-1716,0,66.478258
69670.111,-6379,1632,-1716,0,66.488125
69679.991,-6413,1641,-1716,2,66.49800499999999
69689.864,-6447,1650,-1717,0,66.50787799999999
69699.752,-6480,1659,-1717,1,66.517766
69709.614,-6513,1667,-1717,-1,66.52762799999999
69719.495,-6546,1676,-1717,-3,66.53750899999999
69729.369,-6579,1684,-1717,3,66.547383
69739.247,-6612,1693,-1716,0,66.557261
69749.109,-6644,1702,-1716,0,66.567123
69758.997,-6676,1710,-1716,0,66.577011
69768.86,-6708,1719,-1715,1,66.586874
69778.742,-6740,1727,-1715,-1,66.596756
69788.614,-6771,1735,-1715,2,66.606628
69798.485,-6802,1743,-1714,0,66.61649899999999
69808.363,-6833,1751,-1713,2,66.62637699999999
69818.249,-6863,1759,-1713,0,66.63626299999999
69828.11,-6894,1767,-1713,2,66.646124
69837.983,-6924,1775,-1712,3,66.65599699999999
69847.864,-6953,1783,-1711,1,66.66587799999999
69857.746,-6983,1791,-1711,3,66.67576
69867.614,-7012,1799,-1710,2,66.685628
69877.488,-7042,1807,-1709,1,66.69550199999999
69887.36,-7070,1814,-1708,0,66.70537399999999
69897.244,-7099,1822,-1707,-1,66.715258
69907.115,-7128,1830,-1706,0,66.725129
69916.986,-7156,1837,-1705,1,66.735
69926.864,-7183,1844,-1704,-2,66.744878
69936.75,-7210,1851,-1702,0,66.754764
69946.609,-7236,1858,-1700,-3,66.76462299999999
69956.481,-7262,1865,-1698,2,66.774495
69966.362,-7287,1871,-1696,1,66.784376
69976.244,-7312,1877,-1693,0,66.794258
69986.107,-7336,1883,-1690,0,66.804121
69995.988,-7359,1889,-1687,0,66.81400199999999
70005.858,-7359,1889,-1687,-1,66.823872
70015.746,-7377,1894,-1675,0,66.83376
70025.612,-7399,1899,-1671,1,66.84362599999999
70035.483,-7420,1904,-1667,-2,66.85349699999999
70045.362,-7440,1908,-1663,-1,66.86337599999999
70055.248,-7459,1912,-1658,0,66.873262
70065.109,-7476,1916,-1653,3,66.883123
70074.987,-7488,1918,-1638,3,66.89300099999998
70084.863,-7499,1920,-1623,4,66.90287699999999
70094.745,-7514,1923,-1617,0,66.912759
70104.613,-7529,1926,-1612,2,66.92262699999999
70114.488,-7538,1927,-1597,0,66.932502
70124.36,-7546,1928,-1583,2,66.942374
70134.249,-7560,1931,-1578,-3,66.95226299999999
70144.114,-7572,1933,-1573,0,66.96212799999999
70153.986,-7585,1936,-1568,0,66.972
70163.863,-7597,1938,-1562,0,66.981877
70173.749,-7609,1940,-1557,2,66.99176299999999
70183.622,-7613,1940,-1542,-1,67.001636
70193.489,-7625,1942,-1537,1,67.01150299999999
70203.364,-7630,1942,-1525,-3,67.021378
70213.246,-7642,1944,-1521,0,67.03125999999999
70223.114,-7655,1947,-1518,0,67.041128
70232.989,-7667,1950,-1515,-1,67.051003
70242.861,-7680,1953,-1512,1,67.060875
70252.749,-7692,1956,-1509,1,67.07076299999999
70262.615,-7704,1958,-1507,0,67.080629
70272.486,-7716,1961,-1503,1,67.0905
70282.359,-7728,1964,-1501,1,67.10037299999999
70292.25,-7740,1966,-1498,2,67.110264
70302.124,-7752,1969,-1496,0,67.120138
70311.99,-7764,1972,-1494,-1,67.130004
70321.879,-7776,1975,-1492,1,67.139893
70331.747,-7787,1977,-1490,1,67.149761
70341.615,-7799,1980,-1487,-1,67.159629
70351.491,-7811,1983,-1485,1,67.16950499999999
70361.368,-7823,1986,-1483,-2,67.179382
70371.251,-7835,1989,-1482,0,67.189265
70381.116,-7847,1991,-1481,0,67.19913
70390.99,-7860,1995,-1480,1,67.20900400000001
70400.868,-7873,1998,-1479,-3,67.218882
70410.752,-7885,2001,-1478,0,67.228766
70420.615,-7898,2004,-1477,-2,67.238629
70430.485,-7912,2008,-1477,4,67.248499
70440.367,-7925,2012,-1477,0,67.258381
70450.248,-7939,2016,-1477,0,67.26826200000001
70460.122,-7954,2020,-1477,1,67.278136
70470.001,-7969,2024,-1478,-1,67.288015
70479.864,-7983,2028,-1478,0,67.297878
70489.761,-7998,2032,-1479,0,67.30777499999999
70499.617,-8013,2036,-1480,1,67.31763099999999
70509.489,-8029,2041,-1481,-1,67.327503
70519.367,-8045,2045,-1482,0,67.337381
70529.255,-8060,2050,-1483,0,67.347269
70539.114,-8076,2054,-1485,1,67.357128
70549.0,-8092,2059,-1486,0,67.367014
70558.868,-8109,2063,-1487,2,67.376882
70568.75,-8125,2068,-1488,0,67.386764
70578.618,-8141,2073,-1490,0,67.396632
70588.503,-8158,2078,-1491,2,67.406517
70598.365,-8174,2082,-1493,2,67.416379
70608.253,-8191,2087,-1494,-1,67.426267
70618.118,-8208,2092,-1495,0,67.436132
70627.99,-8225,2097,-1497,0,67.446004
70637.868,-8241,2101,-1498,-2,67.455882
70647.754,-8258,2106,-1499,2,67.465768
70657.615,-8274,2111,-1501,0,67.475629
70667.504,-8291,2116,-1502,0,67.485518
70677.369,-8308,2120,-1503,0,67.495383
70687.251,-8324,2125,-1505,1,67.505265
70697.119,-8341,2130,-1506,0,67.515133
70706.994,-8358,2135,-1507,0,67.525008
70716.866,-8374,2139,-1508,-1,67.53487999999999
70726.754,-8391,2144,-1509,0,67.54476799999999
70736.62,-8407,2149,-1510,0,67.554634
70746.491,-8424,2153,-1511,-1,67.564505
70756.369,-8440,2158,-1512,0,67.574383
70766.255,-8456,2163,-1513,-1,67.584269
70776.117,-8472,2167,-1514,2,67.59413099999999
70785.995,-8489,2172,-1515,0,67.60400899999999
70795.878,-8505,2176,-1515,2,67.61389199999999
70805.752,-8521,2181,-1516,0,67.62376599999999
70815.62,-8537,2185,-1517,1,67.63363399999999
70825.495,-8553,2190,-1517,0,67.643509
70835.368,-8568,2194,-1518,3,67.653382
70845.255,-8584,2199,-1518,0,67.663269
70855.139,-8600,2203,-1519,1,67.67315299999999
70864.992,-8615,2208,-1519,0,67.68300599999999
70874.871,-8631,2212,-1520,0,67.69288499999999
70884.756,-8646,2216,-1520,1,67.70276999999999
70894.618,-8661,2220,-1520,-1,67.712632
70904.491,-8676,2225,-1521,0,67.72250499999998
70914.371,-8692,2229,-1521,-4,67.732385
70924.253,-8707,2233,-1521,0,67.742267
70934.122,-8721,2237,-1521,-2,67.752136
70943.997,-8736,2242,-1522,2,67.762011
70953.869,-8751,2246,-1522,1,67.771883
70963.76,-8766,2250,-1522,-2,67.78177399999998
70973.622,-8780,2254,-1522,-2,67.791636
70983.494,-8795,2258,-1522,-2,67.801508
70993.366,-8809,2262,-1522,0,67.81137999999999
71003.267,-8824,2266,-1522,0,67.821281
71013.12,-8838,2270,-1522,2,67.83113399999999
71023.003,-8852,2274,-1522,2,67.841017
71032.873,-8866,2277,-1522,0,67.850887
71042.755,-8880,2281,-1522,-1,67.860769
71052.624,-8894,2285,-1522,-3,67.87063799999999
71062.501,-8908,2289,-1522,-2,67.880515
71072.373,-8922,2293,-1522,0,67.890387
71082.265,-8936,2297,-1523,1,67.900279
71092.127,-8950,2301,-1523,0,67.91014099999998
71101.999,-8964,2305,-1523,6,67.920013
71111.871,-8978,2309,-1522,-1,67.929885
71121.762,-8991,2313,-1522,2,67.939776
71131.623,-9004,2316,-1521,0,67.949637
71141.502,-9017,2320,-1521,0,67.959516
71151.382,-9031,2324,-1520,2,67.96939599999999
71161.259,-9044,2327,-1520,3,67.979273
71171.13,-9057,2331,-1519,-1,67.989144
71181.003,-9070,2335,-1519,2,67.999017
71190.883,-9083,2339,-1519,1,68.00889699999999
71200.763,-9096,2342,-1519,0,68.018777
71210.633,-9109,2346,-1519,0,68.02864699999999
71220.5,-9122,2350,-1519,-1,68.03851399999999
71230.378,-9134,2353,-1519,4,68.04839199999999
71240.263,-9147,2357,-1518,-1,68.058277
71250.125,-9159,2360,-1517,4,68.068139
71260.008,-9171,2363,-1517,2,68.078022
71269.879,-9184,2367,-1516,-1,68.087893
71279.77,-9195,2370,-1515,-1,68.097784
71289.63,-9206,2373,-1514,-4,68.107644
71299.501,-9210,2373,-1505,0,68.117515
71309.373,-9219,2375,-1503,2,68.127387
71319.266,-9221,2375,-1493,0,68.13728
71329.132,-9229,2377,-1492,0,68.14714599999999
71338.997,-9229,2377,-1492,0,68.157011
71348.875,-9228,2376,-1481,0,68.166889
71358.766,-9235,2377,-1479,2,68.17678
71368.622,-9240,2378,-1477,2,68.186636
71378.501,-9245,2379,-1474,3,68.196515
71388.377,-9248,2378,-1471,0,68.20639099999998
71398.258,-9243,2376,-1458,4,68.216272
71408.127,-9245,2375,-1456,0,68.22614099999998
71418.002,-9238,2372,-1443,3,68.23601599999999
71427.874,-9240,2371,-1440,-4,68.245888
71437.768,-9240,2370,-1437,-1,68.255782
71447.637,-9239,2368,-1433,1,68.26565099999999
71457.499,-9237,2366,-1429,2,68.27551299999999
71467.383,-9234,2364,-1425,2,68.285397
71477.264,-9232,2362,-1421,1,68.295278
71487.126,-9229,2359,-1417,3,68.30514
71497.003,-9225,2357,-1412,-6,68.315017
71506.878,-9221,2354,-1407,-1,68.32489199999999
71516.764,-9217,2352,-1403,-2,68.33477799999999
71526.632,-9212,2349,-1399,-1,68.344646
71536.508,-9208,2347,-1394,-1,68.354522
71546.376,-9203,2344,-1390,-1,68.36439
71556.264,-9199,2341,-1386,-1,68.37427799999999
71566.13,-9195,2339,-1383,0,68.384144
71576.001,-9191,2337,-1379,-1,68.394015
71585.879,-9187,2335,-1376,4,68.403893
71595.764,-9183,2333,-1373,0,68.413778
71605.626,-9179,2331,-1369,0,68.42364
71615.504,-9176,2330,-1366,3,68.43351799999999
71625.38,-9173,2328,-1364,-3,68.443394
71635.262,-9170,2327,-1363,1,68.453276
71645.133,-9168,2325,-1360,-1,68.46314699999999
71655.006,-9166,2324,-1359,2,68.47301999999999
71664.877,-9165,2323,-1357,2,68.482891
71674.765,-9164,2323,-1356,1,68.492779
71684.631,-9164,2323,-1355,3,68.50264499999999
71694.503,-9163,2322,-1354,3,68.51251699999999
71704.38,-9162,2322,-1353,0,68.522394
71714.275,-9163,2321,-1353,1,68.53228899999999
71724.134,-9164,2322,-1353,-1,68.542148
71734.006,-9165,2322,-1353,-2,68.55201999999998
71743.886,-9167,2323,-1354,-1,68.5619
71753.763,-9169,2323,-1354,0,68.571777
71763.632,-9172,2324,-1355,-4,68.58164599999999
71773.509,-9175,2325,-1355,0,68.591523
71783.379,-9178,2326,-1356,3,68.601393
71793.267,-9182,2327,-1357,-3,68.611281
71803.132,-9186,2328,-1359,-1,68.621146
71813.004,-9191,2329,-1360,0,68.631018
71822.892,-9196,2331,-1362,-1,68.640906
71832.768,-9201,2333,-1363,2,68.65078199999999
71842.629,-9206,2334,-1365,0,68.660643
71852.508,-9213,2336,-1367,-1,68.67052199999999
71862.383,-9219,2338,-1368,0,68.680397
71872.265,-9225,2340,-1370,-3,68.69027899999999
71882.138,-9232,2342,-1372,-3,68.700152
71892.018,-9239,2344,-1374,3,68.710032
71901.884,-9246,2347,-1376,0,68.719898
71911.769,-9253,2349,-1378,-2,68.729783
71921.634,-9261,2351,-1380,0,68.739648
71931.51,-9268,2354,-1381,5,68.749524
71941.384,-9276,2356,-1383,2,68.759398
71951.269,-9284,2359,-1385,0,68.769283
71961.131,-9292,2361,-1386,0,68.77914499999999
71971.02,-9299,2364,-1388,0,68.789034
71980.885,-9308,2366,-1390,2,68.79889899999999
71990.767,-9316,2369,-1392,0,68.808781
72000.635,-9324,2371,-1394,0,68.818649
72010.51,-9332,2374,-1396,2,68.82852399999999
72020.382,-9341,2377,-1397,0,68.83839599999999
72030.271,-9349,2379,-1399,0,68.84828499999999
72040.136,-9358,2382,-1401,0,68.85815
72050.013,-9366,2384,-1402,-2,68.868027
72059.885,-9375,2387,-1404,-1,68.87789899999999
72069.771,-9383,2389,-1406,2,68.887785
72079.633,-9392,2392,-1407,2,68.89764699999999
72089.511,-9401,2395,-1409,-3,68.90752499999999
72099.387,-9409,2397,-1410,0,68.917401
72109.274,-9418,2400,-1412,1,68.927288
72119.136,-9427,2402,-1413,1,68.93714999999999
72129.012,-9435,2405,-1414,3,68.947026
72138.883,-9444,2408,-1415,0,68.956897
72148.772,-9453,2410,-1417,0,68.966786
72158.642,-9461,2413,-1418,-1,68.976656
72168.509,-9470,2416,-1419,-2,68.986523
72178.388,-9478,2418,-1420,0,68.996402
72188.283,-9487,2421,-1421,0,69.00629699999999
72198.134,-9495,2423,-1422,-2,69.016148
72208.012,-9503,2425,-1423,2,69.026026
72217.888,-9512,2428,-1424,-2,69.03590200000001
72227.77,-9520,2430,-1425,-1,69.045784
72237.638,-9529,2433,-1426,0,69.055652
72247.514,-9537,2435,-1427,1,69.06552799999999
72257.385,-9546,2437,-1428,0,69.07539899999999
72267.273,-9554,2440,-1428,3,69.085287
72277.139,-9562,2442,-1429,-3,69.095153
72287.011,-9570,2445,-1430,0,69.105025
72296.889,-9579,2447,-1431,0,69.114903
72306.775,-9587,2450,-1431,2,69.12478899999999
72316.636,-9595,2452,-1431,0,69.13465
72326.514,-9603,2455,-1432,0,69.144528
72336.398,-9611,2457,-1432,2,69.154412
72346.272,-9619,2459,-1432,3,69.16428599999999
72356.139,-9627,2462,-1433,-1,69.17415299999999
72366.015,-9635,2464,-1434,0,69.184029
72375.887,-9642,2466,-1434,1,69.193901
72385.775,-9650,2468,-1435,0,69.20378899999999
72395.644,-9658,2470,-1435,0,69.213658
72405.512,-9666,2473,-1435,-1,69.22352599999999
72415.393,-9674,2475,-1435,2,69.23340699999999
72425.278,-9681,2477,-1436,0,69.243292
72435.141,-9688,2479,-1436,0,69.25315499999999
72445.018,-9696,2481,-1436,-2,69.263032
72454.893,-9703,2483,-1436,1,69.27290699999999
72464.776,-9711,2485,-1436,-2,69.28278999999999
72474.638,-9719,2487,-1437,0,69.292652
72484.519,-9727,2489,-1437,0,69.302533
72494.391,-9734,2491,-1438,5,69.312405
72504.28,-9743,2494,-1438,-2,69.322294
72514.144,-9751,2496,-1438,-2,69.33215799999999
72524.016,-9759,2499,-1439,2,69.34203
72533.889,-9767,2501,-1439,2,69.351903
72543.78,-9775,2504,-1440,4,69.36179399999999
72553.641,-9783,2506,-1440,0,69.371655
72563.52,-9791,2509,-1441,5,69.381534
72573.405,-9799,2511,-1441,1,69.391419
72583.277,-9807,2513,-1441,-1,69.401291
72593.146,-9814,2515,-1442,0,69.41116
72603.021,-9822,2517,-1442,-2,69.42103499999999
72612.893,-9829,2519,-1442,0,69.43090699999999
72622.78,-9837,2522,-1442,-1,69.440794
72632.645,-9845,2524,-1442,1,69.450659
72642.516,-9844,2523,-1433,1,69.46053
72652.394,-9850,2525,-1433,0,69.47040799999999
72662.28,-9855,2526,-1433,0,69.480294
72672.141,-9860,2527,-1432,0,69.490155
72682.019,-9864,2528,-1431,-1,69.500033
72691.895,-9867,2528,-1430,1,69.509909
72701.777,-9870,2528,-1429,-1,69.519791
72711.645,-9872,2527,-1427,0,69.529659
72721.52,-9873,2527,-1425,2,69.539534
72731.392,-9873,2526,-1423,2,69.549406
72741.281,-9872,2524,-1420,-2,69.55929499999999
72751.146,-9870,2523,-1417,-1,69.56915999999998
72761.018,-9867,2521,-1414,3,69.579032
72770.896,-9864,2518,-1410,2,69.58890999999998
72780.781,-9859,2516,-1406,2,69.598795
72790.643,-9853,2512,-1402,-1,69.608657
72800.521,-9847,2509,-1398,0,69.618535
72810.396,-9839,2506,-1393,0,69.62840999999999
72820.279,-9821,2499,-1378,0,69.63829299999999
72830.147,-9813,2495,-1374,-3,69.64816099999999
72840.022,-9794,2489,-1360,0,69.658036
72849.894,-9786,2485,-1356,1,69.667908
72859.783,-9777,2481,-1353,3,69.677797
72869.657,-9769,2478,-1349,-2,69.68767100000001
72879.519,-9760,2474,-1346,-2,69.69753299999999
72889.398,-9750,2470,-1342,3,69.70741199999999
72899.283,-9741,2467,-1339,-2,69.71729699999999
72909.145,-9732,2463,-1335,-2,69.727159
72919.023,-9723,2459,-1332,0,69.737037
72928.908,-9714,2455,-1329,1,69.746922
72938.78,-9704,2451,-1326,0,69.756794
72948.648,-9695,2448,-1323,0,69.766662
72958.524,-9686,2444,-1321,-1,69.776538
72968.396,-9678,2441,-1318,1,69.78640999999999
72978.284,-9670,2438,-1316,2,69.796298
72988.15,-9662,2435,-1314,0,69.806164
72998.021,-9654,2432,-1312,-1,69.81603499999999
73007.899,-9646,2429,-1311,0,69.825913
73017.785,-9639,2427,-1309,5,69.835799
73027.647,-9632,2424,-1307,0,69.84566099999999
73037.536,-9625,2422,-1306,-1,69.85555
73047.401,-9619,2420,-1305,3,69.865415
73057.283,-9611,2417,-1303,-3,69.87529699999999
73067.151,-9605,2415,-1302,1,69.885165
73077.026,-9599,2412,-1301,-2,69.89504
73086.898,-9593,2411,-1300,1,69.904912
73096.786,-9588,2409,-1300,1,69.91479999999999
73106.651,-9584,2408,-1300,4,69.92466499999999
73116.523,-9579,2406,-1300,0,69.93453699999999
73126.401,-9575,2405,-1300,0,69.94441499999999
73136.287,-9571,2403,-1299,1,69.95430099999999
73146.149,-9567,2402,-1299,0,69.964163
73156.027,-9564,2401,-1300,-3,69.974041
73165.903,-9561,2400,-1301,-2,69.983917
73175.789,-9558,2399,-1301,3,69.993803
73185.652,-9557,2399,-1302,-1,70.003666
73195.528,-9556,2399,-1303,0,70.013542
73205.4,-9555,2399,-1304,0,70.02341399999999
73215.288,-9555,2399,-1306,1,70.03330199999999
73225.162,-9555,2399,-1307,0,70.04317599999999
73235.025,-9556,2400,-1309,1,70.05303899999998
73244.904,-9557,2401,-1311,0,70.062918
73254.789,-9558,2401,-1313,0,70.072803
73264.651,-9559,2401,-1315,0,70.08266499999999
73274.529,-9561,2402,-1316,0,70.09254299999999
73284.405,-9563,2403,-1318,1,70.102419
73294.286,-9565,2403,-1320,0,70.11229999999999
73304.155,-9568,2404,-1322,-2,70.122169
73314.03,-9571,2405,-1324,0,70.132044
73323.902,-9574,2406,-1326,0,70.141916
73333.79,-9578,2408,-1328,2,70.15180399999998
73343.656,-9582,2409,-1330,-1,70.16167
73353.527,-9586,2411,-1332,1,70.17154099999999
73363.409,-9590,2412,-1334,-1,70.181423
73373.291,-9595,2414,-1336,0,70.191305
73383.163,-9599,2415,-1339,1,70.201177
73393.031,-9604,2417,-1341,2,70.211045
73402.906,-9610,2419,-1343,-2,70.22091999999999
73412.789,-9615,2420,-1345,0,70.230803
73422.652,-9620,2422,-1347,0,70.240666
73432.54,-9625,2424,-1349,1,70.250554
73442.404,-9631,2426,-1352,-2,70.26041799999999
73452.292,-9637,2428,-1354,2,70.27030599999999
73462.167,-9642,2430,-1356,0,70.280181
73472.029,-9648,2432,-1358,0,70.290043
73481.907,-9654,2434,-1359,-1,70.299921
73491.793,-9660,2435,-1361,1,70.309807
73501.655,-9666,2437,-1363,0,70.31966899999999
73511.533,-9672,2439,-1365,0,70.32954699999999
73521.409,-9678,2441,-1367,-2,70.339423
73531.291,-9685,2443,-1369,0,70.34930499999999
73541.159,-9691,2445,-1371,2,70.359173
73551.034,-9697,2447,-1373,1,70.36904799999999
73560.911,-9703,2449,-1375,3,70.378925
73570.8,-9710,2451,-1377,0,70.388814
73580.659,-9716,2453,-1378,-1,70.398673
73590.531,-9722,2455,-1380,-1,70.408545
73600.418,-9729,2457,-1381,1,70.418432
73610.295,-9735,2459,-1382,0,70.428309
73620.157,-9741,2461,-1384,-2,70.438171
73630.035,-9748,2463,-1385,0,70.448049
73639.911,-9754,2465,-1386,0,70.45792499999999
73649.793,-9761,2468,-1388,-1,70.46780700000001
73659.661,-9767,2470,-1389,0,70.47767499999999
73669.536,-9773,2472,-1390,-4,70.48754999999998
73679.418,-9780,2474,-1391,4,70.497432
73689.296,-9786,2476,-1393,1,70.50731
73699.161,-9793,2478,-1394,0,70.517175
73709.034,-9799,2480,-1395,-1,70.527048
73718.911,-9805,2482,-1396,1,70.53692499999998
73728.797,-9811,2483,-1397,0,70.546811
73738.659,-9818,2485,-1398,0,70.55667299999999
73748.538,-9824,2487,-1398,-3,70.566552
73758.413,-9830,2489,-1399,-2,70.576427
73768.295,-9837,2491,-1400,1,70.586309
73778.159,-9843,2492,-1401,0,70.596173
73788.035,-9849,2494,-1402,-2,70.606049
73797.912,-9855,2496,-1402,3,70.61592599999999
73807.795,-9861,2498,-1403,-2,70.62580899999999
73817.667,-9867,2500,-1403,2,70.63568099999999
73827.539,-9873,2501,-1404,-2,70.645553
73837.416,-9879,2503,-1405,-1,70.65543
73847.298,0,0,0,0,70.66531199999999
73857.165,-52,49,-46,0,70.67517899999999
73867.043,-135,88,-103,1,70.685057
73876.917,-220,116,-159,-2,70.694931
73886.8,-305,141,-214,0,70.704814
73896.668,-390,164,-268,-2,70.714682
73906.543,-474,186,-322,-2,70.724557
73916.414,-557,206,-374,0,70.734428
73926.304,-640,227,-425,-1,70.74431799999999
73936.168,-722,246,-475,-2,70.754182
73946.04,-803,266,-524,-1,70.76405399999999
73955.913,-883,285,-571,0,70.773927
73965.804,-963,304,-617,0,70.783818
73975.665,-1042,322,-663,2,70.79367899999998
73985.536,-1120,340,-706,-3,70.80354999999999
73995.417,-1204,361,-751,0,70.813431
74005.299,-1281,379,-792,-3,70.823313
74015.163,-1357,397,-831,0,70.83317699999999
74025.043,-1433,415,-869,0,70.843057
74034.914,-1508,432,-905,-2,70.852928
74044.798,-1587,451,-941,0,70.86281199999999
74054.668,-1661,468,-974,0,70.872682
74064.539,-1661,468,-974,1,70.882553
74074.417,-1739,487,-1006,0,70.892431
74084.303,-1810,503,-1036,0,70.902317
74094.165,-1881,520,-1065,4,70.912179
74104.037,-1951,536,-1092,-3,70.922051
74113.918,-2020,552,-1118,0,70.931932
74123.801,-2088,568,-1142,1,70.941815
74133.669,-2160,585,-1163,-4,70.95168299999999
74143.544,-2231,602,-1183,-1,70.961558
74153.417,-2297,617,-1204,3,70.971431
74163.309,-2362,633,-1223,-1,70.98132299999999
74173.174,-2427,648,-1241,0,70.991188
74183.05,-2490,662,-1259,0,71.001064
74192.924,-2553,677,-1275,3,71.010938
74202.803,-2615,692,-1290,2,71.020817
74212.674,-2677,706,-1304,-3,71.030688
74222.549,-2737,720,-1318,1,71.04056299999999
74232.421,-2798,734,-1331,1,71.050435
74242.303,-2857,748,-1344,0,71.060317
74252.172,-2916,762,-1356,2,71.070186
74262.047,-2974,776,-1367,1,71.080061
74271.919,-3032,789,-1377,0,71.08993299999999
74281.807,-3089,802,-1387,-3,71.09982099999999
74291.673,-3145,816,-1397,-1,71.109687
74301.545,-3201,829,-1406,0,71.119559
74311.423,-3256,842,-1414,0,71.129437
74321.309,-3311,855,-1423,-1,71.13932299999999
74331.17,-3365,868,-1431,0,71.14918399999999
74341.048,-3418,880,-1438,1,71.15906199999999
74350.924,-3472,893,-1445,0,71.168938
74360.806,-3524,905,-1453,0,71.17881999999999
74370.678,-3577,918,-1459,1,71.18869199999999
74380.55,-3628,930,-1466,-4,71.198564
74390.431,-3680,942,-1472,5,71.208445
74400.31,-3731,955,-1479,1,71.218324
74410.184,-3782,967,-1485,-2,71.22819799999999
74420.056,-3832,979,-1491,-1,71.23807
74429.935,-3882,991,-1497,0,71.24794899999999
74439.811,-3932,1003,-1504,-2,71.257825
74449.672,-3981,1015,-1510,2,71.267686
74459.55,-4031,1028,-1516,-1,71.277564
74469.43,-4079,1040,-1522,-2,71.287444
74479.308,-4128,1052,-1528,0,71.297322
74489.176,-4177,1064,-1534,1,71.30719
74499.052,-4225,1076,-1540,6,71.317066
74508.923,-4273,1088,-1546,0,71.32693699999999
74518.807,-4320,1100,-1552,0,71.336821
74528.677,-4368,1112,-1558,2,71.34669099999999
74538.549,-4415,1124,-1564,-4,71.356563
74548.427,-4462,1136,-1570,1,71.366441
74558.314,-4509,1148,-1576,3,71.376328
74568.175,-4555,1160,-1581,-1,71.386189
74578.053,-4601,1171,-1587,1,71.396067
74587.928,-4647,1183,-1592,0,71.405942
74597.811,-4693,1195,-1598,2,71.415825
74607.678,-4739,1207,-1603,1,71.425692
74617.554,-4784,1218,-1608,-1,71.435568
74627.426,-4829,1230,-1614,-1,71.44544
74637.319,-4874,1241,-1619,-1,71.455333
74647.18,-4919,1253,-1624,-1,71.46519399999998
74657.051,-4963,1264,-1628,1,71.475065
74666.93,-5008,1276,-1633,0,71.48494399999998
74676.815,-5051,1287,-1637,0,71.494829
74686.677,-5095,1298,-1641,1,71.504691
74696.55,-5138,1309,-1646,3,71.514564
74706.431,-5181,1321,-1650,-2,71.52444499999999
74716.313,-5224,1332,-1654,-1,71.53432699999999
74726.182,-5266,1343,-1657,4,71.544196
74736.056,-5308,1354,-1661,-1,71.55407
74745.928,-5350,1365,-1664,-3,71.563942
74755.817,-5391,1376,-1667,0,71.57383099999998
74765.682,-5433,1386,-1671,2,71.583696
74775.558,-5474,1397,-1674,-1,71.593572
74785.442,-5514,1408,-1677,2,71.603456
74795.318,-5554,1418,-1680,1,71.613332
74805.179,-5595,1429,-1682,-1,71.623193
74815.058,-5635,1439,-1685,0,71.633072
74824.933,-5674,1450,-1688,2,71.642947
74834.819,-5713,1460,-1690,-1,71.652833
74844.677,-5752,1470,-1692,0,71.662691
74854.559,-5791,1481,-1694,2,71.67257299999999
74864.43,-5829,1491,-1696,0,71.68244399999999
74874.329,-5868,1501,-1698,-1,71.692343
74884.185,-5905,1511,-1700,1,71.702199
74894.066,-5943,1521,-1702,1,71.71208
74903.934,-5980,1530,-1703,1,71.72194799999998
74913.82,-6017,1540,-1705,0,71.731834
74923.682,-6054,1550,-1706,0,71.74169599999999
74933.568,-6090,1560,-1707,0,71.751582
74943.436,-6127,1569,-1709,0,71.76145
74953.317,-6163,1579,-1710,-1,71.77133099999999
74963.185,-6199,1588,-1710,3,71.78119899999999
74973.061,-6234,1598,-1711,0,71.79107499999999
74982.945,-6269,1607,-1712,-1,71.800959
74992.832,-6304,1616,-1713,0,71.81084599999998
75002.687,-6339,1625,-1713,-1,71.820701
75012.571,-6373,1634,-1714,2,71.83058499999999
75022.446,-6407,1644,-1714,-1,71.84046
75032.333,-6441,1653,-1715,4,71.850347
75042.192,-6475,1662,-1715,2,71.86020599999999
75052.071,-6508,1670,-1715,0,71.87008499999999
75061.955,-6541,1679,-1715,0,71.879969
75071.829,-6574,1688,-1715,-3,71.889843
75081.698,-6606,1696,-1715,-1,71.899712
75091.573,-6638,1705,-1715,4,71.909587
75101.446,-6670,1713,-1715,0,71.91945999999999
75111.333,-6703,1721,-1715,3,71.92934699999999
75121.204,-6734,1730,-1714,-1,71.939218
75131.064,-6766,1739,-1714,0,71.949078
75140.947,-6798,1747,-1715,-1,71.958961
75150.828,-6829,1755,-1715,-4,71.968842
75160.691,-6860,1764,-1714,0,71.978705
75170.564,-6891,1772,-1714,-1,71.98857799999999
75180.446,-6922,1780,-1714,-1,71.99846
75190.326,-6953,1789,-1714,-3,72.00833999999999
75200.192,-6984,1797,-1714,0,72.01820599999999
75210.069,-7014,1805,-1714,-2,72.028083
75219.94,-7044,1813,-1714,0,72.037954
75229.837,-7074,1821,-1714,-1,72.047851
75239.695,-7104,1829,-1714,0,72.057709
75249.566,-7134,1837,-1714,1,72.06758
75259.445,-7163,1844,-1714,0,72.077459
75269.329,-7192,1852,-1713,0,72.08734299999999
75279.192,-7221,1860,-1713,-1,72.09720599999999
75289.07,-7250,1868,-1712,1,72.107084
75298.946,-7278,1875,-1711,0,72.11695999999999
75308.828,-7306,1882,-1711,-1,72.126842
75318.696,-7333,1890,-1710,-3,72.13671
75328.571,-7361,1897,-1709,0,72.14658499999999
75338.443,-7388,1904,-1708,0,72.15645699999999
75348.339,-7415,1912,-1707,0,72.166353
75358.194,-7442,1919,-1706,1,72.176208
75368.074,-7464,1924,-1696,-2,72.18608799999998
75377.944,-7489,1931,-1694,0,72.195958
75387.83,-7513,1937,-1692,0,72.205844
75397.692,-7537,1944,-1690,-2,72.215706
75407.573,-7560,1950,-1687,2,72.225587
75417.445,-7582,1955,-1684,-3,72.235459
75427.328,-7604,1960,-1680,0,72.245342
75437.196,-7625,1965,-1676,0,72.25520999999999
75447.071,-7644,1970,-1672,-1,72.26508499999998
75456.943,-7662,1974,-1667,4,72.274957
75466.831,-7680,1977,-1662,-3,72.284845
75476.706,-7696,1981,-1656,-1,72.29472
75486.569,-7711,1984,-1650,0,72.304583
75496.447,-7726,1986,-1643,0,72.314461
75506.333,-7739,1989,-1636,2,72.32434699999999
75516.194,-7752,1991,-1630,0,72.334208
75526.073,-7765,1994,-1623,1,72.344087
75535.948,-7777,1996,-1616,2,72.353962
75545.83,-7783,1996,-1600,3,72.363844
75555.702,-7794,1998,-1593,3,72.373716
75565.575,-7799,1998,-1578,0,72.38358899999999
75575.445,-7809,2000,-1572,-1,72.39345900000001
75585.334,-7814,2000,-1558,-2,72.403348
75595.199,-7818,2000,-1544,0,72.41321299999998
75605.071,-7828,2001,-1539,-2,72.42308499999999
75614.944,-7838,2003,-1535,0,72.432958
75624.844,-7841,2003,-1521,1,72.44285799999999
75634.696,-7841,2003,-1521,0,72.45271
75644.568,-7850,2004,-1517,3,72.462582
75654.449,-7860,2006,-1513,1,72.47246299999999
75664.341,-7869,2008,-1509,0,72.482355
75674.208,-7878,2009,-1506,0,72.492222
75684.079,-7888,2011,-1502,-1,72.50209299999999
75693.947,-7897,2013,-1498,0,72.511961
75703.843,-7905,2014,-1494,0,72.52185699999998
75713.716,-7915,2016,-1491,-1,72.53173
75723.585,-7924,2018,-1488,-1,72.541599
75733.458,-7932,2020,-1484,-2,72.55147199999999
75743.346,-7942,2022,-1482,-3,72.56136000000001
75753.209,-7951,2024,-1479,0,72.571223
75763.087,-7960,2026,-1476,-1,72.58110099999999
75772.964,-7970,2028,-1474,-1,72.590978
75782.847,-7980,2030,-1472,2,72.600861
75792.718,-7989,2032,-1469,0,72.61073199999998
75802.612,-8008,2037,-1465,0,72.62062599999999
75812.461,-8008,2037,-1465,0,72.63047499999999
75822.356,-8019,2039,-1464,0,72.64036999999999
75832.222,-8029,2042,-1463,0,72.65023599999999
75842.089,-8040,2044,-1462,0,72.660103
75851.968,-8050,2047,-1460,2,72.66998199999999
75861.85,-8060,2049,-1459,0,72.679864
75871.71,-8070,2052,-1458,3,72.689724
75881.588,-8080,2054,-1456,1,72.699602
75891.462,-8091,2057,-1455,0,72.709476
75901.342,-8101,2059,-1454,0,72.719356
75911.211,-8111,2062,-1453,0,72.72922499999999
75921.084,-8122,2065,-1453,-1,72.739098
75930.956,-8133,2068,-1452,1,72.74897
75940.842,-8144,2070,-1452,1,72.758856
75950.707,-8155,2073,-1452,-4,72.76872099999999
75960.586,-8167,2077,-1452,2,72.7786
75970.456,-8179,2080,-1453,-1,72.78847
75980.359,-8203,2087,-1453,0,72.798373
75990.204,-8203,2087,-1453,4,72.808218
76000.077,-8216,2090,-1454,0,72.818091
76009.958,-8241,2097,-1455,-3,72.82797199999999
76019.85,-8241,2097,-1455,-4,72.837864
76029.708,-8254,2101,-1456,2,72.84772199999999
76039.583,-8267,2105,-1456,2,72.857597
76049.455,-8281,2108,-1458,0,72.867469
76059.338,-8295,2112,-1459,0,72.877352
76069.211,-8322,2120,-1461,0,72.88722499999999
76079.081,-8322,2120,-1461,-2,72.89709500000001
76088.959,-8336,2125,-1463,1,72.906973
76098.845,-8351,2129,-1464,0,72.916859
76108.706,-8365,2133,-1466,-4,72.92672
76118.58,-8379,2137,-1467,2,72.936594
76128.47,-8408,2146,-1470,0,72.946484
76138.342,-8408,2146,-1470,1,72.956356
76148.21,-8423,2150,-1471,0,72.966224
76158.104,-8452,2159,-1474,3,72.976118
76167.968,-8452,2159,-1474,-3,72.98598199999999
76177.846,-8467,2163,-1476,0,72.99586000000001
76187.712,-8497,2172,-1479,0,73.005726
76197.583,-8497,2172,-1479,-3,73.015597
76207.462,-8512,2176,-1480,1,73.025476
76217.348,-8541,2185,-1483,0,73.03536199999999
76227.209,-8541,2185,-1483,0,73.045223
76237.087,-8556,2189,-1484,-1,73.055101
76246.963,-8586,2198,-1486,3,73.064977
76256.845,-8586,2198,-1486,3,73.074859
76266.713,-8601,2202,-1488,0,73.084727
76276.589,-8630,2210,-1490,0,73.094603
76286.461,-8630,2210,-1490,-1,73.104475
76296.349,-8645,2215,-1490,0,73.114363
76306.214,-8674,2223,-1493,-6,73.124228
76316.086,-8674,2223,-1493,1,73.13409999999999
76325.965,-8689,2227,-1494,0,73.14397899999999
76335.866,-8718,2235,-1495,0,73.15387999999999
76345.712,-8718,2235,-1495,0,73.163726
76355.59,-8732,2239,-1496,-1,73.173604
76365.481,-8761,2247,-1498,1,73.183495
76375.348,-8761,2247,-1498,0,73.193362
76385.216,-8775,2252,-1499,4,73.20322999999999
76395.107,-8803,2260,-1500,0,73.213121
76404.963,-8803,2260,-1500,0,73.222977
76414.851,-8817,2264,-1501,-3,73.23286499999999
76424.733,-8845,2272,-1502,-2,73.242747
76434.589,-8845,2272,-1502,0,73.25260300000001
76444.461,-8859,2276,-1502,0,73.262475
76454.369,-8886,2284,-1504,0,73.272383
76464.215,-8886,2284,-1504,0,73.28222899999999
76474.093,-8899,2288,-1504,0,73.29210699999999
76483.983,-8926,2295,-1505,-4,73.30199699999999
76493.85,-8926,2295,-1505,1,73.311864
76503.719,-8940,2299,-1505,3,73.321733
76513.596,-8954,2303,-1506,4,73.33161
76523.469,-8967,2307,-1506,1,73.341483
76533.361,-8981,2311,-1506,0,73.351375
76543.229,-9007,2318,-1507,1,73.361243
76553.094,-9007,2318,-1507,-1,73.37110799999999
76562.972,-9021,2322,-1507,4,73.380986
76572.858,-9034,2325,-1507,1,73.39087199999999
76582.719,-9047,2329,-1508,-2,73.40073299999999
76592.598,-9061,2333,-1508,1,73.410612
76602.474,-9074,2337,-1508,1,73.42048799999999
76612.355,-9087,2340,-1508,1,73.43036899999998
76622.223,-9100,2344,-1508,1,73.440237
76632.099,-9112,2347,-1508,4,73.450113
76641.971,-9125,2351,-1508,0,73.459985
76651.86,-9137,2354,-1508,-1,73.46987399999999
76661.725,-9150,2358,-1508,-2,73.479739
76671.596,-9162,2362,-1508,0,73.48961
76681.469,-9174,2365,-1508,1,73.499483
76691.36,-9187,2368,-1507,-3,73.509374
76701.223,-9199,2371,-1507,0,73.51923699999999
76711.1,-9210,2375,-1507,1,73.529114
76720.976,-9221,2378,-1506,0,73.53898999999998
76730.858,-9231,2380,-1505,0,73.54887199999999
76740.724,-9240,2382,-1503,0,73.55873799999999
76750.6,-9249,2384,-1502,-1,73.568614
76760.472,-9251,2384,-1491,2,73.57848599999998
76770.361,-9258,2386,-1489,1,73.588375
76780.227,-9258,2385,-1478,-3,73.598241
76790.098,-9264,2386,-1476,1,73.60811199999999
76799.979,-9269,2387,-1474,-2,73.617993
76809.862,-9275,2387,-1472,0,73.62787599999999
76819.725,-9279,2388,-1470,-4,73.637739
76829.597,-9274,2385,-1457,-3,73.64761099999998
76839.478,-9275,2385,-1454,0,73.657492
76849.36,-9268,2381,-1441,-1,73.667374
76859.228,-9269,2380,-1438,-3,73.67724199999999
76869.104,-9268,2378,-1434,1,73.687118
76878.976,-9268,2377,-1431,-1,73.69698999999999
76888.865,-9267,2375,-1428,-1,73.706879
76898.73,-9265,2373,-1424,1,73.71674399999999
76908.602,-9253,2369,-1410,0,73.72661599999999
76918.479,-9250,2367,-1406,1,73.736493
76928.375,-9238,2362,-1393,0,73.746389
76938.236,-9235,2360,-1390,0,73.75625
76948.106,-9232,2358,-1387,1,73.76612
76957.981,-9229,2356,-1384,-1,73.775995
76967.863,-9225,2354,-1381,0,73.785877
76977.731,-9220,2351,-1378,-1,73.795745
76987.607,-9217,2349,-1375,-1,73.805621
76997.479,-9213,2347,-1372,0,73.815493
77007.367,-9209,2345,-1369,2,73.825381
77017.232,-9206,2343,-1366,-1,73.835246
77027.104,-9203,2341,-1364,0,73.845118
77036.982,-9200,2340,-1362,0,73.854996
77046.869,-9197,2338,-1359,-2,73.864883
77056.73,-9193,2336,-1357,0,73.87474399999999
77066.608,-9190,2334,-1355,6,73.884622
77076.484,-9187,2333,-1352,2,73.894498
77086.366,-9183,2331,-1350,-1,73.90437999999999
77096.234,-9181,2330,-1349,3,73.91424799999999
77106.11,-9179,2329,-1347,-1,73.92412399999999
77115.994,-9177,2327,-1346,0,73.934008
77125.87,-9175,2327,-1345,1,73.943884
77135.735,-9174,2326,-1344,2,73.953749
77145.617,-9172,2325,-1343,0,73.96363099999999
77155.486,-9171,2324,-1342,0,73.9735
77165.371,-9170,2323,-1341,4,73.983385
77175.233,-9170,2323,-1341,3,73.99324699999998
77185.111,-9170,2323,-1341,-1,74.003125
77194.993,-9170,2323,-1341,2,74.013007
77204.879,-9171,2323,-1341,1,74.022893
77214.737,-9172,2323,-1341,-4,74.03275099999999
77224.612,-9174,2323,-1342,-1,74.04262599999998
77234.485,-9175,2323,-1342,5,74.052499
77244.373,-9177,2324,-1343,-1,74.062387
77254.238,-9180,2325,-1344,0,74.07225199999999
77264.11,-9183,2326,-1345,-1,74.082124
77273.989,-9186,2327,-1346,0,74.09200299999999
77283.875,-9189,2328,-1347,0,74.101889
77293.736,-9192,2329,-1348,-2,74.11175
77303.623,-9196,2331,-1349,0,74.121637
77313.49,-9201,2332,-1350,0,74.131504
77323.372,-9205,2334,-1352,-1,74.141386
77333.24,-9211,2335,-1354,1,74.151254
77343.123,-9216,2337,-1356,-5,74.161137
77352.988,-9222,2339,-1358,-3,74.17100199999999
77362.881,-9228,2341,-1360,0,74.18089499999999
77372.742,-9234,2343,-1362,0,74.190756
77382.613,-9240,2345,-1364,-1,74.200627
77392.492,-9247,2347,-1365,0,74.210506
77402.377,-9254,2349,-1367,0,74.22039099999999
77412.239,-9261,2352,-1369,0,74.23025299999999
77422.112,-9268,2354,-1371,0,74.24012599999999
77431.993,-9276,2356,-1374,2,74.250007
77441.885,-9284,2359,-1376,3,74.25989899999999
77451.743,-9291,2361,-1378,-2,74.269757
77461.619,-9299,2364,-1380,1,74.279633
77471.491,-9307,2366,-1382,1,74.28950499999999
77481.389,-9315,2368,-1384,-1,74.299403
77491.245,-9322,2371,-1386,1,74.309259
77501.125,-9331,2373,-1388,-4,74.31913899999999
77510.995,-9339,2376,-1390,-5,74.32900899999999
77520.88,-9347,2378,-1392,0,74.338894
77530.746,-9356,2381,-1394,2,74.34876
77540.616,-9364,2383,-1395,2,74.35862999999999
77550.496,-9372,2386,-1397,2,74.36851
77560.378,-9381,2389,-1399,0,74.37839199999999
77570.246,-9389,2391,-1401,0,74.38825999999999
77580.122,-9398,2394,-1403,1,74.398136
77589.994,-9406,2396,-1404,0,74.408008
77599.882,-9415,2398,-1406,-2,74.417896
77609.748,-9423,2401,-1407,2,74.427762
77619.62,-9432,2404,-1409,-2,74.43763399999999
77629.499,-9441,2406,-1410,2,74.44751299999999
77639.387,-9449,2409,-1411,-1,74.457401
77649.245,-9458,2412,-1413,-2,74.46725899999998
77659.124,-9466,2414,-1414,0,74.477138
77668.999,-9475,2417,-1415,-1,74.48701299999999
77678.881,-9483,2419,-1416,-2,74.496895
77688.749,-9492,2422,-1417,-2,74.50676299999999
77698.625,-9500,2424,-1419,2,74.516639
77708.497,-9509,2427,-1420,1,74.526511
77718.38,-9517,2429,-1421,3,74.536394
77728.259,-9525,2432,-1422,1,74.546273
77738.123,-9534,2434,-1423,0,74.556137
77748.001,-9542,2437,-1424,2,74.566015
77757.887,-9550,2439,-1425,-3,74.575901
77767.749,-9559,2442,-1426,0,74.58576299999999
77777.627,-9567,2444,-1427,1,74.59564099999999
77787.512,-9575,2446,-1427,0,74.605526
77797.385,-9583,2449,-1428,0,74.615399
77807.253,-9591,2451,-1429,-1,74.625267
77817.128,-9599,2453,-1429,0,74.63514199999999
77827.0,-9607,2455,-1430,0,74.64501399999999
77836.889,-9615,2457,-1431,2,74.65490299999999
77846.754,-9623,2460,-1431,3,74.664768
77856.626,-9631,2462,-1432,0,74.67464
77866.505,-9639,2464,-1432,-1,74.684519
77876.391,-9647,2467,-1433,0,74.694405
77886.254,-9654,2469,-1433,0,74.704268
77896.133,-9662,2471,-1434,0,74.714147
77906.008,-9670,2473,-1434,2,74.72402199999999
77915.907,-9678,2476,-1435,0,74.733921
77925.761,-9685,2478,-1435,2,74.743775
77935.634,-9693,2480,-1435,2,74.753648
77945.523,-9701,2482,-1436,3,74.763537
77955.395,-9709,2485,-1436,0,74.773409
77965.26,-9717,2487,-1437,-1,74.78327399999999
77975.132,-9725,2489,-1437,-4,74.793146
77985.011,-9732,2492,-1437,1,74.80302499999999
77994.91,-9740,2494,-1438,0,74.812924
78004.759,-9748,2496,-1438,-4,74.822773
78014.635,-9756,2499,-1438,0,74.83264899999999
78024.51,-9764,2501,-1439,3,74.842524
78034.394,-9772,2503,-1439,0,74.852408
78044.262,-9779,2505,-1439,0,74.862276
78054.137,-9787,2508,-1439,-2,74.872151
78064.009,-9795,2510,-1439,-1,74.882023
78073.898,-9802,2512,-1440,-2,74.89191199999999
78083.763,-9802,2512,-1431,-2,74.901777
78093.637,-9808,2514,-1431,-1,74.91165099999999
78103.509,-9814,2515,-1431,-2,74.92152300000001
78113.399,-9820,2517,-1431,-1,74.931413
78123.268,-9825,2517,-1430,0,74.94128199999999
78133.139,-9821,2516,-1421,-3,74.95115299999999
78143.012,-9825,2516,-1420,1,74.961026
78152.893,-9825,2516,-1420,-2,74.970907
78162.765,-9819,2514,-1410,-1,74.980779
78172.637,-9821,2514,-1409,0,74.990651
78182.509,-9814,2511,-1399,0,75.000523
78192.399,-9814,2510,-1397,0,75.010413
78202.268,-9805,2507,-1386,0,75.020282
78212.136,-9803,2505,-1385,1,75.03014999999999
78222.014,-9800,2503,-1383,0,75.04002799999999
78231.909,-9798,2501,-1381,0,75.04992299999999
78241.761,-9794,2499,-1379,-2,75.05977499999999
78251.64,-9789,2496,-1376,0,75.069654
78261.515,-9784,2493,-1373,1,75.079529
78271.401,-9777,2490,-1369,-3,75.08941499999999
78281.266,-9770,2486,-1366,0,75.09928
78291.141,-9752,2480,-1352,0,75.109155
78301.013,-9744,2476,-1349,0,75.119027
78310.902,-9724,2470,-1336,1,75.128916
78320.767,-9715,2466,-1333,0,75.13878100000001
78330.639,-9695,2459,-1320,-2,75.148653
78340.521,-9686,2455,-1317,-4,75.15853499999999
78350.403,-9667,2449,-1306,-1,75.168417
78360.274,-9659,2445,-1304,0,75.178288
78370.143,-9640,2439,-1293,-1,75.18815699999999
78380.018,-9622,2433,-1283,0,75.198032
78389.901,-9615,2430,-1283,-1,75.207915
78399.763,-9607,2427,-1282,1,75.217777
78409.644,-9589,2421,-1273,0,75.22765799999999
78419.515,-9589,2421,-1273,-2,75.237529
78429.404,-9582,2418,-1273,0,75.247418
78439.269,-9576,2416,-1273,2,75.257283
78449.141,-9569,2413,-1273,1,75.267155
78459.015,-9562,2410,-1272,-1,75.277029
78468.906,-9551,2406,-1273,1,75.28692
78478.767,-9551,2406,-1273,-1,75.296781
78488.646,-9545,2404,-1273,-2,75.30666
78498.521,-9541,2402,-1274,0,75.31653499999999
78508.403,-9536,2400,-1274,-1,75.326417
78518.266,-9532,2399,-1275,0,75.33628
78528.148,-9525,2396,-1277,1,75.34616199999999
78538.019,-9525,2396,-1277,-1,75.356033
78547.907,-9522,2395,-1278,1,75.365921
78557.773,-9520,2394,-1279,0,75.375787
78567.652,-9517,2393,-1280,-1,75.385666
78577.524,-9514,2392,-1282,1,75.395538
78587.409,-9513,2391,-1283,1,75.405423
78597.27,-9511,2391,-1284,-1,75.415284
78607.149,-9510,2390,-1286,1,75.425163
78617.024,-9509,2390,-1287,-2,75.435038
78626.915,-9508,2389,-1289,3,75.44492899999999
78636.779,-9508,2389,-1290,2,75.454793
78646.65,-9508,2389,-1292,-1,75.46466399999998
78656.53,-9508,2389,-1293,0,75.474544
78666.405,-9508,2389,-1295,-2,75.48441899999999
78676.276,-9508,2389,-1297,-1,75.49428999999999
78686.148,-9508,2389,-1298,2,75.504162
78696.035,-9509,2390,-1300,-1,75.514049
78705.912,-9510,2390,-1302,1,75.52392599999999
78715.774,-9511,2391,-1304,2,75.533788
78725.652,-9513,2391,-1306,1,75.543666
78735.528,-9515,2392,-1308,0,75.55354200000001
78745.41,-9518,2393,-1310,0,75.563424
78755.278,-9521,2394,-1312,0,75.573292
78765.168,-9528,2396,-1317,2,75.583182
78775.026,-9528,2396,-1317,0,75.59303999999999
78784.915,-9532,2398,-1319,-1,75.60292899999999
78794.785,-9536,2399,-1322,0,75.612799
78804.651,-9540,2400,-1324,0,75.622665
78814.53,-9545,2402,-1326,-2,75.632544
78824.415,-9549,2403,-1329,0,75.64242899999999
78834.277,-9554,2405,-1331,0,75.65229099999999
78844.156,-9560,2406,-1334,1,75.66217
78854.055,-9571,2410,-1339,1,75.672069
78863.913,-9571,2410,-1339,-3,75.681927
78873.782,-9576,2412,-1341,-3,75.691796
78883.675,-9588,2416,-1345,0,75.701689
78893.529,-9588,2416,-1345,0,75.71154299999999
78903.418,-9594,2418,-1348,2,75.72143200000001
78913.288,-9600,2420,-1350,0,75.731302
78923.163,-9607,2422,-1352,-2,75.741177
78933.033,-9613,2424,-1354,0,75.75104699999999
78942.924,-9620,2427,-1356,-1,75.760938
78952.78,-9626,2429,-1358,1,75.770794
78962.653,-9632,2431,-1360,1,75.78066700000001
78972.535,-9639,2433,-1363,0,75.790549
78982.416,-9645,2435,-1365,0,75.80042999999999
78992.289,-9651,2437,-1367,1,75.810303
79002.162,-9664,2441,-1370,-2,75.82017599999999
79012.032,-9664,2441,-1370,-2,75.830046
79021.92,-9671,2443,-1372,3,75.839934
79031.788,-9684,2448,-1376,1,75.849802
79041.658,-9684,2448,-1376,0,75.85967199999999
79051.536,-9691,2450,-1377,1,75.86954999999999
79061.437,-9704,2454,-1380,0,75.879451
79071.284,-9704,2454,-1380,0,75.889298
79081.163,-9711,2456,-1382,-1,75.899177
79091.044,-9718,2458,-1383,1,75.90905799999999
79100.93,-9724,2460,-1384,-1,75.91894399999998
79110.792,-9731,2462,-1386,4,75.928806
79120.664,-9738,2464,-1387,-2,75.938678
79130.532,-9744,2466,-1388,-4,75.94854600000001
79140.419,-9751,2468,-1389,0,75.95843299999999
79150.307,-9764,2472,-1392,-2,75.968321
79160.163,-9764,2472,-1392,0,75.978177
79170.04,-9770,2474,-1393,0,75.98805399999999
79179.935,-9777,2476,-1394,1,75.99794899999999
79189.787,-9783,2478,-1395,0,76.00780099999999
79199.666,-9790,2480,-1396,0,76.01768
79209.542,-9797,2482,-1397,0,76.02755599999999
79219.423,-9803,2484,-1398,0,76.037437
79229.291,-9810,2486,-1399,-2,76.047305
79239.167,-9816,2488,-1400,1,76.057181
79249.042,-9823,2490,-1401,-1,76.067056
79258.931,-9829,2492,-1402,-3,76.076945
79268.796,-9835,2494,-1403,1,76.08681
79278.668,-9842,2495,-1404,-1,76.096682
79288.546,-9848,2497,-1404,0,76.10656
