timestamp,stateEstimateZ.vx,stateEstimateZ.vy,stateEstimateZ.vz,stateEstimateZ.rateYaw,t_s
30107.906,0,1,-1,-1,0.0
30117.998,0,0,-1,-3,0.010092000000000554
30127.637,0,1,-1,0,0.019730999999999766
30137.746,0,0,-1,-4,0.029840000000000144
30147.401,-1,1,-1,0,0.03949500000000262
30157.498,0,0,-1,-1,0.04959200000000055
30167.136,0,1,-1,0,0.05922999999999956
30177.251,0,0,-1,-4,0.06934500000000117
30186.9,-3,3,0,0,0.07899400000000241
30197.0,-1,-6,0,-3,0.08909400000000096
30206.64,-6,-1,0,-1,0.09873400000000038
30216.75,-6,-1,0,-2,0.10884400000000095
30226.397,-2,4,-1,-3,0.1184910000000018
30236.502,-2,4,-1,-2,0.12859600000000138
30246.138,0,0,-1,0,0.13823199999999997
30256.26,-2,3,-1,-5,0.14835399999999935
30265.899,0,0,-1,-3,0.15799300000000221
30276.004,-1,3,-1,0,0.16809800000000177
30285.649,0,0,-1,0,0.1777430000000022
30295.76,-1,2,-1,-1,0.18785399999999935
30305.41,-1,2,-1,-2,0.19750400000000082
30315.499,-2,4,-1,0,0.20759300000000075
30325.141,-1,1,-1,0,0.2172350000000006
30335.248,-2,3,-1,-3,0.22734200000000054
30344.915,0,2,-1,1,0.23700900000000183
30355.014,-1,3,-1,-3,0.24710800000000016
30364.642,-1,1,-2,-1,0.2567360000000008
30374.758,-2,2,-2,-4,0.2668520000000026
30384.405,0,1,-2,0,0.2764989999999998
30394.509,-1,2,-2,-2,0.28660299999999916
30404.143,-1,1,-2,-1,0.29623700000000097
30414.254,-1,2,-2,-2,0.3063480000000018
30423.904,0,1,-2,-1,0.3159979999999996
30434.018,-1,2,-1,-2,0.326112000000001
30443.647,0,1,-1,3,0.3357410000000018
30453.752,-1,2,-1,-1,0.3458460000000014
30463.407,-1,2,-1,-4,0.3555010000000002
30473.509,0,1,-1,-1,0.3656029999999992
30483.16,0,1,-1,0,0.3752540000000008
30493.261,0,0,-1,0,0.38535499999999956
30502.922,0,0,-1,-2,0.39501599999999965
30512.999,0,0,-1,0,0.40509300000000076
30522.664,-1,1,-1,-2,0.4147580000000016
30532.763,0,1,-1,-4,0.424857
30542.413,-1,1,-1,-2,0.4345070000000014
30552.506,0,0,-1,0,0.44460000000000216
30562.154,0,1,-1,1,0.4542479999999996
30572.251,0,0,-1,-4,0.4643450000000012
30581.915,0,1,-1,-1,0.47400900000000185
30592.011,0,0,-1,0,0.48410499999999956
30601.656,0,0,-1,-4,0.49375
30611.752,0,0,-1,1,0.5038460000000013
30621.416,0,0,-1,-1,0.513510000000002
30631.513,0,0,-1,0,0.5236069999999999
30641.154,0,0,-1,-4,0.5332479999999996
30651.274,0,0,-1,-1,0.5433680000000022
30660.911,0,1,-1,-2,0.553005000000001
30671.007,0,0,-1,-2,0.5631010000000024
30680.656,0,0,-1,0,0.57275
30690.755,0,0,-1,0,0.582849000000002
30700.413,0,0,-1,-3,0.5925070000000014
30710.506,0,0,-1,0,0.6026000000000021
30720.153,0,0,-1,0,0.6122469999999994
30730.26,0,0,-1,-1,0.6223539999999994
30739.917,0,0,-1,-2,0.6320110000000022
30750.007,0,0,-1,-5,0.6421010000000024
30759.655,0,0,-1,-1,0.6517489999999998
30769.766,0,0,-1,0,0.6618600000000006
30779.425,0,0,-1,-4,0.6715190000000002
30789.534,0,0,-1,0,0.6816280000000006
30799.16,0,0,0,0,0.6912540000000008
30809.272,0,0,0,-2,0.7013660000000018
30818.917,0,0,0,-5,0.7110110000000023
30829.027,0,1,-1,-5,0.7211209999999992
30838.661,0,0,0,2,0.730755000000001
30848.771,-1,0,0,-5,0.7408650000000016
30858.418,0,0,0,-1,0.7505120000000024
30868.512,0,0,0,-3,0.7606059999999998
30878.159,0,0,0,-1,0.7702530000000006
30888.261,0,0,0,-5,0.7803549999999996
30897.935,0,0,0,0,0.7900290000000023
30908.016,0,1,0,-3,0.8001100000000005
30917.66,0,0,0,-2,0.8097540000000009
30927.776,0,0,0,-2,0.8198700000000027
30937.428,0,0,0,-3,0.8295220000000009
30947.513,0,0,0,-3,0.839607
30957.161,0,0,0,1,0.849255000000001
30967.27,0,0,0,0,0.8593640000000013
30976.922,0,0,0,-1,0.8690159999999996
30987.02,0,0,0,-4,0.8791140000000014
30996.665,0,0,0,-2,0.8887590000000019
31006.769,0,0,0,-5,0.8988630000000012
31016.428,0,0,0,-5,0.9085220000000008
31026.527,0,0,0,-4,0.9186209999999991
31036.164,0,0,0,2,0.9282580000000016
31046.272,0,0,0,-1,0.9383660000000018
31055.944,0,0,0,-1,0.9480380000000005
31066.017,0,0,0,-1,0.9581110000000008
31075.677,0,0,0,-6,0.9677710000000006
31085.777,0,0,0,2,0.9778709999999992
31095.432,0,0,0,-3,0.9875260000000017
31105.524,0,0,0,-2,0.9976180000000022
31115.176,0,1,0,-4,1.0072700000000003
31125.276,0,0,0,-1,1.0173700000000026
31134.937,-1,1,0,0,1.0270310000000027
31145.034,0,0,0,-5,1.0371280000000007
31154.668,0,0,0,-1,1.0467620000000024
31164.775,0,0,0,-2,1.0568690000000025
31174.44,0,0,0,-2,1.0665339999999996
31184.522,0,0,0,0,1.0766160000000018
31194.173,0,0,0,-2,1.0862669999999999
31204.289,0,0,0,-5,1.0963830000000017
31213.94,0,0,0,-4,1.1060339999999997
31224.026,0,0,0,0,1.1161200000000027
31233.679,0,0,0,-1,1.125773000000001
31243.779,0,0,0,-3,1.1358729999999997
31253.431,0,0,0,-4,1.1455250000000015
31263.529,0,0,0,-3,1.1556229999999996
31273.174,0,0,0,5,1.165268
31283.271,0,0,0,0,1.1753650000000015
31292.937,0,0,0,-3,1.1850310000000026
31303.028,0,0,0,0,1.1951219999999994
31312.684,0,0,0,-2,1.2047780000000021
31322.795,0,0,0,-2,1.2148889999999992
31332.436,0,0,0,0,1.2245300000000026
31342.54,0,0,0,-3,1.2346340000000018
31352.178,0,0,0,-4,1.244272000000001
31362.291,0,0,0,-2,1.254385000000002
31371.945,0,0,0,0,1.2640390000000006
31382.061,0,0,0,-1,1.2741550000000024
31391.688,0,0,0,1,1.2837819999999993
31401.798,0,0,0,0,1.2938919999999998
31411.44,0,0,0,-3,1.3035339999999997
31421.549,0,1,0,-1,1.3136430000000001
31431.18,0,0,0,-1,1.3232740000000012
31441.281,0,1,0,-3,1.333375
31450.941,0,0,0,-2,1.3430349999999998
31461.031,0,0,0,0,1.353125
31470.681,0,0,0,-1,1.3627750000000014
31480.782,0,0,0,-4,1.3728760000000002
31490.442,0,0,0,-1,1.382536
31500.534,0,0,0,-1,1.3926280000000006
31510.183,0,0,0,-1,1.4022770000000018
31520.287,0,0,0,-2,1.4123810000000012
31529.938,0,0,0,-1,1.4220319999999993
31540.047,0,0,0,-2,1.4321409999999997
31549.681,0,0,0,0,1.4417750000000014
31559.789,0,0,0,1,1.4518830000000016
31569.455,0,0,0,-3,1.4615490000000027
31579.536,0,0,0,0,1.471630000000001
31589.196,0,0,0,-2,1.4812900000000009
31599.285,0,0,0,-1,1.491379000000001
31608.953,0,0,0,-4,1.5010470000000022
31619.04,0,0,0,-3,1.5111340000000018
31628.689,0,0,0,0,1.5207829999999996
31638.787,0,0,0,-2,1.5308810000000013
31648.455,0,0,0,-1,1.5405490000000026
31658.54,0,0,0,0,1.5506340000000018
31668.199,0,0,0,-4,1.5602930000000015
31678.292,0,0,0,0,1.5703860000000023
31687.96,0,0,0,-2,1.580054
31698.047,0,0,0,-1,1.5901409999999996
31707.704,0,0,0,-3,1.5997980000000025
31717.803,0,0,0,-2,1.6098970000000008
31727.459,0,0,0,-5,1.6195529999999998
31737.552,0,0,0,0,1.6296460000000006
31747.202,0,0,0,0,1.639296000000002
31757.299,0,0,0,-3,1.649393
31766.949,0,0,0,-3,1.6590430000000014
31777.043,0,0,0,-4,1.6691370000000025
31786.698,0,0,0,0,1.6787920000000012
31796.796,0,0,0,-2,1.6888899999999993
31806.462,0,0,0,0,1.6985560000000004
31816.562,0,0,0,3,1.7086560000000026
31826.201,0,0,0,-3,1.718295000000002
31836.296,0,0,0,-4,1.7283899999999994
31845.955,0,1,0,-4,1.7380490000000026
31856.045,0,0,0,-4,1.7481389999999992
31865.696,0,0,0,0,1.7577900000000009
31875.806,0,0,0,0,1.7679000000000014
31885.454,0,0,0,-3,1.7775480000000026
31895.555,0,0,0,-4,1.7876490000000012
31905.194,0,0,0,1,1.7972880000000004
31915.3,0,0,0,-2,1.8073940000000002
31924.958,0,0,0,-3,1.8170519999999997
31935.056,0,0,0,-3,1.8271500000000014
31944.71,0,0,0,-5,1.836804
31954.814,0,1,0,-2,1.8469079999999996
31964.457,0,0,0,-5,1.8565509999999994
31974.569,0,0,0,-2,1.8666630000000004
31984.202,0,0,0,-1,1.8762960000000022
31994.305,0,0,0,-5,1.8863990000000013
32003.958,0,0,0,0,1.8960519999999996
32014.055,0,0,0,-2,1.9061490000000012
32023.702,0,0,0,-2,1.915796000000002
32033.802,0,0,0,-1,1.9258960000000007
32043.46,0,0,0,-2,1.935554
32053.556,0,0,0,-5,1.9456500000000014
32063.2,0,0,0,-2,1.9552940000000016
32073.303,0,0,0,1,1.965397000000001
32082.964,0,0,0,0,1.9750580000000009
32093.058,0,0,0,-2,1.9851520000000018
32102.705,0,0,0,-2,1.9947990000000027
32112.825,0,0,0,-3,2.004919000000002
32122.462,0,0,0,1,2.0145560000000007
32132.566,0,0,0,-6,2.02466
32142.207,0,0,0,2,2.0343009999999997
32152.306,0,0,0,0,2.0444000000000013
32161.967,0,0,0,-3,2.0540610000000017
32172.068,0,0,0,-2,2.064162
32181.704,0,1,0,-1,2.0737980000000027
32191.822,0,0,0,0,2.083916000000001
32201.469,0,0,0,0,2.093563000000002
32211.567,0,0,0,0,2.1036610000000002
32221.211,0,0,0,-1,2.1133050000000004
32231.321,0,0,0,-4,2.123415000000001
32240.974,0,0,0,-4,2.1330679999999993
32251.072,0,0,0,-5,2.1431660000000012
32260.71,0,1,0,-3,2.152804
32270.815,0,0,0,-5,2.1629089999999995
32280.475,0,0,0,42,2.1725689999999993
32290.567,3,-3,0,464,2.182661
32300.207,8,-8,0,-301,2.1923009999999996
32310.321,11,-12,-1,-118,2.2024150000000007
32319.981,15,-16,-1,-121,2.212075000000001
32330.067,18,-20,-2,8,2.2221610000000003
32339.716,22,-24,-2,22,2.231810000000001
32349.824,25,-28,-2,71,2.2419180000000014
32359.476,29,-32,-3,-25,2.2515699999999996
32369.563,32,-36,-3,-48,2.261656999999999
32379.214,35,-40,-3,288,2.2713080000000008
32389.313,38,-44,-3,-442,2.2814069999999993
32398.978,41,-48,-4,-511,2.291072
32409.085,44,-51,-3,-179,2.3011790000000003
32418.721,46,-55,-4,158,2.3108150000000025
32428.818,49,-58,-4,-513,2.3209120000000003
32438.48,51,-62,-6,-152,2.3305740000000004
32448.574,53,-65,-4,347,2.3406680000000013
32458.213,57,-70,26,863,2.350307000000001
32468.331,64,-77,109,766,2.3604249999999993
32477.976,64,-80,143,-734,2.3700699999999997
32488.082,63,-81,109,4381,2.3801759999999996
32497.715,66,-90,179,3650,2.389809000000001
32507.825,65,-90,166,-3267,2.3999190000000015
32517.484,62,-88,72,2640,2.4095780000000016
32527.581,69,-104,239,6785,2.4196749999999994
32537.216,73,-110,359,-4108,2.4293100000000014
32547.33,75,-117,410,8326,2.439424000000003
32556.984,78,-124,453,2920,2.4490780000000014
32567.079,76,-126,474,-1395,2.4591730000000025
32576.721,70,-120,274,1689,2.4688150000000024
32586.832,76,-134,519,-5089,2.4789259999999995
32596.485,72,-136,534,2521,2.4885790000000014
32606.588,68,-137,518,52,2.4986820000000005
32616.232,66,-138,580,892,2.5083260000000007
32626.329,60,-137,516,2356,2.5184230000000025
32635.984,56,-134,362,-3843,2.528078000000001
32646.082,49,-133,527,-4359,2.5381759999999995
32655.721,41,-134,531,7403,2.547815000000002
32665.845,38,-132,487,-2707,2.557939000000002
32675.497,32,-127,539,1602,2.567591
32685.589,28,-124,478,1984,2.577683000000001
32695.226,24,-124,401,-4163,2.5873199999999996
32705.34,16,-124,370,8697,2.597434000000001
32714.986,3,-116,453,-4668,2.6070800000000016
32725.079,-3,-112,472,2521,2.6171730000000024
32734.734,-11,-108,506,-214,2.6268280000000015
32744.829,-26,-93,576,1870,2.6369230000000026
32754.491,-30,-91,516,412,2.6465850000000026
32764.59,-37,-93,482,7358,2.656684000000001
32774.228,-47,-63,598,-5919,2.6663220000000036
32784.33,-63,-56,649,3528,2.6764240000000026
32793.992,-90,5,670,272,2.6860859999999995
32804.08,-106,22,721,-4136,2.6961740000000027
32813.739,-97,17,628,1916,2.7058330000000024
32823.846,-104,14,614,6447,2.715939999999999
32833.495,-123,23,658,-11346,2.7255890000000034
32843.592,-130,-20,678,3886,2.735685999999998
32853.24,-140,-20,694,2826,2.745333999999999
32863.335,-156,16,706,-732,2.755429
32873.002,-162,18,679,-271,2.7650960000000016
32883.096,-154,21,609,1616,2.7751899999999985
32892.742,-166,17,621,-4868,2.7848359999999994
32902.846,-170,7,627,2781,2.7949399999999986
32912.5,-173,7,579,3153,2.804594000000001
32922.588,-187,7,638,1052,2.8146820000000043
32932.234,-195,7,647,1159,2.8243279999999977
32942.338,-201,15,660,1876,2.8344320000000045
32951.992,-202,15,618,-888,2.8440859999999994
32962.093,-199,13,585,-944,2.854187000000002
32971.745,-211,5,660,604,2.8638390000000036
32981.836,-203,-9,584,-5008,2.873930000000004
32991.499,-207,-13,593,2825,2.8835930000000043
33001.591,-206,-8,608,269,2.8936850000000014
33011.235,-205,-9,570,-3256,2.9033290000000016
33021.338,-202,-14,579,1040,2.9134320000000042
33031.0,-200,-14,532,-8,2.9230940000000007
33041.088,-193,-14,475,1391,2.9331820000000044
33050.736,-187,-16,418,-2408,2.942829999999998
33060.84,-182,-19,372,2635,2.9529339999999973
33070.503,-174,-31,370,-3853,2.962596999999998
33080.616,-167,-31,281,2429,2.972710000000003
33090.238,-161,-32,252,847,2.9823319999999987
33100.349,-155,-31,227,-2240,2.992443000000003
33109.995,-144,-27,149,-790,3.002089000000004
33120.097,-140,-21,156,2489,3.0121910000000027
33129.742,-134,-21,112,-984,3.0218359999999995
33139.854,-129,-19,105,1950,3.0319480000000003
33149.499,-121,-21,129,7667,3.041593000000004
33159.595,-117,-21,209,-8017,3.0516890000000023
33169.25,-109,-34,144,5564,3.061344000000001
33179.362,-102,-27,188,6695,3.0714560000000017
33189.001,-98,-30,280,1430,3.0810949999999977
33199.11,-94,-28,200,4177,3.0912040000000016
33208.742,-82,-13,247,-1908,3.1008359999999993
33218.848,-76,-10,345,1071,3.110941999999999
33228.502,-73,-21,319,-4040,3.1205960000000013
33238.605,-67,-19,275,-1587,3.1306990000000043
33248.243,-61,0,333,4287,3.1403370000000033
33258.351,-57,7,373,2443,3.1504450000000035
33268.003,-54,20,254,-613,3.1600969999999977
33278.097,-49,22,314,-64,3.1701910000000026
33287.754,-42,18,363,5016,3.1798480000000016
33297.871,-39,18,336,-2954,3.189965
33307.505,-35,14,296,2453,3.1995989999999983
33317.609,-29,23,324,4663,3.2097029999999975
33327.254,-21,34,391,-2798,3.219348000000002
33337.358,-21,35,322,3921,3.229452000000001
33347.016,-26,52,362,-1999,3.239110000000004
33357.112,-23,56,491,-1038,3.249206000000002
33366.757,-21,53,457,998,3.2588509999999986
33376.863,-20,50,439,-6635,3.2689569999999986
33386.525,-16,60,520,-2621,3.2786190000000026
33396.613,-18,48,516,2709,3.2887069999999987
33406.267,-19,47,444,-5196,3.2983610000000008
33416.355,-15,53,572,9808,3.308449000000004
33426.03,-15,53,558,-4204,3.3181239999999996
33436.115,-17,42,516,3065,3.328208999999999
33445.759,-17,44,516,-1333,3.337852999999999
33455.867,-17,39,525,159,3.3479609999999993
33465.518,-18,40,505,24,3.3576119999999974
33475.603,-18,49,432,552,3.3676970000000037
33485.261,-20,46,471,476,3.3773549999999997
33495.363,-22,37,489,-758,3.3874569999999986
33505.016,-24,33,461,287,3.397110000000004
33515.125,-25,28,432,1255,3.407219000000001
33524.761,-26,30,415,-4064,3.4168549999999995
33534.86,-29,28,459,-685,3.4269540000000016
33544.515,-32,27,421,3900,3.4366090000000002
33554.614,-35,45,410,-5553,3.4467080000000023
33564.254,-41,46,552,-4801,3.456348000000002
33574.361,-43,34,499,685,3.466454999999998
33584.017,-44,30,494,-1552,3.476111000000001
33594.113,-46,29,487,-2867,3.4862069999999985
33603.755,-51,32,528,-6388,3.4958489999999984
33613.869,-48,51,443,4579,3.505963
33623.515,-51,48,484,-841,3.5156090000000004
33633.619,-56,28,549,-9137,3.5257129999999997
33643.259,-55,26,475,5828,3.5353529999999993
33653.376,-58,22,486,-3385,3.5454699999999977
33663.017,-57,30,436,-6880,3.5551110000000006
33673.138,-59,33,427,3232,3.565232
33682.757,-64,33,411,-837,3.574850999999999
33692.876,-62,31,349,-421,3.5849699999999975
33702.518,-66,36,436,4928,3.5946119999999975
33712.633,-67,35,426,-8616,3.6047270000000027
33722.259,-66,28,442,1042,3.614352999999999
33732.363,-66,27,426,5069,3.6244569999999987
33742.025,-66,31,413,6086,3.6341190000000023
33752.128,-69,36,458,-7238,3.644221999999998
33761.769,-66,50,401,-599,3.653863000000001
33771.873,-73,57,576,8262,3.6639670000000004
33781.525,-74,24,546,26,3.6736190000000026
33791.618,-72,20,527,4417,3.683712000000003
33801.275,-71,33,508,382,3.6933690000000023
33811.379,-73,38,512,4506,3.7034730000000016
33821.022,-73,37,500,-665,3.713115999999998
33831.122,-71,35,436,-328,3.723216000000004
33840.765,-76,24,560,7383,3.7328590000000004
33850.865,-75,22,501,-6989,3.742958999999999
33860.526,-74,8,490,-2247,3.752619999999999
33870.631,-75,7,475,1721,3.7627250000000023
33880.273,-70,0,414,-4170,3.772367000000002
33890.367,-71,4,401,-961,3.782460999999999
33900.027,-71,4,371,274,3.792121000000003
33910.119,-71,11,327,-1678,3.8022129999999996
33919.77,-71,6,438,7246,3.8118639999999977
33929.883,-71,5,422,-3153,3.8219770000000026
33939.531,-69,0,454,-1050,3.831625000000004
33949.629,-66,6,427,3198,3.8417230000000018
33959.272,-66,12,424,5143,3.8513659999999983
33969.371,-62,4,426,-840,3.861465
33979.037,-58,2,370,3921,3.8711309999999974
33989.138,-61,25,535,507,3.881232
33998.768,-58,23,449,1612,3.890861999999997
34008.873,-49,16,477,-1931,3.9009670000000005
34018.537,-47,17,445,779,3.9106309999999977
34028.621,-44,9,425,894,3.920715
34038.27,-42,8,395,-2359,3.9303639999999977
34048.371,-41,14,369,413,3.940465
34058.045,-41,16,466,3152,3.950138999999999
34068.134,-37,-5,410,384,3.960227999999999
34077.781,-34,-8,399,1654,3.9698750000000036
34087.884,-33,0,421,-363,3.979977999999999
34097.534,-32,1,328,-1562,3.9896280000000006
34107.649,-34,2,325,-1190,3.9997429999999987
34117.284,-32,0,327,-3179,4.009378000000001
34127.397,-30,10,393,7904,4.019490999999999
34137.05,-32,13,469,-6660,4.029144000000004
34147.139,-28,2,442,5145,4.039233000000004
34156.792,-26,-1,487,324,4.048886000000002
34166.895,-28,-3,447,-3995,4.058988999999998
34176.553,-28,-1,406,840,4.068647000000001
34186.64,-30,19,446,6125,4.078734000000001
34196.296,-33,23,548,-5822,4.088390000000003
34206.382,-33,22,508,5881,4.098475999999999
34216.048,-29,4,512,3528,4.1081420000000035
34226.151,-32,-2,500,-1877,4.118244999999999
34235.787,-34,0,448,-3230,4.127880999999998
34245.89,-33,-1,388,2617,4.137984
34255.545,-39,-5,454,-1948,4.147638999999999
34265.663,-42,-4,483,948,4.157757000000001
34275.283,-41,-14,467,602,4.167377000000004
34285.389,-40,-16,458,-3356,4.177483000000004
34295.041,-47,4,453,4986,4.187134999999999
34305.157,-48,5,403,4177,4.1972510000000005
34314.787,-47,11,347,-6675,4.206880999999997
34324.897,-48,9,349,-2063,4.216990999999998
34334.539,-53,16,512,12555,4.226632999999998
34344.65,-56,16,492,-6138,4.2367440000000025
34354.279,-54,-1,533,9342,4.246373000000003
34364.391,-54,-1,533,6027,4.256485000000004
34374.043,-58,4,538,1305,4.266136999999999
34384.141,-58,5,465,-1984,4.276235000000004
34393.783,-56,14,413,-3780,4.285877000000004
34403.901,-59,5,520,9834,4.295994999999999
34413.541,-60,-3,536,-3964,4.305634999999999
34423.653,-59,-7,517,5922,4.315746999999999
34433.285,-59,0,541,2745,4.325379000000004
34443.39,-58,-2,486,-6610,4.335484
34453.049,-54,-3,447,-707,4.345143
34463.159,-52,-3,351,697,4.355253
34472.782,-51,-8,330,869,4.364876000000001
34482.9,-50,-4,400,-5400,4.374994000000003
34492.553,-48,-14,357,4063,4.384647000000001
34502.641,-47,-17,330,2547,4.394735000000004
34512.294,-44,-23,362,2271,4.404388000000003
34522.399,-42,-23,296,-5756,4.4144929999999984
34532.054,-40,-23,234,1563,4.424147999999997
34542.142,-39,-23,189,-208,4.434236000000001
34551.795,-37,-23,75,90,4.4438889999999995
34561.899,-35,-23,59,3934,4.453992999999999
34571.549,-34,-24,106,-5656,4.463643
34581.643,-33,-27,98,5554,4.473736999999997
34591.287,-30,-28,84,498,4.483380999999998
34601.409,-26,-27,116,597,4.4935030000000005
34611.048,-23,-26,57,900,4.503142000000003
34621.147,-18,-17,28,-555,4.513240999999998
34630.796,-18,-19,-22,-118,4.522890000000003
34640.9,-15,-17,-105,-803,4.532994000000002
34650.549,-12,-17,-60,-1335,4.542643
34660.656,-10,-22,-42,1414,4.552750000000004
34670.29,-7,-25,-6,3354,4.5623840000000015
34680.396,-3,-17,17,250,4.572490000000002
34690.054,0,-15,24,-1517,4.5821479999999974
34700.143,1,-4,-14,-3535,4.592236999999997
34709.791,1,-6,-79,1322,4.6018849999999984
34719.908,1,-5,-104,2076,4.612002000000004
34729.556,1,-4,-63,-11929,4.621649999999998
34739.648,0,-16,-66,2747,4.631742000000002
34749.292,1,-19,2,3471,4.6413860000000025
34759.399,0,-17,-8,-71,4.6514929999999985
34769.06,0,-14,26,3834,4.661153999999999
34779.174,-2,-2,-29,-3500,4.671268
34788.807,-3,-5,-86,-5542,4.680901000000001
34798.903,-7,-10,-59,10235,4.690996999999999
34808.557,-10,-14,-64,-8540,4.7006510000000015
34818.658,-14,-13,-51,-1739,4.710752000000004
34828.296,-22,-1,25,2421,4.720390000000003
34838.417,-26,0,-4,1528,4.730511000000003
34848.056,-29,-3,30,-1547,4.740149999999998
34858.161,-29,-4,-66,1839,4.750255000000001
34867.799,-35,-4,-77,-7892,4.759893
34877.899,-43,-7,-38,5502,4.769992999999999
34887.557,-45,-12,-89,-369,4.779651000000002
34897.656,-53,-12,-50,-2975,4.789750000000003
34907.302,-69,13,4,1515,4.799396000000004
34917.402,-73,15,-26,3096,4.809496000000003
34927.062,-79,14,-3,-1373,4.819155999999999
34937.16,-76,13,-95,1880,4.829254000000004
34946.808,-82,14,-80,-3215,4.838901999999998
34956.927,-91,10,-41,-3338,4.849021000000004
34966.56,-90,-3,-100,2486,4.858653999999999
34976.654,-99,-4,-45,-1940,4.868748000000004
34986.304,-110,6,1,350,4.878397999999997
34996.408,-114,8,-16,-921,4.888502000000004
35006.059,-118,6,-18,535,4.898153000000002
35016.165,-115,4,-80,-4544,4.908259000000002
35025.802,-122,-7,-30,4837,4.917896000000004
35035.916,-126,-11,-37,-550,4.928009999999999
35045.565,-125,-11,-79,567,4.937659000000004
35055.655,-131,-17,-31,509,4.947749
35065.313,-136,-18,-8,6775,4.957407000000003
35075.421,-134,-14,-27,-3060,4.967515000000003
35085.071,-134,-15,-56,4261,4.977165000000005
35095.168,-132,-21,-91,-3095,4.9872619999999985
35104.809,-139,-28,-14,-7708,4.996903000000002
35114.907,-133,-54,-69,9673,5.007001
35124.574,-132,-55,-67,-3898,5.016668000000002
35134.669,-134,-55,-54,-1657,5.0267630000000025
35144.306,-136,-54,-19,4739,5.036399999999998
35154.412,-131,-42,-88,-2403,5.046505999999997
35164.076,-129,-44,-72,-614,5.056170000000002
35174.159,-129,-38,-48,6613,5.066253000000001
35183.807,-129,-40,-19,-7581,5.075901000000002
35193.922,-123,-56,-67,5060,5.086016
35203.573,-120,-53,-52,-904,5.095666999999998
35213.666,-117,-58,-41,-36,5.105759999999998
35223.318,-115,-53,-33,449,5.115412
35233.411,-108,-40,-98,-198,5.125505000000001
35243.069,-106,-40,-49,1361,5.135163000000004
35253.173,-101,-43,-5,-4636,5.145267000000003
35262.811,-98,-44,-28,3337,5.154905000000002
35272.923,-91,-26,-69,-2378,5.165017000000003
35282.578,-87,-17,-53,3585,5.174672000000002
35292.668,-83,1,-3,-3735,5.184761999999999
35302.311,-79,2,-81,2169,5.194405000000002
35312.424,-75,6,-38,971,5.204518
35322.078,-70,8,36,-3062,5.214172000000002
35332.168,-65,4,24,640,5.224261999999999
35341.813,-60,5,0,1239,5.233907000000003
35351.937,-56,0,-10,-20,5.244030999999999
35361.583,-52,11,32,-2918,5.253677
35371.673,-49,15,-2,3791,5.263767000000003
35381.314,-45,34,-4,-3671,5.273408
35391.427,-40,39,70,3460,5.283521000000004
35401.072,-35,36,80,-4668,5.293166000000001
35411.168,-32,35,57,1959,5.303261999999998
35420.829,-28,46,40,-4004,5.312922999999999
35430.929,-25,53,56,1127,5.323022999999997
35440.577,-19,59,85,-475,5.332670999999999
35450.676,-19,57,-6,-1660,5.342770000000001
35460.32,-15,61,46,3114,5.3524140000000004
35470.432,-11,64,98,-3964,5.362526000000002
35480.08,-9,51,76,3204,5.372174000000003
35490.173,-7,49,48,1263,5.382267000000003
35499.827,-5,36,47,-740,5.391920999999998
35509.923,-3,40,54,-2577,5.402017000000003
35519.581,-3,51,26,2767,5.411674999999999
35529.678,-2,50,-13,-3659,5.421772000000001
35539.333,-2,39,44,4479,5.431426999999999
35549.43,0,38,58,-1525,5.441524000000001
35559.095,0,27,42,2157,5.451189000000002
35569.182,0,26,6,465,5.461276000000002
35578.826,0,16,-1,1236,5.470920000000002
35588.928,0,20,20,-7069,5.481022000000001
35598.583,-1,19,-32,4682,5.490677
35608.678,-3,27,-50,-1883,5.500772
35618.327,-2,25,46,-210,5.510420999999998
35628.424,-4,10,6,7293,5.520518
35638.095,-4,4,29,-1294,5.530189000000002
35648.182,-4,17,-16,-1166,5.540276000000001
35657.828,-6,21,-22,8865,5.549922000000002
35667.94,-9,11,-2,-5807,5.5600340000000035
35677.596,-9,9,-74,827,5.569689999999999
35687.681,-11,18,25,4101,5.579774999999998
35697.324,-12,18,31,-13398,5.589418000000001
35707.429,-12,7,17,5619,5.599522999999998
35717.084,-13,6,11,-1633,5.6091780000000035
35727.188,-15,1,-40,-9418,5.619282000000003
35736.829,-17,8,-7,-2375,5.628922999999999
35746.933,-15,17,-50,4771,5.639026999999998
35756.592,-16,16,-37,-2343,5.648685999999998
35766.685,-22,17,64,8106,5.658778999999998
35776.326,-22,15,9,4373,5.668420000000002
35786.435,-22,10,50,-1724,5.678528999999998
35796.087,-23,13,-3,4879,5.688181
35806.179,-23,12,15,5763,5.698272999999998
35815.837,-23,12,15,-7915,5.707931
35825.931,-28,28,-8,2793,5.718024999999998
35835.588,-27,27,-51,121,5.727682000000004
35845.698,-28,1,65,-11109,5.737791999999998
35855.329,-27,0,-9,9265,5.747422999999999
35865.438,-27,-5,28,-3476,5.757532000000003
35875.092,-27,-3,-24,-8440,5.767185999999998
35885.19,-28,0,-51,4355,5.777284000000003
35894.83,-33,-1,-27,-106,5.786924000000003
35904.946,-31,-2,-88,-2343,5.797040000000004
35914.59,-30,3,-43,9042,5.806683999999997
35924.704,-31,5,18,-6393,5.816797999999999
35934.341,-26,-19,-45,2035,5.826435000000001
35944.454,-26,-21,-15,4392,5.836547999999999
35954.095,-22,-53,-70,-3677,5.8461890000000025
35964.196,-23,-47,-56,-6085,5.856290000000005
35973.833,-21,-40,-57,4435,5.865927
35983.949,-20,-41,-107,113,5.876043000000002
35993.593,-20,-40,45,-4573,5.885687000000002
36003.712,-19,-40,0,10884,5.895806
36013.334,-15,-47,40,-5862,5.905428000000003
36023.439,-13,-45,21,-7052,5.915532999999999
36033.111,-7,-64,-11,1861,5.925204999999998
36043.194,-8,-60,-7,-980,5.935288000000004
36052.835,-8,-53,-30,-164,5.944929
36062.947,-7,-51,58,2567,5.955041000000001
36072.596,-5,-69,80,-488,5.964689999999998
36082.699,-3,-71,36,-1080,5.974793000000002
36092.336,-6,-77,93,2323,5.984430000000004
36102.444,-7,-73,10,1508,5.994538000000004
36112.097,-9,-79,-3,-1331,6.004191000000002
36122.189,-10,-79,-13,-1637,6.014283
36131.84,-13,-68,2,4859,6.023933999999998
36141.958,-17,-63,94,-3957,6.034052
36151.598,-17,-65,37,579,6.043691999999999
36161.694,-17,-66,64,-725,6.053788000000004
36171.341,-19,-64,55,-517,6.063435000000001
36181.443,-14,-84,-27,-5599,6.073537
36191.11,-15,-80,-69,3652,6.083204000000001
36201.21,-19,-76,-46,-1386,6.093304
36210.845,-22,-71,25,-1005,6.102939000000002
36220.951,-26,-73,28,2328,6.113045000000002
36230.611,-25,-72,31,-6640,6.122704999999998
36240.693,-29,-36,23,-448,6.132787
36250.35,-32,-34,-14,6070,6.142443999999999
36260.447,-28,-20,-58,-6133,6.152541000000001
36270.102,-27,-19,-115,-1976,6.162196
36280.206,-26,0,-30,8146,6.172299999999999
36289.847,-25,7,6,-6744,6.181941000000003
36299.945,-15,-6,11,8591,6.192039
36309.606,-5,-3,30,-1644,6.201700000000001
36319.717,5,1,5,-7681,6.211810999999998
36329.354,16,4,-28,1812,6.2214480000000005
36339.447,27,13,-106,-301,6.231541000000001
36349.107,40,14,-112,-6417,6.241201000000005
36359.208,77,25,35,1699,6.251302
36368.852,86,26,-7,2404,6.260946
36378.966,116,16,48,1393,6.271060000000001
36388.606,132,16,44,6579,6.2807
36398.707,147,-2,15,1015,6.290801000000003
36408.349,152,-2,-40,-1334,6.300443000000003
36418.449,155,-6,-79,-2113,6.310543000000002
36428.107,191,-10,-1,2242,6.320201000000004
36438.221,223,-17,70,3715,6.330314999999999
36447.857,235,-19,42,2607,6.3399510000000046
36457.963,270,-21,92,1366,6.350057000000004
36467.612,277,-21,63,4472,6.359706000000002
36477.71,289,-23,34,-4019,6.369804
36487.349,282,-21,-56,554,6.379443000000003
36497.46,301,-25,-60,4390,6.389554
36507.119,346,-34,41,-10596,6.399213
36517.211,362,-38,23,6153,6.409305000000004
36526.85,390,-32,51,459,6.418944
36536.971,417,-31,71,-1770,6.429064999999999
36546.618,423,-35,18,-4461,6.438712000000003
36556.705,416,-38,-52,-1726,6.448799000000003
36566.361,425,-44,-67,-6894,6.458454999999998
36576.466,449,-46,-43,2493,6.468560000000001
36586.112,458,-63,-53,5872,6.478206000000002
36596.211,482,-65,-33,48,6.488305000000004
36605.854,498,-46,-13,-212,6.497948
36615.955,501,-42,-40,4385,6.508049000000002
36625.614,506,-38,-53,299,6.5177080000000025
36635.721,486,-39,-144,2283,6.527814999999999
36645.354,493,-39,-156,-4009,6.537448
36655.457,516,-39,-111,-8300,6.547551000000003
36665.119,494,-54,-189,2667,6.557213
36675.208,515,-51,-144,822,6.567302
36684.865,518,-19,-125,-4131,6.576958999999999
36694.964,517,-15,-141,2203,6.587058000000001
36704.616,508,1,-159,2832,6.5967100000000025
36714.711,497,0,-206,-6042,6.606805000000004
36724.367,495,-3,-200,2591,6.616460999999999
36734.459,505,-3,-161,-4362,6.626553000000004
36744.121,494,-12,-199,409,6.636215
36754.222,504,-6,-146,-662,6.646316000000002
36763.861,514,0,-92,7910,6.655954999999998
36773.962,493,9,-139,-2229,6.666056
36783.622,485,8,-155,-7448,6.675716000000004
36793.712,480,6,-131,8570,6.685806
36803.367,486,5,-72,-4542,6.695460999999999
36813.465,459,-18,-165,-2541,6.705558999999997
36823.132,471,-12,-75,-541,6.715225999999999
36833.218,461,-13,-36,3443,6.7253120000000015
36842.864,440,-14,-124,-477,6.734958000000002
36852.977,430,1,-112,-2832,6.745071
36862.623,439,0,-7,-3161,6.754717
36872.712,420,-30,-44,2059,6.764806
36882.369,413,-30,-56,-7040,6.774463
36892.474,414,-35,6,2907,6.784568000000003
36902.128,412,-33,35,2480,6.794221999999998
36912.223,392,-18,-51,-6096,6.804316999999999
36921.87,401,-22,77,6029,6.813964000000004
36931.977,398,-34,114,-5002,6.824071
36941.63,390,-37,95,1308,6.833723999999998
36951.729,383,-19,114,-3889,6.843823
36961.377,384,-12,155,-7575,6.853471000000002
36971.474,370,25,107,3565,6.8635680000000026
36981.128,366,24,108,1445,6.8732219999999975
36991.227,378,3,253,-12313,6.883321
37000.869,366,0,184,3965,6.892963
37010.976,367,7,194,-84,6.903070000000003
37020.629,363,11,181,-999,6.9127230000000015
37030.723,356,10,186,-3812,6.922816999999999
37040.378,351,8,148,2139,6.932471999999998
37050.484,357,10,220,1114,6.9425779999999975
37060.137,362,18,250,-12279,6.952231000000004
37070.246,357,15,211,5436,6.96234
37079.869,355,18,222,-1135,6.971963
37089.982,346,20,174,-8748,6.982076000000005
37099.629,348,4,164,-1248,6.991723000000002
37109.726,346,4,149,1343,7.001820000000003
37119.375,340,21,154,-845,7.011469000000001
37129.474,348,25,225,5695,7.021568000000003
37139.142,344,6,165,-3481,7.031236000000001
37149.232,349,3,210,-1401,7.041326000000004
37158.877,348,16,221,3081,7.050971000000001
37168.989,335,17,136,-850,7.061083000000003
37178.631,334,14,125,-3154,7.070725000000002
37188.735,328,16,80,2377,7.080829000000001
37198.381,332,25,87,1485,7.090475000000002
37208.479,336,24,89,1471,7.100573000000001
37218.133,346,5,134,1871,7.110227000000003
37228.235,338,3,82,342,7.120329000000002
37237.873,339,9,101,-2847,7.129967000000001
37247.989,335,8,73,-4448,7.140083000000002
37257.637,324,13,5,1030,7.149731000000004
37267.729,324,16,-11,926,7.159823
37277.378,320,24,-74,-4102,7.169471999999998
37287.483,330,22,-47,6115,7.179577000000001
37297.134,339,25,-12,-6547,7.189227999999999
37307.237,342,19,-17,6512,7.199331000000002
37316.89,345,18,-21,-2169,7.208984
37326.984,338,49,-40,-7253,7.219077999999998
37336.647,334,48,-68,4615,7.2287409999999985
37346.754,329,59,-113,-6410,7.238848000000002
37356.383,321,58,-178,3579,7.248477000000003
37366.495,333,65,-147,-535,7.258589000000003
37376.146,353,68,-70,-4653,7.268240000000001
37386.236,356,57,-83,2198,7.278329999999998
37395.878,367,54,-50,-6210,7.287971999999998
37405.982,363,65,-73,-1645,7.2980760000000044
37415.639,363,62,-92,5627,7.307733000000004
37425.736,357,66,-140,-5970,7.317829999999998
37435.382,351,64,-193,1909,7.327475999999999
37445.486,369,68,-140,2484,7.337579999999998
37455.148,393,65,-60,-3895,7.347242000000002
37465.244,396,43,-75,5914,7.3573379999999995
37474.887,411,35,-28,-2422,7.3669810000000036
37484.984,405,40,-57,-4188,7.377077999999997
37494.646,407,34,-67,287,7.386740000000001
37504.742,383,44,-178,-1252,7.3968359999999995
37514.385,383,37,-203,-1590,7.406479000000003
37524.494,409,27,-96,-2645,7.416588
37534.143,418,19,-80,7172,7.426236999999998
37544.239,424,24,-88,520,7.436333000000002
37553.893,441,14,-34,-1812,7.445986999999997
37563.985,430,7,-88,3629,7.456079000000002
37573.65,424,1,-125,-2654,7.465744000000003
37583.737,409,-3,-198,-5322,7.475831000000002
37593.384,423,-10,-144,2876,7.485477999999999
37603.513,430,-16,-119,-506,7.495607
37613.152,437,-37,-96,5328,7.505246000000003
37623.248,446,-41,-73,-2293,7.515342
37632.891,446,-50,-64,3231,7.5249850000000045
37642.999,432,-52,-132,140,7.535093000000004
37652.646,421,-45,-164,-10262,7.544740000000002
37662.754,435,-58,-100,5830,7.554848000000002
37672.387,421,-73,-140,371,7.564481000000003
37682.5,432,-82,-97,-2897,7.574594000000001
37692.147,438,-38,-40,2342,7.584240999999998
37702.257,434,-37,-55,-1729,7.594350999999999
37711.889,419,-35,-96,456,7.603983000000004
37721.995,411,-40,-130,1939,7.614089000000003
37731.649,428,-48,-4,-7310,7.623742999999998
37741.753,407,-46,-107,4192,7.633846999999998
37751.399,410,-46,-80,2176,7.6434929999999985
37761.502,419,-42,-12,-1189,7.653596000000001
37771.153,415,-30,-21,-840,7.663246999999999
37781.242,404,-30,-60,-622,7.673335999999999
37790.898,403,-29,-37,-259,7.682992000000002
37801.014,414,-27,44,-11935,7.693108000000004
37810.651,395,-49,-32,8798,7.702744999999999
37820.746,395,-45,-9,-1383,7.71284
37830.394,392,-37,39,-3485,7.722488000000001
37840.494,389,-32,35,1707,7.732588
37850.156,375,-5,-19,-2676,7.742250000000004
37860.265,380,-4,42,658,7.752359
37869.892,385,0,92,-8085,7.761986000000001
37879.996,371,-8,43,4886,7.77209
37889.657,369,-4,45,-2363,7.781751
37899.746,374,17,82,1383,7.7918400000000005
37909.412,374,23,90,337,7.801505999999997
37919.512,358,43,14,-2353,7.811606000000004
37929.165,363,46,67,199,7.821259000000002
37939.259,367,45,122,-3891,7.831352999999999
37948.907,362,44,90,5831,7.841001
37958.997,356,31,57,-4126,7.851091000000004
37968.661,359,39,79,595,7.860755000000001
37978.764,363,32,111,-4385,7.870858000000004
37988.396,354,32,46,2554,7.880490000000002
37998.499,357,46,74,-1455,7.890593000000004
38008.167,365,47,126,2898,7.900261000000002
38018.249,363,40,123,-3936,7.910343000000005
38027.907,359,37,89,2517,7.920001
38038.016,356,51,84,-50,7.930110000000004
38047.667,357,55,79,7362,7.9397610000000025
38057.754,360,73,105,-390,7.949848000000002
38067.399,350,71,29,1107,7.959492999999998
38077.501,360,71,64,1042,7.969594999999997
38087.159,372,72,119,-5757,7.979253000000001
38097.256,368,60,77,369,7.989350000000003
38106.903,370,56,77,-481,7.998996999999999
38117.019,367,45,53,-2499,8.009113000000001
38126.67,365,48,32,8718,8.018764
38136.757,371,72,39,-2159,8.028851
38146.404,365,70,-17,1728,8.038498000000002
38156.508,370,69,-8,-2454,8.048602000000002
38166.158,387,63,62,-7629,8.058252000000005
38176.272,380,61,10,4146,8.068365999999997
38185.902,388,50,28,-778,8.077996000000002
38196.015,382,50,-15,-1240,8.088109000000001
38205.665,378,41,-25,5740,8.097759000000002
38215.769,380,44,-39,-5838,8.107863000000002
38225.409,378,59,-64,4618,8.117503000000001
38235.509,378,58,-87,-4242,8.127602999999999
38245.175,403,52,16,244,8.137269000000003
38255.271,395,50,-35,8230,8.147365000000002
38264.907,408,41,-2,-884,8.157001000000001
38275.015,404,40,-34,-478,8.167109
38284.681,398,32,-58,4522,8.176774999999997
38294.775,400,35,-67,-5218,8.186869000000003
38304.409,396,48,-80,3027,8.196503
38314.521,393,46,-117,-2569,8.206615000000001
38324.175,423,29,-7,2689,8.216269000000004
38334.263,413,27,-62,7318,8.226357
38343.913,418,27,-51,-3137,8.236007
38354.023,417,25,-65,465,8.246117000000002
38363.669,407,19,-118,5918,8.255763000000004
38373.761,409,21,-125,-2166,8.265855
38383.414,404,31,-137,574,8.275507999999999
38393.511,405,28,-153,2403,8.285605
38403.173,434,4,-42,-6098,8.295267000000003
38413.276,421,1,-108,4647,8.305369999999998
38422.91,432,-4,-67,-5812,8.315004000000004
38433.022,419,1,-115,-5245,8.325115999999998
38442.682,413,3,-153,-112,8.334776000000002
38452.762,403,0,-196,3409,8.344856000000004
38462.419,412,-5,-168,-2516,8.354513000000003
38472.519,435,5,-81,2864,8.364613000000002
38482.179,430,3,-100,2812,8.374272999999997
38492.273,430,-25,-107,-1883,8.384367000000003
38501.919,434,-28,-84,-6918,8.394013000000003
38512.018,415,-36,-150,6136,8.404111999999998
38521.676,406,-36,-202,-1010,8.413770000000001
38531.764,405,-37,-177,-8399,8.423858000000005
38541.416,434,-40,-51,9216,8.433509999999998
38551.523,430,-44,-63,-3114,8.443617000000001
38561.183,439,-49,-25,560,8.453276999999998
38571.27,438,-24,-21,4925,8.463363999999999
38580.914,429,-24,-66,3981,8.473007999999998
38591.018,417,-29,-144,368,8.483111999999997
38600.678,437,-33,-58,1688,8.492772
38610.782,454,-16,18,675,8.502876
38620.415,449,-17,-9,1301,8.512509000000001
38630.528,462,-29,46,2398,8.522622
38640.18,456,-29,22,-2452,8.532274000000001
38650.277,447,-40,-10,-3684,8.542371000000003
38659.921,427,-40,-114,3658,8.552015000000003
38670.033,446,-41,-22,-2776,8.562127000000004
38679.676,466,-41,73,-5823,8.57177
38689.777,453,-44,2,8565,8.581871000000003
38699.423,467,-42,71,675,8.591517000000003
38709.532,467,-42,71,-2354,8.601626
38719.187,457,-42,42,-482,8.611280999999998
38729.291,447,-43,-3,-2233,8.621384999999998
38738.918,428,-36,-88,-5381,8.631011999999998
38749.042,440,-33,-18,4111,8.641136000000003
38758.679,440,-51,17,3054,8.650772999999997
38768.798,440,-51,11,2571,8.660892000000004
38778.419,448,-21,77,-3578,8.670513000000003
38788.53,442,-18,56,-1559,8.680624
38798.18,421,-13,-16,-1241,8.690274
38808.272,414,-17,-33,-5746,8.700365999999999
38817.93,410,-11,-57,2080,8.710024
38828.045,414,-4,-11,2429,8.720139
38837.691,410,-9,7,2343,8.729785
38847.785,411,-5,28,-822,8.739879000000004
38857.421,409,-6,43,4515,8.749515000000002
38867.525,399,-4,-4,-3845,8.759619000000002
38877.185,374,10,-68,-6472,8.769279
38887.275,371,7,-55,8057,8.779369000000003
38896.924,370,-3,-28,-12285,8.789018
38907.038,364,-1,-54,4849,8.799132000000002
38916.683,367,36,36,4829,8.808776999999997
38926.779,358,40,7,4497,8.818873000000004
38936.427,356,31,38,-181,8.828521000000004
38946.526,343,29,-28,2400,8.838619999999999
38956.185,339,32,-45,-3330,8.848278999999998
38966.288,342,31,11,-7491,8.858382
38975.93,329,9,-45,7870,8.868024000000002
38986.042,333,8,16,-5257,8.878136000000001
38995.688,334,12,53,2672,8.887782000000003
39005.787,327,10,30,-1043,8.897880999999998
39015.435,320,8,2,-286,8.907528999999998
39025.546,306,17,-37,-1395,8.917640000000002
39035.201,314,9,58,-4588,8.927295000000003
39045.28,300,-6,-38,2961,8.937374
39054.932,302,-9,1,225,8.947026000000001
39065.035,305,0,46,-5113,8.957129000000004
39074.699,302,0,36,1440,8.966793000000001
39084.787,293,2,-3,76,8.976880999999997
39094.438,289,-1,-15,-6699,8.986532000000002
39104.548,294,0,37,3362,8.996642000000003
39114.186,292,-3,32,1208,9.006280000000002
39124.287,286,-15,-14,-3046,9.016380999999997
39133.931,290,-13,26,801,9.026024999999997
39144.051,288,-7,37,1410,9.036145000000001
39153.694,284,-6,-4,4073,9.045788000000003
39163.794,280,12,-1,-2063,9.055888000000003
39173.446,284,9,30,1583,9.065540000000004
39183.538,289,7,64,-7872,9.075632
39193.2,287,3,38,5474,9.085293999999998
39203.296,285,21,28,-1402,9.095390000000004
39212.932,287,26,26,1520,9.105026000000002
39223.036,289,42,45,-6484,9.11513
39232.695,286,42,-2,4403,9.124789
39242.791,296,46,8,-3380,9.134884999999999
39252.439,306,48,54,2224,9.144533
39262.549,309,45,47,-734,9.154643
39272.193,310,42,33,1475,9.164287
39282.292,308,47,5,-1843,9.174386000000002
39291.936,312,51,4,404,9.184030000000002
39302.053,313,78,-3,-5724,9.194147000000001
39311.698,316,80,-14,4256,9.203791999999998
39321.811,316,81,-43,-2905,9.213905000000002
39331.435,332,86,-3,3536,9.223529
39341.553,338,88,5,-1201,9.233647000000001
39351.196,342,77,-9,1510,9.243290000000005
39361.299,342,77,-31,-376,9.253393
39370.944,344,79,-35,-3289,9.263038000000003
39381.053,343,82,-67,2730,9.273147000000002
39390.699,351,110,-33,1618,9.282793000000002
39400.793,342,108,-111,-1345,9.292886999999999
39410.438,354,108,-89,1367,9.302532000000003
39420.555,367,108,-50,-1696,9.312649
39430.203,366,98,-78,-1317,9.322297000000002
39440.29,368,94,-89,2403,9.332384000000001
39449.943,367,93,-102,-836,9.342037
39460.059,366,94,-124,5920,9.352153000000001
39469.699,372,115,-105,-1356,9.361793000000002
39479.794,363,112,-167,4715,9.371888000000002
39489.45,370,109,-170,-1403,9.381543999999998
39499.55,387,106,-111,-1344,9.391644000000003
39509.201,383,92,-138,-377,9.401295000000001
39519.305,386,85,-138,1558,9.411399000000001
39528.941,382,80,-165,-1465,9.421035
39539.044,383,80,-172,8622,9.431138000000002
39548.706,385,102,-160,-5251,9.4408
39558.794,380,99,-204,3707,9.450888000000003
39568.445,390,95,-177,1724,9.460539
39578.548,410,92,-98,-11884,9.470642000000003
39588.213,404,88,-134,2136,9.480307000000005
39598.304,410,68,-112,-5424,9.490397999999997
39607.947,404,69,-146,-9998,9.500041000000001
39618.048,409,58,-138,-1466,9.510142000000004
39627.726,415,58,-125,5169,9.519820000000003
39637.813,404,70,-160,-5435,9.529907000000003
39647.463,436,69,-25,-368,9.539557000000004
39657.552,433,50,-45,5162,9.549646000000005
39667.21,441,43,-20,-5502,9.559304000000001
39677.304,434,56,-57,-6935,9.569397999999998
39686.948,435,59,-58,5921,9.579041999999998
39697.049,436,66,-29,1542,9.589143
39706.708,427,63,-86,-4003,9.598802
39716.804,455,66,15,10600,9.608897999999998
39726.454,457,65,22,5381,9.618547999999999
39736.549,455,53,18,384,9.628643
39746.212,452,53,1,3149,9.638306
39756.304,442,24,-24,10309,9.648397999999997
39765.95,447,27,-6,-3730,9.658043999999999
39776.054,427,30,-66,1676,9.668147999999997
39785.707,444,30,18,5829,9.677801000000002
39795.806,450,8,41,-10193,9.687899999999997
39805.464,451,3,42,3542,9.697558
39815.555,444,11,19,829,9.707649000000002
39825.216,438,14,-2,-3599,9.717310000000001
39835.306,433,17,12,-4424,9.727399999999998
39844.953,425,15,-31,4372,9.737047000000002
39855.052,434,25,20,-5320,9.747146000000004
39864.71,436,26,37,-5021,9.756804
39874.815,436,26,37,8269,9.766909000000004
39884.451,422,13,15,-6254,9.776545000000002
39894.561,413,16,-22,-8030,9.786655000000003
39904.211,403,-12,-35,7472,9.796305000000004
39914.325,399,-13,-54,-1726,9.806418999999998
39923.952,385,-5,-66,-1428,9.816045999999998
39934.069,399,-1,35,9777,9.826163000000005
39943.712,384,-21,-34,-4155,9.835806
39953.809,388,-24,10,1172,9.845903000000002
39963.453,373,-6,-47,4134,9.855547000000003
39973.56,373,-6,-47,4733,9.865654
39983.213,371,-19,-45,-1602,9.875307000000005
39993.308,370,-19,-41,-272,9.885401999999997
40002.959,371,-4,-44,4543,9.895053000000004
40013.064,385,1,77,-7437,9.905158
40022.724,376,-8,29,3429,9.914818000000002
40032.811,383,-11,96,2657,9.924905000000003
40042.458,362,-38,44,2129,9.934552
40052.57,359,-35,29,2213,9.944664000000001
40062.216,353,-27,56,-3368,9.954310000000001
40072.324,357,-27,99,3995,9.964418000000002
40081.956,365,-50,159,-2841,9.97405
40092.065,356,-52,95,7344,9.984159000000004
40101.72,354,-35,156,-858,9.993814000000002
40111.817,342,-33,87,2918,10.003911000000004
40121.459,336,-30,43,-2733,10.013553000000003
40131.569,330,-31,32,-1993,10.023663000000004
40141.228,335,-33,64,5920,10.033322000000004
40151.316,351,-17,134,-8417,10.04341
40160.977,345,-18,107,8264,10.053071
40171.06,349,-18,122,82,10.063153999999999
40180.722,345,-17,115,-8488,10.072816000000003
40190.82,334,-24,50,4753,10.082914
40200.465,326,-21,-2,-2012,10.092558999999998
40210.562,317,-21,-23,-1287,10.102656
40220.223,329,-20,51,5990,10.112317
40230.318,330,-15,70,-6175,10.122412
40239.96,325,-14,67,6195,10.132054
40250.074,323,-4,90,-8316,10.142168000000002
40259.72,309,-4,44,-10918,10.151814000000002
40269.814,293,-16,5,4067,10.161907999999999
40279.467,279,-14,-53,-3915,10.171560999999999
40289.563,259,-20,-109,-41,10.181657000000003
40299.224,254,-20,-88,409,10.191318000000003
40309.339,245,-19,-24,-1075,10.201433000000002
40318.966,235,-19,-66,2303,10.211060000000002
40329.073,225,-18,-31,-2167,10.221166999999998
40338.725,214,-17,-57,723,10.230819
40348.815,199,-28,-106,1561,10.240909000000004
40358.468,188,-28,-160,-2442,10.250562000000002
40368.578,174,-31,-244,433,10.260672000000003
40378.223,166,-33,-231,7396,10.270316999999999
40388.32,150,-32,-99,-7996,10.280414
40397.967,142,-32,-161,5503,10.290060999999998
40408.066,129,-35,-94,1452,10.30016
40417.727,114,-29,-101,-3648,10.309821
40427.84,103,-29,-121,-7101,10.319933999999998
40437.465,89,-30,-190,2275,10.329558999999998
40447.585,78,-32,-219,-1211,10.339679
40457.233,55,-29,-77,-9664,10.349327
40467.325,43,-33,-71,9447,10.359418999999997
40476.969,30,-34,-35,-2127,10.369062999999999
40487.086,16,-33,5,1923,10.379180000000003
40496.73,13,-45,-57,4631,10.388824000000005
40506.834,3,-51,-88,-3318,10.398928000000003
40516.47,-11,-53,-57,7569,10.408564000000002
40526.589,-27,-52,-23,-1221,10.418683000000001
40536.227,-49,-74,36,1494,10.428321
40546.328,-60,-73,42,-196,10.438422000000003
40555.975,-71,-78,77,4352,10.448069
40566.071,-77,-78,25,-2735,10.458165000000005
40575.743,-84,-61,-21,-7641,10.467837000000003
40585.835,-106,-66,43,10259,10.477929
40595.469,-109,-73,8,-6167,10.487562999999998
40605.573,-122,-74,26,4540,10.497666999999998
40615.234,-149,-36,99,4010,10.507327999999998
40625.322,-154,-33,57,2436,10.517416
40634.973,-160,-34,59,1297,10.527066999999999
40645.094,-159,-35,-9,-611,10.537187999999999
40654.731,-170,-36,26,273,10.546825
40664.83,-180,-37,34,-7455,10.556924000000002
40674.485,-177,-47,-23,6234,10.566579
40684.584,-192,-46,22,3232,10.576678000000003
40694.235,-201,-42,37,-3161,10.586329000000001
40704.335,-202,-35,24,-229,10.596429
40713.979,-204,-33,-8,1098,10.606073
40724.083,-206,-33,-27,-5750,10.616177
40733.743,-214,-34,-10,4997,10.625837000000002
40743.826,-218,-40,2,-2503,10.635920000000002
40753.477,-216,-39,-60,-2704,10.645571
40763.579,-231,-30,-7,-80,10.655672999999998
40773.24,-236,-26,-26,-5217,10.665334
40783.333,-253,-13,-2,1548,10.675426999999999
40792.974,-252,-12,-65,2034,10.685068000000003
40803.082,-266,-17,-69,-3762,10.695176000000004
40812.738,-280,-16,-45,5154,10.704831999999998
40822.836,-289,-42,-46,-4341,10.714930000000004
40832.476,-294,-43,-85,3109,10.724570000000003
40842.587,-316,-45,-65,-814,10.734681
40852.237,-324,-41,-88,-643,10.744331000000003
40862.33,-350,-47,-59,-465,10.754424000000002
40871.979,-346,-46,-132,-407,10.764073
40882.086,-367,-48,-110,16,10.774180000000005
40891.737,-397,-48,-60,1271,10.783831000000003
40901.841,-402,-61,-83,-46,10.793935000000001
40911.485,-409,-63,-110,2271,10.803579000000001
40921.59,-417,-67,-122,-2297,10.813683999999997
40931.238,-432,-62,-121,5455,10.823331999999999
40941.336,-441,-50,-114,674,10.833430000000003
40950.979,-438,-49,-168,-2967,10.843073
40961.095,-481,-54,-80,8423,10.853189000000002
40970.741,-498,-53,-67,-6694,10.862835000000002
40980.838,-506,-55,-78,1536,10.872932000000004
40990.481,-514,-55,-86,4730,10.882575000000001
41000.606,-514,-49,-120,-665,10.892700000000001
41010.244,-528,-53,-98,-6039,10.902338
41020.364,-525,-52,-140,5295,10.912458000000003
41029.983,-541,-31,-121,197,10.922077000000002
41040.1,-585,-22,-16,-5414,10.932193999999999
41049.744,-566,-41,-83,7906,10.941838
41059.851,-591,-41,-28,-1295,10.951945000000004
41069.495,-574,-33,-92,-7370,10.961589000000004
41079.599,-585,-24,-80,1453,10.971693000000004
41089.25,-591,-2,-72,512,10.981344000000002
41099.344,-581,-1,-115,-1255,10.991437999999999
41108.986,-627,13,22,2346,11.001079999999998
41119.107,-611,12,-37,2825,11.011201000000005
41128.746,-616,-5,-7,-4159,11.02084
41138.84,-609,-1,-34,2512,11.030933999999997
41148.499,-597,-10,-45,5528,11.040593000000005
41158.591,-597,-6,-51,-4367,11.050685000000001
41168.252,-582,2,-93,1116,11.060346000000001
41178.354,-618,9,47,2347,11.070448
41187.995,-595,-25,-11,-5805,11.080089000000003
41198.104,-601,-29,28,264,11.090198000000001
41207.76,-583,-16,-14,4739,11.099854000000002
41217.856,-576,-11,-31,-4598,11.109950000000001
41227.501,-565,0,-45,-1839,11.119594999999997
41237.602,-559,-2,-55,3389,11.129696
41247.262,-559,-2,-55,2433,11.139356000000003
41257.349,-586,-1,71,-3039,11.149443000000003
41266.99,-569,-21,13,1573,11.159083999999998
41277.096,-568,-27,52,-1878,11.169189999999999
41286.767,-560,-27,43,-1146,11.178861000000001
41296.849,-530,-44,-16,720,11.188943000000004
41306.503,-513,-44,-85,-3537,11.198596999999998
41316.598,-517,-37,-16,8810,11.208692
41326.266,-528,-37,63,-4562,11.218360000000004
41336.35,-512,-67,41,6446,11.228444
41345.995,-506,-71,59,7041,11.238089000000004
41356.104,-494,-66,64,-6048,11.248198
41365.756,-484,-64,20,-2043,11.257850000000003
41375.862,-455,-59,-64,3153,11.267956000000002
41385.495,-457,-64,-20,-187,11.277589000000004
41395.61,-464,-73,98,-2925,11.287704000000002
41405.25,-454,-74,60,1750,11.297344
41415.352,-457,-69,118,-4139,11.307446
41424.994,-446,-69,85,1469,11.317088
41435.117,-428,-84,59,1742,11.327211
41444.751,-409,-82,-45,-899,11.336844999999997
41454.858,-418,-95,6,3957,11.346952000000002
41464.494,-430,-99,103,-8934,11.356588
41474.608,-412,-104,32,3119,11.366702000000002
41484.26,-417,-106,96,-384,11.376354000000003
41494.364,-406,-116,51,2838,11.386458000000003
41503.992,-395,-115,-8,-346,11.396085999999999
41514.106,-377,-113,-74,-1202,11.4062
41523.757,-381,-115,-53,2153,11.415850999999998
41533.85,-381,-115,-53,-672,11.425944
41543.494,-393,-136,0,-1937,11.435588
41553.607,-393,-136,0,3777,11.445701000000005
41563.254,-400,-96,33,2141,11.455348000000003
41573.355,-395,-94,-8,2074,11.465449000000005
41583.007,-383,-92,-85,-3194,11.475100999999999
41593.109,-398,-97,-24,-5140,11.485202999999998
41602.761,-400,-89,-39,6704,11.494855
41612.858,-405,-86,-35,1248,11.504952000000001
41622.496,-430,-101,58,-7527,11.51459
41632.606,-430,-95,33,2609,11.524700000000001
41642.256,-440,-64,56,1418,11.534350000000002
41652.353,-427,-64,-24,2901,11.544447000000003
41662.006,-444,-17,43,1937,11.554100000000002
41672.109,-450,-16,38,2820,11.564202999999997
41681.758,-448,-25,9,-2878,11.573852000000002
41691.863,-470,-20,72,1222,11.583956999999998
41701.498,-483,5,100,-1149,11.593592000000001
41711.601,-484,9,70,2091,11.603695000000004
41721.261,-480,20,28,-15,11.613355
41731.357,-483,18,21,-2514,11.623451000000005
41741.002,-507,21,89,7784,11.633096000000002
41751.12,-489,20,-2,-2120,11.643214000000004
41760.764,-496,16,22,-2298,11.652858000000004
41770.86,-502,21,33,3428,11.662954000000001
41780.502,-507,40,43,-7218,11.672596000000002
41790.602,-496,40,-25,-659,11.682696
41800.272,-498,59,-28,1095,11.692365999999998
41810.368,-504,56,-15,-2297,11.702462000000002
41820.007,-504,56,-15,3605,11.712100999999999
41830.107,-502,56,-47,1375,11.722201000000005
41839.771,-510,57,-26,-3954,11.731865
41849.862,-507,77,-35,2958,11.741956000000002
41859.515,-517,79,-12,-2594,11.751609
41869.62,-493,92,-105,-448,11.761714000000003
41879.276,-500,87,-74,-632,11.77137
41889.365,-508,92,-20,2937,11.781458999999998
41899.023,-505,86,-36,-3873,11.791117000000002
41909.115,-488,70,-78,2879,11.801208999999998
41918.775,-489,70,-68,-2940,11.810869000000002
41928.866,-490,59,-63,2315,11.820960000000003
41938.516,-486,56,-85,-5499,11.830610000000004
41948.613,-476,76,-107,2522,11.840706999999998
41958.28,-500,69,8,2591,11.850374
41968.377,-495,48,-11,-10636,11.860471000000002
41978.025,-498,40,7,2972,11.870119000000003
41988.112,-488,52,-17,-386,11.880206000000001
41997.785,-490,54,-5,-6497,11.889879000000004
42007.872,-485,50,-3,-4905,11.899966000000004
42017.516,-470,47,-72,3936,11.909610000000004
42027.611,-498,64,67,569,11.919704999999999
42037.281,-491,61,40,-5225,11.929375000000004
42047.361,-485,28,54,10973,11.939454999999999
42057.013,-480,27,44,-3323,11.949107
42067.123,-467,8,16,-6411,11.959217
42076.771,-469,10,25,690,11.968865000000001
42086.868,-463,34,25,2146,11.978962000000003
42096.512,-470,29,75,-1873,11.988606000000003
42106.616,-470,29,75,2947,11.998710000000003
42116.269,-464,-20,68,3777,12.008363000000001
42126.382,-469,-23,104,-5276,12.018475999999998
42136.008,-456,-14,51,2798,12.028102000000002
42146.141,-457,-10,54,4710,12.038235000000004
42155.772,-456,-22,41,-3739,12.047865999999997
42165.875,-453,-23,27,2338,12.057969000000002
42175.513,-471,-2,133,2342,12.067607
42185.638,-455,-4,57,-5243,12.077732
42195.278,-457,-27,102,4499,12.087372
42205.375,-448,-25,59,1339,12.097469
42215.013,-436,-37,14,-6245,12.107107
42225.134,-433,-34,-9,-409,12.117227999999999
42234.784,-427,-16,-15,-1262,12.126878000000001
42244.887,-437,-14,40,488,12.136981000000004
42254.511,-448,-28,75,877,12.146605
42264.624,-438,-29,29,2359,12.156718000000005
42274.274,-447,-36,73,431,12.166367999999999
42284.365,-434,-34,5,1259,12.176459
42294.02,-422,-39,-18,-3572,12.186113999999998
42304.127,-416,-38,-59,-753,12.196221000000001
42313.772,-419,-25,-41,-1836,12.205865999999999
42323.877,-440,-20,56,3694,12.215971000000001
42333.522,-431,-38,23,-6682,12.225615999999999
42343.617,-430,-39,30,-1583,12.235710999999998
42353.282,-435,-19,50,-339,12.245376
42363.366,-424,-16,-13,1382,12.255460000000003
42373.014,-419,-24,-13,-4532,12.265108000000003
42383.112,-417,-22,-39,1461,12.275206000000003
42392.786,-417,-22,-39,5553,12.284880000000001
42402.871,-435,0,36,-4989,12.294965
42412.53,-435,-1,44,5237,12.304624
42422.625,-433,-23,47,-6880,12.314719
42432.284,-431,-22,15,-6613,12.324378000000001
42442.371,-417,-31,-46,2928,12.334465
42452.029,-411,-31,-90,2106,12.344123000000003
42462.132,-439,-40,29,-4362,12.354225999999999
42471.794,-445,-37,38,5299,12.363888000000003
42481.871,-443,-52,37,-3316,12.373965
42491.522,-447,-54,56,1640,12.383615999999998
42501.62,-448,-35,66,12533,12.393714000000003
42511.299,-443,-34,37,1490,12.403393
42521.386,-424,-39,-31,-2099,12.41348
42531.02,-413,-39,-95,-1339,12.423113999999998
42541.133,-423,-28,-47,1365,12.433227000000002
42550.785,-447,-31,63,315,12.442879000000005
42560.88,-434,-43,12,2053,12.452973999999998
42570.529,-442,-47,71,1398,12.462623000000002
42580.624,-430,-49,43,-1719,12.472718000000004
42590.279,-429,-50,26,-3582,12.482373000000003
42600.382,-398,-40,-100,2214,12.492475999999998
42610.022,-397,-42,-108,8831,12.502115999999997
42620.131,-428,-50,20,-11427,12.512225000000003
42629.791,-427,-53,2,4436,12.521885
42639.872,-432,-54,26,3174,12.531966000000004
42649.52,-436,-27,67,-2203,12.541613999999997
42659.63,-426,-10,-1,4482,12.551723999999998
42669.281,-422,-14,-49,-4548,12.561375000000004
42679.394,-428,-18,-43,7753,12.571488
42689.04,-441,-15,4,-2641,12.581134000000002
42699.143,-451,-17,32,1212,12.591236999999998
42708.78,-466,6,57,1819,12.600874
42718.893,-476,10,77,2494,12.610986999999998
42728.527,-467,-11,54,-3058,12.620621000000003
42738.638,-453,-13,-27,4145,12.630732
42748.292,-469,-8,12,7327,12.640386000000003
42758.398,-479,-5,14,-13133,12.650492000000002
42768.024,-484,-26,8,2952,12.660117999999999
42778.143,-510,-29,87,3902,12.670236999999997
42787.787,-510,-17,63,-3198,12.679880999999998
42797.888,-523,-14,88,-2375,12.689982
42807.524,-500,2,-6,-1810,12.699618
42817.636,-506,-3,-8,-4906,12.70973
42827.287,-523,-25,41,-483,12.719380999999997
42837.39,-514,-24,-18,2626,12.729484000000001
42847.028,-533,-25,28,-1663,12.739122
42857.133,-549,-26,67,3931,12.749227000000003
42866.785,-546,-29,49,-180,12.758879000000004
42876.882,-539,-29,10,-501,12.768975999999999
42886.538,-529,-24,-38,-6662,12.778632000000002
42896.629,-554,-33,37,4030,12.788723000000001
42906.29,-539,-42,-12,3231,12.798384000000002
42916.394,-535,-43,-34,-3070,12.808488
42926.026,-546,-43,3,2954,12.818119999999999
42936.13,-556,-41,34,4318,12.828223999999999
42945.796,-539,-25,-23,-2097,12.837890000000003
42955.88,-537,-26,-27,3870,12.847973999999999
42965.533,-538,-26,-11,226,12.857627000000004
42975.638,-544,-28,12,-7311,12.867732
42985.295,-532,-29,-39,5541,12.877388999999999
42995.391,-521,-39,-44,-4709,12.887485000000003
43005.04,-521,-34,-34,718,12.897134000000001
43015.141,-521,-34,-16,-182,12.907235000000004
43024.792,-500,-33,-105,-346,12.916886000000002
43034.881,-504,-22,-59,739,12.926975000000002
43044.54,-514,-21,0,-679,12.936634000000002
43054.639,-505,-29,-26,1495,12.946733000000004
43064.29,-499,-29,-44,566,12.956384000000002
43074.396,-491,-13,-44,-2313,12.966490000000002
43084.041,-492,-6,-29,680,12.976134999999998
43094.133,-490,12,-33,2331,12.986227000000003
43103.794,-480,13,-72,-5103,12.995888000000003
43113.895,-492,17,15,6427,13.005988999999998
43123.532,-489,19,17,1452,13.015626000000001
43133.645,-481,13,9,1043,13.025738999999998
43143.294,-473,17,-15,905,13.035388000000003
43153.388,-471,13,-12,2904,13.045482
43163.04,-476,21,25,-5531,13.055134000000002
43173.147,-457,33,-61,2063,13.065240999999999
43182.793,-465,37,3,3960,13.074886999999999
43192.892,-471,31,75,-11877,13.084986
43202.537,-462,30,38,1568,13.094630999999998
43212.641,-457,43,32,112,13.104735000000003
43222.294,-454,49,29,71,13.114388000000003
43232.412,-458,58,62,-4031,13.124505999999998
43242.034,-449,72,17,3638,13.134128
43252.152,-444,73,-1,-3742,13.144246000000003
43261.804,-455,82,78,2090,13.153897999999998
43271.902,-450,81,61,1955,13.163996000000003
43281.553,-443,73,41,-752,13.173647
43291.645,-437,76,21,-3840,13.183738999999997
43301.304,-434,63,21,-63,13.193397999999997
43311.405,-439,68,49,-2868,13.203498999999999
43321.036,-421,78,-44,1113,13.213130000000001
43331.144,-427,76,-1,2912,13.223238000000002
43340.796,-434,65,56,-8548,13.232890000000003
43350.904,-428,61,21,2591,13.242998000000004
43360.542,-421,58,12,974,13.252636000000003
43370.639,-417,60,-5,-2520,13.262733000000004
43380.298,-415,49,-5,1736,13.272392000000004
43390.407,-417,50,0,1667,13.282501
43400.038,-404,58,-70,-2839,13.292132000000002
43410.144,-417,55,20,6507,13.302238000000001
43419.809,-414,41,30,-7190,13.311903000000003
43429.899,-411,37,15,857,13.321992999999999
43439.544,-409,47,2,4636,13.331638000000003
43449.656,-403,49,-25,-4022,13.341750000000003
43459.299,-408,56,-10,-5147,13.351393
43469.404,-403,54,-46,4047,13.361498000000003
43479.05,-397,61,-72,301,13.371144000000005
43489.144,-416,62,46,494,13.381238000000002
43498.804,-392,37,-20,10649,13.390897999999998
43508.899,-397,32,12,-4809,13.400992999999998
43518.555,-390,33,-22,137,13.410649000000001
43528.659,-378,15,-46,6578,13.420753000000001
43538.318,-382,17,-36,-3412,13.430412
43548.394,-370,32,-89,-252,13.440488000000002
43558.052,-385,31,-4,2786,13.450146000000004
43568.145,-390,2,29,-11787,13.460238999999998
43577.81,-383,0,-4,2980,13.469903999999998
43587.902,-387,-11,22,3786,13.479996000000003
43597.552,-380,-9,-27,-5423,13.489646000000004
43607.646,-380,-30,-26,-3476,13.499740000000001
43617.306,-379,-33,-46,2640,13.509399999999998
43627.399,-377,-28,-64,1266,13.519492999999999
43637.055,-401,-27,55,-2572,13.529149000000002
43647.159,-385,-43,-20,5717,13.539253
43656.805,-395,-49,30,-4075,13.548899
43666.906,-387,-60,-12,-284,13.559000000000003
43676.555,-384,-56,-41,813,13.568649
43686.645,-376,-49,-80,-1308,13.578738999999997
43696.307,-379,-53,-77,1806,13.588401000000001
43706.398,-405,-53,34,-19,13.598492000000002
43716.052,-400,-53,-5,4434,13.608146000000005
43726.167,-399,-38,-11,2620,13.618261000000002
43735.809,-407,-39,13,-627,13.627903000000002
43745.905,-388,-45,-39,-1184,13.637999
43755.547,-380,-42,-98,792,13.647641
43765.653,-393,-27,-64,-5773,13.657746999999999
43775.308,-413,-28,14,3561,13.667401999999997
43785.408,-418,-26,16,-4144,13.677502000000004
43795.049,-415,-55,23,-5126,13.687143
43805.162,-419,-55,35,3020,13.697255999999998
43814.813,-416,-50,12,5320,13.706907000000003
43824.916,-406,-46,-55,-1964,13.717009999999998
43834.557,-405,-38,-84,-2984,13.726651000000002
43844.656,-438,-40,48,8638,13.736750000000004
43854.317,-437,-45,29,-4246,13.746411000000004
43864.421,-445,-47,62,6179,13.756515000000004
43874.052,-448,-27,67,6113,13.766146000000004
43884.166,-445,-27,31,-5293,13.776259999999999
43893.809,-430,-24,-20,-1003,13.785903000000003
43903.903,-424,-25,-67,990,13.795997
43913.559,-453,-31,30,-1370,13.805653000000001
43923.668,-461,-32,46,-2594,13.815762
43933.315,-461,-46,60,1827,13.825409000000004
43943.415,-463,-48,84,-2359,13.835509000000002
43953.053,-453,-45,39,4265,13.845147
43963.153,-447,-46,0,1111,13.855246999999999
43972.82,-422,-37,-116,2036,13.864914
43982.918,-436,-42,-58,-3282,13.875011999999998
43992.552,-455,-45,32,-2487,13.884646000000004
44002.668,-445,-46,-22,5962,13.894761999999998
44012.31,-456,-33,39,1707,13.904403999999998
44022.405,-447,-32,12,2662,13.914499
44032.055,-427,-30,-44,-4300,13.924149000000002
44042.166,-427,-30,-44,821,13.934259999999998
44051.812,-417,-33,-106,-552,13.943905999999998
44061.907,-415,-26,-99,1499,13.954001
44071.566,-430,-24,-37,-5453,13.963659999999999
44081.662,-433,-36,-20,3748,13.973755999999998
44091.33,-436,-37,-7,206,13.983424000000003
44101.406,-441,-30,33,-3599,13.993500000000004
44111.064,-433,-29,-6,-4415,14.003157999999999
44121.182,-424,-14,-80,-4006,14.013276000000001
44130.831,-427,-20,-90,10723,14.022924999999999
44140.918,-444,-30,-20,-5771,14.033012
44150.568,-444,-30,-43,-68,14.042662
44160.66,-470,-12,31,4223,14.052754000000004
44170.316,-469,-10,10,1156,14.06241
44180.417,-470,-25,46,-2597,14.072511000000002
44190.056,-448,-26,-57,6974,14.082149999999999
44200.173,-464,-22,-15,1131,14.092267000000003
44209.817,-475,-21,0,-9776,14.101911000000003
44219.913,-476,-47,-24,6204,14.112007000000002
44229.557,-501,-52,61,-2230,14.121651000000002
44239.672,-500,-41,35,-5024,14.131765999999999
44249.32,-507,-41,42,-920,14.141414000000001
44259.427,-487,-32,-32,-853,14.151521000000004
44269.058,-494,-41,-16,2833,14.161151999999998
44279.169,-508,-66,31,-4328,14.171263000000003
44288.821,-498,-66,-24,-838,14.180915000000004
44298.911,-515,-65,18,-1607,14.191005
44308.564,-525,-65,49,-3296,14.200657999999999
44318.671,-521,-65,20,787,14.210765000000004
44328.319,-513,-65,-18,938,14.220413000000004
44338.416,-511,-62,-20,-3555,14.230509999999999
44348.064,-524,-65,29,6570,14.240158
44358.162,-515,-67,-15,-1258,14.250255999999997
44367.827,-504,-85,-31,-330,14.259920999999999
44377.931,-508,-82,-10,2254,14.270024999999999
44387.561,-509,-90,-11,-1072,14.279655000000002
44397.671,-493,-88,-87,581,14.289765000000003
44407.324,-489,-76,-77,-1778,14.299418000000001
44417.422,-497,-77,-24,3356,14.309516
44427.065,-486,-81,-35,-7681,14.319159000000003
44437.176,-481,-82,-51,3209,14.329270000000001
44446.825,-467,-72,-75,1747,14.338918999999999
44456.926,-464,-64,-77,-3107,14.349020000000001
44466.563,-462,-62,-63,-3955,14.358657000000003
44476.679,-448,-61,-122,4260,14.368772999999997
44486.323,-452,-41,-80,-291,14.378416999999997
44496.43,-462,-32,3,3930,14.388524000000002
44506.072,-439,-41,-64,9334,14.398166000000002
44516.166,-441,-36,-30,-7351,14.408259999999999
44525.831,-425,-24,-76,2791,14.417924999999999
44535.929,-424,-12,-68,6111,14.428022999999998
44545.566,-417,11,-80,-2425,14.43766
44555.668,-410,15,-106,896,14.447761999999999
44565.328,-429,31,17,4587,14.457422000000003
44575.417,-417,32,-31,-8855,14.467511000000002
44585.066,-413,12,-12,-1219,14.47716
44595.181,-406,19,-34,4299,14.487274999999999
44604.831,-401,17,-29,-993,14.496925
44614.92,-406,26,-1,-6470,14.507014
44624.573,-390,34,-77,3576,14.516666999999998
44634.676,-405,45,32,860,14.52677
44644.338,-404,48,32,-13357,14.536432000000005
44654.438,-401,35,29,705,14.546532000000003
44664.073,-397,40,17,203,14.556166999999999
44674.173,-395,54,20,1389,14.566267000000003
44683.839,-400,61,57,-2373,14.575933000000001
44693.92,-386,71,-26,4865,14.586013999999999
44703.583,-389,74,38,-4865,14.595677
44713.683,-386,76,79,-831,14.605776999999998
44723.328,-374,73,51,1553,14.615422000000002
44733.432,-344,66,18,-637,14.625526000000002
44743.078,-332,70,17,-5948,14.635172000000003
44753.18,-316,62,28,6097,14.645274
44762.832,-301,60,-19,-535,14.654926000000003
44772.922,-275,71,-53,-3955,14.665016
44782.58,-263,70,66,10427,14.674674000000003
44792.677,-244,40,-2,-3922,14.684771000000005
44802.34,-227,34,19,-4119,14.694433999999998
44812.442,-203,42,-17,3833,14.704536000000004
44822.076,-187,44,-30,-3657,14.714170000000001
44832.181,-170,48,-57,-1757,14.724274999999999
44841.85,-155,43,-89,3084,14.733944
44851.923,-131,50,19,815,14.744017000000003
44861.572,-116,47,-15,-3953,14.753666
44871.695,-92,26,-13,6378,14.763789000000001
44881.332,-72,22,13,-1565,14.773426000000002
44891.437,-59,11,-26,-5480,14.783530999999998
44901.08,-49,10,-78,-1646,14.793174000000002
44911.176,-31,2,-58,-3362,14.803270000000001
44920.842,-4,19,48,7053,14.812935999999997
44930.939,7,16,32,-4728,14.823032999999999
44940.574,20,-17,30,-3616,14.832668000000002
44950.699,37,-24,66,258,14.842793000000002
44960.334,43,-15,23,2754,14.852428000000003
44970.434,44,-15,-62,-880,14.862528000000003
44980.082,58,-26,0,-3427,14.872176000000003
44990.19,79,-33,103,8817,14.882284000000004
44999.834,85,-41,72,-4309,14.891928000000004
45009.946,102,-49,108,4211,14.902040000000005
45019.575,99,-11,101,11157,14.911668999999998
45029.682,100,-12,68,337,14.921776000000001
45039.345,98,-23,-24,398,14.931439000000003
45049.445,105,-28,-18,-1021,14.941539
45059.078,120,-36,133,1713,14.951172000000001
45069.18,116,-36,51,1400,14.961274000000001
45078.846,127,-53,88,98,14.970939999999999
45088.944,133,-55,95,1220,14.981038000000003
45098.583,130,-58,50,-3246,14.990677
45108.687,125,-60,-7,-1401,15.000781
45118.342,117,-49,-112,3427,15.010435999999999
45128.432,125,-54,-23,-1721,15.020526000000002
45138.08,121,-71,-14,-9693,15.030174000000002
45148.194,121,-76,-17,5206,15.040288000000004
45157.84,119,-56,17,-2208,15.049933999999997
45167.939,117,-55,6,435,15.060032999999999
45177.584,106,-47,-67,-1873,15.069678000000003
45187.683,100,-51,-107,1847,15.079776999999998
45197.343,95,-54,-88,-2260,15.089437000000002
45207.445,87,-37,-75,-6162,15.099539
45217.094,82,-34,-91,6531,15.109187999999998
45227.194,74,-40,-26,-1338,15.119288000000005
45236.844,67,-25,-11,3717,15.128937999999998
45246.932,62,-25,-52,-2628,15.139026000000001
45256.593,56,-17,-61,-1236,15.148687000000002
45266.684,45,28,28,7644,15.158778000000002
45276.36,38,36,-7,-5277,15.168454000000002
45286.441,33,32,-22,2889,15.178535
45296.084,25,60,-6,-2842,15.188178000000004
45306.195,24,57,44,3733,15.198289
45315.838,15,84,42,1378,15.207932000000005
45325.934,14,119,15,-2979,15.218028000000002
45335.584,3,156,69,6457,15.227678000000003
45345.694,-2,183,156,-4541,15.237788000000004
45355.346,-5,194,109,1350,15.24744
45365.436,-10,229,137,2429,15.257530000000003
45375.084,-15,249,100,-3502,15.267178000000003
45385.185,-20,269,129,-1158,15.277278999999998
45394.848,-27,302,136,-446,15.286942
45404.943,-29,313,51,-297,15.297037
45414.583,-35,342,58,-252,15.306677
45424.698,-39,359,33,2914,15.316791999999998
45434.354,-43,381,26,-3082,15.326448000000001
45444.443,-43,381,-48,3570,15.336537
45454.085,-47,400,-66,-149,15.346179
45464.188,-49,415,-110,1310,15.356282000000004
45473.845,-48,418,-174,-6493,15.365939000000003
45483.962,-52,430,-172,3184,15.376056
45493.585,-52,431,-260,-1577,15.385679
45503.704,-51,435,-302,2212,15.395798
45513.35,-46,420,-420,971,15.405444
45523.461,-50,435,-383,-3309,15.415555000000005
45533.089,-50,404,-457,5125,15.425183
45543.21,-53,412,-450,-3757,15.435304
45552.847,-54,419,-450,3396,15.444941000000002
45562.956,-54,426,-458,-1047,15.45505
45572.594,-54,430,-464,386,15.464687999999999
45582.704,-53,423,-528,-2884,15.474797999999998
45592.347,-60,411,-466,-6805,15.484441000000002
45602.452,-65,415,-403,-2499,15.494545999999998
45612.092,-58,357,-459,-2157,15.504185999999997
45622.19,-58,363,-421,6767,15.514284000000004
45631.849,-58,357,-360,-6183,15.523943000000003
45641.953,-55,347,-418,9200,15.534047000000003
45651.596,-66,372,-199,-2041,15.543689999999998
45661.701,-68,367,-195,2815,15.553795000000003
45671.358,-65,373,-169,10446,15.563452000000002
45681.451,-65,377,-155,-1099,15.573545000000001
45691.094,-57,341,-207,-1581,15.583187999999998
45701.205,-51,337,-23,-6170,15.593299000000004
45710.85,-45,324,7,194,15.602943999999999
45720.951,-44,321,45,778,15.613045000000001
45730.596,-52,355,112,-2226,15.622689999999999
45740.694,-49,350,3,1697,15.632788000000003
45750.361,-25,388,210,-7006,15.642454999999998
45760.458,-19,397,293,4143,15.652552
45770.092,-17,400,310,1825,15.662185999999998
45780.198,0,379,382,1699,15.672291999999997
45789.865,3,380,353,1242,15.681958999999999
45799.95,9,368,272,1950,15.692043999999997
45809.599,30,384,473,-9727,15.701693000000002
45819.708,28,393,482,6009,15.711802
45829.357,37,393,466,1299,15.721451000000005
45839.457,35,391,504,-3863,15.731551000000003
45849.103,39,388,465,-2201,15.741197000000003
45859.204,46,382,366,-4903,15.751297999999998
45868.861,54,378,359,4678,15.760954999999997
45878.96,61,369,450,-5837,15.771054
45888.595,66,363,410,1520,15.780689000000002
45898.709,67,382,397,-942,15.790803000000004
45908.355,74,382,393,-1005,15.800449000000004
45918.448,86,366,358,2228,15.810541999999998
45928.096,84,359,252,-3638,15.820189999999998
45938.209,80,350,191,-1400,15.830303000000004
45947.856,86,345,220,3216,15.83995
45957.958,85,326,172,-1547,15.850052
45967.599,86,321,145,397,15.859693000000004
45977.71,89,332,159,2590,15.869804
45987.357,89,330,103,256,15.879451000000005
45997.462,94,338,102,2938,15.889556
46007.097,91,335,24,-707,15.899191000000002
46017.205,91,329,4,-3081,15.909299000000003
46026.86,92,327,-4,2547,15.918954000000001
46036.954,92,330,-5,-5465,15.929047999999998
46046.601,91,313,-33,259,15.938695000000003
46056.716,85,327,-37,1013,15.948810000000002
46066.359,83,331,-55,-2237,15.958452999999997
46076.473,80,335,-84,2265,15.968566999999998
46086.107,77,357,-109,-3077,15.978201000000004
46096.219,76,359,-137,-64,15.988312999999998
46105.863,77,373,-122,188,15.997956999999998
46115.971,78,393,-44,-4581,16.008065
46125.602,75,375,-101,7223,16.017696
46135.711,74,387,-50,-1846,16.027805000000004
46145.37,63,387,-80,-3531,16.037464000000003
46155.453,57,388,-134,3704,16.047547
46165.105,51,399,-127,-3873,16.057199000000004
46175.221,50,403,-151,-6484,16.067314999999997
46184.87,50,417,-160,3986,16.076964000000004
46194.967,48,441,-69,-6264,16.087061
46204.606,48,414,-131,4129,16.096700000000002
46214.707,48,423,-97,-4020,16.106801000000004
46224.364,40,414,-113,-2053,16.116458
46234.467,36,413,-175,3132,16.126561
46244.106,31,420,-181,-3222,16.136200000000002
46254.211,30,416,-230,-7133,16.146305000000005
46263.861,27,428,-191,7522,16.155955
46273.966,24,440,-139,-2547,16.16606
46283.605,27,420,-159,1910,16.175699000000005
46293.723,28,422,-147,7793,16.185817
46303.364,26,407,-167,-794,16.195458000000002
46313.467,24,408,-207,-5257,16.205561
46323.114,14,398,-271,-154,16.215208000000004
46333.207,13,397,-240,3919,16.225301
46342.875,9,388,-120,-1842,16.234969
46352.967,6,382,-174,5216,16.245060999999996
46362.615,8,383,-118,-759,16.254709
46372.719,3,385,-147,3952,16.264812999999997
46382.367,0,381,-159,-3423,16.274461
46392.46,-2,374,-296,-2870,16.284554
46402.115,-6,376,-156,5075,16.294209
46412.213,-14,355,-100,-1237,16.304307000000005
46421.871,-16,350,-105,1069,16.313965
46431.974,-27,388,-52,120,16.324068000000004
46441.608,-32,388,-53,-6417,16.333702000000002
46451.724,-31,388,-174,-5940,16.343818000000002
46461.373,-39,380,-92,10665,16.353467000000002
46471.464,-48,369,-58,-4715,16.363558
46481.111,-54,366,-53,-1190,16.373205
46491.219,-75,405,38,5166,16.383312999999998
46500.872,-81,405,34,-2934,16.392966000000005
46510.971,-77,391,-25,-4113,16.403064999999998
46520.615,-80,383,-2,13043,16.412709
46530.72,-88,371,101,-6220,16.422814000000002
46540.377,-86,366,7,2565,16.432471
46550.474,-95,382,85,1335,16.442568
46560.123,-100,386,121,-6130,16.452217
46570.228,-98,415,50,3861,16.462322000000004
46579.885,-99,410,42,3237,16.471979000000005
46589.965,-107,404,184,-12005,16.482058999999996
46599.621,-103,397,106,5929,16.491715
46609.737,-106,416,139,-3321,16.501831000000003
46619.375,-105,418,112,-6689,16.511469
46629.48,-105,422,84,-883,16.521574000000005
46639.128,-100,405,50,-4022,16.531222
46649.223,-100,408,81,5373,16.541317
46658.876,-105,433,160,-6479,16.550969999999996
46668.976,-101,429,101,3148,16.561070000000004
46678.618,-96,409,131,3288,16.570712000000004
46688.725,-95,409,99,-1287,16.580818999999998
46698.391,-88,369,56,21,16.590485000000005
46708.476,-85,365,-21,-163,16.600570000000005
46718.114,-82,364,1,-6733,16.610208000000004
46728.226,-80,373,60,8747,16.620320000000003
46737.877,-74,358,48,-4361,16.629971
46747.968,-68,360,62,4196,16.640062
46757.618,-65,381,33,3867,16.649712000000005
46767.724,-62,382,2,-4696,16.659818
46777.375,-54,375,-81,-1045,16.669469
46787.484,-54,375,-81,429,16.679578
46797.119,-49,381,-132,2213,16.689213
46807.222,-41,395,-18,-6630,16.699316000000003
46816.883,-32,358,-38,2965,16.708977
46826.977,-25,360,-35,1111,16.719071
46836.617,-14,358,6,3559,16.728711
46846.723,-9,356,-50,5139,16.738816999999997
46856.381,0,359,-58,-2583,16.748475000000003
46866.479,-2,349,-184,-3335,16.758573000000002
46876.12,1,340,-145,6200,16.768214000000004
46886.233,8,352,-63,-3170,16.778327
46895.89,13,351,-56,2575,16.787984
46905.99,16,376,-30,4825,16.798084
46915.626,27,367,-8,1407,16.807719999999996
46925.729,26,363,-77,295,16.817823
46935.388,26,355,-136,-4560,16.827482
46945.488,29,360,-71,1734,16.837581999999998
46955.128,28,361,-108,2605,16.847222
46965.236,26,337,-71,-4805,16.857329999999997
46974.883,28,344,-17,-861,16.866977000000002
46984.985,20,345,-19,-3112,16.877079000000002
46994.627,19,339,-86,1375,16.886721
47004.747,18,342,-87,5453,16.896841000000006
47014.385,17,345,-9,-9179,16.906479000000004
47024.482,12,318,-109,6590,16.916576000000006
47034.122,13,327,-41,-2710,16.926216000000004
47044.226,8,334,-10,361,16.936320000000002
47053.879,5,331,-69,535,16.945973000000002
47063.988,4,363,-80,-5173,16.956082
47073.623,1,378,39,11444,16.965717
47083.73,-2,359,-18,-5007,16.975824000000003
47093.389,-5,362,23,1880,16.985483000000002
47103.486,-7,384,-19,5634,16.995579999999997
47113.127,-11,395,-21,-196,17.005221000000002
47123.235,-16,396,-52,-766,17.015329
47132.885,-19,403,-30,2156,17.024979000000002
47142.988,-29,435,71,3224,17.035082
47152.627,-29,431,6,-1206,17.044721000000003
47162.728,-38,434,45,3003,17.054822000000005
47172.395,-39,438,29,579,17.064489
47182.504,-39,438,29,-309,17.074598
47192.145,-38,393,-71,-1185,17.084238999999997
47202.252,-41,400,-29,-3341,17.094346
47211.886,-47,422,26,8438,17.10398
47221.994,-48,424,3,-5706,17.114088
47231.63,-47,408,-1,6426,17.123724
47241.737,-48,412,7,2377,17.133831
47251.392,-49,416,-42,-2482,17.143486
47261.495,-49,415,-99,276,17.153589000000004
47271.129,-46,397,-150,-656,17.163223000000002
47281.246,-48,407,-59,106,17.17334
47290.888,-50,419,-47,652,17.182982
47300.994,-49,418,-60,-90,17.193088
47310.636,-44,417,-27,-1285,17.20273
47320.742,-42,415,-67,2155,17.212836
47330.392,-41,407,-77,236,17.222486
47340.488,-39,395,-215,938,17.232581999999997
47350.131,-37,403,-153,-4607,17.242225
47360.24,-39,409,-84,1680,17.252333999999998
47369.89,-41,398,-90,327,17.261984
47379.986,-39,400,-61,194,17.27208
47389.633,-37,398,-38,-125,17.281727000000004
47399.736,-36,390,-135,-404,17.291829999999997
47409.394,-33,412,-155,-731,17.301488000000003
47419.495,-37,414,-75,9236,17.311589000000005
47429.131,-39,395,-100,-12028,17.321225000000002
47439.245,-41,394,-36,3235,17.331339000000003
47448.894,-41,394,-36,2570,17.340988000000003
47458.984,-53,452,-9,146,17.351077999999998
47468.638,-53,452,-9,-195,17.360732
47478.737,-55,447,26,1052,17.370831000000003
47488.402,-58,442,37,-11005,17.380496000000004
47498.491,-54,417,-16,6872,17.390585
47508.142,-55,422,45,-3331,17.400236
47518.244,-63,429,70,1514,17.410338
47527.9,-62,420,-25,1302,17.419994000000003
47537.989,-53,448,50,-5581,17.430083000000003
47547.635,-58,450,114,7261,17.439729000000003
47557.743,-53,420,58,1800,17.449837000000002
47567.395,-56,417,108,-2168,17.459488999999998
47577.499,-59,436,54,5134,17.469593000000003
47587.145,-60,437,24,-1028,17.479238999999996
47597.241,-64,422,-6,2028,17.489335000000004
47606.903,-70,427,100,522,17.498997
47617.009,-75,433,111,-2998,17.509103
47626.636,-74,432,103,-554,17.518729999999998
47636.741,-76,443,122,-7903,17.528835000000004
47646.401,-78,442,102,-2661,17.538494999999998
47656.489,-73,433,34,3496,17.548583
47666.144,-72,428,-16,-2594,17.558238000000003
47676.252,-81,432,32,-1099,17.568346000000002
47685.898,-85,440,106,1380,17.577992000000002
47695.994,-82,418,58,2694,17.588088
47705.642,-82,423,114,2807,17.597736
47715.742,-81,421,85,2355,17.607836
47725.404,-79,419,47,-1289,17.617498000000005
47735.503,-79,419,47,-1822,17.627596999999998
47745.14,-70,407,-119,2156,17.637234
47755.252,-70,407,-119,1388,17.647346000000002
47764.912,-73,409,-38,-8208,17.657006
47775.002,-72,408,-32,3758,17.667096
47784.654,-69,411,-14,-1243,17.676748000000003
47794.769,-67,412,-30,1664,17.686863000000002
47804.411,-62,386,-109,2106,17.696505000000002
47814.508,-62,378,-159,4149,17.706602000000004
47824.143,-62,384,-107,-5049,17.716236999999996
47834.251,-64,385,-129,-6161,17.726345
47843.905,-66,361,-107,6140,17.735999
47854.006,-67,369,-34,-2111,17.746100000000002
47863.648,-73,411,-36,809,17.755742
47873.755,-72,409,-70,-2352,17.765849
47883.406,-71,426,-118,395,17.775500000000005
47893.503,-72,432,-19,4307,17.785597
47903.146,-70,418,-51,-10316,17.795240000000003
47913.259,-70,417,-75,7760,17.805353
47922.91,-72,440,-14,-3102,17.815004000000005
47933.002,-74,446,-14,-30,17.825096000000002
47942.647,-71,443,-88,-2149,17.834740999999998
47952.748,-71,446,-67,-2468,17.844842
47962.407,-74,457,24,9626,17.854501
47972.502,-71,451,-41,-9834,17.864596000000002
47982.151,-67,444,-7,4624,17.874245
47992.25,-65,446,-54,3669,17.884344000000002
48001.912,-65,446,-54,-5300,17.894005999999997
48012.011,-61,446,-69,-3933,17.904105
48021.648,-61,446,-69,1511,17.913742000000003
48031.752,-62,454,-99,1259,17.923846
48041.419,-62,477,4,-3486,17.933513
48051.51,-59,450,-6,3138,17.943604000000004
48061.164,-55,452,-7,-4239,17.953257999999998
48071.262,-55,480,15,956,17.963356000000005
48080.908,-54,476,-60,3305,17.973002000000005
48090.999,-53,471,-47,-25,17.983093000000004
48100.655,-51,472,-63,-799,17.992749
48110.751,-51,486,-38,2216,18.002844999999997
48120.415,-50,499,8,111,18.012509
48130.511,-45,470,-45,-4667,18.022605
48140.153,-42,473,-21,-1097,18.032246999999998
48150.256,-42,456,-38,1605,18.042350000000003
48159.92,-41,453,-103,-5553,18.052014
48170.007,-44,443,-183,1056,18.062101
48179.653,-42,442,-177,2623,18.071747
48189.753,-44,438,-45,-3804,18.081846999999996
48199.411,-43,433,-109,5662,18.091505
48209.507,-42,448,-59,-1627,18.101601
48219.152,-39,448,-77,-2572,18.111246
48229.26,-31,432,-95,383,18.121354000000004
48238.91,-30,421,-223,-3117,18.131004000000004
48249.014,-30,404,-240,8368,18.141108000000003
48258.653,-29,413,-102,-11093,18.150747
48268.773,-26,400,-96,5981,18.160867000000003
48278.413,-24,398,-88,1420,18.170507
48288.513,-21,401,-39,1716,18.180607
48298.151,-25,398,-101,6052,18.190244999999997
48308.258,-26,388,-167,-4932,18.200352000000002
48317.915,-30,384,-102,-3505,18.210009000000003
48328.025,-34,384,-104,6864,18.220119000000004
48337.655,-41,348,-76,-5240,18.229748999999998
48347.771,-43,350,-10,976,18.239865
48357.418,-51,366,8,-896,18.249512
48367.53,-50,359,-58,-5158,18.259624
48377.16,-53,395,-48,8386,18.269254000000004
48387.268,-59,396,43,-116,18.279362
48396.916,-58,374,-46,-490,18.289009999999998
48407.023,-60,380,13,1027,18.299117000000003
48416.659,-68,387,63,-6422,18.308753
48426.762,-68,382,1,2872,18.318856000000004
48436.423,-67,403,-9,6085,18.328517000000005
48446.522,-75,417,124,-13796,18.338616
48456.158,-73,394,49,4680,18.348252000000006
48466.273,-75,397,85,-64,18.358367
48475.93,-74,393,76,-5346,18.368024000000002
48486.012,-76,402,66,-2242,18.378106000000002
48495.657,-72,430,6,-4921,18.387751
48505.773,-73,436,37,5999,18.397867
48515.419,-79,440,150,-6782,18.407513
48525.515,-78,439,102,2139,18.417609
48535.161,-80,473,119,3283,18.427255000000002
48545.262,-82,480,127,-1968,18.437356000000005
48554.924,-76,471,62,236,18.447018
48565.025,-75,473,20,1368,18.457119000000002
48574.661,-74,470,-33,-5815,18.466755000000003
48584.767,-72,494,49,9717,18.476861
48594.431,-72,499,33,-4354,18.486524999999997
48604.514,-66,483,29,3330,18.496608000000005
48614.172,-63,489,43,127,18.506266
48624.281,-61,481,-11,-6191,18.516375000000004
48633.928,-59,481,-41,3296,18.526022
48644.026,-52,468,-105,-2391,18.53612
48653.683,-50,463,-158,-3321,18.545776999999998
48663.767,-44,474,-142,5035,18.555861
48673.427,-42,484,-64,1516,18.565521000000004
48683.517,-38,450,-130,-357,18.575611000000002
48693.164,-33,456,-71,300,18.585258
48703.275,-29,439,-111,-4235,18.595369
48712.928,-27,437,-148,1951,18.605022
48723.026,-26,424,-225,150,18.615119999999997
48732.665,-25,416,-301,-391,18.624759
48742.777,-26,416,-175,-8160,18.634871000000004
48752.435,-24,413,-199,961,18.644529
48762.529,-21,423,-157,1843,18.654623000000004
48772.166,-19,426,-144,908,18.66426
48782.269,-14,403,-132,-4840,18.674363
48791.927,-15,392,-257,827,18.684021000000005
48802.025,-15,387,-184,7208,18.694119000000004
48811.669,-18,385,-180,-2431,18.703763000000002
48821.773,-17,355,-188,2787,18.713867
48831.431,-17,358,-113,-1921,18.723525
48841.527,-20,354,-55,-505,18.733621000000003
48851.184,-21,347,-148,-4683,18.743278000000004
48861.276,-29,348,-120,5504,18.75337
48870.929,-32,350,-27,-3191,18.763022999999997
48881.035,-35,343,-70,4531,18.773129000000004
48890.67,-31,316,-79,-5433,18.782764
48900.79,-33,325,-19,-1790,18.792884
48910.44,-30,290,-61,-3693,18.802534000000005
48920.535,-30,286,-73,6709,18.812629000000005
48930.175,-40,316,105,-7083,18.822269000000002
48940.288,-39,312,35,1266,18.832382000000003
48949.936,-31,295,78,-3963,18.84203
48960.029,-32,300,75,3184,18.852123000000002
48969.683,-26,284,23,-1791,18.861776999999996
48979.786,-26,281,-43,-2095,18.87188
48989.445,-32,328,136,3234,18.881539
48999.537,-35,330,94,-872,18.891630999999997
49009.182,-27,322,113,3049,18.901276000000003
49019.287,-26,332,131,15,18.911381
49028.943,-28,336,108,55,18.921037000000002
49039.029,-29,333,40,664,18.931123000000003
49048.686,-29,339,-48,-5533,18.940780000000004
49058.796,-33,359,47,6260,18.950890000000005
49068.444,-38,365,73,-1830,18.960538000000003
49078.537,-38,369,58,3563,18.970630999999997
49088.183,-42,393,94,2286,18.980276999999997
49098.287,-44,401,79,-1186,18.990381
49107.95,-45,415,12,-2870,19.000044
49118.037,-46,410,-50,-896,19.010130999999998
49127.677,-47,409,-75,4818,19.019771000000006
49137.781,-53,424,-36,-11743,19.029875000000004
49147.439,-54,424,-79,3642,19.039533
49157.542,-61,419,-2,668,19.049636000000003
49167.186,-63,421,-20,-2015,19.05928
49177.285,-61,409,-28,2772,19.069379000000005
49186.957,-60,406,-55,-1821,19.079051000000003
49197.037,-62,398,-136,61,19.089131
49206.687,-61,387,-203,1358,19.098781
49216.799,-62,369,-188,-1743,19.108893
49226.453,-64,358,-186,6098,19.118547000000003
49236.544,-66,323,-163,317,19.128638000000002
49246.187,-65,309,-161,432,19.138281
49256.297,-65,283,-176,6143,19.148391
49265.946,-64,271,-206,-3002,19.158040000000003
49276.05,-61,272,-333,1494,19.168144000000005
49285.683,-66,226,-199,1325,19.177777
49295.8,-68,191,-248,-321,19.187894000000004
49305.45,-70,165,-221,-3144,19.197543999999997
49315.539,-81,182,-160,-446,19.207632999999998
49325.188,-85,160,-132,485,19.217282000000004
49335.295,-83,182,-209,-5564,19.227389
49344.945,-87,130,-62,-5362,19.237039
49355.039,-90,104,-40,6368,19.247132999999998
49364.698,-87,80,-51,-5697,19.256791999999997
49374.785,-90,82,-34,2173,19.266879000000003
49384.444,-88,75,-87,4867,19.276538000000006
49394.542,-82,116,-80,1498,19.286636
49404.187,-83,84,69,-6880,19.296281
49414.296,-81,72,62,3675,19.306390000000004
49423.955,-65,39,68,-6397,19.316049000000003
49434.036,-62,29,84,-1230,19.326130000000003
49443.688,-65,64,-5,721,19.335782000000002
49453.8,-57,56,-33,-6763,19.345894000000005
49463.454,-49,80,160,3461,19.355548
49473.561,-45,77,88,1518,19.365655000000004
49483.186,-26,63,134,3428,19.375280000000004
49493.311,-19,59,125,577,19.385405000000002
49502.946,-18,59,116,5072,19.395040000000005
49513.049,-18,59,-14,-2664,19.405143
49522.687,-9,63,-4,-2903,19.414780999999998
49532.803,-1,58,96,8953,19.424897
49542.448,2,34,83,-4449,19.434541999999997
49552.554,2,34,83,3897,19.444647999999997
49562.191,4,67,123,4871,19.454285
49572.301,11,67,142,1066,19.464395
49581.959,9,88,76,3743,19.474053000000005
49592.049,10,83,24,-4152,19.484143
49601.702,11,90,29,7669,19.493796
49611.806,14,92,57,-4272,19.503899999999998
49621.462,13,90,37,-2729,19.513556
49631.558,19,89,118,2895,19.523652
49641.197,19,88,100,-1257,19.533291000000002
49651.317,22,90,100,972,19.543411000000003
49660.959,20,97,25,3684,19.553053000000002
49671.056,20,90,17,-3993,19.563149999999997
49680.702,20,71,-62,69,19.572795999999997
49690.812,20,65,-22,-2742,19.582905999999998
49700.463,19,53,0,-1501,19.592557000000003
49710.564,14,46,6,2487,19.602657999999998
49720.213,13,36,10,167,19.612307000000005
49730.306,11,4,-17,-1886,19.6224
49739.98,9,-2,-62,3151,19.632074000000003
49750.067,4,-15,-114,-350,19.642161000000005
49759.72,1,-18,-211,-2696,19.651814
49769.802,-6,-58,-99,-6,19.661896000000006
49779.481,-10,-76,-110,1166,19.671575
49789.552,-17,-112,-52,3906,19.681646000000004
49799.206,-20,-132,-49,-1376,19.6913
49809.304,-24,-169,-36,2769,19.701397999999998
49818.967,-24,-173,-111,-3115,19.711060999999997
49829.048,-29,-179,-128,-5023,19.721142000000004
49838.702,-37,-226,-52,7951,19.730795999999998
49848.803,-40,-240,-131,-2919,19.740897
49858.464,-45,-271,-103,461,19.750558
49868.564,-58,-253,-61,-1691,19.760658
49878.199,-63,-269,-64,-1019,19.770293000000002
49888.32,-65,-234,-103,815,19.780414
49897.958,-65,-252,-122,-3407,19.790052
49908.07,-70,-285,-48,1640,19.800164000000002
49917.701,-70,-299,-76,1407,19.809795
49927.81,-67,-290,-123,512,19.819903999999998
49937.455,-67,-303,-100,-1904,19.829549000000004
49947.565,-64,-307,-107,-7566,19.839659000000005
49957.201,-63,-308,-162,4254,19.849295
49967.314,-64,-310,-121,-4611,19.859408
49976.962,-67,-333,-17,2056,19.869056
49987.069,-63,-331,-86,6369,19.879163000000005
49996.703,-59,-345,-54,-4793,19.888797000000004
50006.822,-56,-340,-111,61,19.898916
50016.46,-52,-342,-118,7206,19.908554
50026.574,-52,-343,-104,-630,19.918668
50036.209,-47,-298,-170,-1826,19.928303000000003
50046.315,-45,-303,-31,7279,19.938409000000004
50055.972,-40,-337,-61,-3401,19.948066000000004
50066.079,-36,-339,-51,2042,19.958173
50075.702,-28,-326,-88,2773,19.967796
50085.811,-26,-317,-93,3699,19.977905000000003
50095.462,-26,-323,-30,-4283,19.987556
50105.567,-24,-318,-115,803,19.997661000000004
50115.203,-20,-294,-29,5115,20.007297
50125.306,-18,-290,33,-2989,20.0174
50134.969,-18,-297,5,4986,20.027063
50145.081,-16,-290,-10,-3467,20.037174999999998
50154.708,-11,-292,46,-3853,20.046802
50164.814,-10,-284,71,2603,20.056908
50174.468,-4,-245,0,-3996,20.066562
50184.557,-2,-246,60,770,20.076651000000002
50194.209,0,-240,130,-692,20.086303000000004
50204.324,-1,-238,60,3454,20.096418
50213.965,0,-223,64,-5285,20.106059
50224.063,2,-217,117,-608,20.116157
50233.709,1,-204,125,4049,20.125803000000005
50243.808,0,-201,46,-3853,20.135901999999998
50253.473,-2,-219,95,-1584,20.145567
50263.581,-2,-223,144,8339,20.155675
50273.207,-3,-225,105,-2162,20.165301000000003
50283.314,0,-245,71,-2420,20.175408
50292.981,1,-245,109,5563,20.185075
50303.064,-2,-264,133,-162,20.195158
50312.718,-3,-261,56,1534,20.204812
50322.828,0,-247,71,1385,20.214922
50332.476,0,-256,94,-1651,20.224570000000003
50342.563,-3,-274,127,-7742,20.234657000000002
50352.212,-3,-276,73,6037,20.244306
50362.323,-2,-276,68,-5887,20.254416999999997
50371.972,-1,-279,80,847,20.264066000000003
50382.068,-7,-276,91,-2974,20.274162
50391.711,-8,-273,4,1938,20.283805000000005
50401.817,-16,-263,33,-1713,20.293911000000005
50411.476,-16,-274,84,4132,20.303570000000004
50421.567,-15,-280,49,-910,20.313661000000003
50431.212,-14,-287,33,1845,20.323306
50441.315,-11,-269,-9,1259,20.333409000000003
50450.979,-10,-268,-14,5203,20.343073
50461.071,-10,-261,0,-6240,20.353165000000004
50470.713,-10,-260,-70,2239,20.362807000000004
50480.82,-6,-255,-20,-1574,20.372914
50490.474,-5,-262,49,-5033,20.382568000000003
50500.567,-5,-268,-13,7835,20.392661000000004
50510.218,-5,-276,7,-2548,20.402312000000002
50520.334,-2,-276,-49,-2821,20.412428000000002
50529.974,-3,-273,-44,6739,20.422068000000003
50540.077,-4,-273,-23,-930,20.432170999999997
50549.715,-2,-246,-98,-1093,20.441809
50559.817,0,-252,-1,4674,20.451911000000003
50569.48,-1,-265,14,-8815,20.461574000000006
50579.59,0,-269,8,1877,20.471683999999996
50589.219,2,-266,-12,1607,20.481312999999997
50599.342,3,-261,-36,-4224,20.491435999999997
50608.979,5,-267,16,-7520,20.501073
50619.094,5,-264,-51,5472,20.511187999999997
50628.721,2,-248,-45,-2948,20.520815
50638.834,5,-255,28,1802,20.530928000000003
50648.48,8,-265,9,-2743,20.540574000000003
50658.585,8,-267,-21,1674,20.550679
50668.221,11,-252,-33,-3353,20.560315
50678.325,12,-252,-14,-634,20.570418999999998
50687.981,14,-250,-6,322,20.580075
50698.072,13,-250,-61,-1365,20.590166
50707.721,15,-264,-9,1679,20.599815
50717.829,16,-273,41,-377,20.609923
50727.49,15,-289,17,2729,20.619584
50737.573,16,-289,-25,-520,20.629666999999998
50747.234,17,-300,-7,3986,20.639328
50757.336,18,-305,30,-3972,20.649430000000002
50766.99,18,-260,-72,1531,20.659084
50777.084,18,-274,-16,-2755,20.669178000000002
50786.732,17,-289,56,1064,20.678826000000004
50796.829,16,-294,23,-1936,20.688923
50806.486,16,-291,-2,-2207,20.69858
50816.572,17,-290,-13,-2706,20.708666
50826.221,16,-294,24,4504,20.718314999999997
50836.332,16,-301,-67,2617,20.728426000000002
50845.985,16,-301,-67,-3671,20.738079000000003
50856.075,15,-309,67,8315,20.748168999999997
50865.733,15,-309,67,-3256,20.757827000000002
50875.848,12,-319,23,2349,20.767941999999998
50885.49,11,-326,28,5198,20.777583999999997
50895.584,11,-319,-26,-51,20.787678000000003
50905.23,10,-317,6,-7439,20.797324000000003
50915.331,10,-285,-33,4398,20.807425
50924.987,8,-284,-73,-2432,20.817081
50935.078,3,-310,41,-6633,20.827172
50944.728,2,-309,0,4837,20.836822000000005
50954.828,2,-310,14,-1936,20.846922000000003
50964.496,1,-306,-25,-5025,20.85659
50974.589,1,-309,-47,3794,20.866683000000002
50984.226,-2,-308,14,1911,20.876320000000003
50994.341,-4,-289,-77,-4704,20.886435000000002
51003.994,-7,-294,-21,4945,20.896088
51014.087,-7,-302,52,-2006,20.906181
51023.728,-7,-303,22,4123,20.915822000000002
51033.846,-7,-288,-18,-805,20.925939999999997
51043.498,-7,-284,-17,1780,20.935592
51053.586,-6,-284,32,-2174,20.945680000000003
51063.231,-7,-279,-49,684,20.955325000000002
51073.34,-6,-284,-51,-25,20.965434
51082.995,-8,-291,8,3100,20.975089000000004
51093.1,-8,-308,25,-1715,20.985194
51102.729,-9,-310,-21,2201,20.994823
51112.84,-8,-335,-21,4067,21.004934
51122.487,-8,-336,5,-2792,21.014581000000003
51132.594,-11,-337,12,1570,21.024687999999998
51142.241,-8,-326,-49,565,21.034335000000002
51152.34,-9,-338,6,2977,21.044434
51161.996,-13,-353,67,-7906,21.05409
51172.106,-13,-355,17,5073,21.0642
51181.738,-12,-352,-20,-2986,21.073832
51191.856,-10,-353,2,46,21.08395
51201.493,-8,-358,38,1232,21.093587000000003
51211.608,-8,-355,-39,-2276,21.103702000000002
51221.232,-8,-357,26,3353,21.113326000000004
51231.343,-8,-367,90,-5271,21.123437000000003
51240.996,-8,-373,61,2560,21.13309
51251.092,-7,-376,41,2125,21.143185999999996
51260.741,-4,-374,8,-916,21.152835000000003
51270.848,-4,-372,33,-6312,21.162941999999997
51280.494,-3,-336,7,4244,21.172588
51290.588,-3,-335,-31,-3513,21.182682000000003
51300.235,-6,-358,58,4031,21.192329
51310.337,-5,-358,54,2651,21.202431
51319.995,-4,-361,41,1643,21.212089000000002
51330.106,-4,-357,-1,208,21.2222
51339.742,-4,-362,-18,3751,21.231835999999998
51349.838,-4,-358,34,-3715,21.241932000000006
51359.499,-6,-335,-46,1661,21.251593000000003
51369.588,-7,-335,-32,1988,21.261682000000004
51379.247,-7,-346,23,1061,21.271341000000003
51389.35,-7,-345,15,-1815,21.281444
51398.996,-7,-345,-16,3479,21.29109
51409.109,-5,-331,-43,-625,21.301202999999997
51418.747,-5,-327,-28,-4468,21.310841000000003
51428.84,-3,-321,-3,1138,21.320933999999998
51438.509,-3,-317,-79,-1394,21.330603
51448.605,-2,-324,-44,-2393,21.340699000000004
51458.252,-1,-329,8,-1642,21.350346000000002
51468.346,-2,-342,-8,5003,21.360439999999997
51478.008,-2,-340,-62,-5944,21.370102000000003
51488.092,0,-330,-31,4332,21.380186
51497.74,0,-333,9,5147,21.389834
51507.854,0,-307,-49,-1905,21.399948000000002
51517.5,0,-312,-34,2142,21.409594000000002
51527.594,-3,-320,3,6411,21.419687999999997
51537.244,-2,-327,41,-8988,21.429338
51547.344,-3,-347,-17,5167,21.439438
51557.006,-3,-350,-10,2494,21.4491
51567.11,-4,-365,19,-5025,21.459204000000003
51576.742,-5,-367,23,2526,21.468836
51586.856,-3,-345,-42,-719,21.47895
51596.507,-2,-358,13,-107,21.488601
51606.595,-5,-381,69,-5330,21.498689000000002
51616.249,-4,-385,40,5955,21.508343000000004
51626.358,-2,-367,-3,-2157,21.518452
51636.003,0,-369,15,1522,21.528097
51646.1,-2,-356,44,-3511,21.538194
51655.748,-3,-352,-32,432,21.547842
51665.856,-2,-360,2,-503,21.55795
51675.514,-2,-370,59,1749,21.567608000000003
51685.61,0,-379,51,-2278,21.577704
51695.255,0,-384,40,431,21.587349
51705.365,0,-381,-2,-3396,21.597459
51715.011,1,-386,-4,1480,21.607105
51725.115,1,-388,40,2670,21.617209
51734.746,1,-354,-53,-2080,21.62684
51744.858,1,-360,1,1587,21.636952
51754.506,0,-374,57,-3825,21.646600000000003
51764.612,0,-374,20,2582,21.656706000000003
51774.247,0,-379,-9,2357,21.666341000000003
51784.37,0,-374,-36,-29,21.676464000000003
51794.007,0,-383,-22,-3460,21.686100999999997
51804.112,0,-381,-25,1455,21.696206000000004
51813.752,-1,-358,-79,-528,21.705846
51823.868,-1,-364,-32,419,21.715962000000005
51833.511,-2,-373,9,-6587,21.725604999999998
51843.601,-2,-375,-19,4601,21.735695000000003
51853.259,0,-362,-64,-5500,21.745352999999998
51863.365,0,-359,-39,767,21.755459
51873.018,1,-335,14,1263,21.765112
51883.112,0,-330,-63,-2407,21.775206
51892.753,0,-323,-30,-1242,21.784847
51902.863,0,-329,19,5930,21.794957
51912.517,1,-340,31,-2683,21.804611
51922.622,1,-339,-31,2612,21.814716000000004
51932.251,1,-346,-19,4861,21.824344999999997
51942.36,2,-346,23,-552,21.834454
51952.015,2,-301,-12,1864,21.844109
51962.107,1,-302,-26,2591,21.854201000000003
51971.761,1,-311,19,840,21.863855
51981.862,0,-310,64,-10346,21.873956000000003
51991.529,0,-310,2,6904,21.883623000000004
52001.623,0,-312,-16,-3054,21.893717000000002
52011.265,1,-313,20,-6424,21.903359000000002
52021.366,3,-310,49,1873,21.913460000000004
52031.036,1,-306,-36,-3836,21.92313
52041.11,-1,-306,25,-2326,21.933204
52050.76,-1,-315,69,2099,21.942854000000004
52060.869,0,-325,59,1736,21.952963
52070.521,0,-324,-1,-2474,21.962615000000003
52080.622,1,-319,24,4389,21.972716000000005
52090.267,1,-324,61,2340,21.982361
52100.368,0,-281,-3,281,21.992462000000003
52110.027,0,-286,0,2791,22.002121000000002
52120.111,-3,-288,42,2846,22.012204999999998
52129.771,-3,-297,72,-9807,22.021865000000002
52139.871,-6,-312,13,6740,22.031965
52149.529,-5,-315,14,-2692,22.041623000000005
52159.614,-5,-327,32,-4894,22.051708
52169.263,-6,-330,30,2182,22.061357
52179.36,2,-295,-23,-4519,22.071454000000003
52189.025,3,-307,10,-1345,22.081119
52199.122,0,-326,54,5678,22.091216000000003
52208.768,0,-329,8,-1220,22.100861999999996
52218.866,1,-320,-30,1947,22.110960000000002
52228.519,2,-324,-7,3672,22.120613000000002
52238.623,2,-331,23,-2573,22.130717
52248.268,2,-320,-52,1340,22.140361999999996
52258.368,2,-320,-52,2472,22.150462000000005
52268.027,3,-345,35,-1683,22.160121000000004
52278.123,4,-352,24,-5938,22.170217
52287.761,4,-357,-28,5293,22.179855
52297.876,5,-361,-18,-5066,22.18997
52307.526,7,-357,12,1834,22.19962
52317.631,6,-357,-19,2482,22.209725000000002
52327.266,7,-337,-22,-2405,22.219360000000005
52337.373,7,-337,-22,1519,22.229467
52347.026,4,-347,20,6726,22.23912
52357.117,5,-356,51,-5668,22.249211
52366.764,4,-373,15,4876,22.258858000000004
52376.882,4,-374,-5,-217,22.268976
52386.523,3,-390,2,-5836,22.278617
52396.622,3,-394,23,1624,22.288716000000004
52406.275,3,-374,-55,-1785,22.298369
52416.369,4,-387,-1,-3360,22.308463
52426.042,1,-405,21,485,22.318136000000003
52436.134,2,-410,8,2897,22.328228
52445.765,4,-394,-59,-3545,22.337859
52455.88,6,-395,-36,4881,22.347973999999997
52465.528,9,-396,8,3208,22.357622
52475.631,8,-390,-68,-393,22.367725000000004
52485.269,8,-400,-31,4577,22.377363000000003
52495.386,8,-408,-8,216,22.38748
52505.026,14,-430,22,-9335,22.397119999999997
52515.122,13,-428,-42,6723,22.407216000000005
52524.777,15,-428,-48,-2414,22.416871000000004
52534.872,17,-428,-16,-6846,22.426966000000004
52544.544,16,-427,-12,1729,22.436638000000002
52554.627,15,-391,-78,-3871,22.446721
52564.275,16,-399,-32,-3275,22.456369000000002
52574.379,15,-400,17,4061,22.466473
52584.036,14,-400,-14,1016,22.47613
52594.133,12,-410,-59,-4087,22.486227000000003
52603.772,14,-408,-11,1881,22.495866
52613.881,11,-411,32,5783,22.505975000000003
52623.529,9,-404,-51,-2943,22.515623
52633.622,10,-412,-1,2848,22.525716000000003
52643.276,9,-417,26,10664,22.53537
52653.393,7,-428,54,-8150,22.545486999999998
52663.04,7,-422,-23,2250,22.555134000000002
52673.134,9,-402,26,3876,22.565227999999998
52682.783,10,-403,83,957,22.574877000000004
52692.874,9,-383,26,-909,22.584968000000003
52702.534,8,-382,27,2680,22.594628
52712.636,6,-369,34,-3339,22.60473
52722.272,5,-375,101,-6098,22.614365999999997
52732.38,2,-391,13,7271,22.624474
52742.04,1,-391,54,1740,22.634134000000003
52752.126,0,-380,116,-2346,22.644219999999997
52761.773,0,-376,94,1624,22.653867
52771.891,1,-367,73,-740,22.663985000000004
52781.533,1,-369,47,-5037,22.673627000000003
52791.632,1,-379,76,-384,22.683726
52801.281,0,-381,75,-4813,22.693375000000003
52811.376,-1,-378,26,1847,22.703469999999996
52821.042,-1,-389,86,-4378,22.713136000000002
52831.154,-1,-392,107,2228,22.723248
52840.776,-1,-387,93,-3055,22.73287
52850.89,-2,-388,58,1395,22.742984
52860.546,-2,-384,11,45,22.752640000000003
52870.64,-4,-402,77,5104,22.762734000000002
52880.277,-5,-416,10,-1752,22.772371000000003
52890.388,-5,-420,4,2070,22.782482
52900.037,-7,-422,62,-2768,22.792130999999998
52910.141,-8,-422,45,1950,22.802235000000003
52919.781,-10,-422,34,-569,22.811875000000004
52929.891,-9,-423,-17,2699,22.821985000000005
52939.538,-10,-421,-35,1130,22.831632000000003
52949.645,-11,-441,42,-2184,22.841738999999997
52959.278,-8,-441,-56,4555,22.851371999999998
52969.389,-8,-447,-41,-1771,22.861483000000003
52979.044,-9,-443,1,-5558,22.871138000000002
52989.132,-10,-444,4,2742,22.881225999999998
52998.777,-9,-427,-31,-1369,22.890871000000004
53008.892,-8,-430,-46,-642,22.900986
53018.54,-11,-428,-37,9393,22.910634
53028.636,-12,-438,5,-9108,22.92073
53038.283,-6,-437,-88,3168,22.930377000000004
53048.388,-5,-440,-46,2235,22.940482
53058.058,-5,-435,-2,541,22.950152
53068.147,-6,-430,-25,-3339,22.960241
53077.782,-4,-429,-43,2695,22.969876
53087.904,-2,-431,-59,-8035,22.979998000000002
53097.556,0,-450,-13,1285,22.989649999999997
53107.635,0,-446,-60,2304,22.999729000000002
53117.293,1,-443,-67,3345,23.009387
53127.403,4,-441,-1,-3954,23.019496999999998
53137.049,5,-438,-8,1372,23.029143
53147.142,7,-425,-4,-2790,23.039236000000002
53156.787,7,-423,-55,-1411,23.048880999999998
53166.89,8,-417,-51,-2910,23.058984
53176.56,9,-423,1,-701,23.068654
53186.643,11,-438,-84,2761,23.078736999999997
53196.285,14,-446,4,-7121,23.088379000000003
53206.398,15,-418,25,1436,23.098492
53216.045,14,-416,40,-1367,23.108138999999998
53226.141,14,-426,-3,-908,23.118235000000006
53235.789,15,-428,-35,-1147,23.127882999999997
53245.889,15,-451,66,4278,23.137983000000006
53255.551,15,-442,-23,-4198,23.147645
53265.655,13,-454,30,-3070,23.157749
53275.287,15,-462,98,7669,23.167381
53285.396,16,-458,80,-1606,23.177490000000002
53295.047,16,-459,61,2750,23.187141
53305.141,12,-443,26,-100,23.197235000000003
53314.792,11,-461,104,4830,23.206886
53324.912,13,-464,42,-2190,23.217005999999998
53334.56,13,-464,24,4313,23.226654
53344.647,12,-451,102,-2526,23.236741
53354.292,11,-449,80,2135,23.246386
53364.404,10,-447,68,384,23.256498000000004
53374.067,10,-448,32,1374,23.266161000000004
53384.172,9,-448,24,4538,23.276266
53393.81,8,-459,85,-5253,23.285904
53403.918,7,-448,-26,2432,23.296011999999997
53413.553,7,-457,6,335,23.305647
53423.655,7,-461,65,-365,23.315749
53433.303,8,-444,23,-1968,23.325397000000002
53443.393,7,-441,7,1394,23.335486999999997
53453.057,6,-440,-32,-3347,23.345151
53463.153,6,-445,-22,-1041,23.355247
53472.802,7,-455,-2,-5201,23.364896000000005
53482.894,7,-447,-80,343,23.374988000000002
53492.565,7,-448,-20,-4282,23.384659000000003
53502.659,8,-445,-9,4491,23.394753
53512.298,8,-434,-24,-2404,23.404392000000005
53522.396,8,-431,-62,452,23.41449
53532.07,7,-415,-91,1936,23.424164
53542.15,6,-426,-24,5054,23.434244000000003
53551.794,6,-428,-108,-6865,23.443888
53561.905,6,-432,-59,3217,23.453999
53571.552,6,-415,20,5281,23.463646000000004
53581.647,6,-410,2,-1864,23.473740999999997
53591.299,5,-425,8,717,23.483393
53601.398,5,-422,-61,-3569,23.493492000000003
53611.059,1,-422,47,4008,23.503153
53621.154,0,-416,-8,-3332,23.513248000000004
53630.796,0,-419,-3,1543,23.522890000000004
53640.903,1,-407,65,-281,23.532996999999998
53650.567,0,-394,45,2988,23.542661000000003
53660.654,3,-367,9,-3359,23.552748000000005
53670.312,3,-367,9,-1537,23.562406
53680.409,1,-347,70,2921,23.572503
53690.066,1,-331,76,-1980,23.58216
53700.151,4,-335,21,845,23.592245
53709.811,4,-318,-8,-1075,23.601905000000002
53719.907,3,-304,16,-3803,23.612001
53729.562,2,-280,24,3180,23.621655999999998
53739.661,3,-246,-17,3484,23.631755000000002
53749.299,2,-215,41,-5124,23.641393
53759.415,2,-186,75,-2055,23.651509
53769.06,0,-171,45,5720,23.661154
53779.168,3,-149,14,-3324,23.671262
53788.806,4,-109,59,-4828,23.680899999999998
53798.906,4,-75,67,5531,23.691000000000003
53808.571,0,-53,39,-3582,23.700665000000004
53818.664,0,-54,28,656,23.710758
53828.301,-1,-39,10,-3208,23.720395
53838.419,-3,-29,35,3941,23.730513000000002
53848.069,-4,-17,-17,643,23.740163000000003
53858.157,-6,-1,64,-4072,23.750251
53867.808,-5,18,71,5442,23.759901999999997
53877.919,-1,24,41,-3264,23.770013000000002
53887.567,-1,45,64,-1422,23.779661000000004
53897.659,-3,46,-36,1899,23.789753
53907.305,-4,47,-81,-3913,23.799399
53917.413,-5,57,-72,1123,23.809507
53927.071,-6,57,-50,702,23.819165000000005
53937.172,-6,63,-8,2663,23.829266
53946.813,-7,80,-32,-1412,23.838907000000003
53956.928,-6,88,-9,2733,23.849022
53966.574,-3,63,-60,-2259,23.858668
53976.686,-4,59,-124,-2182,23.86878
53986.305,-3,53,-183,1893,23.878399
53996.426,-7,57,-96,-3937,23.88852
54006.066,-16,27,-88,-1907,23.89816
54016.173,-18,21,-46,2451,23.908267000000002
54025.812,-25,42,-22,2087,23.917906
54035.919,-28,40,-12,2852,23.928013000000004
54045.574,-29,41,-95,4378,23.937668000000002
54055.669,-33,29,-109,-3568,23.947763000000002
54065.308,-43,10,-42,-11370,23.957402
54075.425,-47,6,-65,6029,23.967519000000003
54085.074,-57,10,33,4058,23.977168000000002
54095.172,-60,8,11,-1014,23.987265999999998
54104.806,-61,-10,56,-1893,23.996899999999997
54114.916,-59,-13,-44,2131,24.007009999999998
54124.573,-72,-13,29,4523,24.016666999999998
54134.67,-77,-18,24,-4804,24.026764
54144.315,-80,-45,3,8339,24.036409000000003
54154.424,-89,-63,105,1612,24.046518
54164.082,-88,-38,75,-1887,24.056176000000004
54174.163,-92,-43,69,1250,24.066257
54183.814,-92,-21,22,-241,24.075908
54193.922,-97,-38,74,3427,24.086016
54203.571,-98,-47,79,994,24.095665000000004
54213.665,-94,-71,28,-188,24.105759000000003
54223.329,-94,-70,75,3624,24.115423
54233.414,-94,-75,104,3354,24.125507999999996
54243.092,-92,-73,43,-2569,24.135185999999997
54253.184,-86,-58,22,3614,24.145278
54262.82,-84,-65,33,1853,24.154914
54272.92,-84,-73,71,-5752,24.165014
54282.588,-79,-73,4,7343,24.174682000000004
54292.666,-73,-72,-13,-4443,24.184759999999997
54302.314,-68,-68,3,4910,24.194408
54312.428,-62,-57,17,8877,24.204522
54322.069,-60,-55,-55,-1619,24.214163000000003
54332.185,-52,-45,-26,3437,24.224279
54341.822,-48,-46,-16,3114,24.233916
54351.918,-39,-56,13,-6470,24.244011999999998
54361.576,-34,-55,-49,6581,24.253670000000003
54371.673,-27,-37,-62,-2743,24.263767000000005
54381.324,-20,-28,-37,-4887,24.273418000000003
54391.42,-19,-4,-14,7979,24.283514
54401.08,-18,-2,-87,-3264,24.293174000000004
54411.175,-9,-4,-59,1483,24.303269000000004
54420.818,-2,-1,-24,8514,24.312912
54430.924,12,-7,-18,935,24.323018
54440.579,15,-5,-76,103,24.332673
54450.686,25,3,-30,8374,24.34278
54460.318,32,11,14,-903,24.352412
54470.422,29,56,-38,-965,24.362516
54480.082,33,60,-30,3014,24.372176000000003
54490.171,39,59,-4,-117,24.382265000000004
54499.829,39,71,57,-4147,24.391923
54509.929,38,69,-33,5163,24.402022999999996
54519.58,47,56,12,4771,24.411674
54529.688,54,64,72,-5829,24.421782000000004
54539.321,43,83,43,3222,24.431415000000005
54549.451,42,82,9,-3479,24.441545
54559.081,43,78,24,422,24.451175
54569.187,49,77,86,1335,24.461281
54578.832,51,63,0,3356,24.470926000000002
54588.954,53,63,7,-1057,24.481047999999998
54598.582,52,73,47,1421,24.490676000000004
54608.676,54,74,68,8006,24.50077
54618.33,33,84,4,-2967,24.510424000000004
54628.429,34,79,7,3388,24.520522999999997
54638.094,25,74,33,4249,24.530188
54648.182,28,68,63,-2965,24.540276000000002
54657.83,33,47,-22,548,24.549924000000004
54667.933,34,45,20,5902,24.560026999999998
54677.593,32,46,57,-4769,24.569687000000002
54687.683,28,44,31,1755,24.579777
54697.335,28,46,-5,-1052,24.589429
54707.45,31,38,3,246,24.599543999999998
54717.088,39,20,63,-920,24.609182000000004
54727.186,39,17,0,4208,24.619280000000003
54736.836,34,22,-13,-3830,24.628930000000004
54746.935,35,21,21,3801,24.639028999999997
54756.595,34,18,57,10484,24.648689
54766.698,28,19,-32,-2984,24.658792
54776.331,30,13,-4,3224,24.668425
54786.454,38,-4,23,5001,24.678548
54796.106,41,-9,47,-5192,24.688200000000002
54806.187,64,-30,-15,6173,24.698280999999998
54815.843,64,-32,16,4370,24.707937
54825.94,70,-37,35,-8514,24.718034000000003
54835.605,67,-38,13,2213,24.727699000000005
54845.697,54,-22,-39,-2151,24.737791
54855.335,58,-27,-1,-1601,24.747429
54865.446,57,-34,36,-1037,24.757540000000006
54875.094,59,-35,-17,5744,24.767187999999997
54885.191,61,-39,-43,-4139,24.777285
54894.843,58,-34,-20,8348,24.786937
54904.95,54,-33,10,6022,24.797044
54914.604,53,-34,-73,-2271,24.806698
54924.696,50,-27,-18,5141,24.816790000000005
54934.347,49,-27,36,6792,24.826441000000003
54944.437,58,-34,13,-6005,24.836531
54954.111,58,-32,-30,4972,24.846204999999998
54964.207,44,-14,-6,4262,24.856301000000002
54973.835,38,-7,40,-8826,24.865929
54983.951,17,5,-42,5727,24.876045
54993.593,14,8,7,-3150,24.885687
55003.689,8,3,69,-2063,24.895782999999998
55013.352,8,6,42,-4372,24.905446
55023.449,17,3,0,6622,24.915543000000003
55033.106,10,12,25,-2385,24.9252
55043.193,10,12,25,1162,24.935287
55052.835,13,14,73,11669,24.944929
55062.95,12,12,-18,-6442,24.955043999999997
55072.605,-12,38,11,3079,24.964699000000003
55082.721,-13,40,55,7691,24.974815
55092.339,0,29,63,1471,24.984433
55102.457,0,30,-7,832,24.994551000000005
55112.102,-5,33,27,9876,25.004196
55122.202,-7,39,61,-3369,25.014295999999998
55131.843,-15,38,17,1205,25.023937
55141.96,-15,38,0,1886,25.034054
55151.598,-3,34,25,1527,25.043692
55161.717,-1,36,69,-4559,25.053811
55171.341,19,31,9,6352,25.063435000000002
55181.468,19,34,28,-2100,25.073562000000003
55191.102,31,41,49,-3670,25.083196
55201.21,30,42,64,9810,25.093304
55210.842,11,50,-16,-6383,25.102935999999996
55220.954,17,51,23,2241,25.113048
55230.615,28,42,82,7838,25.122709
55240.703,33,42,63,1221,25.132797000000004
55250.357,48,34,15,867,25.142451000000005
55260.463,49,36,40,9834,25.152557000000005
55270.113,49,38,46,-3561,25.162207
55280.2,49,34,6,6578,25.172293999999997
55289.849,44,33,-3,-966,25.181943000000004
55299.947,51,32,66,4503,25.192041
55309.613,59,30,73,-3920,25.201707
55319.711,64,30,56,5173,25.211805000000005
55329.345,64,30,25,4050,25.221439000000004
55339.45,52,33,11,2954,25.231544
55349.11,47,34,32,-6038,25.241204000000003
55359.198,23,36,-43,1256,25.251292
55368.855,22,35,-14,-4191,25.260949000000004
55378.95,28,27,78,-2360,25.271043999999996
55388.62,28,26,12,7505,25.280714000000003
55398.701,31,24,27,-912,25.290795000000003
55408.372,26,23,-32,-2479,25.300466000000004
55418.458,28,21,-49,3965,25.310552
55428.116,19,19,-8,-790,25.320210000000003
55438.212,1,20,-107,528,25.330306
55447.848,-4,20,-39,4015,25.339942
55457.955,6,16,7,-8775,25.350049000000002
55467.611,6,15,-14,1996,25.359704999999998
55477.711,1,16,-36,2361,25.369805000000003
55487.352,-5,15,-52,-1117,25.379446
55497.463,-1,13,0,-4829,25.389557000000003
55507.109,-4,12,-48,2546,25.399202999999996
55517.215,-16,10,-62,-4143,25.409308999999997
55526.856,-19,11,5,3104,25.418950000000002
55536.958,-9,11,11,-6411,25.429052
55546.611,-8,11,-32,4533,25.438705
55556.709,-13,10,-23,-2432,25.448803000000005
55566.361,-19,11,13,-3064,25.458454999999997
55576.458,-38,10,6,-848,25.468552
55586.115,-36,9,-44,-1123,25.478209
55596.204,-24,7,14,2547,25.488298
55605.856,-22,8,60,-3926,25.49795
55615.969,9,7,19,4229,25.508063
55625.613,10,7,0,-4216,25.517706999999998
55635.722,8,8,28,1876,25.527816
55645.356,21,8,47,-963,25.53745
55655.474,22,7,-45,-62,25.547568000000002
55665.114,18,8,26,4157,25.557208000000003
55675.221,23,8,89,-8829,25.567314999999997
55684.855,39,7,62,1701,25.576949000000003
55694.975,43,8,43,2657,25.587069
55704.618,37,9,19,-5867,25.596712000000004
55714.714,34,9,47,-4862,25.606808
55724.355,9,9,-5,5309,25.616449000000003
55734.47,11,9,-20,-3036,25.626564000000002
55744.116,21,11,105,-768,25.636210000000002
55754.219,22,11,31,9257,25.646313
55763.86,37,20,68,-1407,25.655954
55773.959,34,20,14,-822,25.666053000000005
55783.614,41,25,-6,7133,25.675708000000004
55793.709,38,25,7,-3029,25.685803000000003
55803.358,25,23,-54,-425,25.695452
55813.461,23,24,31,5877,25.705555000000004
55823.127,53,30,49,-11770,25.715221
55833.21,55,31,12,1058,25.725304
55842.862,86,29,24,1607,25.734956
55852.965,81,28,-35,-4766,25.745058999999998
55862.619,87,27,-4,-5724,25.754713
55872.723,86,27,-33,6189,25.764817
55882.362,85,29,-62,-2697,25.774456
55892.462,82,33,62,2181,25.784556000000002
55902.127,128,30,3,9309,25.794221
55912.212,131,32,32,-4244,25.804306
55921.87,126,33,-20,-337,25.813964000000002
55931.975,159,28,-29,8689,25.824068999999998
55941.627,154,29,-8,-3143,25.833721
55951.717,146,23,-84,-2040,25.843811
55961.374,143,27,19,8788,25.853468000000003
55971.464,165,29,25,-8756,25.863558
55981.121,165,32,-1,647,25.873215000000002
55991.232,150,31,20,3304,25.883326000000004
56000.873,144,31,-25,-1473,25.892967000000002
56010.974,157,33,-21,-5359,25.903068000000005
56020.626,155,33,-50,5416,25.912719999999997
56030.717,140,31,-27,1048,25.922811
56040.372,130,35,70,-6144,25.932466000000005
56050.478,137,38,-12,9468,25.942572000000006
56060.124,135,41,43,-1966,25.952218000000006
56070.232,153,45,-20,-5667,25.962326000000004
56079.865,142,45,-29,-106,25.971959
56089.97,126,50,-41,-497,25.982064
56099.634,123,50,-65,438,25.991728
56109.728,121,51,69,730,26.001822000000004
56119.368,119,49,3,528,26.011462
56129.476,99,48,23,-2847,26.021570000000004
56139.129,93,47,12,3028,26.031223
56149.225,110,46,-47,2693,26.041318999999998
56158.873,102,44,-56,-3835,26.050967
56168.974,98,43,-54,710,26.061068000000002
56178.63,76,38,4,4306,26.070724
56188.73,68,36,43,-5127,26.080824000000003
56198.372,83,37,-12,5628,26.090466000000003
56208.486,80,36,45,654,26.100579999999997
56218.131,80,31,-39,-4457,26.110225000000003
56228.235,72,28,-57,-1368,26.120329
56237.876,67,24,-59,382,26.129969999999997
56247.987,65,22,-46,3900,26.140081000000002
56257.632,51,17,48,-5378,26.149725999999998
56267.725,52,16,-16,2282,26.159819
56277.383,48,12,37,-3452,26.169477000000004
56287.484,45,10,-15,981,26.179578
56297.142,57,14,-60,185,26.189236
56307.228,57,15,-106,1799,26.199322000000002
56316.871,42,14,-66,2695,26.208965
56326.974,37,19,15,-2386,26.219068000000004
56336.634,59,34,-20,1512,26.228728
56346.724,60,46,-13,-343,26.238818000000002
56356.372,47,63,-12,-4471,26.248466000000004
56366.477,43,71,-86,6962,26.258571
56376.132,56,96,-123,-1626,26.268226
56386.226,61,128,-38,-12309,26.278320000000004
56395.88,48,162,29,8501,26.287974
56405.977,50,181,34,-1651,26.298071
56415.647,62,185,58,2895,26.307740999999996
56425.74,64,212,75,11404,26.317833999999998
56435.382,72,231,60,3712,26.327475999999997
56445.49,70,234,-4,-1836,26.337584
56455.138,67,233,-60,-1613,26.347231999999998
56465.228,70,270,10,2638,26.357322000000003
56474.894,70,312,91,-155,26.366988000000003
56484.987,75,325,57,5019,26.377081
56494.644,76,362,102,-256,26.386738
56504.732,72,373,77,3475,26.396826000000004
56514.382,73,387,51,-4965,26.406475999999998
56524.486,66,372,-52,1374,26.41658
56534.147,67,392,-62,4200,26.426240999999997
56544.236,74,453,51,-12413,26.436329999999998
56553.892,75,461,11,6709,26.445986
56563.983,63,491,30,2671,26.456077
56573.638,60,521,52,-205,26.465732
56583.749,54,518,-12,-1561,26.475843000000005
56593.378,55,514,-67,207,26.485471999999998
56603.488,52,504,-127,-6223,26.495582
56613.143,52,528,-113,4153,26.505236999999997
56623.236,58,550,-86,51,26.51533
56632.88,58,576,-67,2900,26.524973999999997
56642.994,37,590,-52,2561,26.535088
56652.64,31,603,-48,1469,26.544734000000002
56662.735,30,607,-75,-4038,26.554829
56672.39,31,586,-155,5705,26.564484
56682.493,34,584,-183,-7243,26.574587000000005
56692.15,33,607,-150,481,26.584244
56702.239,45,594,-190,8046,26.594333000000002
56711.882,44,622,-139,-4113,26.603976
56721.998,32,627,-128,-2234,26.614092
56731.65,27,629,-130,2578,26.623744000000002
56741.752,11,621,-148,-2136,26.633846000000002
56751.392,15,591,-241,-1887,26.643486
56761.511,20,622,-145,6192,26.653605
56771.153,31,593,-211,-2067,26.663247
56781.259,31,601,-185,4986,26.673353
56790.895,7,616,-104,-3353,26.682989
56800.997,4,609,-117,-270,26.693091000000003
56810.654,5,583,-152,4985,26.702748000000003
56820.75,10,573,-174,673,26.712844
56830.403,13,581,-82,-9210,26.722497
56840.501,14,553,-166,10235,26.732594999999996
56850.155,34,537,-153,2975,26.742249
56860.252,30,550,-60,1737,26.752346000000003
56869.899,15,536,-96,2138,26.761992999999997
56879.991,17,521,-124,-4857,26.772085000000004
56889.658,20,514,-51,7466,26.781752000000004
56899.753,23,515,3,-3737,26.791846999999997
56909.388,55,494,-73,3637,26.801482
56919.496,50,497,3,8538,26.81159
56929.15,47,490,70,-1864,26.821244000000004
56939.249,48,468,-32,-3068,26.831343000000004
56948.899,48,475,68,8506,26.840992999999997
56959.008,50,477,150,-6511,26.851102
56968.649,60,458,106,3512,26.860743
56978.751,57,452,118,-5452,26.870845
56988.397,62,450,175,-7478,26.880491
56998.502,63,439,137,3884,26.890596000000002
57008.158,65,430,127,3091,26.900252000000005
57018.262,50,441,273,-11575,26.910356000000004
57027.892,52,426,205,2697,26.919986
57038.002,62,418,215,-1637,26.930096000000002
57047.654,57,410,201,3672,26.939748
57057.758,66,413,219,-3341,26.949852000000003
57067.396,67,404,177,-376,26.959490000000002
57077.5,42,402,234,7240,26.969594
57087.152,37,402,279,-10665,26.979246000000003
57097.25,52,393,202,4224,26.989344000000003
57106.907,51,393,243,2346,26.999001
57116.998,66,379,197,2263,27.009092
57126.655,60,374,175,-2295,27.018749
57136.757,29,369,178,600,27.028851
57146.394,29,364,146,2413,27.038488
57156.51,35,376,259,-2779,27.048604000000005
57166.158,36,364,180,5864,27.058252000000003
57176.247,11,365,207,-6450,27.068341000000004
57185.905,9,360,190,-5440,27.077999
57196.002,15,353,126,889,27.088096
57205.656,11,350,96,-78,27.097750000000005
57215.752,-7,347,110,-3346,27.107846000000002
57225.399,-8,347,89,4532,27.117493
57235.499,-5,364,161,-4816,27.127593000000005
57245.158,-4,355,98,743,27.137252000000004
57255.264,-24,354,111,-1222,27.147358000000004
57264.897,-24,352,99,-2846,27.156990999999998
57275.016,-19,343,22,2977,27.167110000000005
57284.666,-23,342,1,-2075,27.176759999999998
57294.755,-23,338,-48,-1375,27.186849
57304.401,-31,346,-30,4309,27.196495
57314.521,-34,358,17,-6792,27.206615000000003
57324.159,-25,361,13,5480,27.216253000000002
57334.262,-23,365,3,522,27.226356000000003
57343.903,-40,363,5,-4311,27.235997
57354.016,-39,354,-57,4112,27.246110000000005
57363.678,-39,355,-81,-5211,27.255772
57373.772,-38,348,-143,2578,27.265866
57383.405,-47,366,-102,2226,27.275499
57393.515,-47,385,-46,-4781,27.285609
57403.182,-40,389,-52,4348,27.295276
57413.27,-35,400,-38,-9226,27.305363999999997
57422.911,-56,396,-57,-3505,27.315005
57433.012,-53,396,-78,6368,27.325106
57442.67,-70,388,-121,-7427,27.334764
57452.763,-67,384,-171,1067,27.344857
57462.428,-75,404,-131,1403,27.354522
57472.515,-70,434,-49,-3903,27.364609
57482.176,-48,433,-87,5206,27.37427
57492.271,-40,451,-48,-3312,27.384365000000003
57501.922,-30,449,-72,-1736,27.394016
57512.025,-23,451,-88,1367,27.404119
57521.685,-29,427,-187,-2240,27.413778999999998
57531.778,-23,425,-225,-3804,27.423872
57541.425,-11,456,-129,786,27.433519000000004
57551.532,-1,475,-92,6873,27.443626000000002
57561.185,-4,479,-114,1389,27.453279
57571.271,6,505,-51,1677,27.463365000000003
57580.929,9,498,-96,3941,27.473022999999998
57591.016,17,488,-147,-2386,27.483110000000003
57600.687,23,474,-212,-5947,27.492781
57610.77,28,485,-178,4802,27.502864
57620.422,35,499,-141,-1265,27.512515999999998
57630.516,53,511,-122,5619,27.522610000000004
57640.193,59,521,-102,-779,27.532287
57650.278,58,521,-93,3540,27.542372
57659.916,60,501,-175,-2304,27.55201
57670.02,49,492,-190,-10489,27.562113999999998
57679.679,59,507,-132,6953,27.571772999999997
57689.771,74,493,-169,-843,27.581865
57699.412,85,516,-76,-574,27.591506
57709.523,44,509,-74,4141,27.601617
57719.177,44,507,-77,-3513,27.611271000000006
57729.275,48,487,-137,1393,27.621369
57738.91,59,503,-56,2896,27.631004000000004
57749.022,73,494,-74,-7562,27.641115999999997
57758.668,74,487,-96,4987,27.650762
57768.773,59,500,-23,3438,27.660867000000003
57778.419,59,500,-23,-179,27.670513000000003
57788.528,50,491,-18,1139,27.680622
57798.182,50,474,-81,-368,27.690276
57808.285,47,469,-68,2382,27.700379000000005
57817.926,46,481,15,-11313,27.71002
57828.025,46,465,-39,8500,27.720119000000004
57837.678,74,454,-45,1023,27.729772
57847.775,64,459,4,-1621,27.739869000000002
57857.414,70,452,13,3911,27.749508
57867.533,69,436,-53,-2647,27.759627000000005
57877.177,50,436,11,4373,27.769271000000003
57887.275,44,443,78,-8502,27.779369000000003
57896.92,47,428,27,2809,27.789013999999998
57907.046,39,425,39,-114,27.79914
57916.675,25,429,91,-2453,27.808769000000005
57926.782,21,420,51,4838,27.818876
57936.416,-17,413,55,-4751,27.828509999999998
57946.535,-25,421,139,3933,27.838629000000005
57956.182,-21,420,157,-5653,27.848276000000002
57966.283,-21,410,102,2168,27.858377000000004
57975.917,-52,412,140,144,27.868011000000003
57986.026,-63,415,170,-1530,27.87812
57995.681,-74,401,105,4057,27.887774999999998
58005.777,-78,399,113,-2857,27.897871000000002
58015.439,-75,408,182,1871,27.907533
58025.532,-77,406,174,-8651,27.917626
58035.188,-58,395,118,4715,27.927282
58045.272,-65,396,135,-3350,27.937365999999997
58054.922,-48,394,136,531,27.947015999999998
58065.021,-50,390,113,-341,27.957115
58074.683,-64,384,88,1180,27.966776999999997
58084.784,-62,387,107,-356,27.976878
58094.42,-54,389,144,5217,27.986514
58104.536,-54,389,144,-4011,27.99663
58114.184,-50,381,96,3852,28.006278000000002
58124.273,-55,381,89,383,28.016367000000002
58133.93,-57,382,88,4143,28.026024
58144.023,-53,383,96,-1840,28.036117
58153.686,-51,373,25,2003,28.045780000000004
58163.78,-53,374,41,-1361,28.055874
58173.431,-49,385,97,-2496,28.065524999999997
58183.529,-36,380,56,2751,28.075623000000004
58193.195,-29,382,60,-825,28.085289
58203.286,-44,378,34,655,28.095380000000002
58212.923,-44,375,14,6544,28.105017000000004
58223.041,-47,372,-3,-5299,28.115135
58232.696,-44,370,-31,3913,28.124790000000004
58242.776,-49,371,-55,-4181,28.13487
58252.425,-47,393,41,903,28.144519000000003
58262.539,-39,385,-13,8963,28.154632999999997
58272.185,-33,392,7,-2304,28.164278999999997
58282.283,-34,386,-21,717,28.174377000000003
58291.933,-35,379,-65,5842,28.184026999999997
58302.028,-48,378,-69,-3356,28.194122
58311.683,-48,380,-83,3704,28.203777
58321.784,-57,381,-120,-183,28.213878
58331.427,-59,410,-7,-1395,28.223521000000005
58341.533,-46,401,-63,7337,28.233627000000006
58351.184,-41,411,-40,-3363,28.243278000000004
58361.287,-28,407,-61,-1443,28.253380999999997
58370.931,-29,399,-113,6094,28.263025
58381.042,-46,402,-118,-2542,28.273136
58390.688,-43,407,-121,-1460,28.282782000000005
58400.786,-43,410,-124,2487,28.29288
58410.431,-43,437,-26,-4922,28.302525
58420.545,-40,424,-94,7785,28.312639
58430.197,-34,442,-47,-3316,28.322291
58440.294,-32,436,-84,-4178,28.332388
58449.93,-23,427,-130,-3043,28.342024000000002
58460.04,-22,422,-170,851,28.352134000000003
58469.69,-31,429,-138,3976,28.361784000000004
58479.795,-29,453,-54,-6420,28.371889
58489.435,-16,454,-66,5373,28.381528999999997
58499.551,-10,457,-73,3425,28.391645
58509.191,-29,456,-51,-6533,28.401285
58519.289,-28,444,-113,-1659,28.411382999999997
58528.935,-27,434,-173,5555,28.421028999999997
58539.044,-21,442,-157,-6498,28.431138000000004
58548.696,-27,478,-32,-926,28.440790000000003
58558.797,-27,474,-59,1415,28.450891
58568.433,-12,488,-28,-8955,28.460527
58578.543,-10,491,-23,-8783,28.470637
58588.197,5,485,-47,-247,28.480291
58598.286,5,468,-131,-3453,28.490380000000002
58607.939,16,463,-139,-2065,28.500033
58618.049,23,508,31,3223,28.510143
58627.695,27,497,-20,-355,28.519789
58637.791,32,507,16,1889,28.529885
58647.439,28,506,29,2200,28.539533
58657.538,30,501,6,469,28.549632000000003
58667.209,21,474,-102,1736,28.559303000000003
58677.301,24,469,-129,2144,28.569395
58686.945,31,508,26,-7597,28.579039
58697.044,31,499,0,7296,28.589138000000002
58706.707,35,503,10,1436,28.598801
58716.789,22,515,54,-4317,28.608883
58726.448,22,504,9,-3686,28.618541999999998
58736.559,28,490,-35,-778,28.628653000000003
58746.204,29,471,-121,-6433,28.638298
58756.302,26,497,4,-1509,28.648396000000005
58765.95,29,501,26,6440,28.658043999999997
58776.054,30,497,13,1282,28.668148
58785.708,26,510,81,958,28.677802
58795.794,46,491,20,-3983,28.687888
58805.44,49,476,-41,-4853,28.697534000000005
58815.553,43,462,-67,123,28.707647
58825.208,41,473,8,-8118,28.717302
58835.299,58,462,0,2033,28.727393
58844.95,60,468,46,4904,28.737043999999997
58855.045,44,458,54,-805,28.747139
58864.707,41,452,41,-1374,28.756801000000003
58874.81,19,428,-37,4920,28.766904
58884.445,23,421,-48,-4626,28.776539
58894.551,26,418,-12,-4779,28.786645
58904.208,23,408,-40,8282,28.796302
58914.298,-20,417,36,-2515,28.806392000000002
58923.95,-25,410,23,-1107,28.816043999999998
58934.059,-20,404,32,1850,28.826153
58943.709,-21,392,-10,-1999,28.835803000000002
58953.801,-26,381,-57,-10834,28.845895
58963.465,-27,382,2,6717,28.855558999999996
58973.546,-30,369,-50,4323,28.865640000000003
58983.221,-12,367,1,-5112,28.875314999999997
58993.315,-17,368,48,-2598,28.885409000000003
59002.948,-46,362,34,108,28.895041999999997
59013.068,-46,354,15,-400,28.905162
59022.717,-68,340,-44,-6167,28.914810999999997
59032.803,-64,344,37,8118,28.924897
59042.446,-40,333,-6,-6353,28.934540000000005
59052.549,-38,333,22,336,28.944643
59062.215,-64,340,119,1999,28.954309
59072.311,-65,331,72,-3,28.964405000000003
59081.947,-49,325,63,771,28.974041
59092.059,-43,317,16,-1491,28.984153000000003
59101.711,-35,326,122,2378,28.993805000000005
59111.816,-35,310,6,591,29.00391
59121.448,-12,315,60,1602,29.013541999999998
59131.562,-10,319,114,-6878,29.023656
59141.212,-15,311,82,4074,29.033306
59151.312,-13,304,45,-1682,29.043405999999997
59160.964,-2,301,43,-6939,29.053058
59171.06,6,309,118,8055,29.063153999999997
59180.715,23,300,51,-4818,29.072808999999996
59190.816,27,301,66,1135,29.08291
59200.454,22,301,87,5193,29.092547999999997
59210.556,24,303,94,625,29.102649999999997
59220.214,-8,304,34,810,29.112308000000002
59230.309,-8,304,34,-1118,29.122403000000002
59239.951,-2,308,53,-176,29.132045
59250.066,-9,319,93,-2376,29.14216
59259.715,-7,315,52,2498,29.151808999999997
59269.812,11,313,33,-568,29.161906
59279.464,9,314,22,-3931,29.171558
59289.569,20,315,6,3356,29.181663000000004
59299.219,17,321,13,3267,29.191312999999997
59309.317,6,315,-46,-1354,29.201411000000004
59318.96,5,324,-27,1669,29.211054
59329.065,12,341,30,-6195,29.221159000000004
59338.714,13,337,-20,-243,29.230808
59348.819,20,345,-14,1483,29.240913000000003
59358.459,15,344,-45,-2234,29.250553000000004
59368.576,20,346,-61,6412,29.26067
59378.215,13,356,-41,-1273,29.270308999999997
59388.329,3,347,-109,3550,29.280423
59397.956,0,361,-83,-760,29.29005
59408.064,4,381,-24,-2017,29.300158
59417.726,3,377,-72,1162,29.309820000000002
59427.824,9,387,-64,967,29.319918
59437.457,4,386,-99,-2348,29.329551000000002
59447.578,10,390,-111,4479,29.339672000000004
59457.216,0,404,-85,-5232,29.349310000000003
59467.31,-12,394,-146,5710,29.359403999999998
59476.964,-18,405,-130,-2743,29.369058000000003
59487.073,-16,427,-67,953,29.379167
59496.718,-18,425,-97,357,29.388812
59506.815,-16,429,-103,1370,29.398909000000003
59516.462,-22,429,-126,-2048,29.408556
59526.57,-30,432,-133,4180,29.418664
59536.223,-28,447,-96,-2542,29.428317
59546.318,-28,433,-170,4328,29.438412
59555.97,-46,441,-141,218,29.448064000000002
59566.079,-52,461,-80,1194,29.458173
59575.721,-45,458,-110,-2319,29.467814999999998
59585.838,-44,456,-131,1465,29.477932000000003
59595.463,-60,453,-144,-1318,29.487557000000006
59605.59,-66,455,-146,6898,29.497683999999996
59615.236,-82,459,-139,737,29.50733
59625.314,-81,450,-185,-1544,29.517408
59634.974,-97,465,-133,6011,29.527068000000003
59645.071,-101,474,-98,-4521,29.537165000000005
59654.723,-87,464,-133,5552,29.546817
59664.82,-88,458,-157,896,29.556914
59674.466,-75,454,-159,1704,29.566560000000003
59684.567,-81,466,-116,-7222,29.576661000000005
59694.224,-91,446,-202,4220,29.586318000000002
59704.327,-92,457,-146,-107,29.596421
59713.964,-80,472,-62,-6229,29.606058
59724.077,-77,468,-77,2304,29.616170999999998
59733.728,-77,464,-96,-171,29.625822000000003
59743.817,-82,465,-89,244,29.635911000000004
59753.468,-87,472,-41,-7946,29.645562
59763.582,-84,456,-112,5490,29.655676000000003
59773.226,-96,468,-50,2515,29.665320000000005
59783.326,-96,485,37,-9390,29.675420000000003
59792.97,-84,472,3,4798,29.685064
59803.074,-83,466,-16,2719,29.695168000000002
59812.729,-86,467,-3,7796,29.704823
59822.841,-77,472,26,-5326,29.714935
59832.475,-74,454,-56,1593,29.724569
59842.577,-98,466,31,7509,29.734671
59852.232,-96,472,73,-6644,29.744326000000004
59862.327,-83,465,52,6139,29.754420999999997
59871.991,-82,460,37,3828,29.764085
59882.083,-87,452,36,10279,29.774176999999998
59891.735,-87,456,60,-3838,29.783829
59901.827,-117,439,-8,151,29.793920999999997
59911.473,-114,455,98,9343,29.803566999999997
59921.577,-83,456,122,-5359,29.813671
59931.233,-76,453,110,5070,29.823327000000003
59941.335,-90,449,100,5301,29.833429
59950.971,-91,443,85,8429,29.843065
59961.077,-78,440,110,-5573,29.853171
59970.732,-74,427,40,2538,29.862826000000005
59980.824,-79,441,116,4169,29.872918000000002
59990.472,-77,445,150,-11633,29.882566000000004
60000.579,-66,430,107,4947,29.892673
60010.236,-62,426,101,-1827,29.90233
60020.329,-49,414,69,-7736,29.912423
60029.976,-50,413,73,-4115,29.922070000000005
60040.078,-69,403,52,4021,29.932172
60049.751,-66,398,32,-6485,29.941844999999997
60059.838,-39,412,139,3475,29.951932000000003
60069.474,-36,400,77,7508,29.961568000000003
60079.581,-39,400,97,-2260,29.971674999999998
60089.242,-39,394,62,577,29.981336
60099.327,-41,388,45,8665,29.991421
60108.993,-31,387,52,-4618,30.001087000000002
60119.092,-29,380,1,2265,30.011186
60128.735,-41,386,46,-2550,30.020829000000003
60138.852,-41,392,94,-12254,30.030946
60148.479,-29,385,42,7029,30.040573000000002
60158.59,-25,388,76,-4175,30.050683999999997
60168.244,-28,374,17,-7978,30.060337999999998
60178.344,-31,371,0,6521,30.070438
60187.977,-43,370,8,-1423,30.080071
60198.094,-41,361,-55,-283,30.090187999999998
60207.751,-51,379,18,1841,30.099845
60217.832,-50,381,30,-11486,30.109926
60227.484,-40,379,6,2729,30.119577999999997
60237.596,-38,383,29,-1538,30.12969
60247.241,-31,369,-29,-7132,30.139335000000003
60257.345,-35,370,-39,3908,30.149439
60266.985,-58,371,-36,-457,30.159079000000002
60277.089,-56,363,-81,-281,30.169183
60286.749,-62,370,-3,5281,30.178843000000004
60296.849,-61,366,4,-11144,30.188943000000002
60306.483,-49,352,-38,1498,30.198577
60316.595,-46,344,-17,-2458,30.208689000000003
60326.251,-35,319,-88,-6589,30.218344999999996
60336.343,-37,307,-83,1138,30.228437000000003
60345.987,-50,281,-126,1164,30.238081
60356.092,-47,269,-162,1337,30.248185999999997
60365.747,-46,264,-53,3872,30.257841000000003
60375.845,-11,245,-99,-3740,30.267939000000002
60385.495,-4,229,-94,329,30.277589000000003
60395.595,-1,213,-90,4956,30.287689000000004
60405.264,-2,198,-163,3436,30.297358000000003
60415.358,20,187,-193,-2834,30.307452
60424.993,23,172,-162,-1208,30.317087000000004
60435.101,16,150,-178,3495,30.327195000000003
60444.757,19,128,-81,-4324,30.336851
60454.836,45,119,-140,7890,30.346930000000004
60464.487,55,102,-87,-3245,30.356581000000002
60474.589,42,78,-153,-538,30.366683000000002
60484.249,41,64,-172,-2067,30.376343000000006
60494.347,47,45,-147,-6994,30.386441
60503.995,54,19,-33,11640,30.396089000000003
60514.103,36,4,-31,-6347,30.406197000000002
60523.748,41,-4,-40,1826,30.415842
60533.838,-3,-27,-1,-8439,30.425932000000003
60543.491,-3,-27,-1,2045,30.435585000000003
60553.593,-5,-26,-73,163,30.445687000000003
60563.247,-5,-32,-109,-11270,30.455341000000004
60573.354,-17,-56,39,5838,30.465448000000002
60582.99,-20,-70,43,-1206,30.475084
60593.091,-5,-72,62,-5181,30.485185
60602.748,-3,-81,82,-1496,30.494842000000002
60612.847,17,-80,67,1244,30.504941000000002
60622.498,14,-80,-3,-2189,30.514592
60632.596,18,-95,-3,-5785,30.52469
60642.264,25,-116,137,9155,30.534358000000005
60652.349,42,-116,125,-3647,30.544443000000005
60661.996,45,-123,149,4721,30.55409
60672.112,48,-128,168,10410,30.564206000000002
60681.75,43,-134,141,4444,30.573844
60691.855,42,-131,70,-2353,30.583949000000004
60701.496,40,-125,18,1267,30.59359
60711.609,45,-129,41,1113,30.603703
60721.26,48,-138,155,-3943,30.613354000000005
60731.353,48,-133,78,5419,30.623447000000002
60740.994,51,-128,126,679,30.633088
60751.101,52,-126,101,-1831,30.643195000000002
60760.762,61,-118,58,-1626,30.652856000000003
60770.864,62,-117,5,12,30.662958000000003
60780.504,63,-114,-70,-7544,30.672598
60790.595,68,-115,-49,9126,30.682689000000003
60800.254,67,-126,48,-2000,30.692348000000003
60810.356,69,-124,-2,1236,30.702450000000002
60819.993,56,-137,42,1416,30.712087000000004
60830.105,57,-140,45,1109,30.722199000000003
60839.758,50,-139,-19,-894,30.731852000000003
60849.847,51,-141,-86,-3018,30.741941000000004
60859.499,43,-142,-153,1085,30.751593000000003
60869.62,44,-159,-93,-2268,30.761714000000005
60879.259,51,-170,-113,913,30.771352999999998
60889.36,52,-185,-72,5505,30.781454
60899.003,43,-198,-72,-398,30.791096999999997
60909.104,38,-213,-55,3054,30.801198
60918.767,16,-222,-102,-5597,30.810861
60928.875,17,-223,-169,-2903,30.820969
60938.507,20,-235,-189,4173,30.830600999999998
60948.609,11,-260,-149,-15064,30.840702999999998
60958.268,9,-272,-163,1007,30.850361999999997
60968.357,-4,-314,-90,956,30.860451000000005
60978.013,-8,-329,-95,138,30.870107
60988.105,-13,-349,-66,1148,30.880199000000005
60997.767,-12,-341,-149,5775,30.889861
61007.86,-18,-364,-149,-8719,30.899954
61017.505,-19,-400,-101,-6091,30.909599
61027.603,1,-416,-116,5304,30.919697000000003
61037.263,6,-465,-20,-1231,30.929357
61047.357,-31,-480,-46,-1604,30.939451000000005
61057.0,-34,-514,-8,1177,30.949094000000002
61067.109,-39,-504,-69,1594,30.959203
61076.76,-35,-507,-109,-9937,30.968854000000004
61086.854,-18,-552,-47,1530,30.978948
61096.504,-18,-559,-82,6674,30.988598000000003
61106.606,-13,-605,-15,-4616,30.9987
61116.269,-11,-616,-25,-633,31.008363000000003
61126.365,10,-631,-1,1845,31.018459
61136.002,12,-628,-40,-2586,31.028096
61146.105,11,-619,-94,-6777,31.038199000000006
61155.766,24,-663,-23,9090,31.047860000000004
61165.864,45,-661,-56,-2323,31.057958000000003
61175.503,52,-685,-28,-4722,31.067597
61185.62,54,-716,21,4816,31.077714000000004
61195.263,55,-718,1,1991,31.087357
61205.365,55,-712,-14,272,31.097459
61215.007,58,-695,-71,-368,31.107101
61225.11,80,-740,28,2775,31.117204
61234.769,101,-713,-31,-810,31.126863
61244.871,106,-716,-32,935,31.136965
61254.505,103,-736,19,-1554,31.146599
61264.62,106,-746,40,2800,31.156714000000004
61274.272,107,-716,-17,32,31.166365999999996
61284.369,114,-713,-16,-2385,31.176463
61294.004,117,-726,42,5683,31.186098
61304.128,121,-719,24,-147,31.196222
61313.772,148,-681,-36,-3282,31.205865999999997
61323.869,148,-687,6,4920,31.215963
61333.507,160,-681,33,1559,31.225600999999997
61343.618,157,-655,-44,823,31.235712000000003
61353.268,148,-649,-3,881,31.245361999999997
61363.369,151,-657,70,963,31.255463
61373.011,154,-630,42,666,31.265105
61383.111,154,-616,22,2,31.275205
61392.768,140,-591,0,-1266,31.284861999999997
61402.877,130,-584,14,-66,31.294971
61412.509,100,-564,-3,3938,31.304603
61422.617,96,-546,-46,-3953,31.314711
61432.273,107,-545,54,7323,31.324367000000002
61442.366,100,-534,53,3336,31.334460000000004
61452.011,93,-507,29,-986,31.344105
61462.135,83,-495,16,1550,31.354229000000004
61471.771,93,-481,5,4238,31.363865
61481.876,74,-480,59,-2949,31.373969999999996
61491.522,54,-456,-19,896,31.383615999999996
61501.62,38,-454,50,7985,31.393714000000003
61511.28,22,-450,110,-1997,31.403374
61521.381,26,-434,66,2806,31.413475000000002
61531.018,16,-423,45,-2098,31.423111999999996
61541.127,2,-410,65,676,31.433221
61550.785,-18,-411,130,657,31.442879000000005
61560.878,-44,-394,35,1252,31.452972
61570.516,-54,-390,69,2325,31.462610000000005
61580.616,-67,-391,119,8372,31.472710000000003
61590.278,-71,-386,101,-1896,31.482371999999998
61600.373,-46,-376,43,-1905,31.492467
61610.017,-58,-375,80,5278,31.502111
61620.125,-48,-377,111,611,31.512219
61629.78,-50,-370,54,579,31.521874
61639.88,-46,-361,34,1583,31.531973999999998
61649.525,-45,-361,46,93,31.541619
61659.634,-27,-365,94,-8964,31.551728
61669.279,-25,-355,15,6838,31.561373000000003
61679.372,-26,-356,36,330,31.571466000000004
61689.022,-29,-357,56,-5291,31.581115999999998
61699.121,-32,-363,81,3750,31.591215000000002
61708.788,-31,-351,-15,-3405,31.600882000000002
61718.875,-14,-360,15,-216,31.610969
61728.52,-8,-374,87,111,31.620613999999996
61738.626,18,-368,63,1857,31.630719999999997
61748.286,22,-364,23,1443,31.64038
61758.37,24,-370,42,2436,31.650464000000003
61768.03,45,-378,37,-2194,31.660124
61778.138,48,-374,-13,4579,31.670232
61787.787,36,-378,0,-3886,31.679880999999998
61797.904,42,-405,116,500,31.689998000000003
61807.522,71,-399,54,7726,31.699616
61817.631,79,-411,87,-1759,31.709725000000002
61827.285,61,-406,47,1098,31.719379000000004
61837.379,56,-410,35,3467,31.729473000000002
61847.02,66,-411,2,-3198,31.739113999999997
61857.145,68,-413,-14,961,31.749239
61866.781,44,-450,114,4779,31.758875000000003
61876.883,44,-443,63,111,31.768977000000003
61886.529,54,-441,64,4077,31.778623000000003
61896.628,53,-449,80,-3,31.788721999999996
61906.286,65,-430,-14,-2598,31.79838
61916.381,59,-430,-33,-2529,31.808475
61926.029,48,-431,-27,201,31.818123000000003
61936.145,48,-434,-30,4027,31.828238999999996
61945.79,45,-455,49,-1190,31.837884000000003
61955.882,45,-443,-16,4214,31.847976
61965.523,28,-449,14,901,31.857617
61975.632,25,-441,-34,-324,31.867725999999998
61985.284,30,-421,-83,-1445,31.877378
61995.389,28,-412,-135,-559,31.887483000000003
62005.037,13,-423,-100,-2558,31.897130999999998
62015.129,13,-423,-100,4889,31.907223000000002
62024.795,24,-444,-2,-6274,31.916888999999998
62034.891,24,-437,-41,-2726,31.926985000000005
62044.524,25,-440,-25,-577,31.936618
62054.638,2,-441,-23,1373,31.946732
62064.304,-2,-433,-72,-4696,31.956397999999997
62074.386,-2,-422,-127,-3334,31.96648
62084.032,1,-437,-61,10294,31.976126
62094.133,-21,-459,17,-6005,31.986227000000003
62103.791,-22,-460,11,6247,31.995884999999998
62113.909,-17,-455,19,5151,32.006003
62123.533,-17,-458,16,-3076,32.015627
62133.644,-7,-445,-43,-5249,32.025738000000004
62143.289,-8,-433,-105,225,32.035382999999996
62153.38,-6,-457,-9,5407,32.045474
62163.028,-9,-471,36,-5434,32.055122
62173.141,12,-464,29,8686,32.065235
62182.793,15,-465,48,-5080,32.074887
62192.886,8,-459,38,-7756,32.08498
62202.532,6,-452,-7,-206,32.094626
62212.641,2,-435,-73,3077,32.104735000000005
62222.293,7,-443,-31,-4732,32.114387
62232.396,19,-462,78,569,32.12449
62242.03,20,-453,31,-1716,32.134124
62252.133,35,-454,71,-5872,32.144227
62261.793,37,-447,55,9066,32.153887
62271.885,52,-432,26,3981,32.163979000000005
62281.537,50,-415,-68,-3365,32.173631
62291.646,54,-417,-80,-677,32.18374
62301.291,65,-444,77,-38,32.193385
62311.393,65,-433,15,1136,32.203486999999996
62321.035,81,-429,44,2411,32.213129
62331.134,85,-427,64,4082,32.223228
62340.803,85,-416,33,4040,32.232897
62350.894,86,-405,-31,-504,32.242988000000004
62360.533,76,-381,-130,-5482,32.252627000000004
62370.647,81,-399,-19,7883,32.262741
62380.293,99,-403,23,-1923,32.272387
62390.394,100,-398,-6,-615,32.282488
62400.037,66,-412,68,6986,32.292131
62410.144,65,-405,37,303,32.302238
62419.791,55,-387,-48,4925,32.311885
62429.912,59,-387,-67,-4301,32.322005999999995
62439.545,52,-398,-15,-614,32.331639
62449.638,49,-401,-17,-1477,32.341732
62459.301,54,-413,38,3327,32.351395000000004
62469.39,51,-416,38,2612,32.361484
62479.044,58,-421,69,2301,32.371138
62489.157,56,-409,-2,-5966,32.381251
62498.796,47,-408,-34,-5142,32.390890000000006
62508.89,47,-420,-11,12802,32.400984
62518.539,62,-431,-10,-2295,32.410633
62528.642,60,-444,24,-1527,32.420736
62538.301,17,-458,50,3215,32.430395
62548.404,11,-464,52,1147,32.440498000000005
62558.038,17,-468,57,-1402,32.450132
62568.142,18,-450,-37,8122,32.460236
62577.801,30,-457,-23,-2466,32.469895
62587.891,24,-473,4,-11159,32.479985000000006
62597.546,21,-472,-25,5031,32.48964
62607.655,40,-502,56,1257,32.499749
62617.299,36,-498,19,-105,32.509393
62627.393,27,-514,59,2438,32.519487
62637.058,26,-500,-12,-4070,32.529151999999996
62647.143,7,-489,-61,-2109,32.539237
62656.81,8,-503,-34,11391,32.548904
62666.903,18,-502,-45,-8477,32.558997
62676.544,15,-513,-27,-2083,32.568638
62686.648,-6,-533,27,3672,32.578742000000005
62696.302,-10,-530,0,-1860,32.588396
62706.404,-3,-536,35,-2700,32.598498000000006
62716.045,-1,-514,-56,-137,32.608139
62726.156,-3,-518,-54,-7109,32.61825
62735.803,-4,-532,-20,3009,32.627897000000004
62745.898,8,-516,-67,4850,32.637992000000004
62755.546,7,-534,-7,-4393,32.64764
62765.655,-40,-545,10,4660,32.657749
62775.315,-44,-546,2,4923,32.667409000000006
62785.408,-52,-534,-32,1296,32.677502000000004
62795.049,-50,-517,-97,1949,32.687143
62805.153,-56,-533,-28,3670,32.697247
62814.809,-56,-526,-66,-5951,32.706903000000004
62824.897,-37,-525,-74,3577,32.716991
62834.552,-35,-542,-2,-5051,32.726646
62844.659,-38,-534,-15,-1722,32.736753
62854.306,-39,-535,-12,-805,32.7464
62864.406,-40,-514,-74,280,32.7565
62874.048,-32,-511,-73,5200,32.766142
62884.148,-22,-530,4,-7802,32.776241999999996
62893.807,0,-500,-96,-447,32.785900999999996
62903.92,4,-507,-48,-1240,32.79601399999999
62913.547,-1,-515,5,-1666,32.805641
62923.671,-1,-511,-15,-82,32.815765
62933.315,-4,-493,-63,1125,32.825409
62943.419,2,-488,-66,-4130,32.835513000000006
62953.052,-1,-501,5,-2866,32.84514600000001
62963.164,1,-488,-57,5339,32.855258
62972.821,13,-472,-68,-5887,32.86491500000001
62982.909,13,-474,-32,253,32.875003
62992.553,3,-472,-4,3519,32.884646999999994
63002.658,2,-455,-91,-2452,32.89475200000001
63012.318,-11,-457,-35,-1094,32.904411999999994
63022.406,-6,-465,29,2691,32.9145
63032.056,5,-453,-7,-2682,32.92415
63042.165,6,-442,-50,2173,32.934259000000004
63051.823,-6,-439,-31,5291,32.943917
63061.911,-10,-443,5,-2874,32.954005
63071.555,-29,-430,-65,5134,32.963649000000004
63081.671,-28,-433,-36,-2158,32.973765
63091.318,-19,-445,43,658,32.983411999999994
63101.41,-19,-440,25,261,32.993504
63111.059,-13,-432,-1,-412,33.003153000000005
63121.162,-17,-429,-7,-1772,33.01325599999999
63130.816,-16,-433,36,-2149,33.02291
63140.906,-17,-427,0,1655,33.033
63150.559,-34,-423,-14,-3573,33.04265300000001
63160.656,-37,-438,80,5218,33.05275
63170.342,-27,-438,78,-898,33.062436
63180.425,-25,-433,45,2317,33.072519
63190.065,-30,-431,38,-4667,33.082159
63200.167,-39,-433,70,-3324,33.092261
63209.834,-42,-431,55,1172,33.101928
63219.907,-68,-427,35,-1849,33.11200100000001
63229.571,-67,-436,91,2003,33.12166500000001
63239.658,-61,-440,104,720,33.131752000000006
63249.317,-58,-429,38,218,33.141411000000005
63259.413,-41,-424,42,175,33.151506999999995
63269.056,-45,-425,51,5794,33.16114999999999
63279.164,-34,-426,52,-1722,33.171258
63288.819,-36,-425,39,1173,33.180913000000004
63298.92,-45,-415,-12,1694,33.191013999999996
63308.566,-41,-421,23,2906,33.200660000000006
63318.667,-24,-428,76,-3941,33.210761
63328.317,-20,-422,36,4153,33.220411000000006
63338.425,-24,-413,7,-5279,33.230519
63348.058,-26,-415,26,1602,33.240152
63358.171,-29,-416,50,741,33.250265
63367.822,-28,-408,-12,-405,33.259916
63377.914,-32,-408,-2,689,33.270008000000004
63387.559,-27,-417,49,870,33.279653
63397.67,-16,-410,38,1616,33.289764
63407.322,-12,-405,10,612,33.299416
63417.423,-7,-400,-5,-3523,33.30951700000001
63427.063,-10,-400,-9,1774,33.319157000000004
63437.171,-32,-400,6,-1498,33.329265
63446.821,-31,-390,-64,-507,33.33891500000001
63456.922,-18,-403,1,2639,33.349016000000006
63466.564,-17,-411,47,-11821,33.358658
63476.684,-15,-403,4,4202,33.368778000000006
63486.325,-11,-400,13,375,33.378418999999994
63496.441,-14,-393,-23,-4356,33.388535000000005
63506.065,-11,-394,-28,-261,33.398159
63516.191,-14,-395,-35,3873,33.40828500000001
63525.822,-29,-382,-99,-2478,33.417916
63535.919,-32,-397,-8,6607,33.42801300000001
63545.57,-17,-394,-20,-3347,33.437664000000005
63555.665,-16,-393,-35,-1139,33.447759000000005
63565.339,-25,-386,-60,2225,33.457433
63575.431,-31,-384,-76,794,33.467524999999995
63585.077,-36,-394,-28,-6493,33.477171000000006
63595.18,-36,-382,-101,5443,33.487274000000006
63604.824,-54,-387,-82,-3617,33.49691800000001
63614.925,-60,-401,0,-314,33.507019
63624.583,-51,-397,-23,1402,33.516676999999994
63634.667,-51,-394,-44,233,33.526761
63644.339,-59,-391,-51,-3328,33.536433
63654.435,-67,-397,-27,-3565,33.54652899999999
63664.065,-88,-400,-16,-264,33.556159
63674.18,-86,-391,-78,-1194,33.56627400000001
63683.83,-77,-403,-27,3674,33.575924
63693.919,-78,-412,22,-258,33.58601300000001
63703.57,-55,-399,-19,2652,33.595664000000006
63713.679,-55,-398,-32,-3743,33.605773
63723.34,-58,-402,-9,4973,33.61543399999999
63733.42,-46,-415,23,996,33.625513999999995
63743.086,-45,-398,-81,1038,33.635180000000005
63753.175,-51,-404,-40,-639,33.645269
63762.85,-46,-419,25,687,33.654944
63772.926,-29,-417,1,-2386,33.665020000000005
63782.578,-25,-411,-39,1948,33.67467200000001
63792.676,-35,-412,-28,224,33.68477000000001
63802.335,-36,-416,-16,-545,33.69442900000001
63812.424,-50,-411,-42,3420,33.70451799999999
63822.072,-46,-409,-67,-4064,33.714166
63832.172,-53,-430,37,7461,33.724266
63841.83,-50,-426,10,-2413,33.733924
63851.924,-37,-424,16,798,33.744018
63861.57,-36,-421,-6,3288,33.75366400000001
63871.684,-25,-419,-14,2448,33.76377800000001
63881.334,-28,-425,1,-6781,33.773428
63891.432,-51,-410,-63,2663,33.783525999999995
63901.074,-50,-426,6,549,33.79316800000001
63911.176,-24,-436,57,-12746,33.803270000000005
63920.842,-22,-426,7,8071,33.812936
63930.928,-34,-431,27,-1300,33.823021999999995
63940.569,-38,-423,-16,-4898,33.832663000000004
63950.684,-35,-427,-6,832,33.842778
63960.334,-37,-428,-11,3367,33.852428
63970.43,-53,-420,-52,-2366,33.86252400000001
63980.073,-55,-436,33,7540,33.872167000000005
63990.188,-49,-434,30,-1847,33.882282000000004
63999.838,-48,-431,3,387,33.891932000000004
64009.93,-50,-426,-22,577,33.902024000000004
64019.575,-56,-420,-28,1785,33.911668999999996
64029.695,-64,-431,22,-4455,33.921789000000004
64039.341,-79,-413,-67,4321,33.931435
64049.439,-80,-417,-43,-2805,33.94153299999999
64059.079,-75,-426,18,-719,33.951173
64069.192,-73,-424,3,-1894,33.96128600000001
64078.836,-60,-413,-28,612,33.97093000000001
64088.944,-62,-414,-19,-3955,33.981038
64098.578,-53,-418,-13,-3694,33.990672
64108.693,-54,-422,-2,791,34.000786999999995
64118.343,-64,-413,-49,-294,34.010437
64128.445,-58,-420,-5,2007,34.02053900000001
64138.081,-49,-429,47,-209,34.030175
64148.187,-44,-422,-1,755,34.040281
64157.841,-33,-414,-27,-346,34.049935
64167.941,-33,-418,-5,5840,34.060035000000006
64177.579,-21,-422,29,-1461,34.069672999999995
64187.685,-20,-409,-57,3664,34.079778999999995
64197.339,-25,-417,-17,-1260,34.08943300000001
64207.441,-16,-430,55,3250,34.099535
64217.092,-4,-423,25,1555,34.109186
64227.186,2,-420,9,-471,34.119279999999996
64236.843,0,-411,-12,-850,34.12893700000001
64246.943,-1,-412,-12,4387,34.139036999999995
64256.585,-20,-413,-10,-3851,34.148679
64266.681,-18,-404,-72,435,34.15877499999999
64276.352,-6,-420,21,2606,34.168445999999996
64286.436,-4,-423,37,-12267,34.17853
64296.084,-1,-415,-6,6926,34.188178
64306.188,23,-416,12,780,34.198282000000006
64315.847,20,-406,-36,-5921,34.207941000000005
64325.941,24,-402,-37,-1699,34.218035
64335.588,23,-401,-50,4294,34.227682
64345.687,7,-395,-84,-1213,34.237781000000005
64355.354,3,-415,28,8079,34.247448000000006
64365.457,23,-404,-14,437,34.25755100000001
64375.092,24,-405,-9,-2984,34.267186
64385.186,12,-400,-38,3571,34.27728
64394.844,6,-395,-67,1617,34.28693799999999
64404.939,5,-405,-31,-7014,34.297033
64414.605,4,-391,-115,3546,34.30669900000001
64424.697,-13,-398,-69,-974,34.316790999999995
64434.354,-19,-412,6,-10124,34.326448000000006
64444.445,-13,-401,-46,5948,34.336539
64454.095,-15,-404,-42,-1910,34.346188999999995
64464.196,-14,-396,-52,-1061,34.35629000000001
64473.858,-24,-404,-16,-397,34.36595200000001
64483.957,-45,-399,-39,2507,34.376051000000004
64493.601,-47,-395,-66,-5732,34.385695000000005
64503.703,-41,-415,16,3190,34.39579700000001
64513.367,-42,-416,20,-792,34.405460999999995
64523.449,-31,-406,-14,1454,34.41554300000001
64533.108,-35,-406,-19,-4967,34.425202000000006
64543.203,-32,-414,3,-2259,34.435297000000006
64552.866,-35,-418,9,75,34.44496000000001
64562.965,-58,-408,-39,-1586,34.45505899999999
64572.6,-55,-423,34,4598,34.464694
64582.714,-42,-426,48,-1511,34.474808
64592.358,-38,-422,14,1453,34.484452000000005
64602.468,-38,-422,11,-304,34.494562
64612.099,-52,-420,27,5151,34.504193
64622.215,-51,-422,21,-2622,34.514309
64631.859,-53,-411,-37,3664,34.52395299999999
64641.958,-46,-426,38,-1100,34.534051999999996
64651.602,-28,-436,71,1478,34.543696
64661.705,-23,-430,32,3387,34.553799
64671.353,-9,-422,24,-1496,34.563447000000004
64681.461,-9,-421,16,-2636,34.573555000000006
64691.092,2,-424,26,2872,34.583186000000005
64701.204,2,-424,26,-2990,34.593298
64710.855,-3,-407,-44,-1388,34.60294900000001
64720.954,0,-409,-16,2578,34.61304799999999
64730.592,27,-411,56,-11747,34.622686
64740.703,29,-394,-6,5644,34.632797000000004
64750.361,25,-383,17,2766,34.642455
64760.467,23,-366,-32,-8775,34.652561
64770.096,20,-341,-69,-3142,34.66219
64780.211,18,-330,-55,3166,34.67230500000001
64789.856,9,-304,-138,-2896,34.68195
64799.961,11,-290,-65,8479,34.69205500000001
64809.593,19,-264,-55,-2985,34.70168700000001
64819.711,22,-246,-89,-2961,34.711805000000005
64829.359,22,-221,-89,3738,34.721453
64839.459,19,-203,-125,124,34.731553
64849.112,14,-185,-119,-3831,34.741206000000005
64859.214,0,-156,-137,3490,34.751308
64868.863,0,-135,-109,895,34.760957
64878.963,-13,-102,16,-10657,34.771057
64888.602,-10,-88,-42,5499,34.780696
64898.699,-6,-62,6,324,34.79079300000001
64908.37,-10,-49,-37,-6233,34.800464000000005
64918.454,-4,-28,-15,-5250,34.810548
64928.097,-2,-14,-37,-871,34.82019100000001
64938.203,-17,8,12,4746,34.83029700000001
64947.857,-22,36,108,-10743,34.839951
64957.957,4,51,42,3383,34.85005100000001
64967.605,4,71,72,1140,34.859699000000006
64977.7,34,85,40,-1376,34.86979399999999
64987.36,29,97,45,-4156,34.879453999999996
64997.462,5,107,28,1196,34.889556
65007.098,5,127,81,4402,34.89919199999999
65017.207,43,149,149,-10116,34.909301000000006
65026.861,45,149,73,4709,34.918955000000004
65036.958,32,159,109,651,34.929052
65046.602,29,160,60,-4639,34.93869599999999
65056.714,27,154,37,-2155,34.94880800000001
65066.36,28,159,27,1471,34.958453999999996
65076.465,12,155,7,2708,34.96855899999999
65086.117,7,173,119,-6347,34.978210999999995
65096.208,15,162,26,4798,34.988302
65105.868,17,169,53,-3276,34.997962
65115.962,33,165,26,312,35.008055999999996
65125.605,29,159,-32,-256,35.01769900000001
65135.714,27,155,-71,-1526,35.02780800000001
65145.362,15,154,-68,-948,35.037456000000006
65155.469,13,157,-12,3936,35.047563
65165.119,30,154,14,-778,35.057213000000004
65175.216,31,150,-36,4343,35.06731
65184.873,14,146,12,-932,35.076967
65194.983,12,137,-62,2546,35.08707700000001
65204.617,18,134,-91,-455,35.096711
65214.725,17,128,-110,-8460,35.106819
65224.37,-5,122,-37,9746,35.11646400000001
65234.471,-15,114,16,-3691,35.126565
65244.118,9,110,0,4989,35.136212
65254.224,0,107,8,7587,35.146318
65263.875,-14,98,19,-1688,35.155969
65273.965,-13,91,-104,2766,35.166059
65283.622,-36,82,-126,4090,35.175716
65293.722,-82,70,49,-10687,35.185816
65303.38,-90,65,25,6961,35.195474000000004
65313.459,-112,59,39,-629,35.205553
65323.129,-137,51,96,-5455,35.215222999999995
65333.224,-150,45,55,71,35.225318
65342.878,-167,40,-1,-1270,35.23497199999999
65352.967,-171,35,-77,-7421,35.245061
65362.615,-213,15,84,-2635,35.254709000000005
65372.735,-237,4,93,8340,35.264829
65382.377,-277,-5,102,1534,35.274471000000005
65392.472,-317,-19,151,-1634,35.284566000000005
65402.123,-323,-24,89,8997,35.294217
65412.211,-336,-33,52,-6976,35.30430500000001
65421.883,-331,-35,-45,1745,35.313977
65431.969,-350,-45,-43,552,35.324062999999995
65441.616,-409,-67,77,-3402,35.33371
65451.728,-408,-72,13,1173,35.343822
65461.381,-437,-85,41,871,35.353475
65471.475,-456,-94,38,147,35.363569000000005
65481.113,-460,-98,-9,-4293,35.373206999999994
65491.223,-452,-95,-90,4799,35.383317
65500.876,-456,-98,-144,252,35.39297
65510.975,-457,-105,-169,-7860,35.403069
65520.611,-477,-117,-117,9303,35.412705
65530.723,-479,-126,-117,-5639,35.422816999999995
65540.375,-489,-133,-105,2785,35.432469
65550.473,-509,-137,-120,8131,35.442567
65560.117,-510,-140,-137,-1618,35.452211
65570.24,-487,-133,-195,-2250,35.462334000000006
65579.872,-488,-134,-229,2309,35.471966
65589.97,-496,-134,-281,-4524,35.482064
65599.618,-509,-148,-149,2171,35.491712
65609.725,-480,-148,-189,-2638,35.501819000000005
65619.382,-479,-150,-145,-10912,35.511475999999995
65629.473,-479,-151,-145,-1754,35.521567
65639.115,-473,-150,-177,2743,35.531209000000004
65649.221,-456,-136,-287,-2427,35.541315000000004
65658.887,-447,-135,-256,4506,35.550981
65668.977,-439,-145,-56,-2660,35.561071
65678.616,-407,-134,-127,2586,35.57070999999999
65688.739,-395,-129,-64,-699,35.580833
65698.376,-388,-127,-38,2059,35.59047
65708.484,-378,-122,-110,-3384,35.60057799999999
65718.129,-367,-110,-198,1592,35.610223
65728.236,-348,-110,9,-9358,35.62033
65737.882,-304,-103,30,9043,35.62997599999999
65747.981,-294,-95,13,2915,35.640074999999996
65757.636,-298,-94,114,-3525,35.64973
65767.737,-293,-89,-24,1647,35.65983099999999
65777.39,-312,-80,10,6299,35.669484
65787.482,-298,-79,87,-8230,35.679576000000004
65797.126,-264,-71,70,4894,35.68922
65807.231,-247,-62,162,5615,35.699324999999995
65816.891,-273,-71,164,-486,35.708985
65826.98,-265,-66,97,-5658,35.71907399999999
65836.63,-292,-57,137,6576,35.728724
65846.729,-280,-54,196,-6899,35.738823000000004
65856.39,-236,-40,115,6976,35.748484
65866.473,-232,-31,149,350,35.75856699999999
65876.123,-233,-27,194,-7127,35.76821700000001
65886.227,-228,-24,105,1019,35.778321
65895.889,-254,-11,159,4609,35.78798299999999
65905.975,-253,-2,237,-7321,35.798069000000005
65915.628,-231,7,146,6600,35.80772199999999
65925.725,-229,17,190,-4533,35.817819
65935.388,-219,22,140,-1616,35.827482
65945.483,-219,22,65,-1362,35.83757699999999
65955.122,-220,27,66,-3941,35.847216
65965.236,-260,35,146,8470,35.857330000000005
65974.905,-267,37,134,-4647,35.86699899999999
65984.976,-251,41,128,3899,35.87706999999999
65994.641,-257,46,128,-739,35.886735
66004.731,-290,40,103,-5641,35.896825
66014.391,-292,39,29,-687,35.906485
66024.488,-291,41,-7,2315,35.916582
66034.129,-313,48,81,-6515,35.926223
66044.228,-347,46,94,6879,35.936322
66053.886,-347,46,94,-3020,35.94598
66063.987,-343,51,101,3732,35.95608099999999
66073.627,-355,54,109,8298,35.96572099999999
66083.73,-354,51,92,-1643,35.975823999999996
66093.387,-355,49,27,-2318,35.985481
66103.481,-355,45,-39,3565,35.995574999999995
66113.13,-363,45,-55,-6142,36.005224000000005
66123.24,-394,49,65,486,36.015334
66132.888,-397,47,20,96,36.024982
66142.984,-409,51,62,-1891,36.03507799999999
66152.632,-414,52,37,9061,36.044726
66162.734,-423,46,2,-599,36.05482799999999
66172.392,-425,44,-49,-2600,36.064486
66182.493,-414,36,-123,2488,36.074587
66192.13,-418,36,-125,-3250,36.084224
66202.239,-433,36,8,468,36.094333
66211.893,-431,34,-51,-617,36.103987
66221.985,-438,36,-13,-706,36.114079
66231.631,-440,37,-31,4259,36.12372499999999
66241.752,-438,36,-63,-757,36.13384599999999
66251.391,-419,37,-134,948,36.143485
66261.512,-413,34,-209,-2612,36.153605999999996
66271.132,-401,34,-176,6175,36.163225999999995
66281.243,-411,35,-68,-6760,36.173337
66290.895,-398,33,-133,687,36.182989
66300.998,-402,35,-69,716,36.19309200000001
66310.633,-389,33,-97,-5061,36.202726999999996
66320.756,-385,31,-131,-224,36.21284999999999
66330.394,-375,26,-234,-1298,36.222488
66340.49,-373,24,-190,1346,36.232584
66350.145,-356,11,-122,-8054,36.242239
66360.254,-351,9,-100,5986,36.252348
66369.894,-371,4,-74,-195,36.261987999999995
66379.997,-374,1,-40,2359,36.272091
66389.636,-346,5,-148,-2284,36.281729999999996
66399.747,-336,0,-126,-7776,36.291841
66409.401,-335,-14,-77,2376,36.301494999999996
66419.505,-332,-18,-90,5629,36.311599
66429.136,-323,-28,16,-6370,36.32122999999999
66439.24,-325,-34,8,1541,36.331334000000005
66448.9,-309,-32,-10,-1086,36.340993999999995
66458.989,-301,-33,-64,-6684,36.351082999999996
66468.642,-306,-51,74,10657,36.360736
66478.744,-301,-53,-11,-4708,36.370838000000006
66488.407,-287,-53,9,432,36.380501
66498.492,-294,-60,57,2527,36.390586
66508.141,-296,-66,56,-1766,36.400235
66518.241,-301,-63,-24,3791,36.41033499999999
66527.902,-302,-73,62,2280,36.419996
66537.996,-307,-79,93,-6908,36.43009
66547.641,-305,-80,57,344,36.439735
66557.741,-293,-80,43,-1557,36.44983499999999
66567.427,-303,-83,37,-4894,36.459520999999995
66577.493,-300,-85,44,-3528,36.469587
66587.153,-299,-84,-9,4187,36.479247
66597.248,-339,-92,69,-2865,36.48934200000001
66606.909,-353,-96,101,-1458,36.499002999999995
66616.994,-311,-91,65,10283,36.509088000000006
66626.643,-322,-93,89,-2099,36.518736999999994
66636.766,-322,-88,35,-3332,36.52886
66646.403,-339,-89,42,6575,36.538497
66656.496,-333,-88,47,-4048,36.54859
66666.146,-335,-85,2,19,36.55823999999999
66676.246,-376,-86,119,5088,36.56834
66685.908,-374,-83,51,-10879,36.57800199999999
66696.001,-360,-76,76,912,36.588095
66705.65,-366,-73,39,1684,36.59774399999999
66715.749,-344,-64,14,-5857,36.607842999999995
66725.414,-357,-63,4,-1871,36.617508
66735.507,-359,-55,-34,1555,36.627601
66745.162,-369,-51,-34,-97,36.637255999999994
66755.26,-381,-45,53,4996,36.64735399999999
66764.906,-376,-42,-19,-1783,36.657
66775.003,-401,-33,23,-2501,36.66709699999999
66784.658,-401,-30,-36,3496,36.67675199999999
66794.749,-410,-27,-60,-1718,36.686842999999996
66804.411,-406,-20,-85,-2903,36.69650499999999
66814.512,-408,-16,-106,1264,36.706606
66824.157,-434,-9,-73,2951,36.71625100000001
66834.266,-449,-4,-34,-5678,36.72636
66843.909,-418,1,-85,1288,36.736003
66854.009,-430,8,-23,-3904,36.746103000000005
66863.655,-438,7,-108,2543,36.755748999999994
66873.771,-444,9,-127,-587,36.76586499999999
66883.416,-432,8,-174,821,36.77551
66893.523,-439,14,-109,-614,36.785616999999995
66903.152,-464,17,-58,-1556,36.795246
66913.263,-463,21,-69,2884,36.805357
66922.92,-438,28,-54,-4404,36.815014
66933.015,-439,28,-57,-2318,36.825109
66942.654,-417,27,-127,2014,36.83474799999999
66952.754,-410,26,-193,1912,36.844848
66962.421,-415,27,-51,-2346,36.854515
66972.51,-417,27,-36,-2307,36.86460399999999
66982.152,-395,27,-33,-654,36.874246
66992.257,-394,32,4,-6019,36.884350999999995
67001.916,-395,25,2,-3198,36.894009999999994
67012.009,-387,21,-116,-1967,36.904103000000006
67021.665,-384,24,-142,-7899,36.91375899999999
67031.766,-389,26,31,8111,36.92386
67041.414,-371,22,14,-344,36.933508
67051.507,-368,24,30,1155,36.943600999999994
67061.163,-375,20,79,3726,36.953257
67071.257,-369,18,12,-4616,36.963350999999996
67080.927,-359,14,-57,-5091,36.973020999999996
67091.021,-371,14,33,12542,36.98311499999999
67100.659,-370,10,28,-8159,36.992753
67110.759,-331,3,84,-861,37.002853
67120.437,-330,1,74,2012,37.012531
67130.517,-380,-14,113,1760,37.022611000000005
67140.176,-371,-14,4,768,37.032270000000004
67150.262,-384,-19,53,6013,37.042356
67159.931,-384,-27,92,-4052,37.05202499999999
67170.013,-359,-32,41,1049,37.062107000000005
67179.666,-362,-37,105,1510,37.07176
67189.769,-396,-51,164,346,37.081863
67199.425,-391,-53,81,-2225,37.091519
67209.533,-397,-52,66,-625,37.10162699999999
67219.173,-399,-59,144,1939,37.11126699999999
67229.268,-376,-63,139,-12347,37.12136199999999
67238.932,-372,-63,79,8776,37.131026
67249.024,-383,-66,139,-3392,37.141118
67258.668,-386,-70,126,1258,37.150762
67268.765,-385,-65,75,-2948,37.160858999999995
67278.441,-384,-68,72,643,37.170535
67288.52,-394,-73,161,4595,37.180614
67298.168,-394,-73,161,-11285,37.190262000000004
67308.268,-384,-68,95,5633,37.20036199999999
67317.925,-385,-70,113,-511,37.210019
67328.021,-377,-68,80,-4703,37.22011499999999
67337.666,-382,-68,48,2330,37.22975999999999
67347.775,-403,-68,15,-1214,37.23986899999999
67357.43,-406,-67,-1,594,37.249523999999994
67367.53,-400,-63,-9,1921,37.259623999999995
67377.164,-420,-64,77,-4365,37.269258
67387.284,-415,-61,7,2202,37.279377999999994
67396.935,-417,-53,40,-436,37.28902899999999
67407.035,-420,-51,18,-73,37.299129
67416.668,-404,-44,-53,1263,37.308762
67426.787,-413,-43,-61,-2101,37.31888099999999
67436.435,-428,-43,-96,-2738,37.328528999999996
67446.538,-431,-39,-94,3145,37.338632
67456.177,-443,-34,-14,-3859,37.348271
67466.278,-441,-30,-59,-1746,37.358372
67475.927,-463,-24,-52,889,37.36802099999999
67486.032,-465,-21,-73,1894,37.378126
67495.668,-454,-12,-125,-2172,37.387762
67505.773,-452,-11,-177,866,37.397867
67515.434,-464,-8,-186,-5226,37.40752799999999
67525.539,-476,-2,-100,2870,37.417633
67535.169,-464,1,-122,-1975,37.42726299999999
67545.28,-467,9,-91,-2700,37.437374
67554.932,-489,10,-109,6724,37.447026
67565.024,-488,11,-132,2764,37.457118
67574.673,-480,14,-205,-3528,37.46676699999999
67584.785,-475,16,-248,247,37.476879000000004
67594.43,-499,23,-88,3679,37.48652399999999
67604.532,-494,22,-139,-616,37.496626000000006
67614.175,-479,30,-108,4696,37.506269
67624.278,-478,35,-93,585,37.516372000000004
67633.934,-475,37,-87,-587,37.52602799999999
67644.026,-448,37,-226,3547,37.53612
67653.671,-441,39,-227,-3901,37.545765
67663.779,-446,41,-68,-8579,37.55587299999999
67673.443,-439,40,-93,6870,37.565537
67683.532,-422,46,-60,-2319,37.57562600000001
67693.183,-422,48,-16,4468,37.585277000000005
67703.277,-387,39,-108,7223,37.595371
67712.945,-375,35,-153,-7779,37.605039000000005
67723.027,-373,28,-48,1445,37.615121
67732.684,-369,24,-76,4604,37.62477799999999
67742.786,-335,15,7,-284,37.63487999999999
67752.445,-335,12,5,2961,37.644539
67762.54,-348,3,26,-1648,37.654633999999994
67772.176,-339,2,-73,-9336,37.66427
67782.284,-369,-16,76,2156,37.674378
67791.937,-365,-21,0,1203,37.684031000000004
67802.032,-334,-17,24,2358,37.694126000000004
67811.68,-340,-24,115,-3282,37.70377399999999
67821.784,-358,-36,99,-1265,37.713877999999994
67831.442,-352,-38,37,-3867,37.723535999999996
67841.532,-361,-49,112,6008,37.733626
67851.197,-362,-55,134,-6512,37.743291
67861.281,-331,-50,68,4427,37.753375
67870.939,-336,-53,90,-4573,37.76303299999999
67881.048,-326,-61,129,3288,37.77314199999999
67890.679,-324,-61,79,-1341,37.782773
67900.787,-342,-60,44,-2574,37.792880999999994
67910.443,-359,-69,179,7824,37.802536999999994
67920.534,-326,-64,112,-4828,37.812628
67930.18,-329,-65,132,-1226,37.82227399999999
67940.306,-334,-65,124,3950,37.83239999999999
67949.941,-323,-61,83,-2177,37.842035
67960.057,-326,-61,32,-889,37.852151
67969.688,-336,-56,46,-1813,37.86178199999999
67979.803,-347,-57,76,3389,37.871897
67989.443,-367,-59,129,-5730,37.881536999999994
67999.549,-366,-57,76,3770,37.891642999999995
68009.184,-383,-53,100,4094,37.90127799999999
68019.286,-388,-52,74,-1408,37.91137999999999
68028.944,-375,-44,17,121,37.921038
68039.038,-377,-44,-34,-163,37.931132
68048.703,-394,-44,-33,-4146,37.94079699999999
68058.791,-411,-43,20,7964,37.95088499999999
68068.455,-414,-42,30,-5825,37.960549
68078.55,-421,-39,24,4794,37.970644
68088.186,-444,-35,12,-2782,37.98028
68098.293,-448,-33,-7,-3079,37.990387000000005
68107.949,-442,-29,-73,2797,38.00004299999999
68118.039,-443,-28,-123,-2937,38.010133
68127.687,-443,-26,-180,646,38.019781
68137.804,-466,-22,-61,4440,38.029898
68147.457,-452,-22,-93,-5425,38.03955099999999
68157.541,-459,-18,-69,5344,38.049634999999995
68167.191,-477,-10,-70,-3250,38.059285
68177.29,-476,-6,-106,-506,38.06938399999999
68186.96,-469,-2,-157,2619,38.079054000000006
68197.046,-460,-2,-257,-3418,38.08914
68206.688,-458,0,-271,1744,38.09878199999999
68216.797,-472,6,-129,-2111,38.108891
68226.464,-465,6,-198,2803,38.11855800000001
68236.543,-439,14,-173,2073,38.128637000000005
68246.201,-441,20,-156,4661,38.138295
68256.296,-432,22,-190,5940,38.14839
68265.957,-422,19,-269,-778,38.15805099999999
68276.044,-418,22,-319,-761,38.16813799999999
68285.71,-427,27,-192,-3661,38.177804
68295.794,-400,24,-166,248,38.187887999999994
68305.452,-398,25,-147,-1192,38.197546
68315.545,-413,23,-78,402,38.20763899999999
68325.208,-403,20,-189,-4844,38.217302
68335.305,-391,14,-194,-3124,38.22739899999999
68344.956,-391,9,-96,-1490,38.23705
68355.061,-346,4,-118,3779,38.247155
68364.703,-341,4,1,-8600,38.25679699999999
68374.8,-373,-7,37,407,38.266894
68384.47,-367,-10,-19,-2112,38.276564
68394.547,-369,-9,-22,-188,38.286641
68404.207,-365,-15,99,-10893,38.29630099999999
68414.311,-320,-16,2,6427,38.306405
68423.956,-318,-17,42,-8011,38.316050000000004
68434.058,-317,-32,127,-4031,38.326152
68443.705,-311,-32,44,6213,38.335799
68453.804,-324,-27,58,-1989,38.345898
68463.457,-328,-33,188,-6043,38.35555099999999
68473.557,-303,-32,94,9919,38.365651
68483.21,-301,-33,131,-1516,38.37530400000001
68493.306,-300,-34,103,-3113,38.3854
68502.964,-303,-36,70,2412,38.395058000000006
68513.068,-301,-37,45,-8198,38.405162
68522.703,-344,-41,172,9405,38.41479699999999
68532.813,-347,-42,134,-5069,38.42490699999999
68542.462,-329,-40,144,3081,38.43455599999999
68552.572,-335,-40,152,9744,38.444666
68562.218,-343,-42,145,1433,38.45431199999999
68572.323,-338,-41,45,-2382,38.464417000000005
68581.971,-350,-39,33,985,38.474065
68592.063,-372,-42,152,837,38.48415699999999
68601.704,-368,-43,155,-2880,38.493798
68611.812,-372,-42,139,2551,38.503906
68621.468,-392,-40,175,-479,38.51356199999999
68631.558,-393,-39,120,-83,38.523652
68641.206,-392,-34,108,820,38.533300000000004
68651.312,-380,-32,-24,259,38.543406000000004
68660.966,-381,-32,-24,-4330,38.553059999999995
68671.064,-404,-33,72,964,38.563157999999994
68680.71,-404,-32,31,5269,38.572804000000005
68690.817,-409,-30,21,-2181,38.582910999999996
68700.468,-411,-27,55,2298,38.592561999999994
68710.561,-408,-25,-25,-106,38.602655
68720.207,-416,-21,-68,1779,38.612300999999995
68730.309,-408,-21,-153,363,38.62240299999999
68739.97,-419,-20,-127,-1268,38.632064
68750.058,-427,-20,-120,-7507,38.642152
68759.715,-434,-19,-81,374,38.65180899999999
68769.82,-433,-19,-83,2687,38.661914
68779.472,-443,-18,-71,-252,38.67156599999999
68789.577,-435,-15,-103,1127,38.681671
68799.213,-425,-15,-198,-257,38.691307
68809.32,-442,-14,-125,-4253,38.70141400000001
68818.973,-442,-14,-125,1495,38.71106699999999
68829.071,-428,-13,-144,2484,38.72116499999999
68838.709,-433,-13,-117,-5427,38.730803
68848.819,-477,-20,-48,-239,38.740913
68858.477,-480,-22,-65,-2250,38.750570999999994
68868.563,-469,-21,-115,1083,38.760656999999995
68878.21,-462,-21,-153,10263,38.770304
68888.328,-465,-23,-29,-9695,38.780421999999994
68897.983,-456,-24,-114,4838,38.79007699999999
68908.072,-464,-25,-95,1371,38.800166
68917.715,-472,-24,-57,-2084,38.809808999999994
68927.826,-487,-24,-46,3971,38.819919999999996
68937.485,-476,-25,-155,-6227,38.829578999999995
68947.575,-484,-31,-44,2440,38.839668999999994
68957.215,-485,-32,-35,4028,38.84930899999999
68967.319,-481,-28,-46,-1528,38.859413
68976.976,-481,-27,-59,1217,38.869069999999994
68987.069,-487,-26,-55,4261,38.879163
68996.715,-488,-27,-93,-4955,38.888808999999995
69006.831,-509,-29,-115,3507,38.898925000000006
69016.474,-532,-31,30,-6914,38.908568
69026.581,-501,-27,2,1782,38.918675
69036.23,-500,-25,10,-2631,38.928323999999996
69046.327,-503,-24,22,-62,38.938421000000005
69055.976,-482,-23,-7,946,38.948069999999994
69066.08,-477,-23,-69,-5633,38.958174
69075.717,-505,-24,1,9800,38.967811000000005
69085.834,-517,-26,76,-8524,38.977928
69095.477,-487,-27,39,679,38.987570999999996
69105.589,-486,-26,63,2621,38.997683
69115.225,-507,-22,76,195,39.007319
69125.34,-503,-23,3,-5572,39.017433999999994
69134.979,-505,-22,-67,-2063,39.027073
69145.079,-507,-22,31,6680,39.037172999999996
69154.722,-497,-23,72,-2610,39.04681599999999
69164.827,-492,-22,54,4805,39.056921
69174.485,-507,-23,103,316,39.066579
69184.581,-501,-21,86,-3338,39.076675
69194.22,-477,-17,8,3618,39.086314
69204.333,-468,-16,-73,1380,39.096427
69213.984,-444,-17,-48,-6379,39.106078
69224.077,-426,-15,77,-1015,39.116171
69233.722,-394,-10,19,-617,39.12581599999999
69243.836,-371,-9,68,-5041,39.135929999999995
69253.482,-352,-6,64,2258,39.145576
69263.593,-336,-5,27,3205,39.15568699999999
69273.226,-322,-2,-47,-2686,39.165319999999994
69283.331,-302,-1,-81,3190,39.175425000000004
69292.99,-257,0,51,-6941,39.185084
69303.088,-228,1,63,4739,39.195182
69312.724,-223,4,60,-1339,39.204817999999996
69322.834,-187,10,111,-2057,39.214928
69332.494,-169,16,67,-3486,39.224588000000004
69342.584,-168,15,-26,-1240,39.234678
69352.234,-135,19,-25,10503,39.244327999999996
69362.339,-103,18,32,-11134,39.254433000000006
69371.992,-88,18,-12,357,39.264086
69382.085,-69,24,28,-1125,39.274179000000004
69391.736,-45,26,60,2930,39.28383
69401.831,-57,30,-4,-1218,39.293925
69411.49,-43,31,-48,-3722,39.303584
69421.585,-40,30,15,4801,39.313679
69431.231,-24,30,6,-1029,39.323325
69441.335,2,32,-4,1079,39.333429
69450.989,10,33,-26,-699,39.343083
69461.082,21,30,-46,5294,39.35317599999999
69470.731,22,29,-84,-4156,39.362824999999994
69480.842,-13,29,-128,2182,39.372936
69490.492,-5,31,-72,2303,39.382585999999996
69500.587,8,28,-20,-7514,39.392680999999996
69510.233,9,28,-96,5267,39.40232699999999
69520.338,-3,29,-46,-527,39.412432
69529.991,-6,28,-117,-2863,39.42208499999999
69540.095,-10,25,-150,1005,39.432189
69549.732,-15,23,-160,-3000,39.441826
69559.835,-46,23,-178,-969,39.45192900000001
69569.503,-60,23,-68,3826,39.461597
69579.596,-66,22,-69,-2217,39.47169
69589.234,-60,24,-82,-1670,39.48132799999999
69599.349,-63,23,-54,5554,39.491443
69608.991,-67,22,-128,604,39.50108499999999
69619.094,-86,21,-84,-6755,39.511188
69628.744,-108,21,-101,4345,39.520838000000005
69638.849,-122,20,-50,2593,39.530943
69648.505,-133,15,25,-10159,39.540599
69658.597,-133,14,-13,1475,39.55069099999999
69668.238,-155,13,-12,315,39.560331999999995
69678.347,-161,13,-46,2235,39.57044099999999
69688.007,-150,15,46,2616,39.58010099999999
69698.11,-146,12,-45,-2592,39.590204
69707.739,-153,9,-26,1303,39.599833
69717.849,-144,7,23,2799,39.609943
69727.499,-123,4,13,350,39.619592999999995
69737.594,-118,3,-37,228,39.629687999999994
69747.248,-99,2,47,-2839,39.639342000000006
69757.346,-82,0,78,5643,39.649440000000006
69767.004,-62,-2,42,-3958,39.659098
69777.106,-46,-5,24,1831,39.6692
69786.743,-37,-6,-4,394,39.678837
69796.84,11,-12,81,-3138,39.688933999999996
69806.503,54,-12,11,-994,39.69859699999999
69816.592,95,-14,56,531,39.708686
69826.245,125,-15,119,-4283,39.71833899999999
69836.354,149,-18,107,1221,39.72844800000001
69846.011,153,-14,63,443,39.738105
69856.107,197,-17,83,3445,39.748201
69865.754,248,-19,137,-6364,39.757847999999996
69875.854,278,-22,82,4634,39.767948000000004
69885.507,290,-22,60,2126,39.777601
69895.602,313,-22,46,20,39.787696
69905.245,319,-23,-12,544,39.797338999999994
69915.355,319,-24,-50,-3303,39.80744899999999
69925.016,367,-27,12,3998,39.81711
69935.106,401,-28,25,-3307,39.8272
69944.757,412,-27,-14,2507,39.836850999999996
69954.862,402,-24,-25,-1002,39.84695599999999
69964.515,412,-23,-52,-3022,39.856609
69974.599,413,-20,-118,-2379,39.866693
69984.255,401,-18,-228,289,39.876349000000005
69994.355,407,-20,-232,-1779,39.88644899999999
70004.01,440,-20,-82,-1052,39.896103999999994
70014.105,430,-17,-181,-754,39.906198999999994
70023.76,443,-15,-129,-495,39.91585399999999
70033.868,430,-11,-150,2661,39.925962
70043.515,431,-9,-159,-311,39.935609
70053.603,413,-8,-283,3276,39.945697
70063.252,406,-7,-341,-1596,39.95534599999999
70073.368,414,-5,-134,668,39.965462
70083.012,406,-3,-189,-727,39.975106
70093.115,395,0,-146,1470,39.985209000000005
70102.752,389,4,-119,1374,39.99484599999999
70112.853,373,6,-125,1975,40.004947
70122.51,365,5,-256,3269,40.01460399999999
70132.609,351,6,-84,-5350,40.024702999999995
70142.251,339,9,27,2620,40.034345
70152.367,330,10,5,-1881,40.044461
70162.021,325,14,76,-683,40.05411499999999
70172.116,315,14,41,-1324,40.06420999999999
70181.76,304,10,-51,-2561,40.07385399999999
70191.866,304,10,-51,-5709,40.08395999999999
70201.519,274,12,140,10974,40.093613
70211.625,268,11,124,-8124,40.103719
70221.254,291,8,156,2260,40.113347999999995
70231.376,291,8,156,2334,40.123470000000005
70241.027,257,1,131,-3041,40.133121
70251.108,248,-1,87,1846,40.14320199999999
70260.768,227,-3,132,411,40.15286199999999
70270.875,225,-5,181,-949,40.162969
70280.515,239,-11,245,1473,40.172608999999994
70290.63,240,-11,204,404,40.182724
70300.257,211,-13,248,1265,40.192350999999995
70310.361,205,-13,179,-1706,40.202455
70320.036,213,-11,166,-3358,40.21212999999999
70330.113,215,-14,179,1450,40.222207
70339.767,190,-20,186,577,40.231861
70349.874,190,-24,264,-3830,40.24196799999999
70359.531,199,-25,196,2471,40.251625
70369.617,207,-27,233,379,40.261711
70379.267,233,-25,173,-3966,40.271361000000006
70389.367,230,-26,136,1395,40.28146099999999
70399.019,216,-28,153,1568,40.291112999999996
70409.124,218,-29,114,-4289,40.30121799999999
70418.763,254,-34,181,3848,40.310857000000006
70428.864,261,-35,211,-2609,40.320958
70438.525,262,-35,142,-1614,40.33061899999999
70448.629,266,-32,175,2237,40.340723
70458.267,261,-30,87,-3929,40.35036100000001
70468.368,269,-27,66,1239,40.360462
70478.038,271,-29,58,-876,40.370132
70488.115,258,-29,3,-2166,40.380209
70497.773,268,-29,53,3677,40.389866999999995
70507.87,299,-31,84,-5331,40.39996399999999
70517.546,300,-29,27,1400,40.409639999999996
70527.635,305,-27,56,1219,40.41972899999999
70537.267,300,-24,-24,1758,40.42936100000001
70547.371,304,-20,-57,2736,40.439465
70557.027,303,-21,-59,-5287,40.449121
70567.118,282,-19,-101,5517,40.459212
70576.768,286,-19,-98,-2397,40.468861999999994
70586.884,328,-16,-11,-4590,40.478978000000005
70596.526,326,-16,-71,5690,40.48862
70606.63,337,-10,-38,-107,40.498724
70616.28,333,-8,-97,2042,40.508373999999996
70626.37,335,-3,-154,1950,40.518463999999994
70636.028,333,-2,-108,-7323,40.528122
70646.132,307,-2,-169,3351,40.538225999999995
70655.768,309,0,-151,-723,40.547861999999995
70665.88,337,1,-56,-8961,40.557974
70675.531,335,2,-112,3207,40.567625
70685.623,333,5,-85,-1928,40.57771700000001
70695.272,326,7,-147,-2700,40.587365999999996
70705.38,327,7,-141,547,40.597474000000005
70715.038,326,7,-101,5156,40.607132
70725.137,302,8,-178,-5265,40.617231
70734.771,306,12,-77,8056,40.62686499999999
70744.884,307,14,-47,1085,40.636978000000006
70754.535,316,15,-66,2853,40.646629000000004
70764.631,311,16,-102,-1958,40.656724999999994
70774.273,317,19,-79,-3384,40.666367
70784.392,315,20,-23,2181,40.676486000000004
70794.033,285,21,-119,-2992,40.68612699999999
70804.145,290,23,-59,2903,40.696239
70813.777,298,22,12,-5989,40.705871
70823.878,297,21,-55,5140,40.715971999999994
70833.54,303,20,-76,-3912,40.72563399999999
70843.639,302,23,-13,-7634,40.735732999999996
70853.275,294,26,12,3798,40.74536899999999
70863.387,291,24,-70,-4372,40.755481
70873.036,312,24,-5,166,40.76512999999999
70883.128,322,25,67,-2570,40.77522199999999
70892.773,329,27,11,3132,40.784867
70902.887,330,27,-2,-6027,40.794981
70912.546,341,33,55,-3773,40.80464
70922.637,345,33,86,3968,40.814731
70932.28,313,33,-14,-5257,40.824374
70942.38,325,33,44,-1580,40.834474
70952.041,347,28,108,3522,40.844134999999994
70962.139,348,28,64,907,40.854232999999994
70971.779,336,26,16,-5039,40.86387299999999
70981.893,339,27,58,6506,40.87398699999999
70991.543,334,29,97,5289,40.883637
71001.64,329,27,5,-1937,40.893733999999995
71011.283,336,26,43,2013,40.90337699999999
71021.384,357,23,87,4832,40.913478000000005
71031.047,360,23,92,-7864,40.923141
71041.138,380,23,39,4091,40.933232000000004
71050.791,380,22,31,-1539,40.942885
71060.884,390,23,40,-4618,40.952978
71070.547,391,21,60,2400,40.962641000000005
71080.637,360,22,-24,-4214,40.972731
71090.283,367,21,23,-1330,40.98237699999999
71100.402,373,17,51,4488,40.992496
71110.044,375,17,36,-194,41.002137999999995
71120.138,379,15,-26,1117,41.012232000000004
71129.782,377,16,-23,4044,41.021876000000006
71139.897,385,14,-14,-5132,41.031991
71149.558,382,13,-24,1055,41.041652
71159.652,352,12,-56,-711,41.051746
71169.286,357,12,-23,-3824,41.06137999999999
71179.397,366,8,15,-3605,41.071490999999995
71189.05,367,8,-16,5126,41.081144
71199.14,348,9,-79,-5603,41.091234
71208.801,344,12,-51,4649,41.100895
71218.908,333,14,-4,6376,41.11100199999999
71228.557,327,12,-88,-2810,41.120650999999995
71238.644,337,12,-51,2533,41.130738
71248.297,342,12,-20,5599,41.140391
71258.396,367,15,21,-8394,41.15048999999999
71268.068,363,15,-60,3017,41.160162
71278.157,376,14,-27,5219,41.170251
71287.793,377,17,30,-3239,41.179887
71297.909,347,17,-2,218,41.190003
71307.563,346,15,-28,1364,41.199656999999995
71317.654,353,15,0,-2459,41.20974799999999
71327.298,352,11,66,-7508,41.21939199999999
71337.425,347,10,-25,6451,41.229519
71347.055,375,8,-16,1028,41.23914899999999
71357.158,376,10,39,-6043,41.24925199999999
71366.795,365,12,48,2324,41.258888999999996
71376.9,361,10,-19,-3433,41.26899399999999
71386.559,383,9,11,-3633,41.27865299999999
71396.655,391,9,60,2967,41.288748999999996
71406.301,409,10,33,1274,41.298395000000006
71416.41,408,10,1,-4345,41.308504
71426.057,413,11,60,1255,41.318151
71436.164,415,10,90,6909,41.328258
71445.798,394,8,-1,-2797,41.33789199999999
71455.899,401,8,26,2820,41.347993
71465.567,398,4,63,6222,41.35766099999999
71475.652,399,3,41,-7333,41.367746
71485.297,423,1,-2,3494,41.377391
71495.403,423,3,42,4495,41.387497
71505.06,423,2,77,-6015,41.39715399999999
71515.152,416,1,-1,131,41.407246
71524.802,410,1,22,69,41.416895999999994
71534.905,415,1,41,-4895,41.426998999999995
71544.568,439,0,59,-1074,41.436662
71554.658,433,0,-17,4984,41.446752
71564.305,433,0,-17,-6095,41.45639899999999
71574.408,423,4,34,2669,41.46650199999999
71584.079,423,4,34,6069,41.476172999999996
71594.174,402,0,-10,-2138,41.486267999999995
71603.816,401,0,-11,3787,41.49591
71613.914,406,0,4,3030,41.506008
71623.58,409,0,54,-9710,41.515674
71633.656,413,4,-3,6843,41.52575
71643.32,409,4,-21,1249,41.535414
71653.41,412,6,10,-8155,41.545504
71663.072,409,6,46,1557,41.555166
71673.164,372,9,-40,-2776,41.565258
71682.805,373,11,-6,-4380,41.57489899999999
71692.913,370,8,9,5827,41.585007
71702.574,370,8,30,708,41.59466799999999
71712.66,371,10,-50,-4631,41.604754
71722.305,368,11,-9,2952,41.61439899999999
71732.431,353,13,29,5473,41.62452499999999
71742.065,347,12,-3,-2365,41.634159
71752.172,347,10,-20,4900,41.644266
71761.806,350,10,-25,473,41.65389999999999
71771.912,370,12,31,-7984,41.66400599999999
71781.581,366,10,-39,5314,41.673675
71791.675,362,10,-32,2609,41.683769
71801.308,362,13,24,-51,41.693402
71811.418,341,12,26,2765,41.703512
71821.065,336,11,-10,-2870,41.713159
71831.167,324,10,-34,-6234,41.723261
71840.816,331,10,-21,2907,41.732910000000004
71850.926,361,10,0,1064,41.74302
71860.57,358,10,-52,142,41.752664
71870.676,364,11,13,-3161,41.76277
71880.31,356,9,58,4318,41.772403999999995
71890.424,354,7,34,-2369,41.782517999999996
71900.071,354,11,8,1628,41.792165
71910.17,361,12,-9,6686,41.802263999999994
71919.812,392,14,99,-7094,41.811906
71929.922,384,13,-4,1323,41.822016000000005
71939.583,402,17,42,245,41.831677
71949.676,414,18,107,2454,41.841770000000004
71959.313,408,20,77,-2885,41.851406999999995
71969.435,409,19,45,3114,41.861529
71979.075,408,18,30,-2561,41.871168999999995
71989.172,425,19,97,-8350,41.881266000000004
71998.818,459,19,39,8016,41.890912
72008.922,461,19,17,-2700,41.901016000000006
72018.584,474,17,55,-3512,41.910678
72028.677,481,16,85,4254,41.920770999999995
72038.329,456,17,0,-3509,41.930423
72048.423,463,17,14,-722,41.94051699999999
72058.088,468,14,17,7014,41.950182
72068.175,476,13,51,-9123,41.960269
72077.817,474,13,-16,5700,41.969910999999996
72087.929,474,13,-23,320,41.980023
72097.581,467,13,-18,-6221,41.989675000000005
72107.679,467,12,12,536,41.999773
72117.327,460,11,-58,-1993,42.009421
72127.429,458,10,-27,-4040,42.019523
72137.085,460,11,-12,7692,42.029179000000006
72147.177,467,12,-11,-2156,42.03927099999999
72156.83,462,12,-75,1299,42.048924
72166.926,445,15,-71,4845,42.059020000000004
72176.596,440,17,-28,-496,42.068690000000004
72186.693,412,13,-49,-480,42.078787
72196.321,407,12,-70,4373,42.08841499999999
72206.425,413,12,-51,-3631,42.098519
72216.095,412,13,1,-8892,42.108188999999996
72226.174,433,16,-56,9074,42.11826799999999
72235.823,426,17,-84,-45,42.127917000000004
72245.939,430,20,-24,-5004,42.13803299999999
72255.592,425,21,4,4104,42.147686
72265.687,393,23,-58,-3469,42.157781
72275.327,392,24,-40,-4494,42.167421000000004
72285.427,387,18,-14,4352,42.17752099999999
72295.085,385,17,-7,-500,42.187179
72305.189,407,19,-56,1033,42.197283
72314.841,405,20,27,-3528,42.206934999999994
72324.941,391,22,62,3493,42.217035
72334.596,385,20,50,-3119,42.226690000000005
72344.692,380,19,17,-3039,42.236785999999995
72354.345,385,19,20,2659,42.246438999999995
72364.441,421,17,86,-4219,42.25653500000001
72374.096,414,16,0,2593,42.26619
72384.19,411,13,76,-4352,42.276284
72393.844,414,13,121,1605,42.285937999999994
72403.943,411,10,99,-2334,42.296037
72413.602,409,8,70,2036,42.305696
72423.694,413,8,41,7175,42.315788
72433.342,423,2,141,-7511,42.325436
72443.446,413,1,25,2471,42.335539999999995
72453.094,427,1,46,538,42.34518799999999
72463.213,435,0,104,-1080,42.355307
72472.834,424,-1,83,-2451,42.364928
72482.949,423,-3,44,2165,42.37504299999999
72492.592,432,-5,32,-6924,42.384686
72502.694,442,-5,62,2741,42.394788
72512.332,461,-5,62,3218,42.404425999999994
72522.45,457,-4,-6,-4687,42.41454399999999
72532.106,448,-8,23,3142,42.4242
72542.19,450,-8,51,4935,42.434284
72551.846,423,-7,4,-1437,42.443940000000005
72561.947,422,-8,-7,6374,42.454041
72571.6,412,-11,-4,-2191,42.463694000000004
72581.704,417,-9,26,-6550,42.473797999999995
72591.337,428,-9,0,6643,42.483430999999996
72601.449,425,-8,-33,-4997,42.49354299999999
72611.096,418,-9,-13,-1152,42.503190000000004
72621.203,418,-8,23,6768,42.513296999999994
72630.836,378,-3,-47,-3695,42.522929999999995
72640.943,377,-1,-33,2944,42.53303699999999
72650.602,359,-5,-33,7042,42.542696
72660.699,363,-3,20,-9594,42.552792999999994
72670.345,350,-3,-70,5196,42.562439
72680.446,347,-2,-56,2088,42.57254
72690.108,345,1,-8,-5435,42.58220199999999
72700.198,334,3,0,881,42.592292
72709.852,328,2,-42,-1274,42.601946
72719.944,332,4,-47,-7190,42.612038
72729.617,335,6,-40,3466,42.621711
72739.71,333,9,-8,-823,42.631804
72749.355,328,9,-79,-106,42.641448999999994
72759.452,319,11,-12,-4853,42.651546
72769.106,322,13,27,1913,42.661199999999994
72779.197,310,12,9,-2923,42.671291
72788.852,310,12,-23,1162,42.680946
72798.949,305,12,-63,1442,42.69104299999999
72808.614,321,13,17,-1843,42.700708
72818.696,338,15,-74,-774,42.710789999999996
72828.345,348,17,-36,-3003,42.720439
72838.447,343,17,51,5626,42.730540999999995
72848.107,343,16,19,-1170,42.740201
72858.21,354,18,12,2131,42.75030400000001
72867.848,359,19,-34,-1296,42.759941999999995
72877.948,403,18,95,5034,42.770042000000004
72887.615,395,17,-2,694,42.779709000000004
72897.704,422,16,23,2720,42.789798
72907.354,442,17,96,-1207,42.799448000000005
72917.452,439,18,70,3412,42.809546000000005
72927.115,442,17,36,111,42.819209
72937.213,446,14,28,-2806,42.829307
72946.844,472,13,107,11630,42.83893799999999
72956.964,470,11,33,-7292,42.84905800000001
72966.618,497,12,39,1634,42.858712
72976.719,504,13,64,3756,42.868812999999996
72986.349,501,6,62,-2947,42.878443
72996.469,494,5,-12,638,42.888563
73006.126,471,5,4,2213,42.89822
73016.214,477,6,12,-3039,42.908308000000005
73025.851,468,3,10,2040,42.91794499999999
73035.976,467,2,-35,502,42.92806999999999
73045.619,469,2,-59,1344,42.937713
73055.719,466,3,-52,1886,42.947813
73065.362,470,0,-42,-1646,42.95745599999999
73075.471,463,0,-105,896,42.967565
73085.124,445,0,-87,3440,42.97721799999999
73095.217,445,3,-77,-5547,42.987311
73104.871,454,3,-68,3737,42.996964999999996
73114.978,447,4,-149,1649,43.007072
73124.626,439,8,-161,-3727,43.01672
73134.722,433,9,-133,-821,43.02681599999999
73144.365,412,11,-69,6638,43.036459
73154.47,404,10,-100,-1331,43.046564
73164.129,410,10,-88,2357,43.056222999999996
73174.222,411,12,-91,12056,43.06631599999999
73183.87,430,15,-19,-8218,43.07596399999999
73193.974,422,15,-114,2064,43.086068
73203.629,414,10,-48,-5119,43.095723
73213.72,414,13,32,3847,43.105813999999995
73223.361,394,15,16,-5810,43.115455000000004
73233.477,392,15,2,-736,43.125570999999994
73243.123,395,18,-19,-1296,43.135217000000004
73253.22,396,14,64,-6338,43.145314
73262.867,388,12,-29,6333,43.15496099999999
73272.969,420,17,66,-5184,43.165062999999996
73282.638,424,19,115,37,43.174732000000006
73292.724,420,24,115,-653,43.184818
73302.366,420,24,71,-4841,43.19445999999999
73312.474,406,25,62,696,43.204568
73322.13,426,23,161,-5077,43.214224
73332.221,435,24,73,1731,43.224315000000004
73341.865,444,24,112,-6285,43.233959000000006
73351.974,436,19,185,1512,43.244068
73361.621,435,17,153,-2247,43.253715
73371.726,437,18,127,2604,43.263819999999996
73381.37,441,19,93,2665,43.27346399999999
73391.468,472,18,183,-6687,43.28356199999999
73401.13,467,16,101,6897,43.293224
73411.232,463,11,86,-2138,43.303326
73420.863,469,10,122,-6832,43.312957
73430.975,461,12,115,2229,43.323069000000004
73440.627,458,10,74,-1031,43.33272099999999
73450.718,465,6,67,648,43.34281199999999
73460.383,467,7,43,1691,43.352477
73470.479,487,9,79,-11279,43.362573000000005
73480.135,482,8,12,7800,43.37222899999999
73490.223,470,2,-15,-3930,43.38231699999999
73499.872,467,2,-7,-5797,43.391966000000004
73509.986,466,0,5,5524,43.402080000000005
73519.63,446,1,-35,-2013,43.411724
73529.722,444,2,-37,3239,43.42181599999999
73539.368,442,4,-70,-5532,43.431461999999996
73549.485,445,4,-46,-1008,43.441579
73559.129,470,9,-92,5517,43.451223
73569.231,465,9,-121,-330,43.461324999999995
73578.869,461,8,-78,-4108,43.470963000000005
73588.989,457,8,-61,6310,43.481083
73598.63,439,5,-62,-5,43.490724
73608.727,435,7,-94,3609,43.500820999999995
73618.378,422,8,-123,5610,43.51047199999999
73628.484,424,8,-26,-8707,43.52057799999999
73638.14,428,9,-111,5385,43.530234
73648.239,419,11,-87,-253,43.540333
73657.872,389,10,-32,-1010,43.549966
73667.984,374,9,-33,-501,43.560078
73677.636,339,10,-82,670,43.56972999999999
73687.725,325,12,-41,3798,43.579819
73697.374,308,12,26,-6456,43.589468
73707.479,299,11,-29,5763,43.59957300000001
73717.138,250,12,-47,-5363,43.609232000000006
73727.235,221,13,-17,-1188,43.619329
73736.88,169,10,30,-1510,43.628974
73746.981,161,9,-44,-2012,43.639075
73756.648,144,11,26,-5768,43.648742
73766.733,119,12,57,9656,43.65882699999999
73776.379,113,11,47,-696,43.668473
73786.484,102,12,-6,-5873,43.678577999999995
73796.142,66,12,43,-1635,43.688236
73806.23,50,8,83,6140,43.69832399999999
73815.883,36,6,35,-2828,43.707977
73825.988,9,12,28,1893,43.718081999999995
73835.655,2,12,-6,2577,43.727748999999996
73845.744,-19,4,18,5144,43.737838
73855.385,-25,2,-49,-3954,43.74747899999999
73865.492,-30,4,-27,718,43.757585999999996
73875.14,-51,4,42,3634,43.767233999999995
73885.237,-59,2,-6,-2688,43.77733099999999
73894.893,-75,2,28,2295,43.786986999999996
73904.987,-79,3,-59,3301,43.79708099999999
73914.645,-77,2,-100,-10021,43.806739
73924.741,-61,0,-108,9681,43.81683499999999
73934.388,-65,-4,-102,2384,43.826482000000006
73944.493,-52,-5,-65,-2966,43.836587
73954.153,-51,-6,-29,2346,43.846247000000005
73964.246,-41,-7,-39,5190,43.856339999999996
73973.883,-40,-9,-25,-4235,43.865977
73983.99,-44,-12,-129,4519,43.876084000000006
73993.647,-29,-15,-73,5652,43.885740999999996
74003.741,-12,-15,-74,-8759,43.89583499999999
74013.39,-6,-18,-83,6845,43.905483999999994
74023.494,-26,-29,26,1736,43.91558800000001
74033.151,-22,-32,10,3844,43.925245
74043.244,-39,-34,19,2017,43.935338
74052.883,-31,-33,-39,-8656,43.944977
74062.992,-8,-37,60,2515,43.955085999999994
74072.653,1,-41,35,3239,43.964747
74082.761,4,-43,-8,-5811,43.974855
74092.391,16,-46,56,-4035,43.984485
74102.506,27,-51,94,-1437,43.99459999999999
74112.151,24,-43,2,-828,44.004245
74122.25,40,-46,37,542,44.014343999999994
74131.898,58,-53,127,-4242,44.023992
74142.002,63,-54,78,938,44.03409599999999
74151.652,102,-53,48,1547,44.043746
74161.753,106,-53,58,-930,44.053847
74171.393,125,-58,52,-6135,44.063486999999995
74181.502,127,-56,1,6817,44.07359599999999
74191.161,110,-61,-5,-4474,44.08325499999999
74201.244,120,-63,78,6482,44.093338
74210.902,126,-58,42,3151,44.102996
74220.992,131,-57,30,-928,44.113085999999996
74230.655,115,-54,-12,2708,44.122749
74240.754,111,-53,-39,8563,44.132847999999996
74250.399,92,-53,-30,-6647,44.142493
74260.5,90,-50,-86,2556,44.152594
74270.16,65,-47,-16,1101,44.162254000000004
74280.253,57,-46,39,-11866,44.172346999999995
74289.895,63,-39,-21,9764,44.181989
74300.01,58,-38,-7,-3151,44.19210399999999
74309.664,58,-31,-70,-9833,44.201758
74319.757,41,-29,-20,-372,44.211850999999996
74329.399,12,-24,-67,1692,44.221493
74339.502,2,-22,-48,-4436,44.23159599999999
74349.164,-11,-16,36,5726,44.241258
74359.25,9,-11,-8,1495,44.251343999999996
74368.903,9,-11,-8,3865,44.260997
74379.001,-5,-1,-30,-3602,44.271095
74388.668,-20,2,31,-1983,44.280762
74398.765,-15,1,-27,-1140,44.290859
74408.414,-20,3,-27,1232,44.300508
74418.502,-33,5,14,-2427,44.31059599999999
74428.162,-37,7,42,5500,44.32025599999999
74438.255,-14,8,-39,2996,44.330349000000005
74447.909,-14,8,-39,-6814,44.340002999999996
74458.016,-13,7,14,78,44.35011
74467.66,-19,11,68,6465,44.359754
74477.758,-20,8,18,-1051,44.369852
74487.401,-19,10,28,-881,44.379495
74497.506,-21,9,51,12929,44.389599999999994
74507.167,-18,11,110,-6807,44.399260999999996
74517.262,25,9,17,1857,44.409356
74526.903,26,11,66,6633,44.418997000000005
74537.009,48,10,106,2529,44.429103000000005
74546.671,48,9,46,2472,44.438765
74556.761,59,9,62,2322,44.448854999999995
74566.414,69,10,101,2004,44.458508
74576.517,82,13,118,-7534,44.468611
74586.164,86,12,66,5292,44.478258000000004
74596.266,86,10,65,-3575,44.48836
74605.908,86,11,70,2619,44.49800199999999
74616.014,90,5,65,-4686,44.50810799999999
74625.666,90,4,-14,2843,44.517759999999996
74635.77,97,4,38,1000,44.527864
74645.407,102,6,105,-4968,44.537501000000006
74655.528,102,6,43,7387,44.547622000000004
74665.177,114,8,54,-3032,44.55727099999999
74675.283,110,9,5,-2066,44.56737699999999
74684.911,115,9,-17,6723,44.57700499999999
74695.034,109,9,-21,-3702,44.587128
74704.67,93,7,-73,31,44.59676399999999
74714.776,89,9,-13,2181,44.606869999999994
74724.409,98,12,29,-11035,44.616502999999994
74734.513,96,13,-32,7845,44.62660700000001
74744.187,83,15,0,-4140,44.636281000000004
74754.262,78,15,-67,-7333,44.646356
74763.912,76,17,-77,2602,44.65600599999999
74774.02,66,18,-51,1342,44.666114
74783.672,51,16,-118,-2250,44.675766
74793.778,39,20,-19,9742,44.685872
74803.412,50,26,-10,-4977,44.695505999999995
74813.515,47,28,-23,953,44.705608999999995
74823.173,69,25,-40,3086,44.71526699999999
74833.277,61,24,-78,2387,44.725371
74842.913,65,23,-25,-9384,44.735006999999996
74853.021,62,23,-83,8387,44.74511499999999
74862.677,45,27,-77,-744,44.75477099999999
74872.772,35,32,13,-5478,44.764866
74882.418,44,31,-30,2885,44.774512
74892.522,41,31,-58,-2788,44.78461599999999
74902.175,45,35,-63,-4527,44.794269
74912.284,34,36,-33,-262,44.804378
74921.936,14,38,-52,2316,44.814029999999995
74932.024,13,37,-93,-5741,44.824118000000006
74941.688,9,41,-12,4329,44.83378199999999
74951.798,13,42,12,-1073,44.84389199999999
74961.419,14,41,-13,2349,44.85351299999999
74971.521,2,42,-28,-2280,44.86361499999999
74981.178,-4,42,-6,5269,44.873272
74991.272,-1,44,13,-1219,44.883365999999995
75000.928,0,41,-58,-2731,44.893021999999995
75011.028,-1,40,27,7870,44.903122
75020.68,-1,39,55,-1802,44.91277399999999
75030.789,13,34,22,4925,44.922883
75040.421,12,32,-8,1351,44.932515
75050.525,21,28,-8,6077,44.94261899999999
75060.193,18,26,24,-6675,44.952287
75070.276,-3,23,-57,2642,44.96236999999999
75079.929,0,20,9,6457,44.972023
75090.033,18,17,80,-13145,44.98212699999999
75099.692,21,16,24,4177,44.99178599999999
75109.776,15,14,28,-1379,45.00187
75119.423,12,11,-1,-5371,45.01151699999999
75129.529,27,6,17,-7055,45.02162299999999
75139.193,28,4,-9,5090,45.031287
75149.279,26,2,-22,-2178,45.04137299999999
75158.935,26,0,98,-3315,45.05102899999999
75169.043,28,-1,27,11387,45.061137
75178.685,54,-3,49,-5497,45.070778999999995
75188.781,52,-4,8,-4865,45.080875
75198.426,70,-3,-2,6491,45.090520000000005
75208.543,46,-5,17,-919,45.100637
75218.195,47,-5,-45,-1508,45.110289
75228.294,47,-6,49,9661,45.12038799999999
75237.927,80,-6,58,-6877,45.13002099999999
75248.042,82,-5,21,1385,45.140136
75257.689,84,-3,28,2623,45.149783
75267.79,80,-5,-15,113,45.15988399999999
75277.43,98,-4,0,-6141,45.16952399999999
75287.546,98,-3,-21,4059,45.17964
75297.189,92,-4,-33,-876,45.189282999999996
75307.283,91,-4,82,-5332,45.19937699999999
75316.943,112,-1,8,12169,45.209036999999995
75327.034,116,0,46,-7236,45.219128
75336.692,121,1,5,-5022,45.22878599999999
75346.801,116,1,-21,3823,45.23889500000001
75356.432,93,1,-16,-2474,45.248526
75366.55,93,4,-57,-626,45.258644
75376.194,78,6,33,6308,45.268288
75386.285,75,6,40,-6355,45.278379
75395.934,74,11,0,4890,45.28802799999999
75406.058,73,13,47,1247,45.298152
75415.694,80,16,-25,-351,45.307788
75425.79,73,17,-32,-4164,45.31788399999999
75435.44,52,13,-30,-155,45.327534
75445.544,51,15,-48,5934,45.33763799999999
75455.195,74,24,71,-5388,45.347289
75465.294,74,24,-3,4695,45.35738799999999
75474.944,75,27,26,-5099,45.367038
75485.054,66,22,4,-1535,45.377148
75494.714,63,21,-72,1155,45.386808
75504.797,68,20,-104,-2666,45.396891000000004
75514.447,67,24,-112,-1492,45.406541
75524.549,54,28,-138,1615,45.41664299999999
75534.209,50,32,-77,-1371,45.426303
75544.292,66,33,-138,4387,45.436386
75553.957,66,37,-147,-1066,45.44605099999999
75564.042,59,36,-161,-1785,45.456136
75573.699,57,33,-227,-1536,45.46579299999999
75583.81,51,33,-258,-2055,45.47590399999999
75593.443,48,32,-328,1236,45.485536999999994
75603.55,33,34,-316,-6833,45.495644
75613.21,31,38,-281,7694,45.505304
75623.3,29,42,-231,-3611,45.515394
75632.945,29,45,-237,1904,45.52503900000001
75643.055,8,43,-223,4745,45.53514899999999
75652.705,7,40,-248,-6727,45.544799
75662.799,6,45,-296,-1087,45.554893
75672.443,4,43,-348,4569,45.564536999999994
75682.556,-12,44,-295,-6739,45.57464999999999
75692.204,-17,45,-235,5330,45.584298
75702.306,4,46,-255,-221,45.59439999999999
75711.944,5,50,-266,-1273,45.604038
75722.049,-4,41,-286,7264,45.614143
75731.708,-5,36,-357,-3214,45.623802
75741.812,-10,39,-391,-1998,45.633906
75751.459,-10,38,-458,4311,45.643553
75761.571,-10,38,-458,-8636,45.653665
75771.21,-21,46,-343,8795,45.663304000000004
75781.313,-20,46,-321,-1146,45.67340699999999
75790.955,-1,52,-309,3658,45.683049
75801.071,0,51,-311,11697,45.69316499999999
75810.713,-8,43,-345,725,45.702807
75820.805,-9,40,-412,-6436,45.71289899999999
75830.459,-5,44,-404,1217,45.722553
75840.563,-1,50,-236,4669,45.73265699999999
75850.213,-8,43,-246,-5581,45.742307000000004
75860.305,-2,48,-200,11608,45.75239899999999
75869.951,8,52,-204,-6894,45.762045
75880.072,9,48,-250,-7859,45.772166
75889.72,22,56,-321,-3848,45.781814
75899.81,27,57,-324,-1264,45.791903999999995
75909.461,44,56,-186,-139,45.80155499999999
75919.557,46,54,-239,-5396,45.811651
75929.225,66,58,-209,3937,45.821319
75939.311,71,59,-200,1606,45.831405
75948.953,73,54,-267,-5220,45.84104699999999
75959.069,76,52,-293,5475,45.851163
75968.726,67,47,-381,-5595,45.86081999999999
75978.817,73,46,-387,-6138,45.87091099999999
75988.458,85,33,-285,10908,45.880551999999994
75998.562,85,33,-285,-9126,45.890656
76008.224,91,32,-290,8784,45.900318
76018.327,86,31,-257,1940,45.910421
76027.959,89,29,-230,2324,45.920053
76038.064,89,36,-290,-1739,45.930158
76047.726,93,32,-332,-4492,45.93981999999999
76057.82,99,22,-371,9102,45.94991400000001
76067.475,103,14,-275,-7455,45.959569
76077.569,128,6,-263,5308,45.969663
76087.23,132,4,-239,1166,45.97932399999999
76097.317,122,-7,-220,728,45.98941099999999
76106.965,121,-7,-268,-1671,45.999058999999995
76117.064,103,-13,-352,1865,46.009158
76126.73,108,-20,-364,-8878,46.018823999999995
76136.826,109,-28,-315,-2479,46.02892
76146.461,108,-34,-347,4510,46.038554999999995
76156.571,103,-51,-318,956,46.04866499999999
76166.235,101,-59,-267,2331,46.058329
76176.319,90,-60,-302,3317,46.068413
76185.972,86,-64,-293,-1835,46.07806599999999
76196.078,73,-65,-360,-1108,46.08817199999999
76205.723,76,-73,-330,1855,46.09781699999999
76215.818,84,-76,-309,-7297,46.107912
76225.47,81,-81,-317,3226,46.117564
76235.567,55,-99,-233,-6727,46.127660999999996
76245.228,50,-104,-217,3668,46.137322
76255.33,51,-103,-220,-2093,46.147424
76264.966,50,-101,-267,2026,46.157059999999994
76275.072,39,-98,-261,4363,46.167165999999995
76284.729,39,-111,-203,-10927,46.176823000000006
76294.822,38,-110,-285,3691,46.186916
76304.468,54,-114,-236,2056,46.19656199999999
76314.589,51,-120,-203,1924,46.206683000000005
76324.228,41,-117,-257,2761,46.216322
76334.336,38,-118,-252,-2391,46.22642999999999
76343.972,50,-116,-306,-5348,46.236065999999994
76354.079,53,-117,-308,7113,46.24617299999999
76363.738,64,-122,-281,-11894,46.255832
76373.843,64,-122,-325,6316,46.265936999999994
76383.47,64,-129,-280,851,46.275563999999996
76393.588,61,-130,-263,1377,46.285682
76403.241,53,-122,-268,1049,46.295334999999994
76413.325,51,-121,-285,4213,46.30541899999999
76422.981,57,-116,-290,-8946,46.315075
76433.075,58,-118,-227,-1479,46.325168999999995
76442.73,89,-109,-239,3358,46.33482399999999
76452.826,87,-107,-244,-5191,46.344919999999995
76462.474,96,-117,-198,1015,46.354568
76472.598,92,-116,-175,3215,46.364692
76482.234,70,-113,-240,1962,46.37432799999999
76492.334,69,-111,-208,-4035,46.384428
76501.978,66,-102,-206,3416,46.394072
76512.078,65,-101,-219,-5817,46.40417199999999
76521.738,79,-91,-253,2837,46.41383199999999
76531.852,74,-89,-245,-2201,46.423945999999994
76541.485,74,-86,-274,1580,46.433578999999995
76551.585,67,-81,-280,58,46.443679
76561.241,55,-79,-316,1703,46.45333499999999
76571.334,50,-75,-308,-1233,46.463428
76580.981,47,-71,-292,1251,46.473074999999994
76591.1,49,-65,-280,-5881,46.483194000000005
76600.759,49,-64,-294,1440,46.492853000000004
76610.847,37,-57,-317,-1419,46.50294099999999
76620.485,29,-55,-302,2587,46.512578999999995
76630.582,23,-51,-275,-2108,46.52267599999999
76640.257,20,-48,-326,4851,46.532351
76650.345,7,-45,-293,-420,46.542439
76659.988,1,-40,-225,-3011,46.55208199999999
76670.095,20,-34,-248,1117,46.562189
76679.74,18,-30,-267,-715,46.571834
76689.836,-7,-36,-254,-3691,46.58192999999999
76699.487,-12,-34,-266,1826,46.59158099999999
76709.596,-32,-32,-284,-2601,46.601690000000005
76719.243,-33,-28,-314,-813,46.611337
76729.343,-28,-9,-282,3618,46.62143699999999
76738.993,-30,-5,-258,-7270,46.631087
76749.095,-15,-4,-287,3297,46.641189
76758.755,-15,-2,-289,-250,46.650849
76768.851,-4,-5,-289,-4184,46.66094499999999
76778.486,-8,-2,-301,-2427,46.67058
76788.599,-17,-1,-313,3817,46.680693
76798.248,-16,1,-335,-4344,46.690342
76808.347,0,5,-239,-330,46.70044099999999
76818.0,2,7,-236,5833,46.710094
76828.096,-2,10,-241,-3302,46.72019
76837.757,-3,11,-249,-5087,46.729851
76847.848,4,11,-248,4304,46.73994199999999
76857.495,3,15,-223,596,46.74958899999999
76867.594,6,16,-274,-2316,46.759688
76877.251,0,18,-146,5107,46.769345
76887.36,2,19,-161,3340,46.779454
76896.994,31,19,-202,-2109,46.78908800000001
76907.105,32,19,-190,2128,46.799198999999994
76916.752,49,20,-234,3702,46.80884599999999
76926.862,45,22,-270,-5299,46.81895599999999
76936.496,22,20,-277,3224,46.82859
76946.62,24,21,-302,848,46.838713999999996
76956.259,27,26,-201,-1133,46.848353
76966.355,28,26,-254,6500,46.85844899999999
76975.997,25,28,-245,-6896,46.868091
76986.099,25,28,-246,-4048,46.878192999999996
76995.757,25,28,-303,1810,46.887851
77005.864,21,28,-316,-1551,46.897957999999996
77015.507,0,20,-324,-6493,46.90760099999999
77025.607,-2,24,-243,6476,46.917701
77035.261,40,38,-209,-2146,46.927355
77045.348,41,41,-239,7853,46.937442
77055.008,36,33,-202,-2665,46.947102
77065.099,33,30,-272,3740,46.957193
77074.757,41,32,-305,-4447,46.966851
77084.858,44,36,-291,-4931,46.97695199999999
77094.502,27,41,-255,7311,46.98659599999999
77104.601,26,41,-210,-8021,46.996694999999995
77114.262,53,48,-252,4738,47.006356
77124.359,55,50,-232,-1050,47.01645299999999
77133.998,54,45,-285,-10419,47.026092000000006
77144.113,70,53,-325,2582,47.036207
77153.769,70,53,-325,1827,47.045863
77163.863,64,43,-296,-8459,47.05595699999999
77173.51,64,43,-296,8857,47.06560399999999
77183.618,65,40,-239,-866,47.075712
77193.275,67,41,-223,4084,47.08536899999999
77203.373,54,45,-218,11330,47.095467000000006
77213.007,53,42,-236,4295,47.105101
77223.105,58,58,-280,-2267,47.11519899999999
77232.77,57,56,-336,-1483,47.124864
77242.874,50,55,-282,4627,47.13496799999999
77252.504,48,57,-161,-2635,47.144597999999995
77262.622,76,50,-189,9679,47.154716
77272.267,78,54,-148,-5172,47.16436100000001
77282.36,84,45,-185,-4951,47.174454
77292.006,84,41,-235,-5425,47.184099999999994
77302.113,66,40,-334,-1420,47.19420699999999
77311.775,69,39,-339,1874,47.20386899999999
77321.87,69,39,-239,-10954,47.21396399999999
77331.51,69,37,-277,6580,47.223603999999995
77341.615,49,41,-277,2336,47.233709000000005
77351.272,50,42,-240,-2656,47.243365999999995
77361.376,49,43,-309,3290,47.25347
77371.008,49,41,-337,-5985,47.263101999999996
77381.123,39,36,-422,-2629,47.273217
77390.78,42,34,-408,6453,47.282874
77400.869,43,28,-308,-6494,47.292963
77410.514,46,28,-281,10199,47.30260799999999
77420.621,39,21,-245,4814,47.312715
77430.272,36,18,-215,3034,47.322365999999995
77440.38,36,18,-272,4386,47.332474000000005
77450.009,0,11,-320,-9184,47.342103
77460.126,4,3,-287,2461,47.35222
77469.781,17,-1,-240,153,47.361875
77479.871,21,-5,-206,1345,47.371964999999996
77489.514,-36,-29,-205,1392,47.38160799999999
77499.635,-38,-37,-201,3051,47.39172899999999
77509.274,-21,-43,-246,-4015,47.401368000000005
77519.374,-18,-43,-321,2623,47.41146799999999
77529.014,-12,-43,-322,3952,47.42110799999999
77539.134,-12,-57,-285,-12145,47.431228000000004
77548.778,10,-75,-320,5666,47.440872000000006
77558.877,12,-86,-245,-2206,47.45097099999999
77568.516,0,-95,-249,2059,47.46061
77578.628,0,-101,-246,4263,47.470721999999995
77588.287,0,-100,-277,-2561,47.480380999999994
77598.383,2,-99,-334,-8177,47.490477
77608.027,19,-107,-267,9541,47.500121
77618.121,19,-113,-296,-3891,47.510214999999995
77627.787,45,-121,-276,1897,47.51988099999999
77637.883,52,-135,-180,2433,47.529977
77647.529,53,-128,-226,5424,47.53962299999999
77657.638,55,-133,-217,198,47.549732000000006
77667.284,44,-131,-289,-4017,47.559377999999995
77677.379,56,-141,-233,2415,47.569472999999995
77687.021,65,-136,-252,2191,47.57911499999999
77697.135,66,-137,-288,-1640,47.58922899999999
77706.782,44,-147,-263,-282,47.598876000000004
77716.875,45,-151,-243,5742,47.608968999999995
77726.527,19,-138,-283,-3810,47.618621
77736.631,21,-137,-310,5446,47.62872499999999
77746.285,25,-136,-319,-2461,47.638379
77756.39,20,-138,-267,-12009,47.648483999999996
77766.035,23,-139,-298,8720,47.658129
77776.127,29,-124,-308,-6156,47.66822099999999
77785.794,25,-126,-274,-2299,47.67788799999999
77795.877,7,-115,-244,-1616,47.68797099999999
77805.541,6,-111,-301,1938,47.697635
77815.64,-9,-100,-266,-1238,47.707733999999995
77825.293,-8,-100,-205,2859,47.717387
77835.383,12,-85,-206,-218,47.727477
77845.03,13,-81,-244,-2045,47.737123999999994
77855.134,12,-67,-205,3110,47.747228
77864.791,9,-66,-168,-1077,47.756885
77874.881,12,-55,-263,4433,47.76697499999999
77884.532,13,-53,-245,142,47.77662600000001
77894.635,19,-44,-207,1592,47.786728999999994
77904.297,20,-41,-214,36,47.796391
77914.396,36,-39,-251,750,47.80648999999999
77924.041,35,-35,-265,-3018,47.816134999999996
77934.137,47,-41,-277,2669,47.826231
77943.789,42,-36,-265,-5264,47.835883
77953.884,38,-34,-333,3009,47.845978
77963.535,38,-30,-318,3734,47.855629
77973.643,51,-24,-226,-9197,47.865736999999996
77983.293,51,-20,-255,6412,47.875387
77993.397,43,-14,-262,-2857,47.885490999999995
78003.036,38,-10,-288,-7438,47.89512999999999
78013.137,41,-6,-291,-1677,47.905231
78022.801,36,-2,-272,3190,47.914895
78032.894,24,-6,-336,-1318,47.924988
78042.535,15,2,-189,-3210,47.934629
78052.639,24,5,-214,10778,47.94473299999999
78062.302,24,10,-229,-4734,47.954395999999996
78072.397,37,12,-249,-2511,47.964490999999995
78082.045,30,13,-276,6796,47.974138999999994
78092.154,-1,16,-265,-2505,47.984247999999994
78101.807,-2,18,-318,233,47.993901
78111.9,-8,21,-281,3443,48.00399399999999
78121.541,15,23,-219,-13167,48.013634999999994
78131.643,15,24,-282,5553,48.023737
78141.305,15,18,-257,-2019,48.03339899999999
78151.407,10,18,-294,-9204,48.043501000000006
78161.044,9,17,-304,-474,48.05313799999999
78171.15,1,19,-268,4220,48.06324399999999
78180.814,-9,15,-342,-4050,48.072908
78190.908,-16,21,-228,6147,48.08300199999999
78200.539,24,19,-205,7092,48.092633
78210.667,25,22,-203,-1110,48.102761
78220.303,20,22,-215,-687,48.112396999999994
78230.401,14,22,-220,9147,48.122494999999994
78240.045,40,17,-184,-1423,48.132138999999995
78250.153,41,17,-253,-1919,48.142247000000005
78259.819,34,18,-175,9340,48.151913
78269.899,32,20,-133,-5057,48.161993
78279.546,56,15,-204,172,48.17164
78289.654,56,17,-186,4170,48.18174799999999
78299.308,75,19,-235,-4065,48.191402000000004
78309.409,71,19,-255,-4052,48.201502999999995
78319.052,49,16,-268,3832,48.21114599999999
78329.16,50,16,-325,-1737,48.221254
78338.813,50,19,-229,4671,48.230906999999995
78348.907,50,19,-238,1041,48.241001000000004
78358.557,52,20,-264,-3772,48.250651
78368.664,53,21,-227,2473,48.260758
78378.324,50,19,-305,2971,48.27041799999999
78388.41,44,19,-302,-2865,48.280504
78398.061,44,19,-335,-5342,48.290155
78408.156,46,21,-305,6349,48.30025
78417.812,40,21,-195,-5377,48.309906000000005
78427.908,42,22,-244,3179,48.320001999999995
78437.564,44,25,-191,-1358,48.329657999999995
78447.655,42,23,-241,4283,48.339749
78457.324,38,23,-285,-3468,48.34941799999999
78467.415,40,23,-298,-5036,48.35950899999999
78477.059,43,24,-229,8770,48.36915299999999
78487.159,41,23,-200,-6002,48.379253
78496.822,43,25,-215,6883,48.388915999999995
78506.906,43,27,-220,-3103,48.399
78516.554,43,23,-250,-8712,48.408648
78526.659,39,23,-311,3467,48.418752999999995
78536.319,39,22,-365,448,48.428413
78546.413,38,21,-391,-1816,48.438507
78556.064,37,21,-402,972,48.44815799999999
78566.165,36,19,-544,283,48.45825899999999
78575.826,36,18,-619,-1007,48.46792
78585.92,35,17,-648,972,48.478013999999995
78595.57,33,16,-735,-586,48.487664
78605.684,33,15,-830,-672,48.49777799999999
78615.319,32,14,-905,-375,48.507413
78625.43,32,14,-905,-421,48.51752399999999
78635.063,31,13,-971,145,48.527156999999995
78645.174,30,12,-1049,1276,48.537268
78654.825,26,12,-1005,887,48.546918999999995
78664.927,11,12,-728,-82,48.55702099999999
78674.566,-33,39,239,474,48.566660000000006
78684.671,-60,63,915,1000,48.576765
78694.319,-63,78,1071,431,48.586413
78704.418,-61,86,1053,-141,48.596512000000004
78714.063,-58,89,943,195,48.60615699999999
78724.179,-56,91,816,-236,48.616273
78733.833,-53,91,667,-431,48.625927
78743.931,-50,93,565,-355,48.636025
78753.567,-47,93,421,-31,48.64566099999999
78763.671,-45,94,318,-71,48.655765
78773.336,-43,93,181,-90,48.66542999999999
78783.44,-40,93,81,-157,48.675534
78793.066,-38,91,-42,-171,48.68516
78803.169,-36,90,-140,-124,48.69526299999999
78812.834,-34,88,-260,12,48.704928
78822.929,-32,86,-355,123,48.715023
78832.57,-30,83,-458,-347,48.724664000000004
78842.681,-26,82,-544,-968,48.73477499999999
78852.338,-14,87,-595,-1523,48.744432
78862.431,9,102,-600,-1184,48.754524999999994
78872.08,46,125,-566,-420,48.764174
78882.171,95,160,-475,-896,48.774265
78891.834,158,205,-346,-423,48.783928
78901.931,233,262,-147,-731,48.79402499999999
78911.586,302,313,29,-796,48.80367999999999
78921.682,357,354,191,-560,48.813776
78931.34,388,372,263,-159,48.82343399999999
78941.425,401,374,280,-101,48.833519
78951.074,403,364,242,28,48.84316799999999
78961.181,400,349,176,279,48.853275
78970.833,393,331,90,-323,48.862927
78980.927,384,312,-4,-14,48.873020999999994
78990.573,376,293,-101,-472,48.882667
79000.677,367,274,-196,-378,48.892770999999996
79010.341,358,256,-291,-99,48.902435
79020.431,351,240,-373,96,48.912524999999995
79030.075,342,223,-459,1234,48.922169
79040.194,336,212,-489,244,48.932288
79049.836,328,202,-463,460,48.94192999999999
79059.931,318,200,-311,-473,48.95202499999999
79069.588,302,196,-120,962,48.961682
79079.679,288,196,82,-124,48.971773
79089.34,277,193,195,-600,48.98143399999999
79099.441,271,191,251,10,48.991535000000006
79109.087,267,187,231,-231,49.001180999999995
79119.185,263,184,173,-368,49.011278999999995
79128.846,259,179,86,-824,49.02094
79138.932,255,173,-9,-516,49.031026
79148.588,252,168,-107,-276,49.040682000000004
79158.696,248,162,-202,-449,49.05078999999999
79168.35,245,157,-287,-194,49.060444000000004
79178.448,243,153,-352,410,49.070542
79188.083,246,155,-330,-153,49.080177
79198.191,257,163,-233,235,49.090285
79207.85,275,177,-60,106,49.099944
79217.951,294,188,91,-93,49.110045
79227.585,310,195,193,-88,49.119679000000005
79237.687,318,194,212,-663,49.129781
79247.343,320,191,182,-188,49.139436999999994
79257.445,319,185,119,183,49.149539000000004
79267.094,316,179,44,85,49.15918799999999
79277.199,314,172,-25,266,49.16929299999999
79286.848,313,167,-85,277,49.17894199999999
79296.943,315,163,-127,159,49.189037
79306.589,320,162,-138,-65,49.198683
79316.692,328,162,-125,203,49.20878599999999
79326.352,340,164,-75,37,49.21844599999999
79336.444,352,167,-13,-104,49.228538
79346.09,363,170,49,-87,49.238184
79356.193,369,171,82,-130,49.248287
79365.852,371,169,87,-17,49.257946
79375.952,370,166,63,48,49.268046000000005
79385.596,367,162,24,51,49.27769
79395.703,364,158,-13,74,49.28779699999999
79405.353,361,155,-40,117,49.297447
79415.443,359,153,-47,-4,49.307536999999996
79425.093,358,152,-37,0,49.31718699999999
79435.207,358,152,-10,12,49.32730099999999
79444.86,357,152,16,88,49.336954
79454.945,357,152,32,-58,49.347039
79464.602,356,151,33,24,49.356696
79474.695,355,150,21,-28,49.366789000000004
79484.363,354,148,2,-32,49.376456999999995
79494.46,354,146,-14,-24,49.386554000000004
79504.099,354,145,-23,-77,49.396193
79514.204,356,145,-21,-74,49.40629799999999
79523.859,360,145,-12,-67,49.415952999999995
79533.958,364,145,1,-117,49.426052
79543.606,368,145,13,-94,49.4357
79553.699,372,145,19,-5,49.44579299999999
79563.365,375,144,17,-3,49.455459000000005
79573.458,377,143,8,-87,49.465551999999995
79583.1,379,142,-1,-128,49.475194
79593.208,381,141,-8,-56,49.485302
79602.859,382,140,-10,20,49.494952999999995
79612.963,384,140,-7,103,49.505057
79622.6,386,140,-2,99,49.514694000000006
79632.707,387,140,1,61,49.52480099999999
79642.373,387,140,1,43,49.53446700000001
79652.458,387,139,0,15,49.544551999999996
79662.107,387,139,-2,18,49.554201
79672.211,386,139,-3,31,49.56430499999999
79681.872,386,139,-3,36,49.573966
79691.969,385,139,-3,48,49.58406299999999
79701.603,385,139,-2,-2,49.593697
79711.708,385,138,-1,-24,49.603801999999995
79721.373,385,138,-1,-18,49.61346700000001
79731.473,386,138,-2,-18,49.623566999999994
79741.111,386,138,-3,42,49.633205000000004
79751.233,387,137,-4,-9,49.64332699999999
79760.873,389,137,-4,-57,49.652967000000004
79770.968,390,136,-3,0,49.66306199999999
79780.612,392,136,-1,-11,49.67270599999999
79790.724,394,135,-1,2,49.682818
79800.378,396,135,-1,7,49.692471999999995
79810.463,398,134,-2,6,49.702557
79820.111,399,134,-3,10,49.712205000000004
79830.215,400,134,-2,5,49.722308999999996
79839.872,401,133,-2,11,49.731966
79849.971,402,133,-2,-1,49.742065000000004
79859.615,403,133,-2,-52,49.751709000000005
79869.717,403,133,-2,-26,49.761811
79879.376,403,133,-2,-24,49.77147
79889.475,403,133,-2,2,49.781569000000005
79899.12,403,134,-2,18,49.79121399999999
79909.232,402,134,-2,0,49.801326
79918.881,402,134,-2,-10,49.81097499999999
79928.97,402,134,-3,-15,49.821064
79938.615,402,134,-3,-16,49.830709000000006
79948.723,402,134,-3,-6,49.840816999999994
79958.387,403,134,-3,2,49.850481
79968.486,403,134,-3,5,49.86058
79978.124,404,134,-3,10,49.870217999999994
79988.226,405,133,-3,-1,49.88031999999999
79997.887,406,133,-3,-7,49.889981
