time,true_distance,dist_drone_to_beacon,dist_beacon_to_drone
0.0020000000000095497,1.451547221152121,1.4054778528466456,1.4478150821209126
0.003983000000005177,1.4515339927930164,1.4351730508460485,1.5406690092188702
0.006049000000018623,1.4515339927930164,1.4634645598989662,1.4044027612308432
0.007955000000038126,1.4515339927930164,1.419479806503198,1.3785017255786287
0.009923000000014781,1.4515772083232974,1.4140614567414187,1.4957560299772057
0.011907000000007884,1.4515772083232974,1.4556756757269078,1.4582745963059993
0.013896999999985837,1.4515462100708831,1.4362513456573192,1.4980660270080628
0.016187000000002172,1.4515462100708831,1.4395477376087702,1.3373555849360095
0.017850000000009913,1.4515462100708831,1.4174577433243891,1.418383428828732
0.019834000000003016,1.451544582616595,1.4041734841327345,1.4784193383828532
0.021812000000011267,1.451544582616595,1.4452010805043791,1.4185878850128864
0.023793000000011943,1.451544582616595,1.4877472381168755,1.5190499554558063
0.02585700000003044,1.4515435553394076,1.4479839458637969,1.397788227986771
0.027753000000018346,1.4515435553394076,1.4364562773892238,1.545045699538411
0.02974499999999125,1.4515435553394076,1.3801266421997636,1.4307697793723209
0.0317150000000197,1.451538238806249,1.427760846617828,1.4718849070904358
0.03370200000000523,1.451538238806249,1.424726064844825,1.4057488905389668
0.03599600000001146,1.4515593604248755,1.4558453516721817,1.4325962881896137
0.03766000000001668,1.4515593604248755,1.4538736824069403,1.53892251314234
0.03964100000001736,1.4515593604248755,1.567905172809607,1.4169194351769236
0.041628000000002885,1.4515288508715964,1.4335043498786721,1.4494358414409818
0.04360399999995934,1.4515288508715964,1.4917394507970965,1.5194382046572774
0.045667000000037206,1.4515288508715964,1.4931823510790538,1.4085510108201373
0.047569000000009964,1.4515225612339555,1.4828996363358546,1.4941150133422387
0.04955300000000307,1.4515225612339555,1.4518697604070676,1.4359373604656023
0.051537999999993644,1.4515225612339555,1.578061955764352,1.3714184719852902
0.05350800000002209,1.4515342296790772,1.4091205310167503,1.4972668978689072
0.05579700000004095,1.4515342296790772,1.4757951305793877,1.5757747245416978
0.057480999999995674,1.4514742198452248,1.487750769065977,1.5127607287112395
0.059453000000019074,1.4514742198452248,1.369273892404505,1.4682969528290573
0.06143400000001975,1.4514742198452248,1.3809231187062927,1.4231048226862937
0.06341500000002043,1.4515510116859414,1.5133086126465178,1.465170590650879
0.06548100000003387,1.4515510116859414,1.4665931963342311,1.4943233623580787
0.06737800000001926,1.4515510116859414,1.3941386849933957,1.3894108232400324
0.06936000000001741,1.451552826147309,1.5123206183981712,1.3344030912781801
0.07134500000000799,1.451552826147309,1.4426605042376632,1.37179928008088
0.07332099999996444,1.451552826147309,1.4986603432942622,1.4140020723167614
0.07562899999999217,1.451559296835133,1.5363934383934363,1.433239763093697
0.07728400000002011,1.451559296835133,1.4419103153553192,1.4275314649316138
0.07927599999999302,1.451559296835133,1.354861681237311,1.4474099929527806
0.08125499999999874,1.45151551532007,1.4127300341506683,1.4008575727602395
0.08322800000001962,1.45151551532007,1.3511748578034808,1.4596072847241566
0.08528899999998885,1.4515072867308232,1.4061170102949407,1.4331736943654276
0.08719000000002097,1.4515072867308232,1.5205382936321166,1.422501176471511
0.08917100000002165,1.4515072867308232,1.4147731376087642,1.4502291626062005
0.09115600000001223,1.4515386997565813,1.3958400767215855,1.4199809463553272
0.09313699999995606,1.4515386997565813,1.528897886246633,1.5222780881057207
0.09542900000002419,1.4515386997565813,1.4415711340419828,1.4261873169111035
0.09709500000002436,1.4515473410672832,1.4626897427625674,1.4450025224124974
0.09907800000001998,1.4515473410672832,1.3966351449650058,1.528433047843341
0.10106899999999541,1.4515473410672832,1.512707132581662,1.415456289401829
0.10303899999996702,1.4515053416896095,1.4530277839445522,1.4989140892061312
0.10510099999999056,1.4515053416896095,1.490442299739034,1.4261085347156415
0.10701399999999239,1.4515053416896095,1.3784854581369843,1.5566857596333168
0.10898600000001579,1.4515185352939985,1.5158667924892955,1.4269385149305913
0.1109700000000089,1.4515185352939985,1.4671498878335703,1.3935420445362185
0.11294500000002472,1.451533796911142,1.4144238187715712,1.507545863872202
0.11524700000001076,1.451533796911142,1.429823639366497,1.5630291772653593
0.11690900000002102,1.451533796911142,1.4245057901793368,1.479679387242588
0.1188900000000217,1.4515147227143852,1.4637765077000948,1.4353440201196803
0.12087900000000218,1.4515147227143852,1.4569307406192589,1.3827494018563782
0.12285399999996116,1.4515147227143852,1.5305795616661548,1.4650725100940958
0.12491299999999228,1.4515458248166597,1.3494323189926616,1.5382510019229871
0.12681500000002188,1.4515458248166597,1.4812748254713448,1.4858757664832865
0.12879600000002256,1.4515458248166597,1.3700429165130286,1.4353503431250354
0.13077600000002576,1.4515212152934234,1.5770884364684996,1.430518546817076
0.1327709999999911,1.4515212152934234,1.5258474262132495,1.4670591322573217
0.1350479999999834,1.4515135914024087,1.4488873775662996,1.4020603080361986
0.13672100000002274,1.4515135914024087,1.4721388496159298,1.4657176822968432
0.13870199999996657,1.4515135914024087,1.4544845904363022,1.505719659413461
0.14068400000002157,1.451544966088298,1.4201683630115358,1.4751332686971703
0.14267300000000205,1.451544966088298,1.4143505468348474,1.45895640085799
0.14476199999995742,1.451544966088298,1.4491342254500734,1.397868388953377
0.14663000000001603,1.4515263268260423,1.317679840941668,1.474423117324809
0.1486070000000268,1.4515263268260423,1.5167500555040305,1.4052574205297057
0.15060399999998708,1.4515263268260423,1.5365341256154186,1.4909129719640946
0.15257400000001553,1.4515391087837777,1.438162960696494,1.4910502131961174
0.1549060000000395,1.4515391087837777,1.5232250561953673,1.3816788784893628
0.15653299999996761,1.4515391087837777,1.4255262178835681,1.4078544559109856
0.15851300000002766,1.4515218903220248,1.4228660014250378,1.442551639370193
0.16049400000002834,1.4515218903220248,1.4612508980707481,1.4198829168114107
0.162475000000029,1.451543121747969,1.4772016162221573,1.4237295335704476
0.1645819999999958,1.451543121747969,1.4088475746651996,1.489908101808785
0.16643800000002784,1.451543121747969,1.467921885097698,1.4849258515399704
0.16841899999997167,1.4515414103133977,1.4653414365538977,1.487404678201732
0.1704000000000292,1.4515414103133977,1.3383148553900903,1.4853762202851246
0.17239699999998948,1.4515414103133977,1.4372633357238127,1.5406404717408075
0.17471199999999953,1.4515211602279228,1.4398411702872251,1.4399422360980134
0.17635100000001103,1.4515211602279228,1.4205236410572895,1.4854051290917916
0.17832599999997,1.4515467005532265,1.4207067067080075,1.3367617378093324
0.18030700000002753,1.4515467005532265,1.475263138118747,1.3824569844644807
0.18228799999997136,1.4515467005532265,1.3713044120694473,1.4844708104012942
0.18438699999995833,1.4514960557557937,1.5053602872448655,1.4538799111485308
0.18624999999997272,1.4514960557557937,1.4447667436032388,1.4508105208400344
0.18823100000003024,1.4514960557557937,1.5132375331426202,1.4438017515978734
0.19021199999997407,1.4515216827360673,1.4197239150547438,1.3467370835451056
0.19220599999999877,1.4515216827360673,1.4998040543065723,1.4031175446193052
0.19455299999998488,1.4515216827360673,1.4787800605044092,1.4493751736545788
0.19615500000003294,1.4515414166237823,1.3620750025486374,1.517056822037343
0.19813900000002604,1.4515414166237823,1.4421601579424623,1.4628953859088563
0.2001189999999724,1.4515606865694999,1.578177056702994,1.4431534483131272
0.20210000000002992,1.4515606865694999,1.4938515773693684,1.447520198812248
0.20420800000005102,1.4515606865694999,1.396320612220633,1.4152144470119248
0.20606300000002875,1.4515131189704846,1.4279281002504933,1.5254944415001097
0.20804399999997258,1.4515131189704846,1.4929008380396265,1.4386073004356559
0.2100250000000301,1.4515131189704846,1.4684217151773733,1.5337422962153973
0.21201600000000553,1.4514455685808807,1.3756671010768764,1.4355066733981112
0.2143469999999752,1.4514455685808807,1.3634445138352769,1.447386349086183
0.2159690000000296,1.4514455685808807,1.4869786254775568,1.445770326861633
0.2179490000000328,1.4515577786111362,1.4374529166364496,1.4648988272138765
0.21993100000003096,1.4515577786111362,1.5050001492289766,1.3810936046690976
0.22192300000000387,1.4515577786111362,1.468681293150944,1.4527460284618245
0.22402099999999336,1.451568090867293,1.4106389388913243,1.420150913398467
0.22587499999997362,1.451568090867293,1.4495731508392333,1.4478590792743267
0.22785600000003114,1.4515018817636431,1.4301611040282705,1.4323852385782074
0.22983799999997245,1.4515018817636431,1.4659377319706874,1.366210054403813
0.23181900000002997,1.4515018817636431,1.4065622208042179,1.4327489312279205
0.2341650000000186,1.451526982233846,1.375593004289369,1.4968493576563797
0.23578000000003385,1.451526982233846,1.4435196681700406,1.4425612913059829
0.23776199999997516,1.451526982233846,1.4086281870915567,1.4237396854727649
0.23974300000003268,1.4515377327555465,1.4987840341288896,1.346160570025618
0.2417340000000081,1.4515377327555465,1.439584271340345,1.4309217233851563
0.24382900000000518,1.4515377327555465,1.4645991927974766,1.4669141727065604
0.2456860000000347,1.4515033165117934,1.4326529097145007,1.5140363074767689
0.24767300000002024,1.4515033165117934,1.4595041800714044,1.2955626187630298
0.24965900000006513,1.4515033165117934,1.481844585209237,1.5163765139686995
0.25162999999997737,1.4515600104434128,1.4635073237142557,1.4815935536258795
0.253970000000038,1.4515600104434128,1.3697514601569913,1.4438225283523338
0.25561000000004697,1.4515600104434128,1.4293166066918777,1.4131462827702566
0.2575740000000337,1.4515561896029299,1.55366807360712,1.4972594370075387
0.25956100000001925,1.4515561896029299,1.470162174888734,1.4580611461884774
0.26154500000001235,1.4515920145237242,1.429182110061613,1.3762236382667306
0.2636360000000195,1.4515920145237242,1.426062925099609,1.4951048671190197
0.26549999999997453,1.4515920145237242,1.5217355201510738,1.4690976744856616
0.26749000000000933,1.451547393617087,1.477958837815444,1.522715611515624
0.2694619999999759,1.451547393617087,1.3883541591169821,1.4710425915834469
0.27145400000000564,1.451547393617087,1.55148758418694,1.5367268149188267
0.2737879999999677,1.4515297691960158,1.4656477505745322,1.5275525787125965
0.27540699999997287,1.4515297691960158,1.4644744410110433,1.4304598482326978
0.27739700000000767,1.4515297691960158,1.5255219849198067,1.5222979682284317
0.2793689999999742,1.4515624633434183,1.4596980716138375,1.4060502334758707
0.28135000000003174,1.4515624633434183,1.4728487660632663,1.3723828088570138
0.2834490000000187,1.4515398906407355,1.3755324293509612,1.4285783833167136
0.2853269999999952,1.4515398906407355,1.4470858584966337,1.5272824546885706
0.28729800000002115,1.4515398906407355,1.3884066110974325,1.4722187625264427
0.28927400000003445,1.4515323311492458,1.4255937112891426,1.461125327229536
0.29125599999997576,1.4515323311492458,1.4640161666610068,1.4960826273443275
0.29360100000002376,1.4515323311492458,1.3394574522569196,1.4012068040631016
0.2952240000000188,1.4514979785098276,1.4677257869368792,1.4335257302296047
0.2972000000000321,1.4514979785098276,1.4934421689126407,1.4618396767065949
0.29919000000001006,1.4514979785098276,1.3598863407182422,1.4631189022040298
0.301161000000036,1.4515030944685463,1.4175371655993858,1.4519786030655093
0.30326100000002043,1.4515030944685463,1.375788321043879,1.3681051476209427
0.3051320000000146,1.4515211382603583,1.4774668955696146,1.4142105512569183
0.30710600000003296,1.4515211382603583,1.4263922380687477,1.4389037253085522
0.3090869999999768,1.4515211382603583,1.507724982351173,1.3933461160760214
0.3110770000000116,1.4515368533323232,1.3859479919332234,1.3946871811842094
0.3134160000000179,1.4515368533323232,1.4613896558249992,1.471420245455838
0.31503500000002305,1.4515368533323232,1.4097573704017743,1.3727209812604932
0.3170200000000136,1.4515291688743628,1.4523597475739074,1.3842313828194177
0.3189930000000345,1.4515291688743628,1.435132473966901,1.4175050001070137
0.32098500000006425,1.4515291688743628,1.4866772173968479,1.5260301695111307
0.323079000000007,1.4515792246470705,1.4659850823690441,1.5118027168001902
0.324937000000034,1.4515792246470705,1.5089697869616328,1.3667937790836269
0.32692800000000943,1.4515792246470705,1.4467528345552463,1.4269987692249313
0.32890199999997094,1.4517123080982353,1.4060672980535167,1.4948474288406417
0.3308799999999792,1.4517123080982353,1.48237754449267,1.5285881735065585
0.3332159999999931,1.451863249128279,1.4481501570449495,1.4080726391651988
0.33484400000003234,1.451863249128279,1.4385543874310314,1.4712794232451751
0.33683999999999514,1.451863249128279,1.4688731385588676,1.4068417322841293
0.3388039999999819,1.4519989407858063,1.4140716442185577,1.500560904660568
0.3407869999999775,1.4519989407858063,1.5410151492583297,1.4311937570712636
0.3429029999999784,1.4519989407858063,1.5045451907694232,1.4417513293045878
0.3447489999999789,1.4524333862960543,1.4707123195914507,1.3799428548830954
0.3467310000000339,1.4524333862960543,1.4652237882220789,1.4943564900527528
0.3487210000000118,1.4524333862960543,1.4545310660175577,1.471896068478392
0.35069200000003775,1.452849655889754,1.4268942788865635,1.4650123088609284
0.3530290000000491,1.452849655889754,1.4781403612661093,1.4304248390764756
0.35465600000003406,1.4532987901739032,1.4321183140591025,1.4276044942255828
0.35664199999996526,1.4532987901739032,1.5353929178967425,1.4813084341890002
0.3586180000000354,1.4532987901739032,1.525062620020697,1.4224765419257757
0.3606070000000159,1.4540076470190357,1.4650358378101649,1.495566707072964
0.3627010000000155,1.4540076470190357,1.5002635203288968,1.5142577126548433
0.3645620000000349,1.4540076470190357,1.3787805848186339,1.4323430881118147
0.3665420000000381,1.454571510631975,1.4628749092996591,1.4558083523490397
0.36852400000003627,1.454571510631975,1.366937434846106,1.3615951536689452
0.3705150000000117,1.454571510631975,1.4597490952351695,1.444150079176932
0.3728370000000041,1.455382403595801,1.415123633684242,1.4467955655027112
0.37446799999997893,1.455382403595801,1.5006389583839734,1.4702728288288827
0.37645300000002635,1.456275671247879,1.4602948416186208,1.491638225050622
0.3784310000000346,1.456275671247879,1.4376089206115237,1.4738647120316575
0.38041199999997843,1.456275671247879,1.4384349003181833,1.5111627302977841
0.3825130000000172,1.4573456319974938,1.347505682154559,1.458708937197955
0.384379000000024,1.4573456319974938,1.5015365763168933,1.40609505667973
0.3863550000000373,1.4573456319974938,1.5262751756421573,1.5173692830357752
0.388349000000062,1.4579851164916526,1.4969751259073687,1.40056724360119
0.3903280000000109,1.4579851164916526,1.433138065138679,1.412671452682342
0.3926569999999856,1.4579321310197022,1.414501173010588,1.4534286746032088
0.3942870000000198,1.4579321310197022,1.374160431085746,1.4003373008131585
0.39627400000000534,1.4579321310197022,1.4385824703930814,1.4417878901953867
0.3982589999999959,1.4578401759876651,1.3423664034483522,1.3794140642254922
0.40022500000003447,1.4578401759876651,1.350967259037008,1.4300829750052269
0.4023250000000189,1.4578401759876651,1.5061916173073606,1.383423982984094
0.4041890000000308,1.4581326740810305,1.538213211532029,1.4843026519077798
0.40617000000003145,1.4581326740810305,1.4270227271649492,1.4656735936196719
0.40815199999997276,1.4581326740810305,1.4816940732649329,1.39969328194769
0.410129999999981,1.4584845658124121,1.4338078192531178,1.3925068827829141
0.41246799999998984,1.4584845658124121,1.5173669219436636,1.4301989816415235
0.41409500000003163,1.4584845658124121,1.469847237065047,1.4422481529093079
0.4160810000000197,1.4581251515510514,1.4889454736447898,1.4959535418298173
0.4180640000000153,1.4581251515510514,1.3672714164854736,1.3870947082845573
0.4200490000000059,1.4581251515510514,1.45344259247169,1.5056467236764233
0.4221380000000181,1.4577956626760715,1.4314649146783192,1.4338039897902022
0.42400099999997565,1.4577956626760715,1.5263232298680034,1.4318789835875638
0.4259829999999738,1.4586046966525972,1.4313124387869387,1.3949626410035492
0.4279650000000288,1.4586046966525972,1.4461567947594551,1.4414442904828522
0.4299530000000118,1.4586046966525972,1.3656279599173329,1.3956825972089622
0.432282999999984,1.4593837831069423,1.4670423105546537,1.461390480558558
0.4339060000000359,1.4593837831069423,1.4645348330114076,1.5135279691478685
0.43589900000000625,1.4593837831069423,1.4449138895675708,1.565104341324475
0.43787100000002965,1.4612393091427684,1.524945101303252,1.4571867471679696
0.4398490000000379,1.4612393091427684,1.4622360356214394,1.4725723276049847
0.4419480000000249,1.4612393091427684,1.4297798267069322,1.4722976605308131
0.44381200000003673,1.461716316251306,1.4216890697103497,1.5490164743591002
0.44579299999998057,1.461716316251306,1.4991784469153213,1.4620958812388207
0.44778400000001284,1.4619789048375376,1.380926813125614,1.417800627411662
0.4497690000000034,1.4619789048375376,1.4288297549976519,1.4513242234952073
0.45208100000002105,1.4619789048375376,1.4556415313990023,1.39819238017301
0.45371799999998075,1.4635486226040386,1.443025909749449,1.5480422672783176
0.45569900000003827,1.4635486226040386,1.4598804346008933,1.4864133329195748
0.4576860000000238,1.4635486226040386,1.5201133774580529,1.5136837666001017
0.4596700000000169,1.463735555341989,1.4502106981432936,1.4274207805111583
0.46176900000000387,1.463735555341989,1.4139008424998092,1.4878898047128166
0.4636239999999816,1.463735555341989,1.5406837024440823,1.4573609249656
0.4656050000000391,1.4638920610477062,1.4500339555026345,1.3721753119959463
0.46758599999998296,1.4638920610477062,1.4850649460599226,1.40414675665154
0.4695740000000228,1.4638920610477062,1.5377929961180232,1.4793769253200966
0.4719079999999849,1.4640071253669267,1.4280143893653539,1.5835455433568657
0.4735319999999774,1.4640071253669267,1.5531946325759007,1.5089719942322832
0.47552100000001474,1.464261401418932,1.5534294829865596,1.49663488639976
0.477499000000023,1.464261401418932,1.4277239806882722,1.5396249546960539
0.4794729999999845,1.464261401418932,1.4356249745031322,1.4341287817958988
0.4815720000000283,1.4639883902692628,1.5007702062019066,1.4931917852838323
0.48343600000004017,1.4639883902692628,1.5364800149049587,1.4063307853199811
0.485416999999984,1.4639883902692628,1.5054340897183325,1.4639317990027372
0.4873919999999998,1.4642028415610369,1.4621397617974488,1.4299547701921298
0.48937999999998283,1.4642028415610369,1.4909519394360995,1.508758612054796
0.4917080000000169,1.4642028415610369,1.4998415082137904,1.3621565113572451
0.4933460000000309,1.4645083159513728,1.480230238320377,1.4149769548958013
0.49532699999997476,1.4645083159513728,1.4419781607545374,1.5382378168053537
0.49732499999998936,1.4645083159513728,1.5053968791793964,1.5133241770622725
0.49928500000004306,1.4661429844894036,1.4530544003236494,1.4707034110348949
0.5013850000000275,1.4661429844894036,1.371680226610421,1.4919730606361317
0.5032489999999825,1.4658497110943987,1.397715144988427,1.4813326737321717
0.50523000000004,1.4658497110943987,1.5307339198062182,1.5832267437856289
0.5072109999999839,1.4658497110943987,1.412521814365707,1.478680722040124
0.5091959999999744,1.467869857230578,1.4733138391949292,1.4902547692760737
0.5115300000000502,1.467869857230578,1.5319333699722122,1.4426910443874483
0.5131639999999607,1.467869857230578,1.4769157413706253,1.472043392515432
0.5151440000000207,1.4686454688680493,1.5839210874002807,1.399107187859932
0.5171240000000239,1.4686454688680493,1.4639622335391487,1.4806191548623089
0.519108000000017,1.4686454688680493,1.4276471201209306,1.4921443575415232
0.5211970000000292,1.4698256223468957,1.3978366934968818,1.4841521607253605
0.5230610000000411,1.4698256223468957,1.3773832950327447,1.5325068711387666
0.525051000000019,1.4698256223468957,1.5471844321085244,1.5387899208862772
0.5270230000000424,1.4708371300645284,1.4152216311939767,1.5437515176113814
0.5290090000000305,1.4708371300645284,1.3903966534247918,1.414024765275902
0.5313350000000128,1.4724963467072552,1.4546805291105,1.515783132296061
0.5329740000000243,1.4724963467072552,1.4433897414720442,1.5021441391505772
0.5349550000000249,1.4724963467072552,1.4393529594816472,1.5202484950257642
0.5369349999999713,1.4727048373981257,1.5375404026982398,1.4633400095006754
0.5389180000000238,1.4727048373981257,1.4840592055292492,1.4777225668092784
0.5410170000000107,1.4727048373981257,1.5164546434702102,1.4362354472148764
0.5428730000000428,1.4729756725326837,1.5877798847701625,1.5412028911497606
0.544855000000041,1.4729756725326837,1.4334056466313132,1.4774727938721044
0.5468450000000189,1.473450714219306,1.4851254748291727,1.5587051159460492
0.5488170000000423,1.473450714219306,1.4039546251908164,1.4167577345921032
0.5511529999999993,1.473450714219306,1.5504801936107904,1.4823028025976979
0.5527880000000209,1.473874957325644,1.4636651531612972,1.4783304148126084
0.554760999999985,1.473874957325644,1.3198346198612498,1.38939165622931
0.5567480000000273,1.473874957325644,1.4073265759117923,1.5103319192677904
0.5587380000000053,1.4736556481859882,1.5481946575660788,1.530578349357833
0.5608220000000301,1.4736556481859882,1.3824362647197053,1.4369527205965675
0.5626960000000167,1.4736556481859882,1.4687202717336418,1.4752852640029628
0.5646760000000199,1.4735839287117753,1.4983654113449374,1.4337721222878967
0.5666480000000433,1.4735839287117753,1.5018180297828299,1.539858188308099
0.5686390000000188,1.4735839287117753,1.6015981472937892,1.388292027094109
0.5709550000000263,1.473658129697934,1.4697522132085987,1.3735772537727537
0.5725940000000378,1.473658129697934,1.4254852150007993,1.5128314293267342
0.5745730000000435,1.4743370918439407,1.4304834398002684,1.4995999329733318
0.5765610000000265,1.4743370918439407,1.5326268597111423,1.5056576532791672
0.5785420000000272,1.4743370918439407,1.3515859237686925,1.4881587614239626
0.5806340000000318,1.474809006190389,1.4865293162553366,1.5243311424249588
0.5825030000000311,1.474809006190389,1.5569540815244405,1.4772046171264375
0.5844890000000191,1.474809006190389,1.4793308395880234,1.4569650618536727
0.5864599999999882,1.4757023765368364,1.5415701663573995,1.573370612775875
0.5884420000000432,1.4757023765368364,1.3686611773275539,1.496674804183078
0.5907850000000394,1.4767811301834388,1.5405912990442914,1.45828481599629
0.5924150000000168,1.4767811301834388,1.4870355467705163,1.4708985949493487
0.5943859999999859,1.4767811301834388,1.4497914831181529,1.4225908236652292
0.5963740000000257,1.4776002989221424,1.4514097268589845,1.5496230184092545
0.5983560000000239,1.4776002989221424,1.5647445353295641,1.4269467207747417
0.600447000000031,1.4776002989221424,1.4359610079782734,1.4783481557297402
0.6023159999999734,1.4787071229571067,1.439659879431235,1.4986637632054964
0.6043010000000208,1.4787071229571067,1.5594420817609502,1.3860537947394123
0.6062730000000442,1.4787071229571067,1.4937183370697853,1.4633129776507843
0.6082530000000475,1.4784724565413074,1.503290434842527,1.480651117639301
0.6105890000000045,1.4784724565413074,1.42692848020941,1.4433232138050731
0.6122250000000236,1.4784724565413074,1.4261766724568032,1.4590309011124551
0.614197000000047,1.479481372391996,1.5674669044649134,1.5103051529688805
0.6161839999999756,1.479481372391996,1.4961929780134005,1.5383918096683296
0.6181760000000054,1.479645975246301,1.4782338568007247,1.4949390043189126
0.6202580000000353,1.479645975246301,1.4629432398825073,1.399299604148787
0.6221330000000194,1.479645975246301,1.4715930406494386,1.4508389326803148
0.6241050000000428,1.4801468184916868,1.4405108036702061,1.4475073486760717
0.6260859999999866,1.4801468184916868,1.4993669762600637,1.4184435468891
0.6280670000000441,1.4801468184916868,1.446395544491543,1.407109616836449
0.6304069999999911,1.48064709102429,1.4591752360371997,1.4914188405519995
0.6320389999999634,1.48064709102429,1.5033804039192258,1.449634752183176
0.6340109999999868,1.4807776828018853,1.5509404948981251,1.5152443988364197
0.6359920000000443,1.4807776828018853,1.5419003969235405,1.5370644305335013
0.6379870000000096,1.4807776828018853,1.4475713419117897,1.3715526107565639
0.6400810000000092,1.4807064228549742,1.4694222687865952,1.575272707045942
0.6419440000000236,1.4807064228549742,1.3951429410220524,1.5096645294134727
0.6439260000000218,1.4807064228549742,1.5111805411095856,1.5091670524093357
0.6458980000000452,1.4821793571233874,1.5182763845848481,1.5112669305190451
0.647878999999989,1.4821793571233874,1.4816135352701303,1.4743121020618
0.6502050000000281,1.4821793571233874,1.5446184557376983,1.4163146807648939
0.6518500000000245,1.481983250086756,1.450916763298683,1.4750205673143346
0.6538230000000453,1.481983250086756,1.4854458704930793,1.3392282421186388
0.6558150000000182,1.481983250086756,1.4225719833025259,1.5681411693342675
0.6577960000000189,1.482468259435293,1.4743326263520833,1.4463716232304253
0.659891000000016,1.482468259435293,1.4571439109860693,1.4944089775745995
0.6617570000000228,1.482468259435293,1.511280776680748,1.4137576649392507
0.6637279999999919,1.4830251065316982,1.46270743086175,1.5431800320182385
0.66570999999999,1.4830251065316982,1.541385407331979,1.484333491160506
0.667692000000045,1.484515951970939,1.3981890662690608,1.5415542468283872
0.6700309999999945,1.484515951970939,1.5115337967455857,1.5407235764921903
0.6716670000000136,1.484515951970939,1.3452716465176309,1.3998141429952091
0.6736349999999902,1.4851251650023551,1.4782082018550633,1.4731319301471268
0.6756170000000452,1.4851251650023551,1.5430419715819261,1.4640179418885735
0.6776070000000232,1.4851251650023551,1.4784894206004444,1.4369703053364928
0.679711999999995,1.4857978881742366,1.5454900037333263,1.526205698879304
0.6815709999999626,1.4857978881742366,1.4347320513424973,1.4839074632320286
0.6835510000000227,1.4857978881742366,1.493535112683407,1.497356221982084
0.6855219999999917,1.4865022579060763,1.4441783878135406,1.4767108880271604
0.687513000000024,1.4865022579060763,1.5591735136546825,1.4934970393846094
0.6898429999999962,1.4871094539439715,1.443387096858881,1.463805404337246
0.6914780000000178,1.4871094539439715,1.4369134996140227,1.543425774314342
0.6934480000000462,1.4871094539439715,1.549219050753095,1.5036156837264252
0.6954289999999901,1.4877215573105593,1.4235995797474736,1.4122127409313028
0.6974109999999882,1.4877215573105593,1.444951642307744,1.499909092486228
0.6995340000000283,1.4877215573105593,1.5139591920000384,1.4794414037459205
0.701391000000001,1.4884032152985385,1.4982812703734942,1.512894692049016
0.7033539999999903,1.4884032152985385,1.4519005364496658,1.4852976559665358
0.7053429999999707,1.4884032152985385,1.4813033107809983,1.4993133540005827
0.7073149999999941,1.4889535427091247,1.5770946799232026,1.516858639902363
0.7096549999999979,1.4889535427091247,1.4369152938657146,1.5505988131929662
0.7112889999999652,1.4889535427091247,1.4876478751688533,1.4912010395014796
0.7132589999999936,1.4898177535873147,1.4738140214973752,1.5010852746045846
0.7152410000000486,1.4898177535873147,1.5385490807488593,1.5761258145728492
0.7172219999999925,1.4899218429447727,1.4269826529138854,1.5195072211146712
0.7193369999999959,1.4899218429447727,1.4546319570305897,1.299290026495699
0.7212059999999951,1.4899218429447727,1.4718195097640114,1.4349543157171232
0.7231660000000488,1.490549386723877,1.4548104556330108,1.4879025410359508
0.72515199999998,1.490549386723877,1.5106597113316191,1.525464165312272
0.7271289999999908,1.490549386723877,1.523996431968244,1.5569578441858394
0.7294580000000224,1.491183343402833,1.5107634032822033,1.4071795349143457
0.7311000000000263,1.491183343402833,1.4012770596438733,1.4532970454400218
0.7330800000000295,1.4919881245776188,1.4737658815688162,1.5066646385468108
0.7350620000000276,1.4919881245776188,1.4780517368385278,1.4741534425769285
0.7370350000000485,1.4919881245776188,1.4331406803070463,1.4927993315659311
0.7391349999999761,1.4927724474309898,1.4469889685998816,1.4801129981830596
0.7410150000000044,1.4927724474309898,1.579727357558442,1.5120606839138615
0.7429839999999786,1.4927724474309898,1.531478662072905,1.575643886554038
0.7449599999999919,1.4944518571639438,1.4322320135144115,1.480663060109868
0.7469490000000292,1.4944518571639438,1.5253900211684606,1.4754276801323145
0.7492879999999786,1.4944518571639438,1.5218652044046344,1.5101802296694253
0.7509110000000305,1.4946460229336382,1.4538657461030229,1.4993784723771004
0.7528940000000262,1.4946460229336382,1.5175560625634932,1.6168784080928253
0.7548660000000496,1.4946460229336382,1.469805874625355,1.4792063934014794
0.7568459999999959,1.495773810213226,1.4031913960864004,1.5262541438775692
0.7589509999999677,1.495773810213226,1.4718257364304004,1.4654186131960791
0.7608240000000137,1.4969082548435406,1.4413570075916566,1.4788194394482284
0.7627960000000371,1.4969082548435406,1.4648310004133178,1.447975180492753
0.7647709999999961,1.4969082548435406,1.5211696546156066,1.5107055476496587
0.7667549999999892,1.497593365820214,1.521905975966544,1.432858728989992
0.7690830000000233,1.497593365820214,1.5155116194430416,1.4994302362716667
0.7707210000000373,1.497593365820214,1.5119830419357434,1.5550970416965095
0.7726970000000506,1.4983753503685981,1.4443719834038304,1.530554896955872
0.7746779999999944,1.4983753503685981,1.4580434830185243,1.4919729991278554
0.7766689999999699,1.4983753503685981,1.5558654477332317,1.5963222350336117
0.778759999999977,1.499056336496925,1.5876799183358055,1.4612672110467715
0.780633000000023,1.499056336496925,1.4982837016951802,1.5788781749363034
0.7826120000000287,1.499884722815334,1.5145643916353997,1.4659215390290463
0.7845879999999852,1.499884722815334,1.6058510725784725,1.5254758511441697
0.7865699999999833,1.499884722815334,1.4783260717218176,1.4610995174466388
0.7889030000000048,1.50050589710714,1.5085808609893876,1.5167218824695399
0.7905309999999872,1.50050589710714,1.4672192632684455,1.5639580199293697
0.7925099999999929,1.50050589710714,1.394227129588456,1.4765039253498826
0.7944910000000505,1.5014896012264722,1.4716531316672998,1.5757520087432517
0.7964779999999791,1.5014896012264722,1.5200684735676964,1.4949228318100651
0.7985879999999952,1.5014896012264722,1.4223169222787233,1.4669986263978598
0.8004339999999956,1.5021506875057853,1.5269216611741105,1.576748116668455
0.8024249999999711,1.5021506875057853,1.4372435895694453,1.4668594924533487
0.8044160000000034,1.5021506875057853,1.4710096601312233,1.4069416860263413
0.8063880000000268,1.5026338545019626,1.4926303800376313,1.4166489535448465
0.8087110000000166,1.5026338545019626,1.4562011603040734,1.5327183132635205
0.8103530000000205,1.5035345856560354,1.5048339866147404,1.457804081702061
0.8123249999999871,1.5035345856560354,1.497643508778897,1.4890578739015778
0.8143070000000421,1.5035345856560354,1.5068287270807141,1.4863399600128555
0.8162869999999884,1.5042943655971757,1.5776959915496938,1.5672719104738493
0.8183880000000272,1.5042943655971757,1.463113996279108,1.5354871703640716
0.8202499999999873,1.5042943655971757,1.5278963829940408,1.5355617822286605
0.822228999999993,1.5056814351230292,1.4680805933831467,1.5302449889288083
0.8242160000000354,1.5056814351230292,1.506187600967849,1.4883078460943926
0.8261939999999868,1.5056814351230292,1.553676284714382,1.4601206456537252
0.8285400000000323,1.506182931584702,1.5556080528216372,1.4475081490659467
0.8301639999999679,1.506182931584702,1.4830058128796517,1.5256024574851916
0.8321469999999636,1.5069921265897883,1.5524077046715576,1.4857132647209381
0.8341179999999895,1.5069921265897883,1.5211769978131064,1.5496585261400342
0.8361000000000445,1.5069921265897883,1.5130730022399872,1.4965868024096667
0.8381970000000365,1.5084522733987211,1.522280159477403,1.5360052244206346
0.8400620000000458,1.5084522733987211,1.5072661552025999,1.5907879826234546
0.8420429999999897,1.5084522733987211,1.464943058409347,1.6129218814131605
0.8440310000000295,1.508911812442617,1.5019802973066747,1.5015913125167875
0.8460070000000428,1.508911812442617,1.5804642308788475,1.541648324939768
0.84833500000002,1.508911812442617,1.477864722955677,1.4247459901750372
0.849975000000029,1.5098270868866361,1.6717054868453973,1.4564858082218806
0.8519550000000322,1.5098270868866361,1.4722853579619246,1.5150476919003177
0.8539339999999811,1.5098270868866361,1.5534851265406664,1.5481501785057623
0.8559119999999893,1.5105299479536076,1.437626226298513,1.4814603714493266
0.8580080000000407,1.5105299479536076,1.5313992768053457,1.4675571628838244
0.8598820000000273,1.5105299479536076,1.4274575265780924,1.4707563641021275
0.861851999999999,1.5113278403497463,1.5558053622664845,1.5509941206309306
0.8638369999999895,1.5113278403497463,1.51291523005296,1.5171900607855515
0.8658269999999675,1.5123071920627635,1.562062163623839,1.5287412374690659
0.868155999999999,1.5123071920627635,1.4521993355942002,1.5269811869552135
0.8697840000000383,1.5123071920627635,1.5223073584797353,1.5394097163496674
0.8717579999999998,1.5128027517611669,1.5435456894885213,1.5122538681334683
0.873739999999998,1.5128027517611669,1.5431061611017556,1.53040097712675
0.8757219999999961,1.5128027517611669,1.4683980410347066,1.5295627768375197
0.8778199999999856,1.5131656690639905,1.5205620740093815,1.4202273283115476
0.8796849999999949,1.5131656690639905,1.4876301915085501,1.5427298269368874
0.881672999999978,1.5140799390297952,1.5241055924869473,1.5238869101211943
0.8836500000000456,1.5140799390297952,1.4306095396415173,1.5173608549027675
0.8856320000000437,1.5140799390297952,1.5881804910719914,1.4641922863244132
0.8879530000000386,1.514950138478812,1.4846918984492032,1.4985252736962185
0.8895899999999983,1.514950138478812,1.5392500912326283,1.508246319158389
0.891570999999999,1.514950138478812,1.456877972732979,1.4012242517932016
0.8935519999999997,1.51601063902047,1.4328983045342825,1.5140776452627356
0.8955389999999852,1.51601063902047,1.5495376626798032,1.5078532793476234
0.8976470000000063,1.51601063902047,1.5484525591618603,1.5370892157172165
0.8994999999999891,1.5175083591409786,1.5600867047857307,1.5028521102094052
0.9014779999999973,1.5175083591409786,1.535414945669803,1.5041139484102584
0.9034650000000397,1.5175083591409786,1.576499008717738,1.5151399068470304
0.9054459999999835,1.517955024039065,1.535157385289806,1.4294611338141674
0.9077760000000126,1.517955024039065,1.4718603734361029,1.4835796527992096
0.9094120000000316,1.5188500938966984,1.6390702567134088,1.5242551450778736
0.9113930000000323,1.5188500938966984,1.4771437816940305,1.4487055207113229
0.9133649999999989,1.5188500938966984,1.5609854960949945,1.5106142755735839
0.915346999999997,1.5198955235478038,1.5448180588550615,1.4822268667728333
0.917445999999984,1.5198955235478038,1.5729525259889283,1.4761052006175126
0.9193089999999984,1.5198955235478038,1.5152032178856871,1.5467422391361145
0.9212890000000016,1.5208631136276591,1.5376773605397063,1.4546151346885976
0.9232779999999821,1.5208631136276591,1.4895077061646849,1.4930727475755579
0.9252619999999752,1.5218041082844513,1.5508232749013522,1.4365996805648844
0.9275900000000092,1.5218041082844513,1.4576215284373175,1.495796733279948
0.9292149999999992,1.5218041082844513,1.5853038220851223,1.4201593004095505
0.9311959999999999,1.5224545663858084,1.6400112871706871,1.526255125814815
0.9331770000000006,1.5224545663858084,1.5775221484844493,1.5735476953661407
0.9351580000000013,1.5224545663858084,1.4187934914575417,1.5074485303291887
0.9372570000000451,1.5234877086490421,1.4968914971102345,1.5289620739008678
0.9391259999999875,1.5234877086490421,1.572596795265597,1.4804956324696747
0.9411029999999982,1.5234877086490421,1.467641273583317,1.4902945147813518
0.943082000000004,1.5242475558151742,1.456911502125037,1.5466207578819673
0.9450649999999996,1.5242475558151742,1.5311892303684822,1.4786939164344088
0.9474270000000047,1.5246503725034406,1.5007484665352018,1.4761662402203395
0.9490260000000035,1.5246503725034406,1.497921193617023,1.4188655141418192
0.9510200000000282,1.5246503725034406,1.4548434826801004,1.4689162066397534
0.9529939999999897,1.5254082496419685,1.6101344129982595,1.4934810939501053
0.9549710000000005,1.5254082496419685,1.4765458171128027,1.442152783970738
0.9570699999999874,1.5254082496419685,1.503872130847721,1.5163459826465873
0.9589430000000334,1.5254082496419685,1.5463681077118383,1.5361301514391519
0.9609140000000025,1.5262930729984512,1.5148502439051226,1.4831371615870084
0.9628960000000006,1.5262930729984512,1.5023291148155,1.5228060469346576
0.964883000000043,1.526729770684528,1.5736472452109378,1.498096023143676
0.9672300000000291,1.526729770684528,1.5450734533480606,1.5964364069924608
0.96884799999998,1.526729770684528,1.5428947434426732,1.4397831835515174
0.9708200000000033,1.527728575937466,1.5066324982518429,1.5656301825843193
0.9728020000000015,1.527728575937466,1.462067491205726,1.541240869822484
0.9747939999999744,1.527728575937466,1.584953456710392,1.471422640443078
0.9768809999999917,1.528818195870716,1.4925770039760469,1.5222343888692509
0.9787509999999884,1.528818195870716,1.4604926601767463,1.5363118176381205
0.9807279999999992,1.5296325273968865,1.5112300823211506,1.5825592598876348
0.9827080000000592,1.5296325273968865,1.5259766640244725,1.5390477780660239
0.984689000000003,1.5296325273968865,1.4588941244228835,1.4418700483571498
0.9870270000000119,1.5306228414019858,1.5080772100638415,1.5316087287216293
0.9886540000000537,1.5306228414019858,1.529595052137391,1.5644349516459781
0.9906430000000341,1.5306228414019858,1.4658292704513152,1.6277806897055616
0.9926179999999931,1.531635785311727,1.5870148319477988,1.488254992089525
0.9945960000000014,1.531635785311727,1.4664069695923798,1.6140877195136887
0.9967090000000098,1.531635785311727,1.5638907694239659,1.5362020408347734
0.9985580000000027,1.5327526149354842,1.5402254367677688,1.4418549204470819
1.0005400000000577,1.5327526149354842,1.6596566642488422,1.6101065752734725
1.0025310000000331,1.5331437122053504,1.536047359223745,1.491192851587119
1.004502000000059,1.5331437122053504,1.4628916374009984,1.5722516030363627
1.0068280000000414,1.5331437122053504,1.4696522762925193,1.480027879829837
1.008470999999986,1.5341287125904277,1.5180993655577453,1.5890212808546054
1.0104440000000068,1.5341287125904277,1.4092890980110486,1.5455711614370664
1.0124270000000024,1.5341287125904277,1.4665257559255618,1.5013023576016722
1.014408000000003,1.5352368858188814,1.566376549514433,1.4900526510845495
1.0165080000000444,1.5352368858188814,1.6433835601026963,1.4993467591441032
1.0183710000000588,1.5352368858188814,1.5300856414983783,1.4960433626489271
1.0203510000000051,1.5351577165895602,1.4821102341048142,1.4525174965725163
1.02233300000006,1.5351577165895602,1.5865873677886708,1.4731716394486558
1.0243199999999888,1.5351577165895602,1.6003877764924959,1.6342356774417994
1.0266560000000027,1.5362007876795971,1.5134950271980403,1.5135200748782776
1.0282799999999952,1.5362007876795971,1.5674117538332035,1.546994489193723
1.0302599999999984,1.537301547889715,1.6025821094911852,1.505753357256956
1.032244999999989,1.537301547889715,1.553820220409177,1.592251988364906
1.0342200000000048,1.537301547889715,1.5027688267381232,1.5771294656341242
1.0363189999999918,1.5383891796055993,1.512242967249563,1.5096768368526017
1.0381849999999986,1.5383891796055993,1.4767186924181115,1.4945482041589766
1.0401640000000043,1.5383891796055993,1.499153548232968,1.4785355336572883
1.0421440000000075,1.5391349286588893,1.5702665922351635,1.4966120181870222
1.044134999999983,1.5391349286588893,1.5280672016958659,1.5648750513552014
1.0464629999999602,1.5391349286588893,1.4630098707524295,1.5170679760757142
1.0480950000000462,1.5399936273360515,1.557065679012389,1.4962855223639795
1.0500769999999875,1.5399936273360515,1.5951015089519665,1.5036295388082084
1.052062000000035,1.5399936273360515,1.531099971858701,1.6010495169333823
1.0540420000000381,1.540668913871217,1.536522916457758,1.5141551551751358
1.0561320000000478,1.540668913871217,1.614199617751419,1.5652987646034084
1.0579950000000053,1.5417953202414683,1.600537583747001,1.5561057852650308
1.059976000000006,1.5417953202414683,1.5691049711318916,1.5461143624037221
1.061958000000061,1.5417953202414683,1.6130073583947238,1.5133068436032364
1.0639380000000074,1.5428682655689674,1.6016026128604002,1.6061518074223537
1.0662829999999985,1.5428682655689674,1.5370274633199699,1.5652428312889581
1.0679010000000062,1.5428682655689674,1.562247744331089,1.5329525003532665
1.0698880000000486,1.5439309625542463,1.550023515553153,1.506060226962041
1.0718699999999899,1.5439309625542463,1.6429137094455952,1.5023967229948767
1.073853999999983,1.5444216988128796,1.5659967865365525,1.6032296073080563
1.0759540000000243,1.5444216988128796,1.5621811458453465,1.5822502618216738
1.077807000000007,1.5444216988128796,1.6380160230036358,1.6357226326489998
1.0797890000000052,1.5461249996797803,1.554822952742002,1.5581437482974632
1.081770000000006,1.5461249996797803,1.5294300884379828,1.572761181086156
1.0837599999999838,1.5461249996797803,1.4381392207404124,1.4315864290058118
1.086086000000023,1.5464180233929885,1.5249928621615756,1.5743766364133887
1.0877140000000054,1.5464180233929885,1.5560273993064073,1.5924554081516715
1.089700999999991,1.5464180233929885,1.595606984727153,1.6177552371192878
1.0916820000000484,1.5479076765963826,1.5475991108782827,1.4240271285387178
1.0936629999999923,1.5479076765963826,1.5047809086668391,1.4631560222025013
1.0957710000000134,1.5479076765963826,1.5677976931978332,1.5755998282868786
1.0976289999999835,1.548458889312416,1.4601735679666747,1.5577775327006145
1.099601000000007,1.548458889312416,1.6133809538906438,1.4734223868603524
1.1015820000000076,1.5488934448590115,1.6205559015802293,1.5700326200768666
1.1035640000000058,1.5488934448590115,1.4612728333331673,1.533723134977522
1.105903000000012,1.5488934448590115,1.5066776667296882,1.5044686827881104
1.1075400000000286,1.549587832575559,1.5672602220214504,1.498630285165303
1.1095119999999952,1.549587832575559,1.6376986419201278,1.5079055063878264
1.111489000000006,1.549587832575559,1.5469993025471038,1.5082763669027346
1.1134690000000091,1.5505693610375697,1.5701118135777117,1.4671348225148515
1.1155689999999936,1.5505693610375697,1.56327946314051,1.6369283245367292
1.1174420000000396,1.5505693610375697,1.4729644204984227,1.6260613083032822
1.1194169999999986,1.5514930187853166,1.534484600235131,1.6056634828612522
1.1213950000000068,1.5514930187853166,1.513576879635061,1.543339004892562
1.1233839999999873,1.5514930187853166,1.5632640259953767,1.5073514887694113
1.1257040000000416,1.5521854187904152,1.5180401257901173,1.4627113101032934
1.1273380000000088,1.5521854187904152,1.5538160294028094,1.5857325846734336
1.129320000000007,1.55330544314513,1.5507053812454503,1.5338458024306745
1.1313149999999723,1.55330544314513,1.554837949307091,1.639176909803737
1.1332820000000083,1.55330544314513,1.6067073311685336,1.5555042263477397
1.1353820000000496,1.554434848306264,1.573751557608586,1.55452777071945
1.1372440000000097,1.554434848306264,1.5422284973301736,1.5063133153216748
1.139235000000042,1.554434848306264,1.5793047985999666,1.6439414543509747
1.141206000000011,1.5554681331759774,1.528416800668201,1.4459663750263119
1.1431970000000433,1.5554681331759774,1.5016771041660126,1.5542646816018493
1.145524000000023,1.556599540024136,1.6102888340899648,1.5169075419548566
1.147151000000008,1.556599540024136,1.523719492522577,1.599940275276124
1.1491419999999835,1.556599540024136,1.5060227758024702,1.5558933664984125
1.1511169999999993,1.5570485009828756,1.6330093538089854,1.5143045624076257
1.1530930000000126,1.5570485009828756,1.6010058144136978,1.5678876795310626
1.155192999999997,1.5570485009828756,1.5478501659560049,1.6187387861865146
1.1570610000000556,1.5582972763810785,1.60293753019347,1.57414756210169
1.1590380000000096,1.5582972763810785,1.5350690962761537,1.5892283573369528
1.1610190000000102,1.5582972763810785,1.5823886536551015,1.6091719119148846
1.1630059999999958,1.5584415431053809,1.5612323423474443,1.5389534885056366
1.1653330000000324,1.5584415431053809,1.5402716979950226,1.6411970323987257
1.1669729999999845,1.5584415431053809,1.5714089168378362,1.5560593205523994
1.168943000000013,1.560124654757556,1.5041442136008871,1.5556144556902933
1.1709390000000326,1.560124654757556,1.5315970251354356,1.6576328021967273
1.1729220000000282,1.5608608762936735,1.4583048780709356,1.548575002916645
1.1750059999999962,1.5608608762936735,1.544545299580074,1.5944968852047157
1.1768690000000106,1.5608608762936735,1.57356653928222,1.4732736092766279
1.1788490000000138,1.5614758023736202,1.4893532775289793,1.4911400550201286
1.1808320000000094,1.5614758023736202,1.580521175892478,1.611438594754256
1.18281300000001,1.5614758023736202,1.4516054769295437,1.5292017380308167
1.185149000000024,1.5627977017948311,1.5333494205537639,1.5981806310435154
1.186785000000043,1.5627977017948311,1.5578485152302315,1.6324262763420845
1.1887570000000096,1.5627977017948311,1.5617099839323914,1.5069753303800695
1.1907439999999951,1.5636538682269132,1.57527081166621,1.6858917235513293
1.1927220000000034,1.5636538682269132,1.4807558571244026,1.5159612205638346
1.1948340000000144,1.5636538682269132,1.5719566615850407,1.5827462966590486
1.1966810000000123,1.564175507746374,1.5981795993805326,1.6205281201598605
1.198664000000008,1.564175507746374,1.541814530148607,1.5816432847568818
1.2006440000000111,1.565402625804261,1.5533504559744253,1.5994138929921964
1.2026250000000118,1.565402625804261,1.4933390690150856,1.5332118767629708
1.204956999999979,1.565402625804261,1.6084775416276018,1.5478521468407667
1.2065860000000157,1.566789991727896,1.5033051683022218,1.5856990973957694
1.2085690000000113,1.566789991727896,1.6207096560567489,1.6007556496501687
1.2105499999999552,1.566789991727896,1.6765184751991717,1.5022000765514345
1.2125369999999975,1.5680048800926218,1.5430233002147724,1.5944389657573903
1.2146430000000237,1.5680048800926218,1.5293534225158516,1.5419113726113136
1.2165030000000456,1.5680048800926218,1.5586472219166188,1.5329535461748625
1.2184750000000122,1.5690708736048182,1.6187750099395004,1.6333369613246098
1.2204590000000053,1.5690708736048182,1.5233677544615558,1.559423092500887
1.2224390000000085,1.5690708736048182,1.4615842564736081,1.567865932482101
1.224774000000025,1.570314318654993,1.6266695954660837,1.5953248649707834
1.2264020000000073,1.570314318654993,1.5712889024659902,1.600536460340411
1.2283930000000396,1.571647466349828,1.5600545583954593,1.5700603415467567
1.2303650000000061,1.571647466349828,1.5741856253061766,1.5715532688790013
1.2323529999999892,1.571647466349828,1.530376925028985,1.5326242621330977
1.234454000000028,1.5723510842110466,1.5624480150855935,1.582123291848225
1.2363080000000082,1.5723510842110466,1.585142128543142,1.587817191648813
1.2382989999999836,1.5723510842110466,1.596340367026915,1.6226448709219379
1.240269000000012,1.573240472889721,1.5745268653265643,1.6315127864458205
1.2422530000000052,1.573240472889721,1.452166147388569,1.5410154171585622
1.2445850000000291,1.574436372167842,1.5577872130194308,1.6267123997346167
1.246216000000004,1.574436372167842,1.5763919027431437,1.5217420565377942
1.2481960000000072,1.574436372167842,1.5805794166626501,1.5877717371905518
1.2501770000000079,1.5759432094387784,1.553867998891686,1.6350358543661043
1.2521590000000629,1.5759432094387784,1.6733625899867461,1.6414015002092897
1.2542640000000347,1.5759432094387784,1.5529630338170883,1.6029639999520056
1.2561210000000642,1.5768384024700606,1.5985130975844866,1.6347693142778226
1.258104000000003,1.5768384024700606,1.5529948833277176,1.597423926579108
1.2600820000000112,1.5768384024700606,1.5997595193087133,1.5528307638167478
1.2620620000000145,1.5775966037093117,1.5029680005794959,1.6391431830453735
1.2644040000000132,1.5775966037093117,1.6524265057581835,1.4596804217029993
1.2660250000000133,1.5775966037093117,1.5936511388813333,1.6052148138234499
1.2680050000000165,1.5792547049446504,1.5520512432983489,1.557883728441278
1.2699890000000096,1.5792547049446504,1.5584332023264427,1.5803793987311503
1.2719769999999926,1.5805185453591384,1.5428921932818216,1.6974584757225546
1.274076999999977,1.5805185453591384,1.5620110650205958,1.612905470346353
1.2759379999999965,1.5805185453591384,1.5787523882514436,1.5508318460885158
1.2779120000000148,1.581742808377697,1.5529302605084527,1.4918014477071995
1.2799029999999902,1.581742808377697,1.6177484160376854,1.54124095526075
1.2818740000000162,1.581742808377697,1.6921347989026074,1.6288360884459068
1.2841999999999985,1.5830191828766618,1.5710951417962875,1.559425601066814
1.2858459999999923,1.5830191828766618,1.4707965202285116,1.576921464502879
1.2878190000000131,1.5830191828766618,1.564977396361572,1.5683777533066565
1.2897980000000189,1.5843802776859317,1.5784001578820617,1.5375561566406635
1.2917900000000486,1.5843802776859317,1.6214955709121857,1.6750187338366496
1.2938950000000204,1.585650967749012,1.5494842411817342,1.5964355644406325
1.2957480000000032,1.585650967749012,1.5503739707544937,1.6071720292728018
1.297725000000014,1.585650967749012,1.5490900422028473,1.6773465452880083
1.2997060000000147,1.5864864654654922,1.521478835937919,1.5777082857428462
1.3016870000000154,1.5864864654654922,1.4966908276750506,1.5637631369138851
1.3040230000000292,1.5864864654654922,1.5900252667785302,1.5894581249465494
1.3056490000000167,1.5880282908363528,1.5148881033395425,1.520315863612418
1.3076310000000149,1.5880282908363528,1.5720994264492403,1.59903624508203
1.3096220000000471,1.5880282908363528,1.619936930769615,1.5854414054405233
1.3115920000000187,1.589163286122369,1.542626078373543,1.5786097914234205
1.31369200000006,1.589163286122369,1.645647826392774,1.643226933390783
1.315569000000039,1.589163286122369,1.5518874499840771,1.5991283955666376
1.3175360000000182,1.5908472640266906,1.5140152432717293,1.6068645396286543
1.3195180000000164,1.5908472640266906,1.5692890233270467,1.6088395258181514
1.321499000000017,1.5922087815273176,1.6086025540004127,1.6136240112317648
1.3238259999999968,1.5922087815273176,1.6315561723283656,1.5797512353178083
1.325462000000016,1.5922087815273176,1.6105187667634737,1.5149544518371698
1.327442000000019,1.593362740527263,1.680941815414641,1.5513322016363182
1.3294240000000173,1.593362740527263,1.602527108077749,1.5785007330207907
1.331405000000018,1.593362740527263,1.5663830953512272,1.6268042439346704
1.333504000000005,1.5946481744719543,1.5914223447071818,1.6149745542166447
1.3353720000000067,1.5946481744719543,1.529165040616776,1.661825143854097
1.337350000000015,1.5946481744719543,1.636034225915516,1.5976328755603737
1.3393300000000181,1.5962906263414616,1.526601000849671,1.727597113285296
1.3413209999999935,1.5962906263414616,1.5440846226040261,1.6573461329820993
1.3436480000000302,1.5978704594142046,1.5906302445660603,1.562698243666256
1.3452740000000176,1.5978704594142046,1.5499570005957077,1.5912256761311117
1.347264999999993,1.5978704594142046,1.6160976068264783,1.5739053234119573
1.3492400000000089,1.5995238504413143,1.6136470330423474,1.6333730134033047
1.3512179999999603,1.5995238504413143,1.6354193671172617,1.6281991089192864
1.353317000000061,1.5995238504413143,1.6280707593236357,1.6341199751728113
1.3551899999999932,1.6008144950061098,1.6117332163240254,1.5010325446284825
1.357168999999999,1.6008144950061098,1.596469745997575,1.562510726594816
1.3591430000000173,1.6008144950061098,1.635665384306551,1.55203943456707
1.3611320000000546,1.601970125402203,1.60175441559247,1.6066895857803887
1.3634549999999876,1.601970125402203,1.671780793945229,1.5507520369028898
1.365097999999989,1.601970125402203,1.6465201134379135,1.5711760117411517
1.36706700000002,1.6034288169996886,1.589650142545017,1.5408062978118804
1.3690490000000182,1.6034288169996886,1.662659935075435,1.611383720482354
1.3710300000000188,1.6047512939014486,1.6798038696251012,1.6954475270481606
1.3731290000000058,1.6047512939014486,1.7106176856173523,1.6426401491788547
1.3749920000000202,1.6047512939014486,1.6613994996935126,1.6561744880256188
1.37698000000006,1.6063372518932035,1.5528690763746147,1.7078470337848772
1.3789540000000216,1.6063372518932035,1.558413109981996,1.6472787047445985
1.380944999999997,1.6063372518932035,1.5537714124078028,1.6310056133905222
1.383277000000021,1.608269704047906,1.6585175732771449,1.5207672148514855
1.3848990000000185,1.608269704047906,1.7352761582037235,1.6575932142534413
1.386889999999994,1.608269704047906,1.626530494253847,1.5838259357521285
1.3888610000000199,1.6101433270651557,1.6122597123346638,1.6307165646296615
1.3908420000000206,1.6101433270651557,1.6352668882147425,1.6487153198627882
1.3929410000000075,1.6110549854892555,1.6394969674163375,1.60146071858623
1.3948070000000143,1.6110549854892555,1.674338672909681,1.616228353529906
1.39679000000001,1.6110549854892555,1.5817438344841528,1.5313916924487652
1.398766999999964,1.6127403317177262,1.635599807690661,1.5555922806058007
1.400750999999957,1.6127403317177262,1.6536332506474996,1.613337126258401
1.4030769999999961,1.6127403317177262,1.6253863371238606,1.5129249316170794
1.404719000000057,1.6147685872610866,1.5366327394319088,1.6975013312564022
1.406692000000021,1.6147685872610866,1.5206024011706525,1.6069170465287828
1.4086810000000582,1.6147685872610866,1.545756293371769,1.6315197242336061
1.4106550000000198,1.6162429780156837,1.6716649163822013,1.5400850544555715
1.4127540000000067,1.6162429780156837,1.6949518102838013,1.5798550024191067
1.414617000000021,1.6181108022914057,1.5630995102672396,1.6011041741700112
1.416606999999999,1.6181108022914057,1.6588181586190924,1.5170648243001519
1.4185790000000225,1.6181108022914057,1.5163198569828007,1.634270543141571
1.4205610000000206,1.619870425257431,1.5888857034083876,1.6788544977773059
1.422898000000032,1.619870425257431,1.638340990713199,1.6184736422675272
1.424523000000022,1.619870425257431,1.661834843464122,1.6240478354637666
1.4265040000000226,1.6212225703436272,1.5873992932420444,1.6104934298990674
1.4284860000000208,1.6212225703436272,1.6159466701239769,1.5791246024718064
1.4304670000000215,1.6212225703436272,1.6177314684768702,1.62226233665764
1.4325739999999882,1.6223245787315559,1.555578116119728,1.6273003680631124
1.4344290000000228,1.6223245787315559,1.6748419730427428,1.6492306924714923
1.4364150000000109,1.6223245787315559,1.6319811713712769,1.580016499414713
1.4383980000000633,1.6240407924166815,1.5841612801017133,1.6225657446771138
1.4403720000000249,1.6240407924166815,1.6208257494058602,1.5963507193442636
1.4426990000000046,1.625729706444116,1.6806970808318866,1.608405085094204
1.4443360000000212,1.625729706444116,1.5854852799936343,1.6408300303890453
1.4463170000000218,1.625729706444116,1.5682561271578015,1.5139471059292833
1.448297000000025,1.6271987796575855,1.5718767432202874,1.6769703862164682
1.450288999999998,1.6271987796575855,1.7472830054650643,1.641698563003771
1.45238599999999,1.6271987796575855,1.6716409731039412,1.6922838588990916
1.4542410000000245,1.629499529491055,1.5805846832796255,1.5116207196683327
1.4562290000000075,1.629499529491055,1.6351244063820054,1.6716966460142133
1.4582200000000398,1.629499529491055,1.6421672483220064,1.5787553474933693
1.4601840000000266,1.6307465207072729,1.6336242333826891,1.672426308969655
1.4625230000000329,1.6307465207072729,1.6022118003223296,1.670497031023791
1.4641570000000002,1.6307465207072729,1.5609846382658636,1.7206870494684139
1.466128000000026,1.6323290431216428,1.5960365007397548,1.6517939863408992
1.4681100000000242,1.6323290431216428,1.60664470945689,1.5288680722457029
1.4700920000000224,1.6341958403831651,1.675578092793312,1.6082493167945193
1.4721910000000094,1.6341958403831651,1.642720533890091,1.6544511564395814
1.4740540000000237,1.6341958403831651,1.6620099766259544,1.6372989096765636
1.476034000000027,1.6361870571911072,1.5798852551874194,1.5808971074823268
1.4780169999999657,1.6361870571911072,1.6236355432417346,1.6701587311496178
1.4800070000000574,1.6361870571911072,1.6888699760476722,1.7633116969378981
1.4823390000000245,1.6380364604685498,1.574298011829042,1.6426574450755729
1.4839620000000195,1.6380364604685498,1.7225626739009758,1.6923499211941304
1.485951,1.6396444014383327,1.6453217572058327,1.6554080061021301
1.4879230000000234,1.6396444014383327,1.6720228256443166,1.5965247832166387
1.489904000000024,1.6396444014383327,1.5444143761273739,1.5712131269812983
1.492003000000011,1.641455681795892,1.677567435964332,1.652248388043005
1.4938680000000204,1.641455681795892,1.5980004496959053,1.6519378639605955
1.4958479999999668,1.641455681795892,1.6451929766170355,1.6222886582313603
1.4978280000000268,1.6429148158159452,1.583074995606458,1.6446367361468697
1.4998160000000098,1.6429148158159452,1.6931569406384896,1.5894870661850067
1.5021679999999833,1.644409190760249,1.5916449586436814,1.6404762612824701
1.5037770000000137,1.644409190760249,1.6680477795770945,1.6452022511127147
1.5057540000000245,1.644409190760249,1.662559391875213,1.6099025229240156
1.5077489999999898,1.644409190760249,1.658023142696155,1.5874898777430926
1.5097150000000283,1.6457050448166894,1.6367398683919443,1.5806589893837024
1.5118150000000128,1.6457050448166894,1.6732796813967672,1.7499738490984316
1.5136790000000246,1.6470584550126495,1.6442147655083255,1.5896235631574356
1.5156630000000177,1.6470584550126495,1.6338347798967612,1.6541583352900304
1.5176409999999692,1.6470584550126495,1.6840475853469878,1.6867805993838607
1.5196339999999964,1.6491179465133472,1.7517385758695694,1.7053470929502699
1.521962999999971,1.6491179465133472,1.6477331835127242,1.7509236684829859
1.5235850000000255,1.6491179465133472,1.5826685800086921,1.5819394013044779
1.5255649999999719,1.6504802160894172,1.6367876658367309,1.6466241646993693
1.5275570000000016,1.6504802160894172,1.6824089754946332,1.6015030797429768
1.529533000000015,1.6504802160894172,1.6327982020611058,1.6621004889187254
1.5316369999999893,1.6521405999485443,1.5802431454065664,1.6098352424608413
1.5334910000000264,1.6521405999485443,1.6648921678001676,1.6547043128038272
1.5354810000000043,1.6521405999485443,1.6421509991469656,1.6014179265207875
1.5374530000000277,1.653375844530787,1.6219886710687847,1.5931504918428383
1.5394380000000183,1.653375844530787,1.6672347207911005,1.605036121077717
1.5417850000000044,1.6552770644777672,1.7002612598517353,1.595136284541745
1.5434060000000045,1.6552770644777672,1.6345825907068887,1.6715543046084338
1.545378000000028,1.6552770644777672,1.6959322836851742,1.6374320986988573
1.547360000000026,1.6568204759675027,1.662247027556038,1.6631038462008547
1.5493410000000267,1.6568204759675027,1.6065887579174263,1.5785204778164141
1.5514400000000137,1.6568204759675027,1.5600213165207415,1.6655924362157746
1.5533020000000306,1.6588217247060166,1.6703064160193295,1.63810140564971
1.5552870000000212,1.6588217247060166,1.65599372974421,1.7232879832780448
1.55726599999997,1.6607864866494773,1.6251008013220114,1.7600000601227517
1.5592550000000074,1.6607864866494773,1.631159051641215,1.6822715599316254
1.5615920000000187,1.6607864866494773,1.6023282589504546,1.697642472758493
1.5632110000000239,1.6622621919270242,1.6755876522312083,1.6465880135884015
1.5652000000000044,1.6622621919270242,1.6095889575279834,1.6776432769385772
1.5671720000000278,1.6622621919270242,1.6485529919137767,1.6441835757518566
1.5691529999999716,1.663841299921116,1.640034659783766,1.6686808394228723
1.5712520000000154,1.663841299921116,1.5887743826435832,1.6467504356914728
1.5731270000000563,1.663841299921116,1.6943497344886072,1.6780002304147612
1.575099000000023,1.6656759286772418,1.6570927037348775,1.6886145313917276
1.577083000000016,1.6656759286772418,1.784846340482075,1.6709858426601214
1.5790610000000243,1.6666725598069223,1.623560011313953,1.6775078966709234
1.5814169999999876,1.6666725598069223,1.756076958803365,1.7540798171947967
1.583026000000018,1.6666725598069223,1.669418117802864,1.6629804988576757
1.585014000000001,1.6666725598069223,1.6429526157212657,1.705254038426736
1.5869890000000169,1.668230064135371,1.618920283060384,1.6583632504663117
1.5889660000000276,1.668230064135371,1.6015787604698215,1.7066087980233802
1.5910780000000386,1.669634598807834,1.6374761098946748,1.717672038865919
1.5929340000000138,1.669634598807834,1.6326792879236844,1.720910586556694
1.5949090000000297,1.669634598807834,1.6486013617554032,1.7111394047103083
1.5968890000000329,1.671030403326119,1.6343841146355313,1.7309702490188776
1.5988810000000058,1.671030403326119,1.7156823524017344,1.6247786115940717
1.6012230000000045,1.671030403326119,1.6167581013578562,1.6194103072911834
1.6028330000000324,1.6732821966089124,1.6359635891533009,1.7377649414508025
1.6048220000000128,1.6732821966089124,1.660329658340808,1.6282233447811647
1.6068010000000186,1.6741144053873034,1.6327228568424565,1.684125170508332
1.6087779999999725,1.6741144053873034,1.7209651586705137,1.7350278552729261
1.6108899999999835,1.6741144053873034,1.6275854608760523,1.6638879080114315
1.612749000000008,1.67577467229264,1.6592301796650943,1.6508147355082325
1.6147220000000289,1.67577467229264,1.6555261202050156,1.6193614298750718
1.6167030000000295,1.67577467229264,1.6559578912292392,1.692783004081703
1.618690000000015,1.6775010218426472,1.7835945414148207,1.6857469699840535
1.621042999999986,1.6775010218426472,1.7391741201150097,1.7578651794519822
1.6226629999999886,1.6775010218426472,1.7014148498182464,1.6998840257422516
1.6246309999999653,1.6794939129072606,1.6925159998274097,1.7551012533253698
1.6266200000000026,1.6794939129072606,1.7702153961454257,1.7368791152255065
1.6286029999999982,1.6806627757705805,1.6701910958397927,1.72356619449908
1.6306989999999928,1.6806627757705805,1.664098172052631,1.6384842056478806
1.6325570000000198,1.6806627757705805,1.6752944158444745,1.7546180779131015
1.6345460000000003,1.6823903997544474,1.6740877961503688,1.6469836945214238
1.6365180000000237,1.6823903997544474,1.6956497134963089,1.6687247896271349
1.6384990000000244,1.6823903997544474,1.6837864677564844,1.6517242231623215
1.6408420000000206,1.6841788789046312,1.5748944908633844,1.6997363108033294
1.642468000000008,1.6841788789046312,1.6951677969181582,1.6489390135882291
1.6444430000000239,1.6841788789046312,1.7059077959752509,1.6039262412136048
1.6464220000000296,1.6860184684667863,1.7071012747761602,1.8321803254806635
1.6484159999999974,1.6860184684667863,1.651017044671566,1.6225513138866265
1.6505159999999819,1.6869801013416361,1.6155331257484151,1.7556527013994778
1.6523690000000215,1.6869801013416361,1.7422950642780022,1.7412327855829213
1.6543550000000096,1.6869801013416361,1.6682101042850968,1.718798388289776
1.6563350000000128,1.688201914185229,1.6640301928009746,1.6800238517778796
1.658311000000026,1.688201914185229,1.6567659325882973,1.6227754295455477
1.6606580000000122,1.688201914185229,1.7119528591333528,1.7016416906111707
1.662285000000054,1.6894981590715412,1.7337585181516286,1.7536160941192458
1.6642530000000306,1.6894981590715412,1.7083299980643463,1.725102038276009
1.6662370000000237,1.6894981590715412,1.7066126634078393,1.6969492717207535
1.6682160000000295,1.6909093135900686,1.6712270268581129,1.7756402437328733
1.6703280000000404,1.6909093135900686,1.6675665143412481,1.7329482142591823
1.672179999999969,1.6909093135900686,1.6702815154302064,1.684877449239974
1.674160000000029,1.6919795113959097,1.7102925239916837,1.7321375144162205
1.676150000000007,1.6919795113959097,1.6632763127453905,1.691282596335946
1.6781259999999634,1.6937671697469825,1.7204984705329505,1.624734751104313
1.6804670000000215,1.6937671697469825,1.7238778968402764,1.8129428676929145
1.6820900000000165,1.6937671697469825,1.7260046493839225,1.7263964222510213
1.6840649999999755,1.6952161979360245,1.6736930212977386,1.567032780461945
1.6860489999999686,1.6952161979360245,1.6514651579650916,1.7451008775480046
1.6880269999999769,1.6952161979360245,1.6952314850439751,1.7649416139396552
1.6901450000000295,1.6961524436120055,1.6717801528451195,1.7418223037714367
1.6919899999999757,1.6961524436120055,1.6646854069667762,1.766444546198313
1.6939710000000332,1.6961524436120055,1.682011720476503,1.7281682803915925
1.6959580000000187,1.6981286854174327,1.7273421890343,1.6676701486372238
1.6979339999999752,1.6981286854174327,1.6550873691639283,1.7233382510271753
1.700290999999993,1.7001234366687805,1.7834768905557807,1.7769948329393845
1.7018980000000283,1.7001234366687805,1.7256796289780405,1.7680498413969756
1.7038809999999671,1.7001234366687805,1.6767012830321346,1.6484245020661537
1.7058620000000246,1.7013827916140285,1.7368220135713794,1.7771223414905688
1.7078400000000329,1.7013827916140285,1.6568322801037627,1.6852953682863092
1.7099569999999744,1.7013827916140285,1.7090467550680528,1.6968659018262888
1.7118130000000065,1.703276651884634,1.724795710139388,1.7087095283554892
1.7137840000000324,1.703276651884634,1.7357094896922194,1.8083515763124534
1.715765000000033,1.703276651884634,1.6960244346733468,1.6340182529885343
1.7177540000000135,1.704273423462567,1.6501895747606008,1.6882849808365186
1.720092999999963,1.704273423462567,1.7035747651419433,1.7417102713841055
1.7217269999999871,1.704273423462567,1.7651789557972701,1.7136587180969372
1.723698000000013,1.7063666591736275,1.6725669114419326,1.7147806198572382
1.725671000000034,1.7063666591736275,1.670917822444523,1.765328639083687
1.7276579999999626,1.7063666591736275,1.6942093668209084,1.6430474794510166
1.7297700000000304,1.7080200898970554,1.7362002267262717,1.68744368106204
1.7316240000000107,1.7080200898970554,1.653012365777806,1.854998262727197
1.733596000000034,1.7088608152871507,1.6780112362926731,1.6682259002975093
1.735576999999978,1.7088608152871507,1.657730806916881,1.7269006926273927
1.7375580000000355,1.7088608152871507,1.7769388589172606,1.6966913685713543
1.739908000000014,1.7103535479024063,1.6634372769963643,1.6249622903753365
1.7415200000000368,1.7103535479024063,1.7160547514848223,1.6676963470102326
1.743519000000049,1.7103535479024063,1.6767956036302478,1.6685090539839196
1.7454890000000205,1.7114153892057953,1.7304040572604513,1.7670152390344587
1.7474640000000363,1.7114153892057953,1.758660893797876,1.6747740166285239
1.7495790000000397,1.7114153892057953,1.7025424397678142,1.7805725925083686
1.7514280000000326,1.7122285181509205,1.7498246584945054,1.6832741340208217
1.7534090000000333,1.7122285181509205,1.7408124202142459,1.7441188868101678
1.7553890000000365,1.7144165089391825,1.726087570426206,1.7381219498898743
1.7573710000000347,1.7144165089391825,1.7580066977580913,1.7224895313470954
1.7597090000000435,1.7144165089391825,1.8263783401557523,1.763895471308969
1.761333000000036,1.7154493450240753,1.7769179600146774,1.7313269380028378
1.763325000000009,1.7154493450240753,1.6357803195768905,1.7594804386046372
1.7652989999999704,1.7154493450240753,1.6463895289443014,1.643699243758427
1.7672759999999812,1.7166590359473193,1.7119053196016991,1.6609686090686502
1.769391999999982,1.7166590359473193,1.6151024489445607,1.6913993036421189
1.7712510000000066,1.7166590359473193,1.7089352386482901,1.6647696946414816
1.7732270000000199,1.718483002517292,1.6423455895882475,1.7383455353882842
1.7752019999999789,1.718483002517292,1.726182072334916,1.724997125540858
1.7771930000000111,1.718483002517292,1.737430996010949,1.8035437025450072
1.7795279999999707,1.7200622208373697,1.7121859725904252,1.7634768656082052
1.7811450000000377,1.7200622208373697,1.7022985710539094,1.6950127105664103
1.7831270000000359,1.7214409439960185,1.6856794264814436,1.7345292870235427
1.7851120000000265,1.7214409439960185,1.7257734274995333,1.7701263917019758
1.7870890000000372,1.7214409439960185,1.660422807733759,1.7620840546557301
1.7892009999999914,1.7232263422512775,1.6775395209975783,1.7360713743330922
1.7910549999999716,1.7232263422512775,1.7438724106705987,1.6825750099853825
1.79303299999998,1.7232263422512775,1.705240256834762,1.728913399065547
1.79501300000004,1.7244683341490854,1.7006092449361208,1.6784100816443148
1.7969999999999686,1.7244683341490854,1.7716834520842661,1.7682856942126197
1.7993359999999825,1.7255776409277883,1.7228615788079666,1.77056362491197
1.8009569999999826,1.7255776409277883,1.701391387875137,1.7014711055935685
1.8029389999999808,1.7255776409277883,1.7588187092376777,1.7405536638634391
1.8049239999999713,1.72697292818324,1.6815652309908047,1.7433035624001412
1.8069000000000415,1.72697292818324,1.56699687166644,1.7371975887602156
1.8090080000000057,1.72697292818324,1.7949294159126115,1.6923896467573312
1.8108629999999835,1.7279468100684923,1.668316802193108,1.6967212869847663
1.8128450000000385,1.7279468100684923,1.810709814343604,1.7686304971495213
1.8148259999999823,1.7279468100684923,1.6995710476707475,1.7533218935228525
1.8168070000000398,1.729424737170628,1.634790149816416,1.7681168763170905
1.8191519999999741,1.729424737170628,1.6823741061944313,1.7407636757808298
1.8207700000000386,1.7300325896228754,1.7482353906155692,1.6627850322328661
1.8227520000000368,1.7300325896228754,1.8075058354731368,1.7402960341083193
1.8247410000000173,1.7300325896228754,1.7744705808488646,1.7315563438067705
1.8267270000000053,1.7314569539032032,1.7817861765391239,1.7031890416873285
1.8288200000000074,1.7314569539032032,1.6679506779558597,1.6431852021517492
1.8306760000000395,1.7314569539032032,1.7721946061876739,1.66402024503032
1.8326579999999808,1.7322524285846055,1.7201305414296633,1.6935405513537063
1.8346390000000383,1.7322524285846055,1.819705809866756,1.7330323660389861
1.8366199999999822,1.7322524285846055,1.7548681734127605,1.7747920729936806
1.838954000000001,1.7335137596002443,1.752706023918096,1.8102780528391276
1.8405869999999709,1.7335137596002443,1.6639517898534086,1.711918526792426
1.842563000000041,1.7335137596002443,1.7649900809984165,1.7648747176356974
1.8445439999999849,1.7348074218070004,1.7039750527778368,1.7521598867084458
1.8465360000000146,1.7348074218070004,1.7684522764066624,1.7938517198488626
1.8486409999999864,1.7357062777686603,1.7260624385056276,1.8122793646879867
1.8504879999999844,1.7357062777686603,1.710470884370672,1.8049251132092465
1.8524700000000394,1.7357062777686603,1.761091371833574,1.7772471902808942
1.8544580000000224,1.7373889795541457,1.7451185095929516,1.7356052001467162
1.8564320000000407,1.7373889795541457,1.6746554215448504,1.7462976511902406
1.858775000000037,1.7373889795541457,1.8130731756113623,1.743570999981322
1.860394000000042,1.738831375816032,1.7283765867289902,1.7249479835878725
1.8623790000000326,1.738831375816032,1.781777317999213,1.6841391327368749
1.864356999999984,1.738831375816032,1.7328889199954678,1.6393746573664425
1.8663400000000365,1.7402321080013414,1.6962648984449031,1.6615402704222315
1.8684470000000601,1.7402321080013414,1.7303264900571953,1.7286216399764773
1.8703080000000227,1.741654301810621,1.7692980326422394,1.7423168946661312
1.8722889999999666,1.741654301810621,1.8622957335512675,1.7642538622982489
1.8742640000000392,1.741654301810621,1.7922679107861568,1.747045181211863
1.8762490000000298,1.7428255102185037,1.7155939681004029,1.7815927973301833
1.8785730000000171,1.7428255102185037,1.6669211632715126,1.7369130931336905
1.8802069999999844,1.7428255102185037,1.7442204531546157,1.7941209889908152
1.8821889999999826,1.7439168427844682,1.7466707883444497,1.7749841434511202
1.88417000000004,1.7439168427844682,1.7933297358262108,1.7134250381421978
1.8861550000000307,1.7439168427844682,1.8099431917603774,1.8069079210445298
1.8882490000000303,1.7446280379609593,1.7760462540266917,1.7312960877135053
1.8901129999999853,1.7446280379609593,1.7921228218753962,1.7406449404164033
1.8921039999999607,1.7449955227237315,1.73499474817855,1.7455219907535342
1.894075999999984,1.7449955227237315,1.7880865483230224,1.7767357902397682
1.8960570000000416,1.7449955227237315,1.7608510468081702,1.8326449330135284
1.8984120000000075,1.7449955227237315,1.845087836652785,1.7042928883198667
1.9000180000000455,1.7460648787636601,1.757459407606864,1.7985619637272892
1.9020009999999843,1.7460648787636601,1.7367307453676086,1.8316388086211095
1.9039850000000342,1.7463713161323466,1.7847957566648123,1.8149008773565665
1.9059629999999856,1.7463713161323466,1.8226356300730193,1.712878567955713
1.9080690000000118,1.7463713161323466,1.7871250210050125,1.8074911753125527
1.909924999999987,1.7472492046284447,1.7689866863892147,1.7615476214582642
1.9119079999999826,1.7472492046284447,1.7449694147908452,1.687645863761432
1.9138880000000427,1.7479839299876192,1.7041168183364466,1.694889338486566
1.9158689999999865,1.7479839299876192,1.8071836837828743,1.6813943531330444
1.9182059999999979,1.7479839299876192,1.807312927633563,1.754151114594245
1.9198319999999853,1.7488826381867826,1.6435550714142382,1.7625185612674241
1.9218130000000428,1.7488826381867826,1.7064107346612785,1.754631660121791
1.9237999999999715,1.7488826381867826,1.7847980991363437,1.7036857222995583
1.9257840000000215,1.7494542071848598,1.7244933516839123,1.696039492217059
1.9278830000000085,1.7494542071848598,1.7773330171329087,1.767132613909968
1.9297379999999862,1.7494542071848598,1.6999127936065117,1.7848229559652002
1.9317200000000412,1.7500020290892653,1.7082679502871716,1.752711692647791
1.933700999999985,1.7500020290892653,1.6925194132857668,1.7067185941257788
1.9356820000000425,1.7500020290892653,1.7443228215602107,1.725569728546509
1.9380240000000413,1.7510115206044707,1.750912079122151,1.7839815528505916
1.9396440000000439,1.7510115206044707,1.6904716808252394,1.7130086797698945
1.9416380000000117,1.7510115206044707,1.6994132335048147,1.7797290157957315
1.94361200000003,1.7522602678312371,1.730737218335727,1.7375792644459604
1.9455879999999866,1.7522602678312371,1.7349603778870573,1.7425493447153602
1.9477110000000266,1.7522602678312371,1.7135688137210516,1.8080979034240037
1.949557000000027,1.753600988284062,1.7834067629532258,1.7572391295665122
1.951531999999986,1.753600988284062,1.732385362604036,1.7161871028405313
1.9535119999999893,1.7541387011347167,1.7617711848165403,1.6846858959683637
1.9554939999999874,1.7541387011347167,1.7745477678379218,1.6582131339812365
1.9578270000000089,1.7541387011347167,1.7091812841358618,1.7601948207856153
1.9594569999999862,1.7552816075195812,1.7814569772968587,1.7524274583659154
1.9614380000000438,1.7552816075195812,1.7630316494614693,1.8368512988282213
1.9634280000000217,1.7552816075195812,1.7593982410002302,1.7759390708018574
1.965400000000045,1.7560396531636167,1.713850071383225,1.783167925799763
1.967505000000017,1.7560396531636167,1.8011614387974582,1.729861550408177
1.969368999999972,1.756286637802296,1.6739968072521505,1.7222365846635812
1.971353000000022,1.756286637802296,1.7490349909982343,1.7942015299213008
1.9733249999999884,1.756286637802296,1.7135616588629508,1.7409796101959427
1.9753070000000434,1.7566019227696585,1.735101968440727,1.713097531967077
1.9776529999999752,1.7566019227696585,1.6856159950896403,1.824801527098043
1.9792690000000448,1.7566019227696585,1.7204521636479784,1.7432777858016149
1.9812499999999886,1.7566397906127695,1.7005656773618212,1.7139448855022335
1.9832310000000462,1.7566397906127695,1.6811158621493756,1.8571773923663986
1.985223000000019,1.7566397906127695,1.782376427611576,1.7254048767535644
1.987325999999996,1.7566992594856206,1.720120399359757,1.7356598335297442
1.9891810000000305,1.7566992594856206,1.7455325878213994,1.8240710984572523
1.991166000000021,1.7566992594856206,1.7738688576522157,1.8572280033211432
1.9931430000000319,1.7572748119206842,1.7705685245823888,1.7635899418076384
1.9951189999999883,1.7572748119206842,1.7490881064860975,1.8414652223710029
1.9974530000000073,1.7572399872946671,1.7219767292691728,1.7515198726492183
1.9990809999999897,1.7572399872946671,1.7366914795447816,1.7131870833215048
2.0010630000000447,1.7572399872946671,1.7657968288326802,1.7052708560957637
2.003042999999991,1.757719681059199,1.8094288896337916,1.8288014677457698
2.005024999999989,1.757719681059199,1.6406172928728628,1.786879116164033
2.00714099999999,1.757719681059199,1.7765296015181584,1.7738946114958225
2.0089869999999905,1.7582370952614501,1.6979574169997371,1.7222872227457682
2.0109690000000455,1.7582370952614501,1.7315530236786676,1.7398355508677672
2.012958000000026,1.7582370952614501,1.7466040226639845,1.7806108709428208
2.014940000000024,1.7585842076469282,1.7521449325883165,1.709197121100894
2.0172680000000582,1.7585842076469282,1.7261587393812434,1.6978169236828324
2.0188940000000457,1.7590593341500436,1.815615482049312,1.7371233317874508
2.0208820000000287,1.7590593341500436,1.7864692662724728,1.7637169425684172
2.022856000000047,1.7590593341500436,1.7352951912489987,1.7466911867099928
2.024836999999991,1.7591539550484283,1.8371013144288113,1.839928479357749
2.0269460000000095,1.7591539550484283,1.7225898560693862,1.841682066871325
2.028802999999982,1.7591539550484283,1.7193430200824773,1.7743538215801422
2.0307829999999853,1.7599625005729842,1.7640390915473687,1.7121473130261722
2.032761999999991,1.7599625005729842,1.7298524773789041,1.7811135467698578
2.034754000000021,1.7599625005729842,1.7786577076366747,1.7388738470091003
2.0370770000000107,1.7605075349414063,1.7444291121622253,1.6212717205195402
2.0387080000000424,1.7605075349414063,1.7758660297019764,1.8499438914114783
2.0407000000000153,1.7605075349414063,1.714446003516433,1.7027809312204942
2.0426760000000286,1.7616053711460278,1.8506831627558777,1.8624224091459876
2.044651999999985,1.7616053711460278,1.735414511926581,1.760867110377323
2.0467700000000377,1.7616053711460278,1.8319373792658173,1.8268644229401556
2.0486170000000357,1.7619095818785566,1.6931003304444714,1.839149953135297
2.0506070000000136,1.7619095818785566,1.8504954718604552,1.808257479887127
2.0525749999999903,1.7622212624278988,1.7545923331206503,1.7785694129981253
2.054557999999986,1.7622212624278988,1.7490999086514663,1.7711134623140614
2.0569150000000036,1.7622212624278988,1.634449145196026,1.773555169499859
2.0585190000000466,1.76264233940074,1.6949904141580399,1.697557026683483
2.0605020000000422,1.76264233940074,1.712941052222043,1.7292508638953372
2.06249600000001,1.76264233940074,1.7050093007803928,1.666844571243411
2.064461999999992,1.76240848708581,1.791707428288307,1.7424543717297556
2.066562000000033,1.76240848708581,1.7383649645302521,1.6898610486753183
2.0684360000000197,1.762034453708088,1.7599251347132423,1.7929687613103316
2.070413999999971,1.762034453708088,1.7697590823341385,1.6529688621955647
2.0723899999999844,1.762034453708088,1.60023223550205,1.7487064720225494
2.0743699999999876,1.7619085539217547,1.744690641893413,1.773362749402681
2.0766950000000293,1.7619085539217547,1.862592783127743,1.7753597166782447
2.0783330000000433,1.7619085539217547,1.8130187283730432,1.6832288819854344
2.080325000000016,1.7617041824590651,1.7829060649069526,1.8303999397834554
2.082296000000042,1.7617041824590651,1.766108402225166,1.7613639723043415
2.084280000000035,1.7617041824590651,1.830460564259343,1.7384211261363207
2.0863730000000373,1.7613064139385952,1.7885442845742938,1.7059211167359674
2.0882369999999923,1.7613064139385952,1.7510982116773903,1.7544885773072807
2.0902289999999653,1.7615960868822946,1.7772665527678173,1.6832580130236372
2.0922030000000404,1.7615960868822946,1.7999173332040488,1.7665193688639413
2.0941849999999818,1.7615960868822946,1.8223061167543186,1.6732897373262068
2.0965230000000474,1.7611245059657143,1.688704572879457,1.7334080641895337
2.09814300000005,1.7611245059657143,1.7654343727916615,1.7423952690744582
2.1001249999999914,1.7611245059657143,1.8074825195634623,1.7227101323852354
2.1021120000000337,1.7611365631687903,1.7298062035732702,1.7313814061693809
2.1040869999999927,1.7611365631687903,1.7492819782539855,1.7317169752812962
2.1061860000000365,1.7611365631687903,1.8411230133695433,1.760955244534719
2.1080479999999966,1.7618715446177804,1.771458640534627,1.811881075388781
2.110036999999977,1.7618715446177804,1.7222486065722376,1.8317758596002793
2.1120180000000346,1.7623055073308285,1.6889385321008736,1.8123417422131936
2.113991999999996,1.7623055073308285,1.75458600644877,1.8314618017418125
2.1163199999999733,1.7623055073308285,1.7308026445260816,1.8161142202150875
2.1179559999999924,1.7626758771048456,1.8236332159565551,1.7594904129562878
2.11993700000005,1.7626758771048456,1.7236900932391772,1.7470234362490014
2.1219179999999938,1.7626758771048456,1.805370785471097,1.852453968302817
2.1239040000000386,1.7632805296353227,1.7601784231797726,1.764888518612206
2.1259980000000382,1.7632805296353227,1.7383920795162677,1.707591862051605
2.1278619999999933,1.7632805296353227,1.7467938198266468,1.7901473209894623
2.1298419999999965,1.7633833777233772,1.8241531771094335,1.8467656427497559
2.1318330000000287,1.7633833777233772,1.8008967676553722,1.806675525789046
2.1338099999999827,1.7633980626622094,1.7725927429585797,1.7538884165635438
2.1361440000000016,1.7633980626622094,1.731153042688378,1.8222808477132881
2.137774000000036,1.7633980626622094,1.7984782705553135,1.7110725563827531
2.1397509999999897,1.7636042186221537,1.7678217879367149,1.784963647534476
2.14173100000005,1.7636042186221537,1.7409179259032979,1.7497443420293435
2.1437119999999936,1.7636042186221537,1.7159591137257753,1.7300173888145411
2.1458070000000475,1.763534570615117,1.7334647754144705,1.7246305090256384
2.147673999999995,1.763534570615117,1.7082006948712845,1.7736568385242741
2.1496549999999957,1.763534570615117,1.7208441149073779,1.7634370056169335
2.1516359999999963,1.762445215488241,1.8959570647002697,1.8133968819987472
2.1536210000000438,1.762445215488241,1.669308739492521,1.712467349483457
2.1559480000000235,1.762445215488241,1.8054221250285887,1.9034163353405602
2.1575789999999984,1.7623592515431068,1.7858398496414103,1.7753053377780883
2.159562000000051,1.7623592515431068,1.6820829615124406,1.7813658911038452
2.161543999999992,1.7623592515431068,1.8025764206170218,1.802981848882284
2.163524000000052,1.7619634211991808,1.865199023004031,1.6857601390239314
2.1656189999999924,1.7619634211991808,1.7607874857856518,1.8652641652602906
2.167486999999994,1.7609973166123296,1.8068576768135154,1.7282163355423958
2.169467999999995,1.7609973166123296,1.753127922148007,1.8098406613493694
2.1714489999999955,1.7609973166123296,1.7813372090661395,1.7866242354001494
2.1734480000000076,1.7604744287681389,1.666283296473448,1.7437763804721154
2.175771999999995,1.7604744287681389,1.7604076600524212,1.799084554747601
2.17740299999997,1.7604744287681389,1.7609069566190023,1.7532126158986046
2.1793759999999907,1.760836572592889,1.7386299939395893,1.7809277369489043
2.1813550000000532,1.760836572592889,1.8338099362019762,1.7953618853936566
2.1833460000000287,1.760836572592889,1.75822482327977,1.7626589545579132
2.1854299999999967,1.7603477213944805,1.7524755073412932,1.7759179282687594
2.187298999999996,1.7603477213944805,1.7416813635742738,1.731989088273603
2.189290000000028,1.7603477213944805,1.7384759792911022,1.7157108775503644
2.1912609999999972,1.7601505162704238,1.7527716962225497,1.805982039728139
2.1932489999999802,1.7601505162704238,1.7456799577627908,1.7205920822834053
2.195574000000022,1.7604663577778232,1.782336902314903,1.8365247049038833
2.1972049999999967,1.7604663577778232,1.7880190356202337,1.7153302196717921
2.19918899999999,1.7604663577778232,1.8332497506660128,1.7619696432515677
2.201166999999998,1.7604214143931576,1.738114507988598,1.792531391174223
2.203156999999976,1.7604214143931576,1.7103176684001247,1.8183026200770898
2.205244999999991,1.7604214143931576,1.7684203725138128,1.7697964180933634
2.207110000000057,1.761208937466491,1.7704450718814795,1.8655619118186644
2.209097999999983,1.761208937466491,1.8081461282643494,1.680418550465635
2.2110830000000306,1.760723828509319,1.6914740664513503,1.6521815365090657
2.2130579999999895,1.760723828509319,1.756918302577906,1.6848151137214755
2.2153869999999642,1.760723828509319,1.8184255450324003,1.6831722025461464
2.217026999999973,1.7611469024966822,1.8054756361912827,1.6976652384521929
2.2189989999999966,1.7611469024966822,1.8200588968753277,1.7328320430216955
2.220980000000054,1.7611469024966822,1.743353786870839,1.7345329320858407
2.222966999999983,1.7611730780582135,1.65088284814831,1.7395213275834702
2.225056000000052,1.7611730780582135,1.7735768816323225,1.7003705141468874
2.2269340000000284,1.7611730780582135,1.784509648444547,1.761061694036512
2.228904000000057,1.7609319490116322,1.7278209274086564,1.7998616758934252
2.230885999999998,1.7609319490116322,1.7786428676872288,1.7363830623213494
2.2328830000000153,1.7609319490116322,1.7666869937499332,1.7464896166995763
2.235206000000005,1.7600584065011167,1.686186972058666,1.808439154432813
2.2368299999999977,1.7600584065011167,1.81162604481016,1.8007651918397303
2.238811000000055,1.7592815193619358,1.6836704864799839,1.7350400513217994
2.2407929999999965,1.7592815193619358,1.794616570186802,1.8191922971950085
2.2427730000000565,1.7592815193619358,1.714488902730943,1.7432633923149579
2.2448679999999968,1.7585645111626098,1.7674213351435073,1.7892084748154446
2.2467360000000554,1.7585645111626098,1.7633445590436545,1.6990165106874677
2.248716999999999,1.7585645111626098,1.7631844348871248,1.7189790346195757
2.2506989999999973,1.7576980406490583,1.81195219200722,1.6960261764826856
2.252687000000037,1.7576980406490583,1.7999327386063886,1.7548960248574754
2.2550320000000283,1.7576980406490583,1.7188051054897941,1.7318919653408988
2.256641000000002,1.7566450832807015,1.7592935645234613,1.717130005884979
2.258623,1.7566450832807015,1.7866749454330817,1.7688776377861628
2.2606059999999957,1.75638446557915,1.7835114510867986,1.8028509256485177
2.262585999999999,1.75638446557915,1.7832980447587878,1.748010061169192
2.264681000000053,1.75638446557915,1.7593959540175228,1.766958071205053
2.2665470000000028,1.7558947021135645,1.798930534576845,1.7514919195206786
2.2685299999999984,1.7558947021135645,1.7948866266400918,1.7071961766794868
2.270510999999999,1.7558947021135645,1.773647266017677,1.7325254362000955
2.272491000000059,1.755395283598202,1.7448212344941834,1.8244602691467429
2.274825000000021,1.755395283598202,1.8379350154744345,1.735882596450497
2.2764549999999986,1.755395283598202,1.7400420137929278,1.8541153483404802
2.2784350000000018,1.7554719055951902,1.7112770622754097,1.7305351530503417
2.280417,1.7554719055951902,1.7402589002561404,1.7194284530909316
2.282399000000055,1.7554719055951902,1.7639861037300613,1.8596939507635672
2.2844929999999977,1.7557493063837954,1.740396588000065,1.824587463701333
2.2863609999999994,1.7557493063837954,1.7140596048526482,1.7265543456290804
2.288342,1.7558763725755617,1.7503366187689988,1.7477902465685815
2.2903230000000008,1.7558763725755617,1.8120228318558462,1.6477705768071236
2.2923040000000015,1.7558763725755617,1.6878291048621468,1.7894718759788164
2.294665000000009,1.7558653910734712,1.763107062996261,1.7272734409431088
2.2962719999999877,1.7558653910734712,1.6995924401215483,1.7501885337642102
2.298249999999996,1.7558653910734712,1.7006297383543683,1.6958232582730395
2.3002290000000016,1.7557208153944024,1.6726117750827565,1.8147403764559271
2.302211,1.7557208153944024,1.7557912379135057,1.7193602715520402
2.304319000000021,1.7557208153944024,1.6677980036623514,1.774427164624812
2.3061720000000037,1.7556058707806017,1.762125797766196,1.7487899706402836
2.3081549999999993,1.7556058707806017,1.748338192574679,1.830103175921083
2.3101380000000518,1.7553456469051967,1.777644205424524,1.7962638248498302
2.3121170000000006,1.7553456469051967,1.648469462218803,1.7601446622315962
2.314440999999988,1.7553456469051967,1.6700984875262803,1.7444486164361852
2.316094000000021,1.7543099169041267,1.733740054140489,1.6991952698088693
2.3180600000000027,1.7543099169041267,1.7529240222136058,1.669876820393133
2.320042000000001,1.7543099169041267,1.803214410064723,1.6870454276823685
2.322027999999989,1.7532698751578673,1.7446233098884294,1.7680059986406178
2.3241179999999986,1.7532698751578673,1.7118491861188263,1.793208039895852
2.325996000000032,1.7532698751578673,1.8096787914289998,1.8101258418883819
2.32797400000004,1.752150623097792,1.72031573288394,1.7500802259944297
2.3299480000000017,1.752150623097792,1.6769218268205208,1.7544190588017148
2.331939000000034,1.752150623097792,1.7685196758788515,1.7280905637011508
2.334267000000011,1.751322155586811,1.7518748542153977,1.7318635746187216
2.335895999999991,1.751322155586811,1.7937352104643967,1.7843242833835076
2.337873000000002,1.7503846183569531,1.6976894072742512,1.7141244232401804
2.3398579999999924,1.7503846183569531,1.7525966103705564,1.7606647419358028
2.341835000000003,1.7503846183569531,1.7163145463580063,1.7567835776183538
2.3439300000000003,1.7497610120786686,1.7621112974809554,1.7479413786062385
2.345807000000036,1.7497610120786686,1.7144576610689461,1.7457177523562613
2.3477790000000596,1.7497610120786686,1.7503939899392007,1.805214612298969
2.349759000000006,1.7492756025846206,1.8068430418407202,1.7757600949122645
2.3517499999999814,1.7492756025846206,1.7524051128117346,1.7662519697108723
2.354069999999979,1.7483269071573473,1.7317749716833997,1.783088040887181
2.355709000000047,1.7483269071573473,1.8189253900166544,1.7263294280007568
2.3576920000000428,1.7483269071573473,1.7414792388594713,1.8024422263545732
2.359673999999984,1.7487036646665721,1.7603508567818038,1.8027696219898284
2.3616480000000593,1.7487036646665721,1.7909308521499885,1.7249614221568572
2.3637429999999995,1.7487036646665721,1.7396508121736904,1.7532665534280356
2.365618999999981,1.7488246977983815,1.7426429371371999,1.7375342987142093
2.367592000000002,1.7488246977983815,1.7422124366268295,1.7829198014193683
2.3695730000000026,1.7488246977983815,1.7644320988537916,1.768246176580188
2.371553000000006,1.7488689012887426,1.86964003384867,1.6981031601095362
2.373886999999968,1.7488689012887426,1.8070092713573576,1.7425705664243856
2.3755279999999743,1.7488689012887426,1.7996388438388715,1.8177048294445957
2.3775039999999876,1.7489256522930154,1.7041766162331575,1.733902067954623
2.3794790000000035,1.7489256522930154,1.727690746225707,1.7974573441818733
2.381460000000004,1.7487355021272228,1.777580580505143,1.8291954600308407
2.383555000000001,1.7487355021272228,1.6553873488314705,1.7482778780335528
2.3854220000000055,1.7487355021272228,1.7090067648783294,1.814828020731593
2.3874040000000605,1.7485922287339386,1.8085588998693043,1.6945012451347679
2.3893850000000043,1.7485922287339386,1.8012602304017462,1.7590782521150088
2.3913759999999797,1.7485922287339386,1.762643947107665,1.7702103979768655
2.3936879999999974,1.7482070995475851,1.7835913671890156,1.7224919875038998
2.395329000000004,1.7482070995475851,1.8581084084147146,1.7274400438270907
2.397312999999997,1.7482070995475851,1.7355899100225722,1.7753317415936425
2.399291000000005,1.7467935511250565,1.854184881415958,1.7554888218112055
2.401272000000006,1.7467935511250565,1.7705805474155458,1.7709216102988685
2.403384000000017,1.7467935511250565,1.737285716948289,1.8877198121796888
2.405243999999982,1.7450808291202666,1.8167680528199661,1.7362632124930888
2.4072160000000054,1.7450808291202666,1.706428226233276,1.680696399030635
2.409197000000063,1.744615281056571,1.747468244515962,1.706464138756853
2.411179000000004,1.744615281056571,1.733746197294349,1.7411875981838558
2.4135109999999713,1.744615281056571,1.823815578874853,1.673391040180503
2.4151509999999803,1.7434730954473263,1.7245985809651203,1.755360055704074
2.4171289999999885,1.7434730954473263,1.7311120841732377,1.816434675543364
2.4191040000000044,1.7434730954473263,1.7403410928045904,1.8258634743669975
2.4210840000000076,1.7424815508155826,1.6483326973555081,1.744109778986681
2.4231870000000413,1.7424815508155826,1.8051104440757322,1.7711315384841828
2.4250470000000064,1.7424815508155826,1.7409148823511786,1.790597710850826
2.427028000000007,1.742037127724195,1.7214143990451718,1.8809898300071417
2.429013999999995,1.742037127724195,1.783357231230008,1.7460107809057102
2.430991000000006,1.7413237795145324,1.7300391111909073,1.6975405795750886
2.43332300000003,1.7413237795145324,1.7593465997986344,1.7252255591119563
2.4349530000000073,1.7413237795145324,1.6969889012162211,1.7021852230351038
2.4369360000000597,1.7409643725827555,1.7082924457343984,1.7601551540254592
2.438916000000006,1.7409643725827555,1.754403005915348,1.7794485299406493
2.4408970000000068,1.7409643725827555,1.7115813131574027,1.7433357906223137
2.4430020000000354,1.7411649210764506,1.6615577873663292,1.7031015738669446
2.4448600000000624,1.7411649210764506,1.8125666255710198,1.7103174356430977
2.4468570000000227,1.7411649210764506,1.6701909770823926,1.7878620605016475
2.448833000000036,1.7410558278438382,1.7837934097938506,1.7152597391243987
2.450806000000057,1.7410558278438382,1.7313837848250544,1.8694312330349625
2.4531540000000405,1.7407330136908712,1.796534691726562,1.6924507152102823
2.454767000000004,1.7407330136908712,1.743217365406427,1.689646189796207
2.456760000000031,1.7407330136908712,1.7353599780826727,1.6940187510157794
2.458735000000047,1.741076831592835,1.7647455689379614,1.8028533848359922
2.460710000000006,1.741076831592835,1.7430629267790292,1.7272505702564274
2.4628079999999954,1.741076831592835,1.7522637466816502,1.7223888882276734
2.4646749999999997,1.7405277536312707,1.7359863119205623,1.8321197302928105
2.4666560000000004,1.7405277536312707,1.784769608741432,1.6116610577928436
2.4686380000000554,1.7405277536312707,1.7076880462401907,1.7559721650246023
2.4706189999999992,1.740232030909164,1.8108930152783038,1.7270349446591335
2.472936000000061,1.740232030909164,1.759050913212458,1.865366105305565
2.4745900000000347,1.740232030909164,1.7953941563639346,1.7156972010246476
2.4765610000000606,1.7398614089426996,1.7060567395370885,1.7011452423578406
2.478546999999992,1.7398614089426996,1.8400068240181136,1.7740251202214876
2.480523000000062,1.738368329424737,1.7694524501267186,1.7550937810459042
2.4826270000000363,1.738368329424737,1.8358658520160027,1.767616018112475
2.4844810000000166,1.738368329424737,1.7217699717009198,1.718687567096083
2.486468000000002,1.7371269788530963,1.6851996210535576,1.7069350099200016
2.4884530000000495,1.7371269788530963,1.7310208040963215,1.69071071888462
2.4904300000000035,1.7371269788530963,1.7781076447417912,1.7507082267327145
2.492763000000025,1.7356132894953449,1.7993655804310666,1.7446619285495644
2.494402999999977,1.7356132894953449,1.7078201372918669,1.7536624682691129
2.4963789999999904,1.7356132894953449,1.7909792983256567,1.8582503116606957
2.498356000000001,1.7347537291093624,1.7540619424430823,1.8123951470187203
2.500344000000041,1.7347537291093624,1.7834495732546385,1.7328265579215767
2.502430000000004,1.7338281172677723,1.6787913476315015,1.7111856146610436
2.5043000000000006,1.7338281172677723,1.6964488095778723,1.7960527342078019
2.506285000000048,1.7338281172677723,1.6694923125689454,1.7720136256453998
2.5082590000000096,1.7338281172677723,1.7334008424629372,1.7502031007394934
2.5102400000000102,1.7334030111643546,1.783397100262917,1.7680040842628524
2.5125620000000026,1.7334030111643546,1.7978227121740848,1.684185603108113
2.514203000000009,1.7327612552242333,1.6997007442550431,1.7743442787654389
2.5161840000000097,1.7327612552242333,1.7551145229775653,1.7059995977281937
2.5181739999999877,1.7327612552242333,1.7545891895875119,1.7265770114398236
2.520151999999996,1.732492515306723,1.645917807096402,1.7700154556385097
2.5222420000000056,1.732492515306723,1.7478969561673523,1.7789495516000127
2.5241139999999973,1.7324685268734143,1.640761806136216,1.6281510868986415
2.5260900000000106,1.7324685268734143,1.7273699095315211,1.8130715395156882
2.5280780000000505,1.7324685268734143,1.7000140213254633,1.7806512500445288
2.5300530000000094,1.7324092274774185,1.7621143310869685,1.6921275030974523
2.532393000000013,1.7324092274774185,1.7681546488098765,1.7127684042196905
2.534015000000011,1.7324092274774185,1.801375802503666,1.7444832631533231
2.535997000000009,1.732504979323272,1.7361825399835762,1.7147878142487962
2.5379780000000096,1.732504979323272,1.7489943368774041,1.6684186262124492
2.539963,1.732504979323272,1.690284162424171,1.689620416719538
2.542056000000059,1.7318296389976198,1.701538883558786,1.766568335455456
2.543922000000009,1.7318296389976198,1.7057077240032676,1.6801254587721017
2.545911999999987,1.7318296389976198,1.7253953691200195,1.729968707930675
2.547888000000057,1.7317556537587435,1.833331457590136,1.755397677292965
2.549865000000011,1.7317556537587435,1.7385889485623425,1.7462907259633325
2.552193999999986,1.7313808373208956,1.7990716583478608,1.7147042916301172
2.55383599999999,1.7313808373208956,1.7612706191856533,1.7019308702792515
2.555808000000013,1.7313808373208956,1.7719876691070133,1.6770628238900045
2.5577900000000113,1.7296559820375224,1.7391904435481753,1.7480483478392406
2.5597779999999943,1.7296559820375224,1.7239613009033508,1.6857527297610213
2.561886999999956,1.7296559820375224,1.7382789883382408,1.8334607688739102
2.563732000000016,1.7282118847778303,1.6889843768903776,1.7168119798405568
2.5657150000000115,1.7282118847778303,1.6989111893938051,1.7415974778063084
2.567704000000049,1.7282118847778303,1.727896213365584,1.6957509673797502
2.5696760000000154,1.7268726819265343,1.7322665929707586,1.7600959494149961
2.572009000000037,1.7268726819265343,1.6262429459634467,1.6319364577326394
2.5736500000000433,1.7268726819265343,1.676049054348098,1.7482537054370977
2.575620000000015,1.7258277435852745,1.756108660453573,1.7142413594850736
2.577602000000013,1.7258277435852745,1.7631011684391673,1.8638040839807926
2.5795830000000137,1.7247373460317685,1.6432350591272304,1.7224174204296712
2.581688999999983,1.7247373460317685,1.733603979417994,1.6853551215854627
2.5835460000000126,1.7247373460317685,1.8960965058297459,1.7726386238918865
2.5855260000000158,1.72417548476646,1.7812092974413696,1.7337176010858377
2.587508000000014,1.72417548476646,1.665666960420904,1.653590637333152
2.589490000000012,1.72417548476646,1.7324402160034942,1.8086635888109077
2.591811000000064,1.7237714477481623,1.7341103024731528,1.661587523497523
2.5934519999999566,1.7237714477481623,1.7137653821936198,1.7039479312660544
2.595444999999984,1.7237714477481623,1.773767706046778,1.7401608767172025
2.5974130000000173,1.723305844216565,1.7806472949136312,1.7291707262844478
2.599396000000013,1.723305844216565,1.6964296689579397,1.767164852568795
2.6014970000000517,1.7229719984919423,1.7547872998057188,1.6571872482191998
2.6033670000000484,1.7229719984919423,1.6873190356373873,1.7139340431382797
2.605339000000015,1.7229719984919423,1.7171935908627962,1.6817953324224841
2.607321000000013,1.7230443050657174,1.803364310165416,1.7551889160744456
2.6093079999999986,1.7230443050657174,1.6768268231162329,1.7708761952894037
2.611647000000005,1.7230443050657174,1.764559034420512,1.7073495444773426
2.6132630000000177,1.7228727310922427,1.6584959586622936,1.7169486772473777
2.6152460000000133,1.7228727310922427,1.692931898987195,1.6975798851191213
2.617229000000009,1.7228727310922427,1.6895765503219395,1.669682233922791
2.619207000000017,1.7223014188284798,1.6788553162734856,1.7537188740326002
2.621309999999994,1.7223014188284798,1.6519060813654698,1.6744168128997918
2.6231880000000274,1.7218928463670704,1.6574312559030746,1.7212624383815036
2.625152000000014,1.7218928463670704,1.630803915463592,1.7529239736545192
2.627133000000015,1.7218928463670704,1.6805150908461548,1.6473048635753558
2.6291140000000155,1.7215202896855717,1.6753349890236517,1.729795944152893
2.6314370000000054,1.7215202896855717,1.7190966009551858,1.6685319870540758
2.6330769999999575,1.7215202896855717,1.7884142539803263,1.7404817905498093
2.635058000000015,1.7204363759882393,1.7447740184447793,1.7239242371568848
2.637038999999959,1.7204363759882393,1.7361959123821131,1.6850427586125016
2.639030000000048,1.7204363759882393,1.6849139419534718,1.7351795220416684
2.641120000000001,1.7183928541538351,1.7412297175088605,1.744402556019313
2.6429860000000076,1.7183928541538351,1.7479963673211012,1.657744036994006
2.6449700000000007,1.7183928541538351,1.6867088714494627,1.7241456707437102
2.646944000000019,1.7172076571561916,1.7698869558343568,1.6826230258212858
2.6489329999999995,1.7172076571561916,1.6994080851798459,1.7539019384496988
2.651266000000021,1.7157591858744305,1.6989902934802439,1.602361543382826
2.6528880000000186,1.7157591858744305,1.7332990732757498,1.7374951696731447
2.6548700000000167,1.7157591858744305,1.65044318255885,1.6506185211189817
2.6568510000000174,1.7147199007061005,1.6869927004896625,1.691730018997732
2.6588330000000155,1.7147199007061005,1.7066794992284204,1.783228203123945
2.6609280000000126,1.7147199007061005,1.6823768578636709,1.639916932937391
2.662806000000046,1.7137149345856497,1.7373328148287248,1.7249637649231189
2.66477500000002,1.7137149345856497,1.6727224455520229,1.6617782106732977
2.6667580000000157,1.7137149345856497,1.6830947814307797,1.7809588394239713
2.668738000000019,1.7136175694430296,1.7578251949446275,1.7322788536380165
2.6710709999999835,1.7136175694430296,1.7115425812901144,1.8456788818373377
2.6727019999999584,1.7129279059768645,1.7474644432113429,1.7203403886514896
2.674683000000016,1.7129279059768645,1.7397072991674365,1.7573912491435193
2.6766639999999597,1.7129279059768645,1.7996422198502762,1.706280318645166
2.678649000000007,1.7120724347043843,1.6874259644984801,1.8067507472304023
2.6807399999999575,1.7120724347043843,1.6474135717207212,1.7169947257572975
2.6826240000000325,1.7120724347043843,1.6291765989244764,1.778542117143993
2.684597999999994,1.7126209172314328,1.6811651010031974,1.624458343284374
2.6865700000000174,1.7126209172314328,1.764372594862551,1.7168997026484336
2.6885610000000497,1.7126209172314328,1.7436841094502533,1.6898962014020686
2.6908919999999625,1.7125042086827125,1.702194664712338,1.749644978000637
2.692514000000017,1.7125042086827125,1.8193989332311247,1.7741792218960295
2.6944950000000176,1.7119920580030117,1.6464449260167715,1.80735851824277
2.6964760000000183,1.7119920580030117,1.760401129977264,1.6532719995085041
2.698467999999991,1.7119920580030117,1.683637690450252,1.7713884271167748
2.7005620000000476,1.7114779407885141,1.7986241422061326,1.6964063636808382
2.702420000000018,1.7114779407885141,1.6909324751995034,1.7771053822346063
2.7044050000000084,1.7114779407885141,1.7649856372171486,1.7143268149605377
2.706380999999965,1.7109342588504286,1.7006221077272035,1.7900224659133985
2.708372000000054,1.7109342588504286,1.8369270144348,1.6786389381919882
2.7106959999999845,1.7109342588504286,1.7220773836706602,1.7594745479854657
2.712325000000021,1.7105914623314593,1.7106529117267633,1.6494976852949033
2.7143070000000193,1.7105914623314593,1.7272846626928542,1.6475873829618948
2.71628800000002,1.7095689097009825,1.744164636736224,1.6505696759226467
2.718277999999998,1.7095689097009825,1.789781289512399,1.7013412260894574
2.7203739999999925,1.7095689097009825,1.7831735117654575,1.6990985160297658
2.722233000000017,1.7077577342679366,1.6084414053033835,1.7318595026292638
2.724215000000015,1.7077577342679366,1.6942271722276803,1.7225116835840826
2.726194000000021,1.7077577342679366,1.6763491704636455,1.699407691488838
2.728176000000019,1.7069552203202842,1.7449912059447321,1.7247454329417014
2.7305150000000253,1.7069552203202842,1.6779033837913797,1.6942835734265829
2.7321380000000204,1.7069552203202842,1.806972172805451,1.7372100475896244
2.734119000000021,1.7060777787499573,1.6637360987960106,1.6596041645906034
2.736101000000019,1.7060777787499573,1.632057773115548,1.7316542194253168
2.7380940000000464,1.7060777787499573,1.7151773961176753,1.6248551016751605
2.7401760000000195,1.7052243703041536,1.7430180582483048,1.7845054881471885
2.742052000000001,1.7052243703041536,1.6555283809305,1.6525285143756019
2.744040000000041,1.705099899308432,1.7684670818362511,1.6482403201433784
2.7460059999999658,1.705099899308432,1.6735856092147607,1.7784146717878002
2.747989999999959,1.705099899308432,1.6875845646645906,1.6786144278552415
2.750312000000008,1.7048952253462941,1.7106737520236182,1.7727598238779745
2.7519490000000246,1.7048952253462941,1.676193607970832,1.7079773671810639
2.7539320000000203,1.7048952253462941,1.8028539826648415,1.6237268492734078
2.755921999999998,1.7044633679243824,1.6391883755522816,1.6929697432675144
2.7578980000000115,1.7044633679243824,1.6299795046666228,1.5878556503234484
2.7599890000000187,1.7044633679243824,1.6678862473735367,1.7273520171098204
2.761856000000023,1.7046107655088856,1.646830621195891,1.7483904958855236
2.763844000000063,1.7046107655088856,1.6248178221445904,1.7336886011271881
2.7658350000000382,1.7046107655088856,1.7173027325541192,1.667973411636896
2.7678040000000124,1.7047210821635201,1.6456565674202286,1.714540217470465
2.770134999999982,1.7047210821635201,1.6977298156716902,1.637306238284331
2.7717630000000213,1.7045751002195022,1.6797018718156602,1.7309295522442403
2.773744000000022,1.7045751002195022,1.7729033736880304,1.7348698188127247
2.7757250000000226,1.7045751002195022,1.6413153112087262,1.6728439293491517
2.7777110000000107,1.7045583955621957,1.7261950538669342,1.6661693323690216
2.779802000000018,1.7045583955621957,1.7012882329924488,1.6536410943400213
2.781675000000007,1.7045583955621957,1.6703164399665973,1.7813858586068227
2.78365500000001,1.7042558107000885,1.698996007069636,1.6668841830519976
2.785640000000001,1.7042558107000885,1.7242359075015106,1.7639899069929013
2.787621999999999,1.7042558107000885,1.628035190834276,1.696067097276609
2.7899360000000115,1.703824125205847,1.712223132505945,1.632393164702437
2.7915760000000205,1.703824125205847,1.7047707421514,1.6686937528957195
2.793557000000021,1.7027543292639136,1.7432929783707145,1.6928349553619122
2.795538000000022,1.7027543292639136,1.7242657246721513,1.671376509064262
2.797528,1.7027543292639136,1.7849128087032096,1.7380263515597183
2.799613000000022,1.701405754751719,1.756836223350547,1.676777651003392
2.8014910000000555,1.701405754751719,1.6901819890398264,1.7053633151487577
2.8034619999999677,1.701405754751719,1.7714610024394553,1.6858592637628866
2.80544500000002,1.7008375967909615,1.7109211723521658,1.6843028923379482
2.8074310000000082,1.7008375967909615,1.7542069175849337,1.671951847410057
2.809771000000012,1.7008375967909615,1.6974663309863176,1.6829420528035253
2.811396000000002,1.6997789251028,1.7189227117716195,1.76421653060622
2.813369000000023,1.6997789251028,1.6115635063975173,1.6927006260539816
2.815359000000001,1.6997789251028,1.7101978771438857,1.7242280457253956
2.817339000000004,1.6992008673730394,1.7290409065729213,1.7316550500024308
2.8194290000000137,1.6992008673730394,1.729437765849455,1.6482613005346045
2.8213030000000003,1.699101462708733,1.613465751364611,1.6418418224801086
2.8232770000000187,1.699101462708733,1.680392802186778,1.624362674077465
2.825261000000012,1.699101462708733,1.659291204723901,1.6579920543183035
2.8272570000000314,1.6993145286796096,1.6970497377725802,1.7308257503231417
2.829560000000015,1.6993145286796096,1.5917127846171895,1.6093926482064103
2.8312099999999987,1.6993145286796096,1.662630080479647,1.7188197522282973
2.8331799999999703,1.6988604550950082,1.7026404913308706,1.653246586735913
2.8351620000000253,1.6988604550950082,1.6755225767367654,1.7253181985541974
2.8371569999999906,1.6988604550950082,1.7831481042439548,1.6688424624730014
2.8392390000000205,1.6992845092633242,1.6807070159661592,1.7222745266479136
2.841106000000025,1.6992845092633242,1.6955364610684884,1.7307249954145947
2.8430890000000204,1.6998436989770622,1.614286497104793,1.6590473637730432
2.8450780000000577,1.6998436989770622,1.6495218014116633,1.6792957153940558
2.847069000000033,1.6998436989770622,1.7417153588081071,1.6689671434149242
2.849391999999966,1.700063797311174,1.669959442863305,1.6900104277890164
2.8510109999999713,1.700063797311174,1.694081874940685,1.691354134360869
2.853004999999996,1.700063797311174,1.6726006800061712,1.7239366321430931
2.854976000000022,1.6999647418759467,1.7340138992676821,1.8125340441873172
2.8569700000000466,1.6999647418759467,1.6397357591780017,1.763071067626056
2.8590520000000197,1.6999647418759467,1.6701955940298154,1.6277163818495122
2.8609180000000265,1.7002412679677839,1.7213287191818458,1.6446183550129678
2.862901000000022,1.7002412679677839,1.6835326327386742,1.7242822954827397
2.8648830000000203,1.7001454405828542,1.6028888528112852,1.655765239360853
2.8668859999999654,1.7001454405828542,1.6955586434195489,1.6651105745225498
2.8691860000000133,1.7001454405828542,1.6149117291613573,1.6426019544747337
2.8708260000000223,1.6997558927086618,1.6961567119135847,1.6900355402039073
2.8728080000000205,1.6997558927086618,1.7412833154808993,1.6322236424114134
2.8747889999999643,1.6997558927086618,1.668889364673558,1.7544550950601456
2.8767819999999915,1.6985269533614664,1.748197622809604,1.736581214649297
2.878864999999962,1.6985269533614664,1.7309274469307177,1.6168073825061635
2.8807370000000105,1.6985269533614664,1.7388296351122805,1.728874324926737
2.8827119999999695,1.6978439074595735,1.6125445146636028,1.7243137356497957
2.8846940000000245,1.6978439074595735,1.6826698261585182,1.717872316815181
2.8866949999999747,1.6978439074595735,1.7283232573694352,1.7043992351874062
2.8890099999999848,1.6972722952431016,1.6684328809167783,1.6984528443258362
2.8906390000000215,1.6972722952431016,1.6066253262540784,1.7164396941884696
2.8926199999999653,1.6965375563576233,1.745109616305582,1.6416599400077858
2.8946039999999584,1.6965375563576233,1.740287887584273,1.669981416991905
2.8965919999999983,1.6965375563576233,1.7622805478249361,1.7690713641862112
2.8986739999999713,1.6962933577899866,1.5994496494597221,1.697655882093409
2.9005450000000224,1.6962933577899866,1.6838987845821909,1.70974835706935
2.9025270000000205,1.6962933577899866,1.6723640956811732,1.7784856425476223
2.904504999999972,1.6971335858495376,1.645166780631537,1.7358149121755493
2.906497999999999,1.6971335858495376,1.703288317891002,1.804180644020197
2.9088160000000016,1.6968849963440613,1.7102651837757283,1.6856840376965947
2.910448000000031,1.6968849963440613,1.6805575091060925,1.6804275872688954
2.912429999999972,1.6968849963440613,1.7768762367011743,1.6868828361654775
2.9144110000000296,1.6970546077984388,1.5950955735037007,1.7193877588590676
2.916405999999995,1.6970546077984388,1.7165868647396434,1.7446806155481283
2.918488000000025,1.6970546077984388,1.6294570575540939,1.7212212641891147
2.920355000000029,1.6977748490438207,1.7013764723933948,1.7366510991498132
2.92233600000003,1.6977748490438207,1.7178226259098,1.6526613691189151
2.924318000000028,1.6977748490438207,1.7619799716151376,1.6897568234971754
2.926308000000006,1.6983523020166047,1.682054552468446,1.7476110234425224
2.9286480000000665,1.6983523020166047,1.7047315950625905,1.691432480521706
2.9302730000000565,1.6983523020166047,1.5838756931489006,1.6330181196893985
2.932241000000033,1.6986641519960217,1.7544640008763208,1.7600715942784346
2.9342300000000137,1.6986641519960217,1.7266919290373215,1.654490173655277
2.9362130000000093,1.6989451335492796,1.705455418889887,1.6921807392926096
2.9383100000000013,1.6989451335492796,1.7056384098152644,1.7014076409427605
2.940167000000031,1.6989451335492796,1.6646542244795357,1.6093889930496617
2.9421480000000315,1.6988593940861836,1.6745873336094166,1.6479613012929981
2.944129999999973,1.6988593940861836,1.6610530241928942,1.67509994035169
2.9461149999999634,1.6988593940861836,1.653280612165249,1.7454316611035923
2.9484429999999975,1.699010623387843,1.7070453133859689,1.7109019102218104
2.950074000000029,1.699010623387843,1.7688871556294152,1.8307993793575652
2.952054999999973,1.699010623387843,1.6747995476510704,1.7958485928681853
2.954041000000018,1.6982587512331526,1.7040745210905133,1.6863398468531274
2.9560180000000287,1.6982587512331526,1.6885671547391476,1.707638536386461
2.9581140000000232,1.697685138887347,1.6873644922898292,1.6514254110629942
2.9599789999999757,1.697685138887347,1.682622869137589,1.6592943823470003
2.9619610000000307,1.697685138887347,1.775871880757,1.6532046524321111
2.9639420000000314,1.697282330091658,1.6919016168656917,1.609093920946704
2.965936000000056,1.697282330091658,1.741977910803714,1.6436363464745554
2.9682640000000333,1.697282330091658,1.6945008239994563,1.7711118157966999
2.969891999999959,1.696723041275316,1.7826218340200994,1.7260794952156615
2.971866000000034,1.696723041275316,1.7611284770825117,1.5967446258518512
2.973858000000007,1.696723041275316,1.7366749365548622,1.672936130012344
2.9758280000000354,1.696514776770048,1.7323174872862217,1.7345242264019796
2.977923999999973,1.696514776770048,1.7279819348036032,1.6621837838235103
2.979801000000009,1.696514776770048,1.6722720579620725,1.7122435982624042
2.9817820000000097,1.697316466154757,1.7096321792836393,1.5781943785310513
2.983754000000033,1.697316466154757,1.8144056811454177,1.6127592305698817
2.985735000000034,1.6969773740299348,1.718662869915335,1.6648297953821745
2.988075999999978,1.6969773740299348,1.667020848525746,1.7008448168430934
2.9897040000000175,1.6969773740299348,1.6238575724426625,1.712455761142844
2.9916789999999764,1.6974681071205384,1.6733521103428162,1.6020385907772172
2.9936650000000213,1.6974681071205384,1.6396750203727517,1.6934197334193124
2.9956419999999753,1.6974681071205384,1.715807307490888,1.7436756031638732
2.997745000000009,1.6987774804727926,1.6304102547775576,1.6339456467824374
2.9996039999999766,1.6987774804727926,1.6235734614357817,1.6966320390943923
3.001585000000034,1.6987774804727926,1.7084202082641626,1.7045988202472309
3.0035649999999805,1.6994496135108916,1.6232394627854887,1.7350629176711154
3.0055550000000153,1.6994496135108916,1.7093058042814169,1.7149111555108707
3.0078890000000342,1.6999652915887196,1.7796156446176759,1.697661671767149
3.009531999999979,1.6999652915887196,1.7199132460545168,1.6817898632090127
3.011494999999968,1.6999652915887196,1.7350628868139673,1.697722197570842
3.0134729999999763,1.700468427412399,1.7301794724737467,1.7897543206351414
3.015454000000034,1.700468427412399,1.6042364437652985,1.6411936505163365
3.017548999999974,1.700468427412399,1.5899963260392822,1.6466951705571973
3.0194150000000377,1.7008100067227168,1.722715003992865,1.7113737879382218
3.021404000000018,1.7008100067227168,1.734667027984968,1.6335106084263897
3.0233890000000088,1.7008100067227168,1.7238961777581565,1.6285876036238691
3.0253680000000145,1.7011044227025183,1.7158960269962742,1.821489883844295
3.0276850000000195,1.7011044227025183,1.6666598418402683,1.707931495835677
3.0293290000000184,1.700697593582591,1.7203364690523966,1.7255412379480972
3.0313130000000115,1.700697593582591,1.7448010413590258,1.6942006946131967
3.033285000000035,1.700697593582591,1.6763210579212475,1.744690280588485
3.0352760000000103,1.7001913811643197,1.6595640138988532,1.7136698316157035
3.037371000000064,1.7001913811643197,1.6318586926620968,1.650101935081171
3.03922799999998,1.7001913811643197,1.6341925074009334,1.7200691334546487
3.0412090000000376,1.699749068128269,1.6780776494251974,1.6667455990243805
3.043190999999979,1.699749068128269,1.7083980068015021,1.6819756103498638
3.0451720000000364,1.699749068128269,1.7695882647490204,1.668083589546661
3.047505000000001,1.699497569218771,1.6695375051889851,1.619439695328379
3.0491380000000277,1.699497569218771,1.6388550505963289,1.7335042965681846
3.051127000000008,1.699497569218771,1.71248045074859,1.627270582808261
3.053096000000039,1.6992678265732488,1.672140877273513,1.700960223185132
3.055084000000022,1.6992678265732488,1.760735379481811,1.5813114210620496
3.057183000000009,1.6995801370966868,1.735561074313207,1.749547001662246
3.059041000000036,1.6995801370966868,1.728046977397178,1.7041318136671466
3.06102199999998,1.6995801370966868,1.6296490474691085,1.6871792101037588
3.0630070000000273,1.7000177823154714,1.6694167746607873,1.6972895285814797
3.0649850000000356,1.7000177823154714,1.750411159487742,1.7149314020690727
3.067307000000028,1.7000177823154714,1.6882248769443304,1.7267661443244844
3.0689570000000117,1.700274326413329,1.5891709648636971,1.7403612067975787
3.070933000000025,1.700274326413329,1.7834868685496632,1.7570384336033495
3.072919000000013,1.700274326413329,1.6844903627548795,1.7958455259615143
3.0748890000000415,1.7007717460969565,1.7162049070272343,1.710819536519975
3.076995000000011,1.7007717460969565,1.7213854760523912,1.6643580457624954
3.078852999999981,1.7021759413721305,1.6956314032777096,1.7057621668420944
3.0808340000000385,1.7021759413721305,1.7613617035939422,1.5881398516182548
3.0828260000000114,1.7021759413721305,1.6937481204748333,1.6385908089117736
3.084807000000012,1.7023587235403768,1.6861540176666916,1.713008468289438
3.0871369999999843,1.7023587235403768,1.8249367877849578,1.6751439409266409
3.0887590000000387,1.7023587235403768,1.6208931903325394,1.7302590346097464
3.090755999999999,1.7032675669915083,1.7112831605984664,1.6944472276845859
3.092727000000025,1.7032675669915083,1.722236283013174,1.7089145183959389
3.094703000000038,1.7032675669915083,1.7337866339095973,1.684486940990723
3.0968070000000125,1.703305566960906,1.8008145407185427,1.7242507312143465
3.0986650000000395,1.703305566960906,1.710223220141075,1.6745196517967813
3.100656000000015,1.703305566960906,1.6480685386601697,1.6360997979443568
3.102627000000041,1.7035483827522973,1.7158621207082196,1.7547091936273935
3.104608999999982,1.7035483827522973,1.7009388480959213,1.7301178627312863
3.1069310000000314,1.7040568677543995,1.7627592935069052,1.7311454337646668
3.108581000000015,1.7040568677543995,1.7392133754430323,1.7935017110269698
3.1105590000000234,1.7040568677543995,1.693783767454842,1.6466412349489083
3.1125370000000316,1.7035301787725037,1.6802435071100017,1.749474925224097
3.1145140000000424,1.7035301787725037,1.7237860566471865,1.7134063323569213
3.1166130000000294,1.7035301787725037,1.717385767709779,1.623974378457169
3.1184769999999844,1.7031663553100054,1.6236430853017487,1.7152112095972172
3.120458000000042,1.7031663553100054,1.6327919957362969,1.7351667293686357
3.122450000000015,1.7031663553100054,1.726741747018064,1.6501783761998616
3.124424999999974,1.7029145585118248,1.6539355845285557,1.6748308882048122
3.1267669999999725,1.7029145585118248,1.6335240645073033,1.6825522631290426
3.128393000000017,1.7029145585118248,1.718784825947803,1.6545737771477973
3.130371000000025,1.702635299370764,1.6421790471265465,1.7440150763255842
3.1323510000000283,1.702635299370764,1.6887926490678105,1.7819355654675655
3.1343370000000164,1.702635299370764,1.7396489902415673,1.6769560603108675
3.1364260000000286,1.702855772872031,1.6447480585242584,1.6943829025963857
3.1382900000000404,1.702855772872031,1.7288241539534215,1.7163584290839244
3.1402709999999843,1.7041597564210713,1.7439817648212006,1.7592287122968897
3.142252000000042,1.7041597564210713,1.6527714450050475,1.6273919318090215
3.1442440000000147,1.7041597564210713,1.7793955835554534,1.713931407011497
3.1465709999999945,1.7045985559857724,1.6651632451129534,1.6700404975156367
3.1481959999999845,1.7045985559857724,1.719708870341014,1.7038639322525109
3.1501870000000167,1.7045985559857724,1.6513913019695665,1.6963224968756445
3.15217100000001,1.7050064899940207,1.6636492234539217,1.742443364961879
3.1541430000000332,1.7050064899940207,1.776754263633177,1.7201109270775632
3.1562380000000303,1.7062591259703506,1.7914523440376406,1.6830325241658328
3.158096999999998,1.7062591259703506,1.752675020920907,1.6929582255308742
3.160083000000043,1.7062591259703506,1.6813276300139326,1.727484515392846
3.1620639999999867,1.7070490153416278,1.6544694239962308,1.6586670737365474
3.164045000000044,1.7070490153416278,1.6152777133993044,1.7478283820682867
3.16640000000001,1.7070490153416278,1.7160519716906895,1.6244606259556056
3.1680070000000455,1.708154204617564,1.619009791325902,1.8243899559333798
3.169988999999987,1.708154204617564,1.6892062068727607,1.7812969568438486
3.1719810000000166,1.708154204617564,1.7317761183246296,1.7129757212493555
3.173955000000035,1.7081353201861325,1.6598769525385602,1.733285898936668
3.176049999999975,1.7081353201861325,1.702469376674172,1.689402104715035
3.177913999999987,1.708928052146147,1.6841197184322867,1.7003850510756284
3.1798949999999877,1.708928052146147,1.731780225906501,1.728836952724455
3.1818759999999884,1.708928052146147,1.7072400968380317,1.7007574116953719
3.183866000000023,1.7090148238730758,1.6734442195511792,1.685975456931439
3.1861840000000257,1.7090148238730758,1.6390992189885074,1.7496763036548297
3.187819999999988,1.7090148238730758,1.8049805320739203,1.695179918476201
3.1898070000000303,1.7089866199110368,1.6753572367823604,1.7117124977187352
3.1917819999999892,1.7089866199110368,1.6627914812391957,1.6991096908918435
3.193768000000034,1.7089866199110368,1.7671499234809902,1.710975469296407
3.195871000000011,1.7085039690665371,1.7001301742048036,1.7093951284483697
3.1977260000000456,1.7085039690665371,1.7550001351480982,1.6504886528020757
3.199717000000021,1.7085039690665371,1.7074406949141265,1.5959489140168353
3.2016930000000343,1.7080199293674374,1.7195177215810402,1.6868738929497218
3.203670000000045,1.7080199293674374,1.7312691240258145,1.7438659992848233
3.2060150000000363,1.70791863737869,1.7048178954027335,1.7459338625989544
3.207634999999982,1.70791863737869,1.6566815797663397,1.7125510521008545
3.2096139999999878,1.70791863737869,1.6845082698826126,1.6569936197689124
3.2115950000000453,1.7080140433113695,1.5989913057200482,1.6250270434375806
3.2135830000000283,1.7080140433113695,1.7404352795046494,1.7306630512833083
3.2156909999999925,1.7080140433113695,1.6698764865219384,1.770745380541031
3.2175379999999905,1.708970126360114,1.6462277369053726,1.7128706098425825
3.2195199999999886,1.708970126360114,1.7399809215396955,1.7910142962937246
3.2215100000000234,1.708970126360114,1.7073484328840027,1.745134182380716
3.2234829999999874,1.709614274085346,1.7656174056381755,1.6976319103633823
3.225812000000019,1.709614274085346,1.6028318536335902,1.650612861758507
3.2274550000000204,1.709614274085346,1.6911370933892,1.677164015331675
3.2294310000000337,1.7099421859183346,1.6795853821929883,1.597355383674424
3.23140699999999,1.7099421859183346,1.7484388374907756,1.7285839488295034
3.233389000000045,1.7112449889549315,1.7199967619783654,1.7241689794290636
3.235504999999989,1.7112449889549315,1.791693175895631,1.7530435197079544
3.2373510000000465,1.7112449889549315,1.796022901554792,1.700621069452721
3.239330999999993,1.7122207361631554,1.7464651471598076,1.6818415423860111
3.241312999999991,1.7122207361631554,1.7261964356203459,1.7147079679356867
3.2432939999999917,1.7122207361631554,1.642211367553406,1.694243531642812
3.2456300000000056,1.7130343784236044,1.7420022112288693,1.7506716975611119
3.2472570000000474,1.7130343784236044,1.8189987404243093,1.779669887606634
3.249248000000023,1.7130343784236044,1.7781591356197266,1.6828066840350357
3.2512179999999944,1.7133325704936344,1.68582013677797,1.7858887039654225
3.2532050000000368,1.7133325704936344,1.6990236552396036,1.7743990671461394
3.2553230000000326,1.713659934188349,1.8029625054378933,1.6951143489702831
3.257161999999994,1.713659934188349,1.6571904554643497,1.7241893356342142
3.259144000000049,1.713659934188349,1.7267882131263836,1.693222339765659
3.26112999999998,1.7140636600677779,1.6809981888481005,1.6994997233694735
3.263106999999991,1.7140636600677779,1.690580597497977,1.6671774233436214
3.2654320000000325,1.7140636600677779,1.7342149926238062,1.6641992245143236
3.2670689999999922,1.7142271810287142,1.743655506052965,1.7237853808174477
3.2690529999999853,1.7142271810287142,1.6900918061759596,1.6692021639634838
3.2710439999999608,1.7142271810287142,1.7577640325346087,1.6672353250052627
3.2730190000000334,1.7143488020783801,1.7509483529895469,1.7644679303896427
3.2751200000000154,1.7143488020783801,1.7530463493000048,1.7620892071049448
3.2769759999999906,1.7139854207168448,1.7247806199442013,1.720666990842745
3.2789600000000405,1.7139854207168448,1.7888948993794602,1.6938369352817644
3.280939999999987,1.7139854207168448,1.6640576121516997,1.7827498088441975
3.282929000000024,1.7139856808415315,1.7228104704377987,1.6559746078279962
3.285257999999999,1.7139856808415315,1.6961814273815559,1.7239802413257959
3.2868839999999864,1.7139856808415315,1.7314901065591768,1.6389001997984072
3.2888639999999896,1.7141940145378225,1.7698999867486156,1.6773762931673015
3.290846999999985,1.7141940145378225,1.6492097021719938,1.6810691481638924
3.2928379999999606,1.7141940145378225,1.7144881889211765,1.7442474905414402
3.2949299999999653,1.714554886387659,1.6872451125593058,1.6816599918381543
3.296796000000029,1.714554886387659,1.774395715677552,1.6984019136191293
3.2987750000000347,1.714554886387659,1.7934323707683244,1.6905030881654455
3.300753000000043,1.7153825474378703,1.6578941759084118,1.7069766425992812
3.3027339999999867,1.7153825474378703,1.7454370894977593,1.7221548538712057
3.305058000000031,1.7163279747851605,1.8831289942500369,1.7038097264810792
3.30669800000004,1.7163279747851605,1.727060409746206,1.7465569005552042
3.3086779999999862,1.7163279747851605,1.7149757117390614,1.7975910088604636
3.3106610000000387,1.7172524091730828,1.7380907885867014,1.7805454996468904
3.3126399999999876,1.7172524091730828,1.763269763006479,1.8152245086424115
3.3147500000000036,1.7172524091730828,1.787353822087297,1.6937884507498386
3.316607000000033,1.7182612424158312,1.7968612156631922,1.746298097223636
3.318581999999992,1.7182612424158312,1.668889782990605,1.7228548889011241
3.3205730000000244,1.7182612424158312,1.777439584176356,1.8143611745145005
3.3225419999999986,1.7192169181300792,1.7167094358451116,1.750640125951621
3.32487900000001,1.7192169181300792,1.710565564792774,1.749464647294022
3.3265109999999822,1.7197371852064656,1.7067053808020765,1.7355722203004817
3.328487999999993,1.7197371852064656,1.7571305833100592,1.708057682114273
3.330471999999986,1.7197371852064656,1.6940742616285562,1.8330643533888078
3.3324479999999994,1.7200106725462458,1.7881474178945989,1.6610206246367483
3.334547999999984,1.7200106725462458,1.7125629104212607,1.7132441115621089
3.336418999999978,1.7200106725462458,1.7607828262943426,1.7654747643519926
3.338391999999999,1.7205196476651434,1.7488184222833314,1.6867774276316103
3.340375999999992,1.7205196476651434,1.6704116612177204,1.7079458249580732
3.342366000000027,1.7205196476651434,1.6755887791898412,1.770195396776238
3.3446820000000343,1.7207552184612496,1.754173985372738,1.7108960429997055
3.3463220000000433,1.7207552184612496,1.652500433728389,1.6640479714541736
3.348307000000034,1.720752388893065,1.7279791272837302,1.8107029494936147
3.3502809999999954,1.720752388893065,1.6973327744918565,1.721370237396409
3.352261999999996,1.720752388893065,1.7001483200793472,1.7031558319604923
3.3543600000000424,1.720143510905263,1.7391412252860332,1.782447166852673
3.3562240000000543,1.720143510905263,1.7861785149327138,1.6743941395780073
3.358210999999983,1.720143510905263,1.7471624034284834,1.6511514152965958
3.3601860000000556,1.7206831968201841,1.6525039556750578,1.7114799277621389
3.362167999999997,1.7206831968201841,1.723137799227901,1.731041284950153
3.3645099999999957,1.7207339220053721,1.7629742345304147,1.643474096336381
3.3661390000000324,1.7207339220053721,1.7043770970696126,1.6961811853194169
3.368111000000056,1.7207339220053721,1.7156141344727023,1.726508650643334
3.370092999999997,1.721068210597657,1.693662769494908,1.6989589285609739
3.372079000000042,1.721068210597657,1.776701992911886,1.6813480266579122
3.3741719999999873,1.721068210597657,1.6705980099961213,1.67484934797213
3.376035999999999,1.7216741138779144,1.7009209947696373,1.71363753188618
3.3780360000000087,1.7216741138779144,1.668975191182488,1.742180982498867
3.3800030000000447,1.7216741138779144,1.76116126453574,1.7115726790055015
3.381985000000043,1.7226098023741225,1.6710594213203078,1.6566533692531873
3.384306000000038,1.7226098023741225,1.6853609488857593,1.6929286876538072
3.3859429999999975,1.7226098023741225,1.7067196981789545,1.7522782684702103
3.3879230000000007,1.7234398749764073,1.729493859172494,1.7245216524947684
3.3899079999999913,1.7234398749764073,1.7040097802511003,1.6441674668098656
3.3918959999999743,1.7234398749764073,1.7236308419750637,1.8240588864725193
3.3939940000000206,1.7242838307672317,1.6282254531338147,1.7610604988130947
3.395848000000001,1.7242838307672317,1.7582084474398605,1.7628457807717584
3.3978460000000155,1.7242838307672317,1.7402298206842701,1.6999021810315682
3.399810000000002,1.7253426431641512,1.7286989982532854,1.7327088004427045
3.4017920000000004,1.7253426431641512,1.6005332760025008,1.7013639581125692
3.4041280000000143,1.7260998551490225,1.7276669437982033,1.7539917747900784
3.405754999999999,1.7260998551490225,1.69173565757311,1.7517169964818646
3.407736,1.7260998551490225,1.6938264759061257,1.6288446391125821
3.409716000000003,1.7262650567662143,1.725107455098855,1.790418648982634
3.4116989999999987,1.7262650567662143,1.78609361035219,1.763441756341307
3.4138110000000665,1.7262650567662143,1.8182482890746587,1.760472474144841
3.4156600000000026,1.7266790148376843,1.7868293779848186,1.6917133085332392
3.4176480000000424,1.7266790148376843,1.7200772057978073,1.7428961189115928
3.419636999999966,1.7266790148376843,1.8076434996283524,1.6370493512643243
3.421604000000002,1.7268615416602686,1.8008787249327407,1.7552307102461808
3.4239299999999844,1.7268615416602686,1.7305109930514357,1.7214694086398916
3.4255670000000578,1.726816696400539,1.6341796751680662,1.7592618210531574
3.4275480000000016,1.726816696400539,1.6842371314231468,1.6614677757053324
3.429529000000059,1.726816696400539,1.618011753577829,1.690007014599298
3.4315090000000055,1.7263937064185761,1.7029183203856841,1.7099411645637383
3.433618000000024,1.7263937064185761,1.7300200619452129,1.7318821301325549
3.435475999999994,1.7263937064185761,1.6409139637437558,1.7441750206129691
3.437453000000005,1.726895440200364,1.771490103933651,1.8023282156341227
3.439440999999988,1.726895440200364,1.7361013841896864,1.7101578733625802
3.441427000000033,1.726895440200364,1.6352962830663338,1.6970213375750762
3.4437580000000025,1.72699569738955,1.7378911435526039,1.7939369587746037
3.4453790000000026,1.72699569738955,1.6378454108018996,1.6974788656881241
3.44736000000006,1.7269855327155548,1.8311386667083518,1.7607461728616431
3.449341000000004,1.7269855327155548,1.662903628798562,1.6786155514392946
3.451323000000002,1.7269855327155548,1.6798178743071064,1.6895230585732461
3.453420000000051,1.7275854629431389,1.7051359256868976,1.808019628826403
3.455295000000035,1.7275854629431389,1.73319665500173,1.7708371422204983
3.4572730000000433,1.7275854629431389,1.7068052209905347,1.7527902988844823
3.4592499999999973,1.7290261708314258,1.6500126110303626,1.7862703562198188
3.461229000000003,1.7290261708314258,1.7328548635697358,1.7420405615609988
3.463572000000056,1.7297552767771125,1.7002491410550358,1.7130153298228696
3.4651910000000044,1.7297552767771125,1.6993027748198886,1.7078904320345265
3.467183000000034,1.7297552767771125,1.8091199771328648,1.751398689457897
3.469157999999993,1.7308796215718933,1.7102959824142472,1.723703279519244
3.471135000000004,1.7308796215718933,1.7136303072327608,1.7144572398254445
3.4732329999999934,1.7308796215718933,1.737977233752317,1.8158608619390346
3.475097000000005,1.7315711905155298,1.7558926923494873,1.764212494709434
3.4770790000000034,1.7315711905155298,1.7447097729675738,1.6872660248411553
3.4790629999999965,1.7315711905155298,1.6128566717927404,1.8093390644212106
3.4810400000000072,1.7326551703838375,1.7168918779540412,1.6961726894737106
3.4833790000000135,1.7326551703838375,1.7126572399152389,1.7268536600158664
3.4850119999999833,1.7326551703838375,1.6720786305159008,1.734053947277447
3.486985000000061,1.7327633073850606,1.6681193486700672,1.7754533631812974
3.488966000000005,1.7327633073850606,1.7876452453194716,1.7748809507729189
3.4909470000000624,1.7327633073850606,1.7386412222163843,1.6766376371616807
3.4930439999999976,1.7330940110787896,1.7055307600131382,1.764619048566574
3.494911000000002,1.7330940110787896,1.749216512461295,1.698707777800667
3.496891000000005,1.7329050119832725,1.7932484805745388,1.7476619485477782
3.4988720000000058,1.7329050119832725,1.7584660512538983,1.6719473591980245
3.5008589999999913,1.7329050119832725,1.800375917304205,1.770820055639951
3.503182000000038,1.7330645963012319,1.745914193078471,1.6924713909503941
3.5048160000000053,1.7330645963012319,1.76701451238035,1.7628983623249794
3.506797000000006,1.7330645963012319,1.721411437348376,1.7288423817109193
3.508777000000009,1.732565073868373,1.7924361855773538,1.7761575032238777
3.5107590000000073,1.732565073868373,1.8168571357060925,1.7383888222711732
3.5128720000000158,1.732565073868373,1.7419735079031962,1.7479256168704005
3.5147300000000428,1.7326873786222223,1.6683858985284477,1.6993759473691592
3.516703000000007,1.7326873786222223,1.7388585560095988,1.7400555753565412
3.5186840000000075,1.7326873786222223,1.7281061540820115,1.6420120286402162
3.5206680000000006,1.732605815276363,1.7662851879071118,1.7727671432843612
3.523000999999965,1.732605815276363,1.7149207386494099,1.8388944693315985
3.524628000000007,1.7327844566069237,1.737946101205857,1.7408571776397792
3.5266189999999824,1.7327844566069237,1.7627187331440746,1.7815511642212805
3.5285930000000008,1.7327844566069237,1.7000309679798071,1.6933705842281193
3.530571000000009,1.7332671504566215,1.7491515939320026,1.7682145170189592
3.532670000000053,1.7332671504566215,1.7450283722463646,1.753531102098855
3.534542999999985,1.7332671504566215,1.622445900673208,1.763563370959255
3.5365240000000426,1.7347383627713457,1.7277328812812862,1.7569501515178936
3.5384970000000067,1.7347383627713457,1.6610542032132183,1.7362012791438315
3.540494000000024,1.7347383627713457,1.803963498435453,1.723697691796965
3.542808999999977,1.735222591825286,1.7051110459022318,1.7106152357458606
3.5444400000000087,1.735222591825286,1.7122498127349566,1.813707037864547
3.5464260000000536,1.7362831522379476,1.7761246346619346,1.7455534205168215
3.5484030000000075,1.7362831522379476,1.6164499866257143,1.7252673561853933
3.550384000000008,1.7362831522379476,1.6773221931929847,1.8017508856997653
3.552481,1.7371867657061013,1.800942716497012,1.7698326245411682
3.5543539999999894,1.7371867657061013,1.733978707111875,1.7715512856053335
3.5563280000000077,1.7371867657061013,1.6631328413464432,1.7519378743067968
3.558308000000011,1.7379581212953987,1.6989767399701836,1.8175746358894374
3.560304999999971,1.7379581212953987,1.6703208788253214,1.7178037545075826
3.5626480000000242,1.7379581212953987,1.7040755865385193,1.7091618873993712
3.564250999999956,1.7381020281851602,1.7185168483771964,1.6944311171746365
3.566233000000011,1.7381020281851602,1.8252544706125438,1.7487956579226884
3.5682150000000092,1.7383896531302825,1.6834655385307955,1.7656275632719223
3.5702040000000466,1.7383896531302825,1.6683816450467353,1.696251266643798
3.5722939999999994,1.7383896531302825,1.7233449238793126,1.7745465283191006
3.5741580000000113,1.7386565189387968,1.7397318704285363,1.7558213910227767
3.5761400000000094,1.7386565189387968,1.7212317464619706,1.8063353375031923
3.57812100000001,1.7386565189387968,1.7350842671935789,1.8258560866814886
3.5801010000000133,1.738373069437209,1.818833177591077,1.707790392876366
3.5824569999999767,1.738373069437209,1.6824670145081386,1.7127280094026702
3.584069999999997,1.738373069437209,1.7279222566303614,1.682174222372774
3.586045000000013,1.7377301850414262,1.8079799500463412,1.7282398130278076
3.588027000000011,1.7377301850414262,1.823817787649529,1.639490550652709
3.590016999999989,1.7377301850414262,1.754629471786846,1.6849769534413062
3.5921050000000605,1.7374366179366827,1.6469493887274018,1.7788748362405764
3.593970000000013,1.7374366179366827,1.7767657491715407,1.7737176448966847
3.595956000000001,1.7376034603279678,1.7798911409368048,1.7805408350427085
3.597933000000012,1.7376034603279678,1.7554281085458883,1.751318374009636
3.5999139999999556,1.7376034603279678,1.7165523693370248,1.7624851388453047
3.6022690000000352,1.737760779549737,1.7019609527950976,1.785544929358872
3.6038770000000113,1.737760779549737,1.7843936005480803,1.717533761295686
3.605867000000046,1.737760779549737,1.7589209881198975,1.7671088658066358
3.60784799999999,1.7383674458414802,1.7938995225303698,1.784651843905017
3.6098200000000134,1.7383674458414802,1.7254818040203785,1.755257303894214
3.6119190000000003,1.7395321794203298,1.7635913956467129,1.7373299101226998
3.613783000000012,1.7395321794203298,1.6874095728022802,1.7942219858980628
3.6157650000000103,1.7395321794203298,1.817549660047592,1.6267429019310709
3.6177450000000135,1.7400257234672725,1.829963636794466,1.6044215125889898
3.6197270000000117,1.7400257234672725,1.7392387109300724,1.7240881099231056
3.622062000000028,1.7400257234672725,1.650602511014923,1.6617907558595448
3.623691000000008,1.740811744238974,1.8021840086100713,1.8285885924925132
3.6256740000000036,1.740811744238974,1.844735017608478,1.8320175685566669
3.6276510000000144,1.740811744238974,1.7242354072141421,1.7509140474413059
3.62964199999999,1.7416637933395587,1.7244895218931113,1.6501835349238294
3.6317379999999844,1.7416637933395587,1.7246758306303849,1.6844491977980827
3.633595000000014,1.7416637933395587,1.7276749217854346,1.698903250368937
3.635575000000017,1.742200401260107,1.7978003309481547,1.7330721522863717
3.6375580000000127,1.742200401260107,1.7677160932746883,1.6382198273888173
3.6395389999999566,1.7418565604263163,1.6884042506567214,1.8185800798410034
3.6418800000000147,1.7418565604263163,1.7281542697020307,1.7281013342086546
3.643509999999992,1.7418565604263163,1.7569442381906002,1.7197117037118477
3.6454820000000154,1.7422080681512122,1.7106145579172338,1.7618805490372589
3.6474629999999593,1.7422080681512122,1.7641800606660247,1.7330809434644918
3.6494450000000143,1.7422080681512122,1.7483885599233218,1.665483989619503
3.6515430000000038,1.742252620653904,1.7980974974399795,1.8093339187185142
3.653412000000003,1.742252620653904,1.7798948761413547,1.705359761136648
3.6553930000000605,1.742252620653904,1.7197337022145511,1.7214679366310834
3.657369000000017,1.7420398232752092,1.7441768080485107,1.7980902067266171
3.659351000000015,1.7420398232752092,1.7037336733651058,1.6698311484587545
3.661687000000029,1.7412874135607757,1.844484889204096,1.717783504145235
3.663316000000009,1.7412874135607757,1.7752629873923658,1.8014897089870638
3.6652950000000146,1.7412874135607757,1.6716008027839069,1.7449214755642994
3.667284000000052,1.7406172754068794,1.728828880513956,1.687244701482092
3.669257000000016,1.7406172754068794,1.6593213384955243,1.720876030365125
3.6713570000000004,1.7406172754068794,1.719343945337397,1.7045178087957529
3.6732190000000173,1.7408283502896458,1.7446607104913847,1.6588658607714772
3.6752010000000155,1.7408283502896458,1.783919584541155,1.6627398659979977
3.677182000000016,1.7408283502896458,1.7910190438993614,1.7297475565065257
3.6791749999999865,1.740803026878067,1.6723149997512772,1.6389896095956709
3.681500999999969,1.740803026878067,1.7495868960601089,1.6925887519218594
3.6831390000000397,1.740803026878067,1.7568323516689075,1.6698618680762236
3.6851100000000656,1.7412141279875082,1.7454972879268078,1.7240168907655835
3.6870910000000094,1.7412141279875082,1.6659956418232054,1.7639048364517507
3.6890769999999975,1.741992338726946,1.7012696543467647,1.7121848718177348
3.691174999999987,1.741992338726946,1.732699889548184,1.7334038581440139
3.6930340000000115,1.741992338726946,1.780685674345898,1.7898403322406844
3.6950160000000096,1.7422444888411237,1.6957630337686374,1.6897020514023293
3.696996000000013,1.7422444888411237,1.7144129868769078,1.7403609234482014
3.6989770000000135,1.7422444888411237,1.7290405268458338,1.7990128348708614
3.7013019999999983,1.7427799879290276,1.6610291579842649,1.8227783584616415
3.7029489999999896,1.7427799879290276,1.7230178117421764,1.8007327853771982
3.704928999999993,1.7427799879290276,1.761740762074677,1.700805938230824
3.706901000000016,1.743831633622235,1.6949554842029015,1.704406492358738
3.7088830000000144,1.743831633622235,1.7195652635693606,1.777672113697844
3.710998000000018,1.743831633622235,1.7142178802731582,1.788380408435678
3.7128490000000625,1.743908502761726,1.7757289289723197,1.7853034072554042
3.714826999999957,1.743908502761726,1.660673616002334,1.6409823182324281
3.716809000000012,1.7442441578436336,1.7160735952754695,1.660713716264494
3.71879100000001,1.7442441578436336,1.8201645340041552,1.801236035066512
3.721144000000038,1.7442441578436336,1.8000137128213034,1.7568862676156776
3.722750000000019,1.7441870035453018,1.796337382575599,1.7509623543563106
3.724734000000012,1.7441870035453018,1.812155357646374,1.7217706762186453
3.726721999999995,1.7441870035453018,1.6956461559567946,1.6993148317635967
3.728693000000021,1.7440079891391576,1.8074776800080612,1.7361284941726618
3.730792000000008,1.7440079891391576,1.639034200158453,1.7042579070790786
3.732658000000015,1.7436138891899753,1.7156456357882348,1.7300989193505474
3.734642000000008,1.7436138891899753,1.7747755797859384,1.8559610486071538
3.736619000000019,1.7436138891899753,1.7531101102683853,1.754640035625345
3.7386000000000195,1.7427726989740817,1.7537800105778456,1.7081071495957294
3.7409250000000043,1.7427726989740817,1.6942160702016371,1.7118021691871925
3.742562000000021,1.7427726989740817,1.601186928385407,1.7358253325154356
3.7445490000000063,1.7419987571531044,1.7609582788444362,1.6491929251066104
3.746524000000022,1.7419987571531044,1.7922362000887675,1.7691066723067281
3.7485149999999976,1.7419987571531044,1.7471250286227495,1.8278687880970637
3.7506139999999846,1.741874185995416,1.7538169635426164,1.7654591975342298
3.752467999999965,1.741874185995416,1.7599892882175499,1.7097764576702446
3.754459000000054,1.741874185995416,1.699235821120451,1.7113272630220797
3.7564390000000003,1.7417466553968532,1.733593862036988,1.7320503902891018
3.758412000000021,1.7417466553968532,1.6818570070186618,1.7464029510323575
3.7607509999999706,1.7419109468000158,1.7926884565145378,1.737985614863589
3.762382000000059,1.7419109468000158,1.6253964877393212,1.7571822922547737
3.7643560000000207,1.7419109468000158,1.7278720310484441,1.7292097834447842
3.766343000000006,1.7423830542476044,1.8286555872738963,1.7930631063511417
3.7683170000000246,1.7423830542476044,1.7654906918120026,1.641040661646792
3.7704160000000115,1.7423830542476044,1.6849359620727085,1.679917353718871
3.7722800000000234,1.7430149802810386,1.7639269218278573,1.7942475771898534
3.7742619999999647,1.7430149802810386,1.782744588979021,1.722716348750386
3.7762440000000197,1.7430149802810386,1.7508314567718537,1.743638488557276
3.7782229999999686,1.7434562363027881,1.7715948970641282,1.7202327483723059
3.780552,1.7434562363027881,1.68152650354448,1.6710166439782221
3.7821970000000533,1.7438739147196232,1.7088049651720119,1.7583663267837635
3.7841740000000073,1.7438739147196232,1.7602938970092112,1.748866677674549
3.7861520000000155,1.7438739147196232,1.727326549261734,1.8846027946710853
3.7881399999999985,1.7443465673138745,1.721963684874729,1.7493165882217605
3.7902280000000133,1.7443465673138745,1.6931807938010361,1.8100073245341843
3.7920929999999657,1.7443465673138745,1.8138737109186818,1.7403921668779965
3.7940790000000106,1.7447924476725971,1.749420831659425,1.8111938434452215
3.796054999999967,1.7447924476725971,1.7933243029378092,1.7093605657072422
3.798046999999997,1.7447924476725971,1.6352504236102428,1.6866115701215854
3.800373000000036,1.7447458696170568,1.7913703527942941,1.6821758465576526
3.8019990000000234,1.7447458696170568,1.6877708796735886,1.7115427134479857
3.8039929999999913,1.7447458696170568,1.730869714797185,1.7215455550436198
3.805971999999997,1.7441776301365777,1.753501193142283,1.6887864817346225
3.807943000000023,1.7441776301365777,1.8429148020181811,1.7859861659246785
3.810040000000015,1.7440690813391238,1.8347076814923793,1.589533083414384
3.8119050000000243,1.7440690813391238,1.7404863770224506,1.7719267192257357
3.813885999999968,1.7440690813391238,1.7650613445261267,1.728166865267266
3.815866000000028,1.7432067561394406,1.7130891097550047,1.8224331368737086
3.8178479999999695,1.7432067561394406,1.7452167295592578,1.7351398506621927
3.8201870000000326,1.7432067561394406,1.7421220917802165,1.7348323761418183
3.821809999999971,1.7424076864448013,1.7585026113992697,1.7957352477347248
3.823792000000026,1.7424076864448013,1.7143632844225165,1.6893516158863633
3.825782000000004,1.7424076864448013,1.7669933802932598,1.7390372301732369
3.8277590000000146,1.742179666427562,1.7604907565105308,1.7853052820575273
3.8298619999999914,1.742179666427562,1.6885502852949439,1.7494872893627216
3.831724000000065,1.742179666427562,1.7367647625558758,1.797837975476434
3.833697000000029,1.7421120523343057,1.7155635969721008,1.7105371510109793
3.83568200000002,1.7421120523343057,1.8439979606681665,1.7105336667002322
3.8376610000000255,1.742370824628368,1.8063651427807725,1.7789777998922116
3.839996000000042,1.742370824628368,1.7915666347367811,1.7012398832406261
3.841623000000027,1.742370824628368,1.7175108134731327,1.7059568771969076
3.8436039999999707,1.7429594655258445,1.8351476169266885,1.7417237229726215
3.8455900000000156,1.7429594655258445,1.7257857704582582,1.7660545758977555
3.8475799999999936,1.7429594655258445,1.707470543284674,1.7894608489561061
3.8496639999999616,1.7433907953660075,1.8567338898292638,1.7409715441247955
3.8515350000000126,1.7433907953660075,1.7767780459077473,1.7710091824833478
3.853518000000008,1.7437663281263418,1.7045094615007617,1.8195153665219896
3.855497000000014,1.7437663281263418,1.7244589716438572,1.7913087041464335
3.8574729999999704,1.7437663281263418,1.7827862116879587,1.7328525845452838
3.8597990000000095,1.74410435865787,1.729061252751597,1.7669313203686552
3.8614349999999718,1.74410435865787,1.7396747943741333,1.8358549385912166
3.8634160000000293,1.74410435865787,1.828207227885871,1.7788260146008628
3.8654040000000123,1.7445750372834679,1.7115888534711345,1.7356946864556144
3.867383000000018,1.7445750372834679,1.7213402425080406,1.8474784385593654
3.8694920000000366,1.7445750372834679,1.8844461518014672,1.812930943098262
3.8713450000000194,1.7447765671908408,1.7687036375002334,1.806050965530243
3.87332600000002,1.7447765671908408,1.7700585221892142,1.726754770254167
3.875310000000013,1.7447765671908408,1.821986194630646,1.704790484695433
3.8772840000000315,1.7448614215092872,1.7738518310898206,1.8067287170639106
3.8796199999999885,1.7448614215092872,1.8112546141367665,1.7057501962147994
3.8812470000000303,1.7446478686470894,1.6745418271303836,1.6672400655484187
3.883239000000003,1.7446478686470894,1.769513873113974,1.7765604657411294
3.8852190000000633,1.7446478686470894,1.7367069577424226,1.8259323991360399
3.8871990000000096,1.744541569498178,1.7705194051410609,1.6746994373389497
3.889296999999999,1.744541569498178,1.634802520955817,1.8260256959654866
3.8911540000000286,1.744541569498178,1.6731904293289062,1.7072301668325534
3.893134000000032,1.7437551862621887,1.7417211577947374,1.7661952918976793
3.8951260000000048,1.7437551862621887,1.7814676350356582,1.8027255831869853
3.8970990000000256,1.7437551862621887,1.6787683777553362,1.7417412291490777
3.8994310000000496,1.7426565290715534,1.7154461790649762,1.7775944493282292
3.901058999999975,1.7426565290715534,1.760815415641601,1.7272993991782037
3.90304100000003,1.7423764034898253,1.7378105724659325,1.7931416899595345
3.905031000000008,1.7423764034898253,1.794380409398687,1.8167806651148788
3.907005999999967,1.7423764034898253,1.799674307432091,1.7312925899168514
3.9091170000000375,1.742695305764178,1.6902691746050362,1.713036590882742
3.910965000000033,1.742695305764178,1.7387047845819086,1.7194384547421175
3.912947000000031,1.742695305764178,1.7167511206024268,1.7670046390517464
3.914940999999999,1.7425505175379665,1.80616869729533,1.6864909043134035
3.9169090000000324,1.7425505175379665,1.787836235293997,1.7717385743951983
3.9192580000000135,1.7425505175379665,1.6960996800268404,1.7507371265970912
3.9208710000000337,1.7430221251818612,1.812149504272117,1.7634036652400693
3.922852999999975,1.7430221251818612,1.6771584459473343,1.743978020474436
3.9248440000000073,1.7434026885016822,1.7206353468906592,1.7790738290488788
3.9268149999999764,1.7434026885016822,1.6893865906574552,1.699715110510845
3.928920000000062,1.7434026885016822,1.7210995278030956,1.6126786480820616
3.9307870000000094,1.7434026885016822,1.63183800505991,1.7775137575215911
3.9327580000000353,1.7437271587907626,1.74364190948034,1.678830464029813
3.9347530000000006,1.7437271587907626,1.658029227503193,1.7546869138649326
3.9367260000000215,1.7440460661443136,1.7199914780698469,1.689294438153424
3.9390530000000012,1.7440460661443136,1.801876488236028,1.7894980655601653
3.940683999999976,1.7440460661443136,1.7521549998463686,1.7084057675219286
3.9426639999999793,1.7447148568820106,1.8563765564366699,1.708492617529681
3.9446590000000583,1.7447148568820106,1.798759104161662,1.7853043341332502
3.94663300000002,1.7447148568820106,1.797444137702565,1.7742213083612728
3.948732000000007,1.7448108491606724,1.717373386084412,1.780224751860676
3.9505929999999694,1.7448108491606724,1.7310584104057503,1.6941000855322923
3.9525790000000143,1.7448108491606724,1.7713414324098682,1.6917345747240424
3.9545650000000023,1.7449053652578037,1.7199035829531508,1.7773605724210377
3.9565340000000333,1.7449053652578037,1.7456442885741523,1.7301172393356883
3.9588739999999802,1.7450305617760236,1.8016294304152036,1.684626991506553
3.960503000000017,1.7450305617760236,1.752168132502483,1.7521277999240275
3.9624770000000353,1.7450305617760236,1.672624626390468,1.8678875709636853
3.964471000000003,1.7443805792729505,1.779043712204848,1.7239561678575497
3.9664399999999773,1.7443805792729505,1.7232950588409317,1.702511264086278
3.968537999999967,1.7443805792729505,1.7180862669352448,1.7179128766381375
3.9704079999999635,1.7438653354808844,1.8652467548086782,1.704977516742452
3.972385000000031,1.7438653354808844,1.751394275300498,1.7959931516172798
3.9743740000000116,1.7427373546771594,1.8477185791565316,1.8290131866367731
3.976346000000035,1.7427373546771594,1.7053891356374755,1.767767386519266
3.978682000000049,1.7427373546771594,1.7093854966090563,1.7595738139166635
3.9803099999999745,1.7422494624125888,1.7186273889980241,1.7415925572314102
3.98228899999998,1.7422494624125888,1.7373542138052813,1.8349205842737963
3.9842740000000276,1.7422494624125888,1.7273027973533333,1.792443570735263
3.986252000000036,1.7419209000385902,1.6924483527496383,1.82504737880125
3.9883500000000254,1.7419209000385902,1.7891016139893132,1.6683903918424883
3.990216999999973,1.7419209000385902,1.746992001803492,1.8146351162718157
3.992204000000015,1.742333541984591,1.7846517889469335,1.776997328542492
3.9941900000000032,1.742333541984591,1.7585911802014749,1.805979620892244
3.996167000000014,1.742333541984591,1.870349465049803,1.8281322000021976
3.998500999999976,1.7425471850082879,1.7501978969803889,1.7014542609730259
4.000121000000036,1.7425471850082879,1.7918220795946158,1.759922310020708
4.0021110000000135,1.7425471850082879,1.8076284489322476,1.6898738225784182
4.004097000000002,1.7429389815197325,1.68494882780571,1.820159917626351
4.006063999999981,1.7429389815197325,1.690685405875145,1.6982102573036453
4.008162000000027,1.7432766495948158,1.6938080883943794,1.6574026175362027
4.010037000000011,1.7432766495948158,1.7252323328503583,1.6918810099539565
4.012008000000037,1.7432766495948158,1.7284805177157148,1.7112648928375138
4.013997000000018,1.743765489950751,1.7560265047207142,1.700573570047325
4.0159700000000385,1.743765489950751,1.8239722891426218,1.7513205895510984
4.018317000000025,1.743765489950751,1.6643138086926017,1.7867496913913212
4.01993200000004,1.7444443956417628,1.66768313735456,1.6785699305615103
4.021913999999981,1.7444443956417628,1.7159003483559958,1.8067992557356023
4.023906000000011,1.744733595269856,1.6963689137855407,1.7613137379738104
4.0258759999999825,1.744733595269856,1.6697538225613888,1.8045966313214785
4.027974000000029,1.744733595269856,1.7281903230906754,1.7560888792271798
4.029839000000038,1.7446195672109825,1.7565399110961786,1.8008570441513367
4.031825000000026,1.7446195672109825,1.7411557033262521,1.6881015821753615
4.033807000000024,1.7446195672109825,1.7169651115271434,1.748625107424121
4.035780999999986,1.7448008653301381,1.7456186344416953,1.7088787783381727
4.0381210000000465,1.7448008653301381,1.6587341592551899,1.7769635305426918
4.039744999999982,1.7448008653301381,1.7802425366665875,1.7729434008322582
4.04172600000004,1.7447280818880246,1.745057845551828,1.7870639690975034
4.043710000000033,1.7447280818880246,1.7630623732316648,1.7791777266319762
4.045688000000041,1.7442191333248331,1.748104767278724,1.7861227383715392
4.047788999999966,1.7442191333248331,1.6642563652661047,1.7569537383882101
4.049650999999983,1.7442191333248331,1.7225489268965817,1.723118427468154
4.051634999999976,1.7432153959957377,1.8123811562683325,1.7982504696183061
4.053621000000021,1.7432153959957377,1.7736550540429288,1.7048878501073588
4.055594000000042,1.7432153959957377,1.7334039734598763,1.721877836804273
4.057926000000009,1.7426788238100426,1.7841251366298498,1.7787972091900996
4.059557000000041,1.7426788238100426,1.7942295216090574,1.7366411408051015
4.0615379999999845,1.7426788238100426,1.812777960003214,1.7252414661706772
4.0635279999999625,1.7429248989137762,1.7833757503770478,1.8107509043656966
4.0655100000000175,1.7429248989137762,1.8175155387525488,1.6103293023441323
4.067611999999997,1.7428313971311296,1.7464785318714557,1.787313491462443
4.069462999999985,1.7428313971311296,1.7902063135508994,1.637422073235851
4.071450999999968,1.7428313971311296,1.6931099485692038,1.742014314796037
4.073433000000023,1.743231903098135,1.7834215649550884,1.790707114763602
4.075406999999984,1.743231903098135,1.7539316823053763,1.7710461758807567
4.077742999999998,1.743231903098135,1.77433921754027,1.7108413959098931
4.07937400000003,1.7437182273293135,1.8070464346956923,1.7671875220057496
4.081351000000041,1.7437182273293135,1.6990090439021852,1.704820719993188
4.083331999999984,1.7437182273293135,1.8169073527570427,1.6786185268615437
4.0853120000000445,1.744166811511254,1.7787057712135388,1.6972797425402055
4.087413999999967,1.744166811511254,1.7594651198151143,1.6971681475115898
4.0892880000000105,1.744166811511254,1.6847426925328353,1.7768890200590657
4.091274000000055,1.7445495510907154,1.7149760566193122,1.8792591853387728
4.0932430000000295,1.7445495510907154,1.7921633157416377,1.7625573186150068
4.0952330000000075,1.7445495510907154,1.7452462038520749,1.718903855250261
4.0975480000000175,1.7451855534289995,1.804562378226338,1.6803475615591803
4.09918399999998,1.7451855534289995,1.7871729420978915,1.7114828256265546
4.101166000000035,1.7457641364959977,1.7091378946515137,1.6885221210789192
4.10314900000003,1.7457641364959977,1.7448451235361775,1.6925172880314783
4.105128000000036,1.7457641364959977,1.741405496910571,1.7126131116411225
4.107224000000031,1.7457376699113234,1.7913101940715368,1.7385632012044132
4.109090000000037,1.7457376699113234,1.7505020971828382,1.6987892956661839
4.111070999999981,1.7457376699113234,1.743895213258451,1.8041586112173738
4.113059000000021,1.7458087134596838,1.7692080374482568,1.808924805971351
4.115030999999988,1.7458087134596838,1.7336790817258203,1.7407641260758095
4.117365000000007,1.7458087134596838,1.7875704233912495,1.6467814978809172
4.118996000000038,1.7455925784230206,1.7553276707565482,1.7612593368800495
4.120976999999982,1.7455925784230206,1.8089727564682008,1.7829435975400851
4.122969000000012,1.7453936909651455,1.7859492850725596,1.6953302817881364
4.124939999999981,1.7453936909651455,1.756761152749851,1.676619641144692
4.127036000000032,1.7453936909651455,1.820009484677686,1.8253517032109203
4.1289070000000265,1.7438433555385398,1.716504440271227,1.7057215110039607
4.130884000000037,1.7438433555385398,1.7537568490168325,1.7132313602255484
4.132871000000023,1.7438433555385398,1.7519652174700007,1.6998301286917812
4.134846000000039,1.7434960664019774,1.765473051356561,1.7064432564443905
4.137165000000039,1.7434960664019774,1.7176258333831762,1.7170651800535506
4.138817000000017,1.7434960664019774,1.7517238741246917,1.736300237350785
4.140787999999986,1.7430570355475175,1.715584090103087,1.6834016861253651
4.142773000000034,1.7430570355475175,1.6736719558760438,1.6188728998128556
4.144761000000017,1.7430570355475175,1.7370841717599736,1.7573070944077034
4.146853000000021,1.7430871758225144,1.7579524415534684,1.709567644750818
4.148711999999989,1.7430871758225144,1.693075400285897,1.674807262146934
4.150693000000047,1.7430181143199637,1.7267118601444895,1.7432056861703977
4.152691000000004,1.7430181143199637,1.7712580178573247,1.7388773611314225
4.154667000000018,1.7430181143199637,1.7777620658352202,1.7935444958409563
4.15698900000001,1.74330015927522,1.7824972796485665,1.6147209237054754
4.1586280000000215,1.74330015927522,1.6938651834129357,1.737555077848724
4.1605990000000475,1.74330015927522,1.8569189251352345,1.7178446790194932
4.162578999999994,1.7437895815371283,1.6683584599423158,1.6910861223747407
4.164570000000026,1.7437895815371283,1.7352063799879371,1.7841491793361446
4.166666000000021,1.7445048096684075,1.6297954687617515,1.7567687322696617
4.168524000000048,1.7445048096684075,1.6954515735259512,1.7398973617793858
4.170505999999989,1.7445048096684075,1.700908470496879,1.7004234527614777
4.172496000000024,1.7445048096684075,1.8080842208915913,1.788134155533675
4.1744789999999625,1.7451639129516847,1.8298781678063032,1.6514803885070626
4.1767900000000395,1.7451639129516847,1.7571429927103357,1.7938719812450337
4.178429999999992,1.7455993069501985,1.722111413066803,1.7013167177277566
4.180421000000024,1.7455993069501985,1.6171026407038256,1.7274802795349566
4.182393000000047,1.7455993069501985,1.705532401570208,1.8108515901449358
4.184372999999994,1.7459203282915472,1.6546946187265705,1.8086579879049016
4.1864700000000425,1.7459203282915472,1.712589309519538,1.7613298535478557
4.1883359999999925,1.7459203282915472,1.729933632669609,1.7619124285680925
4.190315999999996,1.7461604121907377,1.7568431357278125,1.7317961539218167
4.192297999999994,1.7461604121907377,1.7366440265057812,1.792873465115408
4.194292000000019,1.7461604121907377,1.7233155686621404,1.7723788200106885
4.1966110000000185,1.7462305468537593,1.7211699683602988,1.7796452776232607
4.198241999999993,1.7462305468537593,1.739243769901921,1.6952066595766588
4.200222999999994,1.7460123103963137,1.8005472277975083,1.7543082646663621
4.202204999999992,1.7460123103963137,1.7800666787564865,1.739091773487287
4.20418600000005,1.7460123103963137,1.7128081076595325,1.7060131487777992
4.206284000000039,1.7453240990647563,1.72872705891432,1.7445232191516122
4.208146999999997,1.7453240990647563,1.843354040114949,1.8182335737823914
4.2101390000000265,1.7453240990647563,1.7153505290880322,1.770881517989
4.21211100000005,1.7439993640170781,1.7765930051404317,1.7377467167650327
4.214095000000043,1.7439993640170781,1.7933241775350424,1.724352955147005
4.216428000000008,1.7438329239657107,1.7450574430022652,1.722969084837124
4.218063000000029,1.7438329239657107,1.7114308966257854,1.7518271604905946
4.220035000000053,1.7438329239657107,1.6501139701728897,1.7415727422041305
4.222016999999994,1.7437415834234893,1.7740490158830708,1.7988064309930385
4.224003000000039,1.7437415834234893,1.755191375483577,1.7219663686040845
4.226092999999992,1.7437415834234893,1.707535895869749,1.7954126540019835
4.227959999999996,1.7443748088686377,1.7715551229727662,1.720627456468885
4.229942000000051,1.7443748088686377,1.7513983070441628,1.7980543799821238
4.231932000000029,1.7443748088686377,1.705783142353142,1.8552324399175517
4.233902999999998,1.7447825889936464,1.6734861751001135,1.8583293927062616
4.236244999999997,1.7447825889936464,1.7233337306352485,1.8061965041628323
4.2378759999999716,1.7447825889936464,1.8163639272595764,1.8528332902772755
4.239847999999995,1.745351311875832,1.7792196245221537,1.6973872175343856
4.241828999999996,1.745351311875832,1.7646203785560914,1.6999840807738018
4.243820000000028,1.745351311875832,1.7668497070789606,1.7531633344727933
4.245913999999971,1.7461535034944766,1.7037840193074671,1.777506231350703
4.247773000000052,1.7461535034944766,1.7221504397953211,1.743481413578581
4.249753999999996,1.7470020403032194,1.7502894702079075,1.754011306196417
4.251743000000033,1.7470020403032194,1.743988049799846,1.7951513316431744
4.253715999999997,1.7470020403032194,1.6940358784132596,1.7384250660513239
4.256057999999996,1.7473828963593028,1.6916717662336718,1.719531686559073
4.257687000000033,1.7473828963593028,1.7433515697915536,1.7734009213068442
4.2596600000000535,1.7473828963593028,1.7227342205751601,1.7644782149817275
4.26164,1.747618046389678,1.7337477247586914,1.7262243071539007
4.263629999999978,1.747618046389678,1.7378393458663495,1.7259855244119213
4.265727000000027,1.747569310469023,1.8175587616281497,1.7784904015403828
4.267583999999999,1.747569310469023,1.724882356164138,1.7139109940749035
4.2695659999999975,1.747569310469023,1.771923987310413,1.6765550646048386
4.271546999999998,1.7476021154970665,1.6947036777092996,1.680582431336092
4.273527999999999,1.7476021154970665,1.8168189290605994,1.6868009515728002
4.275868000000003,1.7476021154970665,1.835475805869998,1.687807946162735
4.27749,1.7472895994977036,1.7277370448340295,1.7680765584650862
4.279471999999998,1.7472895994977036,1.684636878342875,1.7309559192263804
4.281462999999974,1.7472895994977036,1.6608718224616261,1.7780448224292669
4.283434999999997,1.746606404109859,1.7557906580146254,1.754090992505857
4.285529000000054,1.746606404109859,1.7316085507975554,1.7445930722178324
4.287406000000033,1.746606404109859,1.8167740299440494,1.75607781018007
4.2893869999999765,1.7460093412911146,1.7607987264347682,1.7834175096803229
4.291359,1.7460093412911146,1.7120050027866898,1.710529965215441
4.293340000000001,1.745711397720214,1.7912883195076506,1.7717077986201715
4.295683999999994,1.745711397720214,1.6412122205363349,1.7638108098925285
4.297308999999984,1.745711397720214,1.7443628189350087,1.7966979696378096
4.299283000000003,1.7457408052909158,1.749858157349471,1.6444842244371876
4.301275000000032,1.7457408052909158,1.770524259897494,1.776152794796679
4.303246999999999,1.7457408052909158,1.7187850716564568,1.7706549646633092
4.3053409999999985,1.7460663038551896,1.7385575797439365,1.7104947953098064
4.307211999999993,1.7460663038551896,1.7201255848338468,1.7199915396135252
4.309190999999998,1.746507251469812,1.7718815407701776,1.709628076858854
4.311171999999999,1.746507251469812,1.7837658691877867,1.7283785426595828
4.313161999999977,1.746507251469812,1.7042962283757133,1.7826887723950016
4.315485000000024,1.7471291275256788,1.7833440325076917,1.7210597867958028
4.3171160000000555,1.7471291275256788,1.6871347085439456,1.8260657228843775
4.319096999999999,1.7471291275256788,1.7345854079141654,1.6956794196286185
4.321086999999977,1.7478010080008697,1.7924070360370403,1.6516960375323242
4.323059000000001,1.7478010080008697,1.724430214341258,1.694888501113946
4.325154000000055,1.7478010080008697,1.7236104128784155,1.7382180190920482
4.327024999999992,1.7485310401185516,1.75819706986077,1.7604041298085096
4.329002000000003,1.7485310401185516,1.596190282384918,1.7661156466876706
4.330984000000001,1.7485310401185516,1.7132658933273675,1.6904358927856449
4.332964000000004,1.7492355346256094,1.72972319231315,1.7441568006268997
4.335291000000041,1.7492355346256094,1.7380384467883625,1.730105647836865
4.336944000000017,1.7492355346256094,1.7597418560869587,1.814180576132943
4.3389080000000035,1.7496730073056226,1.7475759912593058,1.7243770556244247
4.340891999999997,1.7496730073056226,1.8107274883834417,1.7710501084885455
4.342871000000059,1.749745660713044,1.837166596903095,1.7590457392752394
4.344965999999999,1.749745660713044,1.74444466340132,1.8184587682494062
4.346833000000061,1.749745660713044,1.7167973788425437,1.7746155435248672
4.348815000000002,1.7499915390834473,1.8123932496209791,1.6967888922481698
4.3507960000000026,1.7499915390834473,1.7369930336609798,1.852534540099351
4.352777000000003,1.7499915390834473,1.718103141420845,1.7604895169153785
4.355111000000022,1.7497574387752257,1.790180743703339,1.8208384801878001
4.356741999999997,1.7497574387752257,1.750604932081615,1.7681350554792687
4.358731000000034,1.7497574387752257,1.792218688332452,1.7527444425202936
4.360701000000006,1.7490782134091842,1.7136264495774487,1.7593588155123399
4.362683000000004,1.7490782134091842,1.7349806099830944,1.6578198279506018
4.364778000000001,1.748218241560442,1.7904114793241572,1.6949592321470683
4.366646000000003,1.748218241560442,1.6376988320880204,1.7664406621376896
4.368627000000004,1.748218241560442,1.7248215720283664,1.834720457303483
4.370616000000041,1.748218241560442,1.798788653805093,1.6995204010565423
4.372589000000005,1.7480001332493533,1.7354807585949918,1.7804565223625393
4.374921000000029,1.7480001332493533,1.8016015024371688,1.7988299941320427
4.376551000000006,1.7483552916657388,1.7113987830580353,1.7781729002681985
4.378535999999997,1.7483552916657388,1.7606316916736795,1.7225042148242398
4.380523000000039,1.7483552916657388,1.7336024011102182,1.7622774765177636
4.382503999999983,1.7486931506896743,1.6668817246946186,1.655479133407443
4.384590000000003,1.7486931506896743,1.7320656172402602,1.85050349465131
4.386466999999982,1.7486931506896743,1.7255419977152753,1.864486065809616
4.388440000000003,1.749348632499503,1.7171849353276902,1.7595147778234836
4.390420000000063,1.749348632499503,1.705364507657372,1.74268617789534
4.3924069999999915,1.7494725024689255,1.819579532168514,1.7658790805777806
4.394744000000003,1.7494725024689255,1.715428502939336,1.8294452691307956
4.3963640000000055,1.7494725024689255,1.7658438713869558,1.7578186542812462
4.398357000000033,1.7505161392538044,1.7442278765088064,1.71468379259416
4.400326000000007,1.7505161392538044,1.7920804523187213,1.7796987287478592
4.4023070000000075,1.7505161392538044,1.8371978158637743,1.7628228082824045
4.404401000000007,1.751010935956013,1.8283219103644264,1.759730489890191
4.406274999999994,1.751010935956013,1.7245047578303565,1.7715631779582006
4.408255999999994,1.751010935956013,1.779058665009226,1.7161412351846972
4.41023100000001,1.752114258931025,1.8111821733643219,1.714789100848165
4.412214000000006,1.752114258931025,1.7376225018265514,1.6564858137803502
4.414537999999993,1.7524671437675785,1.8030480584155912,1.7359926750033248
4.41617100000002,1.7524671437675785,1.7540286913680543,1.7303997423870014
4.41816399999999,1.7524671437675785,1.6883821105632113,1.725308907010656
4.42014400000005,1.752574524059326,1.8519201736115658,1.7979382574081453
4.422121000000061,1.752574524059326,1.6661846036280514,1.837883162873383
4.424227999999971,1.752574524059326,1.6838246735821323,1.6897908294346544
4.426081000000011,1.7526244972978824,1.729091078018958,1.8103094860959301
4.428063000000009,1.7526244972978824,1.798526550564016,1.7219110448397195
4.430045000000064,1.7526244972978824,1.781963889629996,1.7412500501985964
4.43202500000001,1.7521003180518948,1.8468152393728472,1.7214591515865534
4.434357999999975,1.7521003180518948,1.8025386675649682,1.7119534881532077
4.435993999999994,1.7512816262463602,1.7598368454571751,1.8142276253587168
4.437970000000007,1.7512816262463602,1.811945537278819,1.711314643715156
4.439954,1.7512816262463602,1.7372477501385388,1.820295165553489
4.441932000000008,1.7505029173969306,1.756515306013762,1.7793790388217559
4.4440270000000055,1.7505029173969306,1.726060896260857,1.7767211565593217
4.44589400000001,1.7505029173969306,1.8041684188145202,1.710989471626662
4.447874000000013,1.7502876368018425,1.7323984731367785,1.8606617794676732
4.44986700000004,1.7502876368018425,1.6840237829285383,1.751375050778189
4.451838000000009,1.7502876368018425,1.6836034466476928,1.706267858730577
4.454160999999999,1.7506410198146767,1.6947125769495754,1.7368936501442838
4.455806000000052,1.7506410198146767,1.7744664461778128,1.7361561167491277
4.457790000000045,1.750811890717369,1.742410645473523,1.7450369382055744
4.459766000000002,1.750811890717369,1.7517816663150414,1.7621074135634134
4.461748,1.750811890717369,1.770127489747932,1.7374779062139913
4.463851000000034,1.7512284783672256,1.7764485193334971,1.6985050384597467
4.465707000000009,1.7512284783672256,1.734688766557361,1.689787278176593
4.46768800000001,1.7512284783672256,1.7458856246396806,1.755016231771382
4.469677000000047,1.751976659447199,1.728689901957485,1.6370000829376332
4.471650000000011,1.751976659447199,1.7697948038368625,1.8445058044198988
4.47399200000001,1.751976659447199,1.7464034746788366,1.7384375960276914
4.475612000000012,1.7526879013713559,1.7081932543501068,1.793123714599225
4.477597000000003,1.7526879013713559,1.7568697495633074,1.7406919137120291
4.4795819999999935,1.7526879013713559,1.7859966978617947,1.8198971464286908
4.481554000000017,1.753663485247123,1.8414617733558734,1.7136445644015192
4.483656999999994,1.753663485247123,1.6944921725319306,1.8520758712037075
4.485520000000008,1.754231646346635,1.689455441805568,1.7554323978388602
4.487500000000011,1.754231646346635,1.682294023544731,1.6802785104313787
4.489481000000012,1.754231646346635,1.7221663059137793,1.717683769940543
4.491462000000013,1.7544773296634486,1.7446302631294992,1.764497716174301
4.493785000000003,1.7544773296634486,1.7315423089217301,1.728163177537447
4.495424999999955,1.7544773296634486,1.6821344557458282,1.810819469876199
4.497405000000015,1.754565851819207,1.8259997737567755,1.6975891955565583
4.499386999999956,1.754565851819207,1.6611003901122672,1.703062875305343
4.501378000000045,1.754565851819207,1.8429678127946998,1.7084697867834686
4.503463000000011,1.7545736841908912,1.7826924603349676,1.7631398721597418
4.505331000000012,1.7545736841908912,1.8258839702702496,1.780034699308424
4.507316000000003,1.7545736841908912,1.7048513671920256,1.6942752368394327
4.509295000000009,1.7548213629205567,1.7368292037102178,1.7922467508802102
4.511277000000007,1.7548213629205567,1.7443401198802053,1.7904579050125997
4.513608999999974,1.7541946759968823,1.7315477966150892,1.7542546772298206
4.515238000000011,1.7541946759968823,1.7662247084867888,1.7063964374721339
4.517220000000009,1.7541946759968823,1.7668474618901366,1.7688760079824108
4.5192030000000045,1.753326023470575,1.7087889250752994,1.7191980958327988
4.521186000000057,1.753326023470575,1.8480192112062916,1.7698630944514013
4.523292000000026,1.753326023470575,1.697596779721528,1.7191904571450463
4.525145000000009,1.7532326378854828,1.7777974951159192,1.7220596257717737
4.527127000000007,1.7532326378854828,1.7657285808684489,1.6843504255839008
4.5291160000000446,1.7532326378854828,1.7670870450478104,1.7725391250669342
4.531087000000014,1.7531461437625193,1.6289102447243933,1.7408458213959372
4.533405000000016,1.7531461437625193,1.7438202665659388,1.792380429167875
4.535057999999992,1.753612207889005,1.744655069577887,1.8325414507281323
4.537032000000011,1.753612207889005,1.7724640047480513,1.7247372844157625
4.539013000000011,1.753612207889005,1.6870635746825398,1.6906602343731325
4.540998999999999,1.7539847888169386,1.7701304849892918,1.7762813458948088
4.5430900000000065,1.7539847888169386,1.7950044088098258,1.821247456099325
4.544957000000011,1.7539847888169386,1.7873599622876384,1.7065921621889446
4.5469360000000165,1.7542135783626085,1.7563052066020937,1.7109162635528832
4.548919000000012,1.7542135783626085,1.8138210489371425,1.7368665555204024
4.55090100000001,1.7542135783626085,1.7991123680072583,1.833365873645407
4.553230000000042,1.7551269355464114,1.7203711017734242,1.7194979486146318
4.554863000000012,1.7551269355464114,1.7651640635125825,1.7833371791025026
4.556855000000041,1.7551269355464114,1.8049312583340975,1.7472210741540892
4.558831999999995,1.7559589126018562,1.8380383614151627,1.8192272470683064
4.560808000000009,1.7559589126018562,1.725325642660374,1.7755996229964035
4.562909000000047,1.7568866157996397,1.7139903246096981,1.7929787982117296
4.5647710000000075,1.7568866157996397,1.7056865572223872,1.7477661197664671
4.566753000000006,1.7568866157996397,1.6929277496968775,1.711529815780376
4.568730000000016,1.7573676545828747,1.758679926497636,1.7857956766833514
4.570711000000017,1.7573676545828747,1.7252463576034314,1.790001201640552
4.573048000000028,1.7573676545828747,1.7870126370385306,1.7264856563327322
4.574672000000021,1.757393639488607,1.7280406412154339,1.7464613727973115
4.576654000000019,1.757393639488607,1.7017293530478124,1.783232354917655
4.578643999999997,1.757393639488607,1.8059286555668832,1.6671346752621303
4.5806160000000204,1.7570965622278913,1.7553373640743337,1.7366421419588305
4.582718,1.7570965622278913,1.7999409830522666,1.7605896519446655
4.584589000000051,1.7567973167927358,1.7321244104288624,1.7503348772834129
4.58656000000002,1.7567973167927358,1.8441085800612793,1.7801061684170012
4.588542000000018,1.7567973167927358,1.775332998649322,1.6584055377976537
4.590526000000011,1.7563506709741565,1.7014268891599855,1.7576637673422897
4.59286400000002,1.7563506709741565,1.6748585210911167,1.682829758381841
4.59448500000002,1.7563506709741565,1.7719185080713964,1.7940078968665825
4.596465000000023,1.7555107180265646,1.7775389000541002,1.740224469652036
4.598458000000051,1.7555107180265646,1.7915190259166378,1.707027841216913
4.60042900000002,1.7555107180265646,1.666514090405412,1.6915365729600147
4.602536000000043,1.754991710293111,1.667413923835827,1.7848959067756083
4.6043900000000235,1.754991710293111,1.6649893328739878,1.7540503918996104
4.606379000000004,1.7551873184617774,1.7090350765124886,1.7831001696613524
4.608353999999963,1.7551873184617774,1.7858763380294844,1.740682489140508
4.6103350000000205,1.7551873184617774,1.7563013639823026,1.6588994557918406
4.612657000000013,1.754980270901047,1.6701655006054545,1.8237895566699074
4.614297000000022,1.754980270901047,1.6792962242972045,1.7804208412175364
4.61627900000002,1.754980270901047,1.7720880046896916,1.8000812077433161
4.618259000000023,1.7559818806306149,1.8135154708487449,1.6768671839974751
4.620243000000016,1.7559818806306149,1.781859072516502,1.8910668705851803
4.622344000000055,1.7559818806306149,1.8340156163188397,1.7957223362213852
4.624203000000023,1.7565740306300464,1.7768639861706876,1.878753438540027
4.626184999999964,1.7565740306300464,1.8336176014462842,1.7591759633261743
4.628172000000006,1.7565740306300464,1.8780232122277412,1.774196716050944
4.630146000000025,1.757173567974607,1.747334209213144,1.7783221583986486
4.632481000000041,1.757173567974607,1.7931863300525692,1.691289027309608
4.634116000000006,1.757173567974607,1.6496096334914596,1.778127009757647
4.636090000000024,1.7578145128171194,1.794559524653619,1.7694990109752495
4.638072000000022,1.7578145128171194,1.7048166800132738,1.762560849812012
4.640052000000026,1.758614887045895,1.7896659394163013,1.7497436676026978
4.64214800000002,1.758614887045895,1.7365088175935124,1.7555473132212096
4.644029000000046,1.758614887045895,1.781476184875613,1.8370761505447288
4.645996000000025,1.7592703249341273,1.700345097492882,1.7374157148040275
4.647978000000023,1.7592703249341273,1.7417580325256388,1.747545761915912
4.649969999999996,1.7592703249341273,1.7972916119342206,1.792353097243199
4.652281000000016,1.7592309201073617,1.777388051800057,1.7794640621707594
4.653922000000023,1.7592309201073617,1.6625998995149778,1.7774952544307043
4.655902999999967,1.7592113034199828,1.7522131922845592,1.7547344924935329
4.657892000000004,1.7592113034199828,1.7278561090778497,1.7033396063935637
4.659864999999968,1.7592113034199828,1.7095805665541342,1.6982368108320822
4.661960000000022,1.758979053803924,1.7234946754207563,1.7733023787077207
4.6638320000000135,1.758979053803924,1.7976800071907773,1.7302437182237513
4.665814000000012,1.758979053803924,1.8372843982790987,1.772715570677984
4.667788999999971,1.758308686681871,1.789188338772027,1.7610820668185914
4.669771000000026,1.758308686681871,1.7266988887187942,1.8321782860359195
4.672124999999994,1.758308686681871,1.7607968172075066,1.739809839068313
4.673733000000027,1.7573997454474604,1.7596558032786955,1.7910433142401387
4.675715000000025,1.7573997454474604,1.8032452166120758,1.697857921620322
4.677705000000003,1.756814746344501,1.758156422928117,1.784845071517174
4.6796770000000265,1.756814746344501,1.7876013966797601,1.795835869050173
4.681773000000021,1.756814746344501,1.760109660179613,1.8101785867411597
4.683650999999998,1.7566272368581093,1.7834261298530267,1.7353321246517663
4.685623000000021,1.7566272368581093,1.8016369332917606,1.80009089180428
4.687603000000024,1.7566272368581093,1.7024341721640464,1.8314063922751658
4.68959000000001,1.75681445443942,1.7489140746184215,1.733664109132351
4.691912000000002,1.75681445443942,1.7443912182630672,1.7691570932598333
4.6935550000000035,1.75681445443942,1.79537801317979,1.7806027532026116
4.69552699999997,1.757405255438122,1.7564913082291795,1.7321906002212075
4.697511999999961,1.757405255438122,1.7204282075122057,1.7448771882306098
4.699489999999969,1.7579404291899359,1.73653872009269,1.7314368704997745
4.701585000000023,1.7579404291899359,1.765083968930383,1.7703127843671798
4.70345199999997,1.7579404291899359,1.788051939678238,1.7249223047059716
4.70543600000002,1.758266351734846,1.7233505786175882,1.7093473023353682
4.707419000000016,1.758266351734846,1.730266386131614,1.8536155692855831
4.709396000000027,1.758266351734846,1.7282979883201646,1.7847084549235412
4.7117300000000455,1.7593553493880465,1.7314701374433206,1.70732195929369
4.713358000000028,1.7593553493880465,1.7383182900319545,1.6999283605255235
4.715339000000029,1.7593553493880465,1.7785398245528126,1.643256435132676
4.717322000000024,1.759969480617045,1.8065716620642844,1.711608284347164
4.719302000000027,1.759969480617045,1.7309374248496237,1.6972873893601115
4.721400000000017,1.759969480617045,1.6734844633609876,1.758391315626553
4.723266000000024,1.7600728016134806,1.7744376574062928,1.74852728782741
4.725249000000019,1.7600728016134806,1.6808500531920247,1.6921108370756952
4.727235000000064,1.7600728016134806,1.8266902796105495,1.8006348399578767
4.729212999999959,1.7600781080404475,1.7557016149020106,1.6928605792251432
4.731530000000021,1.7600781080404475,1.7698439967614814,1.7983954230318953
4.73317000000003,1.7602347283790818,1.8115342044861333,1.7126073845448775
4.735154000000023,1.7602347283790818,1.7467641694312146,1.8064554251607228
4.7371330000000285,1.7602347283790818,1.7790150865310055,1.7236514095061979
4.7391210000000115,1.760260519691889,1.7795260230103114,1.723460185878862
4.741209000000026,1.760260519691889,1.8448166581571195,1.8234106224596336
4.743089999999995,1.760260519691889,1.8626696466978627,1.701886098793785
4.745069000000001,1.7592344129165245,1.7564112324850607,1.8173122730655114
4.747040000000027,1.7592344129165245,1.8339304389433655,1.7430654658273472
4.749030000000005,1.7592344129165245,1.6541327238758199,1.7175335999418946
4.751361000000031,1.7581796570207155,1.7452463782478826,1.7637143202581544
4.752982000000031,1.7581796570207155,1.7897801953414216,1.7798302396293058
4.7549640000000295,1.7575285859865242,1.6864948789391088,1.7020972445400644
4.756944999999973,1.7575285859865242,1.8650592457384916,1.7555950525933144
4.758926000000031,1.7575285859865242,1.831416739529456,1.7718081457022643
4.76102800000001,1.756979269742358,1.7387565167411574,1.7018808178031186
4.76288900000003,1.756979269742358,1.8645586033286778,1.795523176479756
4.76487400000002,1.756979269742358,1.7963213992330227,1.794129113665309
4.766853999999967,1.756935060893984,1.7688913095175653,1.7711676004868309
4.768831999999975,1.756935060893984,1.7792022870337625,1.7711965686471254
4.771176000000025,1.756935060893984,1.7188565629972636,1.7626850056730445
4.772793999999976,1.757599641611476,1.7659306183661658,1.7269374518265324
4.774776000000031,1.757599641611476,1.7169302078482411,1.7641470694794568
4.776760999999965,1.758087454912261,1.7581573732683862,1.841476097689482
4.778738000000033,1.758087454912261,1.763319548173963,1.6116242984900735
4.78083300000003,1.758087454912261,1.7688913674623392,1.7077924680307486
4.782700999999975,1.7584819413172756,1.7578434918767722,1.7190844325869812
4.784682000000032,1.7584819413172756,1.8760972616690756,1.709761604393706
4.786670000000015,1.7584819413172756,1.6778555755389115,1.70077397711689
4.788645000000031,1.7591539430072063,1.669025936294929,1.7656487013773976
4.790986000000032,1.7591539430072063,1.715301370418149,1.8195931841898159
4.792607000000032,1.7591539430072063,1.758271335778346,1.7408343234156902
4.794586999999979,1.7598410026047058,1.7399836451728896,1.8401811480887187
4.796569000000034,1.7598410026047058,1.689116827429405,1.8528380338332129
4.798560000000009,1.7598410026047058,1.8552451738236009,1.801095421920604
4.800645000000031,1.7603479286779835,1.7873164094612763,1.739463477102118
4.802513000000033,1.7603479286779835,1.7437164619326457,1.6922622045789841
4.804493999999977,1.7600365345945082,1.713881449217364,1.769862438941454
4.806476000000032,1.7600365345945082,1.7465618676350543,1.794474466453929
4.808455999999978,1.7600365345945082,1.7346360600103445,1.7829337213358762
4.81078100000002,1.760173530326959,1.7793803370941643,1.8417566237421192
4.812418999999977,1.760173530326959,1.6951572092076768,1.876584644107091
4.814409000000012,1.760173530326959,1.720988079655342,1.8147145397412372
4.816384000000028,1.760022953062647,1.8026531196057187,1.7630184424710076
4.818362000000036,1.760022953062647,1.7297605427790574,1.7289447105712508
4.820471999999995,1.760022953062647,1.791555486105865,1.7176653873442336
4.82233100000002,1.759109945509312,1.755517593555307,1.814512033557434
4.8243060000000355,1.759109945509312,1.7457929317349772,1.73352981336441
4.826301999999998,1.759109945509312,1.7237623518509348,1.7358100684933502
4.828270000000032,1.75822978425306,1.7616310858403157,1.7335851771537187
4.830621000000065,1.75822978425306,1.7478356623667473,1.7748008306172465
4.832230000000038,1.7575244369909708,1.6372116205156282,1.7238732071265832
4.8342119999999795,1.7575244369909708,1.8133661996209987,1.8308561121471845
4.8362019999999575,1.7575244369909708,1.7738031517985393,1.6919653823093663
4.838173999999981,1.7569129182838668,1.6852030903845459,1.8278987567734593
4.840269000000035,1.7569129182838668,1.747525003900182,1.7133222520052727
4.842146000000014,1.7569129182838668,1.7397343270752963,1.6918002712968614
4.844122000000027,1.7564530332296193,1.7085877708720871,1.7750418610211376
4.846099000000038,1.7564530332296193,1.7887576375158663,1.787711358116296
4.84809400000006,1.7564530332296193,1.826979373618267,1.7680587624560569
4.850408000000016,1.7573035222809115,1.7345339758609843,1.7687474333132385
4.852042999999981,1.7573035222809115,1.7361440810974762,1.7790890272860573
4.854030000000023,1.7573035222809115,1.7100145178073476,1.7546380579935328
4.856003999999984,1.7575569290345157,1.6462601575983418,1.716926082235272
4.857987000000037,1.7575569290345157,1.7786135240079841,1.7040108714600037
4.860078000000044,1.7575569290345157,1.852568436536182,1.776735486133172
4.861949000000038,1.7575569290345157,1.7496681906440457,1.7832404057323832
4.863936000000024,1.757805787691098,1.7487410879248582,1.8008738296647895
4.86591199999998,1.7586200638924527,1.7552128053111533,1.7253256175868104
4.867902000000015,1.7586200638924527,1.7330963054660549,1.813259249852286
4.870225000000005,1.7592180880453328,1.7018816275908997,1.852894629317226
4.871853999999985,1.7592180880453328,1.8871432770012944,1.7566434933958563
4.873841000000027,1.7592180880453328,1.782514762152858,1.6841944486926639
4.875818000000038,1.7596010633380887,1.7891339271424183,1.7017360257933127
4.877798999999982,1.7596010633380887,1.8725096457052677,1.731054799259981
4.879896999999971,1.7596010633380887,1.7696466314952886,1.6589109201990646
4.88176500000003,1.7597248014248836,1.717394348686931,1.7649884509657827
4.883743000000038,1.7597248014248836,1.705291588420153,1.779646184712268
4.885724000000039,1.7597248014248836,1.8557466437980124,1.7763182593381779
4.887722999999994,1.7590035646159667,1.7988502440463858,1.6877772799430362
4.890039000000002,1.7590035646159667,1.7539888140782276,1.6608121314827948
4.891671000000031,1.7590035646159667,1.7316131213033665,1.7933317639389028
4.893649000000039,1.759071511970457,1.7446835503793172,1.8678320463942095
4.89563400000003,1.759071511970457,1.7788404001891882,1.8300380567840826
4.897614999999973,1.759071511970457,1.8506298638451377,1.7576540503186497
4.899710000000027,1.7582503785017567,1.7549233448551624,1.7145093134119822
4.901573000000042,1.7582503785017567,1.7153629806572155,1.7297554351285833
4.903552999999988,1.757338220532137,1.693208283397584,1.7824708246235486
4.9055360000000405,1.757338220532137,1.7888480583037243,1.728695452624425
4.9075260000000185,1.757338220532137,1.8114202017233827,1.739701906190711
4.909868000000017,1.7566359275593482,1.8485605578253006,1.753537145768467
4.911493000000007,1.7566359275593482,1.891167570059876,1.8153120473269522
4.913470000000018,1.7566359275593482,1.6813988440784002,1.8225548286815327
4.915440999999987,1.7560117350383178,1.7575753190517927,1.8286835977353073
4.917422999999985,1.7560117350383178,1.7364775408449094,1.6918003902208105
4.919526000000019,1.7554850850272288,1.7459794880412638,1.7416924836430774
4.921389000000033,1.7554850850272288,1.713961477544344,1.7755699503177473
4.923369999999977,1.7554850850272288,1.7725753868219754,1.7278376345784676
4.92534900000004,1.7560427863803802,1.6930052830989413,1.7265053853904389
4.9273319999999785,1.7560427863803802,1.7803781486774972,1.8335310617492342
4.929665000000057,1.7560427863803802,1.8144200452010784,1.8747036646743025
4.931296000000032,1.7560427863803802,1.730445559640706,1.7108939868499886
4.933279000000027,1.7560427863803802,1.8128397068255178,1.7140725859987052
4.935255999999981,1.7560427863803802,1.7628171107059667,1.700438082080218
4.937237000000039,1.7560427863803802,1.8033603603547856,1.7406727394572594
4.939333000000033,1.7567183469120509,1.7724595700376482,1.842667015934704
4.941199999999981,1.7567872446917028,1.7104587995746856,1.7226741158586854
4.943183000000033,1.7577361672656222,1.756548693979248,1.7676567677120536
4.9451629999999795,1.7577361672656222,1.7356914139233435,1.8796745654211973
4.947150000000022,1.7583318375147923,1.8004818620718293,1.7786953733902575
4.949486000000036,1.7583318375147923,1.7465079265101102,1.8063499836055807
4.951119000000006,1.7583318375147923,1.8111157663568844,1.7313682947082973
4.9530920000000265,1.7587016741849888,1.7845506668179605,1.7460353355527685
4.955069000000037,1.7587016741849888,1.7687737682504945,1.7905949855169343
4.957051000000035,1.7587016741849888,1.7711123902152874,1.8117371380841993
4.959141999999986,1.758667995245821,1.8079108165167825,1.6847458615005577
4.961013000000037,1.758667995245821,1.7920135617572048,1.7727126676818497
4.96300500000001,1.758667995245821,1.8064520166589173,1.7396635686509265
4.964975000000038,1.7583413023580816,1.7067199757539961,1.6767742432474424
4.966955999999982,1.7583413023580816,1.731156148772692,1.7339785919747714
4.969289000000003,1.7581882922811611,1.7584735720069684,1.7784889024197403
4.970921000000033,1.7581882922811611,1.7449407620442523,1.7657858497485575
4.972908000000018,1.7581882922811611,1.7112692530535647,1.8070802967497137
4.974880999999982,1.7575666191302548,1.8202197815194825,1.7848164453395963
4.976860000000045,1.7575666191302548,1.7005212913715162,1.7117536541588112
4.978954000000044,1.7575666191302548,1.8065011538158953,1.72137800382997
4.980825999999979,1.7566568753935377,1.845712166058287,1.8075423252930414
4.982809999999972,1.7566568753935377,1.7314436544768759,1.7910869063542694
4.984793000000025,1.7566568753935377,1.6458960075305435,1.8008833329710623
4.986775000000023,1.7558984489427527,1.7320332476824,1.7409378535064994
4.98910699999999,1.7558984489427527,1.7174583646489965,1.837255510261526
4.990743000000009,1.7558984489427527,1.685541234632867,1.7562931556073536
4.992730000000051,1.7552213532775092,1.7761686051581853,1.8917078547181683
4.994689999999991,1.7552213532775092,1.777248937290787,1.7635955173441904
4.99667199999999,1.7547564699521667,1.7779264525325016,1.774333593465105
4.998766999999987,1.7547564699521667,1.7083326312514802,1.8261762068843128
5.000633999999991,1.7547564699521667,1.80882121798744,1.7113280427770563
5.002625999999964,1.7551189289355722,1.7222690001574992,1.7576181787542573
5.00459699999999,1.7551189289355722,1.702534765208079,1.7116461548377833
5.00658199999998,1.7551189289355722,1.7006886604775422,1.7618050188283907
5.008901999999978,1.7558252369919698,1.7186830592227518,1.682974302956953
5.010543999999982,1.7558252369919698,1.7613652428123359,1.8254402883072731
5.012539000000004,1.7558252369919698,1.7032123385441982,1.7976200950814145
5.01451099999997,1.7558252369919698,1.7151187285844784,1.7432072765180162
5.016482999999994,1.7558823595815785,1.8352417730394124,1.782706036074176
5.018579000000045,1.7565769629645043,1.7244197810120796,1.781148834677536
5.020445999999993,1.7565769629645043,1.8006043723532923,1.793485865879132
5.022442000000012,1.7565769629645043,1.7607296226485047,1.7110199375421895
5.024407999999994,1.757215692464751,1.8049276753126877,1.7862595204330778
5.026389999999992,1.757215692464751,1.7677679057180158,1.7106924878504717
5.028722000000016,1.757215692464751,1.7577841917870274,1.8092739443134502
5.030357000000038,1.75764580266199,1.741229801714484,1.781743843899914
5.032352000000003,1.75764580266199,1.7179557486786596,1.7342619127687477
5.0343240000000264,1.75764580266199,1.7703927370935846,1.8304888167910978
5.036303999999973,1.75741697268291,1.7300878788238072,1.8284986395178218
5.03839099999999,1.75741697268291,1.6600432821928035,1.725530166885194
5.040258000000051,1.757246653249429,1.774553569294122,1.7064890626718514
5.042250999999965,1.757246653249429,1.751927540503202,1.7124520820544051
5.044220999999993,1.757246653249429,1.7761638923842742,1.7660215372997667
5.046201999999994,1.7569132743967022,1.7569213461241326,1.7286115209767772
5.048532000000023,1.7569132743967022,1.7961233048090262,1.7670567571001021
5.050163999999995,1.7569132743967022,1.7794653335604274,1.8115268781196103
5.052165000000059,1.756146872204777,1.749759972842772,1.843784472598575
5.054128000000048,1.756146872204777,1.7761116892983375,1.6815399320040267
5.056108999999992,1.756146872204777,1.8222273846129853,1.6373790955109608
5.058201999999994,1.7552716716491532,1.7127175857372952,1.7415833377028482
5.060069999999996,1.7552716716491532,1.6557074291916192,1.6952565491823122
5.062065000000018,1.7544381138392453,1.8020038159144658,1.7218833572647632
5.064032999999995,1.7544381138392453,1.7851858901763704,1.7458172994684387
5.066013999999996,1.7544381138392453,1.893589780791221,1.7951229588349398
5.06834600000002,1.7543750511180842,1.7598858437934828,1.7584239622857332
5.069985000000031,1.7543750511180842,1.7414835501051813,1.7248219732194494
5.071978000000001,1.7543750511180842,1.7769696373564157,1.7660036510474173
5.073937999999998,1.754080498135718,1.797390732679354,1.751434569648124
5.075926000000038,1.754080498135718,1.7847743093903794,1.737924632377695
5.0780149999999935,1.754080498135718,1.7426706650238937,1.7044356824675095
5.079883000000052,1.7545561000359255,1.818749865526071,1.7348302402043514
5.081874999999968,1.7545561000359255,1.7057876080574983,1.7830360538261607
5.083855000000028,1.7548601431701636,1.7215175485660634,1.7842161879288152
5.085825999999997,1.7548601431701636,1.834051487538681,1.7020275041615682
5.0881480000000465,1.7548601431701636,1.7898190449192544,1.7377544840483825
5.089788999999996,1.7548601431701636,1.7338998414123523,1.7078482373414738
5.091790000000003,1.7548601431701636,1.7618212165370661,1.7970102159507266
5.093754999999987,1.7548601431701636,1.8584150091183445,1.7581633949266613
5.095743000000027,1.7549928636017633,1.744304656270156,1.7114950525547423
5.097841000000017,1.7558031840881594,1.721152644855799,1.7338328494748276
5.099694999999997,1.7558031840881594,1.7595471441789874,1.640822075560231
5.101682000000039,1.7565355284654574,1.8014446958802703,1.7355035990324847
5.103656999999998,1.7565355284654574,1.7757927385007797,1.7763814350687235
5.105648000000031,1.7565355284654574,1.8096551392793274,1.7787545378841505
5.107976000000008,1.7565474122191742,1.7149214654133706,1.7273385335900213
5.109600999999998,1.7565474122191742,1.6977540773340187,1.7527707067198628
5.11159600000002,1.7565474122191742,1.8120295754223648,1.7806467816170077
5.113568999999984,1.7564696549398746,1.699599540315143,1.803949496453264
5.115545000000054,1.7564696549398746,1.699084744515745,1.7442641667145193
5.117641999999989,1.7562017994085908,1.719763730777641,1.7931302767437314
5.119510999999989,1.7562017994085908,1.7103849561297502,1.7063369465953109
5.121488999999997,1.7562017994085908,1.724630863709835,1.7797856040966267
5.123469000000057,1.756334191455686,1.670504291317697,1.7692509877474483
5.125450000000001,1.756334191455686,1.8264674012505722,1.6670909035443904
5.127787000000012,1.756334191455686,1.679844698489253,1.7507362864995422
5.129412000000002,1.7557940397499772,1.8699639602246791,1.8201355793272285
5.131404000000032,1.7557940397499772,1.7974361942381032,1.6990035527029739
5.133385999999973,1.7543421298806972,1.8916390740764322,1.7668832118102802
5.135355000000061,1.7543421298806972,1.7189341873872357,1.7906634208118892
5.137454000000048,1.7543421298806972,1.7345327484457334,1.8020938468155308
5.139324000000045,1.7534958725172773,1.8230680988398213,1.7674773503888004
5.141301000000055,1.7534958725172773,1.7049525821718718,1.7313517045720563
5.143281000000002,1.7534958725172773,1.795983407312423,1.7966158203881202
5.1452620000000024,1.7533286364960345,1.750093722216209,1.7514825424502007
5.147601000000009,1.7533286364960345,1.80263483020433,1.691011188246883
5.149225000000001,1.7533286364960345,1.823950781075178,1.7454510502235554
5.151210999999989,1.7533454189609357,1.7286550652865733,1.6651144093214847
5.153197000000034,1.7533454189609357,1.716042110438657,1.7597887111611636
5.155171999999993,1.7533454189609357,1.6900944422652917,1.748185997391401
5.157265999999993,1.7536951082808587,1.68176164762869,1.6954390238069452
5.159138000000041,1.7536951082808587,1.7280396261925555,1.87128568959244
5.1611259999999675,1.7538487058447796,1.7554268120622298,1.6976144587801267
5.1630930000000035,1.7538487058447796,1.7272427828319432,1.7706953790593452
5.165075000000002,1.7538487058447796,1.7690267662123436,1.7494794148587522
5.167400000000043,1.7538487058447796,1.7922248932536198,1.7253005856405281
5.169047000000035,1.7538487058447796,1.7279013186306373,1.7353908475388564
5.171017000000006,1.7543404836805405,1.7337724918968647,1.7177961957103998
5.173000000000002,1.7552144696354572,1.8172565826986518,1.7738010656856924
5.174987999999985,1.7552144696354572,1.7756396262111507,1.8323840539991538
5.1770930000000135,1.7552144696354572,1.74798455295144,1.8477092692252823
5.178942000000006,1.75567554048945,1.7242088307217163,1.7870451697708465
5.180933999999979,1.75567554048945,1.8015151359582262,1.7196982966076721
5.1829139999999825,1.7559799636013507,1.744162709281516,1.7787151733657887
5.184887000000003,1.7559799636013507,1.6611941448238363,1.7627635513872022
5.187228000000005,1.7559799636013507,1.655538118364204,1.7763955786364551
5.1888490000000616,1.75606050980712,1.7174378757070057,1.687653716115945
5.190834999999993,1.75606050980712,1.7066859800966319,1.673391318650386
5.1928120000000035,1.75606050980712,1.759688377872746,1.8177391081147947
5.194798999999989,1.7558619921012482,1.6637238390139755,1.750950240402857
5.196898000000033,1.7558619921012482,1.759085648523019,1.736689734452902
5.19876499999998,1.7558619921012482,1.7077503183529201,1.7654770607262458
5.200736000000006,1.7561769624467372,1.8085675108921255,1.683099848902282
5.202717000000007,1.7561769624467372,1.7188003651294235,1.8333300159708892
5.204708000000039,1.7561769624467372,1.800852468313241,1.692861647015986
5.207025999999985,1.7556647333106616,1.7522306724233139,1.6728259171717677
5.208661000000006,1.7556647333106616,1.7315675089827183,1.8201153502025624
5.210652999999979,1.7546202568037914,1.6908252181099648,1.8957447632317566
5.212624000000005,1.7546202568037914,1.714346462774222,1.6993955530654017
5.214612000000045,1.7546202568037914,1.8231864560797275,1.776685252596676
5.216709000000037,1.7538946871532564,1.7489461542449478,1.9069305421623335
5.218567000000007,1.7538946871532564,1.7106976715651916,1.669136815872189
5.220548000000008,1.7538946871532564,1.769283373444484,1.7593531356120045
5.222535999999991,1.7533829683721238,1.7291761002186696,1.8061459893471126
5.224511000000007,1.7533829683721238,1.7176622055028858,1.7269610911373057
5.22685899999999,1.7533829683721238,1.7319553411493023,1.8194782318763258
5.228472000000011,1.7530653002922378,1.800760518456354,1.7842776558652158
5.230455000000006,1.7530653002922378,1.7510066817841894,1.6992330814324597
5.232436000000064,1.7537258684699537,1.788365191604642,1.6897177135406458
5.234417000000008,1.7537258684699537,1.7316535352031115,1.7211144127204134
5.2365219999999795,1.7537258684699537,1.7224356624352617,1.7304015837648596
5.238384999999994,1.753767981011699,1.826666964559589,1.7562830094466255
5.240361000000007,1.753767981011699,1.7000693935937174,1.8508067927746317
5.242342000000008,1.753767981011699,1.737598705400221,1.7268332978512144
5.2443230000000085,1.753767981011699,1.8093673170336315,1.759806833802829
5.246649000000048,1.753767981011699,1.7304143785521477,1.843921997797507
5.2482950000000415,1.753767981011699,1.8462915352925098,1.8029110170950453
5.250275999999985,1.7550054718418084,1.7102214537766671,1.7572655744906505
5.252248000000009,1.7550054718418084,1.7866116957126856,1.7427184304156091
5.254237999999987,1.7550054718418084,1.8402906267259833,1.6749975939801443
5.256333000000041,1.7554837447361449,1.7648847662328213,1.7433404580832388
5.25819800000005,1.7554837447361449,1.7757901019777935,1.871241550647468
5.260173000000009,1.755948242474423,1.7972223830838343,1.7209744138030216
5.2621540000000095,1.755948242474423,1.6280499185849824,1.8089339215916005
5.26413500000001,1.755948242474423,1.8273456245375,1.7215173342297816
5.266475000000014,1.7563108377865821,1.7733530662311114,1.797680701383215
5.268098000000009,1.7563108377865821,1.759336703025834,1.8078206228780906
5.270087999999987,1.7563108377865821,1.7641397498991327,1.7295733607101504
5.272059000000013,1.7558806705729584,1.6535529668238498,1.7237376496025587
5.274041000000011,1.7558806705729584,1.8011326135246246,1.787471688403802
5.276161999999999,1.7558806705729584,1.7746501495695133,1.7920870801420723
5.278008,1.7558234952032983,1.7079917864959593,1.799376272234018
5.279985000000011,1.7558234952032983,1.7763707366766617,1.7572184085974236
5.281976000000043,1.7558234952032983,1.7831379343357827,1.7021531914603882
5.283953000000054,1.755315145395536,1.7276245962787211,1.750458469137534
5.286273000000051,1.755315145395536,1.8191364330006012,1.7006117499973619
5.287909000000013,1.7546522534301123,1.7484702254824382,1.782867668948587
5.2898910000000114,1.7546522534301123,1.7407446208173392,1.7007938663337225
5.291872000000012,1.7546522534301123,1.7881575578861875,1.7145894166510705
5.293853000000013,1.7538923851782633,1.7104065643488198,1.7451237122998642
5.295953999999995,1.7538923851782633,1.7305941724066567,1.8219111249504225
5.297830999999974,1.7538923851782633,1.6964965735961193,1.6931228597493326
5.299796000000015,1.7532205948943982,1.7444784603179737,1.71928549533504
5.301778000000013,1.7532205948943982,1.736649423162071,1.7279477015847535
5.303769000000045,1.7532205948943982,1.7597073925073126,1.774890465997869
5.306099000000017,1.752834040263784,1.803791446988536,1.7068945426417894
5.3077220000000125,1.752834040263784,1.7868253143256323,1.690809723170362
5.309704000000011,1.7533104373622594,1.7597526451122398,1.7135225077706178
5.311693999999989,1.7533104373622594,1.8176981066532576,1.7707874772115553
5.3136650000000145,1.7533104373622594,1.722176855369318,1.6721189231873217
5.315765999999996,1.7532401465738434,1.777990266179281,1.8054378175663588
5.31763200000006,1.7532401465738434,1.798996986801908,1.789377082182241
5.319609000000014,1.7532401465738434,1.8478721561652873,1.7865165716246076
5.321590000000015,1.7532401465738434,1.7605498775586905,1.7741398556070604
5.323572000000013,1.7532401465738434,1.7338588128729493,1.7574970729242492
5.3259029999999825,1.7534211792784054,1.7541924876410664,1.7125634393184128
5.327534000000014,1.7543154783033197,1.757616704322948,1.731471554997871
5.329515000000015,1.7543154783033197,1.7206660292954838,1.7297677192672058
5.331499000000008,1.7550693481443504,1.75603964790872,1.6816999149794594
5.333483999999999,1.7550693481443504,1.8437244279662186,1.8269321515204369
5.335578000000055,1.7550693481443504,1.6711834297223394,1.6929761516113644
5.337447000000054,1.7557020141746482,1.6345805174722456,1.7312398876144244
5.339421000000016,1.7557020141746482,1.6798626067916105,1.7391453818946674
5.341412999999989,1.7557020141746482,1.7090820462201555,1.77142600893279
5.343387000000007,1.7560140623579648,1.6964009011406838,1.7336148233074224
5.34573000000006,1.7560140623579648,1.715635513662348,1.719856425635042
5.347356999999988,1.7560140623579648,1.7043703254042097,1.8041337561846904
5.349330000000009,1.755532379739653,1.778068505746399,1.9191747338117728
5.351310000000012,1.755532379739653,1.708302548869048,1.8615490628283151
5.3533010000000445,1.755532379739653,1.697804908585644,1.7594268003929003
5.35539,1.7553509439993638,1.6575513660389012,1.671086510327621
5.357259999999997,1.7553509439993638,1.8051021465568253,1.668355826420146
5.359241999999995,1.754927948992318,1.8219079483783533,1.8030151163923378
5.361220000000003,1.754927948992318,1.767648654367524,1.7572439102327346
5.363196000000016,1.754927948992318,1.7612901639385374,1.7628026508074208
5.365530000000035,1.75465779234156,1.7875752488931373,1.769424857919981
5.367165000000057,1.75465779234156,1.7953510621948439,1.7198380471286698
5.369141000000013,1.75465779234156,1.696911375948374,1.7539449314060358
5.371119999999962,1.7535963141930142,1.7411735301305402,1.7803368056532711
5.373111000000051,1.7535963141930142,1.8025653958451386,1.8344640165063737
5.3752059999999915,1.7535963141930142,1.7264262792351224,1.8365697009530573
5.377065000000016,1.7529577274641712,1.7608458634082773,1.7890829311339465
5.379051000000004,1.7529577274641712,1.8135594011263776,1.7295621695532097
5.381033000000002,1.7523702748337686,1.8719913782557696,1.7624575314170303
5.383010000000013,1.7523702748337686,1.8016515995631173,1.8138094849173982
5.385349000000019,1.7523702748337686,1.6889725963460676,1.8461983008530218
5.386969000000022,1.7525573360989353,1.7178160312648727,1.817953872579101
5.388960999999995,1.7525573360989353,1.8131758450927367,1.7265086325518066
5.390933000000018,1.7525573360989353,1.7152167745785405,1.8113602066440433
5.392913000000021,1.753071307189721,1.7966208917258326,1.7237673444008128
5.395012000000008,1.753071307189721,1.8391612246559872,1.8072987350730503
5.396875999999963,1.753071307189721,1.806472689547994,1.8178305974445255
5.398863000000006,1.753071307189721,1.842727938632036,1.7944824850418857
5.400837999999965,1.753026974013926,1.6960861253757384,1.7248989766445448
5.40282400000001,1.7534094271877512,1.6564416258524832,1.700544487765196
5.405149000000051,1.7534094271877512,1.714093640794679,1.7379429382534108
5.406782000000021,1.7534094271877512,1.7536410303171936,1.7837148613267018
5.408764000000019,1.7541811212435983,1.7085181911224934,1.713591730881125
5.410744999999963,1.7541811212435983,1.7152160621966994,1.6652017975029945
5.412726000000021,1.7541811212435983,1.7470093836110447,1.8266346148010832
5.414823000000013,1.7548468487266256,1.7316683573283718,1.6912656259852186
5.416692000000012,1.7548468487266256,1.7965383870550178,1.7653680951399748
5.4186730000000125,1.7548468487266256,1.7555621031431188,1.7736405227594016
5.420656000000008,1.7552082326334912,1.7255448423947515,1.715799365406574
5.422641999999996,1.7552082326334912,1.802907959633571,1.7463482834378796
5.424966999999981,1.7548625982178492,1.8977303304511592,1.8331825882239046
5.42659500000002,1.7548625982178492,1.7778630863026943,1.6686870086783148
5.4285750000000235,1.7548625982178492,1.7280440275585986,1.8096028030879354
5.430565999999999,1.7551602356145128,1.6720797443137982,1.7570651205013423
5.432538000000022,1.7551602356145128,1.741387114866965,1.7146689997785467
5.434636000000012,1.7551602356145128,1.695263053610867,1.7741943691509228
5.436499000000026,1.7549506340225707,1.7799064803311426,1.7333868247051882
5.438481000000024,1.7549506340225707,1.8385882283092583,1.7620224896664374
5.440469000000007,1.7549506340225707,1.7116988729502431,1.7941528075805295
5.442443000000026,1.7541760861205244,1.724719143229298,1.797510851755798
5.444780000000037,1.7541760861205244,1.7897577467536379,1.7329791522634512
5.446415999999999,1.7530072746894265,1.7162468323951625,1.7925372016779286
5.448388000000023,1.7530072746894265,1.665093938066894,1.8535410540942157
5.450369000000023,1.7530072746894265,1.812189316548205,1.6930600649971963
5.452359000000001,1.7530072746894265,1.6826519534147468,1.7120574574087244
5.4544480000000135,1.7526232110103672,1.7475330764373418,1.6786810366008633
5.456312000000025,1.7526232110103672,1.7450400872748058,1.8408253796481433
5.458293999999967,1.752081036422391,1.7298555098589588,1.7529888442146315
5.460291000000041,1.752081036422391,1.7815342592464753,1.7425577914938557
5.462255999999968,1.752081036422391,1.6748391010226846,1.7811021126479996
5.464590999999984,1.7523576643530288,1.7691862859391518,1.7980003538016043
5.466219000000024,1.7523576643530288,1.7086227854474008,1.7625383425185432
5.468200000000024,1.7523576643530288,1.7538418517207668,1.8216225049011772
5.470181000000025,1.7523576643530288,1.7099472273285152,1.746393239211603
5.472162000000026,1.752737756302727,1.757425569410403,1.6928064529616345
5.474260000000015,1.752737756302727,1.7931823081502178,1.8273404897080434
5.476124999999968,1.752737756302727,1.7433909362719757,1.742992768844834
5.478106000000025,1.752737756302727,1.735588936160618,1.6690920721052105
5.480091000000016,1.7530020025062414,1.712014897396728,1.6037001574268008
5.482074000000011,1.7537641395446921,1.7576131252583338,1.6784069805813169
5.484406000000035,1.7537641395446921,1.8022588524095031,1.720741295647938
5.4860290000000305,1.7543701809735168,1.7493495883010977,1.7545554133888508
5.488021000000003,1.7543701809735168,1.8229891260916085,1.7688289308725946
5.489993000000027,1.7543701809735168,1.7403645276887694,1.6776568539366903
5.491972999999973,1.7551541644134978,1.8499509808734595,1.7378696709689703
5.494078000000059,1.7551541644134978,1.6561743354015481,1.7215712074398857
5.4959460000000036,1.7555774542318192,1.727317124786901,1.7749776115055047
5.497918000000027,1.7555774542318192,1.713370751966164,1.7964678960409197
5.499899000000028,1.7555774542318192,1.7496842701094824,1.8342213791666642
5.501886999999954,1.7550315077208145,1.7837925910517125,1.8229722485805744
5.504215000000045,1.7550315077208145,1.8831803600332315,1.6861597580581689
5.50584299999997,1.7550315077208145,1.7597946147320993,1.76302483931578
5.50783100000001,1.7550469452044255,1.7974310247364338,1.741312509716147
5.509804999999972,1.7550469452044255,1.7141690596586387,1.7463020073889433
5.511786000000029,1.7550469452044255,1.7394568200635498,1.7503414391816376
5.513883000000021,1.7550385320904298,1.788959901037852,1.8345820404717093
5.515749000000028,1.7550385320904298,1.6791803864928643,1.7898541709439955
5.517730000000029,1.7550385320904298,1.697827250412512,1.75723122326438
5.519710000000032,1.7542960682530042,1.7582478543529458,1.761297839335883
5.521695999999963,1.7542960682530042,1.7460807489197077,1.6929630350174139
5.524025999999992,1.7536229388044746,1.7644717492150395,1.785239145618139
5.525652999999977,1.7536229388044746,1.6694841943911851,1.7404337388303401
5.527635999999973,1.7536229388044746,1.7365693470832704,1.7136319459754377
5.52961700000003,1.7532528142213535,1.7404615570557254,1.687877523577838
5.531597999999974,1.7532528142213535,1.7628838791842099,1.8487122121267234
5.5336959999999635,1.7532528142213535,1.7956081419430494,1.72857465988185
5.535559999999975,1.7531077686594048,1.7553705666015305,1.796951838728532
5.537551000000008,1.7531077686594048,1.6982169616864602,1.7693118782858595
5.539523000000031,1.7531077686594048,1.7693007507962886,1.8151864948627543
5.541508000000022,1.7533220516765131,1.665724995073371,1.672515475534421
5.543847000000028,1.7533220516765131,1.7581961737507696,1.8186720351571999
5.545477000000005,1.7540552820414097,1.7781739681173099,1.8296163329549384
5.547448000000031,1.7540552820414097,1.7508649435293235,1.7053207218886406
5.549428999999975,1.7540552820414097,1.7867591617915184,1.7932275587166713
5.55141100000003,1.7540552820414097,1.6879514868922862,1.7062159874547627
5.553523000000041,1.7540552820414097,1.867397628493403,1.7371099231819935
5.555373000000031,1.7543251984651873,1.7081459607165699,1.7035448723089208
5.557353999999975,1.7553905715858347,1.6250633971626471,1.7821168618538674
5.559335000000033,1.7553905715858347,1.6913538802337356,1.7391924388058388
5.561326000000008,1.7553905715858347,1.9020448166066384,1.754115563076981
5.56366399999996,1.7563432226149265,1.810844128078514,1.7046500588423052
5.565279000000032,1.7563432226149265,1.6929661920038621,1.8011319007893598
5.567273000000057,1.7563432226149265,1.8150645324274173,1.7436230963483832
5.569239999999979,1.7571754569060871,1.8211052194536104,1.7622747461642425
5.571227000000022,1.7571754569060871,1.684561994335616,1.7291494341479348
5.573320999999964,1.7571205304500328,1.818128698999672,1.6704039169362188
5.575184999999976,1.7571205304500328,1.7365033855816916,1.7100246875092593
5.577166000000034,1.7571205304500328,1.7920132726604454,1.7448078578348496
5.579148000000032,1.7568609852747465,1.8048702540628025,1.7476648282317153
5.581129000000033,1.7568609852747465,1.8037476111237827,1.8315268575205779
5.583474000000024,1.7568609852747465,1.7468064368952605,1.8337361070116156
5.585091000000034,1.7573039913501205,1.7161616871262881,1.7910430836925124
5.58707400000003,1.7573039913501205,1.7835661635063362,1.855857243338879
5.589053000000035,1.7573039913501205,1.7983449715814719,1.7327094532984004
5.591032999999982,1.7568556572029361,1.7801717813323017,1.790780192863768
5.593133000000023,1.7568556572029361,1.7537027265651206,1.7741605212785845
5.594997000000035,1.7562916889752818,1.789897147007995,1.7774963501996486
5.596977999999979,1.7562916889752818,1.6747564001450004,1.7095140494327632
5.598959000000036,1.7562916889752818,1.7928519015365063,1.7602141518534458
5.600944000000027,1.7557394689254,1.7454777272002957,1.7346842710593036
5.603284000000031,1.7557394689254,1.8112968453700413,1.7011679412132834
5.604902999999979,1.7557394689254,1.7637506137255754,1.7812944058058247
5.606883000000039,1.7556653646721438,1.785771272464857,1.6695916110395796
5.608867000000032,1.7556653646721438,1.7848342969246493,1.8177976588104132
5.610846999999978,1.7556653646721438,1.737024089066052,1.7587478856491034
5.612944000000027,1.7560953600932876,1.7185532988120744,1.6989980552371062
5.614818000000014,1.7560953600932876,1.802874705458688,1.7398339362925128
5.616791000000035,1.7568966661473848,1.77311238729548,1.7554133481063816
5.618776000000025,1.7568966661473848,1.7707038831509647,1.8105645114184927
5.620753000000036,1.7568966661473848,1.803005545896487,1.8246014313635301
5.623102000000017,1.7574225245285575,1.7883871753162128,1.7481344693248326
5.624720000000025,1.7574225245285575,1.8254199471030041,1.7533602106529573
5.626697000000036,1.7574225245285575,1.7399012541337406,1.8518784798601131
5.628677000000039,1.758179033871729,1.7849088747197597,1.6784052775238398
5.630660000000034,1.758179033871729,1.8249794846108,1.6852492759648483
5.632759000000021,1.758179033871729,1.7272788200539395,1.8302806085285948
5.634619999999984,1.7593964873680241,1.7110675635763182,1.7485408089619308
5.63660299999998,1.7593964873680241,1.7545202914552183,1.7932358272817857
5.63858799999997,1.7593964873680241,1.7612278433592765,1.8306045539609725
5.6405639999999835,1.7603265513711788,1.7717309869405575,1.6648054761993427
5.642893000000015,1.7603265513711788,1.7998663229004253,1.8252430727981888
5.644538000000011,1.7608400248923781,1.7874303604956474,1.7983945351700035
5.646507000000042,1.7608400248923781,1.891508384125974,1.686981915091853
5.648489999999981,1.7608400248923781,1.8247480222625319,1.734669634057464
5.650481000000013,1.7609615985399736,1.7306605941891826,1.7628955420135557
5.652569000000028,1.7609615985399736,1.8057857923673928,1.7936007859876464
5.65443300000004,1.7609615985399736,1.7591509560176652,1.7091797142176413
5.656417999999974,1.760960912455951,1.7931956647303424,1.79983077355326
5.658395999999982,1.760960912455951,1.7771326060375034,1.7654376929911775
5.6603770000000395,1.760960912455951,1.6727961724530591,1.718809301711652
5.662717999999984,1.7613501394759405,1.725854109508702,1.7345764912459902
5.664345000000026,1.7613501394759405,1.7689956020071589,1.7857860825469003
5.666325000000029,1.7609150593853522,1.7986878897111076,1.7300929112820533
5.66830200000004,1.7609150593853522,1.7058131214285301,1.7439564616949603
5.670287999999971,1.7609150593853522,1.8303520286823447,1.742865950384645
5.67238900000001,1.7604091960968096,1.8054277096955917,1.6784128432056626
5.674244999999985,1.7604091960968096,1.711361687989374,1.7337749803842817
5.676226999999983,1.7604091960968096,1.7601638238715942,1.7485117554662475
5.678206999999986,1.7600670889961985,1.8052965072780747,1.760570920558605
5.680188999999984,1.7600670889961985,1.8195819584703576,1.7950212837957829
5.6825150000000235,1.7600670889961985,1.6924780309860252,1.7139316855856386
5.68415600000003,1.7602903827069862,1.7277733034153915,1.8066935786450016
5.686147000000005,1.7602903827069862,1.8121260330339968,1.7409263495889475
5.688118999999972,1.7616559273082806,1.704916831704313,1.7576109866158112
5.690095000000042,1.7616559273082806,1.7917657582655375,1.6807641559477278
5.692193000000032,1.7616559273082806,1.7613288404876126,1.7087246242698468
5.694061000000033,1.7623291251593618,1.7520498127200805,1.808373762628434
5.696038999999985,1.7623291251593618,1.6450815439255209,1.7144594024156565
5.698019999999985,1.7623291251593618,1.8156626096838977,1.7107400735565053
5.700000999999986,1.7630756392609273,1.7262082504985825,1.7659889357577545
5.702337,1.7630756392609273,1.7332819172903482,1.7967484981291506
5.7039629999999875,1.7630756392609273,1.7872084205840149,1.7556195555993477
5.705959000000007,1.7646678116928174,1.7649519081080134,1.6669315433187104
5.707927000000041,1.7646678116928174,1.7646907154181672,1.695033641133576
5.709907999999984,1.7646678116928174,1.7572728405392277,1.8314509535177583
5.712007000000028,1.7657744739058476,1.7379315599752434,1.7974742398605723
5.713868999999988,1.7657744739058476,1.7346512138621735,1.6847068902982973
5.715860000000021,1.7657744739058476,1.7954456743192084,1.751614738491436
5.717831999999987,1.7668368161434211,1.719612459300125,1.856691324119979
5.719813000000045,1.7668368161434211,1.734217031464114,1.766496124658814
5.7221419999999625,1.7668906769901602,1.769363306211096,1.7306023828265742
5.723784000000023,1.7668906769901602,1.7980155288309791,1.694760851317745
5.7257640000000265,1.7668906769901602,1.7291353098908406,1.7450045381231956
5.727737999999988,1.7670129699751447,1.7260652860539802,1.8065952184200285
5.729726000000028,1.7670129699751447,1.7524076729713096,1.870763340303824
5.731830000000002,1.7670129699751447,1.722194757287526,1.8320530068255638
5.733681000000047,1.7676297608058233,1.7613451922553756,1.7902744027888762
5.735662999999988,1.7676297608058233,1.6553228584165343,1.7623719382062497
5.737652999999966,1.7676297608058233,1.8426241779858037,1.712125378922258
5.739623999999992,1.7671604209889216,1.763560022108246,1.7547441232775414
5.741960000000006,1.7671604209889216,1.6774674129491458,1.6783438316959995
5.743589000000043,1.7669296363879903,1.7377829939141407,1.8099275984125558
5.745581000000016,1.7669296363879903,1.7695190155168112,1.7761549008791409
5.747559000000024,1.7669296363879903,1.760397048088626,1.761187064659932
5.74953400000004,1.7672729331371764,1.7003550311547566,1.69628693444613
5.751632000000029,1.7672729331371764,1.828626206254191,1.7834759207035318
5.753505000000018,1.7672729331371764,1.8095768651402397,1.7544810798748114
5.755476000000044,1.7681898969515502,1.702179270675963,1.7902287200610603
5.757460000000037,1.7681898969515502,1.7838486882529634,1.766171446730998
5.759449000000018,1.7681898969515502,1.7214218197443836,1.818782048194839
5.761772000000008,1.7687513738834761,1.6998490902626775,1.6552463818668905
5.7634029999999825,1.7687513738834761,1.7219638236029815,1.780761093509054
5.765394000000015,1.7687513738834761,1.8045225600868664,1.8120579126347014
5.76737700000001,1.7702067785731774,1.7184288629833229,1.7804338921363803
5.769346000000041,1.7702067785731774,1.7822177174934641,1.7688498598940479
5.771445000000028,1.7713234638491284,1.698378295937061,1.8396745969932686
5.773308999999983,1.7713234638491284,1.804034694015762,1.7121764526193144
5.775298000000021,1.7713234638491284,1.755150463912404,1.7092462931057046
5.777269000000047,1.7725017052360317,1.7918497978125427,1.7724469275633892
5.779252000000042,1.7725017052360317,1.7090620856567746,1.811291304629884
5.781599000000028,1.7725017052360317,1.87795086999968,1.7872935117504265
5.783224000000018,1.774149757298785,1.86889919804609,1.8363175647874832
5.785195999999985,1.774149757298785,1.6451168351745336,1.857151699463699
5.787192000000061,1.774149757298785,1.8365059188411266,1.7510836095425348
5.789162000000033,1.7754165233577417,1.7818649462337057,1.8074581279063044
5.79125700000003,1.7754165233577417,1.7983034050285889,1.8101880685110379
5.793129000000022,1.7758070699488895,1.795790210420508,1.8070321946356844
5.795101999999986,1.7758070699488895,1.8205119293094212,1.7506057687476346
5.797081999999989,1.7758070699488895,1.7450798480053513,1.752221403682444
5.799065999999982,1.7762097390739882,1.7001499211168805,1.7711524912613092
5.801386999999977,1.7762097390739882,1.7422151896588767,1.827141050181998
5.80302400000005,1.7762097390739882,1.7358299441013798,1.6955963935090168
5.805005999999992,1.7765700954859571,1.7768218616624483,1.8039363100412231
5.806989999999985,1.7765700954859571,1.7752729178214948,1.730283445953545
5.8089840000000095,1.7765700954859571,1.7503519741568523,1.807156115684702
5.811075000000017,1.7769033036768211,1.7417568054098413,1.7579225347030885
5.812929999999994,1.7769033036768211,1.8100907796666659,1.8102670284168978
5.814910999999995,1.777337739078204,1.7237212283817485,1.8319384221877317
5.8168940000000475,1.777337739078204,1.814907057730502,1.6426515281092655
5.818873999999994,1.777337739078204,1.7744424072736489,1.7372903659225227
5.82120900000001,1.7775940052213661,1.7492968798830648,1.777516688022462
5.822840000000042,1.7775940052213661,1.727230840391273,1.7515130834057326
5.824817000000053,1.7775940052213661,1.8470511697792673,1.693536553564321
5.826796999999999,1.7785041799939405,1.6911851524343904,1.7834748024273104
5.828793000000019,1.7785041799939405,1.8000550224733016,1.7093487325505539
5.830878999999982,1.7785041799939405,1.771595950763649,1.8415700021181731
5.8327410000000555,1.7800205719288171,1.7667023884222557,1.7552752581871325
5.834730000000036,1.7800205719288171,1.7154300968985456,1.7560605753325902
5.836714000000029,1.781580344286276,1.74288777981516,1.8372596625804791
5.8386860000000524,1.781580344286276,1.8976503053609615,1.7183205242019417
5.84101099999998,1.781580344286276,1.8361253667328725,1.7199339982488884
5.842651999999987,1.7831194014581129,1.8333652760384724,1.7784447471381393
5.844628999999998,1.7831194014581129,1.8186226939841248,1.80435673948507
5.846610000000055,1.7831194014581129,1.796290127445475,1.7452555690162306
5.848600000000033,1.78482872980128,1.8572956213740033,1.691107500889318
5.8506889999999885,1.78482872980128,1.7960306127556165,1.7793865778116296
5.852568000000019,1.78482872980128,1.9032583348037215,1.7778013122099787
5.854542000000038,1.7866135017640725,1.8508917373439595,1.765773948293276
5.856516999999997,1.7866135017640725,1.8050265330965731,1.7867197535212196
5.858509000000026,1.7866135017640725,1.8198718030362624,1.8321051130227701
5.860833000000014,1.78791075244038,1.7856976523109958,1.785528032603974
5.862462999999991,1.78791075244038,1.8758299030754642,1.804516464631919
5.864444999999989,1.7888019981930843,1.7604560564624843,1.8055770806231792
5.866422,1.7888019981930843,1.8226747394328682,1.7990376180914847
5.86841000000004,1.7888019981930843,1.7959785245638455,1.768173785406521
5.870510999999965,1.789561715822731,1.7508536975873847,1.7993396053890105
5.872366000000056,1.789561715822731,1.8115982194654368,1.8422356190461366
5.874357000000032,1.789561715822731,1.6533470219203168,1.753948569578427
5.876337999999976,1.7898328945996036,1.8354187158018946,1.7182198889073077
5.878309999999999,1.7898328945996036,1.8683735042521363,1.8216933414074634
5.880650000000003,1.790296819659262,1.7649023659543777,1.7548831795763602
5.882271000000003,1.790296819659262,1.7732301442249483,1.8172135196374042
5.8842559999999935,1.790296819659262,1.781732750552258,1.713263406865011
5.8862360000000535,1.791186255344206,1.8433359845230848,1.7558768818415678
5.888220000000047,1.791186255344206,1.8686571980329136,1.804164013243032
5.8903230000000235,1.791186255344206,1.857608963155879,1.7719215597384685
5.892182999999989,1.792452848933187,1.8522894384518447,1.8125103214810656
5.894159000000059,1.792452848933187,1.8122471882546354,1.8298876993581548
5.896141,1.792452848933187,1.6924962646295587,1.7815767439373218
5.898130999999978,1.7941051521680211,1.7847560343764317,1.7829855137641966
5.9004620000000045,1.7941051521680211,1.8411873916566568,1.7769304244311033
5.902092999999979,1.7941051521680211,1.840386696764095,1.7766286342060247
5.904065000000003,1.7955044233362731,1.786429168326542,1.8367296622267857
5.906047999999998,1.7955044233362731,1.7027660558259345,1.8161979699688005
5.908035000000041,1.7955044233362731,1.8404632598848285,1.7680301152590927
5.9101309999999785,1.797003044836482,1.7537923336452108,1.865802195574175
5.911991000000057,1.797003044836482,1.7539663544520403,1.8748681048572293
5.913972000000001,1.7995280566374101,1.8517243681440627,1.79818226971975
5.915953000000059,1.7995280566374101,1.808313286378765,1.7432958423626537
5.9179340000000025,1.7995280566374101,1.845305630669989,1.77199063401849
5.920258999999987,1.8019341073051565,1.7336040966668524,1.789906161607855
5.921896000000004,1.8019341073051565,1.7981093529481917,1.8143554978818353
5.923878000000002,1.8019341073051565,1.71971417728617,1.87991034407436
5.925859000000003,1.803711822408686,1.855468874218574,1.8781808498236576
5.927840000000003,1.803711822408686,1.8450010518901827,1.817616812486107
5.929961999999989,1.803711822408686,1.7559452870815246,1.6642458765021766
5.931803000000002,1.804847082107849,1.7932438778020918,1.7418829210434577
5.93378400000006,1.804847082107849,1.835738043867248,1.736706501286466
5.9357650000000035,1.805982505887752,1.7566318586409344,1.8676115756166518
5.937748999999997,1.805982505887752,1.7200361895281304,1.7502448948579648
5.940081000000021,1.805982505887752,1.8040849994066888,1.7137448288101098
5.941709000000003,1.8069907700232557,1.8457455156980718,1.8957831481672403
5.943690000000004,1.8069907700232557,1.7574016586500973,1.7831862224518427
5.945671000000004,1.8069907700232557,1.8742169055043536,1.8135814719576422
5.947651000000008,1.8081165924828442,1.8283197704549794,1.8230694541701395
5.949769000000003,1.8081165924828442,1.8730228903539854,1.8415511177839454
5.9516309999999635,1.8081165924828442,1.7557778797417567,1.7258375705766884
5.953600999999992,1.8094378251150938,1.759206148580266,1.7422853296537406
5.955577000000005,1.8094378251150938,1.7762970101593767,1.8811264610770586
5.95756700000004,1.8094378251150938,1.8826056523175354,1.7553615183084041
5.959883000000048,1.8107851092858747,1.814371182978022,1.8021741279585781
5.961521000000005,1.8107851092858747,1.801140636650668,1.8980105327099137
5.963502000000005,1.812628407594595,1.88113165446638,1.893558763984894
5.965488999999991,1.812628407594595,1.7517109057555622,1.8382430100801903
5.967464000000007,1.812628407594595,1.8258065324663832,1.782582925215849
5.969562000000053,1.812628407594595,1.8077525917627446,1.8293516371484935
5.97143299999999,1.8147847633270353,1.8953580443320126,1.7617798534669473
5.973408000000006,1.8147847633270353,1.8622197886373726,1.8486311185022264
5.975389000000007,1.8147847633270353,1.7903330123157957,1.8479028800694293
5.977370000000008,1.8147847633270353,1.9002429879160034,1.7517912354624203
5.979705000000024,1.8147847633270353,1.824008300958656,1.9624541378044316
5.981333000000063,1.8147847633270353,1.8439375907308773,1.8484619525575552
5.983324000000039,1.8166776278473316,1.83664063538471,1.78326991997559
5.98529400000001,1.8217979109817646,1.9072581456024866,1.8982895739960417
5.987284000000045,1.8217979109817646,1.7010590166646486,1.8241667214596644
5.9893749999999955,1.8217979109817646,1.8487019610658972,1.8168852480419664
5.991244999999992,1.8248608088318021,1.9382968938240588,1.7937791810379529
5.993225000000052,1.8248608088318021,1.761748480317184,1.870799306258126
5.995201000000009,1.8248608088318021,1.776110769531296,1.9000704833149278
5.997181000000012,1.8262386076805723,1.8381068533511005,1.8179128932599298
5.999518000000023,1.8262386076805723,1.8892793793837204,1.8339789231252772
6.001145000000008,1.8262386076805723,1.8431955102420199,1.7884192755150867
6.003125000000011,1.8278089293085242,1.8170968856865264,1.8123312135557825
6.005108000000007,1.8278089293085242,1.8273265995443948,1.8616097207856943
6.00708800000001,1.8291293064011007,1.8109592060131856,1.8786577927701003
6.0091860000000565,1.8291293064011007,1.8060072721998575,1.8217756234703908
6.011057999999991,1.8291293064011007,1.7611596399224207,1.8195804061769532
6.013035000000002,1.8304987302738465,1.9367746075845211,1.8287992523522356
6.01501300000001,1.8304987302738465,1.8393980325380925,1.800513374506427
6.016994000000011,1.8304987302738465,1.7799154467780356,1.8709953890348017
6.019331999999963,1.8319773229664214,1.888230860135953,1.8469195456506664
6.020958000000064,1.8319773229664214,1.7153752465971883,1.8566923560572155
6.02294900000004,1.8319773229664214,1.7674675092987902,1.7798177981009988
6.024918000000014,1.8344782800791006,1.8495542733586878,1.8839030673589066
6.026900000000012,1.8344782800791006,1.8321256989787285,1.8003817344443813
6.02901300000002,1.8344782800791006,1.8628535043457637,1.8152008123795849
6.030865000000006,1.8372498481060353,1.7916104907660444,1.793535786084112
6.032857000000035,1.8372498481060353,1.8156753677696786,1.807565431449912
6.034834999999987,1.8397635655358853,1.8298791627125173,1.8324352765806553
6.036806000000013,1.8397635655358853,1.7987389304350636,1.8267370148068265
6.0391349999999875,1.8397635655358853,1.7837904110460503,1.811225981829134
6.040773000000058,1.8418093881813193,1.9198093778963112,1.912539906979208
6.042754000000002,1.8418093881813193,1.7892305599128033,1.8832418185535964
6.044731000000013,1.8418093881813193,1.8288203995381178,1.8721454922147431
6.046712000000014,1.8447089639221905,1.7962147389500804,1.9034471679366072
6.0488110000000574,1.8447089639221905,1.81394197262443,1.8249128710020823
6.050684999999987,1.8447089639221905,1.7721736236359504,1.8573520785671875
6.052671000000032,1.8482286029960096,1.7836613340500014,1.848675882878243
6.054638000000011,1.8482286029960096,1.8299328625207296,1.7531693774684562
6.056620000000009,1.8482286029960096,1.8314326350873145,1.8852110396206958
6.058965000000001,1.8508276283056182,1.8640346397941898,1.8331300693356096
6.06058900000005,1.8508276283056182,1.955575439095295,1.8563216502266588
6.062570999999991,1.8531676501181493,1.8640941551218224,1.8204842363662403
6.064543000000015,1.8531676501181493,1.827647547958152,1.8503071041709436
6.066524000000015,1.8531676501181493,1.7347403041911484,1.9786944177509784
6.068622000000005,1.85578489326709,1.7903705736491387,1.7315608506588698
6.070496000000048,1.85578489326709,1.943664760442424,1.9017954796535441
6.0724839999999745,1.85578489326709,1.8916735977288295,1.9576926672585493
6.074445999999966,1.857090684968435,1.8726766035678146,1.761995938136135
6.076440999999988,1.857090684968435,1.8843860661985639,1.8239288795466553
6.078765000000033,1.8588062957998803,1.8000332077934302,1.8872519196225674
6.080410000000029,1.8588062957998803,1.875961567425659,1.8383218349545871
6.082376000000011,1.8588062957998803,1.846740301188269,1.8278853967683963
6.084356000000014,1.8613935002028756,1.9168422209068228,1.8960938208307134
6.0863370000000145,1.8613935002028756,1.8535524280681914,1.7395256185134955
6.088435000000004,1.8613935002028756,1.820648192191242,1.8993729042019416
6.090308999999991,1.8645311679088914,1.8796324449807778,1.9046800492463456
6.092281000000014,1.8645311679088914,1.8419125682665816,1.9200820252719693
6.094276999999977,1.8645311679088914,1.8935811051301077,1.8903437961026315
6.096250999999995,1.8672486840342999,1.8681018117587935,1.9108799604037519
6.098585000000014,1.8672486840342999,1.9160493676839363,1.8677900441856488
6.100215999999989,1.8672486840342999,1.8199347991084638,1.7792047343777315
6.10218500000002,1.8707828017811907,1.9485620932604037,1.846930970511892
6.104173000000003,1.8707828017811907,1.890411209724319,1.8598313886230846
6.106151000000011,1.8730476425516789,1.8743370245845161,1.8604808704148383
6.108259000000032,1.8730476425516789,1.9227927604326414,1.8367922732587347
6.110123999999985,1.8730476425516789,1.9078194585066768,1.8482776052181458
6.112091000000021,1.8773013905513187,1.9097066174255697,1.9103094265207101
6.114079000000004,1.8773013905513187,1.8997971151922792,1.8899104764012762
6.11605499999996,1.8773013905513187,1.9129718663498299,1.833573805261398
6.118380000000002,1.8803618827975612,1.8680495168997906,1.9119168510915527
6.120029000000045,1.8803618827975612,1.9097870895446623,1.8890718200516
6.121998000000019,1.8842120193844798,1.8573271240832654,1.8087739284927868
6.123978999999963,1.8842120193844798,1.8447651082355727,1.890546397802434
6.125970000000052,1.8842120193844798,1.8588275463674155,1.9117389536553715
6.12806599999999,1.8865053030690917,1.8001401592784279,1.8429975514521748
6.129953000000057,1.8865053030690917,1.8247630008475293,1.893085470139856
6.13190400000002,1.8865053030690917,1.8701474435647365,1.8354145836493503
6.1338910000000055,1.8893815458815044,1.8087721612994323,1.8548939366884523
6.135867000000019,1.8893815458815044,1.8696378752973977,1.9051879724049428
6.138209000000018,1.8893815458815044,1.9310059437337448,1.96038272947049
6.139839999999992,1.8914971651166632,1.8751053554529429,1.9160522978887762
6.141809999999964,1.8914971651166632,1.8718156391909964,1.8514970762847172
6.1437910000000215,1.8914971651166632,1.8829705845147877,1.9191948509282004
6.145771999999965,1.8940684226147948,1.7626959082162488,1.8868593760205528
6.147873000000004,1.8940684226147948,1.8992005566703225,1.9462096780732696
6.149744999999996,1.8940684226147948,1.9288157283165093,1.90649242318224
6.151725000000056,1.8966581353595013,1.943415588809239,1.8397379378471013
6.153704000000005,1.8966581353595013,1.8719592412827344,1.896706447912559
6.1556790000000206,1.89951896893797,1.9726737581196732,1.897585306708315
6.1580130000000395,1.89951896893797,1.9114551461127662,1.8053468714064846
6.159657999999979,1.89951896893797,1.9484084746793573,1.915642438076327
6.161625000000015,1.9040801469065995,1.8874605475710187,2.0225272669436
6.163616000000047,1.9040801469065995,1.9761803326235734,1.8768326338802448
6.165591000000006,1.9040801469065995,1.8789538223613935,1.7612438075149623
6.167683000000011,1.9075572679738986,1.9252709567842756,1.8838182328127768
6.16956399999998,1.9075572679738986,1.9085498622667085,2.025020062582588
6.171537000000001,1.9075572679738986,1.8449922182469212,1.8542692851661202
6.173510000000022,1.910575820791906,1.9877141474082163,1.970890452797851
6.175499000000002,1.910575820791906,1.8934600460996092,1.8734926002606602
6.177829000000031,1.9149084852547291,1.8541237479297106,1.930093563164122
6.179465999999991,1.9149084852547291,1.8729503230908058,1.9116023750516955
6.181436000000019,1.9149084852547291,1.9546254413522275,1.8677801006156114
6.18342100000001,1.9185097672931768,1.9994394957902,1.8702914249789544
6.185399000000018,1.9185097672931768,1.873588512730197,1.9742567150887664
6.187497000000008,1.9185097672931768,1.9407702601659396,1.984938138483153
6.189369999999997,1.922639978231881,1.8976791694789978,1.939596812083917
6.191351999999995,1.922639978231881,1.8051559014561331,1.8783108292502408
6.193323000000021,1.922639978231881,1.9579881319437595,1.917645000571535
6.195307000000014,1.9260543883698602,1.8738680996858392,1.9153326281533873
6.197629000000006,1.9260543883698602,1.9606136192796726,1.9486908630000517
6.1992779999999925,1.9287572016680476,1.9563153447228938,1.9239298433020673
6.201248000000021,1.9287572016680476,1.9066392221729953,1.9020032631527493
6.2032370000000014,1.9287572016680476,1.9472574505643643,1.9028755122968055
6.2052209999999945,1.930943831589205,1.9734937456438981,1.9233215988760395
6.207307000000014,1.930943831589205,1.8455890584207706,2.004681008040532
6.209179000000006,1.930943831589205,1.9465849896904077,2.0203378220621704
6.2111529999999675,1.9336678389656243,1.9578221628421615,1.9577421290991537
6.213134000000025,1.9336678389656243,1.9228789007151652,1.9463903467609696
6.2151230000000055,1.9336678389656243,2.0127660956266253,1.8933817385440403
6.217462000000012,1.9365356891343855,1.9473950531155693,1.9225173653474763
6.219087999999999,1.9365356891343855,2.0478600643829257,1.9382710202162192
6.221063000000015,1.9406147498286588,2.0141337704331876,1.9891167312759583
6.223040000000026,1.9406147498286588,2.0326318588863326,1.9296008281200108
6.225021000000027,1.9406147498286588,1.9786819640182642,1.9062047744057595
6.227119000000016,1.9449731041139582,2.0035616298895147,1.9391289770576405
6.228985000000023,1.9449731041139582,1.9328866176217243,1.9948331798199386
6.230965000000026,1.9449731041139582,2.05099424317795,1.979093599063594
6.232951000000014,1.9484651488230522,1.8944521946943362,1.9648239103850127
6.234928000000025,1.9484651488230522,2.04001294159691,1.9496998588381047
6.2372740000000135,1.9484651488230522,1.9416685749154041,1.9173197249444642
6.2389009999999985,1.9519767740257883,1.8847587218867112,1.9419215350621135
6.240881000000002,1.9519767740257883,1.9836154798462478,1.927835680673776
6.2428580000000125,1.9519767740257883,1.9487811705819362,1.9125340184315145
6.244831999999974,1.956248142859538,1.9891843432671255,1.9231084756932482
6.2469409999999925,1.956248142859538,2.0552456815466025,1.9478980382302176
6.248806999999999,1.956248142859538,1.8991958526312,1.979467431044048
6.25077600000003,1.96051553310051,2.0392116870394466,1.9641255800758304
6.2527580000000285,1.96051553310051,1.9993727743382728,1.9548410720501743
6.254738000000032,1.9643657199940934,2.00835487517923,1.9825273447130887
6.257085000000018,1.9643657199940934,1.875975395409699,1.9082571506347765
6.2587140000000545,1.9643657199940934,1.9912499591605546,1.8632932233467379
6.260681000000034,1.9677409324641852,2.0246781315352353,1.8976052470511013
6.2626639999999725,1.9677409324641852,2.0703104019145533,1.9952294444495249
6.264654000000007,1.9677409324641852,1.8911911697166321,2.0542989456198084
6.266752999999994,1.971021133300848,1.9566563222951356,1.955562838568416
6.268613000000016,1.971021133300848,2.111087126225514,1.9985915005948258
6.270599000000061,1.971021133300848,1.8684272340456394,1.896424313012389
6.2725750000000176,1.974105602767063,2.03411707415703,1.902445046760969
6.274551000000031,1.974105602767063,1.9904602304030024,1.973309157633975
6.2768970000000195,1.9767551619896038,1.9458746592898977,2.0510880499196413
6.278524000000004,1.9767551619896038,1.9593261213331017,1.979426649243992
6.280496000000028,1.9767551619896038,2.106649898093565,1.8993479560313442
6.282475000000034,1.9796031271715613,2.02612654942022,1.9557274074883788
6.284456999999975,1.9796031271715613,1.9749087230974476,1.9144513502529583
6.286554999999964,1.9796031271715613,1.9431911228610066,1.9957276868731697
6.288418999999976,1.9836896296842348,2.0317514200409716,1.9364972996179444
6.290404000000024,1.9836896296842348,1.9709515614788227,2.0371127251732957
6.292391000000009,1.9836896296842348,1.941653646817961,1.9353729648082978
6.294362000000035,1.987785558030835,1.9795891284041187,1.9415488927644824
6.296698000000049,1.987785558030835,2.012433005101844,2.070091161855415
6.298339000000055,1.9917954993351124,1.9853887842104017,1.9203278075685597
6.300306000000035,1.9917954993351124,2.0841333738287666,2.051430388497948
6.302287999999976,1.9917954993351124,2.0351313108012765,1.9466825673103707
6.304275000000018,1.995188444467413,1.982711089979374,1.943904117448264
6.306369000000018,1.995188444467413,2.037611888047555,2.0394454948608614
6.308232000000032,1.995188444467413,1.982214712322146,1.9968752400289056
6.310220000000015,1.999243280917371,1.992643507315986,1.946041803628423
6.312194000000034,1.999243280917371,2.0015253402743935,1.9706082673817635
6.314186000000063,1.999243280917371,1.9773207303770435,1.9191570358954864
6.316507999999999,2.0036826570915225,2.0620624125193534,1.9287732906487904
6.3181410000000255,2.0036826570915225,2.059004202576531,2.017865124169834
6.3201310000000035,2.0036826570915225,1.9568333083883551,1.963042171862911
6.322111000000007,2.0074089589579573,2.0942440063463215,2.076827710237074
6.324080999999978,2.0074089589579573,2.034230322864903,1.9671861137669127
6.326193999999987,2.0074089589579573,1.9029038607674114,1.9491706067873724
6.328052000000014,2.011571728608346,2.0236456184831013,2.000132987757525
6.330025000000035,2.011571728608346,2.0439301394574816,1.9827332030368727
6.3320059999999785,2.0143023390655346,1.9802750266316227,1.9908413706869106
6.333993000000021,2.0143023390655346,2.1351180645429566,1.9658942253284648
6.336333000000025,2.0143023390655346,1.970169400317682,2.020927695934887
6.337951999999973,2.017694508846971,2.046176300450606,2.003802146120119
6.33993700000002,2.017694508846971,1.9835997349874313,2.0729200241248074
6.341911999999979,2.017694508846971,1.9860092560202134,2.1210306302189124
6.3438919999999825,2.0203853908154077,2.0264104056137593,1.9865191046903319
6.345997000000011,2.0203853908154077,1.9798602494577835,2.011861595330379
6.347867000000008,2.0230837416370315,2.005871864470525,2.143551620523441
6.3498369999999795,2.0230837416370315,1.989910325293923,1.9369152850141045
6.351818000000037,2.0230837416370315,1.9433886124645041,2.09852476798256
6.353798999999981,2.0267260833975778,2.010838212213874,2.060862519827181
6.356128000000012,2.0267260833975778,2.1312385978020103,1.9386094252198665
6.357771000000014,2.0267260833975778,1.998103848864246,1.9978901493649026
6.359748000000025,2.0294871419969347,2.0264797538245976,2.1242126891071322
6.361724000000038,2.0294871419969347,2.034363823192063,2.0502962298602223
6.363715000000013,2.0294871419969347,2.116954658409415,1.997861794542052
6.365812000000005,2.034002530967237,2.056185843020041,1.9816581913637803
6.367667999999981,2.034002530967237,1.9889298133334714,1.9467144394902824
6.369659000000013,2.034002530967237,1.948630462794444,2.047073861960642
6.371632000000034,2.037617351255102,1.9908343356629352,2.0943351882929413
6.373611000000039,2.037617351255102,2.043738085355358,2.0660921597436412
6.375947000000053,2.041043714089066,1.9819641292270287,2.0367034531307313
6.377574999999979,2.041043714089066,2.107429485982125,2.058042328458949
6.379558000000031,2.041043714089066,2.0238704854578393,2.0271335939850643
6.381535000000042,2.0449287274538936,2.112296547140469,2.072478248062686
6.38352100000003,2.0449287274538936,2.0253736865125003,1.964451226946226
6.385614999999973,2.0449287274538936,2.0029850668777938,1.9797386603638283
6.387478999999985,2.049243907620002,2.000462305114113,2.0129803764367797
6.389460999999983,2.049243907620002,2.0743303505733355,1.9752039344900059
6.391449000000023,2.049243907620002,2.11296435018118,2.1279856434297915
6.393421999999987,2.053448454894507,2.0758458112309515,2.0326060113032156
6.395756000000006,2.053448454894507,1.993183242279964,2.048803670824446
6.397397000000012,2.0569801846784728,2.0611202782588123,2.1005809172358103
6.399374000000023,2.0569801846784728,2.0480863720623828,2.021538218103259
6.4013479999999845,2.0569801846784728,1.948740972018005,1.9788742300054956
6.4033280000000445,2.0600041392064394,2.0619540822844615,2.016745930693759
6.405431000000021,2.0600041392064394,2.104280163552937,2.0315896781129954
6.407291999999984,2.0600041392064394,2.1415074082042715,2.071479770406225
6.409281000000021,2.0630586942186673,2.1040047911303277,2.0140211690508907
6.411253999999985,2.0630586942186673,1.9833702511936078,2.0548772400753705
6.413235000000043,2.0630586942186673,2.0195354457046166,2.065271974063715
6.415570000000002,2.0653792830640008,2.112518181138256,2.0517886075195917
6.417198000000042,2.0653792830640008,2.008317955313034,2.1440463972000674
6.419183000000032,2.0684857291938448,2.098715554967142,2.086147205484609
6.421176000000003,2.0684857291938448,2.0441851509383926,2.0758645677731598
6.423140999999987,2.0684857291938448,2.0653175961591486,2.125278952489386
6.425238999999976,2.0717529277083075,2.015826395641687,2.0944486977997014
6.427103999999986,2.0717529277083075,2.08924998006227,1.9514306358979039
6.429092999999966,2.0717529277083075,2.0504880230791125,2.136365329725732
6.43106499999999,2.0749996862760645,2.1635778603108986,2.021609842183156
6.433046999999988,2.0749996862760645,2.0522303515952904,2.077009677979013
6.435394000000031,2.0749996862760645,2.192707677052171,2.0239165687319884
6.437008999999989,2.0787582525917463,2.104119697846824,2.092595602051148
6.438991000000044,2.0787582525917463,2.0689459254591336,2.030048189538981
6.440983000000017,2.082504453892804,2.0479584811722793,2.0821164912316097
6.442951999999991,2.082504453892804,2.073151577782593,2.1246063060533804
6.445051000000035,2.082504453892804,2.0605863811216607,2.021566741796506
6.446920000000034,2.0857977460903374,2.086029245585562,2.03739205115639
6.448896999999988,2.0857977460903374,2.073647323380353,2.0115099639360974
6.450878000000046,2.0857977460903374,2.1643737411013877,2.1625514877271907
6.4528589999999895,2.0898645351253142,2.126436312544562,2.0774920912748844
6.455206999999973,2.0898645351253142,2.1396284268583283,2.076271242157364
6.456831000000022,2.0898645351253142,2.1490642045211064,2.0414011326798227
6.458812000000023,2.0939420851002795,2.072665724272938,2.0597511808703928
6.460788999999977,2.0939420851002795,2.032056042133201,1.992361304459463
6.462775000000022,2.0939420851002795,2.113825834000962,2.120505253908432
6.46486299999998,2.097688492270961,2.098608064009297,2.0487822704527887
6.466728999999987,2.097688492270961,2.0906616346744045,2.0960132713465014
6.468709000000047,2.097688492270961,2.2161938665351095,2.113769200022313
6.4706899999999905,2.1008046581154125,2.130881234366306,2.213161723505964
6.472671000000048,2.1008046581154125,2.049442368499495,2.032278169440044
6.474999999999966,2.10389055072362,2.1181338577506996,2.107307235376659
6.476633000000049,2.10389055072362,2.127361664141296,2.0815050081213666
6.478624000000025,2.10389055072362,2.068724712590629,2.0007294308860426
6.480602000000033,2.1069719878829978,2.1465808401144235,2.2323823921954036
6.482584000000031,2.1069719878829978,2.050289874579025,2.054160836099972
6.484690999999998,2.1069719878829978,2.0667298816331288,2.1091585275001425
6.486549999999966,2.1095604768566134,2.09449750672473,2.106668607734077
6.4885209999999915,2.1095604768566134,2.0889521693072837,2.1234331067726857
6.490511999999967,2.1095604768566134,2.115466089048216,2.299470993875124
6.49248700000004,2.112427789732741,2.0750646238772164,2.124449202187073
6.494819000000007,2.112427789732741,2.1324767611396003,2.099703685235294
6.496450999999979,2.115255247815944,2.132004252317938,2.132738270102447
6.498426999999992,2.115255247815944,1.9544178689836988,2.1172858743257605
6.500407999999993,2.115255247815944,2.182072859158753,2.1648077130784533
6.502391999999986,2.1182327857518017,2.143171265262903,2.170505090143887
6.504498000000012,2.1182327857518017,2.1094013190030836,2.1185983000201754
6.506351999999993,2.1182327857518017,2.0767890713139123,2.1475279482026357
6.508331999999996,2.1217606033142906,2.156518456694627,2.1923368440031976
6.510314999999991,2.1217606033142906,2.090156758563451,2.1206840184870104
6.512296000000049,2.124967867598462,2.103363956371151,2.1730039951213325
6.514621000000034,2.124967867598462,2.1099578577175606,2.108861098234318
6.51625800000005,2.124967867598462,2.1057352842857915,2.1454638711528924
6.518242000000043,2.1283850921057352,2.1153983997193007,2.068143153301943
6.520220000000052,2.1283850921057352,2.045365922838923,2.079142435252403
6.522204999999985,2.1283850921057352,2.1494545284660562,2.204435526678417
6.524309000000017,2.1318543722033723,2.090673229597679,2.1403642410866546
6.526163999999994,2.1318543722033723,2.124281562418178,2.126067538438999
6.528144999999995,2.1318543722033723,2.107170045209962,2.19643221689549
6.530124999999998,2.1359052553544995,2.134877755493416,2.1682465111901443
6.532108999999991,2.1359052553544995,2.126963533513432,2.129617842486497
6.5344499999999925,2.1393367867453073,2.1182440370650935,2.1176404095008428
6.536068999999998,2.1393367867453073,2.146264361675118,2.169568671616811
6.53805600000004,2.1393367867453073,2.183313350935656,2.1696641780855366
6.540032999999994,2.142874838149063,2.158158970931104,2.1580895439617045
6.54201599999999,2.142874838149063,2.1959182337565837,2.2496156574190733
6.544123000000013,2.142874838149063,2.204334221816205,2.104151550398088
6.545975999999996,2.1453786435553397,2.1228216957647392,2.164785502739594
6.547956999999997,2.1453786435553397,2.2264859608593555,2.132198908119695
6.549937999999997,2.1453786435553397,2.1254544731787206,2.1174055554582507
6.551922999999988,2.1485195338627556,2.083882189514644,2.129309660642293
6.55424800000003,2.1485195338627556,2.1594500241906385,2.164012774618025
6.555891999999972,2.1485195338627556,2.1767001394858942,2.111014096524492
6.557867000000044,2.151172372392907,2.2495086284106645,2.1126270440167634
6.559844000000055,2.151172372392907,2.194025147814852,2.0428996506034545
6.5618350000000305,2.151172372392907,2.2153375189609528,2.2039801999489064
6.563941,2.1541821758956123,2.2171293164104524,2.170405005120398
6.565787999999998,2.1541821758956123,2.125281652935696,2.1944727297065336
6.567768999999998,2.156531214904451,2.1831370116485993,2.104697131109593
6.569763000000023,2.156531214904451,2.125565200574434,2.1701035554237516
6.571733999999992,2.156531214904451,2.1619680758843094,2.16813202713874
6.574068000000011,2.159483286952865,2.1629224159934544,2.1695857704665023
6.575703000000033,2.159483286952865,2.176550740582694,2.1371856825476856
6.577679999999987,2.159483286952865,2.2413045419524695,2.1149147785095423
6.579657999999995,2.162295783742867,2.229624698848352,2.1822190612567973
6.581639999999993,2.162295783742867,2.1628487707068214,2.1514544698413802
6.583749000000012,2.165788412275974,2.1480325902712516,2.1548084963536756
6.585606000000041,2.165788412275974,2.2267132398553855,2.1177803327421665
6.587584000000049,2.165788412275974,2.1777989247863467,2.1532414673144546
6.589570999999978,2.169151551450394,2.2356131275867854,2.231097989584033
6.591546000000051,2.169151551450394,2.0526426025130196,2.210066616836471
6.593875999999966,2.169151551450394,2.1709913192075048,2.1768667744364407
6.595508000000052,2.172408208478408,2.236919922053494,2.1928513890150465
6.597489999999993,2.172408208478408,2.111938840093192,2.0970679996512738
6.599470999999994,2.172408208478408,2.0986944759702024,2.2686580233504707
6.601450999999997,2.175712533160702,2.1041136714399276,2.2827075991786048
6.603563000000008,2.175712533160702,2.182209893782351,2.122690852481972
6.605428000000018,2.175712533160702,2.141795159424698,2.1605152160161407
6.607400999999982,2.17926250260948,2.1993365098147333,2.19627174719751
6.609377000000052,2.17926250260948,2.227889931648711,2.2015521651883887
6.61136700000003,2.17926250260948,2.1469436895468346,2.1501753315777776
6.6136940000000095,2.182614841661849,2.20912903906847,2.190859987817081
6.615325999999982,2.182614841661849,2.187059228571216,2.207085945621926
6.617301999999995,2.1854107598928865,2.084850484863115,2.131872721444641
6.619278000000008,2.1854107598928865,2.1373116517737967,2.1696263178279067
6.6212639999999965,2.1854107598928865,2.2115465366860025,2.2309012101598213
6.623361000000045,2.187730373557027,2.2180290253991273,2.246800223672346
6.625225999999998,2.187730373557027,2.117699136913997,2.2211679541765763
6.627216000000033,2.187730373557027,2.1811178710041204,2.221746828457933
6.629186000000061,2.1900480764500307,2.082498359066422,2.17924428689713
6.631168000000002,2.1900480764500307,2.1888547608154956,2.1782077161181035
6.633498000000031,2.1900480764500307,2.220065672444348,2.198229917566311
6.635130000000004,2.192996589119632,2.114325347883723,2.1520252090575394
6.637117000000046,2.192996589119632,2.1424227163452305,2.1817676197505844
6.639092000000005,2.194921931196603,2.1275968796551923,2.1987588194297887
6.641080999999986,2.194921931196603,2.2038711773971773,2.2694802153599447
6.6431760000000395,2.194921931196603,2.2334043721714365,2.293908767136627
6.645038,2.197426077180554,2.2803211726246513,2.293939091772031
6.64702699999998,2.197426077180554,2.1216454999292864,2.139946260751597
6.648998000000006,2.197426077180554,2.195394732592039,2.268382844665125
6.650978000000009,2.19954599722926,2.2495474798754387,2.2110731964223804
6.6533150000000205,2.19954599722926,2.2142042157975776,2.171273467093591
6.654949999999985,2.19954599722926,2.1306089419991245,2.1856348139171136
6.656922000000009,2.201967131431785,2.192738075976662,2.1345115475100807
6.658904000000007,2.201967131431785,2.252437826995786,2.2012163333700165
6.6608850000000075,2.205452000863266,2.2063284648121546,2.2457519827969437
6.662994000000026,2.205452000863266,2.2393985671166523,2.1480683374487444
6.664853999999991,2.205452000863266,2.252613459415816,2.164075898990939
6.6668280000000095,2.208315640704609,2.13804422184382,2.195334340521077
6.668811000000062,2.208315640704609,2.167163779685218,2.2874015269742576
6.670792000000006,2.208315640704609,2.172912207599651,2.0968593720648734
6.67311600000005,2.210786333660532,2.205392952408758,2.2391582149563853
6.674754000000007,2.210786333660532,2.2069249516218314,2.2271633981345818
6.676736000000005,2.210786333660532,2.255443952351992,2.2373369699270165
6.678715000000011,2.2145193300493697,2.1759111997424574,2.106128359902306
6.680701999999997,2.2145193300493697,2.2885386715325584,2.1748946910281135
6.6828049999999735,2.217505066753647,2.2884072860463958,2.1905473270614024
6.684663999999998,2.217505066753647,2.2622759219935737,2.139416042542762
6.686644999999999,2.217505066753647,2.302800419494517,2.311838323848096
6.688625999999999,2.2201830568705962,2.211088898196574,2.2532649259944946
6.6906040000000075,2.2201830568705962,2.1458209287228596,2.268030207268917
6.692939000000024,2.2201830568705962,2.155826970526821,2.257595705283187
6.694575999999984,2.2231493963250952,2.2327819148403436,2.1429560364868045
6.69654700000001,2.2231493963250952,2.2038040858897427,2.142425013016457
6.69852800000001,2.2231493963250952,2.1866173199286227,2.2780713284484793
6.700518000000045,2.225509097061208,2.26597896135486,2.1677902531625457
6.702607999999998,2.225509097061208,2.2188065874570757,2.2443652092936124
6.704482999999982,2.225509097061208,2.159495703679335,2.172467030830491
6.706465000000037,2.227557167882514,2.1681981856566894,2.1837240147287704
6.708434000000011,2.227557167882514,2.277529033424329,2.2219259048695115
6.710416000000009,2.2294570344581532,2.1574993146805164,2.16917430262952
6.712748000000033,2.2294570344581532,2.163204981666954,2.111280228122558
6.714378000000011,2.2294570344581532,2.2872959109495454,2.232791262193076
6.716359000000011,2.2319747139664177,2.269805124155516,2.3550138805954024
6.718344999999999,2.2319747139664177,2.3053567778502133,2.266208198337907
6.720328000000052,2.2319747139664177,2.2734653574955854,2.1712147981859533
6.722419000000002,2.2333817029589844,2.2635360989058393,2.200251720377086
6.7242840000000115,2.2333817029589844,2.245934622417071,2.223378859750196
6.726277999999979,2.2333817029589844,2.246693879540518,2.235040806500816
6.72824700000001,2.2352804291038404,2.2894650474995335,2.189014778602827
6.730228000000011,2.2352804291038404,2.1918828182730166,2.29608011893731
6.732569000000012,2.2374828919511276,2.2240844527541337,2.204864640765006
6.734189000000015,2.2374828919511276,2.183627147660963,2.2425927638466208
6.736171000000013,2.2374828919511276,2.248453845713384,2.3221283551152645
6.738159000000053,2.240358654860541,2.2745661307421483,2.230402803115534
6.740134000000012,2.240358654860541,2.2644826128127797,2.3468066573154234
6.742232000000001,2.240358654860541,2.1901633740587654,2.2609840078746553
6.744095000000016,2.2431204295536724,2.2993379564600507,2.2162699147440788
6.74608900000004,2.2431204295536724,2.211760713489351,2.228747551686777
6.748061000000064,2.2431204295536724,2.229909738133969,2.212145364955235
6.750038000000018,2.2451300432961974,2.293858644849588,2.1677265993384274
6.752369999999985,2.2451300432961974,2.248315494872708,2.0605490811419176
6.754013000000043,2.2451300432961974,2.233792487055826,2.198842133695879
6.755983000000015,2.248308266127778,2.374109312577226,2.1404626281668233
6.757964000000015,2.248308266127778,2.264461217950282,2.1964354760935643
6.759954999999991,2.248308266127778,2.250228004308842,2.306212560603206
6.76205200000004,2.2507580988680878,2.238281099361547,2.2273711731737182
6.763908000000015,2.2507580988680878,2.231747337655256,2.3320110272802412
6.765888000000018,2.2534607227945966,2.2567161102761366,2.2247390064893566
6.767874000000006,2.2534607227945966,2.214817869043025,2.297082926685757
6.769852000000014,2.2534607227945966,2.2128226303685845,2.2458770619645523
6.772187000000031,2.255695551309071,2.235605657470319,2.2334790363620804
6.7738239999999905,2.255695551309071,2.2906732575368665,2.3278323185524257
6.775797000000011,2.255695551309071,2.306655903086341,2.3656180340705775
6.777776000000017,2.2578923220771228,2.169439778370362,2.2363622211018117
6.779762000000005,2.2578923220771228,2.272534593493817,2.201909636835926
6.781856000000005,2.259871982874772,2.2513540456494154,2.2573520732489727
6.783720000000017,2.259871982874772,2.387521911419527,2.2762135372511563
6.785701000000017,2.259871982874772,2.2475122604582,2.289347548931347
6.787689,2.261899473826378,2.205137823405017,2.267625196170115
6.789670000000058,2.261899473826378,2.3004806521010117,2.21743980577951
6.7919990000000325,2.261899473826378,2.2988506385270204,2.363631420725521
6.79362500000002,2.2633462586910804,2.2521807490690304,2.218795022521051
6.795609000000013,2.2633462586910804,2.285768084864759,2.254064323098468
6.797587999999962,2.2633462586910804,2.3199665639985256,2.320830218111659
6.799568000000022,2.2643388688101327,2.3290841577444255,2.2119846293569028
6.8016680000000065,2.2643388688101327,2.29207841517226,2.263340085659014
6.803537000000006,2.2659668631812755,2.233707489547812,2.2954443698332705
6.805513000000019,2.2659668631812755,2.201787871237395,2.276001090105617
6.807495000000017,2.2659668631812755,2.2332446096993754,2.2892345121132758
6.809491000000037,2.2673383694331766,2.3161095424671174,2.254146409570412
6.8118200000000115,2.2673383694331766,2.295159065648252,2.2815119280277023
6.813438000000019,2.2673383694331766,2.176239515172876,2.230314250233206
6.81542300000001,2.269080054301717,2.1709801410430893,2.1843473866744825
6.8174000000000206,2.269080054301717,2.140285647986212,2.2345937314447495
6.819382000000019,2.269080054301717,2.2923021592464874,2.2699488685228015
6.821479000000011,2.2719492626025115,2.2542120097505682,2.299870274424354
6.82334400000002,2.2719492626025115,2.2537779726967475,2.3340707300493624
6.825330000000008,2.2719492626025115,2.2693911036573726,2.3504343410247137
6.827304999999967,2.2736441732665877,2.252138868694141,2.198349370673308
6.829291000000012,2.2736441732665877,2.246115947893374,2.222187804200813
6.831619999999987,2.2754092804041575,2.346796755038045,2.2518546974491915
6.833249000000023,2.2754092804041575,2.3161429747424642,2.291158896381415
6.835231000000022,2.2754092804041575,2.3224354842467636,2.271124944974153
6.837212999999963,2.2778975360085028,2.3553189369886836,2.313002936713389
6.83919400000002,2.2778975360085028,2.3335162562782443,2.295512713321977
6.84129200000001,2.2778975360085028,2.2278068892508496,2.3129990722532106
6.843156000000022,2.2804782600012516,2.309838510468344,2.2073090157300346
6.845136999999966,2.2804782600012516,2.189022440895028,2.285446393512271
6.847127999999998,2.2804782600012516,2.2417862936495307,2.2896792526012506
6.849103000000014,2.2821526415246227,2.3309918760076327,2.2924657691097856
6.851444000000015,2.2821526415246227,2.25112125752979,2.280250503027039
6.853071,2.2821526415246227,2.3044786103063415,2.3632894342691655
6.855046000000016,2.2840770611812458,2.3659261496398667,2.2848414535544728
6.8570250000000215,2.2840770611812458,2.280842130861656,2.2267506758538778
6.859005999999965,2.2860669829307163,2.272749703392695,2.2288158660776256
6.861104000000012,2.2860669829307163,2.272009873382078,2.258493089568471
6.862967999999967,2.2860669829307163,2.266829651012744,2.228569555816615
6.864949000000024,2.2875218675776683,2.2644235986042567,2.3744577116190166
6.866929999999968,2.2875218675776683,2.281646459988535,2.3617714754187924
6.868916000000013,2.2875218675776683,2.305210373447981,2.2594415544552278
6.871237000000008,2.2885547363467174,2.2753654285870133,2.3096758877106653
6.872874000000024,2.2885547363467174,2.275050118159927,2.272188501782409
6.874855000000025,2.2896080636843816,2.293393313023816,2.277920973245056
6.876836000000026,2.2896080636843816,2.2328507906153456,2.256082945944189
6.878817000000026,2.2896080636843816,2.279624932718035,2.318053394222471
6.880916000000013,2.2903026392349104,2.32383334660147,2.2813982003908975
6.8827870000000075,2.2903026392349104,2.2318883900348334,2.2706899156742115
6.884760999999969,2.2903026392349104,2.3153609351685236,2.2695104940986766
6.886742000000027,2.291118057189909,2.326510232995332,2.3444502985853197
6.88873000000001,2.291118057189909,2.3816130848996067,2.2476781190434623
6.891083000000037,2.291118057189909,2.30787141998267,2.2608659500500976
6.892684999999972,2.2920898077843894,2.255032870869814,2.2584278672521796
6.8946770000000015,2.2920898077843894,2.289478912734829,2.3284688703660965
6.896649000000025,2.2920898077843894,2.2660849112925363,2.3737251134771733
6.898629000000028,2.293166713867489,2.2838112592815105,2.25848132838489
6.900734,2.293166713867489,2.2279104279161848,2.3654644580695456
6.90259199999997,2.294850617034045,2.2914066175439927,2.3526767789239527
6.904573000000028,2.294850617034045,2.3585486609249537,2.2445113787499014
6.906554999999969,2.294850617034045,2.3610115597385923,2.30578294046185
6.908536000000026,2.296413073425011,2.3301892996010785,2.2407690810694927
6.910873999999978,2.296413073425011,2.2571096501550914,2.2789677046268517
6.9125080000000025,2.296413073425011,2.3227383831129336,2.2243936930068893
6.914477999999974,2.2976198033451847,2.2886797514958226,2.275845554506467
6.916460000000029,2.2976198033451847,2.282971357886411,2.283784059526591
6.918451000000005,2.2976198033451847,2.3574630282302924,2.24906821834347
6.920540000000017,2.2990996156246237,2.283658354135928,2.3193452348802777
6.922404000000029,2.2990996156246237,2.281756152310993,2.355721306349211
6.924386999999967,2.3006906319587985,2.3247841052081766,2.3264051107019124
6.92636600000003,2.3006906319587985,2.2334299442722116,2.236128328599161
6.928347999999971,2.3006906319587985,2.292283781109386,2.3620357441807993
6.930697000000066,2.3020492521508396,2.3663086292085325,2.3110884532377907
6.932309999999973,2.3020492521508396,2.3769666968163774,2.2603328824147306
6.93429100000003,2.3020492521508396,2.258501089742445,2.2923406433493603
6.936273000000028,2.3020492521508396,2.2536438665630802,2.365355748495561
6.938254000000029,2.3020492521508396,2.273508067603251,2.300640657496468
6.9403540000000135,2.303379479000604,2.1408500592161763,2.274748451792118
6.942215000000033,2.3042654330134384,2.39035801948419,2.2977357215445875
6.944197000000031,2.3042654330134384,2.3403338370262383,2.23467009017488
6.946190000000001,2.3042654330134384,2.249555398095541,2.2626111930091244
6.94816000000003,2.305143612100814,2.2372805597221026,2.3355436501965703
6.950513000000058,2.305143612100814,2.306263983729433,2.296496591478484
6.952130000000011,2.3061289620739087,2.3247847518902285,2.2871326508978576
6.954102000000034,2.3061289620739087,2.4097141912933844,2.3040834392418237
6.95608500000003,2.3061289620739087,2.28225565881254,2.342908287392128
6.958064999999976,2.3062505667294553,2.3181437303111188,2.437818947674812
6.960166000000015,2.3062505667294553,2.2831109402752494,2.1592506324594076
6.962037000000009,2.3062505667294553,2.298105080785824,2.302369270678171
6.964008000000035,2.3061723956097717,2.400868061869729,2.2884679832381596
6.965989999999977,2.3061723956097717,2.443816020195921,2.3686307215059306
6.967981000000009,2.3061723956097717,2.3417438123716643,2.2983421899211867
6.970323000000008,2.3061681881691674,2.2406622473443663,2.280960901857889
6.971942000000013,2.3061681881691674,2.353410192760072,2.2909957112311288
6.973924000000011,2.3061019098109266,2.3085030132359714,2.3764343236190384
6.9758959999999774,2.3061019098109266,2.3204528711015007,2.21574283438085
6.977882000000022,2.3061019098109266,2.2995276431709826,2.318261515807671
6.979984000000002,2.3059629383614095,2.2782177704490585,2.32524328742305
6.981840000000034,2.3059629383614095,2.3326910758332224,2.3871330139595623
6.983822000000032,2.3059629383614095,2.278435964299164,2.24198059092008
6.9858090000000175,2.3064980205821803,2.293550992587119,2.2768780800287955
6.987786000000028,2.3064980205821803,2.309065432038906,2.329064344690337
6.990122000000042,2.3064980205821803,2.322178769678556,2.2864466909096666
6.991759999999999,2.3077384422632075,2.2348914928776042,2.225611459527923
6.993734000000018,2.3077384422632075,2.326922395698328,2.35296869502991
6.995719000000008,2.3077384422632075,2.285436066035104,2.308743952747412
6.997695999999962,2.308441401509646,2.335778682614216,2.2656247431803944
6.999790000000019,2.308441401509646,2.419478636555451,2.254663688885308
7.001655000000028,2.3083245810169455,2.266290386910832,2.3238200698018976
7.003641000000016,2.3083245810169455,2.3055314816460344,2.2440224987312005
7.005617000000029,2.3083245810169455,2.2903834784568367,2.327712565808269
7.007597999999973,2.309391066932222,2.283007073474839,2.4577047416464546
7.009949000000006,2.309391066932222,2.2516573192531886,2.248400262088668
7.0115749999999935,2.309391066932222,2.316728635636548,2.3942836560157654
7.0135420000000295,2.310159465876507,2.26458228685506,2.3717058763237624
7.01552300000003,2.310159465876507,2.3934802683283114,2.280898525647555
7.017513000000008,2.310159465876507,2.3264769941018355,2.293393252705915
7.019609000000003,2.3107046979164565,2.2482203339499915,2.2853006149931465
7.021466000000032,2.3107046979164565,2.3294316296382123,2.327773272975544
7.023449000000028,2.3111292201833966,2.3166103059294567,2.313993724000242
7.025432000000023,2.3111292201833966,2.2551904457585104,2.291819009456399
7.027410000000032,2.3111292201833966,2.3095552233802015,2.2758075378342433
7.0297480000000405,2.3114441461105244,2.322566753077801,2.2747680712821277
7.0313730000000305,2.3114441461105244,2.419357023347887,2.353159435899096
7.033359000000019,2.3114441461105244,2.2569370623158287,2.2624755352995836
7.035331999999983,2.311835032495555,2.330278698555485,2.279907089190137
7.037315999999976,2.311835032495555,2.2536863392005797,2.349664105178214
7.039412000000027,2.311835032495555,2.2949525181507413,2.290597584747904
7.041275999999982,2.312091540061938,2.2623278774917917,2.2760872247194746
7.043260999999973,2.312091540061938,2.385004175085217,2.2918202763330857
7.045244999999966,2.3114984795657016,2.376086396768998,2.4033680815011693
7.047224000000028,2.3114984795657016,2.3677601420091756,2.261386746173882
7.049570000000017,2.3114984795657016,2.280455243451575,2.3715466359772743
7.051192000000015,2.31068780367321,2.2691101374899456,2.279542633415024
7.05317100000002,2.31068780367321,2.3118500228915835,2.3293957472961204
7.0551490000000285,2.31068780367321,2.4042701539304194,2.2832452952219
7.057132000000024,2.3099148034568158,2.360572181067088,2.3537223637158027
7.059226000000024,2.3099148034568158,2.433155619169743,2.242933237594337
7.061087999999984,2.3099148034568158,2.294428551973777,2.2675766085046885
7.063068000000044,2.3094759064468406,2.309282083450269,2.2767144758366684
7.0650510000000395,2.3094759064468406,2.3457366801097694,2.323595843745357
7.067032999999981,2.3094759064468406,2.3066673361701797,2.3101294243269788
7.069372000000044,2.3092484154702895,2.306503613921055,2.221770055446873
7.070998000000031,2.3092484154702895,2.258374475685067,2.256285736489735
7.072978999999975,2.3092271290605724,2.2660951601194914,2.394437090993942
7.074958000000038,2.3092271290605724,2.4247915337683055,2.309608549923871
7.076938000000041,2.3092271290605724,2.2822575500203786,2.2062668580301947
7.07904000000002,2.309196484415084,2.364869647699577,2.339211015885462
7.080900000000042,2.309196484415084,2.2262264707735704,2.311602432030224
7.082888000000025,2.309196484415084,2.312051369136334,2.325356915727324
7.084862000000044,2.3093308210150134,2.2573584723881326,2.3355709866790293
7.086845000000039,2.3093308210150134,2.298744957941836,2.2598552251299835
7.08919400000002,2.3093308210150134,2.3558527431717553,2.329846700623263
7.090804999999989,2.3091278355155507,2.2947255637730892,2.353620135074477
7.092791000000034,2.3091278355155507,2.4052247070031423,2.293311618246958
7.094775000000027,2.3096785270029523,2.326372402844208,2.3703463256984065
7.096748999999988,2.3096785270029523,2.319775886349036,2.222884410749037
7.098852000000022,2.3096785270029523,2.2918984908641424,2.3420890319587584
7.100711999999987,2.3096785270029523,2.2661082401119974,2.254409749116356
7.102694999999983,2.3100393847837934,2.2739642984402915,2.1983053483287716
7.104674999999986,2.3100393847837934,2.334507958003092,2.244544001115084
7.106655999999987,2.310056602154551,2.272296859938664,2.2173445977033093
7.108994999999993,2.310056602154551,2.2966231305824483,2.3806779329868806
7.110617999999988,2.310056602154551,2.29349214586775,2.2704861983449156
7.112597999999991,2.3100378563578037,2.3943926835506932,2.3317553893417133
7.114597000000003,2.3100378563578037,2.318163800615928,2.280046935125171
7.116570999999965,2.309850292183546,2.3236942601300785,2.3922986826437795
7.118668000000014,2.309850292183546,2.267009071623647,2.282229912086489
7.120530000000031,2.309850292183546,2.2675180137557724,2.32305942997525
7.12250499999999,2.3095986002415123,2.257897438276476,2.2687321931046576
7.124496000000022,2.3095986002415123,2.3041276358823075,2.344538942713774
7.1264679999999885,2.3095986002415123,2.2264929038552648,2.2998915059551726
7.128815999999972,2.308920029288007,2.346499845633976,2.336396519349713
7.13042999999999,2.308920029288007,2.331794246078862,2.2309300739213462
7.1324129999999855,2.308920029288007,2.247969886333358,2.3306938598606726
7.1343950000000405,2.308014928916073,2.296120730345692,2.311396728993883
7.136385000000018,2.308014928916073,2.365834013440209,2.224487816359459
7.13848500000006,2.308014928916073,2.3060526489501334,2.2042575640210793
7.140334999999993,2.3069702870475064,2.2445573652469606,2.373316347651285
7.142317000000048,2.3069702870475064,2.367098145832702,2.3311621941245684
7.144306000000029,2.3069702870475064,2.357459181922716,2.33186286122283
7.14627900000005,2.3060388708178814,2.367011183968592,2.383509883324773
7.148614000000009,2.3060388708178814,2.256899381359809,2.347575190698143
7.150242000000048,2.305206484143917,2.461120665909763,2.3717375522521227
7.152222999999992,2.305206484143917,2.32282708970515,2.248527671225695
7.15420499999999,2.305206484143917,2.3016068511276337,2.3050583795563266
7.156199000000015,2.30481551092774,2.3199790507605393,2.436231075950073
7.158298000000002,2.30481551092774,2.3474678908734785,2.3367851633225345
7.160157999999967,2.30481551092774,2.3827616721060565,2.1529730877223505
7.162127999999996,2.3049437361754572,2.262574152190314,2.3155547537284376
7.164111000000048,2.3049437361754572,2.2883482006894655,2.2748591215729785
7.166101000000026,2.3049437361754572,2.2660005622344794,2.2586433403239288
7.1684399999999755,2.3045313628662356,2.2222590609054818,2.3631671433649233
7.1700570000000425,2.3045313628662356,2.3172486105728347,2.28031447214318
7.172040000000038,2.3044837197463166,2.3515630042774083,2.3185489511138897
7.174015999999995,2.3044837197463166,2.265057243453167,2.26715753410887
7.1760020000000395,2.3044837197463166,2.2715562090681587,2.3187155129976946
7.178110000000061,2.3044837197463166,2.2717718903677744,2.336634966021288
7.179960999999992,2.3051206859272217,2.3544528770781086,2.321050978942745
7.1819470000000365,2.3051206859272217,2.2788785757531906,2.287275968690275
7.1839219999999955,2.3052722846793956,2.1944792314490487,2.321006443276807
7.1859040000000505,2.3052722846793956,2.3092639118226987,2.4059177795834414
7.188233000000025,2.305107630302011,2.283278206814684,2.3509234704704096
7.189866000000052,2.305107630302011,2.251745576231908,2.2897398054655
7.191846999999996,2.305107630302011,2.305675204703154,2.250892649014686
7.193828999999994,2.3051423769648576,2.3141158537581576,2.2168435016319443
7.195815999999979,2.3051423769648576,2.2897856552922096,2.2230632108923474
7.197924,2.3051423769648576,2.2965063328290394,2.220162539363516
7.199771999999996,2.3046253395933047,2.219283021330986,2.223272532407204
7.201758000000041,2.3046253395933047,2.255687633687322,2.3256845045476915
7.203739999999982,2.3046253395933047,2.3189814458414335,2.3543003285019886
7.205714999999998,2.304186320955872,2.3398698545863263,2.2794136766909734
7.208063000000038,2.304186320955872,2.265080146879517,2.3078901863670285
7.209687000000031,2.3033700175465395,2.3953935442370775,2.339844481539164
7.211659000000054,2.3033700175465395,2.2921400160745984,2.3321759727703983
7.213639999999998,2.3033700175465395,2.2670381657727665,2.3255146564059506
7.215628000000038,2.3023508960999126,2.310202495861124,2.3546959229540803
7.217737,2.3023508960999126,2.319341441051364,2.3322251660675755
7.219583999999998,2.3023508960999126,2.304318726416727,2.258382215036012
7.221564999999998,2.301555661263202,2.2992686918660783,2.315863494439619
7.223551000000043,2.301555661263202,2.3287805433266198,2.394682288244504
7.225527999999997,2.301555661263202,2.3684091306174517,2.2899977670825487
7.227858999999967,2.3006031168114984,2.251585329597215,2.3362876889029636
7.229500999999971,2.3006031168114984,2.2592259028100368,2.397055424518852
7.231470999999999,2.3006031168114984,2.3046784835882614,2.2747928585382633
7.233452,2.2996530905316046,2.3419900492899997,2.2342945479700007
7.23543600000005,2.2996530905316046,2.2075351980780527,2.2982785736731937
7.237546000000009,2.2996530905316046,2.3064795313258,2.272204569625865
7.239395000000002,2.2997870167259546,2.382514430516867,2.3028720491098285
7.241382000000044,2.2997870167259546,2.312306528046516,2.238485821633451
7.243368999999973,2.2997125928610456,2.328016248498369,2.2416522612017857
7.245339999999999,2.2997125928610456,2.3048996196141043,2.2912678407899323
7.247679000000005,2.2997125928610456,2.3141543186393716,2.2759488714419156
7.249302,2.29956022005207,2.3338454997708724,2.379747167213945
7.251283000000001,2.29956022005207,2.2600001942349612,2.2642367804496226
7.253264999999999,2.29956022005207,2.232840336783255,2.279852704206452
7.2552460000000565,2.29956022005207,2.3284895285019016,2.323803605342646
7.257360000000062,2.2998610905037506,2.301999288273175,2.433606880154141
7.259217999999976,2.2998610905037506,2.393548003242853,2.289035650501754
7.261189000000002,2.300099823227945,2.22989411262714,2.349327891148206
7.263171,2.300099823227945,2.346208171684042,2.2791237328751963
7.2651520000000005,2.3001328674289576,2.251020144563718,2.2349223759294135
7.267485000000022,2.3001328674289576,2.3105543261016743,2.2603810948231295
7.269114000000002,2.3001328674289576,2.3332210836120946,2.2849791806036404
7.2710950000000025,2.3001568098704457,2.300095766559777,2.3865261740079635
7.273077000000001,2.3001568098704457,2.30520352376235,2.343385532639991
7.275063999999986,2.3001568098704457,2.293524242836061,2.3385980859795255
7.277156999999988,2.2997256195039215,2.30170980188997,2.2779605354662347
7.279026999999985,2.2997256195039215,2.2384078808539343,2.270528048174094
7.281010999999978,2.2997256195039215,2.2534950692154445,2.254008326377973
7.282981000000007,2.2994131687840302,2.297702675669869,2.3373185928357776
7.284964000000002,2.2994131687840302,2.302226677329185,2.34973286453997
7.287306999999998,2.298894726059067,2.293765962585883,2.3456385966337345
7.288926000000004,2.298894726059067,2.2449758934933532,2.232903944513033
7.290907000000004,2.298894726059067,2.3474916475961187,2.256667616556992
7.292889000000002,2.2976966328787296,2.3130847600205056,2.400935775759474
7.294879999999978,2.2976966328787296,2.311305264486151,2.3341854463934943
7.296969000000047,2.2976966328787296,2.299380203195363,2.3526687316547648
7.298834999999997,2.2965571293022387,2.244642388841816,2.289919001806156
7.300820999999985,2.2965571293022387,2.214445852221378,2.340018378577627
7.302794000000006,2.2965571293022387,2.2996483428901144,2.2765722339315317
7.3047750000000065,2.295735906142858,2.262879906554477,2.3277483170510878
7.3071050000000355,2.295735906142858,2.266440349014809,2.2904641519518303
7.308738000000005,2.295002412239433,2.3291436232904412,2.2899476452289598
7.310719000000063,2.295002412239433,2.2856055533082227,2.2957899314058525
7.312704999999994,2.295002412239433,2.3274966851598573,2.184458548777877
7.314690999999982,2.294897931579373,2.26205684231668,2.234523164862199
7.316777000000002,2.294897931579373,2.2781697992086016,2.352639709735728
7.318646999999999,2.294897931579373,2.2880345842891288,2.325932779587916
7.320630999999992,2.2948841065401404,2.204470606451964,2.32260743748215
7.3226060000000075,2.2948841065401404,2.255638554181064,2.228458543759998
7.3245959999999855,2.2948841065401404,2.3625209497389084,2.2690186589278016
7.32692000000003,2.294736935069497,2.2612049833904346,2.350810302042362
7.328552000000002,2.294736935069497,2.3024849048087956,2.2230193775101834
7.330541000000039,2.294902568461158,2.257655029036754,2.2590819877543455
7.332513000000006,2.294902568461158,2.2584032702058665,2.2196393330695368
7.334499999999991,2.294902568461158,2.3056407224022157,2.3249532544954974
7.33660500000002,2.295391699211668,2.2357468941808816,2.2609521880721886
7.338461999999993,2.295391699211668,2.334582436511938,2.3575471981266545
7.340438000000006,2.295391699211668,2.331287272314554,2.3030177748405234
7.342427000000043,2.2955865023024336,2.3249143484158017,2.31521565333529
7.344400000000007,2.2955865023024336,2.1894517230654293,2.32034304056193
7.346731000000034,2.2955865023024336,2.2966678273497965,2.3706599958726344
7.348361000000011,2.295866251013057,2.389557392906715,2.32830829295197
7.350346999999999,2.295866251013057,2.202500609612942,2.3528156182397737
7.352333000000044,2.295866251013057,2.3759011713034415,2.2651480351641666
7.3543129999999906,2.2952616403197803,2.169635423513798,2.2601686652345374
7.356404000000055,2.2952616403197803,2.3234256984950505,2.219653576790074
7.358276999999987,2.2952616403197803,2.2125900267598038,2.321374215071886
7.360259000000042,2.294861736439564,2.3040762874305742,2.274312449260707
7.362231000000008,2.294861736439564,2.350492619419241,2.288990130261806
7.364221999999984,2.294861736439564,2.230207349403615,2.2958239745101885
7.366549999999961,2.2944254459467825,2.4005227827696602,2.318482148130607
7.36817400000001,2.2944254459467825,2.2378472439338353,2.2660207855742867
7.370155000000011,2.2937653719396653,2.311157143101848,2.31043771857478
7.372137000000009,2.2937653719396653,2.2410591384838043,2.232765220027787
7.374127000000044,2.2937653719396653,2.3554741243125044,2.353972342340281
7.376224000000036,2.2926234746865006,2.3785984280482566,2.181455770340199
7.378080000000011,2.2926234746865006,2.2729317714091732,2.2381467097133263
7.380076999999972,2.2926234746865006,2.3701754148783043,2.3258863272296093
7.3820479999999975,2.292119524352064,2.3053607873822703,2.321702859244743
7.384024000000011,2.292119524352064,2.2772624549986324,2.322763272273108
7.3863529999999855,2.291570520201241,2.2368955835321342,2.2260582849753163
7.387991000000056,2.291570520201241,2.2530350942759667,2.141274065562188
7.389967000000013,2.291570520201241,2.3370300267493307,2.359861538728519
7.391952000000003,2.291146842534529,2.2524376012498073,2.291819313190938
7.393933000000004,2.291146842534529,2.3249660169649484,2.321235484354214
7.3960290000000555,2.291146842534529,2.2747919947090782,2.2470400982635885
7.3978910000000155,2.2915150926043677,2.370148019345241,2.2897611183532804
7.399885999999981,2.2915150926043677,2.2579429892329705,2.210918639725994
7.401860000000056,2.2915150926043677,2.2092163602742296,2.276791544660746
7.4038380000000075,2.2914352894606447,2.2277675156318115,2.334459375018256
7.406176000000016,2.2914352894606447,2.31518358627287,2.1845894248946003
7.407803000000001,2.2915351473517425,2.2888845332276437,2.400542829124392
7.409782000000007,2.2915351473517425,2.292273425617065,2.22301148809168
7.411774000000037,2.2915351473517425,2.324888967740424,2.2604174541491657
7.413745000000006,2.2920621590196033,2.232064560362723,2.2746403635979457
7.415840000000003,2.2920621590196033,2.258671639796108,2.3994614380069184
7.417707000000007,2.2920621590196033,2.270256320291151,2.28011052735381
7.419688000000008,2.2925266720035973,2.299956138923657,2.322851571992725
7.421670000000063,2.2925266720035973,2.2489867619328296,2.234400627926945
7.423651000000007,2.2925266720035973,2.2690707447311107,2.2653214392357115
7.425981000000036,2.2924873332488165,2.2655654222047774,2.294693144263039
7.427613000000008,2.2924873332488165,2.2143993499253374,2.19890583687687
7.429600999999991,2.2924873332488165,2.26651155547066,2.231740577708323
7.431575000000009,2.2921253070387313,2.3124704862255783,2.2645565923664686
7.43355600000001,2.2921253070387313,2.234120240977237,2.3163708525474065
7.435649000000012,2.29203552819985,2.218478530539908,2.289884480674436
7.437526999999989,2.29203552819985,2.2739328720117045,2.32630533707193
7.4395000000000095,2.29203552819985,2.2568441221680944,2.247654757457194
7.441486999999995,2.2912565822811772,2.195852638595779,2.355086117163863
7.443465000000003,2.2912565822811772,2.1945905864705653,2.325049544300392
7.445803000000012,2.2912565822811772,2.3382329510736586,2.2731550100458078
7.44741700000003,2.290921650731222,2.251578124938865,2.2661773657616746
7.449408000000005,2.290921650731222,2.333163136829862,2.265847722419318
7.4513919999999985,2.290921650731222,2.3205226294943446,2.2445287726845593
7.453364000000022,2.2897360898150416,2.371364193007742,2.263367881322133
7.455470000000048,2.2897360898150416,2.301832544334885,2.284918783337213
7.457328000000018,2.2891609272054216,2.2563335252357644,2.300080931740179
7.459309000000019,2.2891609272054216,2.320846650218199,2.331502652667417
7.461297000000002,2.2891609272054216,2.1803044322954706,2.298975165263506
7.463274000000013,2.2882415888095373,2.334060511994698,2.2204108594121523
7.46560199999999,2.2882415888095373,2.3786760790252846,2.280692984265467
7.467234000000019,2.2882415888095373,2.2280945949342947,2.322751256400684
7.46921500000002,2.2879285458126755,2.2747622259997766,2.381329605119078
7.471197000000018,2.2879285458126755,2.292296988439498,2.284921536024416
7.473187000000053,2.2879285458126755,2.2684403138637697,2.285250101871579
7.475280999999995,2.288232062066656,2.2817840724561624,2.2806174838888778
7.47714000000002,2.288232062066656,2.247520676682864,2.2999415411740305
7.479122000000018,2.288232062066656,2.2564395201959098,2.248739145315133
7.481105000000014,2.2884161690078177,2.433685209424192,2.335965899217003
7.483087000000012,2.2884161690078177,2.2941414490091465,2.30073680086358
7.485421000000031,2.288004602097584,2.158494293051687,2.402086949125435
7.487045000000023,2.288004602097584,2.2587442891983236,2.2848074820136177
7.489027000000021,2.288004602097584,2.2658316859093337,2.328461625130623
7.491008000000022,2.2884780162089875,2.369506587618141,2.2666169683179502
7.492989999999963,2.2884780162089875,2.3613305565166387,2.3031785203648254
7.495085000000017,2.2884780162089875,2.293305561130125,2.317658879460194
7.496950999999967,2.2889102703385427,2.2313298302461106,2.380651021770695
7.498933000000022,2.2889102703385427,2.2997258475612443,2.2697725304710223
7.50091500000002,2.2889102703385427,2.2442158304061826,2.267921756637655
7.5028990000000135,2.2890133173363214,2.303702794886262,2.2904387403770583
7.505228999999986,2.2890133173363214,2.337921338721317,2.2024379816173374
7.5068580000000225,2.289095487315364,2.2590918143335346,2.3316423577571204
7.508839000000023,2.289095487315364,2.2983933234341616,2.2861557484230373
7.510829999999999,2.289095487315364,2.32655468851517,2.3117727469167426
7.512804000000017,2.2888787568393383,2.313812251325938,2.2651378918609852
7.514897000000019,2.2888787568393383,2.2058024316581966,2.283601509102554
7.516764000000023,2.2888787568393383,2.2855563835334336,2.3202150316212085
7.518751000000009,2.288477689852311,2.1405259584023186,2.3118807090929625
7.520726000000025,2.288477689852311,2.3036663705851406,2.238393585612438
7.522720000000049,2.288477689852311,2.330537280086649,2.331399727116292
7.5250389999999925,2.2880431731400073,2.3097303584673816,2.2986292194563
7.526674000000014,2.2880431731400073,2.3041118910230796,2.274721094969363
7.528652000000022,2.2872217232642886,2.301911459380119,2.266058715379541
7.5306320000000255,2.2872217232642886,2.316087449442324,2.3164468206697646
7.532614000000024,2.2872217232642886,2.242147736359225,2.2338477522271507
7.534712000000013,2.2861835272887117,2.253749897731335,2.2287781185601245
7.536575999999968,2.2861835272887117,2.292199287630255,2.340754272407963
7.538557000000026,2.2861835272887117,2.3485294984396936,2.3002974581925386
7.5405379999999695,2.285416290734501,2.3116261016213313,2.3097041919152157
7.542524000000014,2.285416290734501,2.321011535541686,2.2729968379403616
7.544856000000038,2.285416290734501,2.2702472945643652,2.3128967315650377
7.546481000000028,2.2848493036085586,2.289748609797724,2.2497757022887286
7.548472000000004,2.2848493036085586,2.2809347927650045,2.3074396819368177
7.550449000000015,2.285200687078303,2.22232954765628,2.2308834395374864
7.552426000000025,2.285200687078303,2.300264513004102,2.3370185835522768
7.5545210000000225,2.285200687078303,2.276387071972862,2.3325469602156117
7.556388000000027,2.285350485939032,2.3291682688432522,2.2698962430337484
7.558369999999968,2.285350485939032,2.2098054287430826,2.2618766054920116
7.56036000000006,2.285350485939032,2.261249267840834,2.3145099615297307
7.562339000000009,2.285037795226037,2.192435929738727,2.236130111575613
7.564684999999997,2.285037795226037,2.3046256648710925,2.253152173856065
7.566293999999971,2.285037795226037,2.325654184339923,2.3428677160569644
7.568280000000016,2.2856548106676855,2.3047105027777826,2.272248736202655
7.570257000000026,2.2856548106676855,2.3839903590163,2.2985344976802153
7.572247000000004,2.2856548106676855,2.313205108757579,2.2192093130374038
7.574335000000019,2.2860138284585014,2.242124641385518,2.3117655199293075
7.5762000000000285,2.2860138284585014,2.3468681564195557,2.3626095312759055
7.578184000000022,2.286247315060329,2.3891694366588103,2.2997660843310217
7.5801629999999705,2.286247315060329,2.3204152726385705,2.348998148884538
7.582144000000028,2.286247315060329,2.2494216102083024,2.2525991941355534
7.5844789999999875,2.2864538907863095,2.254119802313392,2.3963018297325194
7.5861189999999965,2.2864538907863095,2.3041694437071594,2.28253420393465
7.588086999999973,2.2864538907863095,2.266364323914805,2.238551403462257
7.5900740000000155,2.286249982509638,2.3406096641855965,2.2040810609638815
7.592049999999972,2.286249982509638,2.274760809267329,2.320504893297095
7.594148000000018,2.286249982509638,2.328853674897723,2.3444431043054412
7.596010999999976,2.2859886952245585,2.3208640791629365,2.198423893717513
7.598000000000013,2.2859886952245585,2.216679528252937,2.312887110161206
7.599984000000006,2.2853239037799713,2.281077697071907,2.273870505573536
7.601955000000032,2.2853239037799713,2.3373400020314543,2.338941227346414
7.604298000000028,2.2853239037799713,2.2782568266968264,2.24821081292454
7.605923000000018,2.284750827554482,2.3019093517276086,2.3189823076615124
7.607905000000017,2.284750827554482,2.2932380562089736,2.3809545039582485
7.6098799999999756,2.284750827554482,2.2430186874340463,2.2576521467631356
7.61187000000001,2.2836135511509736,2.370001922610319,2.239111217889709
7.613962000000015,2.2836135511509736,2.2460243233482036,2.379846826606044
7.615824000000032,2.2836135511509736,2.2372182887640575,2.2886388269458684
7.617803999999978,2.2831111409293494,2.335793540037121,2.274443130804794
7.619787000000031,2.2831111409293494,2.25584209371398,2.2501569222780677
7.621769000000029,2.282369760168777,2.286120325353942,2.341943686002811
7.624102999999991,2.282369760168777,2.3036181813040333,2.271684219643563
7.625733999999966,2.282369760168777,2.333339164609651,2.2735009529193038
7.627706999999987,2.282369760168777,2.177443359216653,2.2569788540091236
7.629692000000034,2.2824731082685124,2.275210990495543,2.2848313210296682
7.631673999999975,2.2824731082685124,2.267631991831022,2.3001162440399847
7.633771000000024,2.2825355599940234,2.2804209829400204,2.3445242767247403
7.635635999999977,2.2825355599940234,2.321177691147034,2.223918220375185
7.637617000000034,2.2825355599940234,2.3564589438675285,2.2618815627871456
7.639596999999981,2.2827276251135507,2.2928185120835156,2.3716811150870405
7.641584000000023,2.2827276251135507,2.244046478461206,2.2881667840944795
7.643926000000022,2.2827276251135507,2.294212231765468,2.314471802493394
7.645548000000019,2.2830202302254596,2.311955038097692,2.2671191305370164
7.647553000000016,2.2830202302254596,2.2971058499338306,2.268339217897061
7.649508000000026,2.2833358500522016,2.3362731731679935,2.3259555544060646
7.651486000000034,2.2833358500522016,2.249501100144597,2.2682033109236808
7.6535840000000235,2.2833358500522016,2.2523066466299078,2.317481053928523
7.655455000000018,2.2836838820008243,2.2925045446259715,2.3365002199074594
7.657428999999979,2.2836838820008243,2.3413620264172574,2.208010414731376
7.659411000000034,2.2836838820008243,2.3700146819029952,2.2874321409531584
7.6613909999999805,2.283853063358247,2.3108829114022105,2.2806646559260892
7.663722000000007,2.283853063358247,2.3001829418079356,2.31163661015022
7.6653610000000185,2.283853063358247,2.2365616134047857,2.344414574473932
7.6673379999999725,2.2837392065675894,2.320191071883014,2.2605727216922094
7.669326000000012,2.2837392065675894,2.2273641054883524,2.331029385848505
7.671299999999974,2.283521654475669,2.3375269370341223,2.328926459699301
7.673396000000025,2.283521654475669,2.292172405617199,2.291328186582748
7.67525999999998,2.283521654475669,2.290701508761786,2.2972702913622496
7.67724800000002,2.2829287634728908,2.3482725470406693,2.2731683783741383
7.679221999999982,2.2829287634728908,2.2901067221367977,2.2421575834341283
7.681203000000039,2.2829287634728908,2.2650100083387272,2.3193013192994534
7.683538999999996,2.2823658286216095,2.2965197856750232,2.297778206323108
7.685166000000038,2.2823658286216095,2.2401148545736658,2.2969354906862933
7.687152999999967,2.2823658286216095,2.294822166972996,2.3450952910926897
7.689127000000042,2.281229591041432,2.2733683735576915,2.2506539190727484
7.691110000000037,2.281229591041432,2.2477432888652453,2.268003820692545
7.693208000000027,2.281229591041432,2.401221004300832,2.1619360313904803
7.6950709999999845,2.280735890054343,2.2716179797400837,2.3045703375354973
7.697061000000019,2.280735890054343,2.25167664634669,2.2311351797764667
7.699038999999971,2.2799388848900377,2.1955808744189427,2.2884684728019864
7.701015999999981,2.2799388848900377,2.243099505350247,2.20010855289472
7.703342999999961,2.2799388848900377,2.3178816742571158,2.287233950955171
7.704986000000019,2.2800814189357212,2.203295223612219,2.2914658521721747
7.706962999999973,2.2800814189357212,2.222725661803235,2.2728067470387963
7.708940999999982,2.2800814189357212,2.329020992766245,2.268431284369327
7.710921000000042,2.2803806102937156,2.26217173659212,2.2494555917973065
7.713025000000016,2.2803806102937156,2.256629599520819,2.352278562681302
7.7148840000000405,2.2803806102937156,2.284206172744958,2.2315477324304855
7.716869999999972,2.2804597364288686,2.3402409612691746,2.366936419442002
7.718846000000042,2.2804597364288686,2.2329289942365302,2.267378163405909
7.72082800000004,2.2804597364288686,2.3783500087013634,2.3552349153539978
7.723163,2.280734848978292,2.2850569692333353,2.285741123919912
7.724796000000026,2.280734848978292,2.2783350184531264,2.321964866409373
7.7267779999999675,2.281359180587251,2.3130856705095297,2.22497442950805
7.728750999999988,2.281359180587251,2.1730484746724126,2.19640490543584
7.730733999999984,2.281359180587251,2.295587128126266,2.3483971994824793
7.732834000000025,2.2817660683508736,2.291154283821424,2.3580223007587175
7.734695999999985,2.2817660683508736,2.3728597175216346,2.2439814880225297
7.736677000000043,2.2817660683508736,2.3965517553933666,2.3712962497259835
7.738656999999989,2.2819627167752703,2.2908753497173304,2.1862403319035613
7.740639999999985,2.2819627167752703,2.2878064948327257,2.2814017144353445
7.742975000000001,2.2819627167752703,2.2732522648979114,2.2533790171555177
7.744601000000046,2.281876191226264,2.279942694873118,2.2756160298731984
7.746596000000011,2.281876191226264,2.2623401109725676,2.346212437775225
7.748569000000032,2.2816703425076277,2.331629067708814,2.1969946425097246
7.750543999999991,2.2816703425076277,2.3507161923386923,2.293514073017753
7.752644000000032,2.2816703425076277,2.3429804410250217,2.2026066368156174
7.754509000000041,2.2812864636570986,2.3464439280422544,2.2393702467256285
7.756488999999988,2.2812864636570986,2.3060941844891616,2.303940521218317
7.758470000000045,2.2812864636570986,2.3199799385236743,2.282627710823398
7.760459000000026,2.280648508737313,2.316491604766287,2.2894489656710406
7.762790999999993,2.280648508737313,2.2066947938567174,2.214038276952826
7.7644260000000145,2.280648508737313,2.266909714345366,2.3404556710961577
7.766394000000048,2.2796558305525445,2.2504862999114095,2.240399650613692
7.768382000000031,2.2796558305525445,2.274139963191622,2.3276190528382017
7.770370000000014,2.2796558305525445,2.2719470123980425,2.273213631813709
7.772458000000029,2.2793313788097334,2.310180012287736,2.325324029829355
7.774319999999989,2.2793313788097334,2.2576025786884957,2.3696455599588035
7.776309999999967,2.2793313788097334,2.1643982941988287,2.2715603843619365
7.77828199999999,2.2786062352461953,2.294661938538873,2.375113148947175
7.780264000000045,2.2786062352461953,2.2654741363937063,2.3120246992609417
7.782594000000017,2.278817520683098,2.3022766585592978,2.292591012249202
7.7842260000000465,2.278817520683098,2.219965657974317,2.2200323265155393
7.78620699999999,2.278817520683098,2.301006892618365,2.253193255678101
7.788201000000015,2.279200267731214,2.2365679625734645,2.2980577210833952
7.790170000000046,2.279200267731214,2.1954481883568495,2.2647477584170637
7.792280000000005,2.279200267731214,2.2619795770939417,2.299077121100506
7.794140000000027,2.2792345308919164,2.1918017658273508,2.29629952396868
7.796112999999991,2.2792345308919164,2.2457362749792726,2.224143166850856
7.798094000000049,2.279539948491454,2.284805038317115,2.2545658984948673
7.800085000000024,2.279539948491454,2.2108865080265776,2.347068928417194
7.802411000000006,2.279539948491454,2.2945700575101884,2.254407028555153
7.804037999999991,2.2801878039756085,2.211064185545106,2.216734836597973
7.806026000000031,2.2801878039756085,2.23161813406312,2.237965592292747
7.80800499999998,2.2801878039756085,2.2263248609200303,2.319419050754173
7.809987000000035,2.280850495408623,2.3108377951740935,2.255083031774581
7.812081999999975,2.280850495408623,2.2900847113153273,2.213039325512652
7.813954000000024,2.280850495408623,2.2560136651251947,2.2630935957723706
7.815924999999993,2.2809671255108515,2.171989947709842,2.3094591909502946
7.8179079999999885,2.2809671255108515,2.2764468333296652,2.24309972406501
7.819890999999984,2.2808901702595863,2.2198523411476536,2.3051815734025056
7.822221000000013,2.2808901702595863,2.216441986095155,2.2973188039233623
7.823851999999988,2.2808901702595863,2.3106452699458098,2.290571337241075
7.825833000000046,2.280718837055959,2.2366528056864348,2.235365819452985
7.8278250000000185,2.280718837055959,2.282717160072318,2.2227667989881823
7.829797000000042,2.280718837055959,2.2338732607971346,2.337443724464046
7.831891999999982,2.280484621298866,2.32380221296022,2.314081352047976
7.833758000000046,2.280484621298866,2.30606850217404,2.2972192539827314
7.835747000000026,2.280484621298866,2.3298750974020654,2.298540764982874
7.837717999999995,2.2798795026123115,2.338383513977411,2.316122674536888
7.839700999999991,2.2798795026123115,2.20458955008369,2.251340345183414
7.8420489999999745,2.2798795026123115,2.3780271053102955,2.3285196818755556
7.843661999999995,2.279162425723143,2.155074501888035,2.264204057425408
7.84564499999999,2.279162425723143,2.249022743948988,2.2686090433100303
7.847625999999991,2.278133427668466,2.2554438374843917,2.358009813832778
7.849620000000016,2.278133427668466,2.1901438621976976,2.3107308128704562
7.851704000000041,2.278133427668466,2.25190090842022,2.2443961215641774
7.853569999999991,2.2779944210717544,2.3246449822036483,2.3039278173547864
7.855551000000048,2.2779944210717544,2.283601645196934,2.260480393315307
7.857543000000021,2.2779944210717544,2.196889289976102,2.2782489525983585
7.859511999999995,2.278707950801664,2.261543518181845,2.2931476820812384
7.86183699999998,2.278707950801664,2.324113224603199,2.1951925903894765
7.863483999999971,2.278707950801664,2.2379823907415592,2.256274788733282
7.865454999999997,2.278781086976015,2.2585553326511993,2.2621595859109003
7.867437000000052,2.278781086976015,2.301008620642813,2.286557546285563
7.8694340000000125,2.278781086976015,2.3168973457517428,2.2094502263392157
7.871530000000007,2.2787612185892248,2.310657368439768,2.20116064009923
7.873379999999997,2.2787612185892248,2.260421173649833,2.2864666052787035
7.875361000000055,2.2792853525800005,2.1955959686777815,2.337990734891915
7.87735200000003,2.2792853525800005,2.292000410959645,2.2935049835844183
7.879323999999997,2.2792853525800005,2.2030671510428435,2.407325290841862
7.881667999999991,2.2800528485550036,2.2725934694454812,2.2718897528369095
7.8832910000000425,2.2800528485550036,2.237267012866307,2.2753456971405157
7.885275000000036,2.2800528485550036,2.269906233008227,2.242543498728194
7.887247000000002,2.280781879744717,2.3421445691032687,2.3506397146672415
7.889230000000055,2.280781879744717,2.2939694817368568,2.244758963760426
7.891336000000024,2.2806120781891304,2.334290912523059,2.2855902629732125
7.893190000000004,2.2806120781891304,2.2423100535161176,2.16448866053855
7.895173,2.2806120781891304,2.2953687197972665,2.347477737802087
7.897154000000057,2.2805914374131175,2.2258483061485497,2.319993102536554
7.899138999999991,2.2805914374131175,2.2685038197753293,2.270241399310584
7.901471000000015,2.2805914374131175,2.305195865728725,2.272096872542037
7.9030970000000025,2.280463809722671,2.182068917513618,2.296104988073183
7.905079000000001,2.280463809722671,2.2725406182503933,2.3831513690968533
7.907069999999976,2.280463809722671,2.304586922947038,2.2575788460187014
7.9090400000000045,2.2799814976392083,2.2561303398303796,2.297623711365581
7.911149000000023,2.2799814976392083,2.319864086749041,2.216486410963876
7.913021000000015,2.2799814976392083,2.2739047458302477,2.329226280576621
7.914985000000058,2.2796037860669314,2.207924315521809,2.3405333168957454
7.916966000000002,2.2796037860669314,2.294120073261556,2.2367817594319384
7.91894700000006,2.2785365683679055,2.2809368239666963,2.2627897779951303
7.921291999999994,2.2785365683679055,2.2696004298185017,2.3436680953014806
7.922910000000002,2.2785365683679055,2.2751353120985676,2.2897947119278466
7.924891000000002,2.27809062118243,2.3140281568751258,2.204722825995339
7.92688099999998,2.27809062118243,2.2765252948083634,2.3331492129129505
7.928853000000004,2.27809062118243,2.3073579250910337,2.259546918113851
7.930956999999978,2.277421286403367,2.3505213200261452,2.2231712942179684
7.932819999999992,2.277421286403367,2.312966515605406,2.312267112632024
7.934802999999988,2.277421286403367,2.276958009463498,2.3927525729743104
7.936777000000006,2.2775084840733024,2.274394283220826,2.2833329007352545
7.938764999999989,2.2775084840733024,2.2625031847109285,2.26840780857896
7.941084999999987,2.277755266473063,2.28002665098172,2.1967186400915817
7.942722000000003,2.277755266473063,2.283068676368154,2.211396947249961
7.944703000000004,2.277755266473063,2.242617084151711,2.1720500378182708
7.946684000000005,2.2776863325885355,2.2520221481634386,2.233536609737682
7.948667,2.2776863325885355,2.232907676789177,2.238176303436192
7.950763000000052,2.2776863325885355,2.313991265066915,2.2358057173974744
7.952629999999999,2.277734766538198,2.2885669362759526,2.2644277001425017
7.954612999999995,2.277734766538198,2.2758782293235216,2.274540725080752
7.956590000000006,2.277734766538198,2.244081720676587,2.2227598402129107
7.958570000000009,2.2784715597786818,2.3079799025267693,2.272265491647
7.960915999999997,2.2784715597786818,2.2455752019796718,2.3094477008608894
7.962534000000062,2.2791284753619077,2.2436291453963273,2.3294977399390366
7.964515000000006,2.2791284753619077,2.3150722198596254,2.301892278464591
7.966504999999984,2.2791284753619077,2.2585469930875823,2.3468922843198947
7.968477000000007,2.2794645882293376,2.292390405073445,2.204772852464324
7.970574999999997,2.2794645882293376,2.2524805399079675,2.1308041887831166
7.972447000000045,2.2794645882293376,2.267016039377231,2.306213687528494
7.974420000000009,2.2791966140081303,2.276612813778994,2.356948877128516
7.976405,2.2791966140081303,2.3305976844540193,2.2036137764798607
7.978383000000008,2.2791966140081303,2.2975361556297704,2.266564368357831
7.98070800000005,2.27850135979143,2.3025616390154298,2.2554538504673594
7.982355000000041,2.27850135979143,2.302465711501458,2.3631784828637263
7.9843270000000075,2.2782754508238594,2.3288651206018676,2.303259072175348
7.986308000000008,2.2782754508238594,2.3593783846595304,2.2694508125534343
7.988297999999986,2.2782754508238594,2.3050444680750455,2.3341189224685626
7.990396999999973,2.2779833944888104,2.232163696584334,2.286771246476922
7.992261999999982,2.2779833944888104,2.292280221928418,2.238583652625563
7.994236999999998,2.2779833944888104,2.343464946970667,2.334918093237973
7.9962150000000065,2.276802175833855,2.213065640953701,2.19962710065735
7.99819500000001,2.276802175833855,2.3598245853963724,2.263437984386493
8.000530000000026,2.276802175833855,2.312170367730077,2.259976332309962
8.002157000000011,2.275943540736072,2.2917464411400235,2.3970451292787995
8.00413900000001,2.275943540736072,2.2615330135177487,2.195824057551945
8.00612000000001,2.275943540736072,2.249395388089243,2.222823374905256
8.00810100000001,2.2753784404599764,2.326196072167451,2.3176675332468277
8.010199,2.2753784404599764,2.210441205019982,2.2348847914601504
8.012072000000046,2.2747440307552864,2.384797261711408,2.290812648479967
8.014047000000005,2.2747440307552864,2.32054371200345,2.2599219735654854
8.01602600000001,2.2747440307552864,2.3016998639486292,2.2379341331516245
8.018008000000009,2.275276130364648,2.294516357044166,2.281080817069102
8.020336999999984,2.275276130364648,2.2411003027725123,2.304842960139814
8.02197000000001,2.275276130364648,2.2857148033788324,2.2309912777743177
8.023951000000011,2.2749502692532118,2.2021617803591527,2.2142184088107695
8.025933000000009,2.2749502692532118,2.2221385740329844,2.2599160061502563
8.027913000000012,2.2749502692532118,2.195587399164914,2.24589428939129
8.030011000000002,2.2747890550525374,2.278727218171539,2.302850898167444
8.031884999999988,2.2747890550525374,2.252641753773149,2.280476516431616
8.033862999999997,2.2747890550525374,2.265164578529121,2.2930114988537253
8.035837000000015,2.275264540811129,2.286087371017621,2.2727009897879165
8.037819000000013,2.275264540811129,2.337575669018622,2.2452765264629924
8.04015400000003,2.2750115575949037,2.1993278147408692,2.349582620596434
8.041786000000002,2.2750115575949037,2.3462167132562213,2.2885973083951408
8.043763000000013,2.2750115575949037,2.2804143445722422,2.193946113348676
8.04574500000001,2.2749732425768876,2.251640921199471,2.2959647672279644
8.047725000000014,2.2749732425768876,2.28787717030408,2.2049371211548956
8.049823000000004,2.2749732425768876,2.2951449104878154,2.294589849280724
8.051686000000018,2.2747344076934177,2.332950835349714,2.341300588879628
8.053672000000006,2.2747344076934177,2.265772449070481,2.2827224831303856
8.055655000000002,2.2747344076934177,2.2103483932996677,2.3822696644708867
8.057631000000015,2.274619432482477,2.20603905836613,2.205199864109832
8.059959000000049,2.274619432482477,2.3102300566772667,2.317278680830412
8.061596000000009,2.274619432482477,2.300076794154675,2.259546720591083
8.063574000000017,2.2742289955335586,2.364619407242967,2.2204625628104773
8.065557000000013,2.2742289955335586,2.2032227789819103,2.351121319353775
8.067537000000016,2.273540964520502,2.296756058374565,2.2619992518369476
8.069635000000005,2.273540964520502,2.316921322387634,2.274016629083274
8.071499000000017,2.273540964520502,2.2890714502062104,2.271752312516758
8.073488999999995,2.2722887123616027,2.26391771167935,2.4005055920272156
8.075467000000003,2.2722887123616027,2.2570164065637317,2.3072953165060928
8.077443000000017,2.2722887123616027,2.2569883097628916,2.3310394123285443
8.079786000000013,2.271185896363747,2.283855866540857,2.2284310346324974
8.081405000000018,2.271185896363747,2.3311361633428445,2.224037295379874
8.083395999999993,2.271185896363747,2.2085325789363615,2.2355088617891266
8.085368000000017,2.2699402514658513,2.2513081817234952,2.248861288766564
8.087349000000017,2.2699402514658513,2.345306802211129,2.2174000372826552
8.089447000000064,2.2691233121302217,2.2046493580421593,2.2538161104854932
8.091316000000006,2.2691233121302217,2.291400377307514,2.332504914269775
8.093293000000017,2.2691233121302217,2.134063045852901,2.272392525339558
8.09527700000001,2.268561756474091,2.2445905724874566,2.170984182764416
8.097263999999996,2.268561756474091,2.2229251352433597,2.340419990988118
8.09959299999997,2.268561756474091,2.324888505210259,2.189146093033577
8.10121700000002,2.268720234763921,2.2103989989758754,2.32920029203161
8.103208000000052,2.268720234763921,2.2132100213134076,2.26402543498449
8.105181000000016,2.267977029324138,2.2238132985295924,2.39966164320224
8.10716100000002,2.267977029324138,2.2414509445290967,2.3522599008828053
8.109259000000009,2.267977029324138,2.246276955013475,2.3008755794991482
8.11112700000001,2.2674707691657177,2.237832494500232,2.265489357633499
8.113105000000019,2.2674707691657177,2.2815792578338026,2.3416065798858625
8.11508600000002,2.2674707691657177,2.212555274023913,2.2745814208684267
8.117075,2.2677377399145144,2.289803766330894,2.296143341537569
8.119410000000016,2.2677377399145144,2.229518432710563,2.277366892040693
8.121029000000021,2.2677377399145144,2.16248362346964,2.2337824531548223
8.123019,2.26793010163227,2.2597137885900005,2.2853826066165697
8.12499200000002,2.26793010163227,2.2904294750850256,2.2283307382387854
8.126982999999996,2.26793010163227,2.2199248312943864,2.305776143099468
8.129064999999969,2.2678047518595403,2.27190727394013,2.267740388726194
8.130934999999965,2.2678047518595403,2.2434160099777025,2.240634526717629
8.132918000000018,2.2678047518595403,2.238455233225309,2.2337302750997394
8.134900000000016,2.2673722434156307,2.297187417058649,2.3531467720525368
8.136882000000014,2.2673722434156307,2.299290316487779,2.2126795321337434
8.139206999999999,2.26686776499047,2.2089804322923134,2.282723268546098
8.14084200000002,2.26686776499047,2.2173889397448567,2.2079718282279215
8.142822000000024,2.26686776499047,2.3021099930155984,2.2890089114790766
8.144804000000022,2.266419415788243,2.2127208531420415,2.2497108701963375
8.146785000000023,2.266419415788243,2.220603395070999,2.2707391845240914
8.148883000000012,2.266419415788243,2.2514083504074813,2.245399148775639
8.150746000000026,2.2652720604471024,2.2348875736617315,2.161051728493059
8.152728000000025,2.2652720604471024,2.238821830486653,2.2828348069673794
8.154716000000008,2.2652720604471024,2.2513428425647755,2.2790175779938835
8.15669600000001,2.26404759450272,2.2517110423478335,2.2104806693178647
8.159031000000027,2.26404759450272,2.274202447298495,2.2671034014531073
8.160652999999968,2.2625124018031326,2.266569546416347,2.2767831211061504
8.162634000000025,2.2625124018031326,2.348604294770642,2.281854688687255
8.16461499999997,2.2625124018031326,2.293325884198061,2.2657270325445396
8.166597000000024,2.2609999880687925,2.257021512154465,2.2255166374114665
8.168695000000014,2.2609999880687925,2.3429263475114706,2.3006531592787294
8.170559000000026,2.2609999880687925,2.2163589236466836,2.2776549827322667
8.172540000000026,2.2597802201274098,2.3558132897688897,2.162599572142848
8.174521999999968,2.2597802201274098,2.3874713775256495,2.2371888313298305
8.176515999999992,2.2597802201274098,2.3029154150947275,2.292399963638993
8.178832,2.25908725028903,2.2513360143816503,2.344414975461986
8.180465000000027,2.25908725028903,2.307473056265151,2.269471131527881
8.182447000000025,2.2592174309004447,2.3202789197808036,2.1950529848569063
8.184428000000025,2.2592174309004447,2.2120157647939758,2.1752777890503823
8.186409000000026,2.2592174309004447,2.2990566230752645,2.2632300718011784
8.188510000000008,2.2584337347139765,2.2469489726652907,2.249953802577511
8.190371000000027,2.2584337347139765,2.217514022195733,2.276583116419977
8.192352999999969,2.2584337347139765,2.274631310045471,2.2027688707757886
8.194340000000011,2.2572408943437963,2.2616930875212007,2.2686192236581055
8.196321000000012,2.2572408943437963,2.190074794922239,2.2527086652682367
8.19865500000003,2.2572408943437963,2.327416866047793,2.210229468836539
8.200288,2.2571299072632396,2.26670516296888,2.3365185095101784
8.202258000000029,2.2571299072632396,2.2988571496884753,2.300153123127136
8.204249000000004,2.2571299072632396,2.3036643134055,2.2505741977658733
8.206221000000028,2.256821978593556,2.2223113798269747,2.1893994092738724
8.20832200000001,2.256821978593556,2.3661657576248167,2.2812536547164948
8.210183000000029,2.256294575257704,2.3616266245514725,2.222116251480726
8.21216899999996,2.256294575257704,2.2085702726202654,2.289494537911043
8.214146000000028,2.256294575257704,2.258933629970728,2.2766578635123347
8.216130000000021,2.2557750038828597,2.2665402409548223,2.2043612127582533
8.218458000000055,2.2557750038828597,2.224731863512459,2.254235540269611
8.220094000000017,2.2557750038828597,2.2378389366715363,2.304544755334858
8.222069000000033,2.2550716611583943,2.3759574948031386,2.1763237769942543
8.224052000000029,2.2550716611583943,2.2318569854701136,2.271997391447449
8.226032999999973,2.2550716611583943,2.3531098954812784,2.3385800410141195
8.228132000000016,2.2540045848961396,2.3161876405324215,2.1995582905740676
8.229989999999987,2.2540045848961396,2.278107891977503,2.1669371017353676
8.231984000000011,2.2522652440797395,2.320202699540372,2.3872720425433687
8.233961000000022,2.2522652440797395,2.299652703002853,2.1360430464318694
8.23594700000001,2.2522652440797395,2.283876619583087,2.2483614932567986
8.238298999999984,2.2511037414797914,2.304347460898534,2.3106100524792144
8.239901999999972,2.2511037414797914,2.2280388861900158,2.3183731583851492
8.241885000000025,2.2511037414797914,2.2434465115649984,2.2660770861679898
8.243873000000008,2.2493327569964006,2.181662830249077,2.324356570687236
8.245851000000016,2.2493327569964006,2.288366372384515,2.237733665943077
8.247956999999985,2.2493327569964006,2.2199202433418432,2.225756908133482
8.24981600000001,2.247531527676016,2.175577284479104,2.2543174757065976
8.251791000000026,2.247531527676016,2.279780532512615,2.267813460714012
8.253780000000006,2.247531527676016,2.2364307706128446,2.270233049560436
8.25576000000001,2.2458356401666153,2.330491236460576,2.19796671611119
8.258090000000038,2.2458356401666153,2.2920827089000952,2.2502653404399235
8.259716000000026,2.244069719875807,2.3159152022642315,2.1911790493071566
8.261697000000026,2.244069719875807,2.2423815946082333,2.235932582249022
8.263678000000027,2.244069719875807,2.261897253386563,2.273691514695211
8.265667000000008,2.2429982927488896,2.29327869717497,2.2698373948807293
8.267764999999997,2.2429982927488896,2.1216088403217537,2.3407657491250875
8.26962100000003,2.2429982927488896,2.166361468778171,2.2171709682655933
8.27160200000003,2.2423945056136696,2.2413079017838275,2.295131327164195
8.27359400000006,2.2423945056136696,2.160135726111948,2.343358218739063
8.275568000000021,2.241213160950007,2.2031331942557166,2.356686832404553
8.277921000000049,2.241213160950007,2.2729791116357934,2.293817065893127
8.279534000000012,2.241213160950007,2.2612837630979348,2.1714344692356593
8.281507000000033,2.240014031505552,2.2764844711346077,2.1905174270762617
8.283488000000034,2.240014031505552,2.1871979947044107,2.196722265527178
8.285482000000002,2.240014031505552,2.2872611814885917,2.246813596091554
8.28756599999997,2.239240311489619,2.200841769202033,2.335113590200389
8.289431000000036,2.239240311489619,2.269999141601324,2.2322134674935246
8.291412999999977,2.239240311489619,2.277000028469453,2.201331189512411
8.293391999999983,2.238379754942136,2.346872823961281,2.2998903967397046
8.295389,2.238379754942136,2.3275566693285885,2.214388890381716
8.29771900000003,2.237319218377427,2.275407901543959,2.2883209668994984
8.299342000000024,2.237319218377427,2.223585367601469,2.2192582282169826
8.301318000000038,2.237319218377427,2.2468011901305407,2.282961563803924
8.303301000000033,2.237319218377427,2.2584938276073685,2.2508515904266733
8.305293000000006,2.235858868301901,2.2077891913507353,2.221221261388895
8.307388000000003,2.235858868301901,2.271681270868165,2.164550183866109
8.309243000000038,2.2346294913287545,2.275503631892678,2.2371384648538037
8.311224000000038,2.2346294913287545,2.2754338239666905,2.170821582877368
8.313204999999982,2.2346294913287545,2.1815772306635317,2.2532240789417286
8.31519800000001,2.233060271622033,2.2334127911952084,2.2801381719316454
8.317532000000028,2.233060271622033,2.2831350546394535,2.261576577933685
8.319155000000023,2.233060271622033,2.273215790235736,2.230846329571705
8.321135000000027,2.2312260098681147,2.2251380394747278,2.228445850049786
8.32311100000004,2.2312260098681147,2.2305646686844662,2.2674705243457596
8.32510400000001,2.2312260098681147,2.2125258083532513,2.2008421838010896
8.327189999999973,2.2291441660718565,2.2605172835144156,2.2386089173041106
8.329054999999983,2.2291441660718565,2.148814627097658,2.1599548516830778
8.331041000000027,2.2291441660718565,2.1826523377110942,2.1925770388167236
8.333015999999986,2.2267433776646914,2.19945826152682,2.2393394142804275
8.335011000000009,2.2267433776646914,2.255828360038116,2.1597628378191787
8.33732699999996,2.2242117800414656,2.298158032550575,2.234179322482281
8.33896500000003,2.2242117800414656,2.244001137205297,2.2566550122159743
8.34095400000001,2.2242117800414656,2.1661562907902128,2.1891211146188376
8.342921999999987,2.2218310253493674,2.212080492760463,2.2388117728201427
8.344920000000059,2.2218310253493674,2.175972674153125,2.154128609016746
8.34700300000003,2.2218310253493674,2.2097917415188855,2.244415393614159
8.348866000000044,2.2194387655791483,2.1738674279806385,2.1964312906846373
8.350847999999985,2.2194387655791483,2.201643726351038,2.1710695585557103
8.352840000000015,2.217101084119589,2.1760973906542365,2.198969139623232
8.354821000000015,2.217101084119589,2.319980972801428,2.1575593357341547
8.357145000000003,2.217101084119589,2.2378958596373932,2.2554111270158743
8.358776999999975,2.215578578981813,2.172514033603048,2.221900814427854
8.360760000000028,2.215578578981813,2.21396169242966,2.2674555107597683
8.362735000000043,2.215578578981813,2.3040358948312027,2.125139281501162
8.364726000000019,2.2139222074022595,2.257651882734883,2.2585797637637812
8.366814000000034,2.2139222074022595,2.2062474508175804,2.1320383732403996
8.36868800000002,2.2139222074022595,2.186360374873846,2.211136816671252
8.370659000000046,2.2114534752519637,2.228351788014,2.3311249436235832
8.372640999999987,2.2114534752519637,2.1858280865832977,2.1316976994905104
8.37463600000001,2.2114534752519637,2.269860925418729,2.2113748668942264
8.376949000000025,2.209896789443527,2.3377277660282068,2.15702409646101
8.378584999999987,2.209896789443527,2.2199355989980583,2.1803483267830206
8.380569999999977,2.2086431995571187,2.214515041299855,2.1585076308867746
8.382546000000048,2.2086431995571187,2.1502925634872594,2.075528866118807
8.384536000000026,2.2086431995571187,2.2871979614930225,2.234277673589333
8.386625999999978,2.206893321419742,2.2353082313749235,2.2077344959355245
8.38849399999998,2.206893321419742,2.1215605786234173,2.1596667066535504
8.390471999999988,2.206893321419742,2.2257682085531445,2.269324724181869
8.392451999999992,2.205000062303772,2.2053737611448847,2.2317227208630515
8.394448000000011,2.205000062303772,2.213305767978784,2.205165347174488
8.39678299999997,2.202836971598367,2.1837055688695486,2.229532149400346
8.398395999999991,2.202836971598367,2.209493901213782,2.229877525573302
8.400393000000008,2.202836971598367,2.150378457407898,2.200775520934603
8.402369000000022,2.200829866348793,2.20705165157125,2.223056807740926
8.40434700000003,2.200829866348793,2.2427722779294603,2.2127735872559846
8.406438000000037,2.200829866348793,2.1927053881418757,2.1818943506639354
8.408301999999992,2.198742483009928,2.164585676748288,2.163066822654314
8.410284000000047,2.198742483009928,2.2715029028577383,2.164360202900479
8.412275000000022,2.198742483009928,2.257114537497827,2.153126185104246
8.414255000000026,2.196069425126114,2.1455979414741515,2.188003134576761
8.416578000000015,2.196069425126114,2.176894259897277,2.2215481193023403
8.418210999999985,2.196069425126114,2.1992432435172957,2.24121308839621
8.420188999999993,2.1929913167204274,2.2090633707565965,2.2033967919209263
8.422173999999984,2.1929913167204274,2.225963184450389,2.2478387813870997
8.424157999999977,2.1899533514896383,2.1765488017331216,2.132260391583661
8.426249999999982,2.1899533514896383,2.1442003693387583,2.2427487118983165
8.428118999999981,2.1899533514896383,2.205049397577683,2.2389220200331312
8.430095000000051,2.186938612487667,2.151740103498628,2.116397279635278
8.432084000000032,2.186938612487667,2.2177415785574643,2.1283179657910227
8.434057999999993,2.186938612487667,2.2158892394425225,2.1532633457082877
8.436394000000007,2.183996605314912,2.274968645614469,2.2079362024803997
8.438020999999992,2.183996605314912,2.2523109491918354,2.070276249074509
8.440011999999967,2.183996605314912,2.219974239495646,2.196893473858662
8.441982999999993,2.180979273074437,2.164555562890467,2.2089022488493066
8.443974000000026,2.180979273074437,2.1411356648860256,2.272718246381082
8.44607400000001,2.180979273074437,2.236522437229701,2.254836413887651
8.447924999999998,2.178489835122157,2.2007994557940442,2.157370182822723
8.449913999999978,2.178489835122157,2.1407793503317585,2.1473944368109756
8.451898000000028,2.176626637568699,2.18607925483566,2.2330195234915675
8.453869999999995,2.176626637568699,2.170262979025101,2.2397923641569886
8.456199000000026,2.176626637568699,2.1629999638265542,2.203398881443033
8.457835999999986,2.1741245420348885,2.182789941396272,2.1130815136926873
8.459813999999994,2.1741245420348885,2.144320856140557,2.172194736278648
8.461801000000037,2.1741245420348885,2.1159431172698664,2.1459438756320073
8.463788000000022,2.171502632158571,2.2664373399526085,2.109942188637493
8.46588300000002,2.171502632158571,2.1629001932016836,2.185605153819657
8.467738999999995,2.171502632158571,2.2031870849409616,2.1264587823872723
8.469719000000055,2.16969232733043,2.0934683026062704,2.283595553276255
8.471711000000028,2.16969232733043,2.1038946397550737,2.11736988712057
8.473694000000023,2.1678908996162165,2.123323011314097,2.0485448855443003
8.476026999999988,2.1678908996162165,2.1221455427450775,2.177433156501335
8.477644999999995,2.1678908996162165,2.118712940538161,2.244174145942704
8.479625999999996,2.165537005731532,2.1196773652841907,2.173563436823304
8.481606999999997,2.165537005731532,2.205921058636846,2.138951175604328
8.483599000000027,2.165537005731532,2.1293354331336904,2.111989027491407
8.48568899999998,2.1634133859453875,2.0557106520418182,2.0911195930980715
8.487549999999999,2.1634133859453875,2.170093543150659,2.133690133120931
8.489542000000029,2.1634133859453875,2.1397515590311507,2.112017551008541
8.491512,2.160514801918252,2.2370518271223085,2.1695278442835293
8.493498999999986,2.160514801918252,2.1573322323211044,2.1527934009680934
8.49581900000004,2.158202218453118,2.221589722914306,2.1617128973410904
8.497458000000051,2.158202218453118,2.145919447833759,2.113390091445282
8.499437999999998,2.158202218453118,2.1282894450814607,2.1486768422165268
8.501418999999999,2.1548241717809313,2.1846507271214923,2.2027906716217456
8.503407999999979,2.1548241717809313,2.0928672576823453,2.06534154556554
8.505498999999986,2.1548241717809313,2.211165360716239,2.1122137847766247
8.507361000000003,2.151712709928093,2.1325338423594427,2.135773978247177
8.509352000000035,2.151712709928093,2.0739897512893517,2.128884128378253
8.511325,2.151712709928093,2.177638206696462,2.2268268095194004
8.513305000000003,2.148330061336491,2.137717251807538,2.0659296388148753
8.515643000000011,2.148330061336491,2.088061819526092,2.0020432742985967
8.517277999999976,2.148330061336491,2.1686647876565965,2.2064118856704473
8.519248000000005,2.144854969838326,2.119855629617435,2.070538846886751
8.521231,2.144854969838326,2.1803740480394023,2.104974927205296
8.523225000000025,2.141448252598161,2.134609131526303,2.1569832706208683
8.52530999999999,2.141448252598161,2.164095705325758,2.2042786478397405
8.527174000000002,2.141448252598161,2.126929829180774,2.1055249974849697
8.529154000000005,2.1384736460911338,2.06259416834422,2.1068407914077585
8.531137000000001,2.1384736460911338,2.1815825407441025,2.076746392516214
8.533118000000002,2.1384736460911338,2.101154067255027,2.1396427162847482
8.535443999999984,2.1361870029662837,2.0357054459813693,2.211339935909907
8.537081999999998,2.1361870029662837,2.1159577183999403,2.1041256362755423
8.539062000000001,2.1336830152359294,2.099340597033383,2.0882457607438822
8.541043000000002,2.1336830152359294,2.178669397542747,2.1267324373979326
8.543030000000044,2.1336830152359294,2.1005936275848183,2.1615068969315008
8.545133000000021,2.130983257773731,2.1250928423160578,2.171656311389069
8.546985000000063,2.130983257773731,2.158143192696674,2.1216746494017538
8.548967000000005,2.130983257773731,2.133573626470765,2.209754607781779
8.55096100000003,2.130983257773731,2.1816273744233885,2.1614525765028323
8.552929000000006,2.128696339998984,2.181354717213582,2.1291866405211013
8.555268000000012,2.128696339998984,2.0819308490433346,2.127164273012783
8.556892000000005,2.1265832434034504,2.1447115995614117,2.021077201874196
8.558874000000003,2.1265832434034504,2.2078023793863837,2.096140703569546
8.560863999999981,2.1265832434034504,2.083833181922369,2.0744047559341907
8.562840999999992,2.1246386627967158,2.0671275407910517,2.1112491914913734
8.564943000000028,2.1246386627967158,2.158931110622759,2.0804640541218373
8.566808000000037,2.1246386627967158,2.086882036141453,2.053440102187885
8.568778000000009,2.1221113355712626,2.2214703927588295,2.16521836412389
8.570761000000005,2.1221113355712626,2.1048349768020245,2.0358410793012682
8.572748999999988,2.1193254517166458,2.0735254354895094,2.2396113340960246
8.575075999999967,2.1193254517166458,2.0927817321946693,2.0643003281874064
8.576704000000007,2.1193254517166458,2.1909013474598726,2.114978751229402
8.578685000000007,2.1169238914749546,2.0530145705422838,2.046122846459141
8.580667000000005,2.1169238914749546,2.0995423106650826,2.067727599303201
8.582648000000063,2.1169238914749546,2.1040732721778777,2.156961695404845
8.584761999999955,2.1143560481580086,1.9863132768204683,2.0764561884643467
8.58660900000001,2.1143560481580086,2.0902438742789466,2.0804826545475357
8.58860100000004,2.1143560481580086,2.10482752725538,2.162869798328493
8.590580999999986,2.1108590724908654,2.0674624296143556,2.206539781942716
8.592554000000007,2.1108590724908654,2.147038127525144,2.090038279032084
8.594899000000055,2.1070891561114933,2.146768887846374,2.010403498731924
8.59651800000006,2.1070891561114933,2.114103657112208,2.0891963237229687
8.598497000000009,2.1070891561114933,2.0490623670571924,2.093514432463585
8.60047800000001,2.103342281373695,2.0581427349235297,2.101231035767882
8.602469000000042,2.103342281373695,2.1571110235714315,2.133964312275551
8.604565999999977,2.103342281373695,2.2193656051656205,2.1440265666982365
8.606439000000023,2.100123960806905,2.1464879071621916,2.0588505396789123
8.60840300000001,2.100123960806905,2.1234097918675925,2.105080758368634
8.61039599999998,2.100123960806905,2.0512465041054484,2.10771434374368
8.612365000000011,2.096561737504763,2.1013570909841452,2.184974289893563
8.61469599999998,2.096561737504763,2.0311591907081983,2.1411055944662403
8.616329000000007,2.0936333464973624,2.1216882184037513,2.0609994311552606
8.61830900000001,2.0936333464973624,2.074846490399878,2.0313606304238268
8.620299999999986,2.0936333464973624,2.0343547475696475,2.0698263546659454
8.622281999999984,2.0916752914645667,2.068933576177129,2.0942365132384597
8.62437200000005,2.0916752914645667,2.1112554502838825,2.0780411830284256
8.62624100000005,2.0916752914645667,2.101490726722057,2.045900976831322
8.628219999999999,2.0883996266070994,2.0908347200381248,2.044566844768281
8.630196000000012,2.0883996266070994,2.1048733580012953,2.1341702606251958
8.63217800000001,2.0883996266070994,2.0336570967676324,1.9938138540780401
8.634514000000024,2.086017614323166,2.0349621709456334,2.1476768040545635
8.636140000000012,2.086017614323166,2.0413373679516944,2.08752559271336
8.638134000000036,2.086017614323166,2.018929475384172,2.0443921159260783
8.640100000000018,2.083822628692117,2.083146869328909,2.085125677056035
8.642084000000011,2.083822628692117,2.009146906336708,2.1315341331303053
8.644182999999998,2.0817604242763212,2.092776850497664,2.0945989514308128
8.646070000000009,2.0817604242763212,2.0024896726373487,2.0522137787297767
8.648030000000006,2.0817604242763212,2.117877332091331,2.0585350739104173
8.650011000000006,2.0792948431964464,2.091767294312508,2.0675873719384033
8.651992000000007,2.0792948431964464,2.003112739260548,2.101934963837269
8.654334000000006,2.0792948431964464,2.1020692659097078,1.9988500828788716
8.655951999999957,2.076803038722536,2.0707802193120015,2.049722349031516
8.657936000000063,2.076803038722536,2.1331845702787864,2.0728874871295813
8.659926000000041,2.076803038722536,2.0699884377066424,2.075351187627378
8.661900000000003,2.0738850541202725,1.9899270990059454,2.0538527982748374
8.664000999999985,2.0738850541202725,2.0514258748460907,2.078783967285996
8.665869999999984,2.0738850541202725,2.063883556055247,1.9731878621299823
8.667845999999997,2.0711807440784087,2.044319203475877,1.981480528335075
8.669826,2.0711807440784087,2.097128676295936,2.1420899516205947
8.671813999999983,2.068064002799462,2.1189426967745644,2.065374763360456
8.67414800000006,2.068064002799462,2.0917040378080998,2.0591913654951033
8.67576600000001,2.068064002799462,2.016695665863803,1.9790537249643416
8.677746000000013,2.0645805080178605,2.0819793310569232,1.9602881762777011
8.679732999999999,2.0645805080178605,2.0605021893197453,2.082999335597243
8.681708000000015,2.0645805080178605,2.0250399232548375,2.1292221772813678
8.68380400000001,2.0609521736583556,2.132729939092841,2.0131622497342305
8.685673000000008,2.0609521736583556,2.064928687797091,2.0744476553330973
8.687657000000002,2.057477002909227,2.0171736002529164,2.1114910684171457
8.689632000000017,2.057477002909227,2.0508995177452265,2.040977635269876
8.691622999999993,2.057477002909227,2.068251329208297,2.1192105407592217
8.69394200000005,2.0542369405387997,2.137701107591887,2.035432882914216
8.695576999999957,2.0542369405387997,2.0800629121932928,2.066748929235108
8.697564999999997,2.0542369405387997,2.0216253999827036,2.1417712298946623
8.699538000000018,2.050997660964589,2.0840662374284493,2.086692727623598
8.701519000000019,2.050997660964589,2.058263067181,2.0437124811977148
8.703617000000008,2.050997660964589,1.973024042287905,2.0194523304154406
8.705482000000018,2.0487995626721958,1.9816312997931922,2.1028695578797123
8.707468000000006,2.0487995626721958,2.009097094085648,2.0782843567634584
8.709450000000004,2.0487995626721958,1.9991133051290704,2.0820790550348605
8.711423999999965,2.0461858916408713,1.9915320796598859,2.053339100346116
8.71375999999998,2.0461858916408713,2.068734559934116,2.0884191218013117
8.715395000000001,2.043438200860063,2.090589715912622,1.997305289649307
8.71736900000002,2.043438200860063,1.9786243029331414,2.0069583810624465
8.71935000000002,2.043438200860063,2.0361658645093583,1.9976877671513078
8.721345000000042,2.041763433527962,2.101703276061362,2.0722359765548672
8.72342900000001,2.041763433527962,2.0856506040615916,2.0080445918013354
8.725293999999963,2.041763433527962,2.025810779962413,2.002016281924347
8.727280000000007,2.0394686240690687,2.0152979224937564,2.0461915611584494
8.72926000000001,2.0394686240690687,2.115306466913127,1.9886972571853345
8.731237000000021,2.0394686240690687,2.108154244845512,2.0638374228661016
8.733564000000001,2.037275397630923,2.1123531338319674,2.0088664234123725
8.73520000000002,2.037275397630923,2.0265068551564824,2.1070362369774718
8.737181000000021,2.037275397630923,2.026206905914492,2.1049696963582583
8.739161000000024,2.034550032905762,1.9791802636029034,2.1178270905826895
8.741145000000017,2.034550032905762,2.0475032726424076,1.9789765964390562
8.743241000000012,2.0321887660961684,2.010771120290699,2.0185916814701907
8.745106000000021,2.0321887660961684,2.0323370715282234,2.084936400701275
8.747087000000022,2.0321887660961684,1.916807631286214,2.1169643426983704
8.74906900000002,2.0288627907649834,2.008256131386247,1.9518279302976154
8.751048999999966,2.0288627907649834,2.094906381234195,2.0620197341151876
8.753398000000061,2.0288627907649834,2.03665424200959,2.038584005912506
8.755010000000027,2.026297040603262,1.8887914152367224,2.041786402752805
8.756993000000023,2.026297040603262,2.060386054743821,1.973999471615299
8.758974000000023,2.0224221570879486,2.085146707412734,2.0022457450020394
8.760955000000024,2.0224221570879486,1.9462369418433685,2.0720413106456412
8.763053000000014,2.0224221570879486,2.03393870419016,2.070657839352998
8.764924000000008,2.01913808862937,2.0040734900075434,2.0314432503111837
8.766899000000024,2.01913808862937,2.043398155035528,2.081983175557221
8.768886000000009,2.01913808862937,2.0540754574983597,2.065161149801061
8.770872000000054,2.0154844680261568,2.007085748745653,2.0972933496339277
8.773188000000005,2.0154844680261568,2.0189518529741743,2.04595457237373
8.774823000000026,2.0154844680261568,2.1055862649609,2.159054295828947
8.77680399999997,2.012164191189627,2.2144185123649653,1.9973794430835077
8.778786000000025,2.012164191189627,2.0522994210078456,2.1145264394678023
8.780766999999969,2.012164191189627,2.027298188410407,1.9629056260356885
8.782864000000018,2.0086957301442094,1.9812831598995593,2.003892068610421
8.784734000000014,2.0086957301442094,2.006406558630394,2.044841189344455
8.786720000000003,2.006815612680016,2.01164810565005,1.8742904919513925
8.788696000000016,2.006815612680016,2.0158056042677095,1.9795959179286156
8.790673000000027,2.006815612680016,1.8996448020803949,2.1187709997328383
8.793014000000028,2.0041793906004224,1.9758052141827895,2.079022306696536
8.794635000000028,2.0041793906004224,1.9936213704279742,1.929941830160746
8.796617000000026,2.0041793906004224,1.9881983588965417,1.9243651075873647
8.798607000000004,2.001398247485685,2.021560242995969,1.9260403194684503
8.800579000000027,2.001398247485685,2.0927911288763714,1.9590994350455782
8.802677000000017,2.001398247485685,2.0326057286464367,2.000650565024044
8.804541000000029,1.9996880299609059,2.0248940236671444,2.0431689585490345
8.806523000000027,1.9996880299609059,2.039909197248307,2.0537130592378285
8.808516999999995,1.9996880299609059,2.0719777372408448,2.0923699224623955
8.810491000000013,1.9970745210793277,2.142979389813383,2.0664424945202917
8.812817000000052,1.9970745210793277,2.013948543030956,1.8804891498104641
8.81445500000001,1.9970745210793277,2.012648732862798,1.9735548133519865
8.816427000000033,1.995118510210391,2.0154204095052575,1.9262763131782745
8.818410000000029,1.995118510210391,2.0168037123782443,2.1143491303875686
8.820390000000032,1.9924083709966192,1.9596162062625242,1.9741441505268922
8.822489000000019,1.9924083709966192,1.9998313930744125,1.9562462205985323
8.824352999999974,1.9924083709966192,1.9590879703332393,2.0318684736284065
8.826335000000029,1.9899034026370404,2.0429175788513243,1.9781472413933712
8.828323000000012,1.9899034026370404,2.151303834950472,2.046500428011999
8.830306000000007,1.9899034026370404,2.0089326297420826,1.960461450434731
8.832632000000046,1.9868092026931092,2.0330251741401173,2.0359441633974287
8.834259000000031,1.9868092026931092,2.0515466968578884,1.8613271694890505
8.836253,1.9868092026931092,1.937631142099145,2.1152526833808483
8.838221000000033,1.9840104345377736,2.0264878318411395,2.0222355661522657
8.840203000000031,1.9840104345377736,2.0083005928464197,2.0023784186122793
8.84230100000002,1.9805319048435996,1.908374266170015,1.9567171173295432
8.844175000000007,1.9805319048435996,1.9745970606000909,1.9797308220896725
8.846148000000028,1.9805319048435996,1.8518768823672642,1.9787350479440307
8.84812599999998,1.9769846671526239,1.8924919272704457,1.9680243602247267
8.850112000000024,1.9769846671526239,1.9146751055289126,1.992341819920628
8.852436000000012,1.9769846671526239,1.905446452463448,1.971433025348742
8.854069999999979,1.9737458803069172,2.0456168188948607,1.9714786912526956
8.85605499999997,1.9737458803069172,1.9147180063361002,1.9541854777199585
8.85804300000001,1.9737458803069172,1.9883458300043468,1.9675495982038138
8.860015000000033,1.970549577057113,1.9653115316828969,1.9834140535111686
8.862113000000022,1.970549577057113,1.964160537258697,1.9786468915555566
8.863977000000034,1.9675455430635225,1.9444817939671055,1.96435934941159
8.865958000000035,1.9675455430635225,1.9320373457569529,1.954937340037681
8.867939000000035,1.9675455430635225,2.005271144818165,1.9968428795786244
8.86992600000002,1.965138970157393,1.8419582001738184,1.9338023624217038
8.872266999999965,1.965138970157393,2.0166020468684382,1.8790770726157426
8.87388599999997,1.965138970157393,1.9434237729702468,1.9612667767773941
8.875862999999981,1.9627865346572675,1.9736397582097611,2.0085492473207394
8.877845000000036,1.9627865346572675,1.9964416959017246,1.988729002036249
8.879836000000012,1.9627865346572675,2.028109068034562,2.004021656192556
8.88192399999997,1.9602640271005043,1.923132577097578,1.9407421323200873
8.883798000000013,1.9602640271005043,1.9387904529123612,1.9829907765755943
8.885780000000011,1.9584689777131072,1.879769391806653,2.062982507401295
8.887752000000035,1.9584689777131072,1.9776339933663118,1.9000255820383973
8.889732999999978,1.9584689777131072,2.060312095860229,1.9837130866688517
8.892073000000039,1.9562585618772366,1.929621143895844,1.938712081292469
8.893694000000039,1.9562585618772366,1.9441897401008386,2.0219228119945583
8.895686000000012,1.9562585618772366,1.9801276431828665,1.9565519161787654
8.897666000000015,1.9543258753048924,1.9499364594111182,1.9409231363786654
8.899639000000036,1.9543258753048924,1.9945915773453817,1.8849205215601257
8.901738000000023,1.9543258753048924,1.9520345853305634,1.9079618999574777
8.90360000000004,1.9521849861038456,2.0012474609020456,1.9342759617710756
8.905581999999981,1.9521849861038456,1.9290070753000346,1.9992435555216574
8.907563000000039,1.9493402461610856,1.9541729145045694,2.026927119170647
8.909546000000034,1.9493402461610856,1.9015705255176494,1.9431714418765513
8.911891000000026,1.9493402461610856,1.9170531946848888,1.9328934493941223
8.91351000000003,1.9466455098686553,1.952354149073026,1.9650402463808412
8.915487999999982,1.9466455098686553,1.9467859967392451,1.957735701467905
8.91746900000004,1.9466455098686553,1.9957462506122865,1.9385379612419438
8.919450999999981,1.943819630808169,1.9605769088247316,1.9426617662138048
8.92154800000003,1.943819630808169,1.9379044021359073,1.9588063042325752
8.923422000000016,1.943819630808169,1.9202585067100182,2.003305067063721
8.925393000000042,1.9401132672130499,1.9477395755258666,1.9054654937832427
8.927374999999984,1.9401132672130499,1.9869330053042737,1.8758446796109114
8.929366000000016,1.9401132672130499,1.9062777764869552,1.9497692877435837
8.931699000000037,1.9365905945826172,2.075072445215872,1.8914177311462228
8.93332300000003,1.9365905945826172,1.8686846594212783,2.008076523856423
8.935299999999984,1.9330897108294638,1.8926596371236282,1.9516513777789346
8.937281999999982,1.9330897108294638,1.9100078662728448,1.9269635215110812
8.939261999999985,1.9330897108294638,1.9799249156934713,1.9314482518016152
8.941361000000029,1.9299704748566888,2.0029694784177705,1.9506931385815818
8.943228999999974,1.9299704748566888,1.913301417207662,1.9613317970355637
8.945211000000029,1.9299704748566888,1.8865159295987284,2.0548032238557576
8.947186000000045,1.9267384566101216,1.8813893892380242,1.8742675717640245
8.94917300000003,1.9267384566101216,1.9745378680886585,1.9758717152075949
8.951526000000001,1.9267384566101216,1.865461103743892,2.0398364345740068
8.953133000000037,1.924752913321933,1.9396859614707727,1.9445076708669724
8.955112000000042,1.924752913321933,1.9442066375824745,1.928949685069985
8.957100000000025,1.924752913321933,1.9421600163205393,1.907233033541347
8.959073000000046,1.9217729458727137,1.8824310405710747,1.9184267052594337
8.96117300000003,1.9217729458727137,1.8591109684602007,1.9206554862582905
8.963036999999986,1.9190151778102287,1.9191339349975294,1.9786851872013673
8.965018000000043,1.9190151778102287,1.950042056381318,1.983060607849609
8.967008000000021,1.9190151778102287,1.9004088258544163,1.8942789174026207
8.96897899999999,1.9171145298985173,1.9489539953726582,1.9829283763895063
8.971311000000014,1.9171145298985173,1.9097926196021038,1.9272484527709517
8.972958000000062,1.9171145298985173,1.9471962639061735,1.929863538516969
8.97492299999999,1.9148064617059828,1.8624920113813674,1.9628084631577603
8.976905000000045,1.9148064617059828,1.9036779386513099,1.9052855899100052
8.978895000000023,1.9148064617059828,2.0000580972517445,1.9226889945256365
8.980993000000012,1.9129783241057583,1.8836102318178827,1.9315135993355395
8.98284799999999,1.9129783241057583,1.930949823832542,1.9876320774640341
8.984829999999988,1.9105828757529362,1.909268680216662,1.817530110575454
8.986820999999964,1.9105828757529362,1.8851895041991704,1.920985920864794
8.98879199999999,1.9105828757529362,1.9521358206456685,1.8620818455768708
8.991127000000006,1.9079063237987872,1.8741006620028688,1.9709388121648774
8.992766000000017,1.9079063237987872,1.9623261241233887,1.8519764760762465
8.994733999999994,1.9079063237987872,1.9436061073581026,1.9648897026725636
8.996715999999992,1.9051320903298203,1.8362404487596737,1.8790288250123814
8.998699000000045,1.9051320903298203,1.9452804155104548,2.007233290699433
9.000811000000056,1.9051320903298203,1.9104790152050037,1.8581118018612814
9.002659000000051,1.9024221468748994,1.8486745159865896,1.9126828873161388
9.00464199999999,1.9024221468748994,1.8756416991085205,1.9271802051156601
9.006628000000035,1.8988762131884411,1.857937576651894,1.8909297616505996
9.008603999999991,1.8988762131884411,1.9162862239706326,1.8322318977411625
9.010929999999973,1.8988762131884411,1.9952396623521074,1.917871109767334
9.012565999999993,1.8956152099920602,1.8946463280657309,1.8077201961950753
9.014549999999986,1.8956152099920602,1.8684771883740303,1.9121774945416619
9.016529000000048,1.8956152099920602,1.8945967008299762,1.905229133896991
9.018508999999995,1.8919153071549955,1.8860484096756465,1.8653450226323431
9.020621000000062,1.8919153071549955,1.9193009622322186,1.7684068823880637
9.022471999999993,1.8919153071549955,1.8700471456737677,1.7853073011333187
9.024453000000051,1.889076079937451,1.7435325154163714,1.8439827327245573
9.026434999999992,1.889076079937451,1.893733440702704,1.8767914647485224
9.02842499999997,1.889076079937451,1.87384707739102,1.912282196566761
9.030757000000051,1.8856996457446287,1.830678368905512,1.8930670996454404
9.032377999999994,1.8856996457446287,1.872415668036082,1.8179270511068157
9.034366000000034,1.8836664362154287,1.9451173982270882,1.9584768590995347
9.036339999999996,1.8836664362154287,1.8401781775233665,1.9424722657480498
9.03832200000005,1.8836664362154287,1.8773962231373666,1.876870393896208
9.040426000000025,1.88140956541375,1.8595243569313726,1.9264347403228215
9.042284000000052,1.88140956541375,1.8122340527684149,1.8391088004574896
9.044275000000027,1.88140956541375,1.894199123492607,1.8658337106910645
9.046246000000053,1.879090798538387,1.8758999882485554,1.7777256299288253
9.048227999999995,1.879090798538387,1.9921664872168319,1.8419699859145158
9.050566000000003,1.879090798538387,1.9144119478268677,1.8614862413419235
9.052188999999998,1.8767779918837808,1.9176486526392247,1.915439427587408
9.054178000000036,1.8767779918837808,1.8349953118579068,1.918313245592892
9.056151,1.8749637894842786,1.9120980136234398,1.8167691206673107
9.058136999999988,1.8749637894842786,1.9026412746100807,1.8290145967757105
9.060235000000034,1.8749637894842786,1.7540193438305107,1.8567731352088503
9.062099000000046,1.8730268895960516,1.9295414737730274,1.9394199090695916
9.06407999999999,1.8730268895960516,1.8674576168529942,1.919952448086233
9.066061000000047,1.8730268895960516,1.8279760972277335,1.8892877353223934
9.068040999999994,1.8703363878971893,1.8651280942640887,1.8919996070668001
9.070378000000005,1.8703363878971893,1.8392986299184961,1.8759835758089864
9.072014000000024,1.8703363878971893,1.8872605871791233,1.8902197452535412
9.073987999999986,1.8679957776141385,1.848128758740726,1.8251506813901484
9.075975000000028,1.8679957776141385,1.9538091095144972,1.838550527977911
9.077950999999985,1.8679957776141385,1.9540506410170788,1.82531566886403
9.080046000000038,1.8649435419205949,1.8776597203570167,1.92319955912006
9.081910999999991,1.8649435419205949,1.8935241595702563,1.9509989431576382
9.083891999999992,1.8625203216802562,1.9471041516954508,1.8620391980669486
9.085879000000034,1.8625203216802562,1.8461674355553102,1.9423547028428794
9.08785899999998,1.8625203216802562,1.8537686860548412,1.8995484951240442
9.09018500000002,1.8593384162263638,1.8896620065178877,1.8542776112251247
9.091817000000049,1.8593384162263638,1.856704295535893,1.7612278254537672
9.093809000000022,1.8593384162263638,1.8727145359678163,1.9725743242514238
9.095781999999986,1.8556948169434226,1.839083519564503,1.9039255017964736
9.097759999999994,1.8556948169434226,1.806467899883533,1.8521040233397317
9.099871000000064,1.8556948169434226,1.8051195073486204,1.859363090049818
9.101725000000044,1.8524474324451023,1.9119504191881704,1.9265128573839467
9.103703999999993,1.8524474324451023,1.8721252084509743,1.8363876665645482
9.105686000000048,1.8492222592305196,1.8947703387158747,1.7778956497451006
9.107671000000039,1.8492222592305196,1.8042893631058852,1.919644349842275
9.109999000000016,1.8492222592305196,1.8726335752693848,1.820252644027381
9.111628999999994,1.8462158050025335,1.8768105700001745,1.823921690930187
9.11361199999999,1.8462158050025335,1.8140985357105317,1.7612635621032846
9.115590999999995,1.8462158050025335,1.8222266282337811,1.918101277759157
9.117569000000003,1.8444061993244016,1.917767009738594,1.889993837435834
9.11966799999999,1.8444061993244016,1.834338526671386,1.755181972622743
9.121534000000054,1.8444061993244016,1.8803980417001176,1.8921036783822556
9.123512000000005,1.8416771921699746,1.8003763391501288,1.878218592215606
9.125494000000003,1.8416771921699746,1.914028891338577,1.9048300145879455
9.127482999999984,1.8392780276426073,1.8207033124486698,1.8105257076810617
9.129801000000043,1.8392780276426073,1.8318356482625762,1.7499799105716352
9.131440999999995,1.8392780276426073,1.8634454112609942,1.8121916790445833
9.133428999999978,1.8375806363394338,1.9780737925830003,1.7628698759619241
9.135406999999987,1.8375806363394338,1.8136897499007583,1.8932812503534733
9.137388000000044,1.8375806363394338,1.8405518700766506,1.71437738686466
9.139488000000028,1.8359085246590512,1.8998635995038113,1.8219831608962862
9.14134400000006,1.8359085246590512,1.8435099744893457,1.7866926752038579
9.143335999999977,1.8359085246590512,1.8416027834642952,1.80456594670543
9.145313999999985,1.8335932818241658,1.9417164280561077,1.818649640162376
9.147287000000006,1.8335932818241658,1.9006718618650464,1.8542945587286868
9.14962300000002,1.8312479326919364,1.9436871729260816,1.832334436670818
9.151259000000039,1.8312479326919364,1.8042738758288108,1.8285310958581098
9.153231000000005,1.8312479326919364,1.878440866712494,1.8170517072191084
9.155219000000045,1.8284084113713015,1.835046902288629,1.8927147752646862
9.157199999999989,1.8284084113713015,1.8267140986182648,1.8646669704024421
9.159298999999976,1.8284084113713015,1.831803584692329,1.7947062986791964
9.161155000000008,1.8259689282846812,1.8659379183890366,1.7559492391725746
9.163139999999999,1.8259689282846812,1.8320376186677272,1.8343298425463466
9.165124999999989,1.8259689282846812,1.7878282207612497,1.8317110726087031
9.16709800000001,1.8231705495357278,1.7857374774990555,1.7833667086506917
9.169423999999992,1.8231705495357278,1.7693555163065156,1.7864611262770753
9.171070999999984,1.8231705495357278,1.8272193013881188,1.8434478971135089
9.17304200000001,1.8199928051303296,1.855454027291304,1.9302191775218531
9.175024000000008,1.8199928051303296,1.8793412253514012,1.887452525815383
9.17701199999999,1.8162570225654124,1.84430242314009,1.7761657560388269
9.17910500000005,1.8162570225654124,1.8319466318165527,1.8198456767825864
9.180968000000007,1.8162570225654124,1.8776954845769904,1.835778013223047
9.182949000000008,1.8133735874224266,1.7470741776832577,1.842455183831997
9.184930000000008,1.8133735874224266,1.8432771797735326,1.8982722865811454
9.186920000000043,1.8133735874224266,1.8387985492759715,1.8001762678598365
9.189246000000026,1.8104913300102476,1.7552155670250387,1.7658698127430763
9.190874000000008,1.8104913300102476,1.7202461755806349,1.8188716875925226
9.192864999999983,1.8104913300102476,1.8105585657445487,1.7665657310278484
9.194835000000012,1.8077527202032841,1.844315903596608,1.8109326245388715
9.196823000000052,1.8077527202032841,1.7430836925923103,1.7750633457782812
9.198915999999997,1.8057487582303813,1.775917397422742,1.8411444607328824
9.200781000000006,1.8057487582303813,1.8053453861097175,1.8727932787524606
9.20276100000001,1.8057487582303813,1.8597345944423935,1.7502120880921266
9.20474200000001,1.8036887217589486,1.8275205065315805,1.7532012541997233
9.20672300000001,1.8036887217589486,1.8265821545230538,1.7531879566015518
9.209054999999978,1.8036887217589486,1.7919935227069628,1.7876649793937482
9.210684000000015,1.8013020270879143,1.8785103539393777,1.8471369897736096
9.21266700000001,1.8013020270879143,1.8232908911494694,1.7268595465901004
9.214648000000011,1.8013020270879143,1.7755275744963128,1.816020386340452
9.216633999999999,1.7995395989226561,1.779579496413108,1.883037744968695
9.218743000000018,1.7995395989226561,1.7940749139435226,1.7548054544957246
9.220591000000013,1.7995395989226561,1.7866942997076252,1.7675014120346466
9.222572000000014,1.7976152656156161,1.7136454469170164,1.7663905731807317
9.22455500000001,1.7976152656156161,1.7718739450635832,1.8706755113434508
9.226535000000013,1.7976152656156161,1.8219610626425433,1.8039128422646495
9.228890999999976,1.7955593966753005,1.7572785644130897,1.839113931612349
9.230498000000011,1.7955593966753005,1.802169310910749,1.7654871277910085
9.232479000000012,1.793401151181598,1.7386761318285577,1.838198828958436
9.234460000000013,1.793401151181598,1.6873802665404327,1.7872415860515969
9.23644999999999,1.793401151181598,1.7789677280922227,1.8783327344494622
9.238556000000017,1.7907449796645456,1.8014220328369992,1.833780059125978
9.240402999999958,1.7907449796645456,1.7651213913477815,1.8740969125547682
9.242394999999988,1.7907449796645456,1.741289210363956,1.8457830717510484
9.244371000000058,1.788430723915278,1.8206422897520163,1.745191959123475
9.246347000000014,1.788430723915278,1.7870182821146436,1.8716503986194435
9.248683000000028,1.7852357536371644,1.8175830749078363,1.868080890846348
9.250309000000016,1.7852357536371644,1.880340724379092,1.7179121337024175
9.252290000000016,1.7852357536371644,1.808618908315174,1.7819482025778546
9.254272000000014,1.7821554490637905,1.805979263399962,1.7435643155394454
9.256253000000015,1.7821554490637905,1.7464512824867566,1.8010840746223864
9.25835699999999,1.7821554490637905,1.7810683952392803,1.7914177312644073
9.260220000000004,1.7785168790478465,1.7168085191804114,1.8042743063446929
9.262196000000017,1.7785168790478465,1.7290201144564248,1.7473550152568227
9.26418700000005,1.7785168790478465,1.793142133392878,1.7048813430986351
9.266161000000011,1.7757707314677866,1.760748861162946,1.7179970279334638
9.26849900000002,1.7757707314677866,1.7464536548886715,1.8120319764937072
9.270130999999992,1.7757707314677866,1.7820370648969026,1.7340248066683808
9.272109,1.772655363668721,1.7450334114177992,1.6971832645090537
9.274084000000016,1.772655363668721,1.7599021202934941,1.729429953969445
9.276065000000017,1.7705561244663923,1.7850874894740243,1.8138844013344833
9.278179000000023,1.7705561244663923,1.7471294916735178,1.7252085787233948
9.280027000000018,1.7705561244663923,1.7233629159297132,1.7937561428371167
9.282009000000016,1.7683630715173453,1.8308550188326866,1.7690809709862942
9.28400099999999,1.7683630715173453,1.8653184638349063,1.7745826056091147
9.285971000000018,1.7683630715173453,1.7683507304650712,1.7877542001623268
9.288296000000003,1.7663738835436351,1.7580137796452764,1.6928629492053944
9.28994300000005,1.7663738835436351,1.768154266981271,1.7800178301700198
9.291916000000015,1.7640181189354565,1.729316906032723,1.744178675387398
9.293896000000018,1.7640181189354565,1.8220354505737704,1.7460638967662916
9.295884000000001,1.7640181189354565,1.8113075412492876,1.739569306622223
9.297988000000032,1.7623573152086933,1.7390504950069352,1.7479452876680421
9.299841000000015,1.7623573152086933,1.7458780993472276,1.7789688873393068
9.30182000000002,1.7623573152086933,1.78149180264167,1.799711840251178
9.303802000000019,1.7605951963153317,1.8194928260723917,1.803890723379225
9.305782999999963,1.7605951963153317,1.782552899946658,1.9306458295520017
9.308122000000026,1.7605951963153317,1.7890496005747996,1.764022294687825
9.309744000000023,1.759000576006575,1.7802090556302133,1.8198552096375171
9.311726000000021,1.759000576006575,1.769473025523749,1.7297436320455466
9.313716999999997,1.759000576006575,1.7783223162211403,1.7133299318230308
9.31569300000001,1.756729663215724,1.7967195730302314,1.7320305667051823
9.31778700000001,1.756729663215724,1.7733810239040255,1.7139618286240932
9.319671000000028,1.756729663215724,1.746821594828942,1.8128335629541932
9.32163700000001,1.7542480366561424,1.872681267283921,1.8425504157920614
9.323617000000013,1.7542480366561424,1.6755258444356071,1.7856153051857995
9.325594000000024,1.751842055567291,1.796615042047307,1.7505018680766724
9.327928999999983,1.751842055567291,1.728168887976962,1.7551430296827333
9.329557000000023,1.751842055567291,1.6700421604722708,1.7698608255350832
9.331537999999966,1.7489712578705094,1.6474363840126007,1.837454243768152
9.333529000000055,1.7489712578705094,1.7399367538684307,1.7985513026909372
9.335500999999965,1.7489712578705094,1.8516969130678156,1.842248637766626
9.337598000000014,1.7455116299694184,1.8375961888662473,1.7331350626481181
9.339472999999998,1.7455116299694184,1.718047806265947,1.7389197692216731
9.341455999999994,1.7425137631374457,1.7130227404347795,1.7592001950308043
9.34343100000001,1.7425137631374457,1.7233500331886216,1.701278279399189
9.345407000000023,1.7425137631374457,1.753478869063798,1.7880082375733874
9.347743999999977,1.740344586118824,1.837548524880035,1.7111735266726602
9.349369000000024,1.740344586118824,1.7886404347773295,1.6769201975971189
9.351350000000025,1.740344586118824,1.7736701403232378,1.8530735235018516
9.353338000000008,1.7375209398270919,1.751063084529216,1.8043631972587804
9.355317000000014,1.7375209398270919,1.6425788690251175,1.765551978541481
9.357414000000006,1.7375209398270919,1.6417135871750455,1.782415485237052
9.359280000000012,1.735991605425599,1.6980267746714834,1.7759796495442874
9.361268000000052,1.735991605425599,1.6757435520599269,1.730113751127894
9.363245000000006,1.7341896946614799,1.6516451301976953,1.8205996306693901
9.36521799999997,1.7341896946614799,1.7828719667467767,1.8040604242868596
9.367545000000064,1.7341896946614799,1.7230335485160455,1.7756407716588898
9.369188000000008,1.7322556963576003,1.690056236530892,1.6614501596907902
9.371162000000027,1.7322556963576003,1.668297808752606,1.6639028395454794
9.373153000000002,1.7322556963576003,1.7693481471936112,1.759349647125492
9.375124999999969,1.731030152982029,1.7283405086199373,1.7971724106142422
9.377222000000017,1.731030152982029,1.6572237858997194,1.6769024751236066
9.37908699999997,1.731030152982029,1.7086217800361798,1.787290675103548
9.381073000000015,1.7299907809017425,1.8240578611669303,1.7026955040533232
9.383059000000003,1.7299907809017425,1.7816133243409782,1.7527444847683704
9.385040000000004,1.7299907809017425,1.732988618639296,1.7228933430241253
9.387364999999988,1.728321561818454,1.7472169527298655,1.7087726344565695
9.388993000000028,1.728321561818454,1.7061610245408734,1.7201957927752367
9.390982000000008,1.728321561818454,1.7148871473978504,1.7565094078744312
9.392963000000009,1.7258562588958117,1.6691435297508193,1.7986287857226135
9.39493600000003,1.7258562588958117,1.6917224169003295,1.698678295969627
9.39703400000002,1.723791744608808,1.7483443293545278,1.7075751055591066
9.398900000000026,1.723791744608808,1.7952693619991924,1.7527236761362857
9.400886000000014,1.723791744608808,1.7413241645524056,1.750974491558754
9.402879999999982,1.7217074272681254,1.7704633866395738,1.674837792253252
9.404841999999974,1.7217074272681254,1.6189650619868303,1.6036755058243042
9.407181000000037,1.7217074272681254,1.7458013076157028,1.6608801810198384
9.408803000000034,1.7191992937231,1.7361017850061475,1.6919721361546147
9.41078600000003,1.7191992937231,1.6804852238154606,1.7167770544481242
9.412779000000057,1.7191992937231,1.7160032561940908,1.7635044486593379
9.414747000000034,1.7162245866520665,1.782915304886516,1.6464897188028549
9.416855999999996,1.7162245866520665,1.7375056303984528,1.7056066458377839
9.41871100000003,1.7139800185542733,1.6976128626275997,1.7906895358540509
9.42070300000006,1.7139800185542733,1.8058081778837913,1.6859680974917357
9.422693000000038,1.7139800185542733,1.7152228959094074,1.7723756534862787
9.424654000000032,1.711657368414107,1.7874938331150458,1.7559945122994518
9.426996000000031,1.711657368414107,1.6922963820666739,1.778124448965738
9.428616000000034,1.711657368414107,1.7135641096061045,1.6797729729941413
9.430596999999977,1.710407374531478,1.7846122622031773,1.71063337927517
9.432591000000002,1.710407374531478,1.6615089385501884,1.6885007964618104
9.434571000000005,1.710407374531478,1.8288661543978697,1.7734691510461118
9.436661000000015,1.7091843774204252,1.6717516635330987,1.7091518525279659
9.438521999999978,1.7091843774204252,1.7428048061744472,1.709267248328371
9.440514000000007,1.7091843774204252,1.7360808963579208,1.5868002272657358
9.442496000000062,1.7077604091769216,1.651626768027485,1.6276043207213433
9.444466000000034,1.7077604091769216,1.6313362401521299,1.7596351395557834
9.446792000000016,1.7075092647840915,1.6435790454603108,1.754220181080938
9.448428000000035,1.7075092647840915,1.6974957690920804,1.7180792444927273
9.450409000000036,1.7075092647840915,1.7418799296205398,1.8466775876429644
9.452404000000058,1.7065171257371947,1.692423136531936,1.6937538825507628
9.454372000000035,1.7065171257371947,1.6793659446289064,1.7438559886487865
9.456488999999976,1.7065171257371947,1.6745008279749016,1.7365813648247936
9.458335000000034,1.7056556761897192,1.695285937679065,1.7578766683586804
9.46031499999998,1.7056556761897192,1.6884644253292767,1.7467178341704392
9.462318000000039,1.7056556761897192,1.6827125098578382,1.6496413632798892
9.464282999999966,1.703834739748101,1.6526875454019891,1.6518914322479863
9.466612999999995,1.703834739748101,1.6625264313230033,1.7000681678522005
9.46823999999998,1.7017829286762618,1.743309256263825,1.7373534338571823
9.47022800000002,1.7017829286762618,1.6672809810390634,1.7965973877240826
9.472215000000006,1.7017829286762618,1.742479210362117,1.7389227390254856
9.474187000000029,1.7007322152966993,1.7064974497665346,1.6830149171623203
9.476292999999998,1.7007322152966993,1.796410133778669,1.6928382791944554
9.47814900000003,1.7007322152966993,1.7084443470420427,1.7453152804653727
9.480127000000039,1.698451812937111,1.7274645654879337,1.6839233137506995
9.482127000000048,1.698451812937111,1.645647835428695,1.7350476818293068
9.48410100000001,1.698451812937111,1.6296512352203876,1.600606691493284
9.486424999999997,1.6962404388476364,1.7913490287551839,1.6396596666218932
9.488053000000036,1.6962404388476364,1.7419551902704848,1.7227549555594595
9.49004100000002,1.6943680085230748,1.6298761179905055,1.802869715053184
9.492025000000012,1.6943680085230748,1.726771062344762,1.6652675248104973
9.49399900000003,1.6943680085230748,1.7314552098834253,1.7239870432019493
9.496096000000023,1.6934663752955392,1.7739809226420147,1.7650907581363648
9.49797000000001,1.6934663752955392,1.6506079087638277,1.7171864409372486
9.499939999999981,1.6934663752955392,1.6857832422291306,1.6941134955319694
9.501926000000026,1.6928241830477713,1.6674014126660102,1.7639883715945464
9.503910000000019,1.6928241830477713,1.703775202051919,1.6330936924826178
9.506252000000018,1.6928241830477713,1.6731420525582679,1.589045893469852
9.507864999999981,1.6916117332146285,1.7273512587644366,1.6231429712051688
9.509847999999977,1.6916117332146285,1.6220469412209229,1.6053269403520032
9.511841000000004,1.691608414642535,1.700199327066294,1.648274241799238
9.513809999999978,1.691608414642535,1.6217359393561122,1.684600514556387
9.515911000000017,1.691608414642535,1.7500427373199323,1.6638174176572802
9.517774000000031,1.691611086628004,1.6784826045122005,1.5701536649309147
9.519747999999993,1.691611086628004,1.683442232233183,1.67861136184237
9.52173399999998,1.691611086628004,1.7330261941390803,1.6879707018577952
9.523719000000028,1.6910916624330437,1.7014596827609736,1.725343591251746
9.526044000000013,1.6910916624330437,1.691360895622014,1.7468319704846447
9.527676000000042,1.6910916624330437,1.6611671983508758,1.7246254835435293
9.52966200000003,1.6907020290846466,1.6804111227868976,1.5566888828454977
9.531639000000041,1.6907020290846466,1.642251883685392,1.6548115604492275
9.533623000000034,1.6907020290846466,1.6404575378246773,1.6648578139580095
9.535716999999977,1.6891871264922134,1.7063735105368538,1.6326794257371915
9.537586999999974,1.6891871264922134,1.6222665412941408,1.7682001862759797
9.539573000000019,1.6881143974002621,1.6773656799317394,1.6664519587268314
9.541543999999988,1.6881143974002621,1.6996859241194984,1.6376077504366755
9.54353100000003,1.6881143974002621,1.7053470089976945,1.7131678751565365
9.545867999999984,1.6866541466656018,1.5715635737748161,1.608384192921584
9.547487999999987,1.6866541466656018,1.6534479944899034,1.6379409937327751
9.549478000000022,1.6866541466656018,1.7276801240197086,1.7061626197029507
9.551458000000025,1.6850561983325536,1.7139886124194064,1.6365325565408393
9.553431000000046,1.6850561983325536,1.687224474818019,1.7697060348340359
9.555540000000008,1.6850561983325536,1.658787000762219,1.7150269914531968
9.557401999999968,1.6840522210112463,1.6743259670451802,1.6883187879253843
9.559374999999989,1.6840522210112463,1.703052213158697,1.6977219579971343
9.561363999999969,1.6830665288188373,1.6644933344676864,1.612403795094063
9.563341999999977,1.6830665288188373,1.7082634731105197,1.6807111731840696
9.565667000000019,1.6830665288188373,1.73049466916415,1.6209947800589917
9.567298999999991,1.682674334678394,1.6656164939421452,1.7438216426125877
9.56928899999997,1.682674334678394,1.7107911967268903,1.7871438885846471
9.57126199999999,1.682674334678394,1.6565673389329116,1.6200805656671875
9.57324299999999,1.682268862986064,1.664304765301726,1.6567464105194474
9.575347000000022,1.682268862986064,1.7117795001429286,1.6913394948563685
9.57720599999999,1.682268862986064,1.7792863861270405,1.742129928352494
9.57918600000005,1.6821603331805284,1.6714812028654535,1.7832244061175324
9.581176000000028,1.6821603331805284,1.8011773617238613,1.6814778911496655
9.583150999999987,1.6826662214356942,1.6555046347948423,1.7561337994410886
9.585507000000064,1.6826662214356942,1.735576298615059,1.6890112227880754
9.58711100000005,1.6826662214356942,1.7345771801607421,1.6630320299816876
9.589092999999991,1.6831426664707398,1.7457180612241496,1.6068800470288125
9.591078000000039,1.6831426664707398,1.6648806179978914,1.6488459696725595
9.593054999999993,1.6831426664707398,1.7090161659125234,1.682860376770494
9.595151999999985,1.683375317272607,1.6925240057711053,1.6616702283056526
9.597016999999994,1.683375317272607,1.6760200462659987,1.819438896263949
9.599009000000024,1.683375317272607,1.6799277992472132,1.6974509411479377
9.600978999999995,1.68283009047154,1.6140835281066424,1.6703814892167221
9.602960999999993,1.68283009047154,1.6793679835841588,1.6065355608841991
9.605299000000002,1.68283009047154,1.6623527783531697,1.6632554163862594
9.606921999999997,1.6821627801894337,1.6708274511144146,1.6536184739655297
9.608904000000052,1.6821627801894337,1.6215012287746897,1.6776915066836438
9.610893000000033,1.6809823923987761,1.665910073916363,1.7763394333953757
9.612866999999994,1.6809823923987761,1.6952922932150443,1.7146064639100438
9.614961999999991,1.6809823923987761,1.636283265034286,1.697965944503317
9.616828000000055,1.6799593201237364,1.696156313615423,1.6669878486785132
9.618820999999969,1.6799593201237364,1.6857102493423772,1.66181171508303
9.620790999999997,1.6799593201237364,1.6628506814673631,1.6958468372504394
9.622771999999998,1.6788782585016107,1.7079528790153504,1.7087797309093884
9.625122000000033,1.6788782585016107,1.7274106394486404,1.7111117736514863
9.626749000000018,1.6788782585016107,1.656722362594613,1.7226090496874056
9.628715,1.6789013181153265,1.643987475089521,1.7242419747222153
9.630698999999993,1.6789013181153265,1.710041786371573,1.6119412860320579
9.63268800000003,1.6789011105879934,1.6489675675311377,1.6929154995879876
9.63477400000005,1.6789011105879934,1.6187947097869941,1.7378809449659292
9.636641999999995,1.6789011105879934,1.7140410010298732,1.6532140937520186
9.638622999999995,1.6786912877668658,1.6522487941621598,1.6374166647565516
9.640603999999996,1.6786912877668658,1.7044208601255588,1.5896812507094518
9.642584999999997,1.6786912877668658,1.612508251465556,1.6325705783515776
9.644912999999974,1.679129318162617,1.691182939353202,1.6681537938228481
9.646552000000042,1.679129318162617,1.6794804625374136,1.7352774654927607
9.648538999999971,1.679129318162617,1.7196165003955197,1.6060250283205975
9.650518000000034,1.6791258356808398,1.592339219643514,1.7372762734439806
9.652491000000055,1.6791258356808398,1.6142748008616632,1.6833031874488826
9.654600000000016,1.6791258356808398,1.740216884814049,1.6044207175721816
9.656461999999976,1.6800580292386809,1.6751952328074888,1.7122314414765607
9.658434,1.6800580292386809,1.622535621932324,1.7131326253012797
9.660415000000057,1.681100216986454,1.7012514722112824,1.6924699175828226
9.662400999999988,1.681100216986454,1.6557304163189883,1.7019886133887876
9.664728999999966,1.681100216986454,1.645555982960342,1.7179987367032552
9.666361999999992,1.681480235558936,1.7641796745791076,1.6901688781643935
9.668344000000047,1.681480235558936,1.6584641612751934,1.728132995165649
9.670325999999989,1.681480235558936,1.58177236813357,1.6199532652324786
9.672301000000004,1.681070509973176,1.663887631123015,1.699314908206084
9.674396999999999,1.681070509973176,1.6408299139486768,1.6999831594690091
9.676269999999988,1.680956261031649,1.5621309954907432,1.735638388228005
9.678246000000058,1.680956261031649,1.7137195001877026,1.7158966674502476
9.68023199999999,1.680956261031649,1.7432375412157834,1.6611077429417107
9.682217999999978,1.6808900302226224,1.6979170403831014,1.7108728393385235
9.68453500000004,1.6808900302226224,1.6715334491670542,1.639386582534015
9.686177000000043,1.6808900302226224,1.6574275793306,1.6346965958397193
9.688167000000021,1.6795734971118441,1.6689723056634458,1.6756382683559599
9.690132000000062,1.6795734971118441,1.7216896574426592,1.6296705028332032
9.692114000000004,1.6795734971118441,1.573995768708822,1.6671075372596256
9.694215000000042,1.679716936680897,1.6773855228383043,1.7126792350449236
9.696077000000002,1.679716936680897,1.7312221870966011,1.7257701901894562
9.698063999999988,1.679716936680897,1.6120004368694008,1.62653740543725
9.700039000000004,1.6794704269394052,1.7244598098030888,1.575786216790683
9.702024000000051,1.6794704269394052,1.7589675756881402,1.631334594209294
9.704352000000029,1.6795675668740329,1.6497012353898262,1.6620038284020864
9.705983000000003,1.6795675668740329,1.6109193410487177,1.7944731137072631
9.707975000000033,1.6795675668740329,1.6476429190828126,1.6436997946473098
9.709958000000029,1.6805302721083328,1.6972177024580193,1.7676313731563071
9.711927000000003,1.6805302721083328,1.8040337310194936,1.7178498211767272
9.714021000000002,1.6805302721083328,1.6409467357849903,1.6777449331361634
9.715888000000007,1.6807416505762625,1.6436357722605166,1.6728780528280447
9.717870000000005,1.6807416505762625,1.6744740853339957,1.739784525029166
9.719851000000006,1.6807416505762625,1.686589382641782,1.6525055501755574
9.72183300000006,1.6816034827560058,1.6803526710278427,1.7773301524740934
9.724163999999973,1.6816034827560058,1.5978277991573822,1.7116010632455563
9.72580499999998,1.6816034827560058,1.6199175295974029,1.6667135196476837
9.727787999999975,1.6830813542715979,1.7232639217488877,1.6913449311701823
9.729757000000063,1.6830813542715979,1.74708132598782,1.7398530608699831
9.731747000000041,1.6830813542715979,1.6163088569350652,1.7726667807486685
9.733832000000007,1.6845362431482205,1.745186442141063,1.7049364112887322
9.735700000000008,1.6845362431482205,1.5681171377716072,1.661705120134561
9.737682000000007,1.6851993875691738,1.6981353537184147,1.698573186962711
9.739663000000007,1.6851993875691738,1.6682209745474652,1.6298587284933208
9.741644000000008,1.6851993875691738,1.7025275060381433,1.723484678983262
9.743989,1.6853937922124023,1.6170713911457593,1.6539458800003746
9.745607000000007,1.6853937922124023,1.7253690663478554,1.6632287191436337
9.747597999999982,1.6853937922124023,1.6692166343143615,1.7321050683753314
9.749573999999996,1.6853860273157717,1.6462171508427232,1.730077416525959
9.751550000000009,1.6853860273157717,1.6618145515069616,1.6432959338851636
9.753646000000003,1.6853860273157717,1.7215154193929827,1.6986057988606278
9.755511000000013,1.6846127789136645,1.6806665281305362,1.6899899469869883
9.75749300000001,1.6846127789136645,1.7001924965558715,1.6542307724677145
9.759475000000009,1.6846502283642169,1.718514458894812,1.6968514280593416
9.76145600000001,1.6846502283642169,1.6478346776418422,1.6849365040366195
9.763779999999997,1.6846502283642169,1.652361397528899,1.6730843920645184
9.765418000000011,1.6850440617454845,1.8137540645444163,1.7313602709663227
9.767399000000012,1.6850440617454845,1.617261421252757,1.6206834375996806
9.769386999999995,1.6850440617454845,1.5775715713188103,1.6657466526321747
9.771361000000013,1.6851913109900925,1.6450147146244685,1.656011354875197
9.773457000000008,1.6851913109900925,1.6685767173075,1.620477274234387
9.775334000000043,1.6859561203937312,1.721797358912935,1.6952410130271047
9.777305000000013,1.6859561203937312,1.6517822373917261,1.6428666195269808
9.77928700000001,1.6859561203937312,1.723497535829033,1.6565977308699433
9.781277999999986,1.6869032833984767,1.66178144269812,1.7204958577882417
9.783613000000003,1.6869032833984767,1.7114926715204473,1.6084938777576736
9.785230000000013,1.6869032833984767,1.7411938869495185,1.7151451558297075
9.787210000000016,1.686970629059649,1.6545201163195935,1.7591871373679766
9.789201999999989,1.686970629059649,1.7283490911892452,1.7029348349878692
9.791178000000002,1.686970629059649,1.6280287955627295,1.7270496030627112
9.793268000000012,1.6889638083541598,1.691232193904377,1.8208496149938438
9.795136000000014,1.6889638083541598,1.6974601115246848,1.701714625950514
9.797118000000012,1.6889638083541598,1.6944840351443928,1.709844016152871
9.799098000000015,1.6905605922038365,1.7017547680603589,1.743789574351708
9.801086999999995,1.6905605922038365,1.6995589782363536,1.666422759624043
9.803406999999993,1.6920094361840239,1.5399477500444454,1.656241699592517
9.805042000000014,1.6920094361840239,1.6997418391318766,1.6913827273310913
9.807027000000005,1.6920094361840239,1.6076946993433316,1.6778688161375295
9.809016999999983,1.6920094361840239,1.6610231031147065,1.631655507995542
9.810985000000016,1.6932366550051703,1.7322792363743607,1.6292492051432945
9.813080000000014,1.6932366550051703,1.7172783337370339,1.6248400314025377
9.814956999999993,1.6930862448800852,1.7650659117247252,1.667850406747221
9.816929000000016,1.6930862448800852,1.7112536539742291,1.6394315624965026
9.818910000000017,1.6930862448800852,1.6525318637365456,1.7215679605368805
9.820891000000017,1.6942467955542646,1.6273581855110886,1.766100196093087
9.82322899999997,1.6942467955542646,1.7521986442931472,1.7191166535228912
9.824856000000011,1.6941902276944438,1.6384442291709969,1.6585432404308003
9.826835000000017,1.6941902276944438,1.6336900290611613,1.8016090745080773
9.828823,1.6941902276944438,1.695331161576726,1.664952272635067
9.830803000000003,1.6942237583761055,1.7520868259874844,1.673315438080973
9.832891000000018,1.6942237583761055,1.6956688822570363,1.6809362336854343
9.834760000000017,1.6942237583761055,1.6764761336206302,1.742297098982872
9.836749999999995,1.6948106151901858,1.6552854846861151,1.6543397707587382
9.838722000000018,1.6948106151901858,1.7118844556701067,1.7800338344765287
9.840703000000019,1.6948106151901858,1.6031840413477438,1.6003253767245706
9.843025000000011,1.6951274435292267,1.6218653675915278,1.6607185811877705
9.844666000000018,1.6951274435292267,1.652954736439472,1.7405002910971843
9.846654999999998,1.6951274435292267,1.6543818179362813,1.8173971945609273
9.848627000000022,1.696072767444914,1.6643980569385455,1.77526990526071
9.85061300000001,1.696072767444914,1.7420214181458031,1.727077693958122
9.852706000000012,1.69690270135109,1.7599257819872554,1.657309104073193
9.854572000000019,1.69690270135109,1.6486064249052763,1.6665813415225255
9.85655300000002,1.69690270135109,1.6813675155938441,1.7368358452306007
9.858532999999966,1.6978267775406695,1.657197352970227,1.738455478888921
9.86051500000002,1.6978267775406695,1.6660963065286978,1.6783733055308045
9.862847999999985,1.6978267775406695,1.7223730954850975,1.6782472060552989
9.864486999999997,1.6996243984011057,1.7540686569944737,1.7553121338385484
9.86645900000002,1.6996243984011057,1.7598085773556533,1.7404347930627262
9.868449999999996,1.6996243984011057,1.699788877341679,1.7199799314876245
9.870429999999999,1.701852377633619,1.6085667025090424,1.667264801371201
9.872521000000006,1.701852377633619,1.631876212212785,1.7246736489672745
9.874392,1.701852377633619,1.6138885536502712,1.6808850465976002
9.876364000000024,1.7035842744626517,1.752561568686618,1.70344072579492
9.878346000000022,1.7035842744626517,1.6699372868354194,1.7151058591823265
9.880326999999966,1.704248009766619,1.708825490722896,1.7343968832802947
9.882649000000015,1.704248009766619,1.7780345968886788,1.6066708919476411
9.884290000000021,1.704248009766619,1.6485080385673168,1.7569198762866034
9.886271000000022,1.7057421859719235,1.6884582114926627,1.7549835268608398
9.888255000000015,1.7057421859719235,1.7075926427967154,1.743262144351258
9.890258000000017,1.7057421859719235,1.6311780953590982,1.7257411636461568
9.89234700000003,1.7060362781596197,1.744798177395239,1.6422116894671361
9.894199000000015,1.7060362781596197,1.7642341758442341,1.7547701562649356
9.896188999999993,1.7060362781596197,1.738277051502926,1.6794830272949783
9.898159000000021,1.7056055015899936,1.73855774355169,1.672497383795108
9.90014199999996,1.7056055015899936,1.7087618841744543,1.8047397612275509
9.902475000000038,1.705978876237812,1.722279505422816,1.7205656193674268
9.90411000000006,1.705978876237812,1.7647253891981112,1.6943745097020513
9.906085000000019,1.705978876237812,1.7589795060710272,1.6830669786928707
9.908065999999963,1.706174803855485,1.725343405364517,1.7158736017934042
9.910054000000002,1.706174803855485,1.6620228914655402,1.6700420418881579
9.91214500000001,1.706174803855485,1.5748840113131042,1.5843816594728384
9.914008000000024,1.706699518944022,1.772635300763434,1.6502774457974139
9.91599100000002,1.706699518944022,1.7896543776173273,1.7066535764629878
9.917979000000003,1.706699518944022,1.6761072693570032,1.745375907509805
9.919951999999967,1.707223666696135,1.7634548899477076,1.7395554686768016
9.92228,1.707223666696135,1.5985792255604325,1.7399501369768136
9.92391600000002,1.708678303354496,1.7435137382988124,1.6643968071963917
9.925905,1.708678303354496,1.7280997979378159,1.7200012807144882
9.927879000000019,1.708678303354496,1.6755570235063522,1.7427622752521574
9.92986000000002,1.7093944020289813,1.807295901531336,1.7450319173961897
9.931958000000009,1.7093944020289813,1.6959365025444846,1.6824665239099914
9.93382200000002,1.7093944020289813,1.7556885145007826,1.740756369196746
9.935801000000026,1.7108833652137654,1.8039488608449366,1.7173403882121763
9.937784000000022,1.7108833652137654,1.7047280299681071,1.6937461052236267
9.93977300000006,1.7108833652137654,1.7547940766940382,1.6576949030169104
9.942095999999992,1.7124392820262408,1.7100356966651755,1.7007686290378954
9.943728000000021,1.7124392820262408,1.728461253679914,1.6803270196922553
9.945716000000004,1.7124392820262408,1.663663555937507,1.6623235432986785
9.947686000000033,1.7139858833621004,1.7204670347240492,1.6971925774561327
9.949672000000021,1.7139858833621004,1.7224852953577168,1.6920125951043767
9.95177300000006,1.715305391560698,1.7209280527960051,1.82699046657272
9.953642000000002,1.715305391560698,1.773085046333491,1.7600245333792073
9.95561200000003,1.715305391560698,1.7291243512831802,1.683352991349038
9.957592999999974,1.7161931005584206,1.6646506498563314,1.7717429394396293
9.959584000000007,1.7161931005584206,1.742961662836285,1.7377326310919907
9.961906999999997,1.7161931005584206,1.6865223752708949,1.6486632912520243
9.963536000000033,1.7164241900003907,1.7254763265128565,1.7206119095080663
9.965518000000031,1.7164241900003907,1.7228866938924328,1.7285372514247284
9.967499000000032,1.7172925801392493,1.7526850077778606,1.7035928761598171
9.969480000000033,1.7172925801392493,1.7270177794966157,1.6272163547621925
9.97157599999997,1.7172925801392493,1.7473351644235446,1.6110307240083455
9.973455000000001,1.7173617927724854,1.724585603540545,1.754236579070772
9.975422999999978,1.7173617927724854,1.8323282303425314,1.7210514150640512
9.977405000000033,1.7173617927724854,1.7004719242224842,1.682603784240998
9.97938499999998,1.7172103141499695,1.690375588953275,1.7701415127013624
9.981719000000055,1.7172103141499695,1.7481880222618806,1.720329229026576
9.983349000000032,1.7172103141499695,1.6957923084372724,1.6576328668072986
9.985329000000036,1.7174755986000716,1.7574621709706806,1.7255629920449749
9.987315999999964,1.7174755986000716,1.6569517341484326,1.7606166666306904
9.989292000000034,1.7174755986000716,1.7258481876513045,1.6075952158548432
9.991385999999977,1.7179507271979417,1.7417201487123244,1.7711950216870997
9.993265000000008,1.7179507271979417,1.6630956263884085,1.775289640262213
9.995245000000011,1.7179578425299133,1.7381685490338215,1.745731572516742
9.997216000000037,1.7179578425299133,1.6206936494114326,1.7149036475003079
9.999203000000023,1.7179578425299133,1.720386007301472,1.731259229481409
10.001529000000005,1.7193368498360544,1.7793571573926297,1.6725834651739766
10.003161000000034,1.7193368498360544,1.6771880115975546,1.6757092581606952
10.005141999999978,1.7193368498360544,1.7165890061351639,1.792018075611289
10.007124999999974,1.720125074949997,1.6787602399520107,1.6928596919280172
10.00910399999998,1.720125074949997,1.7554646158804104,1.7000651673712621
10.011199000000033,1.720125074949997,1.7612375360343744,1.7562006410513487
10.013072000000022,1.7211707131590066,1.7487466789470627,1.622911556159751
10.015054999999961,1.7211707131590066,1.7593513616459093,1.691599390173261
10.017034000000024,1.7211707131590066,1.6881958650490434,1.6967030771368534
10.01900900000004,1.722678255608499,1.7183509831223167,1.724216471442065
10.021346999999992,1.722678255608499,1.6652801356654277,1.7518561574626392
10.022971999999982,1.7238216338037116,1.6787791255492925,1.719609748868205
10.024954000000037,1.7238216338037116,1.7148717654742482,1.7250856465095528
10.02693499999998,1.7238216338037116,1.7837571307897748,1.650656940666345
10.02891500000004,1.7247498876283769,1.6822319771685295,1.5919972103558266
10.031010999999978,1.7247498876283769,1.7411209417659839,1.7118269800627672
10.03287800000004,1.7247498876283769,1.681675405531655,1.680409815647079
10.034874000000002,1.725604855519094,1.666386728083596,1.7115519021349848
10.03684000000004,1.725604855519094,1.7949516609213725,1.747074099630681
10.038831000000016,1.725604855519094,1.7831056803500045,1.6592473208620089
10.041146999999967,1.7255962241124736,1.6869954515564136,1.794390550004041
10.042793000000017,1.7255962241124736,1.7093762704753133,1.7541502368937703
10.04477300000002,1.7259510279106638,1.7350569785860244,1.7175533071292386
10.046747000000039,1.7259510279106638,1.6761827787053027,1.7429984406321934
10.048727999999983,1.7259510279106638,1.751713061409147,1.695894862441819
10.050825999999972,1.725786552621282,1.64619463501326,1.6949205902659983
10.052689999999984,1.725786552621282,1.6997856242364249,1.6279499201040806
10.05467200000004,1.725786552621282,1.7084186143994091,1.605885941990848
10.05665799999997,1.7256731020312455,1.7485318338521332,1.721361327726422
10.058634999999981,1.7256731020312455,1.7885965150598093,1.6402122824821423
10.060983000000022,1.7256731020312455,1.6730092454865573,1.7603339688177146
10.062595000000044,1.725457455607295,1.717992203000363,1.7125257477289968
10.064576999999986,1.725457455607295,1.7536133904863989,1.6965249807850824
10.066569000000015,1.725457455607295,1.7205623171972189,1.68909158179868
10.068547000000024,1.725450410467273,1.714728061708217,1.6199451918980647
10.070648000000062,1.725450410467273,1.7648500058931103,1.748923793752018
10.07250300000004,1.7252806500364104,1.6309271096259819,1.7512604186591274
10.074488999999971,1.7252806500364104,1.7130593681586128,1.6629970204351023
10.076464000000044,1.7252806500364104,1.7268540406181787,1.749807658476523
10.07844399999999,1.726101410535938,1.723484582187845,1.6589184246518904
10.080779000000007,1.726101410535938,1.6855064320404314,1.64694756886729
10.082418000000018,1.726101410535938,1.7692187325597928,1.790888868092528
10.084393000000034,1.7269477092650958,1.7402351333559656,1.6367659785662225
10.086371000000042,1.7269477092650958,1.5594168557136847,1.6342711897496007
10.088355000000035,1.7269477092650958,1.7562472003651266,1.6845032744809139
10.090449000000035,1.7277740544432332,1.7191016983292629,1.753054952022103
10.09232400000002,1.7277740544432332,1.7708189124664255,1.7058315447585863
10.094295000000045,1.728653826582491,1.7945010816921463,1.7797175270594061
10.096281999999974,1.728653826582491,1.7317619590892663,1.788837020634614
10.098258000000044,1.728653826582491,1.6897603041651432,1.7243653756961486
10.100596999999993,1.7296587571521729,1.7745905096199777,1.7037904698748283
10.10222600000003,1.7296587571521729,1.8031887843497545,1.773085682257119
10.104200999999989,1.7296587571521729,1.7458382647062967,1.7839019169649102
10.106182999999987,1.7306018717436131,1.7277735836303703,1.6681684038726088
10.10816299999999,1.7306018717436131,1.7777144260474076,1.77868935400146
10.110275999999999,1.7306018717436131,1.6877124395243155,1.7057658651538468
10.112132000000031,1.731059003773936,1.7360045396749377,1.7251498376593901
10.11410699999999,1.731059003773936,1.7088163455129888,1.7786171107597943
10.116105000000061,1.731059003773936,1.7596067396473047,1.6906813038930868
10.118068999999991,1.7306113277612145,1.720265362112424,1.78517087465144
10.120394000000033,1.7306113277612145,1.7219644049624574,1.6686121904285525
10.12203199999999,1.731026608246656,1.759413840926713,1.732815805185257
10.124013000000048,1.731026608246656,1.8001669496857506,1.656390035683412
10.125993999999992,1.731026608246656,1.7630533811708897,1.7097047392260585
10.127974000000052,1.730761849256701,1.7717350891000379,1.782015766386972
10.130073000000039,1.730761849256701,1.783231645542584,1.638165020535625
10.131948000000023,1.730761849256701,1.7155123597929731,1.6490070349877477
10.133918999999992,1.7302412157754725,1.7406203057105993,1.7793949528005648
10.135906000000034,1.7302412157754725,1.7248858168183046,1.7035381558892582
10.137891000000025,1.7302412157754725,1.7307689311901382,1.7158172873730404
10.140231000000028,1.7295599047951622,1.7115673809207637,1.7664588905902112
10.141842999999994,1.7295599047951622,1.721507861749324,1.7631659346415893
10.143835000000024,1.7295599047951622,1.7156707359013388,1.6649974674803425
10.145807999999988,1.7290749630732698,1.6925614967567453,1.7246702152615974
10.147786999999994,1.7290749630732698,1.6062172175947182,1.7326034058149475
10.149884999999983,1.7288662557554313,1.730618007169675,1.720323377864948
10.151749999999993,1.7288662557554313,1.8066577550352017,1.6928205111630354
10.153738000000033,1.7288662557554313,1.755004750594329,1.7463655462364576
10.155711999999994,1.7287984851125804,1.721318172013174,1.6993412850588885
10.157699000000036,1.7287984851125804,1.6624629668261124,1.73491932178925
10.160029000000009,1.7287984851125804,1.685277849521907,1.7261150992265257
10.161654999999996,1.7295963577134392,1.6383685767814125,1.750080832706628
10.163636999999994,1.7295963577134392,1.7496561750338058,1.6433893214195134
10.165628000000027,1.7295963577134392,1.689522841376732,1.7379562742669843
10.167599000000052,1.7303687808029842,1.786105926038903,1.8043054635187405
10.169697000000042,1.7303687808029842,1.6139329870648438,1.7865922284593208
10.171561000000054,1.7307684019760994,1.703586161112897,1.6990893047913007
10.173551000000032,1.7307684019760994,1.7801894570156678,1.7481361211212865
10.175524999999993,1.7307684019760994,1.6649317955384826,1.7061603877131508
10.177510999999981,1.7311461728438309,1.6647083767377262,1.6958627652752605
10.17984400000006,1.7311461728438309,1.7006983963544196,1.7400849819908106
10.181475000000034,1.7311461728438309,1.6729992105190181,1.7191845854775964
10.183447000000058,1.731879997022079,1.7094398841756198,1.6334495988594895
10.185429999999997,1.731879997022079,1.6168497974165912,1.778691788048828
10.187421000000029,1.731879997022079,1.7889622086060935,1.7522306212551448
10.189518000000021,1.7323799818689931,1.7697699428310774,1.7747447845742454
10.191372999999999,1.7323799818689931,1.7024962958009395,1.7611592038330666
10.193354,1.7318671424481236,1.6369528279370429,1.78814519702541
10.195339000000047,1.7318671424481236,1.6844631812659276,1.7562087597325493
10.19732300000004,1.7318671424481236,1.7659306098144831,1.676285764241721
10.199648000000025,1.7318639137721652,1.767807439194721,1.6748824336880352
10.201278000000002,1.7318639137721652,1.6973845511117667,1.7096342402652513
10.20326,1.7318639137721652,1.7515308621568375,1.687801840446595
10.205241000000058,1.7314078476790502,1.6517489483104668,1.615758986967206
10.207222000000002,1.7314078476790502,1.7238501344461294,1.6792802049104858
10.20933500000001,1.7314078476790502,1.6637504710636355,1.7873296655454616
10.21118899999999,1.7309104415362278,1.7458509453243845,1.6767719026371573
10.213166000000001,1.7309104415362278,1.705700190031031,1.7425138003783702
10.215159000000028,1.7309104415362278,1.714286141821788,1.68829948921011
10.217133999999987,1.7299544986720894,1.7259950892642058,1.730745709060579
10.219471999999996,1.7299544986720894,1.6372205676173992,1.7113466446785512
10.221091000000001,1.7291126875313207,1.727198024562496,1.690261808965472
10.223072000000059,1.7291126875313207,1.783545453978994,1.7484710470533247
10.225063000000034,1.7291126875313207,1.7318854389296257,1.7029858559217577
10.227033000000006,1.7284881085051187,1.7794522147174086,1.6690795791932773
10.229133000000047,1.7284881085051187,1.7070703827597205,1.7229444135080616
10.231007000000034,1.7284881085051187,1.7396087251134373,1.8022028844918
10.232980000000055,1.7279386090508777,1.7449499099410175,1.6908682469694287
10.234959000000003,1.7279386090508777,1.7587617359969643,1.72258186837217
10.236949999999979,1.7279386090508777,1.7741371063538964,1.7648466427659872
10.239276000000018,1.7284638839250441,1.6583046779934112,1.7290068976338016
10.240903000000003,1.7284638839250441,1.6892694314023704,1.6542686364467678
10.242884000000004,1.7289618176866632,1.7531657094197208,1.6670399368564712
10.244865000000004,1.7289618176866632,1.7472432604295274,1.6335768229361702
10.246847000000002,1.7289618176866632,1.7275741104247244,1.7173146873384446
10.248954000000026,1.7288277750321424,1.859637934899781,1.660268992170748
10.250809000000004,1.7288277750321424,1.733534324589047,1.6900760210896546
10.252790000000005,1.7288277750321424,1.7433326541915057,1.741011798023421
10.254777999999988,1.7295684802389786,1.6619642735534403,1.7187826872647047
10.256752000000006,1.7295684802389786,1.7766879684872732,1.6428970675960377
10.259113000000013,1.7299857676089327,1.73456655114504,1.7209755399237157
10.260714000000007,1.7299857676089327,1.7331001179248342,1.7242102840399505
10.26269700000006,1.7299857676089327,1.8248967681720658,1.8013504962027764
10.264684999999986,1.7299857676089327,1.7215342572561334,1.7355833262043816
10.266658000000007,1.7298037315460995,1.7855786827420925,1.7734491525163236
10.268758999999989,1.7298037315460995,1.7848671915923098,1.8225472542807983
10.270620000000008,1.729412655369943,1.719739707014599,1.7895004985005836
10.272602000000006,1.729412655369943,1.6576081296558225,1.6730527534537782
10.274583000000064,1.729412655369943,1.6975559222206338,1.7179149234964635
10.27657400000004,1.729154694105202,1.7845184343876737,1.8713060698521926
10.278900000000021,1.729154694105202,1.7095936519182326,1.685702601059708
10.280543000000023,1.729154694105202,1.6666334046082083,1.725001334568879
10.282513000000051,1.728344825408701,1.7354180711385456,1.7748298771971422
10.284489000000008,1.728344825408701,1.674532206443993,1.7477833555136528
10.286475999999993,1.728344825408701,1.6815863473192643,1.7038497209977579
10.288572000000045,1.7274097958929029,1.6767868494569564,1.7752234749844227
10.29043200000001,1.7274097958929029,1.77630998678766,1.657819790836453
10.29241300000001,1.7263652614338922,1.7891161859019504,1.7057396224987909
10.294394000000011,1.7263652614338922,1.6581903671628608,1.7489798838214676
10.29637600000001,1.7263652614338922,1.7366296847829557,1.6733167639246578
10.298720000000003,1.725342907481253,1.7506113699730808,1.7902093216129809
10.300341000000003,1.725342907481253,1.6905060117787893,1.7588366994683449
10.302330999999981,1.725342907481253,1.6848805320778983,1.7891110969604629
10.30430899999999,1.7243939366710372,1.8063769837906536,1.822423416071146
10.306284000000062,1.7243939366710372,1.6611091891660434,1.7377784636755251
10.308383000000049,1.7236895249089126,1.7536026616444798,1.65428361017158
10.310246000000063,1.7236895249089126,1.7457219639217418,1.7424441250460503
10.312228000000005,1.7236895249089126,1.8431282855230269,1.738890782688562
10.314209000000005,1.7240040736296698,1.7802961392483005,1.7797052462629734
10.316190000000006,1.7240040736296698,1.6451812560713155,1.6850007089010397
10.318521999999973,1.7240040736296698,1.6622908921292185,1.65927509671423
10.320159000000046,1.7243673001664592,1.689453228122424,1.7080289225684142
10.322131000000013,1.7243673001664592,1.7280293451084845,1.7956017327619282
10.324123000000043,1.7243673001664592,1.6368796142767925,1.7373150760720062
10.326094000000012,1.7243062551626362,1.7416285287474018,1.713489496863909
10.328193999999996,1.7243062551626362,1.7370767088682832,1.7195918572429219
10.33006800000004,1.7243062551626362,1.702209713510213,1.7254461740336526
10.332046999999989,1.7249161845758563,1.7829443776569296,1.78205374916742
10.334021000000007,1.7249161845758563,1.7538995527905357,1.735818829247761
10.336002000000008,1.725142673738284,1.7844776076916675,1.8179038656377071
10.338342000000011,1.725142673738284,1.8558565644953293,1.725746434604222
10.339965000000007,1.725142673738284,1.6795568085973769,1.7231783529785054
10.341943000000015,1.7249508470742854,1.750702634914945,1.7701911907622159
10.343927000000008,1.7249508470742854,1.695966294379982,1.7269932778557442
10.345908000000009,1.7249508470742854,1.760490423187888,1.8520195442011524
10.348014000000035,1.7242779915188455,1.7040922272289991,1.6937574639767716
10.349871000000064,1.7242779915188455,1.705995698199887,1.709906867466235
10.351860000000045,1.7242779915188455,1.6717571855633189,1.638390416284276
10.35383900000005,1.7240032249675514,1.7500036076989867,1.7890693105397453
10.355812000000014,1.7240032249675514,1.8095549914619957,1.8183716470580624
10.358154000000013,1.7229751905775694,1.671067449037695,1.74140063464405
10.359774000000016,1.7229751905775694,1.621264847780171,1.7973614819535202
10.361761999999999,1.7229751905775694,1.7573313155573411,1.65124650943821
10.36373500000002,1.7219924553757047,1.7865582153444246,1.7633918007341773
10.365717000000018,1.7219924553757047,1.85121223128363,1.7517109766441943
10.367816000000005,1.7219924553757047,1.7158815661138689,1.822494117591172
10.369689999999991,1.7209630934269948,1.714614696239789,1.754793382940908
10.371661000000017,1.7209630934269948,1.7512877549165589,1.7536036996621727
10.373651999999993,1.7209630934269948,1.6774956872272797,1.7065931148010343
10.375626000000011,1.7196892037408056,1.6839115886503817,1.7702046743415067
10.377959000000033,1.7196892037408056,1.765126971533375,1.6546184591432873
10.379592000000002,1.7196892037408056,1.6514185727898711,1.702145821170686
10.381572000000062,1.7183877212103473,1.6680244952324474,1.7073712043082396
10.383548000000019,1.7183877212103473,1.6445871446374116,1.623561032612986
10.385538999999994,1.7183877212103473,1.682033816555205,1.7508144160356096
10.387627000000009,1.7178776799949858,1.7005236772006742,1.64156616861107
10.389492000000018,1.7178776799949858,1.7047200643058964,1.7757398410999028
10.391482999999994,1.7176985317424904,1.7064603634451336,1.6683478020393592
10.39345400000002,1.7176985317424904,1.7557560246921082,1.7146666606609993
10.395434999999964,1.7176985317424904,1.70914776690417,1.758853020217427
10.397761000000003,1.7179347133252132,1.677532579005718,1.8273045327120836
10.39940200000001,1.7179347133252132,1.6586667875429388,1.6924817130064864
10.401387,1.7173674221815014,1.6986906490818863,1.6853047662848246
10.403358999999966,1.7173674221815014,1.813491192870588,1.7729074135996634
10.405341000000021,1.7173674221815014,1.7303311346051378,1.7301340229542166
10.407445999999993,1.7180638952435003,1.803386914451663,1.7496941949455085
10.40930400000002,1.7180638952435003,1.6141140806382626,1.738811170623069
10.411288000000013,1.7180638952435003,1.670774676112436,1.7167270398951522
10.413275999999996,1.7182158923222024,1.627008048054069,1.7090429668704095
10.415247000000022,1.7182158923222024,1.7115985295835598,1.8036584580896942
10.417584000000033,1.7182158923222024,1.7413055399006636,1.6537452853496117
10.419215000000008,1.7183368578898601,1.7647277192153468,1.647628062863057
10.421200999999996,1.7183368578898601,1.7552979605811054,1.6729856802813112
10.423188000000039,1.7183368578898601,1.766118759057684,1.8059603316512287
10.425151999999969,1.7181830094954489,1.706680535230392,1.8224173184581232
10.427253000000007,1.7181830094954489,1.690160561438472,1.7657623354562042
10.429123000000004,1.7181830094954489,1.6715552082630334,1.627069044901185
10.431101000000012,1.7174043688325344,1.7953169648718363,1.7525396926704977
10.433078000000023,1.7174043688325344,1.7564366437716454,1.7151706230118517
10.435059000000024,1.7165664571595642,1.697148353501586,1.671520764189972
10.437384000000009,1.7165664571595642,1.7191447668437905,1.7912282988935209
10.439021000000025,1.7165664571595642,1.7677602423213576,1.7890234861520664
10.441009000000008,1.715499828546565,1.6804544496925153,1.6856136051028108
10.442988000000014,1.715499828546565,1.72883041160275,1.7686156523474321
10.444974000000059,1.715499828546565,1.7059460429251272,1.6886932590310102
10.447063000000014,1.7143431555558781,1.7779261541240738,1.7211534388683174
10.448927000000026,1.7143431555558781,1.6988729912665945,1.6489548394269051
10.450920000000053,1.713300703992448,1.7479999523211662,1.6769607115733092
10.452889000000027,1.713300703992448,1.6639842208877798,1.643741408247951
10.454871000000026,1.713300703992448,1.6583420842927028,1.693017301965527
10.457205999999985,1.7125752946878614,1.6513553732693764,1.6276551798856977
10.458833000000027,1.7125752946878614,1.7615098848462782,1.8494727914038527
10.460823000000005,1.7125752946878614,1.7449032961098188,1.685568881465575
10.462801000000013,1.7115660318976627,1.778281423588533,1.7309009596467149
10.46477699999997,1.7115660318976627,1.7432222314656478,1.7409502417030918
10.466875000000016,1.7115660318976627,1.7181357992421595,1.6341943281090443
10.468743000000018,1.7116344361310503,1.6978941844887525,1.7394672151944497
10.47073000000006,1.7116344361310503,1.763011069213936,1.677394632064811
10.472714999999994,1.7116344361310503,1.7429029619228134,1.724149433618058
10.474681000000032,1.7115007128650794,1.671503522774775,1.7105463866350497
10.47700900000001,1.7115007128650794,1.6833397561575199,1.6981237720683615
10.478652000000011,1.7117256505406522,1.719951409180203,1.6743960588373958
10.480635000000007,1.7117256505406522,1.7125030087755169,1.7771945242686107
10.482618000000002,1.7117256505406522,1.7513913699903843,1.7864617285671014
10.48459600000001,1.7124975512745997,1.7463791361402001,1.7447277206400882
10.486684999999966,1.7124975512745997,1.6743181840004784,1.7325673966062431
10.48855100000003,1.7124975512745997,1.6584961201924162,1.6676704816429175
10.49054000000001,1.7128263305581806,1.6304541998363742,1.737535966079048
10.49251300000003,1.7128263305581806,1.712801958682706,1.6932109726805198
10.494505000000004,1.7128263305581806,1.803240571141979,1.6245829843604969
10.496829999999989,1.712921267539399,1.7025059230477222,1.6878747726428172
10.498456999999974,1.712921267539399,1.7118945022376109,1.705513174143409
10.500448000000006,1.712921267539399,1.725772541112016,1.7616642744037632
10.502417999999977,1.712695354945367,1.7135539983120538,1.7234940796377611
10.504406000000017,1.712695354945367,1.6518560630435732,1.7067039818510725
10.506498000000022,1.7117997431048173,1.6773422428314153,1.7068913901427767
10.508362000000034,1.7117997431048173,1.699292159363377,1.7597430449272693
10.510356000000002,1.7117997431048173,1.7905443402313659,1.6620907597126144
10.512325000000033,1.711462314683476,1.7716130763234217,1.7191287472430623
10.514306000000033,1.711462314683476,1.654299799764141,1.769283942680075
10.516630999999961,1.711462314683476,1.7784115342030393,1.7176708537875318
10.518268000000035,1.7105007259971785,1.7977084576953155,1.702002930843689
10.52025900000001,1.7105007259971785,1.7327179940771678,1.7016564818080768
10.522233000000028,1.7105007259971785,1.6803522863854625,1.6170140603678556
10.524215000000027,1.7090350963076577,1.7123935151296241,1.7188434650109277
10.526309999999967,1.7090350963076577,1.7875164381585935,1.6475654874305516
10.52818400000001,1.7082353827527084,1.6517504470663351,1.7132873031683247
10.530168000000003,1.7082353827527084,1.687607943838732,1.6798105663640566
10.532136999999977,1.7082353827527084,1.7284054332932601,1.8069333482088896
10.534118000000035,1.7075145506328484,1.6900111837482994,1.692358689106123
10.536455999999987,1.7075145506328484,1.6232504124093297,1.597619786703053
10.538080000000036,1.7075145506328484,1.6497636771909727,1.704205510092337
10.540070000000014,1.707770963664336,1.6392733722862896,1.6378923441325692
10.542042999999978,1.707770963664336,1.6855271583941844,1.7287167201573577
10.544026999999971,1.707770963664336,1.797867756609776,1.7531051527792825
10.546127000000013,1.7078289752585538,1.7770844935587191,1.660123116134843
10.54798999999997,1.7078289752585538,1.7096274771351143,1.7240363116234774
10.549976000000015,1.7083251462199363,1.7407144311738445,1.7208067362014152
10.551949000000036,1.7083251462199363,1.7171397030439564,1.6560656222565584
10.553938000000016,1.7083251462199363,1.6987233682106657,1.6839971629742094
10.556260000000009,1.7088088874750536,1.7106921651929163,1.778828944273507
10.557890999999984,1.7088088874750536,1.6926998461247489,1.700487778334489
10.559887000000003,1.7088088874750536,1.6452124584151013,1.6922690381760743
10.561855000000037,1.7096874342645232,1.711199857232712,1.7180309123783841
10.56383599999998,1.7096874342645232,1.6697102311285323,1.6941964007985946
10.565958000000023,1.7096874342645232,1.6838299307448577,1.7018312399006659
10.567797999999982,1.7100186987537274,1.7330192497355807,1.7336506229299526
10.569788999999957,1.7100186987537274,1.6303482967419303,1.7180562364129566
10.571771000000012,1.7100186987537274,1.654407257843475,1.843131209301603
10.573741000000041,1.7101278925989998,1.70958892367682,1.7922978187878509
10.576080999999988,1.7101278925989998,1.6508313706066575,1.712947227139174
10.57770400000004,1.7095732119703564,1.677363901463007,1.7243610103807936
10.579694000000018,1.7095732119703564,1.7522608439999665,1.6553123844330457
10.581666000000041,1.7095732119703564,1.695520435416144,1.6792848921514325
10.58364800000004,1.7094320617597984,1.6716484870114707,1.7089921462126096
10.58576400000004,1.7094320617597984,1.7485942328740334,1.7614787241918481
10.58761000000004,1.7094320617597984,1.6226214523003557,1.7276748227716847
10.589602000000014,1.7091397654317373,1.6362086909917801,1.7217696554308943
10.591572000000042,1.7091397654317373,1.6401802597720836,1.69100350368623
10.59355800000003,1.7091397654317373,1.6750105677619485,1.6470658279325605
10.595880999999963,1.7084124550149185,1.6296312230828263,1.6741108718367477
10.597515999999985,1.7084124550149185,1.8003805334460397,1.681114119671668
10.599507000000017,1.7084124550149185,1.5783844101937234,1.7381891204901148
10.60148700000002,1.7081519079722998,1.728737658871031,1.7859142353435533
10.603459000000043,1.7081519079722998,1.6875614870913072,1.6655892303545392
10.605568000000005,1.707616535606023,1.7104698629848571,1.7150784438036717
10.607421000000045,1.707616535606023,1.678837097103835,1.795318902131067
10.609407999999974,1.707616535606023,1.6958313274265797,1.6990823002114999
10.611383000000046,1.7083885414690958,1.6584791101381418,1.7519369018870237
10.613366000000042,1.7083885414690958,1.7674086487310758,1.6424324983178151
10.615723000000003,1.7083885414690958,1.6423625671665634,1.8104999059630993
10.617326999999989,1.7091936788541904,1.7010013444385406,1.6767062270762458
10.619321000000014,1.7091936788541904,1.8285029398120014,1.6692436019929842
10.621299999999962,1.7091936788541904,1.7483188737584519,1.7992159028942267
10.62326999999999,1.7093658171996993,1.64740144969554,1.7564773195283792
10.625373000000025,1.7093658171996993,1.7730226998075105,1.6690929198464726
10.627239999999972,1.7109095818371234,1.7265222458365568,1.733526787321206
10.629215000000045,1.7109095818371234,1.6880655529174542,1.739803114705432
10.631195999999989,1.7109095818371234,1.750677980073701,1.651559384027664
10.633177000000046,1.7120292423990822,1.778068934483255,1.6576455890043573
10.635505999999964,1.7120292423990822,1.6750711134629002,1.7600356731137312
10.63713899999999,1.7120292423990822,1.6887558587576705,1.7451140192140362
10.639119999999991,1.7130475724058252,1.6877720584960942,1.656571303517307
10.641107000000034,1.7130475724058252,1.7409737965348084,1.7079301641134779
10.643092000000024,1.7130475724058252,1.7571311932012519,1.7496963329096167
10.645197000000053,1.7130051223785374,1.7447823262893478,1.7209282821165
10.64705200000003,1.7130051223785374,1.6645349680064327,1.6974973933743538
10.649037000000021,1.7130051223785374,1.807505480241177,1.6751088148973812
10.65100700000005,1.7132009982591259,1.6717613479129272,1.7388897862478334
10.652998000000025,1.7132009982591259,1.7264473916372134,1.709273662208854
10.655334000000039,1.7131200058970386,1.7041024358988524,1.7076781861522488
10.65695199999999,1.7131200058970386,1.6603644119488372,1.718622474854773
10.65893299999999,1.7131200058970386,1.7252806865952686,1.758614390224494
10.660913999999991,1.7132828267524378,1.7170411687679952,1.6143649318050726
10.662894999999992,1.7132828267524378,1.7483870588670618,1.6878462063782218
10.664993000000038,1.7132828267524378,1.7114138010125837,1.7299308230216133
10.666870000000017,1.713086661345236,1.7247144770292688,1.723032109612462
10.668836999999996,1.713086661345236,1.8034657694592435,1.811214764542954
10.670819999999992,1.713086661345236,1.703863883763822,1.729897839787129
10.672799999999995,1.7136763544245086,1.6314827822295779,1.7766989890631262
10.675125999999977,1.7136763544245086,1.7602554371006078,1.7558135098993397
10.67676300000005,1.7142988484237698,1.7576532318615097,1.7708962672864674
10.678753000000029,1.7142988484237698,1.6441238626418786,1.7047661474640305
10.680725999999993,1.7142988484237698,1.6530554301086544,1.6588709980537892
10.682708000000048,1.7150549280315475,1.6897871444473005,1.8130030004139404
10.684808000000032,1.7150549280315475,1.6687500766471215,1.7191904303954115
10.686673999999982,1.7150549280315475,1.6974208577891432,1.7068600103068394
10.688656999999978,1.716410418398045,1.7013142000486319,1.6644594667734507
10.690638000000035,1.716410418398045,1.7114950355112035,1.750010122240777
10.692622000000028,1.716410418398045,1.7799521152384696,1.5801991568835907
10.694950000000006,1.7176868807971921,1.8224162802849604,1.6384432302485348
10.696574999999996,1.7176868807971921,1.6549288039393308,1.6325570182532156
10.698567000000025,1.7176868807971921,1.7231519169412997,1.6584035822253531
10.700536,1.7191148785865702,1.773890391911419,1.702583170393137
10.702526999999975,1.7191148785865702,1.780887304252208,1.7531542324416038
10.704629000000011,1.7211844581504827,1.6486872477266057,1.7088135034613936
10.706480999999997,1.7211844581504827,1.7212652982906578,1.7691314698064953
10.708466999999985,1.7211844581504827,1.7670726062570106,1.83340427901673
10.710442000000057,1.7222997379938965,1.6804105953855992,1.7348751935717597
10.712429999999983,1.7222997379938965,1.6912183335401434,1.7744276690201113
10.714764000000002,1.7222997379938965,1.7689646840140087,1.7629059104660243
10.716388999999992,1.7230451105983773,1.699471741020429,1.7438598204755444
10.718371000000047,1.7230451105983773,1.753324440580698,1.658929694492745
10.720358999999974,1.7230451105983773,1.8083663138936148,1.7233088287645828
10.722330999999997,1.7235292701265221,1.7346392604944723,1.6802153349092916
10.724432000000036,1.7235292701265221,1.7063742522608825,1.7451566154375613
10.726296000000048,1.7241429866999172,1.757156807259057,1.743489021214805
10.728281999999979,1.7241429866999172,1.7459212410103526,1.7020504487799553
10.730255999999997,1.7241429866999172,1.6995632581916333,1.7598734893673136
10.732238999999993,1.7242379315688183,1.7291757489309476,1.707218810459727
10.734583000000043,1.7242379315688183,1.7636569118727037,1.7429401584198514
10.736208000000033,1.7242379315688183,1.7376967256256124,1.665774941997664
10.738190999999972,1.725385259899753,1.6813565562917694,1.6473689114412455
10.74016899999998,1.725385259899753,1.766387374319337,1.8004627163467117
10.742150999999978,1.727077880886936,1.7169916555249176,1.782079235761591
10.744253000000015,1.727077880886936,1.7114336849706147,1.752802871174202
10.746107999999992,1.727077880886936,1.64576010464598,1.685016174484992
10.748108000000002,1.7283930918429167,1.7962718790557959,1.6818704332885275
10.750067999999999,1.7283930918429167,1.755852464603764,1.662430873692745
10.752051000000051,1.7283930918429167,1.709034678437793,1.7217583922842314
10.754382000000021,1.7299997454390392,1.7617278757559858,1.7512467070795914
10.756013000000053,1.7299997454390392,1.7859732488885225,1.7069444268333853
10.757994999999994,1.7299997454390392,1.7743877862500432,1.8067634761756595
10.759986000000026,1.7319297496082335,1.7150749458037178,1.6224546506452406
10.761959999999988,1.7319297496082335,1.6845418651189485,1.7728610030998297
10.764054999999985,1.7343486923437204,1.7065258859636132,1.7283525923515815
10.76591400000001,1.7343486923437204,1.7522952318272715,1.7379516866287161
10.76790699999998,1.7343486923437204,1.6697879084202778,1.5906523771021368
10.769884999999988,1.7368968699154288,1.8271339540438698,1.7000749445378618
10.771867999999984,1.7368968699154288,1.7532814900713973,1.6765295503260054
10.77419500000002,1.7368968699154288,1.7907251637837203,1.801774812055802
10.775822000000062,1.7383390705879425,1.6938058959989162,1.7072834431801716
10.777804000000003,1.7383390705879425,1.7463436509831438,1.6431549519134503
10.779790000000048,1.7383390705879425,1.7092235528549973,1.754350678612053
10.781765000000007,1.7399220409251943,1.6496169065844064,1.7889063257361153
10.783868999999981,1.7399220409251943,1.7702399853773978,1.773505764692709
10.785730999999998,1.7399220409251943,1.8032850980515052,1.7377908544126486
10.787709000000007,1.7413278478418308,1.8604905611549913,1.778860437208441
10.789693999999997,1.7413278478418308,1.7563185458795363,1.6910362349400292
10.791682000000037,1.7413278478418308,1.7207323797629936,1.75586300705732
10.793997000000047,1.7422130871185508,1.7875399883790513,1.7653851285718445
10.795634000000007,1.7422130871185508,1.7069369088522512,1.7422799675992124
10.797616000000005,1.742851831208215,1.7135072301711827,1.7232046791002387
10.799601999999993,1.742851831208215,1.7393256213661543,1.695390038016521
10.801578000000006,1.742851831208215,1.6969725611869642,1.7117767568799653
10.803678999999988,1.745263738794522,1.7013324406807022,1.7993584265529565
10.805540000000008,1.745263738794522,1.8215809978755577,1.7084665109939994
10.807521000000008,1.745263738794522,1.701481525718816,1.7269033042295452
10.809508999999991,1.747421303750524,1.7762569493146774,1.7803302066671325
10.811499999999967,1.747421303750524,1.7056355327123722,1.6790717388365086
10.813836999999978,1.747421303750524,1.7399512496044232,1.7053000193173131
10.815454999999986,1.750138193704324,1.7680288126298693,1.6577803091325003
10.81742700000001,1.750138193704324,1.7559273616783242,1.8553241293725948
10.819410000000005,1.7522648636919231,1.7104058677697365,1.7354611872329733
10.821390000000008,1.7522648636919231,1.7969272398225822,1.7824757188877052
10.823487999999998,1.7522648636919231,1.7584828663887513,1.8616573429639502
10.82535200000001,1.7546199043726836,1.6694507088469517,1.6865364523286632
10.82734099999999,1.7546199043726836,1.8002342382575043,1.7486762292971287
10.829318999999998,1.7546199043726836,1.7583578739443066,1.7247695284924691
10.831301000000053,1.7576559212670175,1.749647259890677,1.7407749629354128
10.83362100000005,1.7576559212670175,1.7705971946938859,1.7595375200247145
10.83525800000001,1.7576559212670175,1.6735544698194709,1.8280632531640073
10.837238000000013,1.7612107831382167,1.720622415435024,1.7901269404311515
10.839220000000012,1.7612107831382167,1.770112373976304,1.8437468570322768
10.841210999999987,1.7612107831382167,1.7112928838163803,1.7655580438876113
10.843299000000002,1.7632126930025418,1.798168756245684,1.734861511441198
10.845172999999988,1.7632126930025418,1.699322398158729,1.8191231981124956
10.847152999999992,1.7632126930025418,1.7551759848892843,1.7332659458639497
10.849125000000015,1.7656353967047158,1.8339976535369644,1.7695849057046351
10.851113999999995,1.7656353967047158,1.7221867063098888,1.7938265115062402
10.853443000000027,1.76755528628102,1.7681557342702698,1.811806038591909
10.855070000000012,1.76755528628102,1.7217323688839916,1.7640095834759286
10.85705999999999,1.76755528628102,1.6902822037515433,1.8045276904405634
10.859041000000047,1.7690736985232154,1.7997810062131718,1.7355832088214342
10.861013000000014,1.7690736985232154,1.7665034871405838,1.7523607740400737
10.863124999999968,1.7713422095108642,1.77489582076208,1.7974095931181866
10.864976000000013,1.7713422095108642,1.7861656565765525,1.7721770871729805
10.866957000000014,1.7713422095108642,1.7296192550873406,1.7368389484414783
10.868938000000014,1.7742747135692432,1.7138137475840478,1.8176093658562653
10.870925,1.7742747135692432,1.7834826961641765,1.7847319965780255
10.873244,1.7742747135692432,1.848269573895643,1.6999800170971273
10.874891999999988,1.7782694871123461,1.7941769604095625,1.799474555120829
10.876863000000014,1.7782694871123461,1.707554837095248,1.8042166448629187
10.878844000000015,1.7782694871123461,1.9252100700859185,1.7759481917151176
10.880824000000018,1.7813682676982594,1.7195792144323045,1.7939747343045813
10.882923000000005,1.7813682676982594,1.6897887995401657,1.8405532556386075
10.884788000000015,1.7813682676982594,1.8693604633326673,1.6943410825258054
10.886777999999993,1.7837293135088441,1.7430662732341795,1.827318999628735
10.888750000000016,1.7837293135088441,1.7589692029632573,1.6609331593037118
10.890737000000001,1.7837293135088441,1.8417180662060766,1.7472987181825506
10.89308699999998,1.78805506594433,1.8714534712744564,1.6978778383956803
10.894693000000018,1.78805506594433,1.7789740731261172,1.859718937176309
10.896674000000019,1.7916094376172123,1.8286728298473984,1.775854693618016
10.898665000000051,1.7916094376172123,1.8822042621012094,1.7904173124341787
10.90063699999996,1.7916094376172123,1.7325603316670424,1.7762639772383935
10.902737000000002,1.79495063039863,1.8094362662451284,1.7871746382751623
10.904603000000009,1.79495063039863,1.775693204488262,1.7881647058809378
10.906589000000054,1.79495063039863,1.7344955562038715,1.8394266093765554
10.908562000000018,1.7980193601364087,1.8445471801360953,1.8112060326698707
10.910556000000042,1.7980193601364087,1.857841961816439,1.7595444853664226
10.912886000000015,1.800341841747256,1.8323567989131553,1.7147930171310204
10.91450599999996,1.800341841747256,1.8291297215566273,1.8604640051198136
10.91648600000002,1.800341841747256,1.7865554405980224,1.8239191184823054
10.918467000000021,1.8030363235506213,1.8190658359955434,1.788188547066863
10.92044900000002,1.8030363235506213,1.831036447603808,1.8541986275419404
10.922547000000009,1.8030363235506213,1.9202552797191643,1.9121186282151381
10.924410000000023,1.8055635503681748,1.7248420941860063,1.807710955970444
10.926401999999996,1.8055635503681748,1.7751294396437265,1.8726453386946156
10.928373000000022,1.8055635503681748,1.7959860224575557,1.8077035267027841
10.930353999999966,1.8092788708597458,1.8332319169860416,1.8986191967137052
10.932709000000045,1.8092788708597458,1.88370344665993,1.8156356102452929
10.934317000000021,1.8140166939203641,1.8651366499699018,1.7930702228913487
10.936298000000022,1.8140166939203641,1.7994162086834327,1.8815607294909196
10.93828000000002,1.8140166939203641,1.8462189979793542,1.8209735341419964
10.940269,1.817862737545134,1.8121425422099788,1.8200138871444813
10.94235900000001,1.817862737545134,1.830637164020732,1.8606513138401388
10.944222999999965,1.817862737545134,1.869501507910598,1.8138509412173982
10.946214000000055,1.8215245752748173,1.6886384702934902,1.7342599298310524
10.948184999999967,1.8215245752748173,1.8080512229560295,1.8045685128566578
10.950167000000022,1.8215245752748173,1.7727400934818693,1.7909869425571416
10.952503000000036,1.825489286630643,1.7814174628872044,1.7823143862389483
10.954139999999995,1.825489286630643,1.7948852834521156,1.878208834501603
10.956110000000024,1.825489286630643,1.731940918758101,1.8014531264043572
10.958090000000027,1.8301690416031495,1.8943438673925463,1.8069425362564633
10.96007800000001,1.8301690416031495,1.9578057546213676,1.8265628967020235
10.962177999999994,1.8338387361620594,1.8434548927867862,1.850631407807902
10.964035000000024,1.8338387361620594,1.9147082573733356,1.8578551052675532
10.966016000000025,1.8338387361620594,1.8011393133132516,1.8421645233365398
10.967996000000028,1.8374323035225355,1.904074313963642,1.8452361921434246
10.96997799999997,1.8374323035225355,1.8143550451020125,1.7796689583700542
10.97233,1.8374323035225355,1.8088675324136847,1.8621898998336763
10.97394300000002,1.8409688494429393,1.8491787686459074,1.7922262581151174
10.975922000000025,1.8409688494429393,1.9317721751242525,1.898197550263156
10.97790299999997,1.8409688494429393,1.8989060036867202,1.8273770665710518
10.97988300000003,1.8438850465481362,1.9174799098378723,1.7789089638415982
10.981987000000004,1.8438850465481362,1.7726158304689525,1.855227421818886
10.983847000000026,1.8438850465481362,1.7890816551593107,1.8826270224783737
10.985826999999972,1.846864784882451,1.8226479917717808,1.830105044680281
10.987809000000027,1.846864784882451,1.9211162878366141,1.8791458528578682
10.989798000000008,1.850896583855051,1.8858355295631986,1.921995699095462
10.992125999999985,1.850896583855051,1.7617999655862153,1.8674772916842597
10.993759000000011,1.850896583855051,1.8371325814168618,1.7863786030627975
10.995740000000012,1.8556773272679687,1.8222640161098662,1.8545104172470452
10.997715000000028,1.8556773272679687,1.8489906536937637,1.83129181567437
10.999695999999972,1.8556773272679687,1.9693370612932706,1.758770821491678
11.00179300000002,1.8605047700250184,1.8509626595284223,1.7919699227845416
11.003657999999973,1.8605047700250184,1.8406999467957,1.9510898104928205
11.005645000000015,1.8605047700250184,1.8017809879927331,1.8417138685267862
11.007619999999974,1.8642236285829308,1.9062525560615629,1.8544187394355471
11.00960200000003,1.8642236285829308,1.8580893414907147,1.8028892425144174
11.01194700000002,1.8693721847492972,1.826529565044884,1.969782616478303
11.013567000000023,1.8693721847492972,1.9019450651240146,1.8894317829685066
11.015549000000021,1.8693721847492972,1.851260176491018,1.8522665293525247
11.017526999999973,1.8736264217444294,1.8631932097288593,1.9130829956049746
11.01950800000003,1.8736264217444294,1.8224046286799234,1.9384794818962134
11.02160600000002,1.8736264217444294,1.777199425643625,1.7702029877132373
11.023478000000011,1.8787985746076545,1.9192158484764408,1.9402197360699283
11.025451999999973,1.8787985746076545,1.8989978988258303,1.8343646023213043
11.027442000000008,1.8787985746076545,1.8939889891859334,1.7964749291533817
11.029418000000021,1.883044320814932,1.8758130221757376,1.9852584203943908
11.031741000000011,1.883044320814932,1.8546445260247022,1.9002083430585317
11.033393000000046,1.883044320814932,1.887740484964716,1.8501264784730078
11.035363000000018,1.8867516555669706,1.9206103572963098,1.9800315135379802
11.037337999999977,1.8867516555669706,1.9059549966015035,1.8630975500054658
11.039319999999975,1.890100650410561,1.8546040182158148,1.8394923177656586
11.041418000000021,1.890100650410561,1.9381860957336552,1.9344611928021003
11.043281999999977,1.890100650410561,1.8927837769240834,1.8108370427558578
11.045264000000032,1.893078643932412,1.8946933514137034,1.8951497723278181
11.047243999999978,1.893078643932412,1.8654014179004945,1.821246277261012
11.049226000000033,1.893078643932412,1.8699651439616,1.8372802853196053
11.05156100000005,1.897131359302003,1.9074417302001088,1.926426951330179
11.053187000000037,1.897131359302003,1.83035270266861,1.8487165253732067
11.055183999999997,1.897131359302003,1.8764868975268407,1.93739030628992
11.057149000000038,1.9014529339120458,1.8746477269076143,1.7932772046602468
11.05913099999998,1.9014529339120458,1.8910992090186751,1.890436071379136
11.061230000000023,1.9065152913316503,1.920287628383994,1.8787691592055604
11.063094000000035,1.9065152913316503,1.836677818022934,1.8941375489700096
11.065074999999979,1.9065152913316503,1.9907778803930631,1.8846490385848762
11.067056000000036,1.9111354933326987,1.9094070406279242,1.9296333604877651
11.069047000000012,1.9111354933326987,1.9397557597493194,1.9319261148970497
11.071372999999994,1.9111354933326987,1.9581665586140737,1.8909039605191849
11.072998999999982,1.9148989938295184,2.0064105692173073,1.8887191167195483
11.074995000000001,1.9148989938295184,1.923054704915417,1.9353421727343685
11.07696900000002,1.9148989938295184,1.8697610988012925,1.9413123708120832
11.07894200000004,1.920089668838082,1.857207518461368,1.8091441358565128
11.081041000000027,1.920089668838082,1.9427479980249676,1.85077667556708
11.082911000000024,1.924964320421877,1.9075166628730074,1.862388568208106
11.08488699999998,1.924964320421877,2.0068737316399514,1.9014421077307866
11.086868000000038,1.924964320421877,1.8892261731854336,1.8267473552728342
11.088849000000039,1.9295093323894648,1.8792913673540739,1.9517429129786656
11.091184999999996,1.9295093323894648,1.8763269458326792,1.8795581441750844
11.092812000000038,1.9295093323894648,2.0468243340108097,1.9643800965105789
11.094791999999984,1.934286182492917,2.014549626869117,1.899756074954189
11.096790000000055,1.934286182492917,1.8837256027466442,1.9773339488624433
11.098754999999983,1.934286182492917,1.917712660060208,1.915348269502426
11.100852999999972,1.937722982899955,1.9183106211774719,1.9263358415766412
11.102719000000036,1.937722982899955,1.8501747214918005,1.9702249277886947
11.104704000000027,1.937722982899955,1.9320370801509634,1.9122604787779585
11.106678999999986,1.9409788265298593,1.9745319592454948,1.8570322685930727
11.10866100000004,1.9409788265298593,1.944896336326548,1.8577532576751876
11.110987000000023,1.9446080665119712,1.931947537840972,1.9920661038324634
11.112633000000017,1.9446080665119712,1.9250572567366881,1.879383784205544
11.114603999999986,1.9446080665119712,1.9240999775763934,1.9218473570923553
11.116592999999966,1.948895948464181,1.9589936868137476,2.0179764286141206
11.118570999999974,1.948895948464181,2.0208742771101984,1.9178068605152132
11.120678999999996,1.948895948464181,1.9306785591369804,1.9094170483268933
11.122527999999988,1.95293160215456,1.9149919934437447,1.963236459300716
11.12451500000003,1.95293160215456,1.9077302354639385,2.0182654977143932
11.126496000000031,1.95293160215456,2.0471428223981634,2.0346301992696785
11.128471999999988,1.95764324018151,2.0505521387381522,1.917293723995201
11.130809,1.95764324018151,1.9556910741690101,1.9843881145409688
11.132442000000026,1.9627326869929478,1.968827109808492,1.9554731072428708
11.134417999999982,1.9627326869929478,1.9504458977365196,1.9574382957493695
11.136406000000022,1.9627326869929478,1.9071712068135047,1.9843517308125667
11.138379999999984,1.9666362966512927,1.9655817618913425,1.9819911867618594
11.140488000000005,1.9666362966512927,1.8933408631310293,1.913173387147249
11.142341999999985,1.9666362966512927,1.926399653787487,1.9135047739563233
11.144322000000045,1.9712909896048327,1.9466152264060306,2.05155379829289
11.146315000000016,1.9712909896048327,2.0249093174410655,1.94280456125263
11.148293000000024,1.9712909896048327,1.9745721467359814,1.9990732456716531
11.150620000000004,1.9765064053926693,1.9276429162896618,2.050140417925026
11.152248999999983,1.9765064053926693,2.0312402154128932,1.9662308941112387
11.154239000000018,1.9765064053926693,1.9702414644648814,2.045732063520495
11.156209000000047,1.9813742939776082,1.931683999630274,1.9474036875820109
11.158194000000037,1.9813742939776082,2.012562811573125,2.0329837964675392
11.16029100000003,1.9858890797471787,1.9941247553145074,1.9904666582555557
11.162165000000016,1.9858890797471787,1.8744463326963337,1.9727608679740825
11.164135999999985,1.9858890797471787,1.993808938084177,2.024606595590666
11.166117000000042,1.9896025813597655,1.9552609282687143,1.9773245421968293
11.16810700000002,1.9896025813597655,1.948309918082795,1.9536041736578464
11.170450000000017,1.9896025813597655,1.973665096607581,1.9051109327174884
11.17205899999999,1.9934912198900765,1.9019485713965445,2.021862544600555
11.174041999999986,1.9934912198900765,1.9815046884968694,2.02648637574786
11.17603600000001,1.9934912198900765,2.006956287376045,2.0823631245977636
11.178009000000031,1.9963974544032248,1.9547291923297303,2.017968745251827
11.180100000000039,1.9963974544032248,1.9815941573242972,1.9552145948405941
11.181966999999986,2.000532022537098,2.002591667386312,2.005785535000134
11.183948000000044,2.000532022537098,2.023894943397175,1.992300006804205
11.18592799999999,2.000532022537098,2.0312648529762023,2.0572281169055864
11.18791299999998,2.0047550323318095,1.9736976957495551,2.063421279728092
11.19023999999996,2.0047550323318095,1.990983521288852,2.124242867954802
11.191871000000049,2.0047550323318095,1.9277226560286196,1.996388284456645
11.193850999999995,2.0090983881200346,1.9762909162470335,2.0683010003758073
11.19584199999997,2.0090983881200346,2.074871275774335,2.0833966090651095
11.19781800000004,2.0090983881200346,1.9598305720022118,2.046718067687789
11.199911000000043,2.013909240218605,2.0724060454711566,1.9891511366886374
11.201775999999995,2.013909240218605,1.9575263372346063,1.9944230825877816
11.203765999999973,2.018006775302218,2.052957372163201,2.0575982272280418
11.205738999999994,2.018006775302218,2.029762869771393,2.0473698248439023
11.207720000000052,2.018006775302218,2.100853552300095,1.9558920208187567
11.210055000000011,2.0224821371124606,1.9006493931546222,1.96762205814162
11.211684999999989,2.0224821371124606,1.9824340189997984,2.047836079133547
11.213663999999994,2.0224821371124606,2.1057230278761994,1.908840942797228
11.215643999999998,2.0276470712143206,2.0325710599782685,2.037011008089838
11.217636999999968,2.0276470712143206,2.054869125267048,1.9970905459625057
11.219742999999994,2.0276470712143206,1.9852801218625378,1.9821151081705666
11.221587,2.0324437331608913,1.9785680472332794,2.0061585234570045
11.223569999999995,2.0324437331608913,2.092592738394819,2.0417242614645463
11.225558999999976,2.0324437331608913,2.0294229580714562,2.0304602716829505
11.227530999999999,2.0370960868126105,2.199283117797978,1.9729895095692394
11.229857000000038,2.0370960868126105,2.0444864094949806,1.9468825570585424
11.231490000000008,2.0409559175610115,2.079998293821977,2.0485006274953754
11.233475000000055,2.0409559175610115,2.0936979952110706,2.0635505858049137
11.235456,2.0409559175610115,2.0655973726939574,2.0762401566545146
11.237449000000026,2.044680807197466,2.085304594706918,1.9597287985095968
11.239542000000029,2.044680807197466,2.1106351385960225,2.056629314328708
11.241399999999999,2.044680807197466,2.0430690193289247,2.0729417983360623
11.243386999999984,2.048028574807944,2.0196984670058273,2.020038243727525
11.245362,2.048028574807944,2.0972211826480813,2.026584127889106
11.247351000000037,2.048028574807944,2.129372463065475,2.0222773289941127
11.249682000000007,2.0517743383930758,2.0160881588663386,2.0207000170768934
11.251306000000056,2.0517743383930758,2.136483109530557,2.1127576214133756
11.253297000000032,2.0517743383930758,1.9940694072170633,2.01968566239788
11.255268000000058,2.0562410195210434,2.0590401727418146,2.0154174668652414
11.257249000000002,2.0562410195210434,1.9799459935074692,1.9425061749741728
11.259356000000025,2.0608120490733106,1.9681849669089888,2.0907715264118516
11.261210000000005,2.0608120490733106,2.0494220888938086,2.0168497743731693
11.263193000000001,2.0608120490733106,2.0857522098059786,2.016576888853171
11.265174000000002,2.06561792109293,2.060123520336583,2.1397101849848004
11.267156,2.06561792109293,2.159217791416891,2.002129073387328
11.269497999999999,2.06561792109293,2.0048890176115015,1.9875145785224595
11.271117000000004,2.069888982235396,2.0697277058362658,1.9924164775635944
11.273099000000059,2.069888982235396,2.0335262227325828,1.9923216743265137
11.275089000000037,2.069888982235396,2.0484114588831615,2.03002761932516
11.277060000000006,2.0742530080669668,2.042030111875176,2.0656920725555166
11.27916700000003,2.0742530080669668,2.0534102692100342,2.0537086710823114
11.281030000000044,2.0794250934397818,2.071986910891477,2.11879645189018
11.283007000000055,2.0794250934397818,2.01588822496868,2.0976082100070856
11.284986000000004,2.0794250934397818,2.13096133194228,2.0861647775290866
11.286966000000007,2.0840778411810623,2.1448496698939317,2.0972891273738323
11.289304000000016,2.0840778411810623,2.090454163096061,2.1094834142440284
11.290929000000006,2.0840778411810623,2.0745120315262087,2.07262160062471
11.292909000000066,2.0886650071299218,2.0748662253513213,2.1652694871198
11.294900000000041,2.0886650071299218,2.1363256376082886,2.051836204566892
11.296874000000003,2.0886650071299218,2.037992641233346,2.0557362927598635
11.298976000000039,2.092911822422258,2.120355660233689,2.0449551866711917
11.300837999999999,2.092911822422258,2.0742208000462075,2.047468319590921
11.302817000000061,2.096442455150068,2.073855411753281,2.0320414137350546
11.304798000000005,2.096442455150068,2.0898264926775783,2.034119542132157
11.306779000000006,2.096442455150068,2.1040595640416555,2.082761257296913
11.30910399999999,2.0998732379609653,2.0279591198264963,2.0850109458385053
11.310742000000005,2.0998732379609653,2.0520293360248756,2.0707333780308663
11.312722000000008,2.0998732379609653,2.068368524765495,2.0539587691122767
11.314702000000011,2.1029342684780032,2.116410480157729,2.1639979532126743
11.316686000000061,2.1029342684780032,2.0111037881447906,2.175003061932302
11.318782999999996,2.1029342684780032,2.148847910359614,2.1341191004544395
11.320651999999995,2.1074456475056804,2.184223180468412,2.1190074836952486
11.322628000000009,2.1074456475056804,2.0665959109718868,2.1796524219296622
11.324613999999997,2.1074456475056804,2.107748049068231,2.1196733981307374
11.32659000000001,2.1118054967600433,2.161297998988469,2.039847740056973
11.328929000000016,2.1118054967600433,2.1072738146245023,2.0593802596789272
11.330555000000004,2.1118054967600433,2.0968026902184005,2.112975311896148
11.332533000000012,2.1168144714897204,2.161466923803186,2.146786368072237
11.33451500000001,2.1168144714897204,2.178862291841239,2.180143511236093
11.336497000000008,2.121016245009565,2.0927968221465956,2.1830977670721343
11.338594000000057,2.121016245009565,2.0906151635076675,2.1642031993747652
11.340464999999995,2.121016245009565,2.1441228648116555,2.170212625305519
11.34245199999998,2.124912879676099,2.0931397231266415,2.1064892526442667
11.344421000000011,2.124912879676099,2.0738442236024994,2.1040689803454242
11.346410000000049,2.124912879676099,2.0949897880201656,2.100839523721657
11.348726999999997,2.1297805309882687,2.078989398989352,2.131828698819238
11.35036500000001,2.1297805309882687,2.0647856846908272,2.1673464976880354
11.352346000000011,2.1347858492850786,2.214889340609381,2.29392642064176
11.354327000000012,2.1347858492850786,2.0693910149993227,2.113147752871236
11.356308000000013,2.1347858492850786,2.1371360759631375,2.102309006521698
11.358416000000034,2.139051466285466,2.045328918795273,2.171306241335314
11.360276999999996,2.139051466285466,2.217837599396784,2.1173421756828668
11.362258999999995,2.139051466285466,2.1417719695529147,2.2038160392599218
11.364232000000015,2.1434259526642827,2.2186409009979973,2.2153813496342836
11.366219000000058,2.1434259526642827,2.1033848379136004,2.238108829889962
11.368562000000054,2.1434259526642827,2.263032860463281,2.1672599859634256
11.37017499999996,2.147205050061523,2.08853474054092,2.226848729343226
11.372163999999998,2.147205050061523,2.175026961361313,2.083675334100775
11.374141000000009,2.150812769860739,2.0276143498039705,2.21709938919769
11.376120000000014,2.150812769860739,2.1277686132226914,2.192176170243915
11.378218000000004,2.150812769860739,2.14731526074205,2.1637929803407276
11.380082000000016,2.1543634407046683,2.1543948296352475,2.1460126878084
11.382074999999986,2.1543634407046683,2.1300330119577353,2.011735187533988
11.38404399999996,2.1543634407046683,2.174664821364478,2.1911426475825078
11.386026000000015,2.1585261675963414,2.1322794773865756,2.1322710222777728
11.388351,2.1585261675963414,2.2308349245940478,2.142486472184639
11.389988000000017,2.1585261675963414,2.182306624463095,2.171269118564279
11.391967999999963,2.162700682182481,2.095940628161248,2.1809843857062665
11.393951000000015,2.162700682182481,2.1827869287535915,2.1247343553205003
11.395940999999993,2.162700682182481,2.159818964294488,2.121918028687755
11.398034000000052,2.1669812407530324,2.050969237058622,2.1200991427924962
11.399894000000018,2.1669812407530324,2.2429950112188837,2.1722143400528138
11.401891999999975,2.1669812407530324,2.116145901827197,2.227141053240157
11.403860000000066,2.1717868431658256,2.177361253636346,2.1812790302532026
11.40583799999996,2.1717868431658256,2.1909265589529885,2.1879792702780736
11.408184000000006,2.1762564375251903,2.1770954478257405,2.165862573696153
11.409799999999962,2.1762564375251903,2.2153859500704405,2.153435373431743
11.411781000000019,2.1762564375251903,2.2197576223601327,2.144419305804133
11.413760999999965,2.1804250496697093,2.1898814765821486,2.1609864692267826
11.415748000000008,2.1804250496697093,2.132617540283143,2.109835063215089
11.417856000000029,2.1804250496697093,2.1854642086179292,2.2466258397234267
11.419709000000012,2.1856795304599754,2.2443871224220007,2.199538208614478
11.421694000000002,2.1856795304599754,2.1791161087990205,2.196474256571287
11.42367999999999,2.1856795304599754,2.11244676794974,2.2052066328025646
11.425649000000021,2.1904011189697856,2.2474651247408515,2.169875125486082
11.427976999999998,2.1904011189697856,2.1672023173741883,2.2066117646294563
11.429611000000023,2.1949101393426127,2.2388665044977163,2.1628367468299894
11.43159700000001,2.1949101393426127,2.167370202334684,2.169217902032676
11.433574000000021,2.1949101393426127,2.2204754196382215,2.193807314724576
11.435563000000002,2.1987875961501873,2.185549169641817,2.2024111290335022
11.437662999999986,2.1987875961501873,2.167639902043003,2.273178460792269
11.439516999999967,2.1987875961501873,2.2232163789498247,2.153069312384127
11.441498000000024,2.202470669103904,2.162793514987579,2.154399693778628
11.443487000000005,2.202470669103904,2.115372243964217,2.1806775397490274
11.445470999999998,2.202470669103904,2.2384493103500547,2.254367795854697
11.447806000000014,2.2058490513644324,2.1767746834529973,2.220551867076024
11.449423999999965,2.2058490513644324,2.219999722129858,2.3187789764092446
11.451405000000022,2.209693885803045,2.221880864309206,2.2064312809242916
11.453385999999966,2.209693885803045,2.2436461379420543,2.2285178575371813
11.455367000000024,2.209693885803045,2.2546323454816966,2.2141304351133817
11.457464000000016,2.2140506184127267,2.2383320904277175,2.228014884269623
11.459330000000023,2.2140506184127267,2.244987409725781,2.1761737905073737
11.46132,2.2140506184127267,2.259532145652409,2.2184929398276254
11.463296000000014,2.218181565480525,2.1911057905069025,2.161933073062607
11.465273000000025,2.218181565480525,2.1872007084858827,2.2355071598292504
11.467610000000036,2.2230083719267935,2.252793228387899,2.2451988142412844
11.469235000000026,2.2230083719267935,2.137739301457286,2.2130604979896025
11.471224000000063,2.2230083719267935,2.1595454927714055,2.190070404253389
11.473207000000002,2.2273155131411,2.143761256680523,2.1898296564874205
11.475179000000026,2.2273155131411,2.282644368454775,2.1801967104057804
11.477277000000015,2.2273155131411,2.281522945571155,2.1909652731466593
11.479146000000014,2.2316971276254844,2.2728825970392736,2.356631801544587
11.481122000000028,2.2316971276254844,2.2339272633143366,2.246083914883918
11.48311000000001,2.2316971276254844,2.2090416300060665,2.219350344805981
11.485090000000014,2.236625733055891,2.2251742852479293,2.2002920705546978
11.487422000000038,2.236625733055891,2.255638617228568,2.2291415271211625
11.489047000000028,2.241696207723043,2.2764056144949865,2.2711303079377476
11.491027999999972,2.241696207723043,2.1859912140204587,2.268291826038917
11.493019000000004,2.241696207723043,2.277388195290354,2.289945597651631
11.494991000000027,2.246390795454425,2.300329672411006,2.297018176270706
11.497089000000017,2.246390795454425,2.2871357973839643,2.2454190892729535
11.498953000000029,2.246390795454425,2.1719661206867826,2.2113665607249624
11.50093400000003,2.250771686372854,2.2878000851876688,2.238804916410906
11.502921000000015,2.250771686372854,2.246836581090125,2.290094140989278
11.504896999999971,2.250771686372854,2.3287908143354366,2.2180285536337494
11.507227,2.2544335467919185,2.2480239231609516,2.35962916776822
11.508858999999973,2.2544335467919185,2.309541374035988,2.2201017946882273
11.510841000000028,2.2544335467919185,2.327629933639263,2.279792994015044
11.512824000000023,2.2584382252625637,2.29902492765042,2.273064407824501
11.514802000000032,2.2584382252625637,2.2310047142898184,2.298308047477007
11.51691199999999,2.2584382252625637,2.2825636016376465,2.155758019364526
11.518776000000003,2.2620051946140953,2.221728440863554,2.3095936953603875
11.520746000000031,2.2620051946140953,2.2339883704107484,2.2437158776913018
11.522727000000032,2.2664721231221945,2.3246131239642622,2.2239847556393397
11.524721,2.2664721231221945,2.268851247081431,2.3148677824082404
11.52704399999999,2.2664721231221945,2.259523220025289,2.1758131317362794
11.528674999999964,2.2708706410160024,2.353478670581502,2.36686078241245
11.530651999999975,2.2708706410160024,2.3410186690108588,2.2812578798108762
11.53264200000001,2.2708706410160024,2.21705454640177,2.263498925065739
11.534613999999976,2.2759240904732354,2.2814412922387763,2.21271193182193
11.536715000000015,2.2759240904732354,2.2563562712712355,2.262522732436407
11.538587000000007,2.2759240904732354,2.2639371055924453,2.334548280981144
11.540557000000035,2.2808334062387097,2.3333566938587964,2.2938805293283573
11.54254800000001,2.2808334062387097,2.3149281201529983,2.308920881979157
11.544527000000016,2.285072121644243,2.205917579755337,2.335565308944884
11.546863999999971,2.285072121644243,2.341473095091818,2.242521162910964
11.548493000000008,2.285072121644243,2.2623017840787347,2.2039958556418755
11.550466000000029,2.2900510295726035,2.312053625304944,2.2400153600907977
11.55245100000002,2.2900510295726035,2.3245903254151448,2.2885765433793623
11.55442800000003,2.2900510295726035,2.3278421553919073,2.278133170826817
11.556527999999958,2.295329387125444,2.2672091748168177,2.282605756120118
11.558400000000006,2.295329387125444,2.317563315709297,2.32104085832003
11.560381000000007,2.295329387125444,2.338378652311171,2.2738335754105874
11.562352000000033,2.3004727752617815,2.294090803088169,2.2474207013982364
11.56435399999998,2.3004727752617815,2.2778558505189204,2.251212803262791
11.566679000000022,2.30500799440455,2.254964863822452,2.3357050342750942
11.568304000000012,2.30500799440455,2.395404069054347,2.358574825103743
11.570277999999973,2.30500799440455,2.2453155305609314,2.3751502274149883
11.572259000000031,2.3089144461501814,2.2627771974713724,2.285162946381626
11.574251000000004,2.3089144461501814,2.320825831201707,2.317717095151881
11.576339000000019,2.3089144461501814,2.259500869896409,2.3325049017229684
11.578213000000005,2.3127400399782956,2.4029831370253527,2.3272104923169254
11.580183999999974,2.3127400399782956,2.2522525809717213,2.3407755729513378
11.582165000000032,2.3127400399782956,2.322333208469656,2.3475495860660986
11.584144000000038,2.3171238143241597,2.363551755744289,2.2788951769251624
11.586488000000031,2.3171238143241597,2.257295253527793,2.286074555165732
11.588117000000011,2.3171238143241597,2.2772806716105167,2.3384651630949636
11.59008799999998,2.321172800214389,2.3273760806526727,2.2715397471481005
11.592070999999976,2.321172800214389,2.2886290099907303,2.290053375795854
11.59405300000003,2.325415744670456,2.346675291863056,2.3331753374350237
11.596146999999974,2.325415744670456,2.3145905974063576,2.3008234727689314
11.598028,2.325415744670456,2.3310227835336583,2.3431534896965736
11.599996000000033,2.3303725281778433,2.364639432564027,2.295250972499559
11.601976000000036,2.3303725281778433,2.286860446947566,2.2112698613924606
11.603959000000032,2.3303725281778433,2.3307919547298526,2.3450299636487624
11.606297999999981,2.3355594596425306,2.324270772207989,2.331911124332884
11.60793700000005,2.3355594596425306,2.290334480145622,2.3983805723704354
11.609904000000029,2.3355594596425306,2.376247490421652,2.316899532093174
11.611878999999988,2.339811309575415,2.257087562555353,2.343913985106308
11.613861000000043,2.339811309575415,2.2720461423101432,2.3196614946181318
11.615972,2.339811309575415,2.3740029153130475,2.304410952717992
11.617830000000026,2.3450657028825206,2.2747000151947137,2.320878986307478
11.619804999999985,2.3450657028825206,2.4307779436981605,2.2959275457969417
11.621786000000043,2.3502167833921104,2.2769175999707474,2.3563778693186177
11.623766999999987,2.3502167833921104,2.426185659718188,2.355334570518437
11.626102000000003,2.3502167833921104,2.395813817811582,2.301906758378275
11.627741000000015,2.3554225057332094,2.275632668166871,2.397357723690717
11.629710999999986,2.3554225057332094,2.3571914070987754,2.318892700212165
11.631692000000044,2.3554225057332094,2.284595938193112,2.3541685899022413
11.63367199999999,2.36040342019579,2.3191594914327207,2.401756398091404
11.635780000000011,2.36040342019579,2.3369099220941094,2.4247575927835903
11.637647000000015,2.3649594295094896,2.261626672493276,2.2465274354910676
11.639616000000046,2.3649594295094896,2.329072510723111,2.407911648497641
11.641606000000024,2.3649594295094896,2.352729799255801,2.376745948971886
11.643580999999983,2.369355456773114,2.3574337902773266,2.393228345264714
11.645929999999964,2.369355456773114,2.298347037584222,2.344621169600677
11.647559999999999,2.369355456773114,2.3447405057700768,2.4042752668149556
11.64952500000004,2.3733668647917416,2.3822120412444674,2.4257062695599765
11.651503000000048,2.3733668647917416,2.4094059442380704,2.401295326472938
11.653494000000023,2.3733668647917416,2.4985071186989143,2.414918223498858
11.655586000000028,2.3776956406338674,2.433167014984986,2.471062504089247
11.657456000000025,2.3776956406338674,2.3312578416115293,2.4467314879691644
11.65943900000002,2.3776956406338674,2.3506702341289323,2.3438530944713443
11.661407999999994,2.3823114297545227,2.400674687446445,2.4167208869215004
11.66339099999999,2.3823114297545227,2.4456790409284754,2.4368607695548614
11.665716000000032,2.3872136091602036,2.474273314953788,2.4019906133249482
11.667366000000015,2.3872136091602036,2.300652629212479,2.418832870929991
11.669337999999982,2.3872136091602036,2.4366510002391872,2.3095981051841417
11.671314999999993,2.392986053829067,2.328474983312323,2.389276445497825
11.673297999999988,2.392986053829067,2.378814943900845,2.378625901309942
11.675399000000027,2.392986053829067,2.4417142948852404,2.3441103987867438
11.677266999999972,2.397875171754786,2.3561564084204227,2.4453051081512385
11.679239999999993,2.397875171754786,2.3738634190511965,2.337349496287378
11.681231000000025,2.397875171754786,2.4938814794397604,2.443504014148901
11.683201999999994,2.402497417069965,2.48314953125638,2.394177673377741
11.685538000000008,2.402497417069965,2.425431391481654,2.458922200445116
11.687178000000017,2.408273139560482,2.315650761121767,2.426934300083495
11.68915400000003,2.408273139560482,2.32601689555541,2.414941383756878
11.691127000000051,2.408273139560482,2.414681330763613,2.405714043011579
11.693107999999995,2.4138131503371825,2.4371107284387414,2.390091748637756
11.695215000000019,2.4138131503371825,2.4267824376114366,2.4246154138515488
11.697076999999979,2.4138131503371825,2.362057762943329,2.3102217351349146
11.699051999999995,2.4193019203082047,2.4163240808912523,2.4036064889777053
11.701037999999983,2.4193019203082047,2.4708601873035527,2.4505102723314334
11.703021999999976,2.4193019203082047,2.4111307071939128,2.4141622714933857
11.705348000000015,2.424128773089967,2.3784422021750347,2.468269061745697
11.706980000000044,2.424128773089967,2.4282931869560453,2.38390895480062
11.708973000000015,2.4285411014455933,2.452320206654903,2.3779128259582967
11.710937999999999,2.4285411014455933,2.4104698446926496,2.434547772943614
11.712920000000054,2.4285411014455933,2.4438087171792726,2.3981406496731155
11.715027999999961,2.4324614870978754,2.4233615125949814,2.460609965912791
11.716890999999976,2.4324614870978754,2.360169969953594,2.4082906828345925
11.718863999999996,2.4324614870978754,2.4159733052112444,2.442556499020897
11.720844000000056,2.4369508651809095,2.4872291064608567,2.316534932335039
11.722826999999995,2.4369508651809095,2.417343967550936,2.420923612707927
11.72518100000002,2.4369508651809095,2.538032949560573,2.421416620422848
11.726791000000048,2.441705786617159,2.3481487847679423,2.3543871886074546
11.72877699999998,2.441705786617159,2.462860250693251,2.453141642021607
11.730752000000052,2.441705786617159,2.471394244916709,2.435205102537589
11.732731000000001,2.446467641695513,2.391066080575424,2.404542809803149
11.734829999999988,2.446467641695513,2.443906061008078,2.51074519769982
11.736708000000021,2.45180543205984,2.341037583870798,2.402033982013755
11.738675,2.45180543205984,2.454446064740323,2.497169357229554
11.740666000000033,2.45180543205984,2.4295764579359296,2.4463519846687207
11.742645000000039,2.456997464726808,2.474710336886826,2.5038847895638816
11.744962999999984,2.456997464726808,2.4858332878054488,2.4850749990178973
11.7466,2.456997464726808,2.446822568460099,2.3593766763608093
11.74858400000005,2.4613541942679658,2.4033960575778606,2.409967048087095
11.750563,2.4613541942679658,2.3933196019389786,2.419760849023653
11.752546999999993,2.4613541942679658,2.4045251473670617,2.5780940559516607
11.754640999999992,2.4668223119103625,2.4819611108380952,2.5180700687761637
11.756515000000036,2.4668223119103625,2.4808201723302887,2.5406277921903535
11.758489999999995,2.472240104743976,2.3596312230017267,2.415811961578978
11.760468000000003,2.472240104743976,2.5631207211527864,2.482370161502597
11.762458000000038,2.472240104743976,2.48704211847214,2.4356355656843838
11.764785000000018,2.4774386245324127,2.4525637496843653,2.5566491041336383
11.766423999999972,2.4774386245324127,2.439708112878091,2.502401555678455
11.768399000000045,2.4774386245324127,2.455303566569622,2.465990160873846
11.770379999999989,2.482550337941768,2.5419407678337844,2.4496073226222914
11.772354000000007,2.482550337941768,2.5225489186674306,2.5161728761876443
11.774468000000013,2.482550337941768,2.47723663035253,2.5005582790935716
11.776317000000006,2.4875290115973367,2.5378556763475575,2.471373027828681
11.778299000000004,2.4875290115973367,2.526356389356805,2.449914175704299
11.780290000000036,2.4875290115973367,2.4775853114776503,2.520781697749527
11.782260000000008,2.4919981676137857,2.546710138091627,2.490103854797878
11.78458599999999,2.4919981676137857,2.5559424111146587,2.4593103295045875
11.786228999999992,2.4962083878928083,2.554721216407179,2.5073641211269386
11.788208000000054,2.4962083878928083,2.523960180916999,2.5334024111164233
11.790194999999983,2.4962083878928083,2.5221446395070664,2.496756130878732
11.792166000000009,2.5007198995307154,2.4571967376534207,2.533487313871106
11.794264999999996,2.5007198995307154,2.4036239934643637,2.456875794843168
11.796130000000005,2.5007198995307154,2.5139741819123245,2.574852712849274
11.798111000000006,2.5047931842489404,2.493054622649108,2.4628928173759332
11.800092000000006,2.5047931842489404,2.485280233674781,2.5329057727160724
11.802073000000007,2.5047931842489404,2.4351003552686223,2.4986958234067607
11.804407999999967,2.509118713153962,2.546201367493343,2.4623780414998313
11.806036000000006,2.509118713153962,2.4998821321404594,2.4909016097667855
11.808017000000007,2.5133572092291323,2.461623425303837,2.60098865393077
11.810009000000036,2.5133572092291323,2.479186986775933,2.4649487644944914
11.811983999999995,2.5133572092291323,2.459032403312065,2.4652293708214996
11.814076999999997,2.5184131707498865,2.5024021471921034,2.474909685321032
11.815945,2.5184131707498865,2.5176443816178176,2.5680909052869736
11.817923000000008,2.5184131707498865,2.542280764050404,2.5274930487055327
11.819904000000008,2.523258952554574,2.4317417887123636,2.5030620141922255
11.821885000000009,2.523258952554574,2.5300069250434896,2.5088388159296926
11.824210999999991,2.523258952554574,2.4456416713381475,2.500982570549768
11.82584700000001,2.5274524039885997,2.5060079812513134,2.5176794904009827
11.827828000000011,2.5274524039885997,2.548140250048394,2.4739870213694344
11.829825000000028,2.5274524039885997,2.5157670350087074,2.4589651647915765
11.831801000000041,2.5323034976569874,2.42912105399806,2.5438532867115
11.833889,2.5323034976569874,2.5084473959303613,2.5013223305709356
11.835754000000009,2.5369316335764833,2.614926171761195,2.557656941472183
11.837742000000048,2.5369316335764833,2.5882580165306877,2.5453385674753153
11.839715000000012,2.5369316335764833,2.6589307529466133,2.5951351119449195
11.84169700000001,2.541368580252405,2.544589900804131,2.5491771000701875
11.844034000000022,2.541368580252405,2.5049745412188456,2.570930635679525
11.845659000000012,2.541368580252405,2.5210476058683065,2.513615566383965
11.847640000000013,2.5457451627939784,2.5536524216510696,2.4611756728171135
11.849621000000013,2.5457451627939784,2.5305040646975794,2.5326883726448126
11.851619000000028,2.5457451627939784,2.5807858769748075,2.519355074527311
11.853709000000038,2.5499884908092247,2.576929719441817,2.5014043438337925
11.855565000000013,2.5499884908092247,2.4779062569295554,2.5918468929246035
11.857556000000045,2.5499884908092247,2.59333503796376,2.533804266015035
11.85953500000005,2.553744044585205,2.561912591680853,2.5704973914626352
11.861508000000015,2.553744044585205,2.632755516379897,2.4962823365720066
11.863841000000036,2.5574360805182526,2.6079899421662174,2.5668746633483015
11.865471000000014,2.5574360805182526,2.6130269544804343,2.605189226285016
11.867451999999957,2.5574360805182526,2.5535095006923814,2.656974919587626
11.869433000000015,2.560996778991349,2.4953935115521526,2.4916117724604456
11.871420000000057,2.560996778991349,2.626785723871777,2.5758119658701504
11.873534000000063,2.560996778991349,2.5986021900912,2.4900166826240326
11.87537500000002,2.5641106639966385,2.6489744064068352,2.502458137129459
11.877357000000018,2.5641106639966385,2.540430522701632,2.578038553764641
11.879347999999993,2.5641106639966385,2.5817572323036098,2.5844230081205666
11.881328000000053,2.567417221289343,2.5704150933481684,2.605421771570625
11.883668,2.567417221289343,2.535643834236336,2.5605049361741594
11.885291999999993,2.567417221289343,2.4854098872860617,2.626806769943219
11.887270999999998,2.570801143004925,2.5545955249145056,2.6086340319014156
11.889245000000017,2.570801143004925,2.5315454946635607,2.5670078924003947
11.891230000000007,2.5739055693340736,2.6371103916511505,2.609662908085987
11.89333099999999,2.5739055693340736,2.5921367267333597,2.556085907603244
11.895191000000011,2.5739055693340736,2.549668190763361,2.628272987140736
11.897168999999963,2.577270124719975,2.6374071930189493,2.5902478726537472
11.89914699999997,2.577270124719975,2.6226873617804585,2.564830064831589
11.901133000000016,2.5808632923594925,2.589672560029815,2.5449661876157843
11.903466999999978,2.5808632923594925,2.5815060427945085,2.5700008738673823
11.905101000000002,2.5808632923594925,2.5342232911329488,2.5966749112560166
11.90707900000001,2.5842468880763927,2.5959812414476056,2.5842708726523385
11.909057000000018,2.5842468880763927,2.577758605000705,2.6199677073610537
11.911038000000019,2.5842468880763927,2.6449426053360305,2.568257553429706
11.913157000000012,2.587323649714138,2.611421754280761,2.614359733638292
11.914999000000023,2.587323649714138,2.57295880869363,2.4688551857721297
11.916981000000021,2.587323649714138,2.6538878839216418,2.5736818556089207
11.918962999999962,2.5909582483471585,2.5640323538889356,2.573969047058982
11.92094400000002,2.5909582483471585,2.5712171275271016,2.491065602615047
11.923291000000006,2.5909582483471585,2.5982977110020684,2.6398228548900633
11.924905000000024,2.594245042072094,2.6280264929664345,2.592577495930634
11.926886999999965,2.594245042072094,2.6173354094109955,2.6182131004998013
11.928878999999995,2.594245042072094,2.6877835808315726,2.574052331543969
11.930853000000013,2.597247243490752,2.6290351075788965,2.6375745156506887
11.93295900000004,2.597247243490752,2.5096449105736434,2.6018454290396393
11.934825999999987,2.597247243490752,2.6104226387017904,2.6284628969852286
11.936795000000018,2.600368489720338,2.607315994013389,2.607863284810097
11.938774000000024,2.600368489720338,2.558827873227777,2.624378455900126
11.940754000000027,2.6032162973684154,2.5963810981865927,2.6083941828306454
11.943082000000004,2.6032162973684154,2.540068725151035,2.622612429146819
11.944717999999966,2.6032162973684154,2.619312245878103,2.6070363958328384
11.946698000000026,2.6059134790873775,2.602182198570994,2.5280262051711375
11.948681000000022,2.6059134790873775,2.559139084128593,2.533204704500879
11.950661000000025,2.6084152044331432,2.5860905593425456,2.5830605906647874
11.952769999999987,2.6084152044331432,2.670353997723797,2.663413167762826
11.95463200000006,2.6084152044331432,2.615444754613172,2.608087135955318
11.95660700000002,2.6107227790750867,2.597242416692041,2.5438775843010544
11.958586000000025,2.6107227790750867,2.576570208973071,2.596095656004089
11.960567000000026,2.6107227790750867,2.642372352039066,2.5889431868061554
11.96290799999997,2.6127277027740137,2.6553673569882785,2.6015875554261374
11.964529000000027,2.6127277027740137,2.650783841790156,2.649033510593079
11.96651300000002,2.6127277027740137,2.646366075702783,2.6385733611362525
11.968501000000003,2.614105087233127,2.6680262016551346,2.6657715272224793
11.970475000000022,2.614105087233127,2.5988548301982064,2.6014413134894654
11.972591000000023,2.614105087233127,2.579315517402676,2.633329658562909
11.974451999999985,2.6158071979237056,2.635132375727661,2.6650626585217725
11.976418999999964,2.6158071979237056,2.623013580390669,2.612246158886531
11.978413999999987,2.6158071979237056,2.6050303345152495,2.516785275439425
11.98038600000001,2.6173996959288783,2.6216414444589318,2.6010210245051932
11.982707000000005,2.6173996959288783,2.7186585524339617,2.704553106258794
11.984344000000021,2.6191851667795416,2.6381150336694823,2.6343095058401484
11.986325000000022,2.6191851667795416,2.6579588337297313,2.621954348514916
11.988306000000023,2.6191851667795416,2.5487053488652176,2.5889474174224754
11.990288000000021,2.6210804237020566,2.681748309065151,2.5962253342508834
11.99238600000001,2.6210804237020566,2.625346482848531,2.627749306151252
11.994254000000012,2.6210804237020566,2.6298671314372286,2.661728135055623
11.996227999999974,2.6231160448914737,2.6124350091680997,2.5503999446245333
11.998214000000019,2.6231160448914737,2.5644791938338,2.5709350669470172
12.000198000000012,2.6231160448914737,2.546492051868415,2.638354185997635
12.00253600000002,2.6249731238639353,2.586056294044214,2.6289597400757194
12.004156000000023,2.6249731238639353,2.8013925941425653,2.5315033411730647
12.006141000000014,2.6261304349492627,2.7032960462800832,2.606236921039725
12.008117000000027,2.6261304349492627,2.6343770449741695,2.6912348707479086
12.010099000000025,2.6261304349492627,2.646483167652694,2.6239677457524615
12.012203999999997,2.627822505692566,2.7037268637190643,2.583716412661841
12.014065000000016,2.627822505692566,2.6395600213492947,2.6198252361939693
12.016042000000027,2.627822505692566,2.5333542846866366,2.691679305876399
12.018029000000013,2.6297744707756556,2.694134521280615,2.6560512128774985
12.020003000000031,2.6297744707756556,2.6332286250365935,2.592566478743541
12.022334,2.6315674724898943,2.643326917509257,2.656178951889025
12.023971000000017,2.6315674724898943,2.6305849396965844,2.614373919067514
12.02595100000002,2.6315674724898943,2.6212391069311356,2.5706169823143603
12.027935000000014,2.6329611751967743,2.673461102301012,2.6807953969770284
12.029907999999978,2.6329611751967743,2.6409689942042074,2.657829375651937
12.032005999999967,2.6329611751967743,2.6449007721245446,2.5874327108481876
12.03388000000001,2.634367181376758,2.5924221582357108,2.6799356051698693
12.035857000000021,2.634367181376758,2.7512024377876676,2.5229791182967385
12.037833000000035,2.634367181376758,2.700929253547539,2.6330158144870803
12.039814000000035,2.635579915355811,2.687015451149293,2.7447557491574073
12.042146000000002,2.635579915355811,2.7162477025107417,2.7359053262324475
12.043785000000014,2.635579915355811,2.64381666909869,2.620210048891761
12.045757000000037,2.6364750866284963,2.688460094898764,2.768632585268893
12.047738999999979,2.6364750866284963,2.679808390502419,2.665838366439845
12.049721000000034,2.6370109565317525,2.6450659110340045,2.626995593818892
12.051814999999976,2.6370109565317525,2.6343731559638086,2.647878303452661
12.053682000000038,2.6370109565317525,2.6373191401571305,2.614884914039773
12.055676000000005,2.6374813595557867,2.6483143661996813,2.6777127044363893
12.057644000000039,2.6374813595557867,2.5736304581690854,2.6220804971214187
12.05962599999998,2.6374813595557867,2.670895883307781,2.652103858854817
12.061950000000024,2.637622334829754,2.6982052498672586,2.625653112613199
12.063587999999982,2.637622334829754,2.6108134298308703,2.5550894057434257
12.065569000000039,2.637622334829754,2.6136294407213394,2.607499775032672
12.067549999999983,2.637688461642822,2.605127770620928,2.63326855714462
12.069531999999981,2.637688461642822,2.6211384115947576,2.6341555469384357
12.07162900000003,2.637688461642822,2.581564497805906,2.6805097293353692
12.073492999999985,2.6377898358179612,2.6165695321018454,2.667792348293009
12.075481000000025,2.6377898358179612,2.6901604496543543,2.620690438150544
12.077467000000013,2.6377898358179612,2.5852469239895814,2.6174651926825603
12.079438000000039,2.637775448664216,2.6287151891870915,2.6484631963928473
12.081770000000006,2.637775448664216,2.6755386328482187,2.6247046913231986
12.08340000000004,2.6376245169714716,2.6575294684152766,2.6160276740200246
12.085384000000033,2.6376245169714716,2.667965283317518,2.598479211781811
12.087362999999982,2.6376245169714716,2.665378970048733,2.620627748759484
12.08934400000004,2.6377294019309696,2.6485807053178916,2.665047850282718
12.09143899999998,2.6377294019309696,2.582024081272302,2.588493871313276
12.093307000000038,2.6377294019309696,2.6429087066612045,2.6638908995693273
12.095290000000034,2.63817343574521,2.607660969381373,2.7748535486752703
12.09728100000001,2.63817343574521,2.680809680895826,2.613766475065141
12.099257000000023,2.63817343574521,2.606553874382949,2.627089363875454
12.101587999999992,2.6387810791992705,2.690044665954149,2.617703959136395
12.103215000000034,2.6387810791992705,2.644986690575624,2.6559275669199667
12.105200000000025,2.6384293620528187,2.663789408636417,2.623715602503249
12.107173999999986,2.6384293620528187,2.6718670968546308,2.6272370614564484
12.109155000000044,2.6384293620528187,2.7082627261080803,2.562342499654364
12.111249999999984,2.6389127517500444,2.68499709798927,2.626986247598593
12.113117999999986,2.6389127517500444,2.6225211896317826,2.5807464485237444
12.115099000000043,2.6389127517500444,2.6766308200212894,2.602146301318422
12.117085000000031,2.639334913056088,2.6644560450331682,2.698971258445019
12.119069000000025,2.639334913056088,2.688357203000712,2.596097639388433
12.12140199999999,2.639724683230407,2.6494362426210203,2.6215981821459615
12.123024000000044,2.639724683230407,2.71967126397434,2.669160108926965
12.125004999999987,2.639724683230407,2.6541135987963695,2.626274443271998
12.126986000000045,2.6395297750066797,2.567084464568996,2.668504190072403
12.128971000000035,2.6395297750066797,2.6496831493182538,2.724483841117203
12.131062000000043,2.6395297750066797,2.603097751470812,2.662375158870757
12.13292899999999,2.639385860141621,2.624433204117455,2.5770390395325036
12.134910999999988,2.639385860141621,2.6398981850194687,2.688613585715235
12.13689800000003,2.639385860141621,2.669575841602728,2.6222472577352702
12.138873999999987,2.6391739845068902,2.625365054211733,2.54610888894309
12.141194999999982,2.6391739845068902,2.7197169404901547,2.581407983536497
12.142836999999986,2.6391739845068902,2.6483668570215246,2.628217973420575
12.144814999999994,2.638481212749728,2.631931132728483,2.672117279310843
12.14679799999999,2.638481212749728,2.6934594501386906,2.619728524640895
12.148784000000035,2.6374905843975087,2.6571456119355537,2.650756977005182
12.150873999999988,2.6374905843975087,2.5712157501563007,2.615158517490925
12.152741000000049,2.6374905843975087,2.5872960851242865,2.7302163459506366
12.154721999999992,2.6368492254338625,2.7282475996451594,2.601489659763738
12.156710000000032,2.6368492254338625,2.64184679710759,2.7057076777075535
12.158695000000023,2.6368492254338625,2.639375636902679,2.63562491285043
12.161023000000057,2.635356533405436,2.703522062222354,2.6554898488063965
12.162657000000024,2.635356533405436,2.6398396157596866,2.5083334392214054
12.164627999999993,2.635356533405436,2.6226659899373943,2.7151554096586805
12.166607999999997,2.6342594074538477,2.6399696482144472,2.58600520265584
12.168600000000026,2.6342594074538477,2.6218105628632427,2.668498441202453
12.170688000000041,2.633051907229033,2.633454873493499,2.600681180103198
12.172552999999994,2.633051907229033,2.643243567416805,2.5651815464325534
12.174543999999969,2.633051907229033,2.659255276969345,2.678123798480319
12.176515999999992,2.6317336196532075,2.6254004125110804,2.6045669263931233
12.178503000000035,2.6317336196532075,2.634156634885209,2.625993039553897
12.180818000000045,2.6317336196532075,2.638404376947224,2.616558348854721
12.182459000000051,2.631090572593482,2.754884351848879,2.5399796928403875
12.184439999999995,2.631090572593482,2.6581272807710215,2.5704773134281083
12.186429999999973,2.631090572593482,2.505860812899844,2.5280386660140617
12.188400999999999,2.6307208151479298,2.6266224817992225,2.5844117412746943
12.19049700000005,2.6307208151479298,2.570401848668353,2.708773887133468
12.19237400000003,2.6307208151479298,2.617338222686003,2.691328714495306
12.194344999999998,2.629429161918965,2.618031989021853,2.7247837899361924
12.196326999999997,2.629429161918965,2.5527623016800924,2.6788290801118073
12.198313999999982,2.6287125397992783,2.722170832967387,2.644419047417762
12.200643000000014,2.6287125397992783,2.638114861865942,2.7032398091915195
12.202270999999996,2.6287125397992783,2.682420681953115,2.604712586642072
12.204252999999994,2.628346851716602,2.5964728226317932,2.704046674981286
12.206232999999997,2.628346851716602,2.6284426021816083,2.6322174941351637
12.208214000000055,2.628346851716602,2.6661953514710035,2.629525396960732
12.210307999999998,2.6278105926767026,2.5685307185471458,2.630291357142738
12.212176999999997,2.6278105926767026,2.7593647454491173,2.696665800203777
12.214162999999985,2.6278105926767026,2.6908239111460026,2.730719786425166
12.216138000000058,2.626809938692276,2.639119799953035,2.563741300624845
12.218124999999986,2.626809938692276,2.5989418484332356,2.6771013724817596
12.220443000000046,2.625802845558658,2.638248452658604,2.6130835946170476
12.222081000000003,2.625802845558658,2.5194186637083376,2.624233954602052
12.224073000000033,2.625802845558658,2.646253652903359,2.6292261315873846
12.226045000000056,2.6249550630369587,2.7009916418580837,2.6746007652802453
12.228026,2.6249550630369587,2.5544712584733484,2.557937556992195
12.230121000000054,2.6249550630369587,2.597828852100815,2.5572309673087754
12.231988000000001,2.6239739644364826,2.580913340673681,2.6278180013554184
12.233969000000059,2.6239739644364826,2.6828954721878158,2.550916577074908
12.235950000000003,2.6239739644364826,2.651382850931481,2.633305381559612
12.237932,2.6225388691137534,2.5945966458200145,2.672714371006157
12.240275999999994,2.6225388691137534,2.6228295564980435,2.6440461258549393
12.24190299999998,2.6225388691137534,2.632173065979346,2.6418906993096614
12.243875000000003,2.6207070326757322,2.563551876139522,2.5791947277510605
12.245856000000003,2.6207070326757322,2.568222762190321,2.7033517011933466
12.247838000000002,2.6189130888202237,2.5958987789291297,2.683596372210244
12.249932999999999,2.6189130888202237,2.575775851185993,2.685512814077084
12.251800000000003,2.6189130888202237,2.6138955049498733,2.648338297049922
12.253781000000004,2.6170835705404607,2.5779610200466245,2.568074629117455
12.255763000000002,2.6170835705404607,2.6258709324690694,2.552693080391668
12.257744000000002,2.6170835705404607,2.6145969355298737,2.6771837923559634
12.260086999999999,2.615371274647123,2.6478154089418973,2.59119073307458
12.261704000000009,2.615371274647123,2.6300941279513186,2.5452840361182587
12.263695999999982,2.615371274647123,2.520854657156441,2.4930748226296133
12.265667000000008,2.614060971229646,2.5926149230929934,2.667485085900562
12.267652999999996,2.614060971229646,2.6396824460227712,2.670076443904839
12.269747000000052,2.613382912002697,2.675982851081278,2.7246217271392763
12.271612000000005,2.613382912002697,2.6734276137202095,2.62433358370713
12.273593000000005,2.613382912002697,2.6792811436911412,2.6184921543163253
12.275578000000053,2.611989875052987,2.6189965263255814,2.5109013889151073
12.277555000000007,2.611989875052987,2.6692136437567293,2.665185645765316
12.279911000000027,2.611989875052987,2.7069158499932406,2.6024463296123974
12.281517000000008,2.6109065735601105,2.654051955113264,2.6088916304029106
12.283499000000006,2.6109065735601105,2.627977697565357,2.570203240569862
12.285480000000007,2.6109065735601105,2.6399787127014,2.606751503695374
12.287462000000005,2.610473061840518,2.516264956915232,2.626862760752445
12.289556000000061,2.610473061840518,2.588977242864897,2.5929675385592863
12.29143300000004,2.610473061840518,2.481307464924623,2.539644219381907
12.29340400000001,2.609303694632148,2.606454997488198,2.6505769159075467
12.295386000000008,2.609303694632148,2.566886468335527,2.6328454797549328
12.297372000000053,2.608238170756224,2.528698977560531,2.594125625918207
12.299705000000017,2.608238170756224,2.6314647992267166,2.6790049107163996
12.301332000000002,2.608238170756224,2.573583978162064,2.5960903065805043
12.303319999999985,2.607248935022752,2.5993650122189735,2.617249229645151
12.305292000000009,2.607248935022752,2.6281845404218065,2.496540042326548
12.307273000000066,2.607248935022752,2.5332824115699593,2.566383053947115
12.309370000000001,2.6060508052681692,2.6424533926487586,2.6266116228132814
12.311238000000003,2.6060508052681692,2.6089953458206145,2.5920672433631813
12.313225000000045,2.6060508052681692,2.631774644572074,2.6355721977281417
12.315197000000012,2.6045141440391975,2.565990788383138,2.496261468510768
12.31717900000001,2.6045141440391975,2.6582806641560697,2.6361662531548733
12.319520000000011,2.6028595803596875,2.6040894422255074,2.5950180567382497
12.321145999999999,2.6028595803596875,2.6119863308660705,2.671815870387017
12.323122000000012,2.6028595803596875,2.5831516537876382,2.5968494558538557
12.32510400000001,2.600811344562857,2.528625594433848,2.630943799004848
12.327085000000011,2.600811344562857,2.6048014424448858,2.6301414035769834
12.329187000000047,2.600811344562857,2.6314506400413458,2.6483694920281353
12.331046000000015,2.5990472049170332,2.590278021827518,2.6153540097347703
12.333037999999988,2.5990472049170332,2.5518256382744515,2.5999576780954876
12.335009000000014,2.5990472049170332,2.578476904272428,2.589528065567987
12.336989999999957,2.5971446959929825,2.6247801406334377,2.650594749701758
12.339318000000048,2.5971446959929825,2.6384939680912067,2.581894855601171
12.340966000000037,2.5971446959929825,2.644478688901716,2.568902252593139
12.342939000000001,2.595267121972428,2.6450047816852953,2.633025403918324
12.344916000000012,2.595267121972428,2.5426358768401216,2.652175388109831
12.346896000000015,2.5941940474327803,2.6155467265053023,2.6724200687025434
12.349004999999977,2.5941940474327803,2.6044560742099594,2.677400032706245
12.350859000000014,2.5941940474327803,2.5773596710358695,2.6037209690361505
12.352839000000017,2.593212586414514,2.5035883517878843,2.6260593555715834
12.354826000000003,2.593212586414514,2.572938748843823,2.6995572817877114
12.356807000000003,2.593212586414514,2.6813625069580187,2.6451282712197735
12.359143000000017,2.5920319121513984,2.609222793966636,2.673522713299177
12.360775999999987,2.5920319121513984,2.582443434754213,2.640997887157869
12.36275900000004,2.5911869612051452,2.547479046608028,2.553161394049102
12.364726000000019,2.5911869612051452,2.6236504732069528,2.5799956056205446
12.366708000000017,2.5911869612051452,2.6733648301545467,2.5115773874947505
12.368806000000006,2.5904160767954525,2.620579354241791,2.5795641803967877
12.370675000000006,2.5904160767954525,2.5308073855188,2.5621432300285267
12.372652000000016,2.5904160767954525,2.542493156614552,2.557756389896995
12.374633000000017,2.589629304516684,2.532053717397875,2.578770851571955
12.376614000000018,2.589629304516684,2.6953849956718265,2.547394718394825
12.378937000000008,2.589629304516684,2.6030123321321286,2.5306235903918233
12.38059000000004,2.5886314381570297,2.6247980639729156,2.639737442618749
12.382567000000051,2.5886314381570297,2.6072771339482363,2.558845071214266
12.38454200000001,2.5886314381570297,2.610331976786802,2.5757474049612323
12.386521000000016,2.5873529916938165,2.5503892068063103,2.6491634377703828
12.388618000000008,2.5873529916938165,2.537574047034965,2.5495531043513417
12.390485000000012,2.586098567619561,2.5281705293217787,2.6246697805255246
12.392475000000047,2.586098567619561,2.585287739595909,2.523081516636733
12.394447000000014,2.586098567619561,2.561932815128558,2.592578543185342
12.396431000000007,2.584761871934044,2.5587165578944187,2.6169778150481915
12.398765000000026,2.584761871934044,2.5899951328324406,2.5551792071296417
12.400391000000013,2.584761871934044,2.5024135482043435,2.636837566313234
12.402377000000058,2.583009010818638,2.5217893405676,2.6091628936143767
12.404361999999992,2.583009010818638,2.6387962587448013,2.60080694181342
12.406337000000008,2.583009010818638,2.65083182300484,2.6388354981599127
12.40843000000001,2.5809899169877424,2.658567451167499,2.623805256440017
12.410297000000014,2.5809899169877424,2.566783880151444,2.580351536366294
12.412285999999995,2.5809899169877424,2.577107268345628,2.5057356249050575
12.414264000000003,2.5794436188637313,2.6348025101778187,2.6756202781418668
12.416247999999996,2.5794436188637313,2.5006716260438213,2.553666314035922
12.41857200000004,2.577898223939598,2.5672700605004395,2.460993763242549
12.420203000000015,2.577898223939598,2.5991739408429764,2.66087199355269
12.422190999999998,2.577898223939598,2.564227003557762,2.6089835122497282
12.42417000000006,2.576810762042623,2.6316411303798044,2.57876619928685
12.426148000000012,2.576810762042623,2.5818428515713934,2.5740500244302873
12.42823900000002,2.576810762042623,2.515839859058066,2.6218163257755296
12.430107000000021,2.57569377994123,2.555777243875479,2.6873800490444206
12.432093000000009,2.57569377994123,2.530776129379055,2.5569002492096984
12.434071000000017,2.5745625729909727,2.627035673561861,2.5341256762631055
12.436053000000015,2.5745625729909727,2.6148911959763383,2.563629506672652
12.438395000000014,2.5745625729909727,2.6122989835606565,2.5058679760481994
12.440011999999967,2.5736481636608395,2.6111313284774753,2.566679145191987
12.441993000000025,2.5736481636608395,2.618869920367379,2.6365459761426058
12.443985000000055,2.5736481636608395,2.6898410109874815,2.583215178619909
12.445956000000024,2.5736481636608395,2.5611707177870704,2.596204925633704
12.448048999999969,2.5731684746799743,2.5740286565655075,2.62394606544754
12.449917000000028,2.5731684746799743,2.5738968816988113,2.559368197594877
12.451899000000026,2.5726263472170845,2.58673281802133,2.515403340298614
12.453880000000026,2.5726263472170845,2.5892143496883446,2.5638734578228064
12.455872,2.5726263472170845,2.650406774245692,2.5660629054232387
12.458199000000036,2.5718823822952768,2.6488913162680965,2.6128027172562165
12.459824000000026,2.5718823822952768,2.5843972970523255,2.609786178786934
12.461814000000004,2.5718823822952768,2.6166994978144094,2.469487878623144
12.463795000000061,2.5706761385432886,2.496633666011983,2.492682594883415
12.465773000000013,2.5706761385432886,2.6013593983768653,2.628346433693713
12.467862000000025,2.5696881441852306,2.665876296460789,2.51111404063514
12.469728999999973,2.5696881441852306,2.4151009519698565,2.6212230598463178
12.471711000000028,2.5696881441852306,2.6122330962954403,2.44186565392219
12.473692000000028,2.568310841642704,2.6179276127049174,2.6580696837141846
12.475673000000029,2.568310841642704,2.56418505273747,2.5715658002190103
12.478026999999997,2.568310841642704,2.6074817093017026,2.6264724596235123
12.479636999999968,2.566915665534065,2.5496571306001785,2.5761345187428417
12.481616000000031,2.566915665534065,2.6586102650498833,2.6438307471937668
12.483613999999989,2.566915665534065,2.619930940790883,2.641542077531001
12.485591,2.5652347730415435,2.5866547669299162,2.560236792681831
12.48767399999997,2.5652347730415435,2.501870598685197,2.4924280342690754
12.489541000000031,2.5640620668033995,2.5322480518267447,2.478908940168833
12.49152799999996,2.5640620668033995,2.4563350062136355,2.5172028259767316
12.49350400000003,2.5640620668033995,2.5654075880824503,2.520194958569762
12.49548500000003,2.562528830554235,2.5817016514071907,2.639770830064821
12.497817000000055,2.562528830554235,2.551619207408809,2.5365953260916863
12.499457000000007,2.562528830554235,2.5502933354226047,2.5815165612313313
12.501427000000035,2.5619417018326436,2.5448232245609534,2.4878332479446033
12.50341000000003,2.5619417018326436,2.521616332377447,2.5464759620592003
12.505394000000024,2.5619417018326436,2.5509053555026533,2.5646423697116183
12.50749300000001,2.5616502927638396,2.577555218760601,2.560932295641329
12.509352999999976,2.5616502927638396,2.479089564783543,2.4973817104248632
12.511344000000008,2.5616502927638396,2.640188258894941,2.595484091120828
12.51331399999998,2.56091018360295,2.5438414437098698,2.602489649143248
12.515297000000032,2.56091018360295,2.5297140368740303,2.547456683708856
12.51764099999997,2.5603432211192483,2.607045396119966,2.4545472555374057
12.51927900000004,2.5603432211192483,2.62012115655417,2.592074764311671
12.521239999999977,2.5603432211192483,2.6521044116978416,2.5750087396767363
12.523226000000022,2.5598751475174506,2.631356691684465,2.6287623406819005
12.525206999999966,2.5598751475174506,2.496084762564525,2.5071164641833956
12.527301000000023,2.5598130476064487,2.582602223544407,2.648353472829693
12.529165000000035,2.5598130476064487,2.609871529998917,2.533855882364611
12.53115299999996,2.5598130476064487,2.6041504513972473,2.6721720174135863
12.533132000000023,2.5598130476064487,2.487878361515291,2.523783264190168
12.535107000000039,2.5593176196658955,2.5239377894659887,2.579910307772528
12.53744800000004,2.5593176196658955,2.5278105083442504,2.4711302805288455
12.539072000000033,2.5583715944595755,2.600252992740146,2.5468082503349914
12.541052000000036,2.5583715944595755,2.5369748652326836,2.5494584340328394
12.54303299999998,2.5583715944595755,2.589787228532244,2.578812950482542
12.545026000000007,2.5575071643633223,2.5513749153391685,2.5395648408996183
12.547114999999962,2.5575071643633223,2.6000692524947975,2.548438641254123
12.548976000000039,2.5575071643633223,2.5735169995313796,2.613889699900637
12.550962999999967,2.5568716862085688,2.5788886735000194,2.522937026534247
12.55293899999998,2.5568716862085688,2.467597315731623,2.5355868310666754
12.554930000000013,2.5568716862085688,2.517318271385923,2.5774490542204087
12.557272000000012,2.5554868338508965,2.595421333449059,2.559884498244315
12.558883000000037,2.5554868338508965,2.545556212594377,2.5479839296075246
12.560869000000025,2.5554868338508965,2.5069735881305006,2.558729633747402
12.562844000000041,2.5542831366518515,2.4862020996928598,2.4865356373324055
12.564831999999967,2.5542831366518515,2.4707593054230323,2.652122912933352
12.566937000000053,2.55331076190479,2.57943392201686,2.526784108087001
12.568798000000015,2.55331076190479,2.657163869614993,2.5075391646560097
12.570775000000026,2.55331076190479,2.470793978243071,2.564536949333881
12.572749999999985,2.5528107848503447,2.5767408095514077,2.494472412190732
12.57473200000004,2.5528107848503447,2.5411128531635314,2.533359090729239
12.57707099999999,2.5527631693828607,2.5489361724007007,2.6138843238317597
12.578693999999984,2.5527631693828607,2.567264063619782,2.5539561460264935
12.580678999999975,2.5527631693828607,2.479793188515739,2.5155306257397645
12.582659000000035,2.5523649392263543,2.5597193223808254,2.4939175236166
12.58463800000004,2.5523649392263543,2.6438572899679444,2.5692703113758086
12.586749999999995,2.5523649392263543,2.569977819371738,2.5066723454881283
12.588599000000045,2.5519515968949555,2.561959260851292,2.504229022975781
12.590581999999984,2.5519515968949555,2.5627677811627474,2.568685735319946
12.592563000000041,2.5519515968949555,2.5473607973749313,2.594418628039418
12.594553000000019,2.5522371022586734,2.595858117998268,2.5153004382711868
12.596895000000018,2.5522371022586734,2.6153378152311477,2.4751637521315875
12.598505999999986,2.5522371022586734,2.542226166907825,2.5334988400045853
12.600486000000046,2.5522475030806735,2.48402719022982,2.5827841599971832
12.602469000000042,2.5522475030806735,2.6047887094246045,2.5689068271763627
12.60445900000002,2.5522475030806735,2.550310560279514,2.5173261862123804
12.60657500000002,2.552254731733208,2.5447943187905335,2.570652141817732
12.608422000000019,2.552254731733208,2.6036873990902896,2.5171004378232213
12.610402999999963,2.551910164847946,2.5456941779401987,2.4970036086037544
12.612373999999988,2.551910164847946,2.611813760308615,2.6242307195506633
12.614355000000046,2.551910164847946,2.620167674689374,2.610380474329952
12.616694999999993,2.551214489604546,2.610903914499584,2.504966290553235
12.618318000000045,2.551214489604546,2.577419476051547,2.576590459061408
12.620298999999989,2.551214489604546,2.5561332602509577,2.4829892628133856
12.622279000000049,2.550978483968608,2.534670824015062,2.623283471439463
12.62426400000004,2.550978483968608,2.5035534891530724,2.5830516607458462
12.626373999999998,2.550978483968608,2.6201646132386305,2.5615929484327435
12.628224000000046,2.550339940212451,2.5573614424488085,2.482798702068279
12.63020499999999,2.550339940212451,2.5271517634852625,2.6044880764509095
12.632195000000024,2.550339940212451,2.5831028674892282,2.5667929698817042
12.634173999999973,2.5492210328077864,2.6254461976832495,2.5750176587697116
12.636510999999985,2.5492210328077864,2.5609201070453973,2.607964237829477
12.638128999999992,2.548395853410174,2.60301445610482,2.5783624619300007
12.640111000000047,2.548395853410174,2.608778097378248,2.486070785880694
12.642091999999991,2.548395853410174,2.557066573086666,2.6048382609521425
12.644072000000051,2.5477269569532557,2.5372609132684985,2.509034924725342
12.646187999999995,2.5477269569532557,2.5981382712584082,2.5320320203538222
12.648045000000025,2.5477269569532557,2.565268111652328,2.530470936075023
12.650015999999994,2.547964109505268,2.5642373425456246,2.4812525742198446
12.651997999999992,2.547964109505268,2.5473792027952133,2.5089498017860987
12.653988999999967,2.547964109505268,2.5633860408883486,2.4929508662206326
12.656317000000058,2.5482675068138483,2.52767466599456,2.4958104158633683
12.657942000000048,2.5482675068138483,2.5273496908083044,2.542537288496811
12.659924999999987,2.5479302363903455,2.6598538712751334,2.587747500894945
12.66190400000005,2.5479302363903455,2.5470961618010883,2.6419183148327012
12.663884999999993,2.5479302363903455,2.5877501738956865,2.575736973722426
12.665999999999997,2.548236805811057,2.5347005065808097,2.6324474910291435
12.667850000000044,2.548236805811057,2.618612099932545,2.48886389519683
12.66983799999997,2.548236805811057,2.568695477414193,2.6364076155126916
12.671820000000025,2.548468137511641,2.5433676946186745,2.532650381142903
12.673790999999994,2.548468137511641,2.4569185962404005,2.6595707477808483
12.676150000000007,2.549009292760944,2.5209935258953275,2.5005417706398907
12.677752999999996,2.549009292760944,2.590926669669758,2.602561667972074
12.679733999999996,2.549009292760944,2.441728488902397,2.489012798438585
12.681725000000029,2.549009292760944,2.507174732911148,2.492454290552776
12.68369800000005,2.549072624494732,2.3910171238607507,2.660696649855085
12.685814999999991,2.549072624494732,2.437942356884591,2.5062781614258864
12.687662999999986,2.548809562763393,2.5632298521718564,2.561230889851722
12.689641999999992,2.548809562763393,2.48599884244796,2.4901754544665553
12.691621000000055,2.548809562763393,2.5652784960754547,2.5505363710137585
12.693607999999983,2.5488735987432287,2.6047630108821895,2.6504621342850445
12.695943,2.5488735987432287,2.5353976527502966,2.5630248675622336
12.697570999999982,2.5488735987432287,2.54810948915747,2.5221967854513934
12.699545000000057,2.5486470760374176,2.5174257629002095,2.528939881144246
12.701526999999999,2.5486470760374176,2.5632662453034647,2.5425532177623897
12.703508,2.547937449411757,2.548489039610425,2.550307450769256
12.705623000000003,2.547937449411757,2.4859889013208,2.5680981353658074
12.70747,2.547937449411757,2.5250478427380125,2.587816462098396
12.709460000000036,2.547937449411757,2.6147904742826826,2.5165575560376316
12.711432000000002,2.547271648824014,2.614316321880565,2.577273550299258
12.713414,2.547271648824014,2.5540978127185006,2.463470551489705
12.71575800000005,2.5468983279397204,2.410404058045911,2.556791995463677
12.717385999999976,2.5468983279397204,2.5919420945438647,2.5093894506235537
12.719358,2.5468983279397204,2.4812511650590947,2.5384321655747897
12.721338000000003,2.546717911829028,2.518469550210784,2.5725242978373704
12.723320000000001,2.546717911829028,2.5493214747170567,2.615518888595174
12.725437000000056,2.546717911829028,2.622722694521474,2.5329632652222482
12.727283,2.547507000861119,2.5351273976578823,2.565077787155635
12.72927199999998,2.547507000861119,2.5791981373997146,2.5574952885832953
12.731258000000025,2.547718439515979,2.462359398382445,2.4589840837453876
12.733227,2.547718439515979,2.560016675271846,2.5609451544760025
12.735568,2.547718439515979,2.5988431677281363,2.649721093536583
12.737188000000003,2.5477936880814602,2.5282872313318836,2.595240444410855
12.739169000000004,2.5477936880814602,2.5405610102593306,2.5280354079765726
12.741151000000002,2.5477936880814602,2.621114622791902,2.527130359556483
12.743131000000005,2.5486369043035353,2.530785806915462,2.5204117635418544
12.745249999999999,2.5486369043035353,2.5708070684203865,2.5812243334053826
12.747097999999994,2.549140655294365,2.509297044530799,2.552637126295118
12.749078000000054,2.549140655294365,2.54582866655453,2.4757636717541978
12.75106100000005,2.549140655294365,2.4964399556418924,2.5833980352431
12.753047000000038,2.549140655294365,2.4715525146306176,2.5772188535909195
12.755383000000052,2.5496008512858936,2.525785119317957,2.549906258515836
12.757002999999997,2.5496008512858936,2.6090164594619236,2.560509200001157
12.758982000000003,2.54992954139693,2.5631552731062475,2.5078673913687703
12.760962000000006,2.54992954139693,2.5882441398204548,2.6254374186944545
12.762944000000005,2.54992954139693,2.4939010140500057,2.4772141727573764
12.765051000000028,2.5499180376695283,2.6560284876988223,2.5474999790726764
12.766910000000053,2.5499180376695283,2.598068780688966,2.550996016582913
12.768895999999984,2.5499180376695283,2.500866716988661,2.530849267318922
12.770883000000026,2.549934036540195,2.5267954136822635,2.553253913052835
12.772849000000065,2.549934036540195,2.473283201085329,2.5004799612574207
12.775191000000007,2.5498639767720284,2.4674470854277932,2.521876688602408
12.776811000000066,2.5498639767720284,2.5697039560586155,2.501426899584562
12.778793000000007,2.5498639767720284,2.4372007118410197,2.5408796383777354
12.780775000000006,2.549322239743181,2.5556437712801032,2.620327463639884
12.782758999999999,2.549322239743181,2.5125684379605873,2.5755274261694634
12.784860000000037,2.549322239743181,2.576310955693188,2.48603085229404
12.786718000000008,2.5491062682525785,2.554824333576888,2.5363420536177737
12.788699000000008,2.5491062682525785,2.4778240879196547,2.5477194557085907
12.790687000000048,2.5491062682525785,2.536240459370481,2.5159216090238146
12.792670000000044,2.548736479087048,2.555213188564258,2.5260083895170866
12.79500200000001,2.548736479087048,2.552136319757457,2.6133977743541323
12.796633000000043,2.548736479087048,2.5436158161545155,2.463984649748098
12.798604000000012,2.5491116448499116,2.610428887220944,2.570318824959786
12.80059799999998,2.5491116448499116,2.6038554297389145,2.458433555093161
12.802579000000037,2.549954586310328,2.4932756373393645,2.564683692487834
12.804667999999992,2.549954586310328,2.479516746149355,2.5068608095945706
12.806532000000004,2.549954586310328,2.484682530000485,2.5820743472935166
12.808513000000005,2.5503587263664076,2.5395718532843268,2.6485485963688835
12.810510000000022,2.5503587263664076,2.560373326865,2.547671278995891
12.812475000000006,2.5503587263664076,2.6403163929697744,2.617081241800169
12.81481500000001,2.550639527778244,2.5051896013901174,2.585263844140302
12.816436000000067,2.550639527778244,2.5502136674627636,2.5736339313723913
12.818427999999983,2.550639527778244,2.5383353104833093,2.498231320699708
12.820397000000014,2.5513880300570193,2.57420119018514,2.60689325360773
12.822381000000007,2.5513880300570193,2.547765431902045,2.5727113714139587
12.824488999999971,2.5513880300570193,2.508088927161426,2.4993277165058694
12.826344000000063,2.552091118006207,2.558735346890332,2.506158115837717
12.828325000000007,2.552091118006207,2.63762764494739,2.5243583266137826
12.830309,2.5526497179890417,2.5492171888535013,2.509282047006719
12.832292999999993,2.5526497179890417,2.635664270339764,2.5456692823321068
12.834619999999973,2.5526497179890417,2.547072223946479,2.5814512306403694
12.836250000000007,2.552949636484112,2.612187042478963,2.5417593680632176
12.838239999999985,2.552949636484112,2.5237296061485206,2.563842552637185
12.840210000000013,2.552949636484112,2.577166480527284,2.490761108431321
12.842192000000011,2.552949332781767,2.609640644914082,2.6050684723723863
12.844295000000045,2.552949332781767,2.5947389610890954,2.596952608640097
12.84615500000001,2.553294628084728,2.642261431225422,2.6581126743862704
12.84813600000001,2.553294628084728,2.693608310550524,2.501326275420083
12.850125999999989,2.553294628084728,2.47856188700657,2.495602084517941
12.852101000000005,2.553294628084728,2.4955469580004648,2.4874091940828045
12.854427999999984,2.55304455719043,2.4809168941649564,2.6144633873083554
12.856059000000016,2.55304455719043,2.649500872850789,2.4829107439461087
12.858038999999962,2.5525217387465315,2.52204339320623,2.5304445067908707
12.860023000000012,2.5525217387465315,2.535143571648768,2.473616084523246
12.862002000000018,2.5525217387465315,2.5786383982852112,2.5563546466702483
12.864105000000052,2.552437371039953,2.550279542587289,2.563539320028595
12.865975000000049,2.552437371039953,2.5702845673371435,2.575655240569356
12.867946000000018,2.552437371039953,2.5225097253455897,2.547548979621541
12.86992600000002,2.5521315036748575,2.6243031310075144,2.494938827055128
12.871910000000014,2.5521315036748575,2.497196500636898,2.5775387533935987
12.874250000000018,2.552638248945574,2.547410358475479,2.5557264656908596
12.875869999999964,2.552638248945574,2.5658837012110696,2.555067750789534
12.877852000000019,2.552638248945574,2.5855932928765846,2.508597774858561
12.879841999999996,2.5534255974634643,2.572619428339114,2.5734830429158193
12.88181400000002,2.5534255974634643,2.5377280535413993,2.595033111668698
12.88391200000001,2.5534255974634643,2.518040278843356,2.5116423775884216
12.885775000000024,2.5536973602344246,2.640839256521214,2.4862813561685386
12.88775800000002,2.5536973602344246,2.488361441497851,2.5910813638262384
12.88973900000002,2.5536973602344246,2.595433089677427,2.4638714951790583
12.891725000000008,2.5540260323759267,2.4919951600930244,2.5038175520267343
12.894061000000022,2.5540260323759267,2.5769536618522877,2.5158603185197763
12.895682000000022,2.5550000836541797,2.602485455874332,2.5121771604558063
12.897663000000023,2.5550000836541797,2.4875721994297466,2.5916827801768614
12.899647000000016,2.5550000836541797,2.5885462906629026,2.6127519109749464
12.901625999999965,2.555806185081955,2.5234855705487877,2.6059364731742813
12.903724000000068,2.555806185081955,2.4397536915212448,2.5089573387168516
12.905587999999966,2.555806185081955,2.595826377615726,2.6303756989719957
12.907578999999998,2.5564063298718094,2.503278893495851,2.492197803773697
12.909551000000022,2.5564063298718094,2.522278326433917,2.5686507543342962
12.911532000000022,2.5564063298718094,2.482350014760796,2.565685039660909
12.913882999999998,2.5565788267555463,2.5206086675206016,2.6323472071261715
12.915494000000024,2.5565788267555463,2.626831397887579,2.581753882239639
12.91748100000001,2.5565788267555463,2.6452851206471344,2.6410642601330365
12.919455000000028,2.5570422397222603,2.5145951250770078,2.513548104399439
12.921440999999959,2.5570422397222603,2.547380379426002,2.599846789545665
12.923553000000027,2.5568536738700716,2.569591741098114,2.6138208505450327
12.925405000000012,2.5568536738700716,2.5034522651864677,2.5841083379593264
12.927382000000023,2.5568536738700716,2.588013109699232,2.515721317787034
12.929363000000023,2.5568536738700716,2.627455483795894,2.5432701570851113
12.93134299999997,2.556740387541692,2.494927137174208,2.5882452790520585
12.933678999999984,2.556740387541692,2.624276436225605,2.595329852625143
12.935304999999971,2.556134672228157,2.4954181634174266,2.50834635023503
12.937287000000026,2.556134672228157,2.540946553746139,2.499359385162035
12.939278000000002,2.556134672228157,2.680837029287074,2.619789547360834
12.94125200000002,2.5562053551348605,2.6491317424604186,2.6056821105637162
12.943347000000017,2.5562053551348605,2.4875896095677845,2.620411484601958
12.945221000000004,2.5562053551348605,2.597816032627516,2.6480541854674553
12.947201000000007,2.5558043272931594,2.4889958043511475,2.5638280793227066
12.94917399999997,2.5558043272931594,2.5814172877668677,2.4783724484754623
12.951155000000028,2.555987184584803,2.5356713399738973,2.628782913164809
12.95350400000001,2.555987184584803,2.5864413990866293,2.5493318900261426
12.955127000000005,2.555987184584803,2.572210036067963,2.6424251566112713
12.957097999999974,2.5566748658517637,2.5687419117672934,2.5155765917272785
12.959080000000029,2.5566748658517637,2.546722631829427,2.605412575106512
12.961071000000004,2.5566748658517637,2.6687052189296634,2.5045168242155675
12.963163000000009,2.557125015262118,2.532594356337713,2.631898724132945
12.965024000000028,2.557125015262118,2.523924344898137,2.480229698383765
12.967015000000004,2.557125015262118,2.6354744140987365,2.56082342999099
12.968985000000032,2.5570722929417804,2.5049281282410796,2.5518401963321296
12.970966999999973,2.5570722929417804,2.6077960677616785,2.524943253900433
12.97329400000001,2.557933789998768,2.5421376404284897,2.557443267914396
12.974943999999994,2.557933789998768,2.5151892530592805,2.520900469618036
12.976910000000032,2.557933789998768,2.614920599176882,2.543292803746774
12.978891999999973,2.55882178415603,2.574092817365873,2.566208515824639
12.980873000000031,2.55882178415603,2.5623183232705546,2.516125295089498
12.982985000000042,2.55882178415603,2.568188339530807,2.5535902222131135
12.984834000000035,2.5592557654318786,2.593779100497769,2.5950806233889114
12.986815999999976,2.5592557654318786,2.4867800853968363,2.5146899405398306
12.988807000000008,2.5592557654318786,2.6136916522153304,2.5638709928643544
12.99078000000003,2.5595232997891113,2.4733990723320436,2.5050917341676135
12.993127000000015,2.5595232997891113,2.504833495273894,2.6409502769636073
12.994754999999998,2.5595232997891113,2.5970535621038597,2.580111538231863
12.99672899999996,2.5595413945494903,2.610771203100554,2.4929370345067947
12.998703000000035,2.5595413945494903,2.532714066627167,2.6514732253068005
13.000684999999976,2.55937722286573,2.601603961653867,2.577468104017632
13.00278800000001,2.55937722286573,2.542826488518826,2.515689978822154
13.004646999999977,2.55937722286573,2.477216828386227,2.6816509754279862
13.006628000000035,2.559289770693916,2.5274547826728107,2.551542301858894
13.008614000000023,2.559289770693916,2.489545571516569,2.4787194716918375
13.010590000000036,2.559289770693916,2.558768752609547,2.621269396401305
13.01291500000002,2.5585834704696215,2.5722250346905833,2.573618450411097
13.014568999999995,2.5585834704696215,2.579900040916813,2.6267816651482954
13.016542000000015,2.558378858769541,2.491334951830852,2.5648438774434306
13.018515999999977,2.558378858769541,2.579969025756952,2.52316404379646
13.020497000000034,2.558378858769541,2.5864527439385365,2.4985987611771785
13.022610000000043,2.5580765734497786,2.6248977854546034,2.5192410431885723
13.024459000000036,2.5580765734497786,2.529787043899008,2.5232325109780263
13.02643999999998,2.5580765734497786,2.504510225677051,2.4773849280405034
13.028426000000024,2.5578917287594405,2.5174803748306953,2.519502703888558
13.030401999999981,2.5578917287594405,2.567405577940189,2.5487858184366834
13.032746000000031,2.5578917287594405,2.5561054706747917,2.5429121333779787
13.034362999999985,2.558434965280947,2.5492208323126158,2.39779288489989
13.03635300000002,2.558434965280947,2.5296634109777973,2.5028629952144863
13.038326999999981,2.558434965280947,2.588216368337478,2.5499434566073558
13.040307000000041,2.558862538123279,2.585643053877805,2.5246596230379557
13.042416000000003,2.558862538123279,2.544960339929415,2.5846329040028637
13.04427099999998,2.5587175068207006,2.6752924114955863,2.529357982241146
13.046252000000038,2.5587175068207006,2.491837206912651,2.552818518768796
13.048232999999982,2.5587175068207006,2.5320179957246745,2.5776724074553
13.050224000000014,2.5595753242099444,2.5087945079189238,2.6078510010964435
13.052548999999999,2.5595753242099444,2.5211275366763792,2.5622990627219977
13.05417600000004,2.5595753242099444,2.5470464620677236,2.4721988625382982
13.056171000000006,2.560123432485236,2.5758626339990687,2.6290139707607993
13.058138000000042,2.560123432485236,2.5612640949915635,2.60968128102908
13.060129000000018,2.560123432485236,2.7004428055591503,2.5086808335098425
13.062216999999976,2.5605056899316327,2.4790245618057423,2.5733527017056117
13.064086000000032,2.5605056899316327,2.5423809545500875,2.5136038365084894
13.066063000000042,2.5607911792222335,2.592402420924093,2.534597204160199
13.068043999999986,2.5607911792222335,2.42051790929148,2.5958970984994396
13.070025000000044,2.5607911792222335,2.596820835257149,2.5703224977660084
13.072373000000027,2.560911591356091,2.6309178363406116,2.577079273465416
13.073987999999986,2.560911591356091,2.543965599874424,2.582486895837855
13.07597400000003,2.560911591356091,2.526243584456774,2.630962038388787
13.07794899999999,2.5606828674421287,2.5354551979060735,2.59384556159491
13.079931000000045,2.5606828674421287,2.577349530845885,2.561900196083284
13.082030000000032,2.5606828674421287,2.5677689308380227,2.5438790962839755
13.083893000000046,2.5606519751680987,2.590571880860486,2.5524451012883596
13.085878000000037,2.5606519751680987,2.5185150197555455,2.5440835672143565
13.087856000000045,2.559974324809578,2.60548344183778,2.56418148563207
13.089836999999989,2.559974324809578,2.553627221786926,2.494274276374978
13.09217000000001,2.559974324809578,2.6869460293491128,2.5610922723961833
13.093809000000022,2.5596599211319573,2.509231364430084,2.6218956790141674
13.095784000000037,2.5596599211319573,2.6302157162873705,2.5611570815474356
13.097765999999979,2.5596599211319573,2.523888380020589,2.5569412042447133
13.099752000000024,2.5592052764496573,2.4959171344269357,2.4734190850883073
13.101842999999974,2.5592052764496573,2.5581121837512426,2.488869070366219
13.103705999999988,2.5592052764496573,2.500093972345233,2.494276721767521
13.105687000000046,2.559001629874474,2.5768658132159095,2.5412720522393184
13.10766799999999,2.559001629874474,2.608368834199425,2.5388419356247653
13.109659000000022,2.559001629874474,2.5349462990506595,2.5334629619088767
13.111991000000046,2.559742187220178,2.518070023677123,2.561959291427817
13.11361199999999,2.559742187220178,2.6085390195828326,2.61730286641424
13.115603000000021,2.559742187220178,2.5084335072752575,2.5912429576971956
13.117587999999955,2.5600718323468366,2.482291945974939,2.6423053628735524
13.119556000000046,2.5600718323468366,2.6046517753218494,2.4791412995071416
13.12165299999998,2.560019169065514,2.5694155921097503,2.571028150112269
13.123527000000024,2.560019169065514,2.5575341102843288,2.5457805271089295
13.12549899999999,2.560019169065514,2.5133815758517657,2.5912547152075533
13.127480000000048,2.5607968939301964,2.5937392430906865,2.5246937260400486
13.129470000000026,2.5607968939301964,2.5985255424138662,2.566872853155368
13.131797000000006,2.5607968939301964,2.4630315707294175,2.5369101526288778
13.133421999999996,2.561177278408419,2.7060498534827495,2.582137452133878
13.135405000000048,2.561177278408419,2.491509356776585,2.623049069069971
13.137401000000011,2.561177278408419,2.527798968384166,2.4601817730421525
13.139373000000035,2.5614635807834065,2.5375124089745684,2.54112708290176
13.14146500000004,2.5614635807834065,2.460981067349924,2.646996551580171
13.143328999999994,2.5617789575625554,2.5131467381355175,2.611008247448798
13.145309999999995,2.5617789575625554,2.5312170010554627,2.59001134777757
13.147291999999993,2.5617789575625554,2.542457404140839,2.518587398197426
13.149271999999996,2.5618560439955105,2.521660261019702,2.52450569155535
13.15160800000001,2.5618560439955105,2.6193468663431383,2.5684841547817077
13.153243999999972,2.5618560439955105,2.5778023400821173,2.5555188467045755
13.155219000000045,2.5617979558842148,2.6079785768100745,2.503713208663985
13.157199999999989,2.5617979558842148,2.545043431916789,2.5376687614500493
13.159193000000016,2.5617979558842148,2.5953852876643486,2.6820071592482178
13.161275999999987,2.5617651878104457,2.5714860309234817,2.582204217108099
13.163140999999996,2.5617651878104457,2.5995540630864746,2.4843314623558364
13.165122000000054,2.5607640053683083,2.508146033091201,2.6448909732652615
13.167110000000037,2.5607640053683083,2.6197428122922353,2.5308453807647315
13.169083999999998,2.5607640053683083,2.5700369835263612,2.652642668480606
13.17141700000002,2.560626989858787,2.562392616145534,2.607909798575474
13.173045000000059,2.560626989858787,2.6298692526267087,2.414148683854499
13.175027999999998,2.560626989858787,2.54642981977556,2.456271446099846
13.177013000000045,2.5600911645085302,2.5418392165403847,2.558739044781499
13.17899600000004,2.5600911645085302,2.62608998727424,2.5828605697885063
13.181099000000017,2.5600911645085302,2.540525781704895,2.5905679903933287
13.182951000000003,2.5600438658769953,2.5498474212115503,2.6104145308776747
13.184933999999998,2.5600438658769953,2.484465734864111,2.5510334860936674
13.186923999999976,2.5600438658769953,2.5140839886268496,2.4859825924194374
13.188904000000036,2.5608487841070797,2.611219606822805,2.5414066182573682
13.191232000000014,2.5608487841070797,2.573049972659109,2.464261854491916
13.192858000000001,2.5607263397584066,2.506251627297348,2.5430162939654952
13.19484,2.5607263397584066,2.531126211514571,2.6210683002523245
13.196821,2.5607263397584066,2.513802623429321,2.636216275524886
13.198802,2.560802271291557,2.578705983869827,2.536487241833086
13.200902999999983,2.560802271291557,2.5839724843437435,2.5809604609504766
13.202770999999984,2.560802271291557,2.5303731433639043,2.4911638892855126
13.204745000000003,2.561822153418749,2.508790258885074,2.6085960685662517
13.206726000000003,2.561822153418749,2.477988412226667,2.523037282960193
13.208716999999979,2.561822153418749,2.634064024013963,2.5410307775333547
13.211037000000033,2.562054978302626,2.548109761763141,2.594881379602759
13.21267000000006,2.562054978302626,2.589713070381564,2.5402370000360186
13.214654000000053,2.562090701108822,2.508961368358813,2.5854892986510105
13.216635999999994,2.562090701108822,2.543753262482104,2.5439254889260265
13.218623000000036,2.562090701108822,2.504205051119578,2.582873937916577
13.220719000000031,2.5626824234027543,2.5945880686175897,2.5621121526530737
13.222583000000043,2.5626824234027543,2.601204884282216,2.6192813208065604
13.22456900000003,2.5626824234027543,2.602902292102393,2.5242073097914606
13.226545000000044,2.5626623464505407,2.5224001582904916,2.6001422626543045
13.228523000000052,2.5626623464505407,2.5677179162844146,2.561003133036591
13.230867999999987,2.5626623464505407,2.5016584968818125,2.583666234195277
13.232483000000002,2.5625912568973908,2.5687218965321557,2.526711173524048
13.234465999999998,2.5625912568973908,2.601143643390798,2.64014359561007
13.236447000000055,2.561992942366116,2.5422807425308354,2.587272745572363
13.238429999999994,2.561992942366116,2.554190223320649,2.498532381339738
13.240535000000023,2.561992942366116,2.5140500862937096,2.6071994324247276
13.242398000000037,2.5612113878486915,2.5194253977314442,2.658766467598667
13.244371999999998,2.5612113878486915,2.520183095813351,2.512874131900075
13.246352000000002,2.5612113878486915,2.52522286414621,2.5131283965828013
13.248332000000005,2.560563241944041,2.60844396864427,2.632558373414278
13.250663999999972,2.560563241944041,2.52461253250822,2.527771895411248
13.252296999999999,2.560563241944041,2.559364040846344,2.6085950534050864
13.254276000000004,2.5601739069416762,2.6007393752838097,2.5721550068422956
13.256259,2.5601739069416762,2.575377555425962,2.5372783367522818
13.25824,2.5594647726239095,2.688384198174067,2.561986604350639
13.260351000000014,2.5594647726239095,2.5932937442763,2.615282020540596
13.262202000000002,2.5594647726239095,2.5434405892110052,2.581322218780405
13.264183000000003,2.5601066373972508,2.488532690967802,2.5117105994402826
13.266164000000003,2.5601066373972508,2.6194137414542977,2.5417160556151175
13.268146999999999,2.5601066373972508,2.537337155770758,2.609094418932661
13.270477999999969,2.5601438298048635,2.5204374187407597,2.6488788935171814
13.27211600000004,2.5601438298048635,2.5134279282533707,2.5969534040378432
13.274094000000048,2.5601438298048635,2.503725583238962,2.680506626329899
13.276067000000012,2.55995537375939,2.5481821976974164,2.549021465212227
13.27804900000001,2.55995537375939,2.53371309383263,2.5964212386646763
13.280171000000053,2.55995537375939,2.56939844589839,2.5758445373403833
13.282012000000009,2.5604009021842122,2.670841312976115,2.65566605111621
13.28399300000001,2.5604009021842122,2.5634261595889636,2.5632140479592587
13.285974000000067,2.5606075161455415,2.6477545860421166,2.618095809037048
13.28795500000001,2.5606075161455415,2.5443741166473477,2.5568815005216825
13.29028500000004,2.5606075161455415,2.5491059096375683,2.526265699257439
13.291916000000015,2.560920472858054,2.445070944557734,2.649209210523135
13.29390699999999,2.560920472858054,2.6216802008275635,2.5548416057107386
13.295886999999993,2.560920472858054,2.5175828951552566,2.5706120757622446
13.29786200000001,2.5610752759751825,2.5997812225513575,2.516360353254667
13.299961999999994,2.5610752759751825,2.437380426978538,2.6091936112930805
13.30183599999998,2.5610752759751825,2.5263795543556378,2.497950748629544
13.303803000000016,2.5608170230466136,2.5666863868025818,2.499567128123353
13.305790000000059,2.5608170230466136,2.5497631015306514,2.620254906052333
13.307776999999987,2.5605526286678995,2.5180472497823834,2.5641003044480994
13.310102000000029,2.5605526286678995,2.5699291175727463,2.5426781964148386
13.311729000000014,2.5605526286678995,2.5973394764902693,2.5042005462783963
13.313710000000015,2.5603866046336075,2.487431566466592,2.588027657977006
13.315690999999958,2.5603866046336075,2.5846406212735946,2.6051036222405375
13.317672000000016,2.5603866046336075,2.6137425056264427,2.5828576844504747
13.319771000000003,2.5598493964379405,2.6083464923255866,2.472550729314158
13.321641,2.5598493964379405,2.560611822148207,2.617653728983291
13.323616000000015,2.5598493964379405,2.544297130088066,2.5774215773233102
13.325596000000019,2.558464218124732,2.589919741895492,2.5353608430065027
13.327578000000017,2.558464218124732,2.5496271087654825,2.564974898807532
13.32991000000004,2.557667205368804,2.619652862080145,2.503957401992956
13.331549999999993,2.557667205368804,2.673394761261627,2.5889156085130876
13.333522000000016,2.557667205368804,2.4986616824695327,2.5470273513699895
13.335514000000046,2.557667205368804,2.574639297947122,2.600096938607251
13.33748300000002,2.556914653972246,2.5522854371220176,2.5796519722850006
13.339582000000007,2.556914653972246,2.456352150688426,2.5720176219990907
13.341460999999981,2.556319521409124,2.575904949802536,2.5856129118586413
13.343428000000017,2.556319521409124,2.5492273177075844,2.599014570082726
13.345409000000018,2.556319521409124,2.597607430448816,2.4960602134387546
13.347389000000021,2.5563737149890735,2.6011396386702987,2.607377168106542
13.349725000000035,2.5563737149890735,2.5648936613812023,2.46807837884122
13.351361999999995,2.5563737149890735,2.603021494580659,2.5497898159918995
13.353342999999995,2.5558830707283122,2.493390776948899,2.6260488656082717
13.355315000000019,2.5558830707283122,2.5525651029544654,2.5671001342312922
13.357304999999997,2.5553317736349777,2.613752110789789,2.543142421370574
13.35940400000004,2.5553317736349777,2.597270762252857,2.5320721915361393
13.361261999999954,2.5553317736349777,2.546710047026945,2.5000416581185863
13.36324600000006,2.5556446532691806,2.57709326660728,2.644967055244814
13.365219000000025,2.5556446532691806,2.5152025688175597,2.4813159393435975
13.367201999999963,2.5556446532691806,2.632683237708168,2.496956977880685
13.369537999999977,2.5555073043988066,2.6023832401869544,2.470895359177824
13.371163999999965,2.5555073043988066,2.561703349113574,2.6355767488747595
13.373145000000022,2.5555073043988066,2.5747415769594473,2.542976849914217
13.375125999999966,2.555335538070447,2.5789731486720133,2.5889815166622783
13.377108000000021,2.555335538070447,2.5862986447751832,2.586536511344755
13.379212999999993,2.55512610938576,2.5413597422662217,2.5832727079397944
13.381070000000022,2.55512610938576,2.5890580768601277,2.562528740941468
13.383055000000013,2.55512610938576,2.65379794365199,2.565383209483121
13.385032000000024,2.5544562314694357,2.5984177530988037,2.6188996884609765
13.387014000000022,2.5544562314694357,2.5378078167352704,2.5562580487434614
13.389349000000038,2.5544562314694357,2.5374357784594888,2.5222698501145357
13.390978000000018,2.553933720529291,2.565401630832035,2.6173603605371087
13.392956999999967,2.553933720529291,2.6296792635836392,2.5791069808019405
13.394938000000025,2.553933720529291,2.5765209199173214,2.4447355601641463
13.396929,2.553324906004089,2.463830849457638,2.530675389481838
13.399017000000015,2.553324906004089,2.502981905911182,2.543351704854616
13.400894999999991,2.553324906004089,2.5032494429620904,2.626461043794649
13.402870000000007,2.5521833869972435,2.584175839145949,2.555448524379049
13.404844000000026,2.5521833869972435,2.4893992733258554,2.5162779284271277
13.406836999999996,2.5521833869972435,2.606045214048717,2.4988880892371452
13.409150000000011,2.5505777572131527,2.6354359030813828,2.552314015905391
13.410787999999968,2.5505777572131527,2.594255608832554,2.600062560343661
13.412768000000028,2.5494688168651067,2.447392284096244,2.6377741991534793
13.41474999999997,2.5494688168651067,2.5073381427232992,2.482026261319701
13.416740000000004,2.5494688168651067,2.5364690544207886,2.5598929145464724
13.418837999999994,2.5485491976357446,2.5216679586455193,2.52827374666874
13.420694000000026,2.5485491976357446,2.50257264292178,2.5433629360480072
13.422688999999991,2.5485491976357446,2.5084785350002994,2.5115304535593106
13.424668999999994,2.5479765945718147,2.552519618334022,2.4752807123769327
13.426636999999971,2.5479765945718147,2.5219935872428842,2.5670390036983104
13.428989999999999,2.547541643444352,2.5317743814774425,2.5288768613082704
13.430607000000009,2.547541643444352,2.583264505827515,2.5874892888507244
13.432581000000027,2.547541643444352,2.4338717827439043,2.553428684764001
13.434571000000005,2.547541643444352,2.46686747428104,2.629743540595681
13.436546000000021,2.5468421065977496,2.522437659308723,2.611075549739728
13.438641000000018,2.5468421065977496,2.5262725627033036,2.648807064364745
13.440504999999973,2.5461232807241423,2.515403595900041,2.5021193253921
13.442487000000028,2.5461232807241423,2.5467762019299727,2.610985475650396
13.444479000000001,2.5461232807241423,2.527352421611054,2.5529564551423793
13.446448000000032,2.5460897511735827,2.6218691839866866,2.5757809263235485
13.448777000000007,2.5460897511735827,2.494530000870965,2.5475977405836274
13.450421000000006,2.5460897511735827,2.5509382623174677,2.555500689113285
13.452394000000027,2.545893842508592,2.532703267466877,2.5281002880264007
13.454373000000032,2.545893842508592,2.5428596026359007,2.6110074906928387
13.45635500000003,2.545437140522774,2.5290651856564357,2.5068943437062727
13.458461999999997,2.545437140522774,2.5893721034001658,2.547845937420275
13.460317000000032,2.545437140522774,2.5640131209762727,2.5813928233766434
13.462297999999976,2.5449060671584056,2.488530443085057,2.5290541851962853
13.46428800000001,2.5449060671584056,2.6060706207922477,2.5958424247343204
13.466260999999975,2.5449060671584056,2.5700723448834584,2.5290141505972983
13.468605000000025,2.5441976795448547,2.5265003919126654,2.5361860373333167
13.470225000000028,2.5441976795448547,2.582790805151519,2.6078324694340647
13.472205999999971,2.5441976795448547,2.5125913397021704,2.5216291348850723
13.47418399999998,2.5433811159629647,2.5526946416145493,2.596867984181138
13.476167000000032,2.5433811159629647,2.4875212747493176,2.57880102205386
13.47826600000002,2.5423118265923024,2.581020063419335,2.645262563337638
13.480128000000036,2.5423118265923024,2.5609326752691537,2.5164252849003437
13.482110000000034,2.5423118265923024,2.5421706264952815,2.528877726070385
13.484095000000025,2.5409835863197303,2.567535708514842,2.5565866545380556
13.486081000000013,2.5409835863197303,2.463697194629392,2.527987638193435
13.488399000000015,2.5409835863197303,2.581689990189843,2.5648915038447426
13.490034000000037,2.5393470944175216,2.5009634406660495,2.549293523995055
13.492015999999978,2.5393470944175216,2.624348096687733,2.481244431705687
13.494004000000018,2.5393470944175216,2.536966443615961,2.5024754065803316
13.495976999999982,2.5380431749972936,2.473868961744507,2.625737760073309
13.498075999999969,2.5380431749972936,2.650556914498061,2.5187784103024895
13.499940999999978,2.5366292492275417,2.5708094670539796,2.559461368967726
13.501922000000036,2.5366292492275417,2.4848193122878555,2.507060312589036
13.50390299999998,2.5366292492275417,2.5497057039262234,2.5005177708868978
13.505889000000025,2.5358733277949277,2.586587154719518,2.5912953917258785
13.508225000000039,2.5358733277949277,2.3812459847256187,2.550467913679863
13.509846000000039,2.5358733277949277,2.5443554877124215,2.4910267918344697
13.511826999999982,2.5355186737195,2.5359029623458955,2.5472351685725068
13.513819000000012,2.5355186737195,2.5377644495016707,2.5569589222990765
13.515792000000033,2.5355186737195,2.4559213413093994,2.6221902547071734
13.51789100000002,2.5345856948761574,2.5213362084233273,2.4343679171873682
13.51975200000004,2.5345856948761574,2.458896102629839,2.5906007250953045
13.521744000000012,2.5345856948761574,2.552519672460356,2.516925144609063
13.523712999999987,2.53382616985728,2.5051605042548104,2.6330324730414625
13.525701999999967,2.53382616985728,2.5428886276853517,2.6173646098167866
13.528023000000019,2.533496275044077,2.5334249243470808,2.6260864929843657
13.529656999999986,2.533496275044077,2.5436839898689088,2.514427059267635
13.531639000000041,2.533496275044077,2.5091444333405777,2.471595351890666
13.533630000000016,2.5326842757714365,2.5325696885008435,2.53469545220796
13.535601000000042,2.5326842757714365,2.541295979141693,2.490275093184377
13.53770000000003,2.5326842757714365,2.6008264759310094,2.531110674412344
13.539563000000044,2.5323162566826607,2.5462267221916335,2.468196233408918
13.54154600000004,2.5323162566826607,2.5679570210833855,2.513474036669087
13.54353500000002,2.5323162566826607,2.568893564691508,2.6047027721189506
13.545513000000028,2.531479480108984,2.5303356119055875,2.5449769977748677
13.547844000000055,2.531479480108984,2.5625237900364217,2.479653225844924
13.549470000000042,2.5304853138905026,2.553599911995476,2.5609034526995567
13.551450999999986,2.5304853138905026,2.4454279785252213,2.4996593828133027
13.553432000000043,2.5304853138905026,2.561251245260192,2.590529800215679
13.555420000000026,2.5294906255086786,2.581817728032447,2.578941297492172
13.557521000000008,2.5294906255086786,2.550919396107861,2.563347964918041
13.559374999999989,2.5294906255086786,2.478633459444296,2.6175685157007624
13.561356999999987,2.5284883710267088,2.4863183423124937,2.5195527147256147
13.563337999999987,2.5284883710267088,2.488735284741498,2.628161769756454
13.565328000000022,2.5284883710267088,2.544467899519311,2.554056407868376
13.567654000000005,2.5265908833173434,2.567446353883649,2.5672974357691323
13.569285000000036,2.5265908833173434,2.4240084945260425,2.4193455482302335
13.57126900000003,2.5249423302150302,2.503853734039523,2.5185182251449127
13.57324600000004,2.5249423302150302,2.523965486992709,2.5129362524064476
13.575225000000046,2.5249423302150302,2.5348938424336906,2.4689805360454278
13.577334000000008,2.5249423302150302,2.4819831803014436,2.4787130134407525
13.57918600000005,2.5234988283621878,2.521289061005194,2.584745394439863
13.581168999999989,2.5234988283621878,2.529030677054954,2.556723803060937
13.583155000000033,2.521845450128877,2.5162788846278166,2.557420165114597
13.58513099999999,2.521845450128877,2.536100390396561,2.6275240964863293
13.587488000000008,2.521845450128877,2.513640302015968,2.548364174582546
13.589091999999994,2.521252973765588,2.533627313308815,2.591948852448253
13.591073999999992,2.521252973765588,2.4836829941472565,2.5374222498832886
13.593065999999965,2.521252973765588,2.518574923701221,2.491677318266914
13.595042000000035,2.5205014726496104,2.4954303397971525,2.5220963917489247
13.597147000000007,2.5205014726496104,2.524362287124979,2.5555430480663945
13.599002000000041,2.519283240755824,2.5186924203201877,2.4415803228519506
13.600981000000047,2.519283240755824,2.4920133951687373,2.5329141781576636
13.602961999999991,2.519283240755824,2.5010810263252283,2.5446961210985104
13.604943000000048,2.5185189418762834,2.504698406933939,2.4833657582363022
13.607279000000005,2.5185189418762834,2.502945605518546,2.4522979595675833
13.60890500000005,2.5185189418762834,2.4196221112639336,2.546257648250535
13.610889999999984,2.518086121299742,2.58146575336056,2.5243653251585827
13.612866999999994,2.518086121299742,2.504165164926216,2.5783728266019876
13.614858000000027,2.518086121299742,2.545714336756923,2.526944531599402
13.616956000000016,2.517501285707443,2.4310553055696618,2.4092416456955306
13.61881100000005,2.517501285707443,2.5255568862492046,2.519156082816169
13.620803000000024,2.517501285707443,2.507237346966767,2.5564731367872353
13.622779000000037,2.5169295229150714,2.4364371096865303,2.4511685788469855
13.624757000000045,2.5169295229150714,2.5940716995673725,2.437007754204412
13.62709799999999,2.5157559984591438,2.582815071065501,2.5498709868930916
13.628715999999997,2.5157559984591438,2.5356851850528206,2.5716345949274557
13.63069999999999,2.5157559984591438,2.5571831117142847,2.5037973137828575
13.632682999999986,2.5146735136260374,2.535820649078887,2.5338356154650628
13.634662999999989,2.5146735136260374,2.4945912755844994,2.4678690379980304
13.636774000000003,2.5146735136260374,2.4266030257463918,2.486961351739769
13.638623999999993,2.513359071036296,2.459989744370367,2.5366427198420514
13.640606000000048,2.513359071036296,2.4855896885219706,2.5231253997402705
13.642595000000028,2.513359071036296,2.616286151843188,2.532933797312586
13.644575999999972,2.5118856554794684,2.4661649617280177,2.5361295789029707
13.646894000000032,2.5118856554794684,2.494955668878335,2.629222378399428
13.64854200000002,2.5118856554794684,2.514912592697456,2.368100355735583
13.650509,2.5100187660918305,2.53375646021794,2.542421126716267
13.652492999999993,2.5100187660918305,2.499282539747449,2.482622418545439
13.65447400000005,2.5082519912910413,2.4872290391277745,2.467223518721705
13.656573000000037,2.5082519912910413,2.6321662683033193,2.529524259730477
13.658436000000052,2.5082519912910413,2.483034837662967,2.521210843100761
13.660420000000045,2.5068180190658365,2.6268762204096365,2.546715381181928
13.66239900000005,2.5068180190658365,2.486482516220486,2.5128625849545463
13.664389000000028,2.5068180190658365,2.510741938990317,2.4646088967441724
13.666712999999959,2.5049685280818825,2.5446705054997802,2.443194754707062
13.668353000000025,2.5049685280818825,2.4864021774440968,2.4759527889107726
13.670330999999976,2.5049685280818825,2.437936941138786,2.540313327077869
13.672303,2.504183284767599,2.5175542336411736,2.553520919505986
13.674285999999995,2.504183284767599,2.440786790710655,2.4167528415035355
13.676382000000046,2.5029407706636775,2.384514418373537,2.4903993764132277
13.678247999999996,2.5029407706636775,2.5243255506664535,2.4870779831661265
13.680228999999997,2.5029407706636775,2.4479647424338813,2.517982995003957
13.682209,2.501625077772024,2.5456153675455804,2.46757418072339
13.684190000000001,2.501625077772024,2.5136711379174677,2.426472837267459
13.686521000000027,2.501625077772024,2.5374191347838875,2.4826297493970095
13.68815699999999,2.5008874980580362,2.567244099352075,2.5620823031919766
13.690135999999995,2.5008874980580362,2.5365516512507624,2.3943619497886597
13.692119999999989,2.5008874980580362,2.554127289540815,2.441899996707191
13.694094000000007,2.5002073251560857,2.467807085519512,2.4940060759249247
13.696203000000025,2.5002073251560857,2.5556053693886196,2.4700170457002786
13.69806200000005,2.5002073251560857,2.5270873380386814,2.442447953276344
13.700038000000006,2.499256814806977,2.523466739158826,2.4636960417241895
13.702020000000005,2.499256814806977,2.5505555355876655,2.51508116708978
13.704003,2.498551953540737,2.552205225671684,2.5105545501381883
13.706339000000014,2.498551953540737,2.5141608126773645,2.5415850627451837
13.707964000000004,2.498551953540737,2.40613585570932,2.5301058893438944
13.709953000000041,2.4972551782885395,2.566060109280364,2.4281750862077587
13.711927000000003,2.4972551782885395,2.4723595063877344,2.524100615074676
13.713917000000038,2.4972551782885395,2.514195748203614,2.5309219447171944
13.716011999999978,2.495900819054744,2.5297352810487124,2.4707383835001755
13.717869000000007,2.495900819054744,2.390660987859821,2.557628775289664
13.71986000000004,2.495900819054744,2.4790544802830947,2.464257016476786
13.721831000000009,2.494750623003737,2.5035131027289252,2.547806280986845
13.723817000000054,2.494750623003737,2.6452254619349054,2.5244709333787725
13.726138000000049,2.4930211247087497,2.5385212540975295,2.4842161446935638
13.727779999999996,2.4930211247087497,2.447622765570758,2.4433182108737097
13.729759999999999,2.4930211247087497,2.5530208500352662,2.4643689529487807
13.731736000000012,2.4908490649065795,2.564593601798022,2.457349529397804
13.733728999999983,2.4908490649065795,2.478884380768458,2.5813523151544118
13.735817000000054,2.4908490649065795,2.494023768004284,2.544851010099793
13.737680000000012,2.4888777028790594,2.5149770788740966,2.538945905878718
13.739670000000046,2.4888777028790594,2.515276180243907,2.5051458786971255
13.741648000000055,2.4872880012929732,2.485894257525172,2.462630643932692
13.743630999999993,2.4872880012929732,2.4336142633389026,2.5240007987477795
13.745961000000023,2.4872880012929732,2.40469778855356,2.4409897901747013
13.74758700000001,2.4852164411122826,2.437360068207294,2.5612860309084082
13.749569000000008,2.4852164411122826,2.4579271246354972,2.4090127801831644
13.75155600000005,2.4852164411122826,2.4783786150180664,2.4317761362831383
13.753536999999994,2.484196810672303,2.519812317438964,2.515724221037244
13.755628999999999,2.484196810672303,2.441077914936659,2.4690671513085984
13.75750099999999,2.484196810672303,2.439431330864435,2.545233816989804
13.759473000000014,2.483112401353222,2.5075423846649696,2.544965468107605
13.761455000000012,2.483112401353222,2.443757384181819,2.360658476957188
13.763445999999988,2.483112401353222,2.4499990402733887,2.440967516375135
13.76577199999997,2.481577324802315,2.474910146250457,2.438344224926793
13.767399000000012,2.481577324802315,2.4701482964259975,2.525729688688788
13.769385999999997,2.4807219831175775,2.4236081638957807,2.4108625832147257
13.771366999999998,2.4807219831175775,2.51594695339969,2.3596579031924736
13.773352999999986,2.4807219831175775,2.5366759688387064,2.4290335371343175
13.77544499999999,2.4795633421170162,2.457300027881077,2.5065893393245084
13.777305000000013,2.4795633421170162,2.5891911912010532,2.5764570349169036
13.779286000000013,2.4795633421170162,2.4431357195773797,2.3958796189904503
13.781273000000056,2.4785854204284625,2.479166082060251,2.4344206687902483
13.783258000000046,2.4785854204284625,2.4136049179948507,2.4850567000643706
13.785595,2.477720826782801,2.45378193457883,2.530978262908151
13.787211000000013,2.477720826782801,2.569454793891015,2.580768048657894
13.789201999999989,2.477720826782801,2.495118596623388,2.49435177431103
13.791174000000012,2.476287285955274,2.4787933092078753,2.513643249866515
13.793162999999993,2.476287285955274,2.434565228708999,2.4798700973066925
13.79526199999998,2.476287285955274,2.406352676552425,2.5488479599976674
13.797116000000017,2.474755128485525,2.5366163080755664,2.4467047986559476
13.799098000000015,2.474755128485525,2.494630736005582,2.475121453320619
13.801079000000016,2.474755128485525,2.433644636594067,2.364737772416796
13.803072000000043,2.473277510463899,2.4281683905205935,2.510216333922082
13.805385000000001,2.473277510463899,2.5006566703396387,2.553089264823787
13.807022000000018,2.473277510463899,2.523759233134632,2.5065319320747026
13.80900200000002,2.4713554087100698,2.398958335432987,2.4334537197215678
13.810990000000004,2.4713554087100698,2.4688594859397357,2.4007124274688825
13.812974000000054,2.4713554087100698,2.483214971159284,2.55601586445914
13.815064000000007,2.469193429217954,2.474598048589034,2.419827887725631
13.816930000000013,2.469193429217954,2.462655953380961,2.45239820156276
13.81890900000002,2.4671288475907547,2.394351202613855,2.394307212999345
13.82089000000002,2.4671288475907547,2.470610747515594,2.490141572778554
13.822883000000047,2.4671288475907547,2.506389232412868,2.5571632290862776
13.82523100000003,2.465236653227548,2.3944249690448323,2.4713250711042685
13.82683400000002,2.465236653227548,2.4734853873875426,2.5321988318468174
13.828823999999997,2.465236653227548,2.4863617763084593,2.4195639100551976
13.83079600000002,2.462955579019603,2.4072807407090884,2.45831497965777
13.832797000000028,2.462955579019603,2.432051508271367,2.4723308319378017
13.83489000000003,2.462955579019603,2.4198571063186476,2.4228308604796176
13.836739000000023,2.4616317577945757,2.463551953321353,2.4137995131383394
13.838721000000021,2.4616317577945757,2.4064686986208086,2.429290406510449
13.840701999999965,2.4605051184086437,2.3758100036263956,2.4477334395787014
13.842699000000039,2.4605051184086437,2.482252467354634,2.4343630976717607
13.845008000000007,2.4605051184086437,2.513170750722143,2.5251286959459067
13.846646000000021,2.4605051184086437,2.445190825851897,2.3527664690149805
13.848627000000022,2.4605051184086437,2.362508984193607,2.4654815511648094
13.850618999999995,2.458960453894376,2.4002045924119293,2.3804016076786114
13.852608999999973,2.4578783470392764,2.4322487266187833,2.508680862499044
13.854686000000015,2.4578783470392764,2.4668957263533735,2.419022514306625
13.856560000000002,2.4578783470392764,2.418700994996455,2.455205670836994
13.858532000000025,2.4567737889723267,2.4679715497985355,2.5230940913056927
13.860514000000023,2.4567737889723267,2.412764206000068,2.37357637846086
13.862504000000001,2.4567737889723267,2.5146990809101193,2.524341856976865
13.864831999999979,2.4558060875761276,2.3791087680219203,2.480608101688303
13.866456999999969,2.4558060875761276,2.443977056804313,2.4331192180561314
13.868442000000016,2.4544250887453054,2.42459229951444,2.336008018021347
13.870420000000024,2.4544250887453054,2.4624590047248986,2.548151602164829
13.872415000000046,2.4544250887453054,2.38636217404981,2.437146205849737
13.874509999999987,2.4544250887453054,2.460049914086814,2.485931321157618
13.876373000000001,2.4529172374741828,2.4250261766381045,2.4606843637507345
13.87834700000002,2.4529172374741828,2.462532757366145,2.556499437279324
13.880325000000028,2.4515124664385706,2.4222712049258246,2.3972914702883186
13.882316000000003,2.4515124664385706,2.507012207757011,2.5039115120411237
13.884652000000017,2.4515124664385706,2.450012539668883,2.543804498934266
13.88626800000003,2.4499353043550816,2.432017365465911,2.390367819879039
13.888250999999968,2.4499353043550816,2.434105383964823,2.43976613944554
13.89023800000001,2.447950288280293,2.433602115057745,2.465086396115987
13.892221000000006,2.447950288280293,2.4787870415828817,2.4844690472438864
13.894317000000058,2.447950288280293,2.450277603190679,2.4765336835700715
13.896184000000005,2.44556265373159,2.4312553087633604,2.4986944958574817
13.898160000000018,2.44556265373159,2.4818172585178626,2.446231795079194
13.900136999999972,2.44556265373159,2.549738342334426,2.4655976195687037
13.902127000000007,2.443181381949304,2.4092062558532787,2.382325708083158
13.904458000000034,2.443181381949304,2.4547488673689393,2.3921597980664626
13.906080999999972,2.443181381949304,2.402744692222478,2.43850929942431
13.908061000000032,2.4412028724625863,2.466686708225209,2.423665239066488
13.910046000000023,2.4412028724625863,2.505877720490876,2.4750331756371815
13.912037999999995,2.4388904523373305,2.3695458988250686,2.345887486124376
13.914130999999998,2.4388904523373305,2.4552900372793087,2.46229978614833
13.91598700000003,2.4388904523373305,2.355268498890164,2.4769287995292815
13.917973000000018,2.4388904523373305,2.4095165487712342,2.32811222784971
13.919948000000034,2.437553473894598,2.4327619738753468,2.5211533755056657
13.92193100000003,2.437553473894598,2.467820121112112,2.53573746324038
13.924260000000004,2.4361088570949723,2.3821440314864626,2.4912435823978654
13.925900000000013,2.4361088570949723,2.3747312894468364,2.4250107903018137
13.927883000000008,2.4361088570949723,2.39859864784014,2.4220757777845545
13.929853999999978,2.4346100635289636,2.4429637033901437,2.4054784354254197
13.931836000000033,2.4346100635289636,2.3603808255455307,2.434244032432143
13.933953000000031,2.4346100635289636,2.5545449073521316,2.411904740160608
13.935801000000026,2.432989395216177,2.397391487074342,2.450082456408962
13.937780000000032,2.432989395216177,2.3885106794790554,2.434730400311576
13.939760999999976,2.431949290056759,2.3651227354522613,2.4619247172570056
13.94175100000001,2.431949290056759,2.45692015699484,2.412886365651276
13.944079999999985,2.431949290056759,2.4045378863770193,2.380965440380631
13.945704000000035,2.4304169170446137,2.4580338415873673,2.4895766833804127
13.947684999999979,2.4304169170446137,2.4472833012473627,2.3803433214662517
13.949667000000034,2.4304169170446137,2.52486948012846,2.4216189208253054
13.951648000000034,2.4290616230418838,2.3693391652542735,2.421000418821838
13.953747000000021,2.4290616230418838,2.425752950634977,2.4340475007088
13.955624999999998,2.4290616230418838,2.416123077481494,2.4229247524146804
13.957591999999977,2.427268477716897,2.32392814808613,2.4095646384822462
13.959572000000037,2.427268477716897,2.449282559470677,2.4371482692133846
13.961562000000015,2.427268477716897,2.4118525562049746,2.380407412568689
13.963888999999995,2.4257420211024208,2.461878859531466,2.4149243263534106
13.96551599999998,2.4257420211024208,2.4335112324722523,2.4299100894652486
13.967497000000037,2.4236713411538626,2.41965064194626,2.3345605497431974
13.969478999999978,2.4236713411538626,2.489207972571402,2.487889984939557
13.971460999999977,2.4236713411538626,2.3864719660485694,2.5276696909433674
13.973563000000013,2.4218080166568794,2.462107862382316,2.4526061177162486
13.975435000000004,2.4218080166568794,2.438730167022076,2.402630758993588
13.97740600000003,2.4218080166568794,2.5024286831342817,2.404997846479861
13.979383000000041,2.41916150661928,2.406946194245362,2.3671792240058838
13.981372000000022,2.41916150661928,2.5313142535169395,2.497149011557395
13.983705999999984,2.4167242493476038,2.393698918021571,2.349759819778172
13.985328000000038,2.4167242493476038,2.43789990786685,2.463538837213668
13.987308999999982,2.4167242493476038,2.385826916008018,2.393306730394877
13.98929000000004,2.414374670042801,2.455807131060123,2.481500757721037
13.991276999999968,2.414374670042801,2.387315115167211,2.4475035246181167
13.993368999999973,2.414374670042801,2.5472262733638673,2.458671675882714
13.995250999999996,2.411745183904942,2.421114023652199,2.4204083562671665
13.997214000000042,2.411745183904942,2.4071787005903853,2.494808897204419
13.999205000000018,2.411745183904942,2.365083700731119,2.330651970509425
14.001186000000018,2.4097888800150993,2.309062772135043,2.3231094805887933
14.003507000000013,2.4097888800150993,2.4259459488688533,2.3328663898532644
14.00514800000002,2.4097888800150993,2.355729866807386,2.3864408647107074
14.007119999999986,2.408293037985078,2.444333790037854,2.37217563585103
14.009105000000034,2.408293037985078,2.273898202845037,2.381350991653279
14.01109200000002,2.4067095100628446,2.3525851964797084,2.4895672431085147
14.013184000000024,2.4067095100628446,2.410248702907804,2.3760701830761444
14.015052000000026,2.4067095100628446,2.4762996688125885,2.452635808599134
14.017041000000006,2.4067095100628446,2.402427923220405,2.4108099879031566
14.019007000000045,2.4046582396179232,2.4128617525298015,2.4594582198319705
14.020988999999986,2.4046582396179232,2.348049418025838,2.423322166913096
14.023324000000002,2.40339516228964,2.4024013801738726,2.421450314470305
14.024955000000034,2.40339516228964,2.3821467668154472,2.3893770111492265
14.026932000000045,2.40339516228964,2.48499981399663,2.3573038533398303
14.028912999999989,2.40227161162475,2.299642299789751,2.3232994950852746
14.030899000000034,2.40227161162475,2.438427672965368,2.433255891518106
14.032994999999971,2.400502034782781,2.3645109444309242,2.4945142877550976
14.03486700000002,2.400502034782781,2.390157799465312,2.3732176213319307
14.036845000000028,2.400502034782781,2.3901054691444017,2.399576844819027
14.03881899999999,2.3986984356478427,2.3730396909045393,2.347260036545627
14.040801000000044,2.3986984356478427,2.343901298943238,2.3921398190784116
14.043125999999972,2.3986984356478427,2.3207385538089715,2.381696234337863
14.044763000000046,2.3968534856809534,2.520775992716246,2.3630051971532584
14.046747000000039,2.3968534856809534,2.3890219895086244,2.346141563855684
14.048738000000014,2.3968534856809534,2.3449291786791027,2.4477020101191638
14.050719000000015,2.394936557754415,2.4301986485189335,2.4459550716585623
14.05280700000003,2.394936557754415,2.438040904347583,2.465402926096032
14.054683000000011,2.394936557754415,2.3961511708505006,2.436846496464817
14.056656999999973,2.3924742296822843,2.341162864308861,2.347765580989131
14.05863400000004,2.3924742296822843,2.4392304227102906,2.361343216439596
14.060625000000016,2.3924742296822843,2.3506883447018954,2.4094857582730262
14.062949000000003,2.3903258302659904,2.3444268381988698,2.3505330260976476
14.064576999999986,2.3903258302659904,2.3359020035964715,2.464958357430526
14.066558999999984,2.3871575995993117,2.331950365553306,2.3862749560424787
14.068538999999987,2.3871575995993117,2.4232491874683895,2.3418071332211032
14.070520999999985,2.3871575995993117,2.360004419136623,2.4196164022529154
14.072627000000011,2.384483679045467,2.5057491779549337,2.4240363139465586
14.074482999999987,2.384483679045467,2.3971030726752516,2.406777567384538
14.076469000000031,2.384483679045467,2.3911800487383554,2.426712629733072
14.078444999999988,2.3820133685985883,2.3942228445263587,2.4012336036610615
14.080426000000045,2.3820133685985883,2.3527819417363607,2.4620610262661087
14.08275599999996,2.379781814415568,2.421869416982206,2.4328094694900333
14.084399000000019,2.379781814415568,2.336884594061139,2.3472718412844533
14.086369999999988,2.379781814415568,2.3554703587914148,2.3452052592305352
14.088351000000046,2.378017472412099,2.421641560826276,2.3720308067667455
14.090340000000026,2.378017472412099,2.4459428970509536,2.3773229389003125
14.092427999999984,2.378017472412099,2.4817194010539474,2.343999225637318
14.094289000000003,2.3760860406871247,2.3538646899487348,2.326622454480157
14.096279000000038,2.3760860406871247,2.403356617006218,2.364903016312838
14.098270000000014,2.3760860406871247,2.2853104785766893,2.342869523556267
14.100234,2.373884720832699,2.452634079548308,2.37669529807431
14.102571000000012,2.373884720832699,2.3655294746946005,2.2590654821138396
14.104206999999974,2.373884720832699,2.409217559058035,2.428084237196458
14.106178,2.372686883905813,2.404752430098516,2.356012095870165
14.108160000000055,2.372686883905813,2.3963579681116713,2.388405338928708
14.11015100000003,2.3711261677782254,2.3395087197271742,2.2515081566159174
14.112243000000035,2.3711261677782254,2.334295426122901,2.3751267628296033
14.114103999999998,2.3711261677782254,2.4168493232140698,2.3638019141247515
14.116089000000045,2.369739419331886,2.3441156790171855,2.3668218188499512
14.118073000000038,2.369739419331886,2.3348108970544876,2.3792584012395923
14.120047,2.369739419331886,2.3643463639948,2.341538950288065
14.122373000000039,2.3678360284225155,2.3611014902075738,2.386509044533342
14.124009999999998,2.3678360284225155,2.3467180426528227,2.2336602434276385
14.125991000000056,2.3678360284225155,2.3606144356627574,2.381409546457264
14.127972,2.3655127811572774,2.3791971024269976,2.3746049858161484
14.129962999999975,2.3655127811572774,2.3150523139596935,2.4425964587138695
14.132061000000022,2.3636913472966166,2.3054429783308183,2.377608630375154
14.133915000000059,2.3636913472966166,2.39212232418191,2.2478734223153243
14.135897,2.3636913472966166,2.384110913908798,2.3401782126395014
14.13788599999998,2.3613627489871902,2.344336423600612,2.3383494586828113
14.139858000000004,2.3613627489871902,2.3333907370521456,2.3563731691308285
14.142201,2.3613627489871902,2.4012075786446516,2.344225864940737
14.143820000000005,2.3589989671383327,2.3001371552135352,2.362488475395621
14.145803,2.3589989671383327,2.3022723140515207,2.3112747978465604
14.147784000000058,2.3589989671383327,2.3206496257651557,2.4387101708274432
14.149764000000005,2.355683890737447,2.2333172630678058,2.3497065610188987
14.151872000000026,2.355683890737447,2.454873330281921,2.464448283529016
14.15373100000005,2.3527820035348643,2.287579975654769,2.2853314489015792
14.155708000000061,2.3527820035348643,2.4038070278590826,2.3316527923638146
14.157703000000026,2.3527820035348643,2.3671235144127456,2.3897149701186233
14.159684000000027,2.3527820035348643,2.371704229956607,2.2784747917899137
14.16199800000004,2.3501799754789685,2.433277456602483,2.4107504672295503
14.163633000000004,2.3501799754789685,2.372921282464651,2.3575281341800345
14.16562399999998,2.3475796502239934,2.344863849195287,2.354184902199072
14.167595000000006,2.3475796502239934,2.4219339983035413,2.413193189080802
14.169577000000004,2.3475796502239934,2.240145493098978,2.324613217974222
14.171673999999996,2.345914626666744,2.409798941400365,2.3176507913233686
14.173539000000005,2.345914626666744,2.3507558684094287,2.325461644665131
14.175527999999986,2.343868137735659,2.3397598077586093,2.3282952062159517
14.177504999999996,2.343868137735659,2.331643003885355,2.2812977254513327
14.179499000000021,2.343868137735659,2.361655594613818,2.3630565604111284
14.181818000000021,2.343868137735659,2.3190856508086735,2.3261759995453963
14.183445000000006,2.3415416583516144,2.293472193808667,2.3318859928104576
14.185426000000007,2.3415416583516144,2.3453552303498917,2.3329736466221602
14.187411999999995,2.3415416583516144,2.37693704007804,2.3817851428487433
14.189388000000008,2.3402113378058584,2.3340174890916074,2.355750686915873
14.191497000000027,2.3402113378058584,2.364363637103128,2.3637062071000163
14.19335000000001,2.338204668128792,2.374224164932342,2.3298147477616413
14.195337999999992,2.338204668128792,2.3713837960304005,2.362711931260493
14.197313000000008,2.338204668128792,2.366774837900536,2.43664233239918
14.199299999999994,2.3364472768593534,2.3674828756758504,2.3953243716394024
14.201628000000028,2.3364472768593534,2.3509704077886067,2.289426553144683
14.20325600000001,2.334577371964635,2.2280660682077236,2.3916850607639026
14.205238000000008,2.334577371964635,2.298628400451411,2.357632570697114
14.20721900000001,2.334577371964635,2.321026062040899,2.3357607985479922
14.209204999999997,2.334577371964635,2.375705913123993,2.3752608334300995
14.211306000000036,2.3324846071508167,2.3083234956504963,2.365844254782309
14.213162000000011,2.3324846071508167,2.3814365672806384,2.342782559735294
14.21514400000001,2.3299678950085725,2.4016164198430245,2.3121268745536896
14.217133999999987,2.3299678950085725,2.4398243020514867,2.2927446040653594
14.219109000000003,2.3299678950085725,2.3615944995505744,2.371608415771909
14.221447000000012,2.327790533684823,2.294538524642272,2.3452677717363533
14.223078000000044,2.327790533684823,2.347357227220103,2.314669319634641
14.225051000000008,2.3247628278979406,2.3662898388284392,2.3238101096075656
14.22703100000001,2.3247628278979406,2.2497754780832175,2.3063685063122676
14.229019999999991,2.3247628278979406,2.3845302373178456,2.2739162580251038
14.231118999999978,2.321722868658365,2.2964223594472526,2.38338205783766
14.232974000000013,2.321722868658365,2.3318927977988415,2.328547661774874
14.234955000000014,2.321722868658365,2.270344998615221,2.2273200910562174
14.236945999999989,2.3188017592709276,2.3722155893501795,2.3566895827462067
14.238923999999997,2.3188017592709276,2.2260357450541073,2.3342046909118457
14.24124999999998,2.3188017592709276,2.3157636005564752,2.3467434078811547
14.242885000000001,2.3161003267812736,2.291145534021752,2.369815910324338
14.244865000000004,2.3161003267812736,2.355380910745123,2.308576719963563
14.246842000000015,2.3130134667029343,2.2917799400177348,2.3205413361007476
14.248823000000016,2.3130134667029343,2.3753174524214944,2.247088582498159
14.250922000000003,2.3130134667029343,2.2985447186072454,2.286836435172468
14.252792999999997,2.3109374881516596,2.3413622037642963,2.357958156498662
14.254766999999958,2.3109374881516596,2.345937357702526,2.309155689915662
14.256748000000016,2.3109374881516596,2.330304296147122,2.292223554601605
14.258738999999991,2.3087343794990454,2.335777185853474,2.3222869337951493
14.261079999999993,2.3087343794990454,2.229312183995979,2.26377359234673
14.262692000000015,2.3087343794990454,2.28002603964233,2.281017747799733
14.264674999999954,2.3064133333288863,2.281513806865419,2.3460639760287294
14.266654000000017,2.3064133333288863,2.339563044415718,2.2209606003705105
14.268635000000017,2.3064133333288863,2.3652695288284034,2.28074326813796
14.27073200000001,2.303983923231805,2.317911797549281,2.3094412682964003
14.272602000000006,2.303983923231805,2.2888114852854797,2.3238886402829033
14.274589000000049,2.302495815579791,2.303700830675733,2.2603227952531344
14.276560000000018,2.302495815579791,2.3176992408672166,2.327400105286957
14.278541000000018,2.302495815579791,2.2983036799471424,2.304641147352757
14.28088600000001,2.30072065915891,2.2675854289741086,2.3630914181615696
14.282504000000017,2.30072065915891,2.242858647478411,2.333182353822259
14.284483999999964,2.30072065915891,2.250271707901459,2.2887429873412652
14.286474000000055,2.2983785750815158,2.240938995461167,2.3534296689256315
14.28844700000002,2.2983785750815158,2.3068898315620965,2.3004604060283516
14.290545000000009,2.2983785750815158,2.266601480856017,2.3194266169222644
14.292412000000013,2.296054411532184,2.327670646390323,2.267985695493318
14.294390000000021,2.296054411532184,2.184950204168287,2.2498042738133215
14.296380999999997,2.296054411532184,2.2556561355541414,2.220714589497377
14.298352000000023,2.293555451879921,2.284718468720403,2.2662501221609936
14.300698000000011,2.293555451879921,2.3020776748431793,2.293666359039669
14.302315999999962,2.291465569222137,2.295349226522175,2.261602655487302
14.304299999999955,2.291465569222137,2.3403191871597833,2.3042107893668042
14.306277000000023,2.291465569222137,2.365737107189468,2.2824850017714695
14.308264000000008,2.2884071497013085,2.311299330585835,2.2885849239787706
14.310366000000045,2.2884071497013085,2.294592413019495,2.3483142235099135
14.312221000000022,2.2884071497013085,2.3152338284011242,2.361480445344368
14.314200999999969,2.2852615471813063,2.2801855530960453,2.2118230808291783
14.316189000000008,2.2852615471813063,2.34522287002963,2.2292154303909935
14.318163999999967,2.2852615471813063,2.2831349523345073,2.2936678355453495
14.320505000000026,2.28207199776299,2.2725077310977295,2.2627640312662334
14.322131000000013,2.28207199776299,2.306874201560619,2.208113103188176
14.324117000000001,2.2789108494032257,2.2455385914046246,2.29826863363938
14.326089000000024,2.2789108494032257,2.3557824567401253,2.223832995392015
14.328070000000025,2.2789108494032257,2.2036018917651656,2.312027208054007
14.330168000000015,2.2756491449309055,2.223977838751734,2.3239576691145496
14.332032999999967,2.2756491449309055,2.3305031990339593,2.332401266708625
14.334014000000025,2.2756491449309055,2.3572144199725016,2.239884811908193
14.335994000000028,2.2733449467070748,2.372831300547295,2.2746781536820064
14.337976000000026,2.2733449467070748,2.246496879031094,2.3287340554497447
14.34032400000001,2.2733449467070748,2.2691921518980114,2.16856083434176
14.341940999999963,2.271182142600898,2.287323214530703,2.2150112496149394
14.343923000000018,2.271182142600898,2.2937713201239096,2.297884320718487
14.345901000000026,2.2687085157059923,2.322426931441642,2.3447566301692615
14.347882000000027,2.2687085157059923,2.2913292757344026,2.146161609619259
14.349981000000014,2.2687085157059923,2.398465251483621,2.2108996241725114
14.351845000000026,2.266025678883614,2.322359050188927,2.2487912201378175
14.353825000000029,2.266025678883614,2.3269402940822426,2.271695526035391
14.355807000000027,2.266025678883614,2.222678964340473,2.3607378090197155
14.35778700000003,2.264217488188093,2.3101467986487703,2.3135459509583267
14.360116000000005,2.264217488188093,2.322297014868921,2.2870289533325137
14.361757000000011,2.264217488188093,2.3120702748094706,2.19347531457953
14.363730000000032,2.262053173421459,2.1782948340130583,2.262341293851568
14.365714000000025,2.262053173421459,2.2250262173314312,2.303249953229276
14.367694000000029,2.2600376338854797,2.2235815336355538,2.2041526960996634
14.369792000000018,2.2600376338854797,2.2528488595705944,2.2396258377337777
14.37165600000003,2.2600376338854797,2.2465481770670452,2.2528378706420824
14.373636999999974,2.2574207451135884,2.4139277021884764,2.2236016173216475
14.375618000000031,2.2574207451135884,2.2345283142850483,2.2931136732425355
14.377599000000032,2.2574207451135884,2.261660865655143,2.300977060152371
14.379934999999989,2.254948221157551,2.288470256937124,2.2133163464815993
14.381565999999964,2.254948221157551,2.2624846447827767,2.202129620358968
14.383547000000021,2.254948221157551,2.353798215604803,2.2513640789037224
14.38552900000002,2.2521283378918753,2.2801590279552633,2.269507720157517
14.387515000000008,2.2521283378918753,2.241713780058923,2.346735694467338
14.389616000000046,2.2521283378918753,2.2399075744678383,2.253129097532669
14.391466999999977,2.2492291363869046,2.2999245974825016,2.2308153853092474
14.393449000000032,2.2492291363869046,2.3181493147977923,2.2101225825197712
14.395440000000008,2.2492291363869046,2.281772798191962,2.2579268153609284
14.397418000000016,2.2460479251233716,2.2232241065000737,2.232742248683462
14.399740000000008,2.2460479251233716,2.2201495955812085,2.2850359536500484
14.40137599999997,2.242456261704629,2.276056145761124,2.2530501724566356
14.403358000000026,2.242456261704629,2.3265690638345586,2.2376899968843444
14.405335000000036,2.242456261704629,2.284495605101563,2.195719569639616
14.40731599999998,2.2391782663523463,2.2254023420565154,2.2609636404026845
14.409424999999999,2.2391782663523463,2.2339202138001175,2.231508517081407
14.411280000000033,2.2391782663523463,2.141949385357628,2.273542336565799
14.41325999999998,2.2358857787076003,2.2960375291818247,2.1640971522141856
14.415242000000035,2.2358857787076003,2.180692748126845,2.2510636083484132
14.41723300000001,2.2358857787076003,2.295315961486191,2.274021860510576
14.419564999999977,2.2328174534277223,2.2413755956932784,2.235191161126414
14.42118499999998,2.2328174534277223,2.3396941913578364,2.274657438399317
14.423172000000022,2.2328174534277223,2.2889859352562483,2.253556492594498
14.42515000000003,2.230752843794654,2.252098906818044,2.1999648638868328
14.427129000000036,2.230752843794654,2.234886132624316,2.1730755342739405
14.429227000000026,2.22812555235825,2.200174886684241,2.277305584100109
14.431095000000028,2.22812555235825,2.2349269663346574,2.1996770245821216
14.433082000000013,2.22812555235825,2.225321881771937,2.2218884564194594
14.435061000000019,2.225302201045425,2.15446233294012,2.198753979360645
14.437035000000037,2.225302201045425,2.2924020701115393,2.2782685972000998
14.439360000000022,2.2235731351771304,2.212539910395449,2.110163595153538
14.440997000000038,2.2235731351771304,2.211205744443319,2.2680873119314375
14.442985000000022,2.2235731351771304,2.136118490680332,2.1967315983086846
14.444973000000005,2.2235731351771304,2.2051931776056723,2.3289695040869622
14.446943000000033,2.2214314395060106,2.2608633476397797,2.267229976546897
14.449041000000022,2.2214314395060106,2.185557177672309,2.181142246674368
14.450902999999983,2.2192838757596776,2.171810070273785,2.2973705765239028
14.45288400000004,2.2192838757596776,2.208566170472705,2.1873739364338918
14.454864999999984,2.2192838757596776,2.2271186884596195,2.2486990137781477
14.45684799999998,2.2166974464879416,2.269134051909089,2.239243592391605
14.459194000000025,2.2166974464879416,2.2815255323432906,2.3260626959341355
14.460808999999983,2.2166974464879416,2.2145145629676577,2.16936466177425
14.462788999999987,2.214237764334568,2.1501364006008292,2.0946561146945286
14.464781000000016,2.214237764334568,2.186953740297757,2.1556565691330913
14.466764000000012,2.214237764334568,2.265774655716386,2.214855211416819
14.46885500000002,2.2112849192039463,2.1560917248201386,2.158376921331765
14.47071699999998,2.2112849192039463,2.2447708915341757,2.1413497078801433
14.472700999999972,2.2112849192039463,2.3293087398693846,2.194635477319642
14.474677000000042,2.208545431595131,2.2567767033113415,2.2552963975548663
14.476660000000038,2.208545431595131,2.2274009341213734,2.063553054810359
14.478987000000018,2.205336616312378,2.273512747684003,2.213964001817415
14.480623000000037,2.205336616312378,2.2272665737487602,2.2137301610133635
14.482602999999983,2.205336616312378,2.1869403893521397,2.245084609840388
14.484591000000023,2.2012671234831336,2.2123154767744784,2.1487516808403124
14.486570000000029,2.2012671234831336,2.148183250814961,2.287462229030457
14.488663999999972,2.2012671234831336,2.1373295624310065,2.210455394090613
14.490525999999988,2.198190588452979,2.1918791937127233,2.219032095350148
14.492509999999982,2.198190588452979,2.163290595525952,2.1719075747466747
14.494496000000026,2.1947640683760734,2.1591749993890157,2.251134774036597
14.496471999999983,2.1947640683760734,2.142156170200223,2.317859252119219
14.49881499999998,2.1947640683760734,2.1812117485419393,2.178706891805916
14.500432999999987,2.191713446340665,2.1560792378326687,2.204834703789842
14.50241600000004,2.191713446340665,2.1932900931646917,2.222230207679577
14.504400000000032,2.191713446340665,2.1584511070346233,2.26266888804735
14.506378999999981,2.1895036555936924,2.154540544231905,2.2403013935041174
14.508474000000035,2.1895036555936924,2.179347448590016,2.2154203119012394
14.510340999999983,2.1895036555936924,2.1071079000146558,2.219060409748747
14.51231899999999,2.1870788318772543,2.142979337718317,2.2316087410803216
14.514301000000046,2.1870788318772543,2.248900010433916,2.2383565068691715
14.51628199999999,2.1843724509357583,2.218437332464527,2.2373220106162672
14.518613000000016,2.1843724509357583,2.1850246459511955,2.1568572127625822
14.520244999999989,2.1843724509357583,2.1088636526130973,2.3243929738267575
14.522225000000049,2.1821574949347315,2.129905244630926,2.1983878882095933
14.52420699999999,2.1821574949347315,2.1694680345660604,2.2102170641614607
14.526190999999983,2.1821574949347315,2.201618895231159,2.2314685635508953
14.52828500000004,2.180067905021359,2.148835154158215,2.2097282442288293
14.530149999999992,2.180067905021359,2.208157632420997,2.2276680415495926
14.532141000000024,2.180067905021359,2.172022393852363,2.1502756326024524
14.534111999999993,2.1778776887473055,2.2213108635419423,2.1817632772132503
14.536092999999994,2.1778776887473055,2.1990282022219643,2.179401510908961
14.538438000000042,2.17561738200749,2.219806578938244,2.2242410627102873
14.540063000000032,2.17561738200749,2.1761808944760204,2.181437549532697
14.542036999999993,2.17561738200749,2.1494093166039083,2.1874925819445172
14.544026999999971,2.17561738200749,2.2181725142760764,2.189706868426063
14.54600499999998,2.1725643231477734,2.1804943362715536,2.2423876951612742
14.54810900000001,2.1725643231477734,2.182062559296307,2.0400168170122273
14.549960999999996,2.1698804323681418,2.1935938107231427,2.1920344511817533
14.551942000000054,2.1698804323681418,2.2279928069866566,2.1519387859691097
14.553933000000029,2.1698804323681418,2.191048700107103,2.0812583957380135
14.555911999999978,2.1672315558639275,2.220086934492227,2.1142925288436842
14.558230000000037,2.1672315558639275,2.051749084483841,2.1136065079888984
14.55987399999998,2.1672315558639275,2.192896757141702,2.146645836869572
14.561847,2.1636630384264075,2.234765063983486,2.1223120254079664
14.563833000000045,2.1636630384264075,2.216702186478078,2.1666596313601287
14.565813999999989,2.1599947876167516,2.1106353252738623,2.1993922674742366
14.567913999999973,2.1599947876167516,2.1271753917911456,2.1683691000237153
14.569773000000055,2.1599947876167516,2.246948664310708,2.1256144465619378
14.571754999999996,2.1566280230246413,2.2771940482712925,2.16667755825351
14.573735000000056,2.1566280230246413,2.1812212721165465,2.1878222805263037
14.575716999999997,2.1566280230246413,2.3334937505197164,2.2158438485401324
14.578057999999999,2.1533524240068793,2.1433010915677198,2.1123167034920995
14.579678000000001,2.1533524240068793,2.2162302562501552,2.2387764641077417
14.58166,2.1533524240068793,2.1090425149946443,2.1618211748318785
14.58364800000004,2.1507754177447302,2.175421195503486,2.157953098760811
14.585622,2.1507754177447302,2.089838583312855,2.115647187008345
14.587735000000066,2.1507754177447302,2.1829763525101886,2.084663580591354
14.589584000000002,2.148426221296738,2.1183406020165885,2.078049276718164
14.591566,2.148426221296738,2.1015170457478565,2.2379358842280315
14.593546000000003,2.1458552865654132,2.2210388689935234,2.2175615289519373
14.595528000000002,2.1458552865654132,2.175040036454154,2.1771338658854744
14.597852999999986,2.1458552865654132,2.106827045364427,2.090713153765179
14.599496000000045,2.142967621989602,2.1102575088519444,2.1378043528845
14.601472000000001,2.142967621989602,2.0672018110705634,2.0690565520721753
14.603453000000059,2.142967621989602,2.11147297384428,2.1126655865322173
14.605443000000037,2.141237857160899,2.107422845005652,2.0622396771980975
14.607538999999974,2.141237857160899,2.1612265829303996,2.1210384750049114
14.609407999999974,2.141237857160899,2.151434594554972,2.1235685436372727
14.611378000000002,2.1387530540938973,2.0912719186516515,2.106400033883694
14.613359000000003,2.1387530540938973,2.08907727464825,2.0924631979850425
14.615345999999988,2.1387530540938973,2.2291071973057033,2.1307846136412727
14.617678000000012,2.1368473467657645,2.1807098179485918,2.1633204539872364
14.619312000000036,2.1368473467657645,2.1833739337812665,2.200839264878537
14.621290000000045,2.1368473467657645,2.1351737484076088,2.1018995826331364
14.623264000000006,2.134437623523843,2.075757918176734,2.164011240124217
14.625246000000061,2.134437623523843,2.1536535807442885,2.1630933190337354
14.627358000000015,2.131747929465176,2.1011396192371166,2.1494129881104347
14.629208000000062,2.131747929465176,2.2679055900509155,2.175560933289527
14.631203000000028,2.131747929465176,2.093670605842115,2.139141095860702
14.63316900000001,2.1290099399282636,2.199681949601811,2.1275687159779557
14.635151000000008,2.1290099399282636,2.1154416772129325,2.1583783619728587
14.637489000000016,2.125885654613674,2.1257232987277024,2.22034999533659
14.639113000000009,2.125885654613674,2.197969434071438,2.0490023812803675
14.641096000000005,2.125885654613674,2.0709272780149415,2.1342342102128797
14.643076000000008,2.1225160915046573,2.185209360921924,2.1004807454608154
14.645057000000008,2.1225160915046573,2.0995897625104813,2.0683293888212773
14.64716199999998,2.1225160915046573,2.1563270455202774,2.1487041805781586
14.649025999999992,2.119007779157976,2.1673762653190973,2.1025431379669035
14.650999000000013,2.119007779157976,2.158941676463561,2.0946471225345427
14.65299200000004,2.119007779157976,2.057336523701615,2.135169223574733
14.654971999999987,2.1156154010633745,2.092085420735356,2.1548880644005366
14.657305000000008,2.1156154010633745,2.1240022101670193,2.0608663067544852
14.658934999999985,2.1156154010633745,2.0660956704233806,2.1259520551105004
14.660913999999991,2.112305213110065,2.1319196458303176,2.182562754734815
14.66288800000001,2.112305213110065,2.164973334209071,2.120363872613177
14.664873,2.112305213110065,2.087507879042601,2.106760438627008
14.666966000000002,2.1092262618778026,2.155185885498513,2.0998744649964523
14.668837999999994,2.1092262618778026,2.1095672508556365,2.008503069460846
14.67081300000001,2.1070857039826847,2.120541290197529,2.014340980336389
14.67279400000001,2.1070857039826847,2.1412087814541607,2.155109703216718
14.674775000000011,2.1070857039826847,2.1666498595225523,2.206245303479993
14.677108999999973,2.104356485724484,2.055180029948647,2.184282641033471
14.67873800000001,2.104356485724484,2.15100517312285,2.20001496029966
14.680727999999988,2.104356485724484,2.1491841930832707,2.0887928036317556
14.682705999999996,2.1015722311257474,2.1098580212710796,2.0947888093766487
14.684681000000012,2.1015722311257474,2.049760482844199,2.0419263804103713
14.686779000000058,2.0994793332604247,2.125917158806542,2.0469709005471772
14.688647000000003,2.0994793332604247,2.1214946937925987,2.137800232330765
14.690624000000014,2.0994793332604247,2.089922777722255,2.0648645511214823
14.692609000000004,2.097201720219788,2.1359797560430365,2.070246129517531
14.69459599999999,2.097201720219788,2.063991270144966,2.0819104968293978
14.69692200000003,2.097201720219788,2.129431754593538,2.1429518751043344
14.698549000000014,2.09510202604335,2.0982383125007282,2.0958443042424455
14.700530000000015,2.09510202604335,2.135068539407108,2.065702066576843
14.702511999999956,2.09510202604335,2.0296267155092123,2.0960183976102966
14.704491000000019,2.0926923391425687,1.9546968473548136,2.137609779874337
14.70659900000004,2.0926923391425687,2.02813269898573,2.062448408879821
14.708466999999985,2.0899729735286403,2.0936358554833396,2.0410223225815622
14.710439000000008,2.0899729735286403,2.190571570986033,2.0439382614170563
14.712417000000016,2.0899729735286403,2.1083860390033706,2.1885927407974703
14.714398000000017,2.087099997993667,2.161245991544491,2.0495690159603943
14.716723000000002,2.087099997993667,2.1267129489806935,2.088007703466748
14.718361000000016,2.087099997993667,1.9855316251826172,1.9926637642511678
14.720350000000053,2.0844553131404164,2.089819212913087,2.2001936902798884
14.722323000000017,2.0844553131404164,2.052931944870027,2.055064711697185
14.724304000000018,2.0844553131404164,2.039568010195583,2.1087854960698076
14.72640100000001,2.081041627015195,2.0837110815228987,2.0763746588030783
14.72826600000002,2.081041627015195,2.100287202797919,2.0441935241534877
14.730264000000034,2.081041627015195,1.9940159970538625,2.115290078445413
14.732234000000005,2.0772211966116907,2.0348490001912705,2.0473832609151787
14.734214000000009,2.0772211966116907,2.047860075893014,2.1254152648377835
14.736556000000007,2.0738375729511276,2.066964583894945,2.204473097611342
14.73817200000002,2.0738375729511276,2.110821065988246,2.1173807373735203
14.740154000000018,2.0738375729511276,2.038260503262864,2.03186837398715
14.742133000000024,2.070787344799591,2.0947678624604023,2.059610219616419
14.744119000000012,2.070787344799591,2.17277921189214,1.986947567847049
14.746214000000009,2.070787344799591,2.072356752572851,1.956256538501754
14.748085000000003,2.0675385276377343,2.0854456875068124,2.0018363480826937
14.750073000000043,2.0675385276377343,2.055580276096124,2.0704265639318553
14.75204100000002,2.0675385276377343,2.0303543442237717,2.084354364088556
14.754021000000023,2.065341893727372,2.0388222594993155,2.081220351671842
14.756350000000054,2.065341893727372,2.1034698226070105,2.0895892356114416
14.757993999999997,2.065341893727372,2.0102338811927147,2.0731244920196326
14.759975000000054,2.0628188513557832,2.0292770839624272,2.102972937428871
14.76194700000002,2.0628188513557832,2.032359174436929,2.0719355791398546
14.763928000000021,2.0598888846304835,2.083319892790324,2.0220484700542576
14.76602600000001,2.0598888846304835,2.044163844521467,2.1025474141519975
14.767890000000023,2.0598888846304835,2.041960255528973,2.0040510414204413
14.769871000000023,2.0578269758587364,2.041490209535915,2.011189429730017
14.771863999999994,2.0578269758587364,2.068329966893435,2.1607008209025276
14.773843,2.0578269758587364,2.1228174735405836,2.0063416350583716
14.776172000000031,2.0559048024167152,2.1259225588547994,2.098950732052418
14.777797000000021,2.0559048024167152,1.997105272939354,2.0844783010755847
14.779777999999965,2.0536069130625285,2.059202782099811,1.9968743546971932
14.781767000000002,2.0536069130625285,2.0938082996312883,2.1890066578433824
14.783738999999969,2.0536069130625285,2.1466583486445887,2.040214753688435
14.785837000000015,2.051103409246535,1.9951621227190812,2.0314702814904693
14.787701999999967,2.051103409246535,2.060517219908282,2.0336313290378394
14.789683000000025,2.051103409246535,2.099000737624983,2.0742840057416885
14.791667000000018,2.0483948350715533,2.0195543882397797,2.013635681285484
14.793645000000026,2.0483948350715533,2.0223799320445415,1.9777489441919864
14.79598100000004,2.0483948350715533,2.0258898195834756,2.081864077748217
14.79760600000003,2.04552359211028,2.063963032299929,1.9828231266880731
14.799589000000026,2.04552359211028,2.031540601090804,1.9726934573379333
14.801570000000027,2.04552359211028,2.0690717629339397,2.013587133298713
14.803549999999973,2.0428815653269443,2.0127474121003104,2.1608788328834914
14.805649000000017,2.0428815653269443,2.103256579953478,2.022432040327145
14.807520000000011,2.0391381065688354,2.063353102926494,2.1224692293354734
14.80949499999997,2.0391381065688354,1.950135249142512,2.033062267734271
14.811482000000012,2.0391381065688354,2.070302420917333,2.0432684557540797
14.813462999999956,2.035951386403238,1.9605395823563112,2.0471619337524527
14.815791999999988,2.035951386403238,2.0075945838541362,2.004341620141143
14.817418999999973,2.035951386403238,2.032087878547927,2.037141356818992
14.819399000000033,2.032252608106631,2.007088033704217,2.0595774988657087
14.821391000000006,2.032252608106631,2.0672463211463623,2.0425112859281507
14.823363000000029,2.032252608106631,2.1331639208835993,2.0003331709658463
14.825460000000021,2.029644846193207,1.9265897909407326,2.0769778026599166
14.827330000000018,2.029644846193207,2.0007212580128644,1.9328747952470235
14.829307000000028,2.026505710387023,2.0357363216716666,2.058533773141944
14.831291000000022,2.026505710387023,2.0188471549256013,2.0472039306138514
14.833275000000015,2.026505710387023,1.9308765218167878,2.0305952022932248
14.835594000000015,2.02427325270678,2.0862318963194717,2.0822750467183937
14.837231000000031,2.02427325270678,2.031541431562651,2.043743186722815
14.839211999999975,2.02427325270678,2.0623715591356118,1.8824180849079823
14.841195999999968,2.0217488008670585,2.0499098462087106,2.0623557831141257
14.843173999999976,2.0217488008670585,2.0072932442110343,2.0222855798246733
14.84528899999998,2.0217488008670585,1.9575450244995825,2.028087705343502
14.847143000000017,2.019709586674468,2.024162106420371,2.0320753905681963
14.849118000000033,2.019709586674468,1.952368327902214,2.0247829362255736
14.851109000000008,2.019709586674468,2.073164930297887,1.96320106708731
14.853093000000001,2.0172067534619917,2.0762328376918244,1.9873161345049988
14.855426000000023,2.0172067534619917,2.0378667579669196,2.060580420819304
14.857053000000008,2.0172067534619917,2.0083498414908987,2.015775981856151
14.859024000000034,2.0156720321513726,2.0684031149887008,2.0242794534106228
14.861013000000014,2.0156720321513726,2.078317391809393,2.0493334316278724
14.862986000000035,2.0133696995654704,2.0435707080754835,2.001873092100709
14.865087000000017,2.0133696995654704,2.079188820570016,2.068169043989004
14.866958000000011,2.0133696995654704,2.0810912527902747,2.0245746533921833
14.86892899999998,2.0109535580347333,2.087783824771539,1.955359261800506
14.870922000000007,2.0109535580347333,2.076638992682798,1.994470805839756
14.872906999999998,2.0109535580347333,1.880017423807606,1.9911404382212758
14.87522400000006,2.0086417595689285,2.0329729104422802,2.0119901912024156
14.87685399999998,2.0086417595689285,2.0160005649087425,1.9545944960094492
14.878847000000007,2.0086417595689285,2.049627128236577,2.0982471655781523
14.880825000000016,2.0057528191307656,1.930586795526766,2.0471668339300573
14.882801000000029,2.0057528191307656,1.9472580022994574,2.0178027529097418
14.884899000000019,2.0027671236684084,2.0945600077592683,2.007730459576612
14.886766000000023,2.0027671236684084,2.035455851020078,2.051052916555254
14.888743999999974,2.0027671236684084,2.01905642513832,1.9264065483948307
14.890734000000009,1.9994636100436503,1.9724734153421621,2.0148399806951276
14.892712999999958,1.9994636100436503,1.948823871523388,1.9383987581923854
14.895053000000019,1.9994636100436503,1.9638366476724254,2.044448791944906
14.896667000000036,1.9961427354404588,1.9608467483492482,1.9530623575757817
14.89865500000002,1.9961427354404588,2.0308176945554672,2.0115623506707268
14.90064300000006,1.992894787904022,2.0089910476974664,2.090030166328855
14.902612000000033,1.992894787904022,1.9486838985362993,2.048797345099536
14.904710000000023,1.992894787904022,2.039337095614246,1.9419564219182015
14.906574000000035,1.9899366669154956,1.849338336353863,2.0011358477635524
14.908556000000033,1.9899366669154956,1.8494510339591115,1.9934663028783655
14.91055,1.9899366669154956,2.0283982416273956,1.9872652907862072
14.912521999999967,1.9875680744182054,2.073570257440759,2.0712459008371984
14.91484900000006,1.9875680744182054,1.848749310525808,1.9846366651365985
14.916483999999969,1.9875680744182054,1.9630139047260666,2.1022622109853932
14.918460000000039,1.9854109295911821,2.0750223521216404,1.9534683998391171
14.920456000000001,1.9854109295911821,1.9053026049291095,1.989443007921115
14.922432000000015,1.9854109295911821,2.0325925739804176,1.9862772172837573
14.924518000000035,1.9829421976023727,1.9661332218146272,1.9973586803859933
14.926386999999977,1.9829421976023727,2.0318166068760823,2.023397065470627
14.928373000000022,1.9808482577525168,2.0417691519158327,2.0464494188343396
14.930361000000005,1.9808482577525168,1.999610932444229,1.976220238293001
14.932329000000038,1.9808482577525168,1.9377993525518427,1.9714287787889158
14.934671000000037,1.9790744872337631,1.9298591213348755,1.9759751663458112
14.93628799999999,1.9790744872337631,1.9542157150031179,2.0259193593813287
14.938270999999986,1.9790744872337631,1.895237567599709,1.9181686548569206
14.940263000000016,1.9774950949859054,2.0148107118153775,1.9551633602303806
14.942242000000022,1.9774950949859054,1.8818212802240901,2.068035013625202
14.944333000000029,1.9774950949859054,2.0520370571904323,1.8722630945437426
14.946193999999991,1.9752074071122312,1.9351597524304816,2.0204767970117854
14.948182000000031,1.9752074071122312,1.9624765056637243,2.0349953016036597
14.950170000000014,1.9752074071122312,1.9455456490399805,2.0230803575074505
14.952138000000048,1.9726677147117473,2.057393817036233,1.9472504028372022
14.954476999999997,1.9726677147117473,1.9991745031325934,2.0243245381169492
14.956110000000024,1.9698734815351262,2.022675506900449,2.000645563269417
14.95808199999999,1.9698734815351262,1.9434922704458741,1.998820417991011
14.960079000000007,1.9698734815351262,2.0056620101237805,1.915171922756367
14.962054000000023,1.9675788394407556,2.005969212424912,1.9543436386783102
14.964141999999981,1.9675788394407556,1.9707865652250605,1.9723525333651883
14.966007000000047,1.9675788394407556,1.9792448297118044,2.095383448657197
14.967986999999994,1.9646576637938167,1.9798739496135351,1.903766950439306
14.96998400000001,1.9646576637938167,1.9775114311507118,1.9605383066706978
14.97195099999999,1.961440392288825,2.0016587478428645,1.981282804586348
14.974302000000023,1.961440392288825,1.9183720042410957,1.963184760420185
14.975917000000038,1.961440392288825,1.8129882777073405,1.9696838029616544
14.977894000000049,1.9584242128035334,1.9233999904797776,1.8772221965795943
14.979886999999962,1.9584242128035334,1.9253121743020514,1.9724965915317978
14.98185600000005,1.9584242128035334,1.9707120700503489,1.9050883459793109
14.983964000000014,1.9552531722268953,1.9596757650494756,1.952664145628603
14.985817999999995,1.9552531722268953,1.925621756400116,1.9515760634428156
14.987799999999993,1.9552531722268953,1.8605774493166747,2.0227293188284645
14.989791000000025,1.9526321453568607,1.9213299157423072,1.8338349962730522
14.991761999999994,1.9526321453568607,1.9695498063126877,1.8473432121579627
14.994103999999993,1.9508180770066947,2.0122378533104044,1.918988555357832
14.995727999999986,1.9508180770066947,1.9150048056717868,1.995655443138553
14.997715000000028,1.9508180770066947,1.9458230612081182,1.9664422652949545
14.999699000000021,1.9486177400924303,1.9339380885245543,1.9480161510885237
15.001667999999995,1.9486177400924303,1.8941646991850107,2.016920133803127
15.003765999999985,1.9486177400924303,1.98958572846262,1.9079582767407537
15.005626000000007,1.9460641403941052,1.9645766777927103,1.9178531605945157
15.007611000000054,1.9460641403941052,2.0754079375627708,1.9733936216209247
15.00959400000005,1.9460641403941052,1.8871227237275008,1.9636499199051003
15.011573000000055,1.9444264825999302,1.9362386236139062,1.9092809217783768
15.013913000000002,1.9444264825999302,1.9475872288304237,1.9172520092521643
15.015541999999982,1.9444264825999302,1.9034627111558668,1.9060380191492836
15.017516,1.9432312476119584,2.001076256046169,1.8787431364686287
15.019509000000028,1.9432312476119584,1.924066200983327,1.9151964969156192
15.021480000000054,1.9411434551930713,1.9062460743841079,1.840409168402918
15.023578000000043,1.9411434551930713,1.9850977430711765,1.9338980119872653
15.025442000000055,1.9411434551930713,1.890987344213041,1.9318002369193843
15.027431000000036,1.9389030470549309,1.9518086172029043,1.9442014559441876
15.029404999999997,1.9389030470549309,1.8949518864205812,2.0014341509726146
15.031385,1.9389030470549309,1.9214043351961871,1.9326087414629207
15.033710000000042,1.9364148883063463,1.9356194105852687,1.8933296943715627
15.035357999999974,1.9364148883063463,1.966256969355794,1.9235476118912211
15.037330999999995,1.9364148883063463,1.9369702255336438,1.885661632151559
15.03931700000004,1.9340666278156595,1.905999926268678,1.9577150305382052
15.041299999999978,1.9340666278156595,1.9531750383569437,1.9737869319907884
15.04339699999997,1.9319249677669241,1.886567734606113,1.9733476920273836
15.045253000000002,1.9319249677669241,1.9854110078548863,1.9977704902932096
15.047235000000057,1.9319249677669241,2.074509717309834,1.852446620847537
15.049225000000035,1.928501373476279,1.9320427833532319,1.9041479240538985
15.051199999999994,1.928501373476279,1.9547790417111346,2.0609995285297873
15.053532000000018,1.928501373476279,1.8677401764504566,1.9795513978121053
15.05515900000006,1.9251339046302722,1.9214333047847025,1.9507215374118307
15.057154000000025,1.9251339046302722,1.9587824657735833,1.9188497844228214
15.059123999999997,1.9251339046302722,1.9454139726479014,1.987291340732345
15.061102000000005,1.9225891163259163,1.8871308108844995,1.9066594965276784
15.063200999999992,1.9225891163259163,1.8969001226472297,1.8950378716428329
15.065074999999979,1.9225891163259163,1.908117645133196,1.9352867208561222
15.067045000000064,1.9199500475581301,1.9055066346784149,1.9146712917481103
15.06903699999998,1.9199500475581301,1.8799951094698097,1.8856623908567496
15.071009000000004,1.9180126178462007,1.9756755759494022,1.88811482031868
15.073339000000033,1.9180126178462007,1.9631018206546282,1.969406972378076
15.074971000000005,1.9180126178462007,1.855060219380102,1.9954312296509888
15.076955999999996,1.9161210905743602,2.018412831802826,1.9413668418582173
15.078939999999989,1.9161210905743602,1.9570922040074845,1.887659147716398
15.080915000000005,1.9161210905743602,1.8884788314607095,1.9093604948123812
15.083013999999991,1.9138056966418455,1.9024629784424443,1.8647406688146002
15.084877000000006,1.9138056966418455,1.906138086987684,1.8541783204251623
15.086858000000007,1.9138056966418455,1.8553946301080584,1.9252147487254336
15.088839000000007,1.9120138784323366,1.8245769282272424,1.9063575418531709
15.090820000000008,1.9120138784323366,1.8812412677570058,1.971922851577252
15.093166999999994,1.9101921206957078,1.956704736167481,1.9507528407888977
15.094785000000002,1.9101921206957078,1.8284473075604992,1.819129570052587
15.09677099999999,1.9101921206957078,1.9023152065498201,1.9848069763808267
15.098760000000027,1.9087312592103525,1.8905302728703448,1.8871503077322385
15.100726000000009,1.9087312592103525,1.8829900731239528,1.8825961721327114
15.102823999999998,1.9087312592103525,1.8908622389286505,1.8980641969352117
15.104689000000008,1.9074330908890174,1.942424710149337,1.9026416558668267
15.106674999999996,1.9074330908890174,1.8629820163601774,1.8364453155288551
15.108651000000009,1.9074330908890174,1.8862710566790772,1.934946661504409
15.11063200000001,1.9046351809024165,1.9277042788003336,1.878931886200443
15.112956999999994,1.9046351809024165,1.8606074600519449,1.8481279179832155
15.114603999999986,1.9046351809024165,1.9411563184002703,1.9557541104009095
15.116585000000043,1.9023970840200115,1.965647561492567,1.844161864937069
15.118560000000002,1.9023970840200115,1.8738033452093743,1.9204594709785878
15.120547999999985,1.9023970840200115,1.9595053686497672,1.879475600280856
15.12263999999999,1.9004008507932504,1.8614482299352413,1.9633421054156759
15.124500000000012,1.9004008507932504,1.8217518669764146,1.9328225023775867
15.126481000000013,1.8973655881658145,1.9804380548783114,1.9481295237474572
15.12846300000001,1.8973655881658145,1.898984249074836,1.7975664829941653
15.130444000000011,1.8973655881658145,1.9074828873585061,1.8684970419485714
15.13278200000002,1.8944378658563148,1.864295038036467,1.8840518256439798
15.134406000000013,1.8944378658563148,1.8465501402392237,1.9107050734611148
15.136396999999988,1.8944378658563148,1.8934301224729875,1.9564795427492043
15.138378999999986,1.891244818355736,1.997117198621309,1.8064843796842263
15.140349000000015,1.891244818355736,1.8712024143277637,1.9042790056793375
15.142460000000028,1.891244818355736,1.9441745999443996,1.8472959738837882
15.144319999999993,1.8890557558759498,1.9941003030238118,1.8765170925590142
15.146293000000014,1.8890557558759498,1.8817855730932682,1.835052727014327
15.148277000000007,1.8870244565230943,1.8909345422903443,2.0210370545314627
15.15026499999999,1.8870244565230943,1.8717228843309188,1.923250773081171
15.152581999999995,1.8870244565230943,1.858795614420699,1.8760466284590778
15.154218000000014,1.8853868954369886,1.8583775647333916,1.852168462757435
15.156199000000015,1.8853868954369886,1.765692990678928,1.920259038986016
15.158184000000006,1.8853868954369886,1.8623399632488982,1.8745106740731123
15.160160000000019,1.8835656483520675,1.8457873647662544,1.902285419500354
15.162259000000006,1.8835656483520675,1.8871571055032814,1.8992864031040007
15.164132000000052,1.8835656483520675,2.0063517204029324,1.8596479554830567
15.166103999999962,1.8815424365004545,1.9042052286869737,1.9120532133664498
15.168086000000017,1.8815424365004545,1.8954286436000287,1.8489589599799279
15.170074999999997,1.8799697320131403,1.8587402235796666,1.82361943050794
15.172410000000013,1.8799697320131403,1.9106279319475814,1.892469232511551
15.174029000000019,1.8799697320131403,1.8808436948008982,1.9307117801173224
15.176018000000056,1.878967061040584,1.8371618457840535,1.814550904579888
15.177996000000064,1.878967061040584,1.901119077822099,1.9925611469927382
15.179973000000018,1.878967061040584,1.8311575887466964,1.8255246500228934
15.18207000000001,1.877283165389468,1.8593850447406837,1.89232004804615
15.183944999999994,1.877283165389468,1.8681887757167916,1.9961520077677073
15.18591600000002,1.877283165389468,1.8636138070719452,1.810791002500799
15.187896999999964,1.8754678612625533,1.9561465073725428,1.8189273683484743
15.189883000000009,1.8754678612625533,1.9245552665213734,1.9439501085376358
15.192222000000015,1.8754678612625533,1.8170954134469017,1.9546426375352937
15.193840000000023,1.873163719769333,1.8258012322712625,1.787854190795716
15.195822000000021,1.873163719769333,1.8852596895118987,1.8359790821173168
15.197808000000009,1.8711527694004444,1.9431413598429026,1.8478329959285702
15.199796000000049,1.8711527694004444,1.8541326920613959,1.8423862206589772
15.201882000000012,1.8711527694004444,1.8045050447503093,1.8907461224201276
15.203747000000021,1.86848298309998,1.8807557636852823,1.8747413206679615
15.205730000000017,1.86848298309998,1.8524546077016333,1.7922773968397714
15.20771400000001,1.86848298309998,1.969593915848795,1.9394502280661996
15.209689000000026,1.8656029451805167,1.8244364221345575,1.79836589177494
15.212027999999975,1.8656029451805167,1.8152959566158067,1.895538467799045
15.213662,1.8656029451805167,1.8431158967459127,1.748780472927948
15.215633000000025,1.86282387304723,1.8133150023042115,1.8114221151640952
15.217614999999967,1.86282387304723,1.8812802455139446,1.8092061336993406
15.219599000000017,1.860174488886299,1.8473825743078112,1.9663826652767178
15.221693000000016,1.860174488886299,1.9105055543453142,1.8287000964809348
15.223559000000023,1.860174488886299,1.9886097121591952,1.8808168112254642
15.225540000000024,1.8578284094778166,1.8433709662178068,1.8968167146766652
15.227521000000024,1.8578284094778166,1.7906852185811433,1.8900292033763513
15.229502000000025,1.8578284094778166,1.833889498138881,1.8328186723134496
15.231829000000005,1.8564309556719778,1.818586392583448,1.8398592178901665
15.233462999999972,1.8564309556719778,1.8905644669844572,1.8899965002279664
15.235455000000002,1.8564309556719778,1.8845718757552357,1.8657407219496311
15.237432000000013,1.8542729950065768,1.882827718127831,1.9372646704346397
15.239411000000018,1.8542729950065768,1.8491337830087817,1.7385968283903315
15.241529000000014,1.8542729950065768,1.838298207102526,1.9096656156934395
15.243368999999973,1.8525400609277323,1.8999242980835014,1.8652384116494678
15.245351000000028,1.8525400609277323,1.9079425375503294,1.9433701425279857
15.247333000000026,1.8513200430885348,1.9433249593448392,1.9696454311419969
15.249314000000027,1.8513200430885348,1.905385028717887,1.8479932482029526
15.251649000000043,1.8513200430885348,1.8623202234210476,1.87417355644386
15.253276000000028,1.8498256969640283,1.8056676090190218,1.8311845626798728
15.255257000000029,1.8498256969640283,1.900026115299056,1.9028827176481993
15.25723800000003,1.8498256969640283,1.8506830230000886,1.904053433698464
15.259222000000022,1.848552540119547,1.8629715405268588,1.832616803508522
15.261330999999984,1.848552540119547,1.8496624819829495,1.8876170739599771
15.26319200000006,1.848552540119547,1.7423564370669264,1.845764767422982
15.26517100000001,1.8468997945411536,1.8916451714531686,1.8053081099607253
15.26714400000003,1.8468997945411536,1.8132182619325181,1.8625717368932853
15.269124999999974,1.844543967507553,1.8608122932691484,1.8734255490241642
15.27145200000001,1.844543967507553,1.8665292510597797,1.8766522829298056
15.273086999999975,1.844543967507553,1.824634556390613,1.8007133790731071
15.27506900000003,1.8424319052992388,1.888075045458898,1.8326335908709153
15.277049999999974,1.8424319052992388,1.9421943864444384,1.7621317653307595
15.279041000000007,1.8424319052992388,1.8312133013040812,1.8503869042557182
15.281136000000004,1.840321427758383,1.8221968394099506,1.845676560404845
15.282993999999974,1.840321427758383,1.8392231763003815,1.7703078892768132
15.284976000000029,1.840321427758383,1.8682463094351263,1.7688533134791584
15.286955000000034,1.8376740595855836,1.8057148794936613,1.8672798824243988
15.288943000000017,1.8376740595855836,1.8118672144614645,1.902603708145241
15.291277999999977,1.834692365737801,1.8317973253281512,1.793524303548969
15.292898000000037,1.834692365737801,1.7997619509580631,1.8285182649282112
15.294879999999978,1.834692365737801,1.8030957423249927,1.7605017742614135
15.296873000000005,1.8322985354597363,1.8584693847735212,1.8775567689218657
15.298845000000028,1.8322985354597363,1.7958512859765163,1.9071753409705807
15.300951999999995,1.8322985354597363,1.8460931897315263,1.7757018153101347
15.302809000000025,1.8300491901958704,1.7802672588834234,1.7596190564249756
15.304790000000025,1.8300491901958704,1.8372426889160594,1.820160703608311
15.306769000000031,1.8300491901958704,1.79019342186814,1.8404052128242672
15.308748999999978,1.82815679580253,1.8234713767497823,1.7641659578611506
15.311085999999989,1.82815679580253,1.8973425896647047,1.7670384202916956
15.312717999999961,1.8265155828085917,1.7880067480758182,1.8786923255447632
15.314694000000031,1.8265155828085917,1.7808896230448976,1.7426170487200867
15.316674999999975,1.8265155828085917,1.8395307263107041,1.7506004262957016
15.318663000000015,1.825086444776278,1.8093030444614415,1.8171034069774332
15.32075500000002,1.825086444776278,1.9704344653090773,1.9181278685943177
15.322625000000016,1.825086444776278,1.7479551996130707,1.7995313711869636
15.324602000000027,1.8234275906835922,1.8235338279202766,1.7640413185776702
15.326581999999974,1.8234275906835922,1.952635037236487,1.8500367829608733
15.328562000000034,1.8234275906835922,1.8384365853310805,1.8797667157699025
15.330899000000045,1.822288476108694,1.8369033340696133,1.8905566980290263
15.332525000000032,1.822288476108694,1.7452296821435482,1.8413675781726138
15.334504999999979,1.822288476108694,1.8046145592310983,1.852098362777647
15.336486000000036,1.8211663519836994,1.825227691474243,1.8519465705523916
15.338471000000027,1.8211663519836994,1.7162809205310137,1.831578014479452
15.34056499999997,1.8196288160926348,1.8659737128693714,1.9112118904943778
15.342434000000026,1.8196288160926348,1.7680165947748947,1.8231563951512093
15.344405999999992,1.8196288160926348,1.8818150142101289,1.8159550178728256
15.34639199999998,1.8176495473221206,1.7224404435461032,1.861504559913287
15.348373999999978,1.8176495473221206,1.847891527912413,1.8283424901851102
15.350697000000025,1.8176495473221206,1.8642610745107422,1.9146011208775136
15.35233500000004,1.8154202773614787,1.7598978948602693,1.9149929775693093
15.354319999999973,1.8154202773614787,1.8566144281215435,1.7680234458641355
15.35629700000004,1.8154202773614787,1.806110577171882,1.8562394046807478
15.358276999999987,1.8131894002094318,1.7574593653759871,1.8154699363467859
15.360375999999974,1.8131894002094318,1.7597015019501447,1.8301991678824456
15.362256000000002,1.8131894002094318,1.8069335476362507,1.8719034941072001
15.364232000000015,1.8107200349297778,1.817870888415395,1.7970637208181552
15.366201999999987,1.8107200349297778,1.8446009122599505,1.7700694405861672
15.368183999999985,1.8084332459020414,1.8021180698343833,1.7795665368109703
15.370529000000033,1.8084332459020414,1.8426276225311458,1.801167323224245
15.372145999999987,1.8084332459020414,1.8191279825758064,1.7082893967769792
15.37412599999999,1.8061938467515284,1.8071763548640298,1.788206413165287
15.37611000000004,1.8061938467515284,1.741568225655344,1.8052538420722433
15.37809900000002,1.8061938467515284,1.7565853522055208,1.8508940302231467
15.380196000000012,1.8039410940750693,1.8090228466898524,1.7734830840562887
15.382052000000044,1.8039410940750693,1.8334720760087917,1.8243172937239114
15.384041000000025,1.8039410940750693,1.8656434044882888,1.8073808444214827
15.386013000000048,1.8018852183166352,1.8309122586384312,1.8441565352710805
15.38799499999999,1.8018852183166352,1.8385459751031559,1.8600150316927733
15.390319999999974,1.8007122144345995,1.8498835318205584,1.7796166729508782
15.391959000000043,1.8007122144345995,1.790636902717608,1.859042826605882
15.393938999999989,1.8007122144345995,1.8491881814114872,1.849631778998946
15.395920000000046,1.7991291587253186,1.8346180244003278,1.7822089947546786
15.39790099999999,1.7991291587253186,1.8377101918524157,1.8521743532970782
15.39999899999998,1.7991291587253186,1.8108904246815256,1.8119621256850378
15.40186399999999,1.798024710354173,1.8238870358696195,1.833639977888302
15.403846999999985,1.798024710354173,1.8079992792737767,1.8267156547581571
15.405835000000025,1.798024710354173,1.722009039266332,1.7718373734925272
15.40780600000005,1.7967596658213336,1.8693211478505427,1.7661666186330391
15.41014800000005,1.7967596658213336,1.8477892303078958,1.8625756617747224
15.411771999999985,1.7960513930785549,1.806960263598956,1.773158134185208
15.41375099999999,1.7960513930785549,1.8351867302279958,1.6955455259658987
15.415731999999991,1.7960513930785549,1.7704647704166303,1.7604825132841233
15.417712999999992,1.7943277592539302,1.7600628864134458,1.8557495162545667
15.419811000000038,1.7943277592539302,1.7749212416815228,1.8675337552227502
15.421674999999993,1.7943277592539302,1.7864716872225799,1.8513164126966768
15.423665000000028,1.7921777705942687,1.7945089834128418,1.7726574726824273
15.42564699999997,1.7921777705942687,1.725999456404691,1.7754173009123668
15.42762399999998,1.7921777705942687,1.694817340670459,1.8116621428668458
15.429943000000037,1.7907545795916073,1.7276329825031131,1.820371891793495
15.431580999999994,1.7907545795916073,1.7504261037832984,1.6897073723560958
15.433572000000026,1.7907545795916073,1.8537621912125377,1.7459232045443398
15.435541999999998,1.7881996250199548,1.6925573641437346,1.7936205202882105
15.437524000000053,1.7881996250199548,1.8221919292767899,1.7740772878006659
15.439622000000043,1.7860378914715922,1.7342545851840956,1.7466571605787142
15.441491000000042,1.7860378914715922,1.7665894641579782,1.8082683105435073
15.443470999999988,1.7860378914715922,1.796135688383525,1.758211127283064
15.445451999999989,1.7840185936853337,1.7870587564166882,1.6903973963857426
15.447429,1.7840185936853337,1.8173313548052217,1.8336984297224201
15.449766000000011,1.7840185936853337,1.6450561175995582,1.7789632760652863
15.451391999999998,1.7816561652477951,1.8832985264317947,1.7984054117947026
15.453382000000033,1.7816561652477951,1.8272282066491656,1.726972301123002
15.455361000000039,1.7816561652477951,1.7474593737840838,1.732735530264267
15.457336999999995,1.779600281015983,1.8159481873583905,1.6925335757668012
15.459439000000032,1.779600281015983,1.8441325916342177,1.7988660438695259
15.461304999999982,1.7777934854127129,1.939186922181618,1.767264172393828
15.463279999999997,1.7777934854127129,1.8224009081468684,1.8372127237760096
15.465266999999983,1.7777934854127129,1.7694465958205012,1.7462368887884312
15.467241999999999,1.7768925668574256,1.765715486119534,1.7275166715443413
15.469569000000035,1.7768925668574256,1.7193849389128408,1.7258988927675505
15.471204,1.7768925668574256,1.8352570943783377,1.8144246496469851
15.473185,1.7757047749553312,1.801319556935699,1.8914903690908516
15.475166999999999,1.7757047749553312,1.8062009185624608,1.7575233393102236
15.477148000000057,1.7757047749553312,1.793521592102883,1.8058592736892458
15.479244999999992,1.7743688759628373,1.647769970375791,1.7479531071091414
15.481110000000058,1.7743688759628373,1.726104146061221,1.7542051501063376
15.483091000000002,1.7737633302475082,1.6337404330735117,1.7152231829823537
15.485083000000031,1.7737633302475082,1.7959429872271253,1.7792579218732736
15.487054,1.7737633302475082,1.7391826647323543,1.7418644559497967
15.489389000000017,1.7732037020071392,1.7690936985575343,1.7267298658951118
15.49102099999999,1.7732037020071392,1.7621494351504876,1.8314384880193904
15.492997000000003,1.7732037020071392,1.867027489791266,1.816691444967478
15.494977000000006,1.7710033314710838,1.7436920624046564,1.8307003826171833
15.496960000000001,1.7710033314710838,1.749067831452866,1.7834311624968675
15.499072000000012,1.7710033314710838,1.7220498859849154,1.7314542181458663
15.500929999999983,1.7690681980977299,1.717326883228921,1.7864788835226333
15.502903000000003,1.7690681980977299,1.750600778392095,1.7825895313142968
15.504889999999989,1.7677162332352694,1.7434454187561454,1.724909154398038
15.506869999999992,1.7677162332352694,1.78146421186074,1.8615666329737586
15.509199000000024,1.7677162332352694,1.6853814831859406,1.7676249394108492
15.510836999999981,1.7677162332352694,1.7078513746883428,1.7763954157862636
15.512808000000007,1.7657131989567028,1.77968776666153,1.7744732803224228
15.514790000000005,1.7657131989567028,1.7014240037850794,1.7900911585170853
15.51678000000004,1.7638485150303824,1.7581120150700535,1.7508756359494988
15.518873999999983,1.7638485150303824,1.7751096304840397,1.8270915696251118
15.520742000000041,1.7638485150303824,1.7530589331759914,1.8363996347121359
15.522722999999985,1.7611377253425202,1.7460331953907864,1.6650812647063908
15.524698,1.7611377253425202,1.7685493013306803,1.7499176460302328
15.526681000000053,1.7611377253425202,1.7166477387568295,1.8169175807037548
15.529020000000003,1.7596028492737348,1.8532789925306115,1.7824739340782896
15.530639000000008,1.7596028492737348,1.7232719520473752,1.7055250906592592
15.532629999999983,1.7596028492737348,1.8076012998806137,1.7400652472261933
15.534605999999997,1.7578018922435787,1.7945668423373349,1.8334398760778183
15.536583000000064,1.7578018922435787,1.6548264170698719,1.678388335159406
15.538681000000054,1.7563428904809968,1.6963496186765332,1.762652962048552
15.540548999999999,1.7563428904809968,1.7741288797997925,1.7515744734236838
15.54252600000001,1.7563428904809968,1.864997067371495,1.736857356783048
15.54451499999999,1.755579462347578,1.794299360551109,1.7397652493162516
15.546498000000042,1.755579462347578,1.8215074214878095,1.787065302712428
15.548824000000025,1.755579462347578,1.7429738645467499,1.7903113678923366
15.550450000000012,1.754715645781409,1.8348169462186055,1.7707600543254522
15.55243200000001,1.754715645781409,1.814919147197659,1.785862487481832
15.554422999999986,1.754715645781409,1.592402699701497,1.7478220308468593
15.556399999999996,1.7536841059004686,1.7307758862382188,1.8229252644796992
15.558502000000033,1.7536841059004686,1.72086688559072,1.789756101550985
15.56035700000001,1.7525837225978844,1.6982827469235278,1.7240936268146991
15.562338000000011,1.7525837225978844,1.763271463894203,1.7777261268646973
15.564319000000012,1.7525837225978844,1.8309981924622463,1.8050118199758987
15.566303000000005,1.7516557995746151,1.7427834122229324,1.7622171094932682
15.568639000000019,1.7516557995746151,1.7162863334226923,1.7036838299870767
15.570263000000011,1.7516557995746151,1.7651582363608822,1.6606714906378945
15.572244000000012,1.7502275530168776,1.7699017950069253,1.7828856582216421
15.574225000000013,1.7502275530168776,1.7668931135595347,1.6960408822548885
15.576215999999988,1.7502275530168776,1.68524082400339,1.708715612556709
15.578303000000005,1.7487947169865274,1.812376669811289,1.7088987700755873
15.580174999999997,1.7487947169865274,1.669322498264319,1.6999789941815318
15.582153000000005,1.7467553989968232,1.6914149178093394,1.7298569797929861
15.584131000000014,1.7467553989968232,1.7854329060750793,1.7508051351450102
15.586112000000014,1.7467553989968232,1.8109987577679958,1.7101287002322927
15.588456000000008,1.7453392351423815,1.7210650818482678,1.702332644021092
15.590073000000018,1.7453392351423815,1.7143253425201797,1.7272049143750097
15.59205499999996,1.7453392351423815,1.7140323875073618,1.7339214920170871
15.594043,1.7432845250493705,1.686925069978483,1.7567708947650214
15.59601699999996,1.7432845250493705,1.713648861662034,1.754247955306055
15.598118,1.7432845250493705,1.6968127249590008,1.6817402687992025
15.599978999999962,1.741260982411437,1.694793075620097,1.7840941530374426
15.601961000000017,1.741260982411437,1.724428804545248,1.6726131581564758
15.603951999999992,1.741260982411437,1.746098041000669,1.7535834477305323
15.605922000000021,1.7393386050688542,1.776548283916128,1.732515094207721
15.608279000000039,1.7393386050688542,1.7359947992799205,1.8233960397234918
15.609886000000017,1.7377605867071635,1.7367438322602553,1.7148375762221295
15.611867000000018,1.7377605867071635,1.7237816453025812,1.7400384192078113
15.613848000000019,1.7377605867071635,1.6924575582085148,1.7413214696156323
15.61582900000002,1.7363516978899274,1.7297699219521523,1.766293796303675
15.617928000000006,1.7363516978899274,1.7616850090867466,1.7953785077871651
15.619792000000018,1.7363516978899274,1.7596709713712562,1.7496812362996919
15.621782999999994,1.7361097816937472,1.7018698120501439,1.8516398131315337
15.62375400000002,1.7361097816937472,1.7296912301063128,1.723256410409118
15.62573500000002,1.7361097816937472,1.7754486852459812,1.7961538817844478
15.628076999999962,1.7349136983633942,1.7508161748545354,1.7468266510589086
15.629701000000011,1.7349136983633942,1.6991145571261117,1.741945420034426
15.63167900000002,1.7344713171830726,1.6694624849363586,1.6739349857911086
15.63366400000001,1.7344713171830726,1.6089819452001506,1.7638416655725058
15.635641000000021,1.7344713171830726,1.8004430753777032,1.7233196928264387
15.637747999999988,1.733992776542765,1.8487477361174913,1.7326630465275423
15.639603999999963,1.733992776542765,1.7709269362191817,1.7333228780255738
15.64158500000002,1.733992776542765,1.6910087499689657,1.761212864658356
15.643565000000024,1.7329853301312226,1.7171436526465669,1.791589730672649
15.645547000000022,1.7329853301312226,1.701230186912538,1.7235906959142704
15.647899999999993,1.7312649153962816,1.715203759454395,1.7148718965328933
15.649515000000008,1.7312649153962816,1.7469662763950888,1.7436147518389644
15.651495000000011,1.7312649153962816,1.7540185222685187,1.678729654698106
15.653475000000014,1.7296686439862945,1.6819273075607026,1.6866885371636513
15.655451999999968,1.7296686439862945,1.7458077247355122,1.7558327393436903
15.657551000000012,1.7296686439862945,1.5956862669464427,1.701292892817036
15.659415000000024,1.728087348331295,1.8004962778625415,1.7678372391995893
15.661396000000025,1.728087348331295,1.659428634618682,1.7229595616346254
15.663377000000025,1.728087348331295,1.7310544452039307,1.7106512393266997
15.665357000000029,1.726836845038115,1.7520106167217928,1.7838431561148667
15.667687999999998,1.726836845038115,1.7375747025785473,1.6938663176344426
15.669336999999985,1.726836845038115,1.7525257200242996,1.7268939139992692
15.671309000000008,1.7242233673432101,1.7894724278703524,1.6925717588205709
15.673292000000004,1.7242233673432101,1.6935487442238162,1.723518897239495
15.675270000000012,1.7222386859905845,1.7335266614386002,1.7542522075663098
15.677372000000048,1.7222386859905845,1.6904325184228168,1.7298718504822002
15.679227000000026,1.7222386859905845,1.7790392226499983,1.720261519365299
15.681211000000019,1.7210121752900642,1.7134717798388703,1.714429913911248
15.683194000000015,1.7210121752900642,1.7145557872178625,1.7343598840511867
15.685170000000028,1.7210121752900642,1.7097846109338928,1.7433876033908793
15.687516000000016,1.7210121752900642,1.7378680785229905,1.7426321253874888
15.689138000000014,1.7200876889185701,1.7153856441703124,1.7287595069057171
15.69111399999997,1.7200876889185701,1.715232578015425,1.6908817143485397
15.69309400000003,1.7193287082903166,1.6997035942536054,1.7125163820123328
15.695075999999972,1.7193287082903166,1.7059921313819544,1.6972343060183257
15.697176000000013,1.7193287082903166,1.7238997968661203,1.7383572175352413
15.699043000000017,1.7183284604861648,1.7686599266490652,1.7052198671549204
15.701020000000028,1.7183284604861648,1.7357070521814078,1.7065882787938143
15.703009000000009,1.7183284604861648,1.6940721395184823,1.79036621639529
15.704981000000032,1.717282773824279,1.697217823356856,1.7127170316988853
15.707307000000014,1.717282773824279,1.7965184696239191,1.6269082232314651
15.708958000000052,1.717094005958475,1.6402726968528705,1.8001234051328376
15.710928000000024,1.717094005958475,1.6494591631983893,1.7170307613722078
15.712906000000032,1.717094005958475,1.6790456237581353,1.7014276532827783
15.714890000000025,1.7161759195442399,1.7478444931651518,1.7003241668870392
15.716998999999987,1.7161759195442399,1.671540883911701,1.6994489400927784
15.718853000000024,1.7161759195442399,1.670036230780757,1.777658453730991
15.720842000000005,1.7151120206038224,1.7627351640149267,1.6867605162717656
15.722814999999969,1.7151120206038224,1.6420716637552224,1.6866887467198133
15.724806000000058,1.7151120206038224,1.7496048714036858,1.7065732812148833
15.727129999999988,1.7142016630362091,1.7758607845925256,1.636649598370065
15.728759000000025,1.7142016630362091,1.7505894515331597,1.6934360457019006
15.730744000000016,1.7127439273810652,1.723442583878323,1.761459900603336
15.732717999999977,1.7127439273810652,1.748262668238747,1.7279918944537223
15.73470199999997,1.7127439273810652,1.8438035529906145,1.7397186407687126
15.736805000000004,1.711108875438768,1.7129376807375407,1.681515988213
15.738665000000026,1.711108875438768,1.7131137393898066,1.6315029865614177
15.740645000000029,1.711108875438768,1.817662522144076,1.7432308111360062
15.742624999999975,1.7093502734061683,1.6807662618442465,1.6611327176034807
15.744617000000005,1.7093502734061683,1.6968095249805042,1.6332837289733397
15.746940999999993,1.7093502734061683,1.8010143763905455,1.6717366734552452
15.748568000000034,1.7077354142560621,1.7556508522333374,1.67538440628832
15.750560000000007,1.7077354142560621,1.645308220345469,1.652732255071788
15.75254000000001,1.7062814010726532,1.712199829268013,1.7076580376552
15.754514000000029,1.7062814010726532,1.742829665061261,1.812840333322283
15.756610000000023,1.7062814010726532,1.7026057352669446,1.704024898338495
15.758481000000018,1.7049635676847092,1.6991751472764705,1.6736671184975114
15.760458000000028,1.7049635676847092,1.6394951313097244,1.707980114692058
15.762438000000031,1.7049635676847092,1.7374973290267635,1.7512906365843182
15.764417999999978,1.704200184393698,1.8090843833181904,1.597065701323271
15.766752000000054,1.704200184393698,1.7245448954480291,1.6834940042379385
15.768382000000031,1.704200184393698,1.752423240254419,1.7168494193577697
15.770369000000017,1.7037556575314559,1.660128185931164,1.7211769832278654
15.77234500000003,1.7037556575314559,1.6507053124225415,1.680261044677933
15.774329000000023,1.7037556575314559,1.6644964826673811,1.6378942071367983
15.77642000000003,1.7034364282561398,1.718566265526764,1.7131068026382812
15.77828500000004,1.7034364282561398,1.709494478508609,1.6654365532482107
15.780265999999983,1.7030357125463729,1.6222101350081921,1.5704150974236903
15.782248000000038,1.7030357125463729,1.6857064359643996,1.708575787295223
15.784227999999985,1.7030357125463729,1.7054638842698988,1.7149327754933956
15.786553000000026,1.7025137608270584,1.7198030273235685,1.6917941626738129
15.788190999999983,1.7025137608270584,1.70607690574788,1.7863743894990303
15.790172000000041,1.7025137608270584,1.746723701882136,1.7254559222323318
15.792156000000034,1.7020762590469993,1.633823424718018,1.708626170990213
15.794134000000042,1.7020762590469993,1.7938954739749697,1.7755531145953374
15.796247999999991,1.7020762590469993,1.601322010831501,1.7939370705687068
15.798095999999987,1.7011168275851516,1.7554200902451333,1.7449926421063255
15.800085000000024,1.7011168275851516,1.7687072175079386,1.678680654891809
15.80206800000002,1.7003539942817016,1.65166500413802,1.7215841242390497
15.804040000000043,1.7003539942817016,1.796500612928848,1.7405162675572718
15.806375000000003,1.7003539942817016,1.6934406407900464,1.5810628709861618
15.808002000000045,1.699199789866548,1.6908107667653558,1.6402500540950755
15.809982999999988,1.699199789866548,1.744518764047636,1.727061902545367
15.811965000000043,1.699199789866548,1.706000327941261,1.693860312312052
15.813949000000036,1.6977225951016008,1.6744726990190417,1.723634487723672
15.816046000000028,1.6977225951016008,1.681190291054995,1.7313177231446915
15.817909000000043,1.6977225951016008,1.7082866542300355,1.6530145150091966
15.819889000000046,1.6954830967531476,1.6661550981510613,1.685324268692898
15.82186999999999,1.6954830967531476,1.722869504243744,1.7022117746159193
15.823851999999988,1.694455817362463,1.6697221559478637,1.7366173673346619
15.826182000000017,1.694455817362463,1.6724032395967898,1.7366833747188246
15.82781399999999,1.694455817362463,1.6733284419473202,1.6134779345474253
15.829795000000047,1.6931677083739627,1.5942564198297247,1.5867434330555539
15.83177900000004,1.6931677083739627,1.679167890755077,1.6647758294063177
15.833760999999981,1.6931677083739627,1.71419573999479,1.7500243226607426
15.835855000000038,1.6931210578065456,1.7768892049543095,1.6651523141098246
15.837720000000047,1.6931210578065456,1.7691316127878383,1.8011247477431203
15.839710000000025,1.6931210578065456,1.6939137160746387,1.6280423384426452
15.841684999999984,1.6926611602059276,1.6921573894146236,1.641879168284503
15.843662999999992,1.6926611602059276,1.6586428929475823,1.6587765543546766
15.846011999999973,1.692766737019542,1.7310299771237385,1.6444599671317859
15.847639000000015,1.692766737019542,1.630089091856639,1.6496457310303594
15.849606999999992,1.692766737019542,1.6487664879028998,1.7044410540286943
15.851587999999992,1.6924918786413967,1.617360741296932,1.6938368668712682
15.853596000000039,1.6924918786413967,1.6871337674819027,1.6420370043746637
15.855666999999983,1.6924918786413967,1.702408580003791,1.6960375367995826
15.857530999999994,1.6925216892795334,1.6351962385885441,1.6594402873013803
15.85951300000005,1.6925216892795334,1.644836492591806,1.7286647474518593
15.861493999999993,1.6925216892795334,1.7210774347659499,1.7068532545848019
15.863474000000053,1.6923165194491523,1.6801332628262124,1.718411817165483
15.865799999999979,1.6923165194491523,1.6451560730047763,1.6952254685662744
15.867447000000027,1.6923165194491523,1.661428156281494,1.6856981211063398
15.869418999999994,1.6915259861762009,1.726467297510069,1.7007878388790691
15.871409000000028,1.6915259861762009,1.7208570196279371,1.8236788214545245
15.873397000000011,1.6906109723767015,1.68386990890298,1.6649316526510636
15.875487000000021,1.6906109723767015,1.6374580613009173,1.7228633355409617
15.877342999999996,1.6906109723767015,1.627069874861423,1.7225109715242937
15.879323999999997,1.689943308912458,1.600591229362504,1.807954932948639
15.881309999999985,1.689943308912458,1.6451616645423095,1.7495299695089246
15.883295000000032,1.689943308912458,1.7212883946576776,1.6014697071032813
15.885626000000002,1.6886100286652397,1.6496766970993215,1.6714512080045556
15.887248999999997,1.6886100286652397,1.6375520158117711,1.5805125472937391
15.88923600000004,1.6886100286652397,1.6420876558818096,1.7065173235421218
15.891210000000001,1.6871411339504405,1.664812884159347,1.699931373337276
15.893197000000043,1.6871411339504405,1.7393435766632175,1.6713133204848036
15.895309999999995,1.6871411339504405,1.641126927790356,1.7015694215708637
15.897162999999978,1.6861264729908878,1.6560453494468668,1.7222777070699096
15.899135999999999,1.6861264729908878,1.6268014568306692,1.6587901814031445
15.901117,1.6853300203463633,1.73161229896318,1.6335664324363424
15.903098,1.6853300203463633,1.6830679543420544,1.656741215318304
15.905432000000019,1.6853300203463633,1.6149880074355127,1.7094388649287537
15.907060000000001,1.6849188422127765,1.631944137025261,1.6846915731068064
15.909042999999997,1.6849188422127765,1.7048514754355717,1.7277989840352173
15.911023000000057,1.6849188422127765,1.7386108810490055,1.6190040216603487
15.91301199999998,1.684800641147102,1.6532502292168347,1.7287636425271184
15.91511700000001,1.684800641147102,1.7178709773622383,1.7483934989528709
15.916967,1.685133172058501,1.7037035537844045,1.7815553784184095
15.918948,1.685133172058501,1.779161308153013,1.6999101138363544
15.920929000000001,1.685133172058501,1.635487295907042,1.6927266450319
15.922918999999979,1.685133172058501,1.7747052914543775,1.723818421162728
15.925244999999961,1.6848579680076459,1.723660846537316,1.68296046997419
15.926872000000003,1.6848579680076459,1.6393592599099407,1.6433249624189723
15.928855999999996,1.6860064575688247,1.7191736091160321,1.6135544136004547
15.930834000000004,1.6860064575688247,1.6475105032784285,1.648943004039165
15.932816000000003,1.6860064575688247,1.6974296491218828,1.7583547571599618
15.934916000000044,1.6855002800612027,1.7149534761176242,1.7010469266991464
15.936784000000046,1.6855002800612027,1.6542528491927375,1.6151765272619965
15.93876499999999,1.6855002800612027,1.776501903818685,1.688329270665
15.940739000000008,1.685424931931282,1.684720012055075,1.7107306956422912
15.942721000000006,1.685424931931282,1.6878407227964254,1.7326812796946114
15.94505300000003,1.6845756772850777,1.7250994342233845,1.645537608734863
15.946684000000005,1.6845756772850777,1.7215645733299925,1.6791514467771713
15.94867000000005,1.6845756772850777,1.7292179903962719,1.6026286825552796
15.950646000000006,1.6841995413829278,1.7198010572184952,1.7099025360238542
15.952635999999984,1.6841995413829278,1.791917780432159,1.5718377395626495
15.954745000000003,1.6841995413829278,1.6965369801076142,1.6698933506896585
15.95658800000001,1.6832591237249306,1.6931804155346026,1.6539755314231777
15.958578000000045,1.6832591237249306,1.750239440568494,1.7685868656094426
15.960562000000039,1.6832591237249306,1.6837160376729248,1.749637547688399
15.96253200000001,1.6821589833441297,1.624109294157894,1.6345986138576034
15.964877999999999,1.6821589833441297,1.6575091181159585,1.667516247887699
15.966496000000063,1.6821589833441297,1.6577149359421097,1.5833195268182636
15.96848399999999,1.6810722430918905,1.7659333607451764,1.6322921844897953
15.970458000000065,1.6810722430918905,1.6425539540612302,1.6278750561749684
15.972439000000008,1.6801921807126432,1.6205928823058937,1.696566820153865
15.974542999999983,1.6801921807126432,1.723616254519659,1.7103639364742258
15.976405,1.6801921807126432,1.7827371771745653,1.6263658115261304
15.97838999999999,1.6795679883163437,1.6082702134920903,1.7447948678697607
15.980373000000043,1.6795679883163437,1.7847067896144693,1.7758436995604918
15.98234500000001,1.6795679883163437,1.6319327016223761,1.6462578634624638
15.984673999999984,1.6794919773330523,1.588172916075032,1.6420498505875023
15.98630700000001,1.6794919773330523,1.604923224520602,1.7257013954146028
15.988297999999986,1.6794919773330523,1.6825450573792071,1.6708728426843267
15.990269000000012,1.6799315394104395,1.6586347098420402,1.6790222131861332
15.992252000000008,1.6799315394104395,1.6754473252804165,1.6875002125553933
15.994358999999974,1.6798847414087625,1.6523624060956172,1.7026455760212977
15.996215000000007,1.6798847414087625,1.6137094009171742,1.8043839908478796
15.998204000000044,1.6798847414087625,1.7134065859626084,1.6613136295789404
16.000174999999956,1.680771858499146,1.6535983818897653,1.7041684763156297
16.00215700000001,1.680771858499146,1.7370397537322926,1.615465498555378
16.004492000000027,1.680771858499146,1.7146254434892767,1.5831288211618815
16.006118000000015,1.6810219867577378,1.6629262894384074,1.7358656900448082
16.008107999999993,1.6810219867577378,1.6545224799566955,1.6551605202621098
16.01008300000001,1.6810219867577378,1.5740885619355274,1.7130924946213235
16.01206400000001,1.6812484115461144,1.7227792836594356,1.706597793083796
16.014170000000036,1.6812484115461144,1.6901803155620014,1.7187022663229048
16.01603799999998,1.6807085283270171,1.7042945810076395,1.6556944000550913
16.018016999999986,1.6807085283270171,1.6346071373268742,1.710512277551392
16.019987000000015,1.6807085283270171,1.6809706597267644,1.764845191881448
16.021968000000015,1.6804119789161787,1.6179849726712356,1.6883778485278471
16.024295000000052,1.6804119789161787,1.6284185135073161,1.733974994614404
16.02592999999996,1.6804119789161787,1.7461292876011871,1.6615035704622858
16.02792199999999,1.680053861536562,1.6620770192006071,1.6688002249858234
16.029894000000013,1.680053861536562,1.6723939948926787,1.7456131625858946
16.03187700000001,1.680053861536562,1.6056362678738805,1.6546082831650428
16.033980000000042,1.6794129799622766,1.6303235197920307,1.6579093478908338
16.035844000000054,1.6794129799622766,1.6219257041539947,1.6540285230733887
16.037833000000035,1.678455744704627,1.6629028007027036,1.6338547473611185
16.03979800000002,1.678455744704627,1.6463536514476438,1.7069518492448792
16.041781000000015,1.678455744704627,1.6608773606642266,1.6728723744014462
16.044119000000023,1.6777766301814128,1.7039488104387517,1.6953821979422579
16.045749999999998,1.6777766301814128,1.7491869641478168,1.6325152423079692
16.047735000000046,1.6777766301814128,1.700586105905387,1.6492321023647933
16.04970400000002,1.6770304472905526,1.6243486823922642,1.709880473993112
16.051686000000018,1.6770304472905526,1.6110399773797512,1.650299778652474
16.053784000000064,1.6770304472905526,1.626090310618582,1.7110953540419354
16.05565100000001,1.6769709205906977,1.6841985233103376,1.6717195558158997
16.057646999999974,1.6769709205906977,1.7270862334952382,1.692847191151728
16.059619999999995,1.6769709205906977,1.7247370948072067,1.7889160166129645
16.061600000000055,1.677139163510541,1.7806550393447733,1.7191005179214744
16.063918,1.677139163510541,1.6715225208132583,1.74630956555561
16.06555499999996,1.6778120711759437,1.6506959420606282,1.628397601428394
16.067548999999985,1.6778120711759437,1.6745824997594227,1.6996279038751712
16.06951600000002,1.6778120711759437,1.5864356910825312,1.7535342135262333
16.071497000000022,1.6780673422656052,1.6771170597584684,1.7069794709315735
16.07359500000001,1.6780673422656052,1.6597221092814087,1.6709989562948968
16.07546000000002,1.6780673422656052,1.6174813610867234,1.6690912678057346
16.07746000000003,1.6786935819254454,1.7427293059089521,1.636710292417824
16.079420000000027,1.6786935819254454,1.6413694124970917,1.662345723208125
16.081402999999966,1.6786935819254454,1.6537434729130123,1.6469862200965966
16.083752000000004,1.6793309746724874,1.601343671258415,1.6446182139215904
16.085364999999967,1.6793309746724874,1.6867674235146273,1.7083760692155445
16.087356999999997,1.6793309746724874,1.7765482984643408,1.6589211771003354
16.089336000000003,1.6793238660680372,1.6893217695589604,1.7082926771841185
16.091309000000024,1.6793238660680372,1.7338260666007441,1.6834353660027084
16.093409000000065,1.6790491765647506,1.645801469609716,1.784561220693491
16.095270000000028,1.6790491765647506,1.7118298244737729,1.6691967368678995
16.097271999999975,1.6790491765647506,1.6410190148708377,1.7099842062430393
16.09923900000001,1.6789881677195062,1.6258226072387831,1.6462050635977288
16.10121799999996,1.6789881677195062,1.7002339340213235,1.6618780637202377
16.10355100000004,1.6789881677195062,1.7490826501076107,1.6756261416613867
16.105177000000026,1.6782918438564738,1.634683765900749,1.689959621364694
16.107167000000004,1.6782918438564738,1.6938270912012061,1.6738163674940656
16.109149000000002,1.6782918438564738,1.5795293594744801,1.6397613556626203
16.111125999999956,1.6779162519837347,1.6234712974195769,1.7196367468764626
16.113222000000007,1.6779162519837347,1.8078305163615036,1.702598923683727
16.115093,1.6779162519837347,1.65393897720418,1.729044205920836
16.117080999999985,1.6769953544220104,1.6454754467800494,1.678222594091865
16.119056000000057,1.6769953544220104,1.7082032774666664,1.7452802189326186
16.121035000000006,1.6762130337712147,1.6225853553494884,1.6688436000465745
16.123362000000043,1.6762130337712147,1.7068118661587497,1.6028814483878746
16.12498899999997,1.6762130337712147,1.7073551347452258,1.6827340951302396
16.12696900000003,1.675793895687595,1.6586276540260754,1.5646620452676452
16.128950999999972,1.675793895687595,1.7481021821629883,1.6873987904393855
16.130943000000002,1.675793895687595,1.59619035577192,1.6894835995239506
16.13303000000002,1.6762225985778656,1.657467796730811,1.57303964641366
16.13490200000001,1.6762225985778656,1.742218609911785,1.578939009804176
16.136889999999994,1.6766481333124479,1.7232681203266724,1.625526870203877
16.13886100000002,1.6766481333124479,1.6533207790818083,1.673103182048916
16.140840000000026,1.6766481333124479,1.642721603166936,1.611577527344446
16.143171000000052,1.677209051936061,1.6886841538339217,1.7406095742764
16.144799999999975,1.677209051936061,1.5781495834889365,1.6206465020368546
16.146784000000025,1.677209051936061,1.6779967285372228,1.7199395893907934
16.148773000000062,1.6781356206427334,1.6920227500060079,1.5755362993039133
16.150746000000026,1.6781356206427334,1.6397278327707017,1.7465119754782419
16.15284900000006,1.6781356206427334,1.6775680228896217,1.7175301736226294
16.154705999999976,1.6788545934973351,1.6789391179004733,1.5953762307719601
16.1567,1.6788545934973351,1.6041730432222665,1.6834990167517057
16.158687000000043,1.6788545934973351,1.6753837956059712,1.7062275465258414
16.16065100000003,1.6797125966743485,1.6088749227642234,1.7533920721079774
16.162994000000026,1.6797125966743485,1.6465625881328856,1.604258475123471
16.164623000000006,1.6793343491745862,1.653346814671275,1.763973865123141
16.16659500000003,1.6793343491745862,1.7550429904470146,1.6671054677660315
16.16857699999997,1.6793343491745862,1.7221965873596967,1.7922591459504598
16.17055700000003,1.6795659017095441,1.7560932601226693,1.7614290960043224
16.17265299999997,1.6795659017095441,1.6492605841909633,1.5107035095847077
16.17452000000003,1.6795659017095441,1.6651328905537426,1.712847073215913
16.176508000000013,1.679517978719435,1.6926467526965747,1.670150717857084
16.178476999999987,1.679517978719435,1.6843226949180807,1.7249173822993025
16.180466000000024,1.678979473000338,1.734752457104165,1.707641046972061
16.18279100000001,1.678979473000338,1.7127044398259386,1.6944857132197937
16.18442399999998,1.678979473000338,1.7248148057737465,1.7148783628395312
16.186413000000016,1.678979473000338,1.6647270738277244,1.6289047774908674
16.188384000000042,1.6783653398042744,1.7163996720492476,1.586119290365384
16.190375000000017,1.6783653398042744,1.6540615686979225,1.7100085408037498
16.192470000000014,1.6778634447943375,1.7975324126936705,1.6927652607622428
16.19432900000004,1.6778634447943375,1.6623664610055973,1.7377771918081717
16.196309999999983,1.6778634447943375,1.6850418878892064,1.7070358904370753
16.19829100000004,1.6775489464354676,1.716007697933959,1.6546044419852395
16.200279000000023,1.6775489464354676,1.7977256973157167,1.693508926552406
16.20262200000002,1.6780388898688237,1.731813568092361,1.746430144964806
16.20423500000004,1.6780388898688237,1.635523873356112,1.6878033155616345
16.206226000000015,1.6780388898688237,1.7315330704608707,1.5737905269523718
16.208200000000033,1.6788488425547348,1.599283479647754,1.7507725246421462
16.210178999999982,1.6788488425547348,1.652740984342391,1.6261667740170898
16.212276999999972,1.6788488425547348,1.6402977784177446,1.6490856477792522
16.214140999999984,1.6794915001509807,1.6584161179232242,1.6272649829911514
16.21612300000004,1.6794915001509807,1.718291965886611,1.6891894433021373
16.218102999999985,1.6794915001509807,1.7344144862128172,1.6600388240905601
16.220098000000007,1.6801507733980028,1.7427909263190389,1.7128823180468553
16.222409000000027,1.6801507733980028,1.6548740139159914,1.7245832241411545
16.22404700000004,1.6801507733980028,1.607799314327921,1.6003520655350594
16.226032999999973,1.6812459606318795,1.7055489566354798,1.5712317960489934
16.228008999999986,1.6812459606318795,1.6923277496769913,1.6506994119626328
16.230000000000018,1.6812459606318795,1.5908314852857077,1.7272710965204876
16.232094000000018,1.6819218733621137,1.6638446568480125,1.699910105350023
16.233953000000042,1.6819218733621137,1.6304010566782376,1.719119504182372
16.235942000000023,1.6819218733621137,1.5749171126969694,1.619915747412315
16.23791399999999,1.682729101654156,1.6905029273343455,1.620983909447451
16.239895999999987,1.682729101654156,1.6503259534520502,1.7193014733962386
16.242241000000035,1.682294668169369,1.6510120211666666,1.6247307427599589
16.24386000000004,1.682294668169369,1.6859410863796263,1.6980829212563362
16.245839000000046,1.682294668169369,1.5848376104107842,1.6023136630343258
16.24781999999999,1.682620846686413,1.6265918213118726,1.6712882630210637
16.249802000000045,1.682620846686413,1.6944424557108695,1.64555407013702
16.251900000000035,1.682620846686413,1.709869906533133,1.712161306981015
16.25377100000003,1.682659495156027,1.75015157977019,1.5995042463173794
16.25574899999998,1.682659495156027,1.6929871187205727,1.727891410112223
16.25772599999999,1.6820742571619896,1.7108741317107599,1.687270571208428
16.25971400000003,1.6820742571619896,1.6866060770685531,1.7249418567229027
16.262045999999998,1.6820742571619896,1.7257268932716203,1.643016487050303
16.263668999999993,1.6813065708602173,1.623711446181222,1.7215807148228144
16.26565400000004,1.6813065708602173,1.6458501065908104,1.6523669616545744
16.26763200000005,1.6813065708602173,1.6758568286634723,1.7524644186009655
16.269622000000027,1.681195834815649,1.6804740164161003,1.5993851360995381
16.27171400000003,1.681195834815649,1.6187669962937348,1.6003027836928205
16.27357599999999,1.681195834815649,1.6010657381275115,1.6772043637972318
16.27555600000005,1.6812423041186983,1.6350289005403102,1.6886916750817702
16.277537999999993,1.6812423041186983,1.64405321015397,1.6903938336184112
16.27951900000005,1.6816372310256693,1.698004644713489,1.7111459120055257
16.28187300000002,1.6816372310256693,1.5776161658623529,1.6112378017608642
16.283481999999992,1.6816372310256693,1.7961710121097019,1.7679876748364307
16.285472000000027,1.6816372310256693,1.637144299955971,1.676560744782447
16.287442999999996,1.6822888115503711,1.600375425733086,1.7199343779000593
16.289424999999994,1.6822888115503711,1.6140560232716845,1.6857336744808853
16.291521999999986,1.6830965800725421,1.6753581265725457,1.7313644927740917
16.29339699999997,1.6830965800725421,1.6352236399644469,1.8650712740012143
16.295372000000043,1.6830965800725421,1.6729382253127831,1.6323612133106622
16.297349000000054,1.6842503921973504,1.6634790466203986,1.6886396175694296
16.299330999999995,1.6842503921973504,1.6887416172609466,1.6748119326551267
16.30167700000004,1.6854657914899007,1.678986751732432,1.7501619063487455
16.303297999999984,1.6854657914899007,1.705294028153689,1.7198022773400337
16.305274999999995,1.6854657914899007,1.7675455126888362,1.7365464950753582
16.307255999999995,1.6863366967013422,1.6657492411158028,1.6650004455952603
16.30923999999999,1.6863366967013422,1.6333448149274798,1.7243206441782841
16.311335000000042,1.6863366967013422,1.7317788204259548,1.6418072500848646
16.313198999999997,1.6868161201477203,1.7056779174806163,1.659096581864492
16.315179999999998,1.6868161201477203,1.6805795893492772,1.7425982330652032
16.317161,1.6868161201477203,1.695442632963846,1.7333446398667527
16.319142,1.686306239212674,1.6581476957703785,1.7381221244171083
16.321485000000052,1.686306239212674,1.7529413860899865,1.6430804046742211
16.323114999999973,1.686306239212674,1.7328067376413812,1.7230874123012223
16.325085,1.6865639660693674,1.6990107965606613,1.6370607462692213
16.327067000000056,1.6865639660693674,1.6698007065533884,1.689427239265835
16.329057000000034,1.6865639660693674,1.5980806848809102,1.7272952756820659
16.33114599999999,1.686331874211946,1.724972351003765,1.7040700202683936
16.33301499999999,1.686331874211946,1.69054953859872,1.7467125254497866
16.33499999999998,1.686331874211946,1.7349354491279985,1.6087848777684848
16.336972000000003,1.6858477935495693,1.614382132271418,1.6641192569337508
16.338954,1.6858477935495693,1.6776574522062628,1.620322710288834
16.341279000000043,1.6853885495508467,1.6732813106003155,1.6656416309614506
16.34293100000002,1.6853885495508467,1.591552476499648,1.6845107313662575
16.344898000000057,1.6853885495508467,1.60989597827458,1.6870028809763
16.346878000000004,1.6853629302344368,1.698519882248555,1.7289655389788408
16.34886000000006,1.6853629302344368,1.8149435170694492,1.732213974733359
16.350971000000015,1.6853629302344368,1.7495856018235667,1.660263156871871
16.352821000000006,1.6853280471385632,1.5940396909176624,1.708030891640501
16.354812000000038,1.6853280471385632,1.6947281297692776,1.7686785387661057
16.35679399999998,1.6857714867009088,1.6499984984664648,1.7663540890952472
16.358768999999995,1.6857714867009088,1.718205011512594,1.6873914924529119
16.36110100000002,1.6857714867009088,1.6914096762910515,1.7140252768810407
16.36273700000004,1.686632703891648,1.6548373655732016,1.6851640312775356
16.36471400000005,1.686632703891648,1.7280434162718445,1.5710996575935128
16.366691000000003,1.686632703891648,1.6896028664272824,1.6235141086406693
16.368671000000006,1.687130338530523,1.699570991727223,1.6619157846967796
16.370769999999993,1.687130338530523,1.6868860796006526,1.6652802514782206
16.372644000000037,1.687130338530523,1.687491024182693,1.667719502230996
16.374617,1.6883318294084584,1.6929962053869054,1.651369323194526
16.376600000000053,1.6883318294084584,1.7543265658999274,1.6862010303979993
16.378579000000002,1.6893191328168602,1.7338519456728712,1.677484328634149
16.38090699999998,1.6893191328168602,1.7481645065805445,1.6533166150768646
16.382546000000048,1.6893191328168602,1.5875380262158987,1.6575396491726746
16.384524999999996,1.6900444261217338,1.7115778521212155,1.6560168785928384
16.386502000000007,1.6900444261217338,1.6375063153975329,1.7463462282396258
16.388483000000008,1.6900444261217338,1.6992638620617966,1.7165670356976308
16.390586999999982,1.6902084079577848,1.7492714580958637,1.6688922532959543
16.39244500000001,1.6902084079577848,1.6362735043366472,1.7273366683539693
16.394427000000007,1.6902084079577848,1.701912785248851,1.6669593327896572
16.39640700000001,1.6901604760994686,1.6625498936470364,1.6785237124366543
16.398393000000056,1.6901604760994686,1.7402938290167587,1.6762862019172975
16.400736999999992,1.6899269780884896,1.7007276821265247,1.747176050811132
16.402350000000013,1.6899269780884896,1.6741676073275251,1.7034180093804028
16.404336,1.6899269780884896,1.6775894597815997,1.6694705769279945
16.406323000000043,1.6899269780884896,1.7042415094499572,1.7571665582191194
16.408294000000012,1.6897928951431316,1.7762651675574048,1.6806739176997334
16.410401999999976,1.6897928951431316,1.7029993617820367,1.6368187077694696
16.412261,1.6892194023414129,1.7143021943203633,1.6553020613266645
16.41423800000001,1.6892194023414129,1.7375737808975993,1.6101608765232074
16.416219000000012,1.6892194023414129,1.680608684284956,1.653766117425457
16.418199000000016,1.6884928401427362,1.6391901114504208,1.6663631073318468
16.420529000000045,1.6884928401427362,1.6940278284231853,1.6322998748732913
16.42217000000005,1.6884928401427362,1.734149026709011,1.6518754715752846
16.424149,1.688269643455472,1.6845837636164476,1.6358065644101074
16.426132000000052,1.688269643455472,1.6362084703015873,1.7349773150087144
16.42811999999998,1.688269643455472,1.7221131401487315,1.6069168645739653
16.430204000000003,1.688184774499578,1.7769750709213106,1.6250757474373514
16.432069000000013,1.688184774499578,1.691166246522169,1.6907343594859428
16.434059999999988,1.6885292262053024,1.648327753248975,1.6075582072356691
16.436041000000046,1.6885292262053024,1.7413022027190461,1.6951936068531455
16.438011999999958,1.6885292262053024,1.7349221042190255,1.6301510034781546
16.44035100000002,1.689688817052123,1.7191436950770747,1.711411206645056
16.441975000000014,1.689688817052123,1.7018885686449872,1.6585359391226122
16.443962,1.689688817052123,1.6989460886199161,1.6660909437051414
16.445940000000007,1.6898876804905196,1.7676806304928236,1.7240289016087953
16.447918000000016,1.6898876804905196,1.7265579566268596,1.6915605810073062
16.450019999999995,1.6909449959781526,1.6882150067475163,1.6067638572893321
16.45188999999999,1.6909449959781526,1.711739742305726,1.6943197458290782
16.453861000000018,1.6909449959781526,1.682964328094828,1.6779776948334326
16.455843000000016,1.6909449959781526,1.6810000034050714,1.6735523374235395
16.45782300000002,1.6919207243642203,1.6806893100431766,1.667857293219722
16.460159000000033,1.6919207243642203,1.7275929662738165,1.6467719286092508
16.46178500000002,1.6923733203926745,1.682564438428209,1.7031553896330358
16.463768000000016,1.6923733203926745,1.6905666036438298,1.6594234481936807
16.465753000000007,1.6923733203926745,1.703655988802582,1.7815831448156738
16.467734000000007,1.692486210373396,1.7318950239877082,1.7779021303723002
16.469836999999984,1.692486210373396,1.755792034834507,1.6891747457290556
16.47169500000001,1.692486210373396,1.6616416113330954,1.7337496111173942
16.473674000000017,1.6928954187648968,1.7203570033284525,1.6799219977802287
16.47565400000002,1.6928954187648968,1.7227838773690116,1.6704684697580996
16.477636000000018,1.69245255335728,1.7015855782329252,1.6928888589123472
16.479971000000035,1.69245255335728,1.6068478914744593,1.6455773424300846
16.48159800000002,1.69245255335728,1.691342322340307,1.6487052485454707
16.48357900000002,1.6919171742789272,1.7020758294618707,1.7917409736582157
16.485566000000006,1.6919171742789272,1.7570578142700743,1.6885792625452345
16.48754100000002,1.6919171742789272,1.7532113751061194,1.7176190677160954
16.489638000000014,1.6914433009272736,1.7240742836824396,1.7272675152417825
16.491503000000023,1.6914433009272736,1.8119465985994965,1.647240844645659
16.493498999999986,1.6914433009272736,1.7194457675581472,1.621442177605275
16.495465000000024,1.691035921569389,1.6675875785283942,1.7702043999783303
16.497447000000022,1.691035921569389,1.7389834241511992,1.7014361188021967
16.499780000000044,1.6908961639166895,1.6846406379909566,1.691378789436291
16.501418,1.6908961639166895,1.7126301229716463,1.711090190802686
16.503391000000022,1.6908961639166895,1.64529801977853,1.711278192294625
16.505379000000005,1.6913134136512413,1.6650020245980492,1.7415416989967494
16.507352000000026,1.6913134136512413,1.617866755203915,1.7344245328527004
16.509451000000013,1.6913134136512413,1.6924739088973573,1.690881255047924
16.511314000000027,1.6917317836131265,1.6593089958498197,1.6920605592948468
16.51330200000001,1.6917317836131265,1.8061835019642816,1.7594593816357318
16.515287,1.6917317836131265,1.7538970045859168,1.6144814107712362
16.517258000000027,1.6923893220485757,1.6701827053755842,1.6973384564792395
16.519601000000023,1.6923893220485757,1.65505959400784,1.6340236858125086
16.521231999999998,1.6923893220485757,1.6581321573394876,1.6092911038700617
16.523200999999972,1.6929922012860101,1.6531191303073347,1.6558971922241517
16.525191000000007,1.6929922012860101,1.646384917792632,1.636555844746788
16.527175,1.6943437186434596,1.6910463129853022,1.7227328264540023
16.529269999999997,1.6943437186434596,1.6618038115944334,1.59825179530694
16.531127000000026,1.6943437186434596,1.642405273688343,1.7538466032090705
16.533108000000027,1.695034669804426,1.7581198067561463,1.6759134856430202
16.535089000000028,1.695034669804426,1.6676468857491809,1.735219829187243
16.537080000000003,1.695034669804426,1.6666864624228939,1.6622628904119678
16.539399000000003,1.6954779274461482,1.777758120070835,1.658054450095296
16.54103299999997,1.6954779274461482,1.7886574797264756,1.6764186033199402
16.543022000000008,1.6954779274461482,1.7408204415974593,1.674320418236786
16.544993999999974,1.6953741490635752,1.7069114162766552,1.6774731368439768
16.546982000000014,1.6953741490635752,1.660105822478567,1.6544552998477329
16.549075000000016,1.695042707968403,1.7478302794901088,1.689793343378559
16.55093800000003,1.695042707968403,1.669020626462922,1.7066688977858442
16.552922000000024,1.695042707968403,1.6233645432011234,1.7171616265270546
16.554904000000022,1.695276247600677,1.6741762637012179,1.7556438775161038
16.55688600000002,1.695276247600677,1.6398888667933806,1.7006366162964865
16.559215999999992,1.695276247600677,1.6549387733021443,1.7263785005064516
16.560847000000024,1.694587995326232,1.7646083224236448,1.7654312528556975
16.562828000000025,1.694587995326232,1.7676972510544877,1.6560747893944556
16.564818000000002,1.694587995326232,1.6596778308553983,1.7257221390821567
16.56679200000002,1.6938910470670292,1.660632164382863,1.6584759008971872
16.568894,1.6938910470670292,1.6507358006889596,1.6596240303917082
16.57075500000002,1.6931529614425018,1.7809640477889592,1.6965670672661397
16.57273399999997,1.6931529614425018,1.770824901238635,1.5492576227907897
16.574715000000026,1.6931529614425018,1.660602997398042,1.6791309901404798
16.57669599999997,1.693130705368876,1.7481107424886708,1.6545720347681534
16.57901800000002,1.693130705368876,1.7061399749587762,1.6193640606480293
16.580659000000026,1.693130705368876,1.7142911786342137,1.7264998906048106
16.582640000000026,1.6935819765772318,1.7250386704493754,1.6568092485403676
16.584621000000027,1.6935819765772318,1.6829685939114813,1.718692726131275
16.586608000000012,1.6935819765772318,1.6785858587610214,1.7312129325137735
16.588701000000015,1.694179964023208,1.7769593218428055,1.7362681678205454
16.59056300000003,1.694179964023208,1.6948637016768715,1.811311176124798
16.592554000000007,1.694179964023208,1.7144269894269342,1.6626833412688127
16.594529000000023,1.6948412118776253,1.789067472641685,1.6354079216440902
16.59650800000003,1.6948412118776253,1.7216954604565509,1.801512552720157
16.59884199999999,1.6953118342249374,1.700437997683077,1.680670617273433
16.60047000000003,1.6953118342249374,1.6762592819308066,1.6850418908707723
16.602453000000025,1.6953118342249374,1.660240267961836,1.7386991391942594
16.60443300000003,1.6961050002719062,1.7106935802651115,1.6939925754709368
16.606411000000037,1.6961050002719062,1.6657513715208419,1.685195057552381
16.608511999999962,1.6961050002719062,1.6822903701981817,1.7409124513106984
16.61037200000004,1.6970071613136744,1.60779773838299,1.633301860423065
16.61235899999997,1.6970071613136744,1.7199459339101888,1.6384443081945044
16.614345000000014,1.6970071613136744,1.6578546532011924,1.6961014608822245
16.616319999999973,1.6971588408657696,1.7962547947750676,1.6016881806159382
16.61864700000001,1.6971588408657696,1.6586043270645843,1.6119693838921627
16.620293000000004,1.6971588408657696,1.68080087799681,1.7800952761621527
16.622259000000042,1.6968466397395643,1.6951520548810075,1.617189702744451
16.624246000000028,1.6968466397395643,1.6787093327737854,1.6702490587832046
16.62622700000003,1.6969605930956244,1.60885142606735,1.7361039680739223
16.628326000000015,1.6969605930956244,1.701645444707241,1.7449353064880722
16.63018900000003,1.6969605930956244,1.7227638163815624,1.716969865805713
16.632165000000043,1.6968907568877378,1.6828699104527105,1.6705877393922801
16.634146999999984,1.6968907568877378,1.6863443433386305,1.6532378172135398
16.636128000000042,1.6968907568877378,1.6818760502519738,1.6817109261651664
16.63846000000001,1.696123799854352,1.6566833779856465,1.709682452822175
16.640090999999984,1.696123799854352,1.6666768995206276,1.6272100464801682
16.64208500000001,1.696123799854352,1.7736596210991586,1.7247805522112631
16.644052000000045,1.695506505594285,1.7202869976734487,1.6957144097635797
16.64604300000002,1.695506505594285,1.738853193082115,1.6621050060278295
16.648136999999963,1.6951929839974105,1.67071460176998,1.7245841751760156
16.64999899999998,1.6951929839974105,1.7444177372139524,1.7616286893893687
16.651977999999986,1.6951929839974105,1.755035967924371,1.7025126580652403
16.653959000000043,1.6945911573929273,1.6776235536591722,1.6992486840855516
16.65595000000002,1.6945911573929273,1.824913105458145,1.6743907698470748
16.658280999999988,1.6945911573929273,1.6498632719295536,1.6107859899764643
16.659902999999986,1.6947448579061655,1.6382666683198752,1.6497835168958717
16.661883000000046,1.6947448579061655,1.6559358609673436,1.6923222717188344
16.66387400000002,1.6947448579061655,1.6732069030274683,1.6241113316669016
16.665845000000047,1.6953377767734366,1.7340356115415017,1.6619936622025164
16.667944999999975,1.6953377767734366,1.6625928688455265,1.6378910336355166
16.669823000000008,1.695636427702309,1.5987693103651412,1.699088576845808
16.671787999999992,1.695636427702309,1.6690245294290342,1.7270589650071153
16.673770999999988,1.695636427702309,1.6808391035178811,1.7287501000288032
16.675752000000045,1.6960948895593981,1.7167803828477104,1.7676277743708564
16.67808500000001,1.6960948895593981,1.5718646584580194,1.6337134061071394
16.679714000000047,1.6960948895593981,1.680588376386784,1.7406254186551577
16.681701999999973,1.6968718244285967,1.6949370302859585,1.7092960173258525
16.683677000000046,1.6968718244285967,1.7000449982159267,1.7156302155088148
16.685656999999992,1.6968718244285967,1.7334919820152284,1.7714967965393553
16.687752000000046,1.6975608913763223,1.6512467061987968,1.6096520176309204
16.68962300000004,1.6975608913763223,1.6911061574537898,1.6894611731178961
16.691618000000005,1.6975608913763223,1.7021264036830257,1.6736251837385454
16.693587999999977,1.69769756049826,1.68388966438795,1.6493431832748797
16.695562999999993,1.69769756049826,1.7185173964996554,1.6874966815325652
16.697885999999983,1.697212260630896,1.6506810951807633,1.716666753432982
16.699524999999994,1.697212260630896,1.7214094162787423,1.6958090677978759
16.70150700000005,1.697212260630896,1.6851460172345778,1.6111540644095868
16.703487999999993,1.6971612395747562,1.735947065692777,1.6846421799441236
16.705474000000038,1.6971612395747562,1.7550473465263143,1.6386145513026686
16.70757900000001,1.6971612395747562,1.7408472898823855,1.652387418618685
16.709437000000037,1.6970988486275977,1.6319498684150047,1.650359104373387
16.711411,1.6970988486275977,1.6648924184534364,1.7837141211326673
16.71340600000002,1.6970988486275977,1.7088814913764978,1.6734492857524188
16.715373999999997,1.6961731778296618,1.6791610707719942,1.6714060871086416
16.717714000000058,1.6961731778296618,1.6650410066651409,1.6949345402257665
16.719336999999996,1.6952307912225317,1.7382054013531723,1.663300218251765
16.721317999999997,1.6952307912225317,1.641592720145272,1.7443188583993967
16.723302999999987,1.6952307912225317,1.6138767702945758,1.7255526671417638
16.725280999999995,1.6946343338079484,1.64638478435547,1.7133580024937196
16.727379999999982,1.6946343338079484,1.7121540546867948,1.6904752562906082
16.729247000000043,1.6946343338079484,1.767355830790717,1.7255060457707592
16.73123000000004,1.6939621264598097,1.786413085303312,1.6859576810123336
16.733205999999996,1.6939621264598097,1.6812043005378259,1.734777984843442
16.735195999999974,1.6939621264598097,1.6459087093548261,1.7061959487662623
16.737508000000048,1.6945632406550766,1.6958618730338528,1.6638012075275042
16.739156999999977,1.6945632406550766,1.702386283890786,1.6910879097660891
16.741133000000048,1.6946737716058737,1.6094087668580614,1.732802538725936
16.743111000000056,1.6946737716058737,1.6026716271756745,1.7006377866511566
16.745092,1.6946737716058737,1.630104965050638,1.6522438109362596
16.747187000000054,1.695266527709029,1.756411196385655,1.7951963896973817
16.74906100000004,1.695266527709029,1.6824891061116614,1.6731537331664275
16.751041999999984,1.695266527709029,1.668050385916688,1.6975083236741593
16.753019999999992,1.695321140302718,1.720428564539406,1.6928944165713538
16.754998,1.695321140302718,1.749146314219317,1.798440118615813
16.757330000000024,1.695321140302718,1.6578382148052282,1.689088327010266
16.758965000000046,1.695863264176135,1.7024854852746645,1.7383535655456492
16.76094599999999,1.695863264176135,1.7069073112478514,1.7394028875163512
16.762923999999998,1.695863264176135,1.739267253313628,1.6373464507417754
16.764903000000004,1.6964523852385724,1.6959578914743123,1.7770429145373823
16.766999,1.6964523852385724,1.6234946749596562,1.7050362584919878
16.768867,1.6965513402912202,1.6952384339965187,1.6975421591142232
16.77085199999999,1.6965513402912202,1.7139195324022507,1.7134574343692563
16.772829,1.6965513402912202,1.689967353896409,1.8046281187764686
16.77481499999999,1.6961301074778476,1.662523761636739,1.6967252680064544
16.777138000000036,1.6961301074778476,1.6302061503297502,1.7070566841292847
16.778772000000004,1.6961301074778476,1.752059194274548,1.7370853368352792
16.780752000000007,1.695968807498118,1.7319889840756981,1.7098393519470867
16.782736,1.695968807498118,1.6976573907036459,1.7538177453430353
16.784725000000037,1.695968807498118,1.6444913296805599,1.717897276545728
16.78681800000004,1.6954102301743705,1.729800009742469,1.7532431855283215
16.788678000000004,1.6954102301743705,1.6672351332066135,1.7282188372885228
16.790674999999965,1.6954102301743705,1.6075926150503692,1.7041828904965919
16.792644999999993,1.6945390770668534,1.7397171429917748,1.748790852351607
16.794624999999996,1.6945390770668534,1.5921877272874068,1.735093255840639
16.79695300000003,1.6945390770668534,1.6823744265867193,1.6877171479031075
16.798583000000065,1.6935481254057387,1.7320414290133548,1.659339443023734
16.800565000000006,1.6935481254057387,1.7010740978131134,1.7043528398613783
16.80254500000001,1.6928909439403304,1.7277996043767732,1.754413861045089
16.80452900000006,1.6928909439403304,1.746512528969743,1.642331700223284
16.806622000000004,1.6928909439403304,1.644988620474369,1.6858083801939114
16.80848900000001,1.6921085081350942,1.6920064243007085,1.6895787620600953
16.81048100000004,1.6921085081350942,1.6890520087102885,1.7440803618545253
16.812460999999985,1.6920512983873375,1.6868710998297483,1.6374617013161084
16.81443200000001,1.6920512983873375,1.725326374377462,1.7439557404063721
16.816755,1.6920512983873375,1.723839495755361,1.6594028914643235
16.818399000000056,1.6923165717523303,1.7422510212611273,1.6948800994110136
16.820377000000008,1.6923165717523303,1.6423803741353433,1.735473397970564
16.82235700000001,1.6923165717523303,1.7075922427173706,1.7691410617588592
16.824343,1.6928414944595735,1.6386524201778854,1.7517878145174555
16.826437000000055,1.6928414944595735,1.713566046714443,1.6659282130004933
16.82830100000001,1.6928414944595735,1.7739470382607978,1.6471901354433078
16.830287999999996,1.6931981597293586,1.7683361382357026,1.7884247225078165
16.832266000000004,1.6931981597293586,1.6279842587744024,1.6306284013423278
16.834249,1.6931981597293586,1.6371840124158101,1.779882046392927
16.83657900000003,1.6938476509770897,1.7150375171145744,1.743156353172648
16.83821599999999,1.6938476509770897,1.6651620715156445,1.7388417852992808
16.840188000000012,1.694139929663484,1.7566401139127203,1.7324274009078398
16.842169000000013,1.694139929663484,1.7317248033862438,1.6499802376511015
16.84415100000001,1.694139929663484,1.7191540902326659,1.67885685916568
16.846254999999985,1.69428319630524,1.6414175782357086,1.7892051740888855
16.848113000000012,1.69428319630524,1.733648936965531,1.632646141968182
16.850094000000013,1.69428319630524,1.7231851072985198,1.7723793122224563
16.85208300000005,1.6937041394162218,1.6905438602679679,1.7844274205378143
16.854062000000056,1.6937041394162218,1.6203517659997841,1.650441216230198
16.856397000000015,1.6934092833960988,1.767718286402155,1.741872974840185
16.85801699999996,1.6934092833960988,1.6361087045788145,1.7882169006623578
16.860000000000014,1.6934092833960988,1.6186098428022833,1.79214665619862
16.861981000000014,1.6934092833960988,1.717413802049951,1.5914740903917954
16.863961000000018,1.6927176450294803,1.7438772990757585,1.7472632338617804
16.86605800000001,1.6927176450294803,1.6556074712292796,1.7093821882792384
16.867928000000006,1.6919976443675564,1.6444449193575472,1.7612284497992374
16.869905000000017,1.6919976443675564,1.7081594447734532,1.7187482193711185
16.871886000000018,1.6919976443675564,1.7864679244216646,1.699056067228896
16.873873000000003,1.6908888286627366,1.7768588408333332,1.7998235439513226
16.876203000000032,1.6908888286627366,1.7369576734380818,1.7049244321211527
16.877830000000017,1.6908888286627366,1.7059488768699447,1.7921998833836472
16.879809999999964,1.6900510955155355,1.6790683010853078,1.7294079720385644
16.88179500000001,1.6900510955155355,1.6771898823246667,1.6408072058787226
16.88377300000002,1.6896526838237265,1.6741039326491989,1.7164022335779254
16.885869000000014,1.6896526838237265,1.698414845190815,1.7734421406660148
16.887742000000003,1.6896526838237265,1.6663910099453554,1.6460032581163695
16.88972100000001,1.6895363662611678,1.675640544444594,1.705333729019513
16.89169800000002,1.6895363662611678,1.658334463712421,1.563566594275045
16.89369099999999,1.6895363662611678,1.6806895331794662,1.6464751267586621
16.89600999999999,1.6896295156419412,1.6847633246070373,1.6263003465222963
16.89764100000002,1.6896295156419412,1.7016588483282635,1.6319340155612276
16.89962300000002,1.6896295156419412,1.7167958695153653,1.7545662553172727
16.901612999999998,1.6897946787533298,1.836495261830493,1.669205073593813
16.90358500000002,1.6897946787533298,1.7516720350242383,1.667343782710822
16.90567999999996,1.6897946787533298,1.7467316432367002,1.6531606713421227
16.907557999999995,1.6900455370187166,1.7559021611946797,1.7247255856255685
16.90952900000002,1.6900455370187166,1.715062442410766,1.7758151960937663
16.91151000000002,1.6904530661374706,1.6107111932453408,1.7228485139475032
16.913500999999997,1.6904530661374706,1.7168272604497323,1.7317138021192098
16.91582699999998,1.6904530661374706,1.67452714597575,1.7461677228374493
16.917453000000023,1.6907555589198775,1.6635432876817955,1.7017138113817636
16.919444999999996,1.6907555589198775,1.615705794707369,1.6067101836434796
16.921416000000022,1.6907555589198775,1.6209162774627965,1.7503928111749345
16.923396000000025,1.6909013638368244,1.6811121913494578,1.6784962932649516
16.925500999999997,1.6909013638368244,1.7051611869070231,1.6009356459692086
16.927358999999967,1.6909013638368244,1.6922875984942312,1.7188513183899907
16.929339000000027,1.6902325576580606,1.6688711913868546,1.7940955418160283
16.931331,1.6902325576580606,1.7153487739776407,1.7553184149272782
16.933307000000013,1.6903139206573228,1.7260061309603654,1.6155515880452977
16.935641999999973,1.6903139206573228,1.7172620174873818,1.6861535766625404
16.937274000000002,1.6903139206573228,1.7195050677113046,1.6582771628427815
16.939246000000026,1.6893584596946276,1.728039702057527,1.6258940745737194
16.941227000000026,1.6893584596946276,1.5994791578034273,1.6831748348146165
16.943208000000027,1.6893584596946276,1.7080713791091053,1.6813686116757598
16.945313,1.688427101800641,1.6598610813306411,1.6309600524049308
16.947171000000026,1.688427101800641,1.780155218219856,1.6681381926086205
16.949162,1.688427101800641,1.7450807194889146,1.6752852167930972
16.951142000000004,1.6871158886172233,1.7016080213448213,1.6386500434344613
16.95311399999997,1.6871158886172233,1.6772088921967383,1.5967380075768824
16.955467,1.6868483705059905,1.578788698661467,1.646280625540642
16.957081000000017,1.6868483705059905,1.6293415306749275,1.6049773881138452
16.959058000000027,1.6868483705059905,1.6630148277713293,1.702917029313662
16.96104600000001,1.6868483705059905,1.7054524188597466,1.6862868656226235
16.96301900000003,1.686197819150274,1.666795562493282,1.7491282668719368
16.96511700000002,1.686197819150274,1.7598677331486527,1.5707414565566769
16.966985000000022,1.6862515018554713,1.6568217128247362,1.7522536505121822
16.968964000000028,1.6862515018554713,1.8020029090054162,1.6238156155575798
16.970947000000024,1.6862515018554713,1.624529979525647,1.6821926415967248
16.972929000000022,1.6863796704496106,1.722048509698497,1.669445206952018
16.975261999999987,1.6863796704496106,1.6808212228673516,1.618666083180246
16.976897000000008,1.6863796704496106,1.6706515401864659,1.6994539118850454
16.978871000000026,1.68643225617041,1.6831488256584057,1.6891774775774595
16.980860000000064,1.68643225617041,1.6462870620727263,1.7843591717697702
16.98284000000001,1.6868293247689012,1.7001828344819687,1.6933023770381268
16.984929000000022,1.6868293247689012,1.648975360917677,1.6705463519395778
16.986797000000024,1.6868293247689012,1.6976783003363956,1.648647088755656
16.988782000000015,1.6869661292892355,1.7066273908805947,1.6529186648734915
16.990759000000025,1.6869661292892355,1.6941345797729102,1.5768065114990633
16.99273999999997,1.6869661292892355,1.6611042885728398,1.6554438194931873
16.99508400000002,1.687119327766294,1.756421307288145,1.7110545169374587
16.996710000000007,1.687119327766294,1.6001804992948032,1.6460647585841865
16.998683000000028,1.687119327766294,1.7105907747624183,1.7363706002581054
17.000661999999977,1.6873233335109377,1.773002501415082,1.6859971926791522
17.002651000000014,1.6873233335109377,1.7423171229135959,1.723820804620524
17.004748000000006,1.6873233335109377,1.6319451948465395,1.6719477850236153
17.00660700000003,1.6871362553939115,1.6513520998204796,1.6483790836169936
17.00859600000001,1.6871362553939115,1.6818671500580142,1.7510261871622947
17.010580000000004,1.686698663183607,1.6292221091304897,1.6844380101124572
17.012552000000028,1.686698663183607,1.6515632197294874,1.7434377483203594
17.014871000000028,1.686698663183607,1.6127813700815372,1.6652742523677915
17.016516000000024,1.6863032658395287,1.7199549064890292,1.502714468204072
17.01849100000004,1.6863032658395287,1.74005243350659,1.7726537714982873
17.020474000000036,1.6863032658395287,1.6519965922379483,1.6409339883911953
17.02245400000004,1.685491942654739,1.668051280307166,1.6167393546561515
17.024553000000026,1.685491942654739,1.6369796335775992,1.7243226914996315
17.026418999999976,1.685491942654739,1.7135313396238938,1.5934041673979151
17.028396999999984,1.6842216303015909,1.648142962574521,1.7327917678058684
17.030385999999964,1.6842216303015909,1.6366307432687819,1.6873876209177745
17.032370000000014,1.6833004925016042,1.7193864115528446,1.6963469349594027
17.03469899999999,1.6833004925016042,1.7427286273426636,1.7054608036942458
17.036336000000006,1.6833004925016042,1.6889857801370776,1.627865384977788
17.03830800000003,1.68321352080309,1.599276481201775,1.6283283231312335
17.04028500000004,1.68321352080309,1.7388415421362937,1.7284650894180642
17.04226699999998,1.68321352080309,1.6028241015986078,1.6514962643856375
17.044362000000035,1.682875388294325,1.6199193694018459,1.6687281167738857
17.04623399999997,1.682875388294325,1.6631959418760325,1.6898733383126623
17.048216000000025,1.682875388294325,1.6965472610151675,1.7176161604733182
17.050189999999986,1.6829706591081668,1.66069272935626,1.5990244675680614
17.05217200000004,1.6829706591081668,1.7478407106607363,1.7066149342202648
17.05451499999998,1.6831505447899495,1.6955293997946446,1.7358195810480168
17.056146000000012,1.6831505447899495,1.6852206625573203,1.7059046513561058
17.058127000000013,1.6831505447899495,1.6160668831759695,1.7516673697703335
17.06010600000002,1.6832994133318213,1.749913359131371,1.668281201999346
17.062078000000042,1.6832994133318213,1.6757433983801153,1.6065081793845057
17.064172999999982,1.6832994133318213,1.6323247796196179,1.7103673235143744
17.066048000000023,1.6837211235989515,1.651324331018538,1.6846236137023285
17.068021999999985,1.6837211235989515,1.7525962008562823,1.7768206144035894
17.070010000000025,1.6837211235989515,1.6962102633608154,1.6972675938206192
17.07198299999999,1.6840084136344315,1.673306705150682,1.7278491242066911
17.074325999999985,1.6840084136344315,1.6564770446204362,1.6678865706231474
17.07595600000002,1.6840084136344315,1.7085766733038805,1.686266313406892
17.077934000000027,1.6843760238539138,1.613481064816368,1.7460600397556123
17.07990799999999,1.6843760238539138,1.6916809036280953,1.7170662660266423
17.081890999999985,1.6843760238539138,1.6598030018662862,1.8261157991956538
17.08398500000004,1.6840143259176967,1.6134809771767606,1.7317142425011267
17.085861000000023,1.6840143259176967,1.6664982032223803,1.6881378463084815
17.087834000000043,1.6837359464901571,1.610365932220886,1.6978304145855527
17.089814999999987,1.6837359464901571,1.6539937526648192,1.7185792375504185
17.091796000000045,1.6837359464901571,1.5736559867094244,1.7535357330093164
17.094118999999978,1.6834892776397923,1.6503000935978724,1.6760190303810174
17.09576800000002,1.6834892776397923,1.6225173392643086,1.5985555780525236
17.097756000000004,1.6834892776397923,1.6796821041705323,1.7256496447707292
17.09971900000005,1.6825700292012695,1.6731335659364586,1.7378366093849107
17.101711000000023,1.6825700292012695,1.6951478225220131,1.6629512927648056
17.10380600000002,1.6825700292012695,1.742142754869825,1.7553051563370219
17.105672000000027,1.6815521576950578,1.7426942104681635,1.7262260776572689
17.10764499999999,1.6815521576950578,1.6625209420099003,1.697999873929944
17.10962599999999,1.68096305680524,1.6807481521000374,1.6587358480210426
17.111606999999992,1.68096305680524,1.6302335172451763,1.637733041681808
17.113939000000016,1.68096305680524,1.6716638250078943,1.7126768096250116
17.115576999999973,1.6803230264354663,1.7480937856200554,1.6994502144186023
17.11755499999998,1.6803230264354663,1.6341020440390301,1.6668469959995373
17.11953600000004,1.6803230264354663,1.7781246878837695,1.598287069303898
17.121511999999996,1.6808717033282934,1.5813602343857711,1.713122701089029
17.12360799999999,1.6808717033282934,1.689094437239939,1.7154119913271233
17.125485000000026,1.6808717033282934,1.63813318186287,1.693650799561228
17.127462999999977,1.6812265271329072,1.5654348079943419,1.6773703996809892
17.129437999999993,1.6812265271329072,1.727704191138085,1.6307122893910961
17.131418999999994,1.6814244214118885,1.6851686005500175,1.7175225526654594
17.13374600000003,1.6814244214118885,1.702549745414125,1.774812771946124
17.135393000000022,1.6814244214118885,1.6429801749188289,1.6389053588743228
17.137361999999996,1.681654866408671,1.7206162476456197,1.6431380609173227
17.139346999999987,1.681654866408671,1.6591263606980162,1.6635502890027916
17.141324999999995,1.681654866408671,1.7293679282754786,1.7465291986146632
17.143422999999984,1.6823759232783717,1.6575667289419818,1.7568352622388002
17.145299999999963,1.6823759232783717,1.7299364680026477,1.6799776158963227
17.14727799999997,1.6823759232783717,1.7025305703932587,1.682634704413528
17.149248,1.6829865727496076,1.7588969053499302,1.685910206712785
17.15123299999999,1.6829865727496076,1.703409787875764,1.612017175056647
17.153564000000017,1.6831855554746173,1.7396268648487123,1.604482938647714
17.15520600000002,1.6831855554746173,1.6998180405817678,1.7037733915397981
17.157173999999998,1.6831855554746173,1.7281237299435777,1.785697701667071
17.159159000000045,1.6829181780043492,1.6876109554141305,1.81181867585686
17.161135,1.6829181780043492,1.687239292580934,1.6715602477213933
17.163230999999996,1.6829181780043492,1.7479744771368297,1.6431003006123683
17.165110000000027,1.6828225812696214,1.6872643140768369,1.632520073421452
17.16708,1.6828225812696214,1.60487407262069,1.7935059521773338
17.169061000000056,1.6828225812696214,1.70235402423948,1.6263540385787914
17.171041000000002,1.682562611202898,1.7499178486126516,1.683228213121324
17.173363999999992,1.682562611202898,1.686063413160084,1.7353211323210942
17.17501900000002,1.682562611202898,1.681652351168735,1.6828311524020574
17.176994999999977,1.681756731765904,1.6564869363827186,1.7574916420825557
17.178972999999985,1.681756731765904,1.6527392610287874,1.6131608081439748
17.180949,1.6806104900747496,1.6381276429040026,1.6443029784506586
17.183042,1.6806104900747496,1.669902908243192,1.6558115595628742
17.18491899999998,1.6806104900747496,1.6117935523599138,1.6740212946958908
17.186901000000034,1.680136215339961,1.5817886550361782,1.7326271795763042
17.188872000000003,1.680136215339961,1.6761801598533987,1.5731496403900693
17.190853000000004,1.680136215339961,1.7200181713808518,1.6712643499005062
17.193194000000005,1.6795395103760065,1.6012502797388062,1.69981961238553
17.194829000000027,1.6795395103760065,1.7909937542239114,1.724312218163837
17.196807000000035,1.6795395103760065,1.724409428565631,1.6507063883642945
17.198785000000044,1.6795285347086644,1.6908367859011249,1.6748392202828393
17.20076800000004,1.6795285347086644,1.758332976868317,1.6889040886971907
17.202864999999974,1.6799727444454635,1.659468607921872,1.711267632726894
17.20473000000004,1.6799727444454635,1.6817150021083809,1.7636717776729192
17.206703000000005,1.6799727444454635,1.6005502155836486,1.6780965554416076
17.208684000000005,1.6801520256859475,1.685779059595155,1.7108815924139362
17.210672999999986,1.6801520256859475,1.7097370862411998,1.5811802212453099
17.213002000000017,1.6801520256859475,1.666669231213102,1.668677331690323
17.214635999999985,1.680832989479395,1.6695463921082745,1.7165552114519076
17.216609000000005,1.680832989479395,1.622613921707303,1.737715436316567
17.218590000000006,1.680832989479395,1.7568655847912262,1.595787870038843
17.22057699999999,1.681702374003619,1.5911293715164259,1.6784658813941253
17.22267000000005,1.681702374003619,1.7671275653067238,1.6572906776413976
17.22454399999998,1.6823509937584986,1.6429335927202908,1.743178892211765
17.22652199999999,1.6823509937584986,1.5981406900457373,1.6050227861052784
17.228496000000064,1.6823509937584986,1.6714786929264207,1.7130883134182506
17.23048399999999,1.6823509937584986,1.6728091358620438,1.7020998451860614
17.232808000000034,1.6827131130827129,1.6880265823654845,1.7213188210901977
17.23443900000001,1.6827131130827129,1.6494465460173793,1.6900599937540146
17.23642000000001,1.6825667625720109,1.7606603866802495,1.7108458135965083
17.23840100000001,1.6825667625720109,1.7152818493691329,1.7221497192869017
17.240399000000025,1.6825667625720109,1.6863745496661149,1.6516499866100711
17.242478000000006,1.682499229961855,1.6675558309382688,1.6753393489434791
17.244357000000036,1.682499229961855,1.810342049145219,1.7264895810606293
17.246336999999983,1.682499229961855,1.6674701474401221,1.6947345896285038
17.24831599999999,1.6823140625973658,1.6771417669301945,1.581689994709934
17.250288000000012,1.6823140625973658,1.6623317116236045,1.6063735570942546
17.25262300000003,1.6821697658761308,1.741353723893629,1.7551113830796652
17.25425899999999,1.6821697658761308,1.6863148457361261,1.660047366470457
17.25623200000001,1.6821697658761308,1.6371012443931157,1.572654099531539
17.258212999999955,1.681237687372541,1.7064338623567576,1.6548355371481116
17.260194000000013,1.681237687372541,1.714186630371209,1.7222069354428693
17.26229500000005,1.681237687372541,1.649235676443206,1.6539757116488325
17.264155000000017,1.6806871634002367,1.708777310367495,1.750889888129135
17.266138000000012,1.6806871634002367,1.7882237461008668,1.6282340856781337
17.268128000000047,1.6806871634002367,1.75870073583355,1.7053891169110273
17.270100000000014,1.6803085032310061,1.739404365181444,1.723021784256054
17.272445000000005,1.6803085032310061,1.6882650509958392,1.69533093854093
17.274068999999997,1.6803085032310061,1.6856628170006922,1.7141566190301254
17.276042000000018,1.6803937912530076,1.737684468589566,1.7695071261182571
17.278025000000014,1.6803937912530076,1.592476665702247,1.7098682164755243
17.280006000000014,1.680645132999743,1.6726291761439662,1.5891732083163157
17.282114999999976,1.680645132999743,1.644155340491533,1.6786922276748455
17.283968000000016,1.680645132999743,1.6490446556519758,1.706422804119117
17.285949000000016,1.6814181134556005,1.6999734721878765,1.7434459699640417
17.287931000000015,1.6814181134556005,1.7092185205570127,1.7012293203425535
17.289920000000052,1.6814181134556005,1.6408117485593159,1.6960849115559895
17.292235000000062,1.6820115471558108,1.5983612585147364,1.7181526534493765
17.293881,1.6820115471558108,1.7364075830075556,1.6994429122498447
17.295864999999992,1.6820115471558108,1.6962385554477493,1.6371278781587073
17.297836000000018,1.683084576455196,1.6728609961284209,1.741828891882294
17.29981700000002,1.683084576455196,1.6345965051082403,1.6466710804535842
17.301920000000052,1.6832819226601308,1.699896671888947,1.6029643673789256
17.30377900000002,1.6832819226601308,1.6419283334925765,1.6992599547128333
17.305761000000018,1.6832819226601308,1.6571853304604434,1.6475357932442627
17.30774200000002,1.6835823081060195,1.727640954312736,1.6914992384399894
17.30972300000002,1.6835823081060195,1.7121144686875052,1.6126790232999044
17.31205600000004,1.6835823081060195,1.7062746483519762,1.6901840469502634
17.313695999999993,1.6834831553348728,1.7346060206482279,1.6653385235860363
17.31566700000002,1.6834831553348728,1.6280155597529202,1.676289345602179
17.317657999999994,1.6834831553348728,1.728958636983611,1.6903664823671412
17.31962900000002,1.6835710325758257,1.7287638644405838,1.6725418453868965
17.32173000000006,1.6835710325758257,1.742982816390907,1.6477059084684225
17.323600000000056,1.6835613337622746,1.7025210903947146,1.621425491420121
17.325572000000022,1.6835613337622746,1.6876330108144824,1.7063651879449393
17.327553000000023,1.6835613337622746,1.7134405911784674,1.648424278267008
17.32953500000002,1.682738852757007,1.7391593967508028,1.6057940663835613
17.33185800000001,1.682738852757007,1.6848944474208338,1.658461638989894
17.333497000000023,1.682738852757007,1.7283328874914559,1.648392494283891
17.335478999999964,1.6815035552062212,1.519825442370852,1.653520073835808
17.337459000000024,1.6815035552062212,1.5954279853170068,1.728787683293528
17.339451999999994,1.6815035552062212,1.732240512379538,1.634537990695116
17.341537000000017,1.6811362737700573,1.698534567013282,1.767961908082939
17.343406000000016,1.6811362737700573,1.7029846324302358,1.6804999252449695
17.345394,1.6811362737700573,1.6588690290615438,1.65999740765556
17.347374000000002,1.6808974642984775,1.595154281670631,1.7433545812275022
17.349347000000023,1.6808974642984775,1.7411143460127594,1.6729980284857442
17.351683999999977,1.6808999195176266,1.7170384790600206,1.6567961253229913
17.35331700000006,1.6808999195176266,1.7438105548186655,1.670916258932423
17.355290000000025,1.6808999195176266,1.5775739385708423,1.8664565066791283
17.357270000000028,1.6811337584910868,1.7332699357901018,1.5454100702814113
17.359252000000026,1.6811337584910868,1.7290472274809146,1.6816986482605727
17.36136399999998,1.6811337584910868,1.7097752497512104,1.736805235591114
17.363215000000025,1.6817175163294886,1.6860943186005337,1.7032436818528855
17.36519800000002,1.6817175163294886,1.6496926884528635,1.7029752731869774
17.36718600000006,1.6817175163294886,1.7100608914919928,1.7235431315110747
17.369156999999973,1.6822823101727293,1.660676202710103,1.7207059540534835
17.37148000000002,1.6822823101727293,1.7180692569972789,1.670649633095035
17.37312800000001,1.683100035571281,1.6604169700148919,1.7237745641388078
17.37510100000003,1.683100035571281,1.6705311989703184,1.6883583349945628
17.377083000000027,1.683100035571281,1.6406473109011994,1.6983889728130253
17.379072000000065,1.6838419561599418,1.6826852104132737,1.6365935698361918
17.381162000000018,1.6838419561599418,1.6857361880679378,1.6498731989164845
17.38303300000001,1.6838419561599418,1.7467510819271437,1.656537835009932
17.38501100000002,1.6843108779596536,1.6907678670541637,1.6426145479769567
17.38699200000002,1.6843108779596536,1.5441392412336614,1.6287091473154363
17.388985000000048,1.6843108779596536,1.8093535542526835,1.7287814842518299
17.391302999999994,1.68426751541533,1.6551133359080865,1.648463975963544
17.392934999999966,1.68426751541533,1.601474482818305,1.628504075071986
17.394916000000023,1.68426751541533,1.7386011117262625,1.6937321752963845
17.396896999999967,1.6840453853926274,1.7272891271691442,1.638565745473212
17.398877000000027,1.6840453853926274,1.6678295769837335,1.7138970071876842
17.40097800000001,1.683780415569072,1.6229658768829245,1.6995120257276795
17.402840000000026,1.683780415569072,1.6968897799753468,1.7056287558261978
17.40482400000002,1.683780415569072,1.663893940110432,1.6387099868952795
17.40680100000003,1.6834168648930565,1.6857161147960769,1.6573230117142002
17.408784000000026,1.6834168648930565,1.6869676450920645,1.708966911119744
17.411125999999967,1.6834168648930565,1.5878310624550753,1.603407524686814
17.412744999999973,1.6824064239383412,1.6541088763591913,1.6991553081007025
17.414727000000028,1.6824064239383412,1.6594032829761591,1.6834598310338185
17.416718000000003,1.6824064239383412,1.678050175572072,1.7463386870357631
17.41868800000003,1.6818196128511205,1.6830401191091333,1.6018869678659273
17.420781999999974,1.6818196128511205,1.5997549905546558,1.656769322249767
17.422663999999997,1.68147980319132,1.6504942386567727,1.6878612822267045
17.42463699999996,1.68147980319132,1.6681003719238623,1.7455036827148382
17.426613999999972,1.68147980319132,1.6692436418952072,1.7197522611872826
17.428596000000027,1.6817877370365397,1.7339857922006634,1.6497835389188162
17.430925000000002,1.6817877370365397,1.717158854935731,1.691009762250287
17.43256500000001,1.6817877370365397,1.82058797445431,1.7261388100284467
17.43454200000002,1.6820751851825138,1.628547168084111,1.7233833229438456
17.436518000000035,1.6820751851825138,1.7280153209912044,1.7425482297005064
17.438507000000016,1.6820751851825138,1.699064284762735,1.6270263264642817
17.44059299999998,1.682881372272281,1.666981483575414,1.7773830301769418
17.442461999999978,1.682881372272281,1.7004624264259158,1.6374861697920495
17.444457,1.6830744940188405,1.7420998334392825,1.6946006544304415
17.446429000000023,1.6830744940188405,1.6686422308191142,1.6550697063447426
17.448405000000037,1.6830744940188405,1.7345857207237003,1.6797270468591883
17.45072700000003,1.683856855305148,1.6988904824471704,1.6675958187400375
17.452391999999975,1.683856855305148,1.687833449041301,1.769744488780295
17.45434799999998,1.683856855305148,1.8021859877793331,1.621639731628792
17.45632900000004,1.6846669425008882,1.6397689830656101,1.5943406836403493
17.458309999999983,1.6846669425008882,1.7197264909782388,1.6332124601416806
17.460421999999994,1.6846669425008882,1.7403734241486168,1.632963655776788
17.46228100000002,1.6851046620662702,1.708116725269912,1.7111437872236441
17.464253999999983,1.6851046620662702,1.6713577856429336,1.675500465767994
17.46625499999999,1.6851046620662702,1.6975799110524143,1.7024666161069264
17.468215000000043,1.6850421224147885,1.617038518765219,1.699002060518367
17.470549000000005,1.6850421224147885,1.6416817976855114,1.6434866186711714
17.472193000000004,1.6851990545309803,1.7282180256124269,1.6510575580948945
17.474159000000043,1.6851990545309803,1.657332428151878,1.6289430404969722
17.476140999999984,1.6851990545309803,1.6310243724889573,1.7204693239690434
17.47811999999999,1.6847689595874427,1.7039063963110528,1.6189054086313004
17.480216999999982,1.6847689595874427,1.6605716463702695,1.5802879769711757
17.482084000000043,1.6847689595874427,1.7099516149562222,1.646057042488447
17.484064999999987,1.6845491652854683,1.7790083661788068,1.7563003454307573
17.486049999999977,1.6845491652854683,1.6788630147227206,1.639712725377393
17.48803700000002,1.6845491652854683,1.6632502164865488,1.673281961951881
17.49035200000003,1.6833437215950615,1.6314911042366227,1.625686034402246
17.491989999999987,1.6833437215950615,1.643869903660455,1.6092717078856138
17.493970999999988,1.683163893595788,1.6627479388899966,1.6377712697363886
17.49595199999999,1.683163893595788,1.608911423287796,1.7062123591333962
17.49793299999999,1.683163893595788,1.731710637558951,1.592582944519675
17.50002699999999,1.682939043355328,1.6677069129073212,1.760511664822506
17.501899000000037,1.682939043355328,1.710583559213744,1.596771257505278
17.503877000000045,1.682939043355328,1.703882133401558,1.6404590794682723
17.505863000000033,1.6830689120185118,1.707610343002149,1.624502931761071
17.50785300000001,1.6830689120185118,1.6716043292724838,1.6527250705222274
17.51018300000004,1.6830689120185118,1.7268896295690361,1.7618183027208691
17.511801000000048,1.6838099975700032,1.7326806512646213,1.6644378388021221
17.51378299999999,1.6838099975700032,1.6961108526994504,1.658310955741639
17.515764000000047,1.6843606952251282,1.6244048760577108,1.7136843524166152
17.517746000000045,1.6843606952251282,1.747682288869459,1.6354274808039393
17.519840000000045,1.6843606952251282,1.6564879131907115,1.6860388606930774
17.521706999999992,1.6850801657081105,1.734988009641206,1.7554492869276344
17.52368899999999,1.6850801657081105,1.7080277744523396,1.7182505203972096
17.525670000000048,1.6850801657081105,1.6403317214618724,1.699950831831465
17.52765400000004,1.6859877203303981,1.7045503224975027,1.6988370772706207
17.52997400000004,1.6859877203303981,1.661748086427008,1.6560450088204848
17.531623000000025,1.6859877203303981,1.659790388278606,1.6184576663293462
17.53360299999997,1.68698236152774,1.7556848286885338,1.7192617950871818
17.535575999999992,1.68698236152774,1.6258597398274623,1.682152180072893
17.53755700000005,1.68698236152774,1.6924634522608495,1.7199699297389124
17.539650999999992,1.6874522478142837,1.736359544426021,1.7670329732262908
17.54151900000005,1.6874522478142837,1.692069670340536,1.757532426684408
17.543503999999984,1.6873512799192523,1.6449103343643086,1.6866379599746666
17.545489999999972,1.6873512799192523,1.7163497563710193,1.6971642055915404
17.547462999999993,1.6873512799192523,1.6624415478771706,1.635226765445477
17.549802999999997,1.6873195940211836,1.6705187612678358,1.652317278233396
17.551423999999997,1.6873195940211836,1.5849995551967428,1.664552410427226
17.553405999999995,1.6873195940211836,1.737032699602817,1.7056668089162705
17.555386,1.6870189901929211,1.7192688250319879,1.6710311333026955
17.55737700000003,1.6870189901929211,1.720725754176894,1.6957183539358558
17.559474000000023,1.6870189901929211,1.641043529093073,1.670594691952782
17.561329,1.6865027041591263,1.63094478062493,1.6479090731319521
17.563312000000053,1.6865027041591263,1.7110089714942667,1.7162478370386436
17.565304999999967,1.6865027041591263,1.696025340226038,1.6998570437882263
17.56728000000004,1.6857156306050092,1.7822538988163434,1.6502686443387786
17.56959599999999,1.6857156306050092,1.7174417008677572,1.7032949890701679
17.571236999999996,1.6853268196029776,1.6410315827761093,1.6603943266774839
17.573217,1.6853268196029776,1.6372263347870935,1.7288286040824887
17.575198999999998,1.6853268196029776,1.6995941503403775,1.762843987677576
17.577179,1.6849290050239671,1.7190846718441912,1.6591792167195447
17.57928400000003,1.6849290050239671,1.7413960813028673,1.6980383343707128
17.581142,1.6849290050239671,1.7041897769128778,1.7101195910532077
17.583122000000003,1.685393181306981,1.6541736818952721,1.6781138724328988
17.585110000000043,1.685393181306981,1.6638532905046457,1.6428294604580578
17.587102000000016,1.6862136175321518,1.6255254478607921,1.6905983564868223
17.589432999999985,1.6862136175321518,1.7469142510811806,1.7181940854378004
17.591048,1.6862136175321518,1.6890513758816876,1.6106037736729317
17.593035000000043,1.686530719436644,1.531192108080784,1.672271241515236
17.595010000000002,1.686530719436644,1.7157745919603098,1.7369499024431985
17.596992,1.686530719436644,1.684608476608072,1.7333530604950818
17.599086,1.687124152937765,1.6608126027083583,1.620826206772446
17.600954,1.687124152937765,1.6999362333097008,1.609163910447817
17.602935000000002,1.687124152937765,1.6993119776722962,1.7416802607312887
17.604915000000005,1.6883847436854842,1.7232570135851677,1.5937794671276866
17.606897000000004,1.6883847436854842,1.7091074786628908,1.650154019240854
17.60924600000004,1.688917248195802,1.7050317925212377,1.7302221567730447
17.610858000000007,1.688917248195802,1.6692589848060697,1.7531083773769047
17.612841000000003,1.688917248195802,1.7365878359776892,1.6361962346716308
17.61482699999999,1.688917248195802,1.5878968749623656,1.7021958005492723
17.616802000000007,1.6893986173758822,1.7030732265616653,1.7465460248159523
17.61889800000006,1.6893986173758822,1.632685500415664,1.6702982889352245
17.62076400000001,1.6892882739266368,1.6772571934972051,1.6645604795643407
17.622746000000063,1.6892882739266368,1.7175044684730463,1.7730907718013702
17.624728000000005,1.6892882739266368,1.671488460761249,1.68102625150495
17.626709000000005,1.6892376571415544,1.6781926738122825,1.5730755942411045
17.629061000000036,1.6892376571415544,1.7303476607414858,1.6960480547790906
17.630679999999984,1.6892376571415544,1.625735236690413,1.7164664666934948
17.632655999999997,1.6893342928580108,1.726922141615706,1.7428084237444823
17.634633000000008,1.6893342928580108,1.6791083334387156,1.7246802750271941
17.636623999999983,1.6893342928580108,1.7573378534333342,1.7095667250951279
17.638709000000006,1.6886785498547907,1.6486241720755745,1.6467746354621813
17.640577000000008,1.6886785498547907,1.7157445408471634,1.7664061020147677
17.642558000000008,1.6879424248371093,1.7103089653899413,1.6812856189296008
17.64453900000001,1.6879424248371093,1.5967945972600357,1.728964644679947
17.64652000000001,1.6879424248371093,1.702999124532122,1.7313170151275863
17.648851000000036,1.687625183563803,1.719214321805701,1.7179144285159733
17.650488999999993,1.687625183563803,1.6618196836685528,1.6686404508418828
17.652466000000004,1.687625183563803,1.7543521566930023,1.758641881085345
17.654444000000012,1.6869071778141496,1.6235643992461442,1.6920122534604154
17.65642600000001,1.6869071778141496,1.6274958229039918,1.7012933534889343
17.658521000000007,1.6872064465823837,1.6568109876040982,1.7278118633481796
17.66038800000001,1.6872064465823837,1.6453175177579762,1.6830309587574683
17.66237000000001,1.6872064465823837,1.7032747157493042,1.7400990163186218
17.66435100000001,1.6876707897993792,1.7248873598320935,1.7048490465420567
17.66633200000001,1.6876707897993792,1.6266846159140147,1.6687047167746885
17.66866600000003,1.6876707897993792,1.6612012996459655,1.7154059800439039
17.670296000000008,1.6881092428754205,1.6710817134596863,1.6385076318043956
17.67227600000001,1.6881092428754205,1.7090036839408282,1.6966433364082232
17.67425700000001,1.6881092428754205,1.6269729840448677,1.6772656672829658
17.676237000000015,1.6885746650585194,1.622667386150567,1.7251061806553265
17.67833900000005,1.6885746650585194,1.6873379775350372,1.7267663402424107
17.680206,1.6885746650585194,1.700941971412986,1.6586921990172716
17.68217999999996,1.6896322186186186,1.7314315062029781,1.6494533009424472
17.684162000000015,1.6896322186186186,1.8123609873507192,1.759038911919292
17.686143000000015,1.6902333573778408,1.658461867158986,1.7726932153367183
17.688476000000037,1.6902333573778408,1.6511163240614537,1.8203882193086716
17.690109000000007,1.6902333573778408,1.712847710559688,1.6708238662848123
17.692087000000015,1.6905477171312058,1.6986411846382816,1.661670943168205
17.694075999999995,1.6905477171312058,1.7419766283021652,1.6393659880324072
17.696049000000016,1.6905477171312058,1.6707977068249389,1.68153533474399
17.698144000000013,1.6903394837065657,1.648804956904508,1.6144843670362685
17.700013000000013,1.6903394837065657,1.7292766709080603,1.6683718961785483
17.702000999999996,1.6903394837065657,1.6938407062664282,1.6958372920922158
17.70397300000002,1.6901508258126312,1.7432816138279197,1.6069155963377753
17.705955000000017,1.6901508258126312,1.6925439117969303,1.6964589386644346
17.70828899999998,1.690178704434879,1.697474825979663,1.7439879234681501
17.709924,1.690178704434879,1.608366762854529,1.7082318761281465
17.711905,1.690178704434879,1.651913786693331,1.730183975594866
17.713880000000017,1.689756734983453,1.731442104255933,1.6493206296433869
17.715861000000018,1.689756734983453,1.795517778252024,1.611090676676497
17.717956000000015,1.689756734983453,1.763212945299836,1.744073994776199
17.71982300000002,1.6885051418281722,1.7755686210846902,1.7037296242554525
17.72180400000002,1.6885051418281722,1.680158630219746,1.680378719414079
17.72378600000002,1.6885051418281722,1.7117013181895113,1.68668325863267
17.72576600000002,1.6878517955731356,1.7050015927629165,1.6347879468814839
17.728094000000056,1.6878517955731356,1.6628818545805584,1.7036045925482126
17.72973300000001,1.687606364488125,1.689644532299014,1.7018048963954109
17.731709000000023,1.687606364488125,1.7002866624019817,1.700862129897731
17.73369200000002,1.687606364488125,1.6452579430489023,1.665065490064052
17.735679000000005,1.687560343508829,1.7089747002743592,1.7080880528759077
17.737769000000014,1.687560343508829,1.7126287997330472,1.7033319445884278
17.73963500000002,1.687560343508829,1.6465611581048527,1.7018970812055465
17.741623000000004,1.6878716032199015,1.6452518862638996,1.6854596131556614
17.743597000000022,1.6878716032199015,1.686060430299728,1.6837271318528686
17.745578000000023,1.6878716032199015,1.6973225770499987,1.674051534559263
17.747915000000035,1.6884284775212768,1.657944865973221,1.693005790112302
17.749544000000014,1.6884284775212768,1.7588984062051332,1.614942586971799
17.751531999999997,1.6884284775212768,1.8267464304843717,1.689920228628258
17.753502000000026,1.6882823036484167,1.863653356568493,1.6776196355052615
17.75548900000001,1.6882823036484167,1.6682682776698843,1.7690655446940478
17.75759099999999,1.6891431458356887,1.665046382271158,1.6347906429849228
17.759447000000023,1.6891431458356887,1.649488982609822,1.6236241261713578
17.761431000000016,1.6891431458356887,1.7340584115847637,1.6553640939190764
17.76341000000002,1.6900459835340855,1.647789879037989,1.7030935856285385
17.765390000000025,1.6900459835340855,1.7199845529277766,1.6775315496328103
17.767721999999992,1.6900459835340855,1.7191340883059931,1.6031837941317906
17.76935100000003,1.6902846172109922,1.7491599738330297,1.6246793573450264
17.771349000000043,1.6902846172109922,1.7358311940337356,1.7459908323642601
17.773318000000017,1.6902846172109922,1.708784358889367,1.7885906432054952
17.77529500000003,1.6898451643390657,1.6748324433553454,1.7170919928516806
17.777393000000018,1.6898451643390657,1.7338893695043192,1.6814162848791145
17.779264000000012,1.6898451643390657,1.766240157683883,1.7003918985603343
17.78123800000003,1.689735163112338,1.7017815193654893,1.6509009213590855
17.783221000000026,1.689735163112338,1.705631442388653,1.7544503244066798
17.78520800000001,1.689550917948904,1.6215832625468285,1.7680254164855436
17.78753400000005,1.689550917948904,1.6538191258930324,1.652639336268351
17.78916399999997,1.689550917948904,1.656164612844201,1.713673796733785
17.79114500000003,1.688976358299993,1.6643549626820806,1.6661335928596974
17.79313099999996,1.688976358299993,1.7741127550791105,1.7172279417687242
17.79510700000003,1.688976358299993,1.6686339923189568,1.6733696199409283
17.79720199999997,1.6879934725430814,1.699863875696906,1.6503324028842055
17.799081,1.6879934725430814,1.684975470410452,1.6996595152532619
17.801053000000024,1.6873033907557864,1.7185743889259308,1.6181530248612022
17.803034000000025,1.6873033907557864,1.6623189767201656,1.6858567805345215
17.805024000000003,1.6873033907557864,1.61498711095315,1.6751803212001803
17.807346999999993,1.686758995886836,1.7402028087902723,1.7177118643355938
17.808993999999984,1.686758995886836,1.7044196737605717,1.697135263285204
17.810959000000025,1.686758995886836,1.7360445595541054,1.6881361875218974
17.812944000000016,1.686677719582391,1.7430366167590035,1.7313262775244438
17.814918999999975,1.686677719582391,1.6474646895456646,1.726036809884437
17.817016000000024,1.686677719582391,1.700809555935096,1.7291306963116302
17.818883000000028,1.6872776747566192,1.650406760193705,1.6351652735638142
17.82086499999997,1.6872776747566192,1.5749048395918983,1.7207150370048832
17.82285500000006,1.6872776747566192,1.6601135260338253,1.764083660659554
17.824825000000033,1.6876431286773248,1.6516380339607255,1.604975201225165
17.827165000000036,1.6876431286773248,1.7259348544823234,1.6252738306637946
17.8288,1.6876431286773248,1.6767372161847438,1.7790444299068457
17.83077800000001,1.68751919123305,1.7205350645507285,1.7084445971188222
17.832752000000028,1.68751919123305,1.7193968168208433,1.656781612231983
17.834731000000033,1.6879875064931837,1.6292355351875216,1.6259213454939876
17.83683000000002,1.6879875064931837,1.6353240932031516,1.655238764493236
17.838694999999973,1.6879875064931837,1.710111304444172,1.5845820342976675
17.84067600000003,1.6886853407872486,1.6246658195803776,1.7050604746555664
17.84266100000002,1.6886853407872486,1.650957795015276,1.7335256621929707
17.84464700000001,1.6886853407872486,1.7440564365775162,1.7572743699461184
17.846959000000027,1.6888765290079475,1.6813828596539084,1.5969398501143117
17.848595000000046,1.6888765290079475,1.589456848059034,1.7168389957015657
17.85059000000001,1.6888765290079475,1.6180494699297072,1.692659360149899
17.85256499999997,1.6884512781358687,1.7491038772614755,1.7258139828239853
17.85454900000002,1.6884512781358687,1.7213650770966409,1.5674690887708045
17.856636999999978,1.6888051054948723,1.6621463395682172,1.6872453291082032
17.85850800000003,1.6888051054948723,1.7000051896117414,1.6342956529909634
17.860491000000025,1.6888051054948723,1.734727277903918,1.6345615332452947
17.86246699999998,1.6886368544508894,1.642921364281241,1.7791477476980915
17.864457000000016,1.6886368544508894,1.712217145227974,1.7718547455765121
17.866791000000035,1.6886368544508894,1.6455514099909918,1.698305888076532
17.868409000000042,1.6881426752704283,1.7101081300948664,1.587173471816577
17.870396000000028,1.6881426752704283,1.741835535879059,1.6543162878969515
17.872379000000024,1.6881426752704283,1.7484992826975376,1.7790306061585672
17.874356000000034,1.6871332521601639,1.6771762732577835,1.6772161144803805
17.87644800000004,1.6871332521601639,1.72396851932923,1.6290641029037343
17.878319000000033,1.6866041535146046,1.710740571501191,1.6935235101694108
17.88029700000004,1.6866041535146046,1.658937642451037,1.682035760429543
17.88228700000002,1.6866041535146046,1.6219349584861298,1.6319130866910991
17.884259999999983,1.6857945081926058,1.7503775395682033,1.6531077794544198
17.88659100000001,1.6857945081926058,1.6847184746112023,1.6167873681700928
17.888221999999985,1.6857945081926058,1.6743148095350475,1.8078431571701967
17.890205999999978,1.6860625015624486,1.7124635165814006,1.644445852184521
17.892183999999986,1.6860625015624486,1.7923386021210546,1.6606065045222054
17.89417000000003,1.6860625015624486,1.5826249016565768,1.6688113100929154
17.896269000000018,1.6864686145294414,1.781543749890263,1.7216090982447503
17.898128000000042,1.6864686145294414,1.6802068201238123,1.5888989122404358
17.900119000000018,1.6864686145294414,1.6917297620729221,1.6825726108682315
17.902097999999967,1.6866646486604382,1.6379204189991636,1.6934813177193075
17.904070999999988,1.6866646486604382,1.6077203168943224,1.7086230318607842
17.90641199999999,1.68698956160869,1.7100526622351648,1.694707737748038
17.90803199999999,1.68698956160869,1.669703464369539,1.6344172754661852
17.910014999999987,1.68698956160869,1.6572795947988546,1.6816025208572234
17.911996000000045,1.6877753328343892,1.6441087440119304,1.7145118609664818
17.913977999999986,1.6877753328343892,1.5961656490461569,1.6906875763419627
17.916078000000027,1.6877753328343892,1.680577647158636,1.683632029315831
17.91793899999999,1.6883190222495044,1.6948256643867792,1.759678686082494
17.919921000000045,1.6883190222495044,1.7233944257101088,1.7290954872306548
17.92190199999999,1.6883190222495044,1.69974121050717,1.6551644462330133
17.92389300000002,1.688661534624069,1.690526799730532,1.6735546571264905
17.92621200000002,1.688661534624069,1.6340522440433642,1.7087066420905956
17.927853999999968,1.688661534624069,1.7348421842688977,1.6332155326755013
17.92983099999998,1.6881124613005498,1.670301640905778,1.6882481242462646
17.93180700000005,1.6881124613005498,1.6980125001366417,1.7089878701046894
17.933791999999983,1.6880036192193113,1.6515345808813604,1.6346769695158254
17.93589099999997,1.6880036192193113,1.731784246189411,1.729562190376325
17.93775099999999,1.6880036192193113,1.7487309519721381,1.7294169799961232
17.939731999999992,1.6880046273070224,1.658657002248364,1.5863954920336505
17.941714000000047,1.6880046273070224,1.7683917672091836,1.712029408491001
17.943701999999973,1.6880046273070224,1.7378888650976192,1.7633507257412762
17.94603699999999,1.687277103372274,1.790060824526792,1.6872349338866193
17.947655999999995,1.687277103372274,1.7550903560265994,1.6223305130013805
17.94964699999997,1.687277103372274,1.6888306037664917,1.717698597991563
17.951617999999996,1.6860075012345481,1.6253828412778653,1.6592776280112027
17.95360000000005,1.6860075012345481,1.7086103853161188,1.7136162603244143
17.95569999999998,1.6856829863318017,1.6062042784589838,1.7192385510196866
17.957561000000055,1.6856829863318017,1.7373216583821984,1.626677862000403
17.959543999999994,1.6856829863318017,1.699030141906267,1.6971853579009735
17.961531000000036,1.6855212000924913,1.6592216939600823,1.6359066883598177
17.963505999999995,1.6855212000924913,1.6751920103321885,1.6215580056062389
17.965836000000024,1.6855212000924913,1.7533137339662985,1.7231515915518971
17.967467,1.6855282319870402,1.7075142054336687,1.690515276339568
17.969449999999995,1.6855282319870402,1.6846482840238286,1.5580358220839594
17.971431000000052,1.685665343860866,1.668427465090226,1.7181537784468954
17.973411999999996,1.685665343860866,1.695230523014142,1.6268284258901051
17.975514000000032,1.685665343860866,1.7278273839830234,1.68623322565708
17.977378999999985,1.6861346285067316,1.7131890615179286,1.6653139503547383
17.979355999999996,1.6861346285067316,1.6363925000715356,1.7341082671568044
17.981336,1.6861346285067316,1.7131926204040073,1.7118653489213824
17.983317000000056,1.6868769885682005,1.6430109769125278,1.6997527046136642
17.98565500000001,1.6868769885682005,1.6908806336210955,1.7152630858545255
17.98728,1.6868769885682005,1.5898120434367284,1.6812177140494404
17.989265999999986,1.6874856344006952,1.6725635981719162,1.730421048084822
17.991242,1.6874856344006952,1.6586551343686764,1.7018137948009653
17.993232999999975,1.6874856344006952,1.6315070070586053,1.734877675398318
17.995333000000016,1.6880349069646774,1.671639550302813,1.759967742312189
17.99719200000004,1.6880349069646774,1.7360367873584566,1.7425795867698632
17.999167,1.688074952781919,1.6538415845104593,1.6913544349570189
18.001156999999978,1.688074952781919,1.6189356157612078,1.76758532558428
18.003129,1.688074952781919,1.767403460271824,1.6529759878229704
18.005462999999963,1.6880885146615379,1.6707507347462267,1.6849608822565179
18.007091000000003,1.6880885146615379,1.7530871262235983,1.7146364957016507
18.00907200000006,1.6880885146615379,1.640125901720032,1.6742126766477483
18.011063000000036,1.6880879926116616,1.7429740989491704,1.7325123378622194
18.013035000000002,1.6880879926116616,1.7324010922913708,1.6895267325740293
18.01513200000005,1.6880879926116616,1.7317382611938643,1.6053143819922555
18.016999999999996,1.6874735352492676,1.7181603392365083,1.6234972269776466
18.018997000000013,1.6874735352492676,1.7416215948205271,1.7331971864405802
18.020970000000034,1.6874735352492676,1.6832041752864666,1.6393169500719191
18.02294900000004,1.686815434329065,1.6782989372143569,1.6892456684098094
18.02529500000003,1.686815434329065,1.726334780892503,1.6637547434990099
18.02691199999998,1.6858649182801535,1.7737112256052487,1.710042668039069
18.028884000000005,1.6858649182801535,1.8351972428282455,1.6836383703023627
18.030865000000006,1.6858649182801535,1.697334957941179,1.6418614343172007
18.03284500000001,1.685676500252505,1.6504438069107317,1.6113314217620713
18.034942000000058,1.685676500252505,1.6823831942281748,1.727581186392225
18.03682200000003,1.685676500252505,1.6513572227267272,1.6752643563388332
18.03878900000001,1.68517538949847,1.6855286072034872,1.613534178590921
18.040771000000007,1.68517538949847,1.686101607130593,1.6963311555048093
18.042761999999982,1.68517538949847,1.7020786621806407,1.701527091597499
18.045086999999967,1.6853820247003861,1.707084416438803,1.6672984148342678
18.046715000000006,1.6853820247003861,1.703590549585869,1.6804659368546486
18.048700999999994,1.6853820247003861,1.6166477064709914,1.7374131171435596
18.050677000000007,1.6859282140761502,1.6505816414517185,1.6888569759736223
18.052658000000008,1.6859282140761502,1.6365576166056408,1.6113236446626231
18.054752000000008,1.686296606527718,1.7210837375245305,1.6888890040689526
18.056625999999994,1.686296606527718,1.5919908001363399,1.7350648205247121
18.05861299999998,1.686296606527718,1.7523491491550292,1.619743756442766
18.06058200000001,1.6870217473738383,1.7205232499098677,1.7227472774520107
18.06256400000001,1.6870217473738383,1.7004442795082095,1.6827397206763117
18.064918999999975,1.6876728009770892,1.6349207189692485,1.61282117673386
18.06652600000001,1.6876728009770892,1.6873551164337053,1.7325571123383574
18.068513999999993,1.6876728009770892,1.6144550199598713,1.6476065579363306
18.07049600000005,1.6880670196507093,1.7333713422755905,1.6874948581937714
18.07247000000001,1.6880670196507093,1.6908983397110333,1.7031440779644789
18.074566000000004,1.6880670196507093,1.7691619845561795,1.6927137752588108
18.07643200000001,1.6882270290728385,1.7648320561126145,1.649987696551719
18.078418,1.6882270290728385,1.7027554564137093,1.7473777360280702
18.080394000000013,1.6882270290728385,1.73191628814355,1.6441305494680412
18.082375000000013,1.6878999961145644,1.7727480868690746,1.668840521086984
18.084716000000014,1.6878999961145644,1.6155732719743126,1.7296542151345742
18.086345999999992,1.6878999961145644,1.6770895822256287,1.680930965421131
18.088318000000015,1.6877393336426083,1.6840259770533321,1.6687283678039075
18.090299999999957,1.6877393336426083,1.7299955076039195,1.6704812376088225
18.092291000000046,1.6877393336426083,1.7022567679678038,1.5931559786846796
18.09438,1.6878010529422605,1.6988565872427945,1.7347147699857897
18.096248000000003,1.6878010529422605,1.6222891408393882,1.6253902664393094
18.098228000000006,1.6872340619114619,1.6528663113004647,1.684554879030881
18.100212,1.6872340619114619,1.7213076227523436,1.5705137013469241
18.102187000000015,1.6872340619114619,1.68795931052335,1.6900952805017342
18.104535999999996,1.6858861802688643,1.668686235841825,1.6189162544809543
18.106149000000016,1.6858861802688643,1.6755436136918165,1.5978980916699785
18.108131000000014,1.6858861802688643,1.7335251498608062,1.6341690549792167
18.110111000000018,1.6854579665660492,1.711248352207002,1.5992654399952262
18.112093000000016,1.6854579665660492,1.6568042662851594,1.674791547915383
18.11420099999998,1.6854579665660492,1.7850906528378896,1.6840764956690706
18.116063999999994,1.685087539007441,1.687717619687409,1.6753151306539609
18.118040000000008,1.685087539007441,1.6520637414180337,1.647256185978653
18.120025,1.685087539007441,1.6491162332201834,1.7231318565762033
18.12199700000002,1.6851619125044885,1.713614948204729,1.6684887521485923
18.124334000000033,1.6851619125044885,1.7352688738612798,1.737939199826647
18.125961000000018,1.6855702097100593,1.7533507875072831,1.5718400061982245
18.127948000000004,1.6855702097100593,1.7294214378988264,1.6923950621156458
18.12992300000002,1.6855702097100593,1.7079039199322479,1.6913854721520476
18.13190400000002,1.6860061131748691,1.6360979771914155,1.6414551972636338
18.13400999999999,1.6860061131748691,1.7359480731027832,1.7364142726510372
18.135875999999996,1.6860061131748691,1.7020358111795364,1.6785489046557178
18.137853000000007,1.6864037320983818,1.7282012310854096,1.6869805955309833
18.13984099999999,1.6864037320983818,1.7007515548417111,1.6997173711081957
18.141816000000006,1.6864037320983818,1.6807452276269945,1.7727859835848954
18.144154000000015,1.6869438262304433,1.6848728676663973,1.6607332439256537
18.145771999999965,1.6869438262304433,1.704296537964539,1.6894151463934208
18.147753000000023,1.6879292922717233,1.683451253751797,1.7412996058876962
18.14973500000002,1.6879292922717233,1.617330415137988,1.6752370275145048
18.15171600000002,1.6879292922717233,1.7888658431040203,1.735310335601194
18.153823000000045,1.6881303250363304,1.6464073939044506,1.6818422784317122
18.15567900000002,1.6881303250363304,1.5982436825805937,1.6999637881983374
18.15766000000002,1.6881303250363304,1.6647365927384117,1.674270481824009
18.159643000000017,1.6877842365777365,1.6328661741867303,1.6663581752566716
18.161622000000023,1.6877842365777365,1.8344933451748797,1.6823530378889273
18.163966000000016,1.6877076283043235,1.6797372127402848,1.641224991528487
18.165583000000026,1.6877076283043235,1.735694126900347,1.642700926350804
18.167565000000025,1.6877076283043235,1.6951489279717344,1.6746798086287147
18.169547000000023,1.6878771213718564,1.5785275175104407,1.6840490360850924
18.171532000000013,1.6878771213718564,1.7400582052260738,1.713937672886538
18.173643000000027,1.6878771213718564,1.6293599808414494,1.6632238854418955
18.175489999999968,1.687154490605457,1.7111000353778245,1.7556450272091138
18.177471000000025,1.687154490605457,1.6138619431699146,1.6218719552316123
18.179456000000016,1.687154490605457,1.697339313549083,1.6388020133203656
18.18143600000002,1.6861771378926906,1.6793413778345752,1.699661225451267
18.183780000000013,1.6861771378926906,1.6753596360892533,1.7451313646542481
18.185396999999966,1.6861771378926906,1.6850156382666555,1.6447071576939223
18.187375999999972,1.68544740388094,1.655939809643063,1.7554559612703586
18.189358000000027,1.68544740388094,1.5689099826627926,1.7182041787162805
18.191348000000005,1.68544740388094,1.7231471999883343,1.70505571283288
18.19345199999998,1.684753563170906,1.7417343321917977,1.7033946757443172
18.19531100000006,1.684753563170906,1.6998003545453835,1.7019518289692523
18.197292000000004,1.6848698845299406,1.6108571084010403,1.6558986563314313
18.199270000000013,1.6848698845299406,1.663537257395954,1.6554480826003046
18.201250999999957,1.6848698845299406,1.6961752113183053,1.6553396655047512
18.20358600000003,1.6852267313372986,1.633955834853608,1.6571678350863022
18.205205999999976,1.6852267313372986,1.7148291461369258,1.7134016473894438
18.207189000000028,1.6852267313372986,1.7308890298174997,1.741778099021163
18.209168999999974,1.6859943604871808,1.6495601472732981,1.630246941357683
18.211156000000017,1.6859943604871808,1.7463438319354003,1.6364070308191985
18.213261999999986,1.6861746608572052,1.6584848070351712,1.7488643730065057
18.21511300000003,1.6861746608572052,1.677253496059289,1.6778530264844294
18.21709400000003,1.6861746608572052,1.6853567901164292,1.71389089825353
18.219078000000025,1.6869463096189752,1.7457906287203369,1.661441087616309
18.22106100000002,1.6869463096189752,1.6760895427063252,1.7769192219632008
18.223408000000006,1.6869463096189752,1.754454852762519,1.6872830777802519
18.22502300000002,1.6876112828876828,1.6449888024466244,1.7226870185781982
18.227003000000025,1.6876112828876828,1.802891337583842,1.7286238410574133
18.22898399999997,1.6876112828876828,1.6188309929911346,1.6017953451206948
18.23096400000003,1.6878857433715393,1.7163229609932986,1.5989598080033127
18.233079000000032,1.6878857433715393,1.6677843240300207,1.654993327168752
18.23493600000006,1.6878857433715393,1.5719662349786034,1.685592032854304
18.236906999999974,1.6874201475731556,1.709122579468942,1.6831897051429983
18.238899000000004,1.6874201475731556,1.717421525579463,1.7335847365636705
18.240886999999987,1.687668105373221,1.7390254662811597,1.6353053938451712
18.243214000000023,1.687668105373221,1.6633973772725923,1.6314963429326466
18.24483300000003,1.687668105373221,1.6940322742094476,1.6371302183604186
18.24681400000003,1.6874801355149667,1.7272634003389216,1.7391531281249049
18.248796000000027,1.6874801355149667,1.6782427901194839,1.7213457330202802
18.25077600000003,1.6874801355149667,1.660709523793904,1.6188455251576686
18.252886999999987,1.6867752624179908,1.6958252591721616,1.7194775586841666
18.254738999999972,1.6867752624179908,1.7658231382561698,1.6551368837262426
18.256729000000007,1.6867752624179908,1.6599383061485964,1.6131733389056306
18.25870900000001,1.6856838444010556,1.6752686377889114,1.6795561839759292
18.26068600000002,1.6856838444010556,1.6355951677907599,1.676252034828009
18.263030000000015,1.6850409495635645,1.6917040613438594,1.7196406628743852
18.264643000000035,1.6850409495635645,1.7368140884852143,1.675817923368358
18.266625999999974,1.6850409495635645,1.6058297998231332,1.7379077938261116
18.26860700000003,1.6846010353781475,1.6712411111811345,1.7433184527533423
18.270594000000017,1.6846010353781475,1.7353041241312384,1.6527066703698072
18.27269000000001,1.6846010353781475,1.6602334650709996,1.671539160744468
18.274557000000016,1.6844417578256865,1.6526863453720397,1.7295918151211045
18.276534000000026,1.6844417578256865,1.6555572302251533,1.682514456683026
18.27851099999998,1.6844417578256865,1.71688305596536,1.7311507332038396
18.280489999999986,1.6845648659265358,1.6916577163539714,1.7330720290403816
18.282847000000004,1.6845648659265358,1.7405564948914638,1.5995338281805114
18.28445400000004,1.6845648659265358,1.6631818078066725,1.7084614343735176
18.286444000000017,1.6855310218468298,1.6902961842183046,1.7029454819755983
18.28841600000004,1.6855310218468298,1.681492065699179,1.7045924974880584
18.29040100000003,1.6855310218468298,1.707071538636371,1.7002624776417852
18.292500000000018,1.6855353753453561,1.6070790956357224,1.6993465476060086
18.294363000000033,1.6855353753453561,1.6877018881513046,1.7733406463627719
18.296340999999984,1.6863276823830302,1.7091071634085693,1.7043531643092396
18.298317999999995,1.6863276823830302,1.5256436735573664,1.6617364149093627
18.300307000000032,1.6863276823830302,1.659185847589434,1.6646515163098878
18.30265700000001,1.6868022959073032,1.6860977211829549,1.6724561499837358
18.304269000000033,1.6868022959073032,1.7117724906385356,1.7484334619439952
18.30625900000001,1.6868022959073032,1.7536340035567215,1.6326329292214161
18.308226999999988,1.6874538324853348,1.8006977842431866,1.7617334099587934
18.310215000000028,1.6874538324853348,1.6964546846340651,1.696155417755207
18.31232,1.6869358581647704,1.7197490572339647,1.578616924067527
18.314172000000042,1.6869358581647704,1.677981920460488,1.7515177360856553
18.316151999999988,1.6869358581647704,1.7254040963687474,1.726377103197591
18.318133000000046,1.6870907448716346,1.6819516928974898,1.6684121890512356
18.32011399999999,1.6870907448716346,1.7874901721449319,1.69637246048708
18.32244800000001,1.6870907448716346,1.7612638407328658,1.7325066417503077
18.324078000000043,1.6869559802132583,1.696303306045107,1.7450443959607713
18.326070000000016,1.6869559802132583,1.670511794008486,1.6793971842930493
18.32804900000002,1.6869559802132583,1.6976565057099526,1.7541677105050173
18.330024000000037,1.68652750618542,1.6661303280129367,1.677197181557934
18.33212100000003,1.68652750618542,1.6976540498907948,1.7461558531318913
18.33398299999999,1.68652750618542,1.6295278706518344,1.606953043128287
18.335962999999992,1.6853087004339988,1.7578688863421144,1.7615407643764658
18.33794499999999,1.6853087004339988,1.6576308183864341,1.597750947303012
18.339926000000048,1.6845581141411339,1.7186074295012272,1.6448928640630294
18.342266999999993,1.6845581141411339,1.572456314730774,1.7356719136952798
18.343891999999983,1.6845581141411339,1.644812158113333,1.6894852781734864
18.34587300000004,1.684017631652029,1.7748786909836085,1.7194314979210212
18.34785099999999,1.684017631652029,1.7053069117156476,1.6245274801711722
18.349831999999992,1.684017631652029,1.7681996197272478,1.641922170789674
18.35192600000005,1.684139426021863,1.6835308866020644,1.669547829256202
18.353793999999994,1.684139426021863,1.6695085691042042,1.6062181182524118
18.355786000000023,1.684139426021863,1.7345712904125778,1.7407547619755757
18.357755999999995,1.6844160310344982,1.694012255301626,1.6809516894713779
18.35974200000004,1.6844160310344982,1.6790879427970626,1.6274943293697517
18.362064999999973,1.6849633789378398,1.773493436192406,1.6819380852504477
18.363714000000016,1.6849633789378398,1.7710582013366596,1.6845065913196808
18.365681000000052,1.6849633789378398,1.7583118347708104,1.7094042746562461
18.367661999999996,1.685381483534902,1.6655082624253683,1.6792468617161442
18.369643000000053,1.685381483534902,1.5250036938949085,1.6469316649137642
18.37173899999999,1.685381483534902,1.6532351140177906,1.6745283063611813
18.373613999999975,1.686176274259017,1.6777685151593917,1.7911609062825253
18.375587999999993,1.686176274259017,1.645542199898505,1.7032149385004354
18.377567999999997,1.686176274259017,1.6619773211039104,1.6376384393461176
18.379548,1.6869458709491802,1.7272927171084216,1.737097241179972
18.381889,1.6869458709491802,1.6265837894048811,1.8036301961539594
18.38352900000001,1.6869458709491802,1.637606321618498,1.7133751030124904
18.385505000000023,1.6875203953226354,1.6687040035151939,1.6845391855665024
18.387474000000054,1.6875203953226354,1.6859825728763354,1.613497440885324
18.389456999999993,1.6875203953226354,1.7827289455505335,1.682714250015439
18.391554999999983,1.6874869986176708,1.6659823401119542,1.6258152344741532
18.393417,1.6874869986176708,1.7582064404394098,1.7021777404955152
18.39540199999999,1.6873640390010747,1.6874131738764797,1.5829540015908465
18.397379,1.6873640390010747,1.7146648601622796,1.7161182178419045
18.399361000000056,1.6873640390010747,1.7354739646039585,1.598920987225088
18.401687000000038,1.6869046404582695,1.8083399890923317,1.6912492198071598
18.403336000000024,1.6869046404582695,1.6489051690713927,1.7648688763253777
18.405324000000007,1.6869046404582695,1.7096174975801277,1.6401550784269099
18.407286,1.6864153153368913,1.7263675628209783,1.653288265727654
18.409267,1.6864153153368913,1.6234709576526676,1.704711853500735
18.41137900000001,1.6854490809619613,1.6063036270329196,1.6582032852183854
18.413229,1.6854490809619613,1.5981667099495958,1.7450267604473435
18.415210000000002,1.6854490809619613,1.5839174418279562,1.6715537434128502
18.417197000000044,1.6850597514636436,1.6502288509530896,1.7335198836342047
18.419179999999983,1.6850597514636436,1.7216101182542727,1.7089738940071004
18.421515999999997,1.6850597514636436,1.6564043523933514,1.6875819648806911
18.423134000000005,1.6845697633298247,1.6726391068848532,1.6916912873082026
18.425122000000044,1.6845697633298247,1.6646438187186297,1.702359050004379
18.42710199999999,1.6845697633298247,1.7289700814172229,1.6655525742434354
18.42908,1.685107126439364,1.7196231818147047,1.7437996701831247
18.431183000000033,1.685107126439364,1.7025324562212831,1.6209035992436065
18.433043999999995,1.685658352421579,1.7621197384416458,1.7661042825936195
18.435022000000004,1.685658352421579,1.6734193971220142,1.6215239885219213
18.437003000000004,1.685658352421579,1.7157689101159956,1.7372184124177867
18.438984000000005,1.686029581479027,1.665653349458185,1.7831847346511023
18.441313000000036,1.686029581479027,1.6300271169219662,1.7724708811437428
18.442946000000006,1.686029581479027,1.7124484965430933,1.5835989783188376
18.44493399999999,1.686212510805904,1.6875197792011933,1.6885229514808033
18.446913999999992,1.686212510805904,1.676142360455222,1.6875672739634486
18.448900000000037,1.686212510805904,1.7003304772995989,1.767111945067421
18.450988999999993,1.6871945085685869,1.6968672339850046,1.6188649325582294
18.452852000000007,1.6871945085685869,1.6799154496758562,1.6854238771057766
18.454840000000047,1.6871945085685869,1.5902264821665826,1.6400761542229911
18.45681300000001,1.6883070444875246,1.6492413924470615,1.6990121779438307
18.458796000000007,1.6883070444875246,1.6815859269877012,1.6610672728686753
18.46113600000001,1.6887522659603407,1.7005158411631185,1.697312682906495
18.462765999999988,1.6887522659603407,1.70075961110217,1.6703567834077937
18.464743,1.6887522659603407,1.6385286782465638,1.6164024089902793
18.466725000000054,1.6885026656977706,1.6728422812036794,1.7376767359271492
18.46870100000001,1.6885026656977706,1.5310766467208512,1.5880421412566514
18.470796000000007,1.6885026656977706,1.7061372640726853,1.6959972794901748
18.472662000000014,1.6884236392897558,1.7343584629787077,1.6726719643614858
18.474647000000004,1.6884236392897558,1.752396712944758,1.7215108283021985
18.47662600000001,1.6884236392897558,1.6316465487191116,1.7968301389676742
18.478606000000013,1.6886334452518719,1.6347919586898447,1.5965523948520786
18.480929000000003,1.6886334452518719,1.7397903911189754,1.6573331963859408
18.482579999999984,1.6886334452518719,1.7483334123785363,1.6775526890136647
18.484556000000055,1.6880059188816936,1.673218005116995,1.6502506417755118
18.486537999999996,1.6880059188816936,1.695665201665846,1.723141932020512
18.48851300000001,1.6870384373308385,1.7159606661111202,1.6854431603837698
18.49060800000001,1.6870384373308385,1.6225248976673579,1.6501505577660518
18.492475000000013,1.6870384373308385,1.7157142777281997,1.6359927132387444
18.494455000000016,1.6865996029792094,1.7360788847097295,1.5835521156775045
18.496441000000004,1.6865996029792094,1.6753207955168494,1.7175859658041985
18.498419000000013,1.6865996029792094,1.7734691965989215,1.654756726767091
18.500760000000014,1.6865407594224204,1.6705595961543815,1.780228480049686
18.502381000000014,1.6865407594224204,1.6018571655229603,1.748676133489496
18.504373000000044,1.6865407594224204,1.6817029819968297,1.6719211994310135
18.50635299999999,1.6868937020772738,1.6190374687979676,1.680199500556278
18.50834100000003,1.6868937020772738,1.709748817193471,1.6429828480626019
18.510433000000035,1.6868937020772738,1.7406332062608332,1.6781793723237028
18.512286000000017,1.6874764714415937,1.6296596174835818,1.6642255197109326
18.514268000000015,1.6874764714415937,1.7266121609005387,1.68324822083496
18.516250000000014,1.687871962981605,1.718843682356438,1.7282440371978072
18.518230000000017,1.687871962981605,1.6511406076091941,1.7851761322084838
18.520555,1.687871962981605,1.6785642776969238,1.65364303633063
18.522201999999993,1.688433420761803,1.695354273993808,1.6080306873953631
18.524174000000016,1.688433420761803,1.6955761792939776,1.6724045625251722
18.526159000000064,1.688433420761803,1.6694210893796793,1.6912874600574135
18.52813900000001,1.6895263652373864,1.6559385772787398,1.7152971106354766
18.530237,1.6895263652373864,1.6286532601530335,1.7435939442369286
18.53210100000001,1.6895263652373864,1.6423591432784082,1.616637423171078
18.534078000000022,1.6903578278665468,1.6606728590281306,1.7042234017177198
18.536061000000018,1.6903578278665468,1.732244074678719,1.784238684798649
18.53804200000002,1.6908910958050167,1.6021201187255611,1.7079111184364557
18.540382000000022,1.6908910958050167,1.6856123761238297,1.6343748445931112
18.54200400000002,1.6908910958050167,1.7620327944669816,1.6127822388997384
18.54398900000001,1.6908417742138406,1.5714258689850478,1.68095051540035
18.54596700000002,1.6908417742138406,1.7068496674618099,1.7681725338764116
18.547956999999997,1.6908417742138406,1.671077433072168,1.684678787629434
18.55004100000002,1.690924538641006,1.6918136672905408,1.652075974493478
18.55191000000002,1.690924538641006,1.6867061291744192,1.6314096875204782
18.553900999999996,1.690924538641006,1.7525837962498418,1.7919507030202437
18.555875999999955,1.6906992503237717,1.668756154047993,1.5857576666236177
18.557853000000023,1.6906992503237717,1.676647041901155,1.670064214093924
18.56017700000001,1.6900027580441757,1.6703190807838186,1.632354658937056
18.561815999999965,1.6900027580441757,1.7133274545241215,1.6813900059579217
18.563797000000022,1.6900027580441757,1.6731167312517854,1.6841666523352266
18.565780000000018,1.6893348417440377,1.7017445575232484,1.7317981404923306
18.56777199999999,1.6893348417440377,1.7296461161336056,1.6144547127593911
18.569857000000013,1.6893348417440377,1.6829971513032804,1.6879707832175044
18.571721000000025,1.6888804609489667,1.6468277725428884,1.6034602789353012
18.573703000000023,1.6888804609489667,1.5689312698149114,1.6015665031409851
18.575693,1.6888804609489667,1.7548240307322465,1.6722245730890495
18.57767100000001,1.6885886135544625,1.7212761889143722,1.7105914305049408
18.57999700000005,1.6885886135544625,1.6403693808934838,1.7244390592343855
18.581627000000026,1.688675635093538,1.6767912634488271,1.7139804752418426
18.583608999999967,1.688675635093538,1.7854545132048547,1.686236172336915
18.585590000000025,1.688675635093538,1.6448302750424908,1.7039608176497878
18.587578000000008,1.6895901995970148,1.7410773055901398,1.6677245551523974
18.589675,1.6895901995970148,1.772494600439232,1.6429585691351858
18.59153299999997,1.6895901995970148,1.6730713801914185,1.6452512683686262
18.593514000000027,1.69015052423727,1.6351817966571298,1.6780905528213161
18.595496000000026,1.69015052423727,1.7017454408872366,1.6505356298822065
18.597486000000004,1.69015052423727,1.677261074113458,1.7730697929612627
18.599805000000003,1.6906454401007172,1.703255914030972,1.6581836893732211
18.601439999999968,1.6906454401007172,1.6609142893545195,1.5931653349437624
18.603422000000023,1.6916482091123164,1.662124252326138,1.7263642688923495
18.60540100000003,1.6916482091123164,1.7207457790877347,1.7279502988107276
18.60738200000003,1.6916482091123164,1.5922559648271046,1.6958559004342573
18.609487,1.6925722878586706,1.706187929926429,1.693267176086751
18.61135300000001,1.6925722878586706,1.6617143959386187,1.6798193125060437
18.613325999999972,1.6925722878586706,1.6954224630725325,1.6775654957225055
18.615306000000032,1.6927867590275654,1.6095543331643656,1.6829007839536616
18.617287999999974,1.6927867590275654,1.788599886746098,1.6938712850656592
18.619636000000014,1.6929929634649716,1.702192609084099,1.6803162463717485
18.621250999999972,1.6929929634649716,1.7428605522944056,1.5990437870452439
18.62324000000001,1.6929929634649716,1.6389048492578004,1.6380523523964252
18.625214000000028,1.6929929634649716,1.6605343001004824,1.7010056168277738
18.627193000000034,1.692996067298671,1.6967489404741172,1.6366459002005134
18.629306000000042,1.692996067298671,1.6930427874533887,1.6472638224300158
18.631166000000007,1.6925612569249178,1.7108908199634316,1.7264788505984672
18.633136999999977,1.6925612569249178,1.6884856894144677,1.6063348145363723
18.635118000000034,1.6925612569249178,1.6876948147647062,1.63762516590233
18.63710100000003,1.6919243031023417,1.6966385892050317,1.7197936382333723
18.63942400000002,1.6919243031023417,1.685529775561397,1.6510324256418725
18.641072000000065,1.6919243031023417,1.6739528436181448,1.6848097957902595
18.643042999999977,1.691188511571597,1.6630703149272035,1.5559697640811703
18.64502600000003,1.691188511571597,1.7367890839330913,1.7371174080825873
18.647016000000008,1.691188511571597,1.6452303095862155,1.7366843669009764
18.649112000000002,1.6907175867086048,1.6282555127541598,1.6876458892777684
18.650997000000018,1.6907175867086048,1.6904741711565734,1.632293923033218
18.652960000000007,1.6901995960111678,1.7159961540323236,1.7653358013188607
18.654933000000028,1.6901995960111678,1.8653825071680057,1.8018003959956932
18.656913999999972,1.6901995960111678,1.65689903855469,1.7721412951475404
18.659246000000053,1.690475290561256,1.6959149171972276,1.7316843958916999
18.660874999999976,1.690475290561256,1.6706920976201116,1.696127913871662
18.66285700000003,1.690475290561256,1.6927240076493353,1.6701591256335222
18.66484200000002,1.6908053856171459,1.7212057779112888,1.7556473960604748
18.666819999999973,1.6908053856171459,1.6509857041916598,1.6825981880303889
18.668934999999976,1.6908053856171459,1.7088162861528404,1.540583305022947
18.670781000000034,1.6914330797343562,1.6505611094479655,1.690535591744089
18.67276300000003,1.6914330797343562,1.6696468026094688,1.6807814847950757
18.674743999999976,1.6919097272425894,1.733031166190414,1.6576082758321955
18.67672600000003,1.6919097272425894,1.6734939592198244,1.7323425862344726
18.679046000000028,1.6919097272425894,1.6848342520771826,1.6571579005905228
18.68068900000003,1.692746158551341,1.7458980446900243,1.7021927782283923
18.682668999999976,1.692746158551341,1.800024779429986,1.569326745878161
18.684649000000036,1.692746158551341,1.745205640084496,1.63990262955181
18.686630999999977,1.693436347855674,1.6948160879758278,1.6770027235090494
18.688724000000036,1.693436347855674,1.6524906389234444,1.5905713765258627
18.690604000000008,1.693436347855674,1.6557118058545688,1.6445558822877242
18.692570999999987,1.6938656259279465,1.6414713126446405,1.729404524288738
18.694552999999985,1.6938656259279465,1.6594665365754575,1.6713705882134686
18.69654300000002,1.6938656259279465,1.692003736826673,1.7636592294562745
18.698875999999984,1.6936625690334186,1.6826121888534,1.708416385421553
18.70049800000004,1.6936625690334186,1.6808551627907238,1.629162831328143
18.702477999999985,1.6938178412080176,1.7163033235070901,1.759829177446056
18.704459000000043,1.6938178412080176,1.7188027610748573,1.7258879075467384
18.706439999999986,1.6938178412080176,1.7041956420685025,1.7064447928044404
18.708534000000043,1.6938967825105395,1.7214233649293955,1.7429436187403635
18.710406000000035,1.6938967825105395,1.8389650540638773,1.6450877267156996
18.712388000000033,1.6938967825105395,1.7222331978837284,1.705154454578368
18.714368999999976,1.6930481955168442,1.7463061938734958,1.6537585379986681
18.716345999999987,1.6930481955168442,1.7333574458787433,1.7294091968922756
18.71867800000001,1.6922071314894074,1.6774803779112755,1.6314535622327113
18.720312000000035,1.6922071314894074,1.7389295023834368,1.698224490820329
18.72228899999999,1.6922071314894074,1.6583890237033685,1.7462258077658332
18.72428500000001,1.6922071314894074,1.6337886824895285,1.6766934631538393
18.72625099999999,1.6915270382056167,1.7467056613365712,1.756029039014176
18.728346999999985,1.6915270382056167,1.7975554212052032,1.6601423834075688
18.73021799999998,1.6914482386894365,1.6703803608595063,1.6315261361816793
18.732197000000042,1.6914482386894365,1.7221326350949604,1.7040916039075973
18.734177000000045,1.6914482386894365,1.6225827911428745,1.6847868895256952
18.73615799999999,1.6913715488547612,1.785212761687221,1.7496563917426002
18.738490000000013,1.6913715488547612,1.6780048202474702,1.648584308193207
18.740129000000024,1.6913715488547612,1.7041847742477298,1.738920898195945
18.74210000000005,1.6916042196688041,1.6792133558969087,1.6944693938887885
18.74408199999999,1.6916042196688041,1.6870356258719401,1.7395863600103971
18.74607400000002,1.6916042196688041,1.61554012252168,1.6512857432592785
18.74816500000003,1.6922668103887295,1.6496002874481117,1.674112761381281
18.75002599999999,1.6922668103887295,1.6930937758158995,1.6950197061457166
18.752013000000034,1.69277880850411,1.7118788485856131,1.751319479554258
18.75399600000003,1.69277880850411,1.7452709164829354,1.717184711345669
18.75596900000005,1.69277880850411,1.696284282144026,1.6200962673553836
18.758291999999983,1.6933640062429693,1.8118908139077305,1.6509721329555014
18.759933999999987,1.6933640062429693,1.7207481351348095,1.687066434887504
18.761916000000042,1.6933640062429693,1.7277076221516936,1.65675072078458
18.763893000000053,1.6939876882609515,1.6588552572840811,1.7784676292232002
18.765874999999994,1.6939876882609515,1.7483941145092854,1.6585856707184106
18.76798100000002,1.6939876882609515,1.7217657247965878,1.6347402456297444
18.769835999999998,1.6945120794158586,1.770545539658869,1.6676457950324106
18.77182499999998,1.6945120794158586,1.6266362312657336,1.7242651567127754
18.773802000000046,1.6942436670898269,1.5746357312278936,1.6779006644013232
18.77579000000003,1.6942436670898269,1.698883989184836,1.7730120366734596
18.77811300000002,1.6942436670898269,1.7302715021584998,1.6238928062029194
18.779742999999996,1.6945495816850495,1.742256285108446,1.6816714599721805
18.781725999999992,1.6945495816850495,1.6984341410196113,1.8242727914743038
18.783704999999998,1.6945495816850495,1.8037738317454617,1.7228524234033946
18.785685,1.69448457996882,1.6880102071916239,1.657698231258709
18.787780999999995,1.69448457996882,1.6928216794829516,1.6112034771998323
18.789656000000036,1.69448457996882,1.7122756221129984,1.6479086310180833
18.79163200000005,1.6940914053189875,1.6443071085394216,1.6938621835944996
18.79361499999999,1.6940914053189875,1.6950816256331767,1.75022921841457
18.795592,1.6931916236738174,1.6635117532762735,1.637738866666561
18.797915000000046,1.6931916236738174,1.7237838582832683,1.6362601024003223
18.799554,1.6931916236738174,1.6829094679685945,1.6858551022980097
18.80153899999999,1.6924375081205474,1.6868152638815637,1.7799476023321057
18.803517,1.6924375081205474,1.6767793271559004,1.7493023497247553
18.805498,1.6924375081205474,1.7127495966978032,1.6018580110834237
18.80760200000003,1.6919934698543437,1.7607324740101968,1.6847116020112782
18.80946,1.6919934698543437,1.6524861939922528,1.7136382536343826
18.811442000000056,1.6919934698543437,1.694153718100219,1.688512507030251
18.81343700000002,1.6924624279709852,1.7322004945337686,1.6349229080192789
18.815404000000058,1.6924624279709852,1.7126246643499345,1.7393978133977877
18.817744000000005,1.6925870737400068,1.7669473162393825,1.7259465608201163
18.819368999999995,1.6925870737400068,1.5940808292376913,1.7627272540263235
18.821347000000003,1.6925870737400068,1.6617993605336556,1.7012427505430063
18.823329,1.6932979718284014,1.6893299373241968,1.670912347359756
18.82531399999999,1.6932979718284014,1.7199592066359488,1.7153696570689316
18.827405,1.6932979718284014,1.6826499561261554,1.6532383863925881
18.829281000000037,1.6938330037529126,1.6792490284054873,1.737214177149978
18.831253000000004,1.6938330037529126,1.688212415742471,1.7788203271237761
18.833241000000044,1.6938330037529126,1.6783548627449918,1.6410623451591078
18.835217999999998,1.6947610400120625,1.7593948017353986,1.6543982762441631
18.837536999999998,1.6947610400120625,1.714091859215051,1.7743076924445764
18.839187000000038,1.6947610400120625,1.6876507870805855,1.7359343702904682
18.841166999999984,1.6955328018826052,1.7125787638508674,1.6960840771749688
18.843150000000037,1.6955328018826052,1.632430338732631,1.6209164954794455
18.845129999999983,1.6955567923304213,1.6678807704730454,1.682522286453022
18.84722099999999,1.6955567923304213,1.6688551911109415,1.680962720875685
18.849084000000005,1.6955567923304213,1.7523225112539829,1.6678832749407417
18.851065000000006,1.6959234037572264,1.7659425419078243,1.7038197778129671
18.853049,1.6959234037572264,1.6635567011770487,1.6027333101508503
18.855034000000046,1.6959234037572264,1.7577943322752345,1.701852223226752
18.857357999999977,1.6958501750975081,1.708044588005681,1.7099074700769954
18.858998999999983,1.6958501750975081,1.6852525144632542,1.6727673784982784
18.86098000000004,1.6958501750975081,1.6704705538873803,1.7566492861653566
18.862955,1.6957492849930678,1.6838306525148712,1.6556055958600882
18.864933000000008,1.6957492849930678,1.6884736728921486,1.7201987851631795
18.867035000000044,1.6950678393712015,1.6255878733301892,1.7619477978466203
18.86889500000001,1.6950678393712015,1.6845578592441837,1.7264854272386807
18.87087600000001,1.6950678393712015,1.697218690190952,1.6276288954327733
18.87285700000001,1.6940916419955945,1.6315137701317337,1.783674604121598
18.874844000000053,1.6940916419955945,1.670685211555551,1.6887697709380805
18.877160000000003,1.6940916419955945,1.673078031108207,1.739356634458129
18.878799999999956,1.6937406708850806,1.6268288116594463,1.7042089738675146
18.88078200000001,1.6937406708850806,1.7541741489946765,1.7536841993350094
18.88276300000001,1.6937406708850806,1.694544253646696,1.7396077817403142
18.884743000000014,1.6933090677630314,1.609837977748252,1.6782383523024524
18.886843,1.6933090677630314,1.7245150137839802,1.676867159813277
18.888715999999988,1.6933090677630314,1.6581576227035921,1.72077959632234
18.89069599999999,1.693868463654793,1.6273347925325754,1.6751182881288889
18.892669000000012,1.693868463654793,1.6892041612963868,1.7417495562953473
18.894656999999995,1.693868463654793,1.78100815500837,1.7673277272198162
18.89698800000002,1.6947733196075165,1.693566909088495,1.7157492793610072
18.89861300000001,1.6947733196075165,1.6638043431343512,1.6766584797821842
18.900593000000015,1.695044429274604,1.7298825548555494,1.7390081491665252
18.902579000000003,1.695044429274604,1.6557818052086768,1.7574863018439542
18.904556000000014,1.695044429274604,1.7720549918756077,1.6789796457846335
18.906660000000045,1.6955202687170543,1.6912880566445236,1.6533603045786427
18.908518000000015,1.6955202687170543,1.7289004776109589,1.642629937402237
18.910500000000013,1.6955202687170543,1.610306146560713,1.649883864928578
18.912480000000016,1.6966974191904647,1.698210982917061,1.7064384818156035
18.914468,1.6966974191904647,1.6418474197539723,1.7443538262571354
18.91679700000003,1.6976080431908624,1.6825356600944217,1.6296239940700767
18.91842300000002,1.6976080431908624,1.7080937261713005,1.7364807593620655
18.920405000000017,1.6976080431908624,1.67492515386806,1.7419317818693267
18.92238900000001,1.6980750559102356,1.674003712880214,1.784438322535057
18.924368000000015,1.6980750559102356,1.7678492929427743,1.6785243864493418
18.926462000000015,1.6980750559102356,1.5847970332219072,1.7785680598558418
18.928330000000017,1.6980883194285608,1.7360844469269165,1.7081514718836408
18.930311000000017,1.6980883194285608,1.6865307415990598,1.6815985902743251
18.932292000000018,1.6980883194285608,1.6645631949769355,1.6589676051966855
18.93428,1.698023673154036,1.6705326415533281,1.6910812333019898
18.93661400000002,1.698023673154036,1.7107593611357392,1.6460142850175201
18.938236000000018,1.698023673154036,1.7230453159585857,1.6834853102755163
18.94021600000002,1.6983052551439388,1.6670317731113022,1.6656187866319585
18.942204000000004,1.6983052551439388,1.7116007392136192,1.6081711320494099
18.94418300000001,1.697502273983272,1.5964129143158092,1.7206438397438737
18.94627700000001,1.697502273983272,1.745561476273469,1.7157971173573132
18.94814100000002,1.697502273983272,1.7081950910085706,1.6791748757029383
18.95012200000002,1.6964492852748099,1.6235891110520797,1.7208880510061395
18.952103999999963,1.6964492852748099,1.7522949387791198,1.7187485008170373
18.95408500000002,1.6964492852748099,1.714233624401374,1.6302355219781908
18.956422000000032,1.695976329514288,1.7062225735428262,1.7131104012438532
18.958046000000024,1.695976329514288,1.6535962043196593,1.7109974091661055
18.960027999999966,1.695976329514288,1.6363565059478091,1.6816785075025127
18.962009000000023,1.6958940292855549,1.655317973929752,1.6069582586692197
18.96399100000002,1.6958940292855549,1.8360470817766306,1.853778909462171
18.966101000000037,1.6958940292855549,1.6766584057072642,1.672955233672324
18.967953000000023,1.6960514687208383,1.7293605753813652,1.669459745679396
18.969943999999998,1.6960514687208383,1.7336315944207452,1.7089160685765916
18.971925,1.6967035715111392,1.7855568881261785,1.6767290250222708
18.973896999999965,1.6967035715111392,1.7209802895368567,1.6568134924104156
18.97625099999999,1.6967035715111392,1.6347485367267023,1.7534018662512134
18.97785700000003,1.6971450344896475,1.6774661824731463,1.6222315639081668
18.979840000000024,1.6971450344896475,1.658857192012302,1.652564105689048
18.981820999999968,1.6971450344896475,1.7190686846954892,1.6634493166522804
18.983801000000028,1.6976026006126492,1.7377697772649028,1.7153010536918278
18.985905000000002,1.6976026006126492,1.7382883570859002,1.766137637193738
18.987765000000024,1.6987317371892339,1.74117223128806,1.6413431390083697
18.989746000000025,1.6987317371892339,1.8092795763328164,1.698191465838479
18.991727000000026,1.6987317371892339,1.7495890304124815,1.611408526492863
18.993708000000026,1.6996062663866518,1.6268593051752969,1.6553778749710037
18.996047000000033,1.6996062663866518,1.666145564001843,1.6907798524250928
18.99767700000001,1.6996062663866518,1.786281789639696,1.7112723789963267
18.99965199999997,1.7000127938963372,1.6784454693837143,1.585109050569275
19.001633000000027,1.7000127938963372,1.7132951600551527,1.6332747536322227
19.00361399999997,1.7000127938963372,1.6724996119325546,1.726872180968285
19.005708000000027,1.69986293746792,1.6345335887668537,1.734903120955426
19.00758400000001,1.69986293746792,1.7165144334191955,1.6668191137454695
19.009563000000014,1.69986293746792,1.7599943260089932,1.671693240831088
19.011537000000033,1.699888482688539,1.6896409236399885,1.6641944806076114
19.013520000000028,1.699888482688539,1.5901426374904275,1.7638127330830808
19.015864999999962,1.6999306838076458,1.69134212447706,1.7345405951403092
19.017481000000032,1.6999306838076458,1.6878498450903394,1.777767550276215
19.019462999999973,1.6999306838076458,1.6995066699137507,1.763767908511551
19.02144400000003,1.6992590999043808,1.6710532484827627,1.694113866878711
19.023435000000006,1.6992590999043808,1.6216681672833755,1.6871328935448207
19.02552300000002,1.6992590999043808,1.659255840875993,1.706105580284354
19.027391000000023,1.6986460071359706,1.6506081739041865,1.695279495884299
19.029368999999974,1.6986460071359706,1.738749476798158,1.730379658974223
19.03135000000003,1.6986460071359706,1.7003223544929722,1.721407995118553
19.033330000000035,1.6975979651625677,1.734915469738452,1.7531657759321757
19.03565500000002,1.6975979651625677,1.6804559699113153,1.6584203311017498
19.03730999999999,1.6975979651625677,1.669396202434643,1.7175613882126175
19.03928300000001,1.6973534613782457,1.6792339644952352,1.6743468662759569
19.041255999999976,1.6973534613782457,1.656704002069757,1.7463903133353573
19.043237000000033,1.6974323692866116,1.7262322307805043,1.5967850143464741
19.045335000000023,1.6974323692866116,1.6059941110166076,1.7304375847800428
19.047199000000035,1.6974323692866116,1.68213821397767,1.646263927360894
19.04917899999998,1.6980768784320366,1.6789092416317128,1.69502623716986
19.051162000000033,1.6980768784320366,1.6841709705579089,1.7059286022687474
19.053154000000006,1.6980768784320366,1.7189153600180758,1.6599081101611488
19.05547899999999,1.6985810024771493,1.6111346192090215,1.6744761341311498
19.057119,1.6985810024771493,1.718508815987139,1.7117388306176962
19.059095000000013,1.6985810024771493,1.7069386064267988,1.6865687453982654
19.061069000000032,1.6989794013942832,1.720649379163267,1.7148052421992666
19.06305100000003,1.6989794013942832,1.7232754927102294,1.7477720821301284
19.065146000000027,1.6999132041554914,1.688152258905515,1.689861183569525
19.06701800000002,1.6999132041554914,1.707252637369245,1.747860220390037
19.068996000000027,1.6999132041554914,1.7681643918222134,1.6499699605880092
19.070978999999966,1.700453703378202,1.6129837224601937,1.8055295740528556
19.072960000000023,1.700453703378202,1.7731687197234443,1.635942248498569
19.075288999999998,1.700453703378202,1.8111210031090612,1.6629782800582087
19.076917999999978,1.7010033661921118,1.7447836623348028,1.756430954560372
19.078907000000015,1.7010033661921118,1.6903476499392633,1.7349240413528104
19.08088200000003,1.7010033661921118,1.7016854225632005,1.722359922546517
19.082861000000037,1.7006131805842868,1.7524614138788164,1.6986582117073548
19.08495800000003,1.7006131805842868,1.7402536954820162,1.6611095628305956
19.08683400000001,1.700919226661208,1.719911188457523,1.6315519397763707
19.088809000000026,1.700919226661208,1.6503629777251076,1.7286441359761646
19.090787999999975,1.700919226661208,1.775009134105903,1.7361812748880736
19.092769000000033,1.7006615281592847,1.733843397649777,1.7252384786149073
19.095113000000026,1.7006615281592847,1.7239088964203115,1.6906971756478013
19.096731000000034,1.7006615281592847,1.7542721771764804,1.7861163551257946
19.098717000000022,1.6999693338197879,1.6952204564209825,1.7258888816255773
19.100689999999986,1.6999693338197879,1.7195828296653954,1.707721496758947
19.102682000000016,1.6999693338197879,1.6746332646940785,1.7172519096862344
19.104775000000018,1.6991072029460708,1.6893960917551183,1.7991094015069744
19.106634999999983,1.6991072029460708,1.7297412083278894,1.6599829300868554
19.108614999999986,1.6981942122264133,1.7030731107690562,1.6608509967103369
19.110596999999984,1.6981942122264133,1.7073185433296678,1.706219699876447
19.112578000000042,1.6981942122264133,1.6881684082279618,1.6959755261569351
19.114899000000037,1.6977388613678448,1.60706180758294,1.7361230507731593
19.11653799999999,1.6977388613678448,1.7627492583156665,1.7027004622840332
19.118536000000006,1.6977388613678448,1.6573086898082472,1.7354786207927666
19.120510999999965,1.697543467638995,1.742403222388267,1.7566773902016355
19.12248299999999,1.697543467638995,1.6989692533008953,1.6909821774743512
19.124578000000042,1.697543467638995,1.7202412259582345,1.7829177409363144
19.12644499999999,1.6979613097321018,1.6879101795610123,1.6958669319807755
19.128427000000045,1.6979613097321018,1.6795411628057044,1.731196082163604
19.130417000000023,1.6979613097321018,1.6498606573390546,1.69508544508106
19.132389000000046,1.6984529141889713,1.7642069287129043,1.6450594176281879
19.134730000000047,1.6984529141889713,1.7366022163063537,1.6832336865903144
19.136363000000017,1.6984529141889713,1.7224916730101034,1.7825116824444542
19.13833199999999,1.6987430395000673,1.737520187544429,1.6261281317354208
19.140319999999974,1.6987430395000673,1.7208689425068164,1.7600588479079504
19.142293999999993,1.6994795511381986,1.643246945667517,1.6111420236278804
19.144389999999987,1.6994795511381986,1.7302016892520973,1.7114274617540088
19.14625700000005,1.6994795511381986,1.6793057923244845,1.7606265798562082
19.148248000000024,1.7000286996029998,1.7267174099277893,1.6232703981042649
19.150220000000047,1.7000286996029998,1.6688254439711545,1.6617370289049997
19.15220099999999,1.7000286996029998,1.5969050224109265,1.7662393496492879
19.154526000000033,1.7003655044075936,1.6781607770809834,1.6726859334584336
19.156166999999982,1.7003655044075936,1.6770860823817606,1.6900139355657589
19.15815299999997,1.700188763926048,1.7710115175260184,1.6854664418623957
19.160128999999984,1.700188763926048,1.7385489220261188,1.6365225536914767
19.16210600000005,1.700188763926048,1.8502271159857764,1.712961341663318
19.16420199999999,1.7004192499815343,1.7057295514431197,1.7677585981268662
19.16606999999999,1.7004192499815343,1.6959572195075703,1.7106555654365738
19.168049999999994,1.7004192499815343,1.6941821036446996,1.7636054942260386
19.170030999999994,1.7002379593449248,1.7016883882817047,1.686778399213667
19.172011999999995,1.7002379593449248,1.707180939664294,1.7142632824279527
19.174360000000036,1.7002379593449248,1.6684955124766645,1.748988615527229
19.175977999999986,1.6997857682701671,1.6908113781358682,1.7093421551400416
19.177954999999997,1.6997857682701671,1.6717877269038972,1.6478521269943753
19.179953000000012,1.6997857682701671,1.7020461070023223,1.6630940044500173
19.181917,1.6988307781701322,1.7860405876005003,1.702901841331808
19.18401300000005,1.6988307781701322,1.7601040358737905,1.7409773271205706
19.185879999999997,1.6981003266289505,1.853869283803004,1.6899755056905572
19.187861000000055,1.6981003266289505,1.707882431391592,1.7476644712647917
19.189842,1.6981003266289505,1.7658794277769696,1.7914501978372885
19.191823999999997,1.6978782301350246,1.687311411766535,1.7551350548788105
19.194154000000026,1.6978782301350246,1.727611017536445,1.6761379266864562
19.195791999999983,1.6978782301350246,1.6892828941468903,1.6829217017285674
19.197766,1.6977839596717716,1.810429463723032,1.7657492359160536
19.199752000000046,1.6977839596717716,1.697316246951943,1.7116952828586873
19.20173299999999,1.6977839596717716,1.6699782239563126,1.69987446146797
19.203823999999997,1.698192120308386,1.7154518708599475,1.6893644218016715
19.205692000000056,1.698192120308386,1.6775846415485653,1.6559037807250518
19.207673999999997,1.6986647948687617,1.805815978588084,1.650933698244168
19.20966199999998,1.6986647948687617,1.7193238036840135,1.6764776335863092
19.211635,1.6986647948687617,1.8059839076552224,1.6762109728878998
19.213971000000015,1.6990164741861329,1.7144487103234731,1.7292668437150651
19.215600999999992,1.6990164741861329,1.7146070930795538,1.6824250790543571
19.217579,1.6990164741861329,1.7162223621048103,1.6999205607006955
19.219559000000004,1.6997784799616573,1.7168075204834665,1.6785900840633026
19.221542999999997,1.6997784799616573,1.7366802524836276,1.6833121833395228
19.223651000000018,1.6997784799616573,1.7284885765498768,1.71433053501589
19.225499000000013,1.7001749148598968,1.6665322601653818,1.5638771523605661
19.227484000000004,1.7001749148598968,1.706286617285227,1.767156435237696
19.229466000000002,1.7005758001020077,1.690740012579263,1.6928516224228667
19.23144700000006,1.7005758001020077,1.6800216187321368,1.6516245560367993
19.233768999999995,1.7005758001020077,1.6258320608504928,1.643402253341303
19.23540900000006,1.7001600948452582,1.6364999213820748,1.7036451370774015
19.237390000000005,1.7001600948452582,1.6863122947707134,1.554847424566499
19.239372000000003,1.7001600948452582,1.6880850531674567,1.7634021246359246
19.24136299999998,1.7005402413554334,1.7751023260108871,1.659967494096995
19.24345599999998,1.7005402413554334,1.675026351441294,1.7654565489369776
19.245315000000005,1.7005402413554334,1.6288104426131542,1.729790695428794
19.24729500000001,1.7004210419859218,1.6397092169299696,1.6956599852392304
19.249277000000006,1.7004210419859218,1.6980338882689059,1.738722581433187
19.25126800000004,1.7004210419859218,1.7426383860938368,1.6686133806943801
19.25359100000003,1.6998879962380535,1.7512984770230253,1.6850743484927968
19.255225000000053,1.6998879962380535,1.6934979750376453,1.7907098113316555
19.257210000000043,1.6998879962380535,1.8006264488245114,1.7312214935175665
19.25918200000001,1.6988088827117334,1.675263442120188,1.7410194546954996
19.261171000000047,1.6988088827117334,1.6408660596977007,1.697359169642409
19.26326499999999,1.6982915685236826,1.6794716811220385,1.653218577189726
19.265127000000007,1.6982915685236826,1.6422685617219774,1.6902868672690574
19.26710700000001,1.6982915685236826,1.6800168226281513,1.6390233297773875
19.269092,1.6978677265112665,1.6867830985849852,1.6230987815464986
19.271075999999994,1.6978677265112665,1.7803488076618543,1.7002523944111136
19.273401999999976,1.6978677265112665,1.648838291414657,1.6598257867822859
19.275031000000013,1.6978495438106445,1.8011252591245686,1.7200152091015184
19.27701300000001,1.6978495438106445,1.7167796562335123,1.6670288475191066
19.27899500000001,1.6982518225704266,1.796384368752081,1.6086115941911576
19.280985000000044,1.6982518225704266,1.7437836462047285,1.7328797773839255
19.28308500000003,1.6982518225704266,1.6722178484022412,1.7299216624647298
19.28493800000001,1.6987591957751673,1.6840710399791317,1.7243424349822212
19.286928999999986,1.6987591957751673,1.6927750182995194,1.6783762075088566
19.28890100000001,1.6987591957751673,1.6823522890546951,1.756984329380221
19.29088999999999,1.6990482717624882,1.7803949289776004,1.6927941393589165
19.29321600000003,1.6990482717624882,1.6822631668490897,1.7038467935152943
19.294844000000012,1.6990482717624882,1.6065171641155163,1.7242358594853309
19.29683,1.699988172693624,1.689098676397396,1.6375334142648843
19.298806000000013,1.699988172693624,1.6893356850168715,1.699730694475791
19.30079999999998,1.699988172693624,1.6885697011713663,1.6954549889706565
19.302887,1.7006544702842359,1.704925550857002,1.7265752997152257
19.304757000000052,1.7006544702842359,1.7148369562328596,1.7195493568412916
19.306737999999996,1.7010482845935861,1.778130451100378,1.7608199501885475
19.308712000000014,1.7010482845935861,1.729065864761009,1.7797033589156248
19.310701999999992,1.7010482845935861,1.5953586240917321,1.6854687018990309
19.313016000000005,1.700766160341727,1.6452548356995675,1.60482141906703
19.314662,1.700766160341727,1.6840324874703287,1.5954288383097492
19.316644999999994,1.700766160341727,1.7355167223067174,1.7560626268958544
19.318617000000017,1.7010878148493411,1.7185019287573429,1.6493467799151986
19.320606999999995,1.7010878148493411,1.649109587452671,1.6848032850903711
19.322699999999998,1.7010878148493411,1.7336505296734785,1.7523815147131843
19.324562000000014,1.7011112337467433,1.7315375479689614,1.7120825200817462
19.326542000000018,1.7011112337467433,1.7559449779266805,1.811536883906615
19.328524000000016,1.7011112337467433,1.6773304848020465,1.7463962591940516
19.330521999999974,1.7007023274875006,1.7367861666107387,1.6726636319177146
19.332839000000035,1.7007023274875006,1.7144218669251188,1.6689551636436515
19.334468000000015,1.6997240052077496,1.623593214934438,1.7463022657953884
19.336449000000016,1.6997240052077496,1.7419552472917876,1.6834215867736502
19.33842900000002,1.6997240052077496,1.703295127595041,1.734740867401521
19.34042000000005,1.699584648008219,1.7316149357315767,1.78952895799503
19.342505000000017,1.699584648008219,1.5895462258268913,1.638309337760159
19.344379000000004,1.699584648008219,1.6923419664691626,1.648154610705719
19.346353000000022,1.6990986484288113,1.6681077604421781,1.6259583604172565
19.348343,1.6990986484288113,1.7587123147538362,1.6299330701493255
19.350329000000045,1.6990986484288113,1.6862082963570952,1.6612451413148008
19.352642000000003,1.6991735541360478,1.7019171702230065,1.6840482473817107
19.35427900000002,1.6991735541360478,1.6891685850651084,1.6743001845201313
19.356267000000003,1.6991735541360478,1.718769738908274,1.7084148632040155
19.358239999999967,1.6998559011405612,1.7016251686182302,1.6860247933333343
19.360235000000046,1.6998559011405612,1.6730335914085048,1.7464649196059896
19.36231700000002,1.700317410328921,1.7256307079318642,1.8542083797712656
19.364187000000015,1.700317410328921,1.7000644019043867,1.6924225711557326
19.366165000000024,1.700317410328921,1.6789470766369476,1.6757930181904788
19.368146000000024,1.7006301704310003,1.6811369860695664,1.659528536879542
19.37014099999999,1.7006301704310003,1.7426051635257032,1.6187034668180185
19.372472000000016,1.7019190213265567,1.7196136690605472,1.671266770786466
19.37409200000002,1.7019190213265567,1.6352660432205206,1.707960097819441
19.37607300000002,1.7019190213265567,1.7002500338622826,1.696710530069643
19.378053000000023,1.7026129351756598,1.77979839610212,1.789078610344319
19.380045000000052,1.7026129351756598,1.6704211504964543,1.7256976202437762
19.382128000000023,1.7026129351756598,1.7099269754673956,1.7625201664713048
19.38400200000001,1.7030096613635308,1.6559860301322227,1.681955485928114
19.385976000000028,1.7030096613635308,1.683744207347825,1.6248711648978311
19.387958000000026,1.7030096613635308,1.694007064370363,1.7429845331031242
19.389953000000048,1.70299140935543,1.733687376710498,1.747094382815491
19.392263000000014,1.70299140935543,1.6768793107769937,1.6516900992718544
19.39390199999997,1.70299140935543,1.7798344252091896,1.6054230331280552
19.395880999999974,1.7026285649696846,1.6527997692113163,1.6175976564825225
19.397868000000017,1.7026285649696846,1.7180690398472003,1.7521121807551419
19.399858999999992,1.7026285649696846,1.6281990528894026,1.7083894145874616
19.401949000000002,1.7025482069883207,1.7094940495107058,1.696247595617671
19.40380700000003,1.7025482069883207,1.7569448927108806,1.7385990886633325
19.40579200000002,1.701986544486289,1.7189531632351602,1.6891758833818051
19.40776900000003,1.701986544486289,1.641767546033914,1.6165567913607384
19.409760000000006,1.701986544486289,1.8035788789205336,1.6716496095559166
19.41208400000005,1.7010977738251896,1.7535489542283331,1.843617422399773
19.413720000000012,1.7010977738251896,1.684662644505545,1.7629238602408597
19.41569400000003,1.7010977738251896,1.7066719282552176,1.7190362608821377
19.417674999999974,1.7004488301514231,1.709146908099408,1.6646218928566425
19.41966500000001,1.7004488301514231,1.6232024238060332,1.7233416798914007
19.421764999999994,1.7004488301514231,1.6641150973495746,1.754347388680097
19.42362300000002,1.7001408996042076,1.7012554487689469,1.7209373084784279
19.425607000000014,1.7001408996042076,1.7697871855471163,1.700360256357888
19.427583000000027,1.7002777523767947,1.6672701471277147,1.6826220517028425
19.429570000000012,1.7002777523767947,1.6902465577103487,1.7570727910565702
19.431885000000023,1.7002777523767947,1.7465928302725224,1.7016180889436212
19.43352500000003,1.701098758915306,1.7346588664623561,1.6911076759065542
19.435505999999975,1.701098758915306,1.771828073196609,1.6925921973434999
19.437487000000033,1.701098758915306,1.7380776057184992,1.6721528335641664
19.43947700000001,1.7013808511875212,1.7179699357644833,1.7113493951980585
19.441569000000015,1.7013808511875212,1.7183593267342228,1.6134601446412473
19.443441000000007,1.7013808511875212,1.766946367963936,1.6721189632971922
19.445426999999995,1.7020394602343072,1.6708794702253829,1.6644698152498736
19.447393000000034,1.7020394602343072,1.740312698327673,1.7384954801238228
19.449382000000014,1.7020394602343072,1.6804311110223948,1.7215604260512403
19.451716999999974,1.702982310852742,1.6849866960408344,1.824377013825873
19.45333599999998,1.702982310852742,1.7145293908887167,1.6909268642137982
19.455317000000036,1.7037860697267047,1.7043468778931272,1.7412677003170727
19.457302000000027,1.7037860697267047,1.6756608442383865,1.6046150298367787
19.459280000000035,1.7037860697267047,1.6961373831281854,1.7026225573143792
19.461387000000002,1.7042287787528376,1.701878645832771,1.673057743254518
19.463242000000037,1.7042287787528376,1.7319937417518285,1.6416809819003344
19.465227000000027,1.7042287787528376,1.7051809307618995,1.7148001321422814
19.467208000000028,1.704125352811314,1.725105541863045,1.7907898211760855
19.469204000000047,1.704125352811314,1.7225079930476204,1.722045201409483
19.47152699999998,1.7040896575822997,1.675580740552559,1.6320072653579123
19.473149000000035,1.7040896575822997,1.7222151143149547,1.603243773817133
19.475130999999976,1.7040896575822997,1.5807433747390887,1.7133392690022986
19.47711300000003,1.7037921127394562,1.8003480507503353,1.6734731081322385
19.479104000000007,1.7037921127394562,1.8124272662832688,1.6379657287661464
19.48118800000003,1.7037921127394562,1.7139525305968715,1.7357769138584243
19.483056000000033,1.7032836109388179,1.672449513129346,1.768176067302614
19.48504200000002,1.7032836109388179,1.7280447683392026,1.623720835781252
19.487021999999968,1.7032836109388179,1.6376489925841342,1.7526256892054934
19.48900599999996,1.7024961982891373,1.7709647079777788,1.66762744932036
19.491331000000002,1.7024961982891373,1.7289870219704502,1.697074715870223
19.492970000000014,1.7024961982891373,1.667629677980137,1.7546180602174257
19.494936000000052,1.7019693959823,1.6427381379149744,1.6600201597378328
19.49692600000003,1.7019693959823,1.5823311517371548,1.6965588975817836
19.49891500000001,1.7016466852737868,1.7243348521767978,1.6527326625051166
19.500999999999976,1.7016466852737868,1.6231220382743228,1.7179023632012183
19.502867000000037,1.7016466852737868,1.6817188690979683,1.7240170455856256
19.504849000000036,1.7014348802297177,1.6996011335710777,1.6284381985552487
19.50683300000003,1.7014348802297177,1.674944345457258,1.659956635803133
19.508809999999983,1.7014348802297177,1.632843366597027,1.7718059841046432
19.511132000000032,1.7019786340409073,1.704234365008186,1.7317386131207506
19.512771999999984,1.7019786340409073,1.7031903393499566,1.711535954580772
19.51475300000004,1.7019786340409073,1.6952762739926348,1.7509995982708944
19.516733999999985,1.7025485051598837,1.7883371785670195,1.662203696557635
19.51871799999998,1.7025485051598837,1.7974172007924267,1.6842096482946918
19.520826,1.7025485051598837,1.6938554046001626,1.6571252867047999
19.522677000000044,1.7028369285635403,1.7452648721773047,1.6262430218544068
19.52466800000002,1.7028369285635403,1.679557250705432,1.6655656806747892
19.526648000000023,1.7036418378654334,1.6291191116824728,1.7004704937273516
19.528624999999977,1.7036418378654334,1.7229915209790974,1.7320838617137773
19.530961999999988,1.7036418378654334,1.6338564152653836,1.7641149693148412
19.532580999999993,1.704198275389431,1.7588068053443315,1.7084765754491462
19.53456399999999,1.704198275389431,1.7015432929025105,1.7345540787880913
19.536545000000046,1.704198275389431,1.6886374827424302,1.7493984038599244
19.538535000000024,1.7047001813384908,1.6547279186822108,1.7525805308134834
19.54063000000002,1.7047001813384908,1.7041064985035004,1.6738468555929649
19.54248799999999,1.7047001813384908,1.6852394725778108,1.6703605786556535
19.544467999999995,1.7046675631038044,1.6247585241078284,1.7056127193729511
19.546455999999978,1.7046675631038044,1.6931670452829228,1.8079865768752805
19.54844700000001,1.7045656197366494,1.7039178746159065,1.750581494035653
19.550760999999966,1.7045656197366494,1.7281176954679693,1.6838387565804451
19.552395999999987,1.7045656197366494,1.678236695309612,1.7054190680463381
19.554374999999993,1.7043158667698686,1.698764448382748,1.7182562678749085
19.55635600000005,1.7043158667698686,1.6813637055981265,1.6432694957534024
19.558336999999995,1.7043158667698686,1.6806727307863694,1.6662940798600914
19.56043100000005,1.7036638226003618,1.6846850392505202,1.7264456670788793
19.562302999999986,1.7036638226003618,1.7164593591812403,1.739843164141088
19.564280999999994,1.7036638226003618,1.6861134707259793,1.6964918195958838
19.566260999999997,1.7026546985104787,1.686342720726877,1.6798570599275364
19.56825200000003,1.7026546985104787,1.751956005925317,1.7212623014696542
19.57057500000002,1.7020648588026686,1.7038488654529076,1.6523923507720457
19.572226999999998,1.7020648588026686,1.745476619395738,1.6566150174974128
19.574190999999985,1.7020648588026686,1.6236199038572152,1.8475898202384677
19.576167999999996,1.7016223000696726,1.7829452637395713,1.662744377417909
19.578149000000053,1.7016223000696726,1.7167684047526695,1.745241888694398
19.580243999999993,1.7016223000696726,1.6948396955377845,1.6824968009163213
19.582110000000057,1.7013106656046781,1.7386832057814758,1.732115716150669
19.584097999999983,1.7013106656046781,1.7812846441887529,1.7482218641179266
19.586081999999976,1.7013106656046781,1.6582449097807825,1.6231495588279217
19.58805700000005,1.7017023605389696,1.6028350149885322,1.6973718565007838
19.59038800000002,1.7017023605389696,1.71261505904077,1.642067135493225
19.592026999999973,1.7017023605389696,1.6228651000156697,1.655400071354736
19.593997,1.7019941512632075,1.6512054302112242,1.770515799689298
19.595980000000054,1.7019941512632075,1.8048014443133646,1.661999865031493
19.597970000000032,1.7022442924483923,1.6468311782136935,1.6662300008821693
19.600064999999972,1.7022442924483923,1.6357324313542823,1.7340036441297297
19.601923,1.7022442924483923,1.7373586964165098,1.8471495818383041
19.603904000000057,1.7026682606376529,1.7401484503737943,1.6809401915783901
19.605885,1.7026682606376529,1.7715522328536477,1.6639672751606571
19.607866000000058,1.7026682606376529,1.6293074251896449,1.6939024573994828
19.610212999999987,1.703207879537773,1.686897504989266,1.7388317950819312
19.611829,1.703207879537773,1.7361381376360485,1.7549554416043123
19.613819000000035,1.703207879537773,1.6809762830170694,1.6391204796478416
19.615797999999984,1.703950307473876,1.772224183866105,1.7922040423345864
19.617773000000057,1.703950307473876,1.6805465127080734,1.7327753641517543
19.619875999999977,1.704174159369859,1.6886046065670823,1.6640649921244848
19.621734000000004,1.704174159369859,1.686671779682249,1.6925604179807106
19.623716,1.704174159369859,1.762166237685477,1.7276526390873126
19.62569700000006,1.7037242133311516,1.7227984803839451,1.7039599938567327
19.627678000000003,1.7037242133311516,1.684856017561517,1.6963098526255191
19.630008000000032,1.7037242133311516,1.6632185175997125,1.8075087735381563
19.631644999999992,1.7035247888954141,1.7095061401434455,1.7300950929826515
19.633624999999995,1.7035247888954141,1.7222720363996316,1.680801555432596
19.635602000000006,1.7035247888954141,1.7153293250431043,1.6859067136382029
19.63758200000001,1.703030044273947,1.7034604937460052,1.7893375327515448
19.639678000000004,1.703030044273947,1.7177265476705468,1.7209743022758404
19.641556000000037,1.703030044273947,1.6711941096677703,1.6495870063103062
19.64352600000001,1.7022683182979663,1.710862621414237,1.6906434438895803
19.64551,1.7022683182979663,1.6948599174631118,1.7009936420259755
19.64750200000003,1.7011018823402262,1.648793077875038,1.64967031248265
19.649835999999993,1.7011018823402262,1.7030044469624115,1.7831987642323164
19.651455,1.7011018823402262,1.7023831784213899,1.6385821281793704
19.653433000000007,1.7005818744211811,1.636315534122375,1.7830440047470932
19.655414000000007,1.7005818744211811,1.746512361208551,1.6417658760942269
19.657395000000008,1.7005818744211811,1.6779160433392408,1.715606454722467
19.659489000000008,1.7003971618802125,1.7025009576999461,1.7625704086371503
19.661358000000007,1.7003971618802125,1.6627783335616095,1.6932254736621226
19.66334500000005,1.7003971618802125,1.6919696568218598,1.6592680699316413
19.66531900000001,1.700218238264604,1.807556848593163,1.707822259682226
19.66730100000001,1.700218238264604,1.7241014627062996,1.720123078320695
19.669645000000003,1.7005516849457516,1.6881513529166987,1.7683288027515862
19.671268000000055,1.7005516849457516,1.64122438582529,1.6408533747026786
19.67324400000001,1.7005516849457516,1.6821816426037495,1.6545836967326146
19.67522500000001,1.7009929933075936,1.6769569224096117,1.8035532096254223
19.677215999999987,1.7009929933075936,1.7206763872636979,1.712061450825997
19.679302000000007,1.7009929933075936,1.667643346677251,1.7217272831378483
19.68116900000001,1.7014184372783037,1.7385604940831811,1.7382361419445622
19.683150000000012,1.7014184372783037,1.690316983546812,1.7075935991279225
19.685131000000013,1.7014184372783037,1.629698990516057,1.7638329391735565
19.687111000000016,1.7019689400235958,1.754987277059719,1.735127227686973
19.689450000000022,1.7019689400235958,1.6826074696464899,1.7049456040734385
19.69108300000005,1.7025497808569132,1.6629202491490367,1.6276884525414448
19.693063999999993,1.7025497808569132,1.6997254274878373,1.753787986271005
19.695037000000013,1.7025497808569132,1.7218720593557135,1.796507894294765
19.697018000000014,1.7030098264393256,1.676639533678288,1.7636987178764536
19.69911300000001,1.7030098264393256,1.7348217506637973,1.5924252041120395
19.700980000000015,1.7030098264393256,1.6568857099210745,1.765219598385237
19.702965000000006,1.7025132679404433,1.7602004246477196,1.7362777137040841
19.704953000000046,1.7025132679404433,1.6221782117003187,1.705486883725987
19.706924999999956,1.7025132679404433,1.6752667352546218,1.6368469524613958
19.709247000000005,1.702204263510727,1.7549353482355285,1.664054157588392
19.710891000000004,1.702204263510727,1.6738856511381157,1.7252810104946628
19.71287700000005,1.702204263510727,1.682163963459783,1.6803742059062337
19.71484700000002,1.7018234440454907,1.6243024179386696,1.8047636548008008
19.71683900000005,1.7018234440454907,1.7491207085708342,1.6218999402959036
19.71892600000001,1.7011314887421554,1.6974901588454308,1.6964382610762954
19.720797000000005,1.7011314887421554,1.736813681659219,1.6201312948313151
19.722773000000018,1.7011314887421554,1.7183750508245277,1.619056309835449
19.72475400000002,1.6999382223586434,1.6120968533637419,1.6432010303988693
19.72673500000002,1.6999382223586434,1.607325368272376,1.6109613656814745
19.72907200000003,1.6999382223586434,1.669082494048999,1.7275786978654921
19.730700000000013,1.700005221676514,1.7886405125106666,1.659923595909325
19.73268300000001,1.700005221676514,1.6837678693325053,1.6452612838801806
19.73466000000002,1.700005221676514,1.785111300528683,1.698265530621104
19.736643000000015,1.699116117448914,1.6293438827627975,1.6886310887000195
19.738736000000017,1.699116117448914,1.7297968760806652,1.6865895998701121
19.74060300000002,1.699116117448914,1.731547172240052,1.6784046504990735
19.742584000000022,1.6997357448607233,1.6332870620278697,1.71833570871911
19.744565999999963,1.6997357448607233,1.6057912621401362,1.7304788181802213
19.746556999999996,1.7001684370499777,1.772534359667596,1.6485378555621903
19.748872000000006,1.7001684370499777,1.654209938450747,1.7823162692193069
19.750517000000002,1.7001684370499777,1.760186447770104,1.699402444294056
19.752494000000013,1.7004738864349007,1.6638892215781584,1.758413012352758
19.754481,1.7004738864349007,1.7525399489468436,1.705466751914323
19.756453000000022,1.7004738864349007,1.692010871031003,1.7417388249931716
19.75854700000002,1.700758966286704,1.7442759477790264,1.6254279511792284
19.760415000000023,1.700758966286704,1.7362827910953118,1.6430267804607297
19.762405,1.700758966286704,1.7737881927415953,1.6703406694159788
19.764387,1.7013558718279937,1.771265669944857,1.6371227178109706
19.766358000000025,1.7013558718279937,1.7363612281296112,1.7149263592361113
19.768695999999977,1.7018681800200408,1.6866518754778308,1.700691851260567
19.770320999999967,1.7018681800200408,1.6131293197479242,1.651476934768755
19.772313999999994,1.7018681800200408,1.6932300918970695,1.7286423626351
19.774282000000028,1.7023942192543944,1.689047400316391,1.741618920772619
19.776274,1.7023942192543944,1.7785993669353561,1.5976131261821953
19.778358999999966,1.7023942192543944,1.7697736155720902,1.7536440157620405
19.780227000000025,1.7019896525835068,1.708136148972665,1.7334999398531434
19.782208000000026,1.7019896525835068,1.7308175300412039,1.6226352901945227
19.784198000000004,1.7019896525835068,1.7913273442458482,1.6668802499318423
19.786168999999973,1.7019377989230293,1.6660516897308368,1.6683897799667118
19.78850200000005,1.7019377989230293,1.7151881229398211,1.6534545356775998
19.790133000000026,1.701568516707926,1.6641651309511118,1.7777158366881007
19.792118000000016,1.701568516707926,1.7385235579017522,1.6756972321973593
19.794099000000017,1.701568516707926,1.676699481113773,1.5861272262492279
19.79607599999997,1.7006956512239069,1.6121781201273309,1.6850634215473212
19.798171000000025,1.7006956512239069,1.7612277920153439,1.67008305292889
19.800037999999972,1.7006956512239069,1.697231532649282,1.6646560579642
19.80201900000003,1.6996531527265377,1.769874852872012,1.7155468198039505
19.803999999999974,1.6996531527265377,1.7624093708887827,1.6286936686669762
19.80598100000003,1.6996531527265377,1.7158197951004739,1.78843870121825
19.808324000000027,1.6995182031608809,1.6268163705628116,1.6931313443336162
19.80994400000003,1.6995182031608809,1.7211702050084783,1.701132960501262
19.81193600000006,1.6985610115270782,1.6798529466568541,1.67630951757889
19.81391100000002,1.6985610115270782,1.813707259919279,1.7763129267379734
19.81588800000003,1.6985610115270782,1.7276486174410102,1.6639641112679315
19.81798200000003,1.6994041843213528,1.7745776371230875,1.7099374978041213
19.819860000000062,1.6994041843213528,1.713519533594973,1.7170435656923835
19.821830999999975,1.6994041843213528,1.7709361204607745,1.6881504933224716
19.823812000000032,1.699711700184746,1.7336674221209378,1.7280036698787975
19.825803000000008,1.699711700184746,1.6845748195592016,1.7432249684837757
19.828125999999997,1.699711700184746,1.759720251850918,1.7362641567637556
19.829754999999977,1.7001132898294706,1.6231095537042983,1.6949002983247434
19.83174200000002,1.7001132898294706,1.7756712278893425,1.6871236808977235
19.833729000000005,1.700400522929108,1.7798519597999716,1.7070399986914027
19.835698000000036,1.700400522929108,1.7298073529139297,1.6801264464883672
19.837793999999974,1.700400522929108,1.6757484533201366,1.6478106014954224
19.83966700000002,1.7010265210497981,1.6463153151401788,1.7088721174163028
19.84164199999998,1.7010265210497981,1.744711993851609,1.7746287307142863
19.843623999999977,1.7010265210497981,1.7328561010481278,1.726388192206659
19.845610000000022,1.701638294434317,1.6051189132638923,1.635183120225892
19.847947000000033,1.701638294434317,1.6819690071045257,1.705997164083003
19.849567000000036,1.701638294434317,1.6219962976496287,1.7475013689961747
19.85154700000004,1.7019976753474155,1.6991394284224481,1.693474151149112
19.85353299999997,1.7019976753474155,1.6748099329446353,1.7108721167862253
19.855525999999998,1.7019976753474155,1.7042173061132675,1.8797303482775172
19.85760700000003,1.7016593768856434,1.6480854386941848,1.79515050556371
19.85947299999998,1.7016593768856434,1.769882886424323,1.702284842221231
19.861454000000037,1.7017368066085017,1.6176908965981789,1.7387325782857375
19.863437000000033,1.7017368066085017,1.7485957915486599,1.6913011157138877
19.86541600000004,1.7017368066085017,1.7576848901968307,1.6878170489599122
19.86774700000001,1.7017660779829418,1.6376051821165378,1.7511926531424515
19.869379000000038,1.7017660779829418,1.679469618707014,1.75011161789375
19.87136000000004,1.7017660779829418,1.7049029651818317,1.736601099841102
19.873350000000016,1.7012614725874105,1.611819998722961,1.6920773834724587
19.875325000000032,1.7012614725874105,1.690345252143248,1.7951613625358562
19.87743499999999,1.7012614725874105,1.6278720840414913,1.6482944711604388
19.87929300000002,1.7004557117707157,1.6905123755253364,1.7074135720395338
19.881264999999985,1.7004557117707157,1.6692540125970168,1.644926367523519
19.88324700000004,1.700042931837841,1.7096667552901426,1.7077776795603754
19.88522899999998,1.700042931837841,1.6803121990068706,1.6874859907332969
19.887568999999985,1.700042931837841,1.716442731111364,1.7704686243928165
19.88920300000001,1.700042931837841,1.664053402031691,1.7021002203672158
19.89117200000004,1.6994611196664067,1.5301000813051562,1.7714895172440168
19.893155000000036,1.6994611196664067,1.6845475331459054,1.6925154217867062
19.89514700000001,1.6997302398901524,1.6265407472772397,1.6777004868089649
19.897238000000016,1.6997302398901524,1.7467317664512652,1.723325036635153
19.89909799999998,1.6997302398901524,1.6373613682617867,1.5969362138543763
19.90107800000004,1.7002667208391138,1.7521240611024769,1.6855851615509492
19.90306700000002,1.7002667208391138,1.7285835452349172,1.7135552231852997
19.90504999999996,1.7002667208391138,1.7074020989910972,1.8162833208650242
19.90738300000004,1.700539061161191,1.7606004493994103,1.7350075166312893
19.90900499999998,1.700539061161191,1.5756430546412659,1.6127651779394654
19.91099300000002,1.7015033782983429,1.694925363861966,1.6701048158874956
19.912965999999983,1.7015033782983429,1.6988213171480433,1.6476841926453576
19.91495199999997,1.7015033782983429,1.6793448088172536,1.7268784207442975
19.917051000000015,1.7021022226143545,1.7023468101435923,1.7511751948795649
19.91891000000004,1.7021022226143545,1.690582981201936,1.6298541329227212
19.920890999999983,1.7021022226143545,1.6322773872435032,1.7624346567568667
19.922871000000043,1.702647227660577,1.7268092620813063,1.6600654019887393
19.924860000000024,1.702647227660577,1.6760663880299742,1.6611177118231768
19.92720300000002,1.702647227660577,1.716349647240659,1.6445378269704194
19.92881399999999,1.7029130507395303,1.7049765274961168,1.6765556224540765
19.93079700000004,1.7029130507395303,1.7506181658098467,1.7062994493655212
19.932788000000016,1.7029130507395303,1.7920528695733666,1.7648691672433103
19.934761999999978,1.7023246819203957,1.6147225960158853,1.6403007025118663
19.93686100000002,1.7023246819203957,1.7576469409011521,1.6426798563127518
19.938721999999984,1.7023707856106454,1.735982350231376,1.7495248691545782
19.940703000000042,1.7023707856106454,1.720157334134159,1.6881980200274183
19.942682000000048,1.7023707856106454,1.7505599932014648,1.670505731984092
19.944667000000038,1.702516545455789,1.790072405215263,1.7161236219216374
19.946986000000038,1.702516545455789,1.6727634652171761,1.6770490867613175
19.948624999999993,1.702516545455789,1.868665542349119,1.6578136067293874
19.950605000000053,1.7013943430339125,1.6374421744301346,1.688210701788375
19.95259299999998,1.7013943430339125,1.6855880073587086,1.715021544687315
19.954578000000026,1.7013943430339125,1.7330341184565092,1.6474030901873544
19.956676000000016,1.7004354370906292,1.6753941210228764,1.7524341495175475
19.958529999999996,1.7004354370906292,1.6956804449227916,1.6939957292925527
19.96052100000003,1.7004354370906292,1.7284140551668115,1.6926537514791624
19.962492999999995,1.7000304141195262,1.7116502810379512,1.6720311227275446
19.964474000000052,1.7000304141195262,1.7871280400167786,1.680652167039226
19.966812000000004,1.6995246582514139,1.768814182088094,1.6625932787164102
19.96843899999999,1.6995246582514139,1.6743831236177984,1.7570436665650233
19.970418999999993,1.6995246582514139,1.715863592496312,1.7081367018170897
19.972397,1.7000005772060238,1.7479216337079873,1.6763902366344272
19.974379999999996,1.7000005772060238,1.5964128046107593,1.6581613061894094
19.976481000000035,1.7000005772060238,1.7111393947954732,1.6771108572011852
19.978345000000047,1.7002628655771654,1.681302219271439,1.7250138250250306
19.98032699999999,1.7002628655771654,1.6981262328058067,1.682712022504497
19.982304,1.7006627377135675,1.7955419873139755,1.6897083344311383
19.984285999999997,1.7006627377135675,1.74380565125055,1.706853086887987
19.986606999999992,1.7006627377135675,1.7239625784099974,1.672832391009537
19.988248,1.7013655552169382,1.6660196883836482,1.6963404896266006
19.990230000000054,1.7013655552169382,1.7606756407331843,1.80423396252361
19.99221,1.7013655552169382,1.6465009391375816,1.7106990228366559
19.994200999999975,1.7017384806101938,1.6956239951952388,1.7128638494260697
19.996305000000007,1.7017384806101938,1.722925582007762,1.6650160239777518
19.998153000000002,1.7017384806101938,1.715783769701603,1.7451406172370088
20.000134000000003,1.7023724841448615,1.6840129152954926,1.6701574438288327
20.002116000000058,1.7023724841448615,1.6677473410611308,1.7188464148299694
20.004098,1.7023759854568534,1.7924009245427477,1.5988173789404616
20.006438000000003,1.7023759854568534,1.6406673052911025,1.6625822425561638
20.008065999999985,1.7023759854568534,1.7502354273400802,1.674561477082162
20.010045000000048,1.7019741258935288,1.6895275914653505,1.686634629679182
20.012022,1.7019741258935288,1.655946174533577,1.6813169453390224
20.014003000000002,1.7019741258935288,1.6873554348787219,1.762646875435289
20.016106000000036,1.702051928254504,1.6908097028405928,1.6987257714362538
20.01796900000005,1.702051928254504,1.6451073070837343,1.7631638505230005
20.019946000000004,1.702051928254504,1.7739317436223825,1.6552257496381295
20.021926000000008,1.7018371313537526,1.7165358367129615,1.6410142345270013
20.023911999999996,1.7018371313537526,1.6510101837439013,1.7766452368879517
20.026238999999975,1.7018371313537526,1.6645193788872263,1.6565998566275497
20.027877000000046,1.7009544884261902,1.609490851105772,1.7151399674399739
20.029852000000005,1.7009544884261902,1.716576057566075,1.687999358239531
20.031833000000063,1.7009544884261902,1.6821587993597455,1.6442352382252858
20.033814000000007,1.6999437076813046,1.6239879891929543,1.6315007208324859
20.03590900000006,1.6999437076813046,1.6509723504619946,1.6587533887972319
20.03778299999999,1.6994114099537811,1.6676636082665721,1.6775605300013567
20.039765999999986,1.6994114099537811,1.65595755388969,1.7200349534716677
20.041739000000007,1.6994114099537811,1.8267433482914963,1.7029258392340445
20.043720000000008,1.6989172154575,1.748263448762621,1.6818914761837722
20.04605700000002,1.6989172154575,1.6347160451221334,1.7506152454114743
20.04768200000001,1.6989172154575,1.7294354629479618,1.7650658260893102
20.04966300000001,1.6990099198783783,1.6897960957340132,1.7068764817829138
20.051645000000008,1.6990099198783783,1.7079993513204974,1.6750672058064433
20.053630999999996,1.6998096956381215,1.680923191998675,1.6990031549399518
20.05573000000004,1.6998096956381215,1.731907350091169,1.7126137967201212
20.057592,1.6998096956381215,1.7669194383700888,1.626965873196137
20.059575999999993,1.6999855161972697,1.7066053291978496,1.6965839021714049
20.061549000000014,1.6999855161972697,1.6527180175890628,1.7017242789924991
20.06353200000001,1.6999855161972697,1.7023846596679744,1.6499648245796399
20.065854,1.7007404329029658,1.740842821464593,1.672908358363958
20.067503000000045,1.7007404329029658,1.7465088109026108,1.6631685223531198
20.06947500000001,1.7007404329029658,1.6869311383092467,1.7612194412858786
20.071455000000014,1.7013935256537012,1.6293450786807586,1.6400275210045965
20.073447000000044,1.7013935256537012,1.7586916955667584,1.7203314698091845
20.075541999999984,1.7018601818431283,1.6932616725333995,1.78318563286596
20.077405999999996,1.7018601818431283,1.7221523860485517,1.6971675730541147
20.07938999999999,1.7018601818431283,1.800593794768963,1.7712778409478782
20.081371000000047,1.7016475794464154,1.7306343944010167,1.7067147033369252
20.083343000000013,1.7016475794464154,1.7356828503023296,1.725961939063035
20.08567499999998,1.7016475794464154,1.694047629026912,1.6325893230768196
20.087313999999992,1.7014405514996387,1.7373866382499712,1.7655796136298054
20.089287000000013,1.7014405514996387,1.5933297096405692,1.6864339436036189
20.091268000000014,1.7014405514996387,1.5885130344873664,1.6978304733134806
20.09325700000005,1.7013528494454162,1.7115751857692643,1.6836649259751968
20.09534400000001,1.7013528494454162,1.6236156644628874,1.6634091114887386
20.09722099999999,1.7013528494454162,1.7861690346446721,1.7420075609538892
20.099200999999994,1.7009458795138077,1.7531856971368127,1.682254440625158
20.101173000000017,1.7009458795138077,1.7831673238311951,1.6611374972104178
20.103161999999998,1.7009458795138077,1.6825844621683732,1.6640042713501433
20.10547600000001,1.7000391986843117,1.7159097216663344,1.6524879911282788
20.107117000000017,1.7000391986843117,1.6961165686214308,1.7749309238286848
20.109099000000015,1.6988769340258858,1.683083734969914,1.7052719304908006
20.111079000000018,1.6988769340258858,1.6484969638529172,1.6589695451800655
20.11306000000002,1.6988769340258858,1.6841520448391927,1.6578343361524308
20.115165000000047,1.6984109978189499,1.658773350360303,1.75010975972535
20.117023000000017,1.6984109978189499,1.7229197054646754,1.7118195894520414
20.119010000000003,1.6984109978189499,1.6699824032336146,1.6237681625409928
20.120994999999994,1.6980103472869212,1.7619970677138275,1.5484164470950523
20.12296600000002,1.6980103472869212,1.656505009786182,1.7051027347664354
20.125315999999998,1.6987715388489628,1.685694390223302,1.7672282669924098
20.12692800000002,1.6987715388489628,1.7174248217640602,1.659764765988563
20.12891000000002,1.6987715388489628,1.69568128853147,1.7292963182244032
20.130890000000022,1.6984481494688428,1.669155113127324,1.7873982213414543
20.13287200000002,1.6984481494688428,1.7374340776783224,1.633069225804105
20.134967000000017,1.6984481494688428,1.681792488017084,1.65007073629162
20.13683500000002,1.6986897273428432,1.7534316452683023,1.6811248600764295
20.13882200000006,1.6986897273428432,1.6942770755862808,1.7177424139621433
20.140802000000008,1.6986897273428432,1.7292279980811738,1.7157709911179018
20.14277900000002,1.699204816120659,1.7210741185512388,1.6930697178258418
20.145106,1.699204816120659,1.6162135798623491,1.8280473016891412
20.146750999999995,1.699204816120659,1.7917251546611566,1.7402811276783912
20.148728000000006,1.6997818559802402,1.622292584480311,1.6828801603562724
20.150701999999967,1.6997818559802402,1.7526195959109472,1.6903600310729023
20.152693999999997,1.6997818559802402,1.6797710864325617,1.6811679792410437
20.154777999999965,1.7002646840871771,1.6986548627338727,1.7628336253460961
20.156646000000023,1.7002646840871771,1.6688838406928794,1.6244185833595794
20.158627000000024,1.7000807238790914,1.74868753529871,1.6882225566217162
20.160613000000012,1.7000807238790914,1.662405228061634,1.605709163955511
20.162590000000023,1.7000807238790914,1.6439963412182164,1.7154391779583091
20.16492199999999,1.6999760207165824,1.7675087651214911,1.7255208807442706
20.166552000000024,1.6999760207165824,1.7688948684121906,1.6285923624154013
20.168543,1.6999760207165824,1.6947748420465083,1.6200336245972755
20.17051699999996,1.6997537727717602,1.6402756215411325,1.7008887288601862
20.17249499999997,1.6997537727717602,1.6766964254737078,1.717336914693959
20.174600000000055,1.6997537727717602,1.67874966107883,1.6272362285340911
20.176462000000015,1.699311720294319,1.7484062626187726,1.6857464811664618
20.178439000000026,1.699311720294319,1.7796852501867377,1.7324030767400167
20.18042600000001,1.698635118912722,1.7273574728949461,1.7227367050936297
20.182401999999968,1.698635118912722,1.689675040831668,1.677825319481293
20.184725000000014,1.698635118912722,1.6435039254203938,1.6639563567017908
20.18636300000003,1.6975584658807614,1.725233690770087,1.5736804146453547
20.18834400000003,1.6975584658807614,1.7331437578170081,1.659201996703184
20.190335000000005,1.6975584658807614,1.6290022710396947,1.7139136444073921
20.19230600000003,1.6974351576770061,1.6890921952295448,1.6952477636079373
20.194401000000028,1.6974351576770061,1.7337309611116303,1.7349452223285384
20.19627900000006,1.6974351576770061,1.6799261668520096,1.7913355862875795
20.198259000000007,1.6969467615129965,1.6992155168754506,1.6969312368040919
20.20023500000002,1.6969467615129965,1.7432594841591569,1.594291065432938
20.202215000000024,1.6973068055733846,1.6999036259958813,1.6721160482858155
20.204553999999973,1.6973068055733846,1.5832100968212295,1.7549586539662794
20.206174999999973,1.6973068055733846,1.7551888544174843,1.7581065406287957
20.20815600000003,1.697633033093034,1.7204390562066585,1.614843494147446
20.210136999999975,1.697633033093034,1.619254567601839,1.654352449726516
20.212128000000007,1.697633033093034,1.7435708897873206,1.687030813907518
20.214214000000027,1.6981260145061827,1.6550632375465264,1.7437363396105858
20.216080000000034,1.6981260145061827,1.7424148900778147,1.6533173518050555
20.218064000000027,1.6981260145061827,1.63048419043926,1.7273457401369636
20.220042000000035,1.69919956370259,1.728661660330603,1.5620298377859312
20.222030000000018,1.69919956370259,1.7115310989376322,1.691330160642757
20.224353000000008,1.6998605397432318,1.649846821572944,1.640045507724061
20.225985000000037,1.6998605397432318,1.7026218429131919,1.6853089104586125
20.227972000000022,1.6998605397432318,1.7775100184753845,1.6227466098358472
20.229956000000016,1.70024810403864,1.7973211038500507,1.7013900965209314
20.231929999999977,1.70024810403864,1.685582618031092,1.7278707756780836
20.23402500000003,1.70024810403864,1.7517420521742921,1.71089017055417
20.235896000000025,1.70021506290457,1.6221182499878577,1.7560378725507793
20.237873000000036,1.70021506290457,1.7672506293938233,1.706258156604176
20.23985399999998,1.70021506290457,1.7515231675216265,1.708204263922525
20.241841000000022,1.700005176167804,1.7840825512448064,1.6703356029545615
20.244174999999984,1.700005176167804,1.6744158056064473,1.720602462531263
20.245807000000013,1.700343094005759,1.6744368347452545,1.6739450962248785
20.247779000000037,1.700343094005759,1.7592375689279047,1.684178317218257
20.249765000000025,1.700343094005759,1.7177080925421546,1.753962076184918
20.251743000000033,1.6996671264325176,1.7008714125255806,1.7849673786738485
20.25383599999998,1.6996671264325176,1.7410057389040574,1.682864376649671
20.255704000000037,1.6996671264325176,1.7343535616599597,1.7194538047515662
20.257689999999968,1.6988105010823515,1.7016053688845856,1.6607375485328666
20.25966600000004,1.6988105010823515,1.7476065220857788,1.6662249171457373
20.261652999999967,1.6988105010823515,1.7231646302596402,1.5754954567535608
20.26396900000003,1.6980083980827125,1.6981844836757984,1.7261410160748856
20.26561300000003,1.6980083980827125,1.6267182949032988,1.675208238622654
20.267597999999964,1.6980083980827125,1.6776607269054808,1.7813620865830524
20.269570999999985,1.6975511781794483,1.7122070471367825,1.6607058276124365
20.271558000000027,1.6975511781794483,1.6247963759510264,1.6968960387664462
20.273660000000007,1.6971840967832559,1.6317566166966775,1.7340273426460282
20.275514999999984,1.6971840967832559,1.6260640820469845,1.8221990064275573
20.277496000000042,1.6971840967832559,1.693931186217038,1.6540199351263614
20.279477999999983,1.6981682884604186,1.6942006888739891,1.6743873303347463
20.281465000000026,1.6981682884604186,1.6320106762546394,1.7062204153938814
20.283802000000037,1.6981682884604186,1.6485791571703878,1.6822721643471399
20.285429999999963,1.6983153669773094,1.7573713866625054,1.7329866324897443
20.287401999999986,1.6983153669773094,1.7271743747660773,1.7065527338619293
20.289393000000018,1.6983153669773094,1.7256675142680993,1.7610740622603542
20.29137300000002,1.6985987825810807,1.6326035540109463,1.685958162481861
20.293461999999977,1.6985987825810807,1.72219177729983,1.7413009504159787
20.29533600000002,1.6985987825810807,1.676545681881767,1.6971673109996885
20.297312000000034,1.7000573306104867,1.625984411624633,1.728493463868751
20.299288999999987,1.7000573306104867,1.6365472671045844,1.7115276141768898
20.30128400000001,1.7000573306104867,1.7511559474388645,1.696730470857608
20.303597999999965,1.700253121062758,1.6137451568745904,1.6634494757201674
20.30523199999999,1.700253121062758,1.8293710032019528,1.7426855157708845
20.307214000000045,1.7006739196799594,1.6047222224108526,1.648381272399677
20.30919700000004,1.7006739196799594,1.753356920891098,1.7327060297252481
20.311177999999984,1.7006739196799594,1.7146422058804947,1.7314188889346036
20.31327699999997,1.7011102239525755,1.7388229385926552,1.8113792319353732
20.315140999999983,1.7011102239525755,1.7336045374524005,1.743539960099702
20.317133000000013,1.7011102239525755,1.7527029464575044,1.607619229482911
20.31910000000005,1.7007630569183463,1.6969185087889658,1.6529415237339764
20.32108400000004,1.7007630569183463,1.7182093446851843,1.6996620666261422
20.323427000000038,1.7009637778504514,1.7173581940609515,1.6804703563922372
20.325052000000028,1.7009637778504514,1.7287419715239023,1.7187811996736124
20.327026999999987,1.7009637778504514,1.7090807664134784,1.6382737133246112
20.329009000000042,1.7003037414620512,1.7546378819197976,1.6108241183632694
20.330989999999986,1.7003037414620512,1.638246444942931,1.6528322050083104
20.333092000000022,1.7003037414620512,1.733519238550076,1.8075917843091351
20.334948999999995,1.699983549798297,1.6765240122461507,1.7542668327521582
20.336932000000047,1.699983549798297,1.7030862884472466,1.671895384145159
20.338918999999976,1.699983549798297,1.8126595276562552,1.7088374445984003
20.34089300000005,1.698641573902885,1.7639116047404884,1.6490398408093712
20.343227000000013,1.698641573902885,1.6156191159395972,1.7410081632949257
20.344862000000035,1.698641573902885,1.6778617082684433,1.6459790728978543
20.346847000000025,1.6983488548380605,1.6621932816007805,1.678765972380262
20.348820999999987,1.6983488548380605,1.7312119597021207,1.6602161033530431
20.350809999999967,1.6983488548380605,1.7582491500026953,1.6862938930525182
20.35289300000005,1.6984613122946994,1.6481316595814532,1.7128475330325126
20.354764000000046,1.6984613122946994,1.6868740752315001,1.6974157313337503
20.356741999999997,1.6989081860508297,1.7052008616153902,1.7484533734081058
20.35873600000002,1.6989081860508297,1.6686780096346754,1.649039708183195
20.360705999999993,1.6989081860508297,1.7048716023759505,1.5743514223829287
20.363042000000007,1.6994720822662122,1.7387462470388781,1.7080177795222864
20.364672999999982,1.6994720822662122,1.7245763853058964,1.780564062873674
20.366656999999975,1.6994720822662122,1.673216797918485,1.6485590241962773
20.368641000000025,1.6995511777096015,1.7772434034996576,1.7284384927172451
20.370611000000054,1.6995511777096015,1.5890917567515475,1.6767293940138055
20.372720000000015,1.6995511777096015,1.5922573674862877,1.6600529299414706
20.374572000000057,1.7003640248624339,1.6771405663083647,1.660835590870843
20.376554,1.7003640248624339,1.7168327242686072,1.725340664860529
20.37854100000004,1.7007978535711408,1.6477752688132843,1.7682380255169643
20.380516,1.7007978535711408,1.821884013974533,1.7603188025033913
20.382837999999992,1.7007978535711408,1.7086168988298627,1.7438258306134875
20.384487000000036,1.7013842968805153,1.693238406087707,1.708349888477062
20.386461999999995,1.7013842968805153,1.7515219041305166,1.6691872922773399
20.38844499999999,1.7013842968805153,1.624089097460868,1.7480127494591076
20.390421000000003,1.701866174052573,1.7736250101020914,1.7686840774794588
20.392516999999998,1.701866174052573,1.6420430446669685,1.6805789860362885
20.39439500000003,1.701866174052573,1.6380441058449704,1.6796861260990035
20.396365000000003,1.7012610544197335,1.7075298677389474,1.722403014521641
20.398353999999983,1.7012610544197335,1.6739887300436056,1.650580058951652
20.40033699999998,1.7011760546274461,1.7394328446493865,1.712461345518954
20.402660000000026,1.7011760546274461,1.6811084986235152,1.6017675349274312
20.404293999999993,1.7011760546274461,1.7456491678969215,1.7526825226180258
20.40627599999999,1.7008325194895861,1.732515482062866,1.7069896426042195
20.408260999999982,1.7008325194895861,1.7190371373577522,1.707376217475503
20.410234000000003,1.7008325194895861,1.7018038580166248,1.7272081659036596
20.41232800000006,1.700760298268119,1.6807402707813315,1.6768129335649633
20.414196000000004,1.700760298268119,1.6907065537334465,1.748824029408942
20.41618299999999,1.700760298268119,1.7029349668352072,1.760003624666099
20.418166999999983,1.6992038395819289,1.7403431342381932,1.7366252657816876
20.42014499999999,1.6992038395819289,1.7074174580897243,1.7372463320476417
20.422465000000045,1.698651073654693,1.6669237664318155,1.8581113071795663
20.424102000000005,1.698651073654693,1.7359883532956233,1.7789850589581298
20.426085999999998,1.698651073654693,1.6751265221829283,1.6677031219062592
20.428072000000043,1.6982026767976373,1.7710385521884744,1.7072505481583748
20.430047000000002,1.6982026767976373,1.7247941470501678,1.6136066290858337
20.43214400000005,1.6982026767976373,1.7677400283606508,1.7343457831625655
20.43400600000001,1.6986265822112003,1.6977872480464098,1.6712116279975486
20.435993999999994,1.6986265822112003,1.7313052652423901,1.7873177976319563
20.43797699999999,1.6986265822112003,1.6967784566371642,1.7331331410228688
20.43995000000001,1.6989402246830991,1.669357295666159,1.6751538240327293
20.442286000000024,1.6989402246830991,1.7341917567884317,1.7033419814480097
20.44391300000001,1.6990412062191378,1.6702929941027276,1.7536297223499497
20.445900999999992,1.6990412062191378,1.6696066089651558,1.7391029663659552
20.447889000000032,1.6990412062191378,1.613369634669106,1.6641686995131573
20.44985700000001,1.6997047075407892,1.7667625984359823,1.7700977200256793
20.451959000000045,1.6997047075407892,1.6811759599632325,1.5886529182771938
20.45381900000001,1.6997047075407892,1.679303054272875,1.6303803237260666
20.455799000000013,1.7007060965664318,1.6724771469428408,1.69780369258731
20.45779399999998,1.7007060965664318,1.6811686316686478,1.6803839973031103
20.459771999999987,1.7007060965664318,1.6656014112936997,1.7148509082511716
20.46208900000005,1.701300017842869,1.6452110335242265,1.6442528147179198
20.46372500000001,1.701300017842869,1.7318061481185094,1.6646754963801271
20.46571799999998,1.701300017842869,1.669798927188809,1.6472059317406273
20.467701999999974,1.701155557441964,1.7506258831366033,1.643307741665796
20.469668000000013,1.701155557441964,1.706194517354555,1.6964158756088012
20.471767,1.7008566780807859,1.597242708311816,1.647942513958598
20.47363100000001,1.7008566780807859,1.7312850813263077,1.676894064630965
20.475612000000012,1.7008566780807859,1.7014867799452498,1.6786983053325388
20.477606000000037,1.7007065262429004,1.7050121752278469,1.6998117087709124
20.479574000000014,1.7007065262429004,1.7349186522323328,1.6154911331841832
20.481923999999992,1.7007065262429004,1.6595339103483902,1.7209462079338784
20.483536000000015,1.7006598718621506,1.7643362411280639,1.6683088828566086
20.48551699999996,1.7006598718621506,1.6817673036124678,1.7156005966367762
20.48751500000003,1.7006598718621506,1.7837261027274036,1.692493867864438
20.489486999999997,1.7002779318612427,1.6406835296919131,1.715951460776807
20.491578000000004,1.7002779318612427,1.6485769198506495,1.7103381296231224
20.493442000000016,1.6991875829267435,1.7086013653100864,1.7864429298820788
20.495423000000017,1.6991875829267435,1.7176602792951285,1.6249570664917707
20.497417999999982,1.6991875829267435,1.6952261977026766,1.785169712778479
20.499385000000018,1.6985722456910444,1.7061000858070428,1.7596175935034175
20.501711,1.6985722456910444,1.7451085526916448,1.681140689301426
20.50335799999999,1.6985722456910444,1.68464593090316,1.737039157377556
20.50532800000002,1.697874149135243,1.6440205543925828,1.8073808933982798
20.507326999999975,1.697874149135243,1.7673188588216209,1.6275563289067014
20.50930199999999,1.697874149135243,1.7559228490141776,1.709049857857058
20.511405000000025,1.6976580751623371,1.7484737119358287,1.6412046939527476
20.513254000000018,1.6976580751623371,1.6365764457948373,1.7161841671547826
20.515243999999996,1.6976580751623371,1.6546532124728295,1.7467118047913572
20.517228999999986,1.6979223888057469,1.723758437741647,1.6484719524743905
20.51919700000002,1.6979223888057469,1.7874776509829595,1.6701751692615772
20.52154200000001,1.6990386231728791,1.7732353516438866,1.6972837105372074
20.523157999999967,1.6990386231728791,1.690782339352537,1.7458800867887085
20.525149999999996,1.6990386231728791,1.6578240682323706,1.753432406574714
20.52713399999999,1.6990692213304803,1.6455937725977428,1.725462073521656
20.52910300000002,1.6990692213304803,1.6845002668456115,1.715221896957753
20.531217000000026,1.6990692213304803,1.8368763670039852,1.7016700916628869
20.533065000000022,1.7000919950685653,1.6483218682565974,1.7480112127995038
20.535046000000023,1.7000919950685653,1.7004246639138294,1.7286245166988095
20.537037999999995,1.7000919950685653,1.6604703780824097,1.739627675210494
20.539015000000006,1.7006110346932868,1.7146131620470362,1.713213344826763
20.541334000000006,1.7006110346932868,1.6090959338429112,1.6387901246173493
20.542980999999997,1.7006110346932868,1.6421274528081105,1.6447324708455813
20.544959000000006,1.7008724450721664,1.6514878131810407,1.7271346986366918
20.54694599999999,1.7008724450721664,1.6400704047074843,1.6788056599846068
20.548921000000007,1.7001438022780446,1.6567573798257949,1.7255167553974378
20.551017,1.7001438022780446,1.700140558125086,1.679506722145873
20.55287900000002,1.7001438022780446,1.769288245553584,1.6626368009379346
20.554857000000027,1.70046930473689,1.688435833005502,1.7373103369344296
20.556849000000057,1.70046930473689,1.6604431258982446,1.6357042842777267
20.55883,1.7002910220945915,1.7242486653855993,1.7303468448879775
20.56116000000003,1.7002910220945915,1.7501220084868652,1.6827954202922182
20.562782000000027,1.7002910220945915,1.6402862809019094,1.6634351697245449
20.564768000000015,1.699933610564697,1.6582831530718083,1.6806932616219947
20.566749000000016,1.699933610564697,1.6630942592355098,1.7077244151367938
20.568727000000024,1.699933610564697,1.6847163118884125,1.7887300486171411
20.57082300000002,1.6988017801876198,1.687952387084245,1.7238909756647105
20.572693000000015,1.6988017801876198,1.7052872788932936,1.7545126047399213
20.57466899999997,1.6988017801876198,1.680511457068755,1.7353857548343528
20.576663999999994,1.6982156352919986,1.7256273051181708,1.7089288814273105
20.578641000000005,1.6982156352919986,1.6819928592506193,1.6784677194518325
20.58097200000003,1.6982156352919986,1.61824085923616,1.67833488676526
20.582592999999974,1.6977485395439649,1.7247265708611546,1.6888364827887266
20.58458300000001,1.6977485395439649,1.6539912815893834,1.7508456375372867
20.58656700000006,1.6978395196009541,1.6742590445387722,1.8146310399392906
20.58854100000002,1.6978395196009541,1.7358537452203018,1.6819447137869172
20.590636000000018,1.6978395196009541,1.716565490609597,1.7093132553167996
20.592502000000025,1.6982879807159843,1.6705033011404093,1.703074790992841
20.59448100000003,1.6982879807159843,1.7557492809425364,1.6786260555538002
20.596461999999974,1.6982879807159843,1.752212488724953,1.6001797295655276
20.59844400000003,1.698692785301165,1.6321705492253513,1.7701317018157576
20.60078299999998,1.698692785301165,1.5534474062372956,1.7264938348652654
20.602416000000005,1.698692785301165,1.6964286392689978,1.7288870866636943
20.604385999999977,1.6992758028330048,1.689495032460354,1.6743591813991174
20.60637700000001,1.6992758028330048,1.741449529501034,1.7328943810727366
20.608366000000046,1.6992758028330048,1.769572592199604,1.6428335196628172
20.610460999999987,1.6998578081311229,1.7775307476832873,1.716029872359346
20.612311000000034,1.6998578081311229,1.8003425331897618,1.6496035581845623
20.614292000000034,1.7004800186606068,1.6463558880082998,1.6522888874537687
20.616281000000015,1.7004800186606068,1.7735684432311667,1.6983917073711718
20.618254999999976,1.7004800186606068,1.617094087665511,1.685242104427295
20.620586000000003,1.700978373679669,1.5701854087105946,1.7822858919682298
20.622216999999978,1.700978373679669,1.6365143368661574,1.6162544870691888
20.624198000000035,1.700978373679669,1.705151247714521,1.7279044096015819
20.626184999999964,1.7009783453587501,1.7210603658145007,1.7548124057578445
20.62817000000001,1.7009783453587501,1.6799199926606576,1.6676241925974842
20.63027500000004,1.7009783453587501,1.6958843332038644,1.6872072070757136
20.63212100000004,1.7007834565288569,1.708745563344644,1.7371153413928873
20.63410399999998,1.7007834565288569,1.699383536444215,1.6550935239668703
20.63609900000006,1.7007212556123554,1.6453382003399633,1.7020193507137524
20.63806599999998,1.7007212556123554,1.7070086144565773,1.6945130298009357
20.640401999999995,1.7007212556123554,1.774642968458719,1.7198845027493828
20.642034000000024,1.7001336375571,1.6906328769570558,1.7084885475696636
20.64400999999998,1.7001336375571,1.6326529112916657,1.6954321187225725
20.645991000000038,1.7001336375571,1.7871862412144641,1.6983815812132177
20.64797100000004,1.6992228041079525,1.7029745542161894,1.6774127386054711
20.65008400000005,1.6992228041079525,1.6863185930037239,1.739200131075146
20.651933999999983,1.6992228041079525,1.7791885140016859,1.7095924821596031
20.653913999999986,1.6986113624346515,1.657593343563751,1.7053392131942848
20.655906000000016,1.6986113624346515,1.713776952672923,1.7757064448833573
20.657883000000027,1.6982062576257637,1.6111120832126058,1.7394254902373816
20.660203000000024,1.6982062576257637,1.661185265675448,1.6723564518012002
20.66184000000004,1.6982062576257637,1.624809099312476,1.8078244139196251
20.663820999999984,1.6982216962187735,1.6895734779465879,1.6791370028080663
20.665802000000042,1.6982216962187735,1.7241170741531446,1.828722348589944
20.667782999999986,1.6982216962187735,1.6890325265062076,1.5267863400497763
20.669891000000007,1.698660779922308,1.725929319918635,1.6742161371005873
20.671748000000036,1.698660779922308,1.698321518768999,1.693584859161235
20.67373600000002,1.698660779922308,1.647710709260658,1.6902558101343086
20.67570699999999,1.699179133860178,1.7465210710254393,1.6851239787888668
20.677688999999987,1.699179133860178,1.731614028831227,1.7251186614885925
20.680038999999965,1.699405791403378,1.7330149407888977,1.6735674471279396
20.68166100000002,1.699405791403378,1.6682272374928862,1.7040151567935065
20.683633000000043,1.699405791403378,1.6192503208073528,1.7155085862889945
20.685617000000036,1.7003689158890412,1.7020738382231544,1.8617528711422273
20.68760500000002,1.7003689158890412,1.747059423660301,1.7806615775070114
20.689697000000024,1.7003689158890412,1.6780696021236219,1.7318207470315052
20.691564000000028,1.7012682960541783,1.6679725092567843,1.7756835095098258
20.693542000000036,1.7012682960541783,1.7175613892505257,1.5924438745933807
20.695523000000037,1.7012682960541783,1.6154835010286972,1.6276967033095326
20.69749999999999,1.7016985652836074,1.6054205969398505,1.6916438295856124
20.69982699999997,1.7016985652836074,1.7384478133586883,1.6486142342758927
20.70147000000003,1.7016985652836074,1.7088544995702397,1.72988987890238
20.70344300000005,1.7015906492412984,1.7223383613510483,1.7466647625030285
20.705426000000045,1.7015906492412984,1.7075566267840105,1.6916750548934256
20.70740699999999,1.7015705329061315,1.6288379065647198,1.6633109363530036
20.70951800000006,1.7015705329061315,1.6650869177028387,1.771173414102754
20.711373000000037,1.7015705329061315,1.6844836618671222,1.6087938338113144
20.713350000000048,1.7014601333986774,1.7264636825514559,1.687183068121019
20.715330999999992,1.7014601333986774,1.6767923455678237,1.6515780139649685
20.71731200000005,1.7014601333986774,1.7244704299426452,1.699186668116535
20.71964700000001,1.7011603952544472,1.6605266489359471,1.6839600162908959
20.72127499999999,1.7011603952544472,1.7753096052639812,1.6914551305709637
20.723255999999992,1.7011603952544472,1.7076337712774958,1.7153819580004668
20.725236000000052,1.7001733436724038,1.719468394227817,1.797220670350063
20.72723000000002,1.7001733436724038,1.7246852615228405,1.754652613380255
20.729329000000007,1.6994351150948621,1.5738219349549145,1.6845654968330486
20.73118900000003,1.6994351150948621,1.7174871722555998,1.6731356353942703
20.733167000000037,1.6994351150948621,1.693966783163412,1.7211105140462424
20.73515900000001,1.6991592128342763,1.6828650559003484,1.622864868700702
20.73712599999999,1.6991592128342763,1.7169064127803635,1.5930683848670617
20.73945199999997,1.6991592128342763,1.6751907777251962,1.706644456689469
20.741094000000032,1.6988738722552543,1.7635628667593766,1.6939958733960663
20.743070999999986,1.6988738722552543,1.788444505381,1.7698315991666598
20.745051000000046,1.6988738722552543,1.706564528724904,1.6916835163369999
20.747038999999972,1.6994636146824962,1.737705021005955,1.7398416129627339
20.749130999999977,1.6994636146824962,1.6813011040078263,1.7237099823957918
20.751004000000023,1.6994636146824962,1.6429804200652383,1.6985084056382818
20.752976999999987,1.6997555330219491,1.71920813470626,1.6440694999589995
20.75495699999999,1.6997555330219491,1.6447851416063828,1.6968523365815178
20.75693799999999,1.7001404879912414,1.6652102837016316,1.641634795731267
20.75927200000001,1.7001404879912414,1.6987986067625385,1.6651646272900034
20.760899999999992,1.7001404879912414,1.6939219302312858,1.6353786510488206
20.762886999999978,1.7009577799506013,1.6982206686250925,1.7618490138430787
20.76486299999999,1.7009577799506013,1.7554401688958943,1.6951667988913108
20.76684400000005,1.7009577799506013,1.7501087875753145,1.650718429101599
20.76893899999999,1.7017249997440775,1.7500587938317098,1.6398580518558978
20.77080600000005,1.7017249997440775,1.710757103150228,1.7512010248649583
20.77279999999996,1.7017249997440775,1.6379337481381835,1.7396631292858882
20.774766,1.701835649253506,1.6855680249464837,1.637383439393933
20.776753999999983,1.701835649253506,1.669524997186004,1.73081883504365
20.779074000000037,1.7020293144318603,1.7081227618712018,1.6708476071194518
20.780711999999994,1.7020293144318603,1.7578856210199019,1.7408522087466878
20.782692000000054,1.7020293144318603,1.7191188711216858,1.6243482704035377
20.78467999999998,1.7020293144318603,1.6946741659817757,1.7022596539607138
20.786655999999994,1.7020489339563643,1.7372804394821706,1.718882263973022
20.78875099999999,1.7020489339563643,1.6983228014050948,1.7786335344425113
20.790621000000044,1.701727249521527,1.6929973628755457,1.6657357511057802
20.79260099999999,1.701727249521527,1.736713684626943,1.6519686236574582
20.794577000000004,1.701727249521527,1.7244409952994173,1.6411136096855348
20.796557000000007,1.700949094506871,1.6678917746855364,1.6555787551420431
20.798899000000006,1.700949094506871,1.6296786133860106,1.7652962610537226
20.800521000000003,1.7006325462522836,1.70923658329275,1.649820793458492
20.802502000000004,1.7006325462522836,1.6835887710032036,1.7133161910981063
20.80448899999999,1.7006325462522836,1.678487309927659,1.7126369513892028
20.80646900000005,1.6991065665083012,1.6727671335442078,1.6404485487856741
20.808562999999992,1.6991065665083012,1.693483396349792,1.72474524922259
20.810426000000007,1.6991065665083012,1.7009652046213022,1.7440920027542257
20.812418999999977,1.69897809263435,1.671189194726,1.6708774601616811
20.814390000000003,1.69897809263435,1.657545668053435,1.6884766787042893
20.816370000000006,1.69897809263435,1.6127970369506932,1.6792688731894894
20.81869499999999,1.6985732959649382,1.7001319461775335,1.638936233768111
20.820341999999982,1.6985732959649382,1.7353431057513575,1.7186538096840351
20.822315000000003,1.6985732959649382,1.705162705335415,1.695595458587158
20.82429400000001,1.698909821382718,1.6269886969459015,1.7085604663922964
20.82627500000001,1.698909821382718,1.65585329879162,1.5893021802792553
20.828382000000033,1.6990651265075267,1.6462977382870132,1.7160053124812746
20.83023800000001,1.6990651265075267,1.6536971964324871,1.7627844336341052
20.83221900000001,1.6990651265075267,1.6619992174746,1.668361724751406
20.834217999999964,1.6990530438605547,1.6659585673047144,1.6541853359080356
20.836180000000013,1.6990530438605547,1.8131433025050998,1.734523319669546
20.838527999999997,1.6990530438605547,1.6708690933135875,1.636322621674843
20.840143000000012,1.699665925587638,1.6009592038159013,1.5757336907678634
20.842133999999987,1.699665925587638,1.749730302949086,1.7073365046429967
20.84410600000001,1.699665925587638,1.7052065863865913,1.669129887823189
20.846086000000014,1.7000695867478062,1.7421421422273133,1.7310407524869518
20.848186000000055,1.7000695867478062,1.6957233703672538,1.7027272915001899
20.850054999999998,1.7006847215716903,1.7670900921392698,1.7329668325796879
20.85203100000001,1.7006847215716903,1.7084624866597662,1.7068578939091217
20.854016,1.7006847215716903,1.7483649234126217,1.7421372520199156
20.856000999999992,1.7012149774749097,1.747091788261384,1.8578099910768566
20.858325999999977,1.7012149774749097,1.682322696732659,1.6798396235926016
20.859955000000014,1.7012149774749097,1.7108253651039074,1.6912891969014012
20.861941,1.7004846618781728,1.758537727807633,1.6442111930221015
20.863917000000015,1.7004846618781728,1.7250725297492278,1.687417393201504
20.865899000000013,1.7004846618781728,1.7509766939479032,1.7001421955566751
20.867996000000062,1.7006907108372624,1.8216312138076964,1.6800141695435609
20.86986999999999,1.7006907108372624,1.675989966604231,1.7047481801849353
20.871842000000015,1.6999431665044298,1.683660460601707,1.705592642619616
20.873829999999998,1.6999431665044298,1.6222127807217765,1.711491920799528
20.875812000000053,1.6999431665044298,1.647024470762529,1.6786004926984157
20.878148000000067,1.6991815810867983,1.6633101598009903,1.6182917584904035
20.87976500000002,1.6991815810867983,1.7162463969335242,1.7327478231712559
20.881749000000013,1.6991815810867983,1.6871272311725796,1.682412756082376
20.883737999999994,1.6991815810867983,1.6704943367220892,1.7370353590803211
20.88570900000002,1.698122544150078,1.688375763429322,1.6785386924808148
20.887808000000007,1.698122544150078,1.6690894741881925,1.6273252503070343
20.88967100000002,1.6970894034593043,1.6821018704943291,1.6805263169456452
20.89165700000001,1.6970894034593043,1.6231538038816482,1.6016934436245813
20.893635000000017,1.6970894034593043,1.7654907194125264,1.6481565210493194
20.89561900000001,1.696644412856386,1.684116844661344,1.6805967342387713
20.897942000000057,1.696644412856386,1.6666233080319368,1.6345339871259768
20.899586999999997,1.6964434350421578,1.6836747794506974,1.684249993896757
20.90155900000002,1.6964434350421578,1.6521905832491892,1.6479654121655736
20.90354000000002,1.6964434350421578,1.752021040682827,1.7240693213475875
20.90552200000002,1.696751867388334,1.6252787630330046,1.5957823874554018
20.90763099999998,1.696751867388334,1.7015173522783693,1.7090466351400175
20.909483999999964,1.696751867388334,1.7772295659905417,1.6892831740624104
20.911464000000024,1.6967238365598087,1.657558237128452,1.6598297181649966
20.913445999999965,1.6967238365598087,1.5903586861486487,1.6865618066134576
20.915434000000005,1.6967238365598087,1.689817277000228,1.7142107008756535
20.917763000000036,1.696687557085057,1.686708726502699,1.5754690041524986
20.91939400000001,1.696687557085057,1.689579622764558,1.7258639444396369
20.921371000000022,1.6972011580337703,1.6651521119589054,1.7766549103597444
20.923352000000023,1.6972011580337703,1.7094639739478483,1.6280865103415254
20.92533800000001,1.6972011580337703,1.7386902368646153,1.785267415838219
20.927437000000054,1.6977494879919364,1.6681645540478018,1.7425393618967149
20.929295000000025,1.6977494879919364,1.708004448854291,1.659692087036162
20.931277000000023,1.6977494879919364,1.6614296249143692,1.7026024543595268
20.933267,1.6979325599044894,1.8027801868898028,1.667478086850215
20.935246000000063,1.6979325599044894,1.7502575755150873,1.7046486298764743
20.93757400000004,1.6979325599044894,1.7933857316445285,1.7817948932479226
20.93920300000002,1.6976229305212784,1.741596058450113,1.7245788338173975
20.941182000000026,1.6976229305212784,1.6327967263337333,1.6817918186700593
20.943173,1.6976229305212784,1.6603474603203654,1.7169899447667811
20.94515400000006,1.6974136839748344,1.73104496988502,1.6271552203011221
20.947243000000014,1.6974136839748344,1.6812988891171146,1.7767771487311959
20.949117,1.6974136839748344,1.7310777395331058,1.685969392668334
20.95109100000002,1.6969360551044266,1.6871623753088345,1.6848432376689197
20.953069000000028,1.6969360551044266,1.7371081429985988,1.7075719405065144
20.95504999999997,1.6961544474997456,1.7942660690000107,1.6713545964882697
20.957403,1.6961544474997456,1.6297643297107125,1.6536261911990109
20.959013000000027,1.6961544474997456,1.6153185602871687,1.7125420326421346
20.960994000000028,1.6951373144632476,1.681350847480075,1.6777883689443458
20.96297500000003,1.6951373144632476,1.6922444191265076,1.6374344012338595
20.96496000000002,1.6951373144632476,1.668547700852689,1.7445721674249641
20.96705400000002,1.6935225327276313,1.7126066629877446,1.5698116335600547
20.968917999999974,1.6935225327276313,1.6765758224335072,1.6331826359379167
20.97090000000003,1.692668212151386,1.6524084585464625,1.7324707816359468
20.972880999999973,1.692668212151386,1.7059820825114609,1.677980661162405
20.97486200000003,1.692668212151386,1.732057340686343,1.7537857195851942
20.977197000000047,1.69198718554293,1.7025956244278262,1.7487579573499727
20.97882800000002,1.69198718554293,1.787067186504493,1.739410003392339
20.98080600000003,1.69198718554293,1.6750812829185509,1.767206635346389
20.98278700000003,1.691788944099712,1.646899340715208,1.6791547044841888
20.98477600000001,1.691788944099712,1.7050589838435521,1.6853531730034526
20.986878000000047,1.691788944099712,1.6034897647251007,1.6935792700006778
20.988728999999978,1.6916944411581316,1.790530124542832,1.7419701310608133
20.990710999999976,1.6916944411581316,1.7751267925190626,1.6633438732931045
20.992699000000016,1.6916944411581316,1.7581128541977595,1.7368973505035759
20.994672999999977,1.6914553465130138,1.5759460588170415,1.695389300992261
20.997023000000013,1.6914553465130138,1.6704683743981743,1.7416927811208784
20.998649999999998,1.6914553465130138,1.6896965197783278,1.7368629862977838
21.000617000000034,1.6915773805978156,1.6958692373404127,1.6844996741492124
21.002597999999978,1.6915773805978156,1.725388346793925,1.7738700010990152
21.004579000000035,1.6918237456820637,1.7448618088798844,1.7385211187405225
21.00667999999996,1.6918237456820637,1.7731371639288003,1.6020037978548407
21.008542000000034,1.6918237456820637,1.7293887090890194,1.5881263484693187
21.010523000000035,1.6920747080085055,1.6850973539203924,1.6414923297659436
21.012504000000035,1.6920747080085055,1.689984169280704,1.690780980701888
21.014489999999967,1.6920747080085055,1.7285464325702646,1.7487222917866605
21.016828000000032,1.692044426655128,1.632327506838386,1.6750698941893039
21.01845400000002,1.692044426655128,1.6835880858331198,1.6756581585425159
21.020437000000015,1.692044426655128,1.7735621812985074,1.7061981079341892
21.02240900000004,1.6913463791010201,1.7246265077090794,1.765321947939491
21.02439099999998,1.6913463791010201,1.7445637201887152,1.7097680139411449
21.02648899999997,1.6906486422607427,1.7055930130506451,1.6782913878919994
21.028355000000033,1.6906486422607427,1.7403673688853412,1.6344759495352927
21.03033400000004,1.6906486422607427,1.716717188138983,1.627146882695461
21.032314999999983,1.6901219272760797,1.7838719834852985,1.6154162711862643
21.03430400000002,1.6901219272760797,1.6691053321830804,1.7148975554477508
21.036653,1.6901219272760797,1.6535689308380042,1.7062398822076845
21.038261999999975,1.6892440766293833,1.6024941780575261,1.718995662744761
21.040239999999983,1.6892440766293833,1.6880218377984522,1.7333634726757847
21.042230000000018,1.6892440766293833,1.7352168567858968,1.6976658549698058
21.044200999999987,1.6879494272596522,1.7507897358142426,1.6406258294713303
21.046301000000028,1.6879494272596522,1.6901335205243275,1.6547206025864831
21.048163999999986,1.68638436521272,1.7551700519398101,1.6920638327061392
21.050145999999984,1.68638436521272,1.7016707425649862,1.666863348013489
21.05212700000004,1.68638436521272,1.628475081460056,1.5947147228084089
21.054112000000032,1.6851460283854056,1.7304235531655934,1.649589870034573
21.05643600000002,1.6851460283854056,1.6559285295038448,1.7554043941798
21.05807599999997,1.6851460283854056,1.663409458169277,1.696212452188122
21.06004999999999,1.6842126400364144,1.7498290951492674,1.689765933792315
21.06204200000002,1.6842126400364144,1.7500344958810126,1.6437883877782877
21.064014000000043,1.6842126400364144,1.7056004106487468,1.612283187103909
21.066112000000032,1.6832672665642217,1.6464838163875908,1.686479972379118
21.067976000000044,1.6832672665642217,1.6291325039307094,1.7017255832576512
21.069966000000022,1.6830843618486697,1.70766755445276,1.6111196968680528
21.071938000000046,1.6830843618486697,1.696879779286888,1.7256728571185713
21.073920000000044,1.6830843618486697,1.6666919253321388,1.658739271137598
21.076256,1.6824489466744186,1.7089986854210966,1.6998433714454044
21.077885999999978,1.6824489466744186,1.6897794288672807,1.684596438749358
21.079868999999974,1.6824489466744186,1.6562213835901702,1.6779355371859752
21.081842999999992,1.6817585285388261,1.6287029616297564,1.8144105855757513
21.083830000000034,1.6817585285388261,1.6794809345663484,1.7096913727501284
21.08592600000003,1.6817585285388261,1.66414403755432,1.683285584957074
21.08778699999999,1.6819653349741244,1.6651135557259715,1.713619191392568
21.08977500000003,1.6819653349741244,1.6777618373073855,1.661977632302404
21.091750999999988,1.6819653349741244,1.6823518379750055,1.7224995477418767
21.09373000000005,1.6820552232235502,1.6553174422489654,1.6957141729494494
21.09606100000002,1.6820552232235502,1.7137457329436327,1.6747500489764822
21.097703000000024,1.6820300798589363,1.6657369802246467,1.6678504086088652
21.09967899999998,1.6820300798589363,1.698387105533555,1.6741601174216576
21.10165599999999,1.6820300798589363,1.6387725686974939,1.6825628849727423
21.103636999999992,1.681456837133356,1.656713767265616,1.7417127972744684
21.105747000000008,1.681456837133356,1.7082606337965816,1.702886714817228
21.10759900000005,1.681456837133356,1.6140957223286392,1.5764341478734845
21.109578999999997,1.6802163243946304,1.7441266887263613,1.7629343909050867
21.11157099999997,1.6802163243946304,1.7089972322117808,1.7077322875825378
21.113542999999993,1.6797044444131382,1.681787594115242,1.8051261019443665
21.115882000000056,1.6797044444131382,1.7055463307091654,1.6768643236212877
21.117515000000026,1.6797044444131382,1.6194640929281328,1.737521840021968
21.119488999999987,1.6787376196377668,1.69666443963988,1.716778047260148
21.121465999999998,1.6787376196377668,1.5939221384005846,1.688314523528862
21.123455999999976,1.6787376196377668,1.72499353877195,1.7456401290169532
21.12555900000001,1.6776228686535972,1.6318768294909198,1.6686623979693438
21.127410999999995,1.6776228686535972,1.7180873252079263,1.6844091799320844
21.129391999999996,1.6776228686535972,1.6289694301970696,1.6234712929000126
21.13138200000003,1.675612477843937,1.6778634419122793,1.6647936465300275
21.133353999999997,1.675612477843937,1.6797900864290187,1.6310855607511492
21.13567999999998,1.675612477843937,1.678214195593073,1.6780552726278
21.137325000000033,1.673683283871747,1.7029259886430737,1.7047936044532164
21.13930399999998,1.673683283871747,1.6207461218729826,1.6936905993830524
21.14129700000001,1.673683283871747,1.5815392997419329,1.6848845615966541
21.143265999999983,1.6723821002410328,1.6367669234065951,1.709035755750383
21.145361000000037,1.6723821002410328,1.7256242581779846,1.7950352741695024
21.14722400000005,1.6709911165787672,1.651630648221596,1.6490041385178453
21.149205999999992,1.6709911165787672,1.6393263101805977,1.7928804143259864
21.15118799999999,1.6709911165787672,1.7614459846231074,1.601414700617352
21.153167999999994,1.6700772968659212,1.6175651811333378,1.5536346209173943
21.155506000000003,1.6700772968659212,1.716211565420004,1.7311796261439703
21.157129999999995,1.6700772968659212,1.6189610725320656,1.6743673276075535
21.159111999999993,1.6694625895817898,1.6169006051352266,1.5923058204776663
21.161099000000036,1.6694625895817898,1.7125238997079508,1.6720102779824593
21.163073000000054,1.6694625895817898,1.7017137226544339,1.6490334339832209
21.16518100000002,1.6685405469115329,1.626989095527675,1.6887836273734878
21.167035999999996,1.6685405469115329,1.5653992453480634,1.6561746464338647
21.16901800000005,1.6678596188643557,1.6607603687885708,1.7330146843048195
21.17100099999999,1.6678596188643557,1.6594131927467306,1.676515663706736
21.172978999999998,1.6678596188643557,1.764236274862085,1.682070772424043
21.175309000000027,1.6679938548607505,1.6057968913667136,1.6587637934999153
21.176949000000036,1.6679938548607505,1.6558467003326078,1.7028630662681403
21.178922999999998,1.6679938548607505,1.662478955619103,1.6624543683356399
21.180911000000037,1.6672851812207405,1.663709743938861,1.7178313121024134
21.182883000000004,1.6672851812207405,1.6359227923601978,1.5979209356249922
21.18498100000005,1.6672851812207405,1.6417857644311709,1.6735022334159921
21.186846000000003,1.6672851812207405,1.658687834324563,1.6382773330442097
21.188828000000058,1.6669750707042017,1.6821125103583678,1.617826555343143
21.19081,1.6669750707042017,1.7115470643393,1.6008969116308742
21.192789000000005,1.666276577224848,1.6816284379508146,1.6233025141619646
21.19512400000002,1.666276577224848,1.6385570121207123,1.6844395473061926
21.196752000000004,1.666276577224848,1.7217115215842924,1.689021280032124
21.198733000000004,1.6646687571045948,1.6797663388217778,1.704945479568599
21.200720000000047,1.6646687571045948,1.678647882058449,1.6424185846872956
21.202697000000057,1.663645184792959,1.6232597686221806,1.7150124158362368
21.204792999999995,1.663645184792959,1.7226139543970533,1.6606312297402914
21.20666600000004,1.663645184792959,1.6672851838035023,1.6971701461683448
21.20863700000001,1.662238319650531,1.7059879455549904,1.6678839907556688
21.21061900000001,1.662238319650531,1.6425659886842998,1.6256257246500978
21.21261000000004,1.662238319650531,1.624567600660895,1.5918812487397034
21.214927000000046,1.6605013532311845,1.5841242703713898,1.600822630570635
21.21656200000001,1.6605013532311845,1.6654272586284018,1.612396153214038
21.21854400000001,1.6583722480603553,1.6083350552358653,1.6338054816431637
21.22052500000001,1.6583722480603553,1.6084167024835663,1.690679159146908
21.222509000000002,1.6583722480603553,1.7018950490747953,1.708089323769918
21.224604,1.6563681741049858,1.6810980867195378,1.7096772858665399
21.22646800000001,1.6563681741049858,1.6124773375505235,1.4999833912299962
21.228449000000012,1.6563681741049858,1.5204406329491078,1.6331683756632966
21.23043700000005,1.6544716834540534,1.5936547334624827,1.6412516438465041
21.23241200000001,1.6544716834540534,1.760255413241866,1.6336435958199522
21.23475000000002,1.6544716834540534,1.6603280170720582,1.568659038601755
21.236372000000017,1.6528450481217618,1.6165553660327145,1.7041488573580923
21.238355000000013,1.6528450481217618,1.6916210787989436,1.743853116723302
21.240341,1.6528450481217618,1.617639153225936,1.635740124378589
21.242320000000007,1.6511765370152665,1.6006993003228984,1.7618258308058403
21.244416,1.6511765370152665,1.6626944198387006,1.5352013812877154
21.246280000000013,1.6501239817576745,1.6546985392715112,1.594924892433706
21.248261000000014,1.6501239817576745,1.582610670646833,1.6368290404377295
21.250242000000014,1.6501239817576745,1.6335945731273285,1.682520787294469
21.252223000000015,1.6489835764179497,1.5952961449889766,1.6530770909413612
21.254548999999997,1.6489835764179497,1.6647702124017316,1.5943053193092793
21.25619499999999,1.6489835764179497,1.6409911846913332,1.685892710629447
21.258168000000012,1.647708451882357,1.6995686586589407,1.676826304564463
21.260148000000015,1.647708451882357,1.5861925276677435,1.6206821501928859
21.262134000000003,1.647708451882357,1.6627945820328218,1.6289060336117287
21.264229,1.6466343721452525,1.6152173747136507,1.5902684489112109
21.266091000000017,1.6466343721452525,1.6822538002912604,1.6733571707811048
21.268073000000015,1.6461166113305086,1.5358790190883929,1.5867034263568023
21.270054000000016,1.6461166113305086,1.70642536320285,1.5809519420745195
21.272035000000017,1.6461166113305086,1.6906719772349448,1.7273431486210258
21.274389000000042,1.6454418220993596,1.653662363899217,1.650082104040102
21.276001000000008,1.6454418220993596,1.7250504629312131,1.6094189451034917
21.277983000000006,1.6454418220993596,1.62061035370681,1.5491757400216486
21.279958000000022,1.6444248760728273,1.7143369807406426,1.6501246394651508
21.28194099999996,1.6444248760728273,1.679388985088066,1.6451896907730574
21.284063000000003,1.6444248760728273,1.6346287194243974,1.6999717908805276
21.28590200000002,1.6430399547012329,1.7228165600723975,1.525353591814724
21.28788400000002,1.6430399547012329,1.6604427753148672,1.6054119030969285
21.289864999999963,1.6412947289485866,1.6267953148190573,1.6687652064588492
21.29184600000002,1.6412947289485866,1.6830278414296598,1.6330566547129466
21.294172000000003,1.6412947289485866,1.622574302589187,1.6769869961518367
21.29580900000002,1.6398818551571648,1.5846962236741673,1.653277199201559
21.29779000000002,1.6398818551571648,1.657974259483833,1.6506660748965791
21.29977100000002,1.6398818551571648,1.6549429065004169,1.6704679074921729
21.301750999999967,1.6380697430630986,1.642078119985592,1.5768253434309565
21.30385899999999,1.6380697430630986,1.6363842638613175,1.655049957334848
21.305714000000023,1.6380697430630986,1.6129015563503808,1.6574953838312545
21.307694000000026,1.6359298869523704,1.595685042748942,1.7411725372029139
21.309686000000056,1.6359298869523704,1.6880269821537894,1.531538993837739
21.311657999999966,1.6331177807602875,1.6413626662662084,1.6133618870093414
21.313994999999977,1.6331177807602875,1.6375715677627853,1.6602500759390442
21.315619999999967,1.6331177807602875,1.5632043625263388,1.6773456293868434
21.31760300000002,1.630788303647206,1.670065081501468,1.6201794541575907
21.31958199999997,1.630788303647206,1.5968854062762508,1.6139239807534893
21.321563000000026,1.630788303647206,1.6052580838810115,1.619439924330202
21.32367499999998,1.6284109515244565,1.6574652103517538,1.6991999277880034
21.325525000000027,1.6284109515244565,1.5927151690289512,1.6261247732984665
21.327507000000026,1.6284109515244565,1.6282228241784475,1.59275332721321
21.329497000000003,1.6262056487621739,1.6319943155061059,1.5956852139038928
21.331469000000027,1.6262056487621739,1.636391200532453,1.5889736036860513
21.333816000000013,1.6240794524169633,1.6314782268379433,1.665878837682072
21.335439000000008,1.6240794524169633,1.639809218649329,1.6786682974584828
21.33741299999997,1.6240794524169633,1.67100841257394,1.5391760335444602
21.339400000000012,1.6240794524169633,1.6377759406313122,1.5986649375278812
21.34137400000003,1.6227042232204971,1.6992247569196708,1.6509487458709353
21.343478000000005,1.6227042232204971,1.610873700630648,1.6355299815087634
21.345347000000004,1.621210407481767,1.6221069779337434,1.6063397523944494
21.347317000000032,1.621210407481767,1.7346471097174403,1.6632736250582778
21.34929999999997,1.621210407481767,1.5854011039029143,1.6912422477906717
21.351282999999967,1.6193957059229245,1.5911555807809346,1.5837624123628358
21.353625999999963,1.6193957059229245,1.6030024121151896,1.5399332489788746
21.355253000000005,1.6193957059229245,1.7017347048532159,1.6147640557936302
21.357233000000008,1.6184590502113574,1.6453599395580063,1.5641948696318844
21.359205999999972,1.6184590502113574,1.6615792190918361,1.654261018137499
21.361196000000007,1.6184590502113574,1.6056473965637674,1.5668771765769072
21.36328500000002,1.6174043607343052,1.5755885174265376,1.7158263266333047
21.365152000000023,1.6174043607343052,1.5694333370559892,1.5598010101188424
21.367129000000034,1.616153002964574,1.601209300405442,1.6102293696354455
21.369111000000032,1.616153002964574,1.668159316451058,1.6262606997827918
21.371091999999976,1.616153002964574,1.6089314869510203,1.5836583426486361
21.37342000000001,1.6150971378146988,1.6351319927003887,1.606198095125261
21.375054999999975,1.6150971378146988,1.5162103947988261,1.6250958881766215
21.37704500000001,1.6150971378146988,1.596859734653587,1.711788030632392
21.379016999999976,1.6134935414480802,1.5815325597035972,1.6311241721420136
21.380998000000034,1.6134935414480802,1.6257908675943598,1.6170186051176907
21.38311200000004,1.6134935414480802,1.698263568091483,1.6762199117187566
21.38497799999999,1.6108728251652311,1.6612994008176125,1.6451402281013217
21.386942000000033,1.6108728251652311,1.5876583813415077,1.6730010242383928
21.388922999999977,1.6092727231244843,1.5437644869244642,1.5673748312446065
21.390913000000012,1.6092727231244843,1.6305788853893308,1.5374455988339333
21.393238999999994,1.6092727231244843,1.6169536980362977,1.6954628353511225
21.394866000000036,1.6072808123885356,1.6178979353680987,1.6325987855426667
21.39684699999998,1.6072808123885356,1.5806862809337494,1.5802324989178629
21.398837000000015,1.6072808123885356,1.643776359785931,1.5528550409132218
21.40080899999998,1.604416730772388,1.59295860529889,1.5835984972571575
21.402907999999968,1.604416730772388,1.5409360146235753,1.6989348088660492
21.404777000000024,1.604416730772388,1.6710552051478327,1.5429779445352871
21.406758000000025,1.6013367593791683,1.6164117589640379,1.6941377941104707
21.40873399999998,1.6013367593791683,1.6617708270952514,1.5719305880577885
21.410721000000024,1.5985693191368238,1.639469009549081,1.5981756501399733
21.41304100000002,1.5985693191368238,1.6376808090664907,1.5995946291716938
21.41467799999998,1.5985693191368238,1.7128502572594726,1.6060489228153298
21.416657999999984,1.5962073147015532,1.6356300888858417,1.5207000812621505
21.418639999999982,1.5962073147015532,1.5309299704893096,1.7209040181137167
21.42062100000004,1.5962073147015532,1.5465403700269627,1.6328237597240969
21.42271900000003,1.5935111056015308,1.579348010841438,1.6351297951039547
21.42459200000002,1.5935111056015308,1.5210537838628977,1.5989580331340452
21.42656800000003,1.5935111056015308,1.5322129692124886,1.6068971285249092
21.428545000000042,1.591645471810196,1.6570065243870586,1.615275900477762
21.430529000000035,1.591645471810196,1.6336754042813464,1.609581014322012
21.432867000000044,1.590340239113182,1.6311531345098977,1.5464302496116695
21.434488999999985,1.590340239113182,1.5576816720884712,1.5579989592373904
21.436470000000043,1.590340239113182,1.5455526833135504,1.6397121424053112
21.438451999999984,1.5883064122495023,1.5738004181059198,1.659216345269736
21.44043300000004,1.5883064122495023,1.6379430198152622,1.5489051959053772
21.44253100000003,1.5883064122495023,1.5798793253329237,1.5769896837395145
21.444395999999983,1.5868998420076568,1.625245782747843,1.5739205444535087
21.446379999999976,1.5868998420076568,1.6693548960482472,1.6315902177122066
21.448356999999987,1.5868998420076568,1.5712452587155987,1.5805966133176697
21.450337999999988,1.5859235262108065,1.528882924141349,1.5699203288402126
21.452676000000054,1.5859235262108065,1.6769701189726507,1.5467942901618914
21.45430200000004,1.5845460981573112,1.6102169415415681,1.6321874804896552
21.456282999999985,1.5845460981573112,1.5390271544834009,1.5817104663511425
21.458263000000045,1.5845460981573112,1.5462612377506566,1.5690424907552702
21.46025400000002,1.5834063727266907,1.6362181445645247,1.5798682634821437
21.462342999999976,1.5834063727266907,1.573297539103154,1.6642386325397496
21.46420599999999,1.5834063727266907,1.5305170902129157,1.598002614310865
21.466203000000007,1.5816628276061093,1.5237566916941958,1.657758297924919
21.468174999999974,1.5816628276061093,1.6183000577469797,1.5349070288191684
21.47014999999999,1.5816628276061093,1.6105237970294204,1.5895933256300652
21.472488,1.5793452984956722,1.6622263125379233,1.5747480339365978
21.47411199999999,1.5793452984956722,1.453161345078785,1.7135759371748984
21.47609600000004,1.5793452984956722,1.5844894193775363,1.5808446907930251
21.47807300000005,1.5775670113283102,1.5361846190063777,1.5353930763326182
21.480056000000047,1.5775670113283102,1.5055971376695998,1.596189193189622
21.48216100000002,1.5775670113283102,1.5695641132192717,1.6059823392175478
21.48401800000005,1.5753976511954733,1.5938563839994588,1.6541040113150036
21.486004999999977,1.5753976511954733,1.6271136578955105,1.5570754000075921
21.487983999999983,1.572429713641409,1.661088787847512,1.6402093767423247
21.48996199999999,1.572429713641409,1.5218016327574186,1.5821993113708746
21.492299000000003,1.572429713641409,1.5852636855697695,1.59961573058588
21.493923999999993,1.5697401217189313,1.5443934638166474,1.6053714771460568
21.495916000000022,1.5697401217189313,1.504507819106681,1.567998955416616
21.497889999999984,1.5697401217189313,1.6291487166876195,1.4996344386783638
21.499866000000054,1.5665086472805192,1.6175245771514342,1.5790054843717258
21.50196599999998,1.5665086472805192,1.5844941787489975,1.5435629682404004
21.503839000000028,1.5665086472805192,1.5927968247227733,1.5109531602743633
21.50581900000003,1.5645101202757519,1.5454387948152635,1.575439614226877
21.50779799999998,1.5645101202757519,1.5819996049638925,1.519056915719793
21.509779000000037,1.5645101202757519,1.5731629766059718,1.5747007090778626
21.51210900000001,1.5622799640393605,1.5504845369981362,1.5666811262302747
21.513735000000054,1.5622799640393605,1.6001752509832434,1.5551170531649365
21.51572299999998,1.5601207233693024,1.5307112909471683,1.5142256942834054
21.517698000000053,1.5601207233693024,1.6122514504104577,1.4919046645118188
21.519678999999996,1.5601207233693024,1.6240908375028729,1.5712670549692764
21.521777999999983,1.559103854143064,1.5885607924058718,1.622972535224072
21.523640999999998,1.559103854143064,1.5666017573001916,1.5997388176367915
21.52563200000003,1.559103854143064,1.5478011236840492,1.4970777949608571
21.52760600000005,1.5568042730669152,1.5365779793310133,1.5384128618043011
21.529590999999982,1.5568042730669152,1.5745202713685702,1.5448705635160958
21.53192899999999,1.555859974567843,1.5115923117911474,1.494413542287304
21.533546,1.555859974567843,1.507373647702987,1.527852111410798
21.535536000000036,1.555859974567843,1.5092795348901473,1.5089329408898229
21.537509,1.554955061093982,1.5354222450101247,1.6347164360123618
21.53949,1.554955061093982,1.5100527484405646,1.5658295679975376
21.54159199999998,1.554955061093982,1.496121240227882,1.6297377729457032
21.543452000000002,1.5538070009024552,1.5176807567669108,1.5683587623775352
21.545444000000032,1.5538070009024552,1.5486982233339808,1.6263716685558391
21.547416999999996,1.5538070009024552,1.5390830628355188,1.485233639176295
21.549398000000053,1.5522753398031515,1.5638385291493035,1.6170754960661065
21.551733000000013,1.5522753398031515,1.60259488616486,1.5481888937076642
21.553368000000034,1.5522753398031515,1.565941535197807,1.547146835822789
21.555346999999983,1.550019133756214,1.4950892122925141,1.6018266408533455
21.557320000000004,1.550019133756214,1.6009454135800394,1.5476647057966808
21.559302000000002,1.5482630162089446,1.5427495908222981,1.5738647025897352
21.561402999999984,1.5482630162089446,1.5607803014736086,1.5038185454766657
21.563266999999996,1.5482630162089446,1.5669587111860184,1.6448013630114748
21.565260000000023,1.5465700248859422,1.5577628027638504,1.5073046911260628
21.567228999999998,1.5465700248859422,1.6365130661282494,1.4936632815992827
21.569214000000045,1.5465700248859422,1.5397224833678058,1.5030751078863451
21.57153500000004,1.543784785417141,1.5929905020417316,1.4823664444561793
21.573177999999984,1.543784785417141,1.5450835073371703,1.4534076847385506
21.57515699999999,1.543784785417141,1.5484265103916501,1.54860951406295
21.577133000000003,1.5406832363468919,1.525238768864835,1.4803634232254743
21.579116000000056,1.5406832363468919,1.4653839110357199,1.5063029126030663
21.581226000000015,1.5406832363468919,1.570566680857002,1.4350122927582998
21.583078000000057,1.5378859595110337,1.5735173811928753,1.6169311157888768
21.585073000000023,1.5378859595110337,1.3995515134726553,1.5636031104518746
21.587041,1.5355945995198226,1.5336646468031931,1.4314912354045657
21.589030000000037,1.5355945995198226,1.5408024409757728,1.5267916156114167
21.59136600000005,1.5355945995198226,1.5349404821035437,1.5261066044270983
21.592982000000006,1.5329473928058137,1.555281444511884,1.525167516550602
21.59497700000003,1.5329473928058137,1.5132811862664801,1.5510835194161392
21.596955999999977,1.5329473928058137,1.5421468931894646,1.4572835344476387
21.598934999999983,1.5311586644740602,1.6182976767851263,1.4821484490851278
21.601032999999973,1.5311586644740602,1.4481573827409457,1.5054114406751984
21.602889000000005,1.5311586644740602,1.5570495490889062,1.557230985081189
21.604885000000024,1.5298333972789182,1.5133190755518073,1.511918936573151
21.606852000000003,1.5298333972789182,1.5045939596110185,1.540145930176943
21.608834,1.52826091523844,1.593720583219854,1.4656238560977675
21.611162999999976,1.52826091523844,1.531825485196897,1.491461479829344
21.612795000000062,1.52826091523844,1.518636096676169,1.5636706316915776
21.614791000000025,1.5273839053911598,1.5341308536551952,1.554298903753012
21.616760999999997,1.5273839053911598,1.4718977090721785,1.5422621492956534
21.618736000000013,1.5273839053911598,1.5904728814817226,1.5665177950460916
21.620834000000002,1.5264229538850786,1.5537056549503512,1.5555823938175757
21.62269900000001,1.5264229538850786,1.4939141216552032,1.500577707656921
21.62468899999999,1.5264229538850786,1.5023929646028389,1.5543292279722236
21.626668999999993,1.5252433540990422,1.5281546875893417,1.5315151326965437
21.628646000000003,1.5252433540990422,1.5695198856610446,1.512140564003075
21.630999999999972,1.5239782474351014,1.4790057133273065,1.5046713659428257
21.632607000000007,1.5239782474351014,1.4829977907057703,1.5768812700375816
21.634595000000047,1.5239782474351014,1.5519378587065544,1.5612133953933902
21.636567000000014,1.5228138546771013,1.4948007548601334,1.4994629941514825
21.638551000000007,1.5228138546771013,1.505360823152984,1.4890312131338472
21.64066200000002,1.5228138546771013,1.538977411314632,1.4964825093772107
21.642510000000016,1.5204782213970496,1.4415921301802863,1.5579775433631247
21.644502000000045,1.5204782213970496,1.562731212076055,1.4712090540115557
21.646472000000017,1.5189494606596663,1.485569873347115,1.513644334792321
21.648453000000018,1.5189494606596663,1.6159859588837993,1.5512287020266289
21.65078699999998,1.5189494606596663,1.6118310225228074,1.5402466069450018
21.652420000000063,1.5189494606596663,1.589249191095766,1.5422891365704139
21.65441000000004,1.5162122217611178,1.4777571665580216,1.4413083771327495
21.656380000000013,1.5162122217611178,1.463689592140409,1.5359985780868404
21.658367999999996,1.5137834308433333,1.5019057241210942,1.4763022440577043
21.660466999999983,1.5137834308433333,1.556018864025777,1.4912874218608756
21.662320999999963,1.5137834308433333,1.5547065706687495,1.4353845272104642
21.664311000000055,1.5110060161929124,1.5023192389385842,1.5603547838270884
21.66628400000002,1.5110060161929124,1.3891613353228291,1.5388441501625594
21.668274000000054,1.5110060161929124,1.5184288229632772,1.4777954922316066
21.670614999999998,1.5087232642533939,1.431216792302712,1.5287430422189554
21.672234000000003,1.5087232642533939,1.5223470423021033,1.548289470281049
21.674217,1.5063232142228118,1.5054687569126408,1.5692948784294476
21.67619000000002,1.5063232142228118,1.4550900609806512,1.5339762130260226
21.67817100000002,1.5063232142228118,1.5953688931132899,1.4830531232508724
21.68026900000001,1.5044637583806406,1.5086994263934144,1.451079958627976
21.682136999999955,1.5044637583806406,1.5398199381329096,1.6126068182517221
21.684114000000022,1.5044637583806406,1.5574678725635638,1.487607035811048
21.686097000000018,1.5034579241243855,1.4653588030022002,1.502673297383763
21.688076999999964,1.5034579241243855,1.5166400082131624,1.5246815570867673
21.690417000000025,1.5034579241243855,1.4316012456152776,1.548277838705813
21.692042000000015,1.502238049897127,1.4965423669267268,1.4942961184958556
21.69403299999999,1.502238049897127,1.4661929495246449,1.551475046507447
21.69600300000002,1.500891799745037,1.496155963057974,1.6302251907984215
21.697982000000025,1.500891799745037,1.4934627382132752,1.4888074902826467
21.70008100000001,1.500891799745037,1.4614133580411561,1.5313426813645796
21.701945000000023,1.5007697990302238,1.547015535503332,1.4570182571938188
21.703935,1.5007697990302238,1.5260846058023105,1.4840165140042696
21.705907000000025,1.5007697990302238,1.4951263206423462,1.4640559632843175
21.707888000000025,1.4995381695603074,1.6272411636487885,1.4498506970994929
21.71023200000002,1.4995381695603074,1.4431072691610858,1.4504305509401616
21.71185399999996,1.4995381695603074,1.4367317084447728,1.5703498157795877
21.713840000000005,1.4989083883126286,1.5720928179056837,1.5868224862026579
21.715814000000023,1.4989083883126286,1.5445182007315583,1.5656428699528173
21.71779399999997,1.4989083883126286,1.5562254557085733,1.4954443014702559
21.71989100000002,1.4970808789674397,1.5694908140299286,1.5413552569179774
21.721761000000015,1.4970808789674397,1.5668985532267634,1.430837479513232
21.723747000000003,1.4952494838954153,1.454817665717514,1.3615659216867084
21.72572100000002,1.4952494838954153,1.4885294823568844,1.4808106959057898
21.72769900000003,1.4952494838954153,1.531020846507183,1.5071192688413388
21.73004500000002,1.493928996991778,1.4276790826187618,1.4823021095584623
21.731667000000016,1.493928996991778,1.459132866055449,1.5064561033588566
21.73364300000003,1.493928996991778,1.583664596621319,1.499317516432685
21.73562800000002,1.4916607820595267,1.4335921623898462,1.4703278541753984
21.73760500000003,1.4916607820595267,1.5172321066706882,1.4715725380064033
21.739704000000017,1.4916607820595267,1.4948443162882512,1.5121637636904737
21.741567000000032,1.4894385337108338,1.5128011851233871,1.5807694936444623
21.743555000000015,1.4894385337108338,1.4276864685738029,1.4718699956116155
21.745539000000008,1.4864753498978385,1.5116773953904656,1.5536311518200396
21.747511999999972,1.4864753498978385,1.4021283813978656,1.455004015843452
21.74984599999999,1.4864753498978385,1.4702505406053683,1.4524187163209774
21.75147800000002,1.4864753498978385,1.4805587400430937,1.5322971658075417
21.75348200000002,1.4864753498978385,1.4985207731747239,1.5679805455212488
21.75543399999998,1.4841129221424012,1.545173351309284,1.4363825932578096
21.757417000000032,1.4820835065464018,1.4389498663554228,1.3882234517167207
21.759524999999996,1.4820835065464018,1.5283105352966657,1.4646336978417644
21.761379000000034,1.4820835065464018,1.5533708215375936,1.547717966090369
21.76335899999998,1.4804178737484845,1.443995122756486,1.5008988145155189
21.765344000000027,1.4804178737484845,1.3978539023770808,1.3976573355498412
21.767322000000036,1.4804178737484845,1.4642734974994007,1.4513950607711081
21.769648000000018,1.4791905477383576,1.5375155461551968,1.4935100692646415
21.77128799999997,1.4791905477383576,1.5423833390375485,1.5367704003562523
21.773275000000012,1.4791905477383576,1.4435591384830795,1.466135821573274
21.77524600000004,1.4778866959163497,1.4858898813828265,1.5119766762173972
21.77722799999998,1.4778866959163497,1.514893444559502,1.5162824861059325
21.779336999999998,1.476653037558768,1.5271174402767367,1.4839626668224764
21.78119099999998,1.476653037558768,1.5138824596532818,1.4666899368287516
21.783172000000036,1.476653037558768,1.5479835359370584,1.5126722242182322
21.785161000000016,1.476465717774335,1.5165537492661039,1.4568860811625959
21.787134000000037,1.476465717774335,1.4747785738965002,1.4480350010955083
21.78948300000002,1.475800401123334,1.4892920224565571,1.403509321017434
21.79109600000004,1.475800401123334,1.4875755406567746,1.3548140108450695
21.793087000000014,1.475800401123334,1.5101792727074859,1.4083501547382578
21.795065999999963,1.4746524490957198,1.4039192485656686,1.473102069177988
21.797040000000038,1.4746524490957198,1.445408868162935,1.5392601675323112
21.799138000000028,1.4746524490957198,1.492654870820103,1.4954998363609449
21.80100200000004,1.4737857798601308,1.5179513950252053,1.5382431411227848
21.802988000000028,1.4737857798601308,1.5212731433315398,1.4640518661578263
21.80496400000004,1.4737857798601308,1.3560849540378568,1.490266780364457
21.806955000000016,1.4726827033258012,1.5337051611653043,1.4479405471402893
21.809275000000014,1.4726827033258012,1.4802428618385746,1.3661672935603955
21.810911000000033,1.4726827033258012,1.3975143480692183,1.41104696173359
21.81289800000002,1.4714000280638246,1.4379681936513204,1.4415038714272834
21.814869999999985,1.4714000280638246,1.391188675900926,1.485226052195311
21.816857000000027,1.4714000280638246,1.4887904867523707,1.3982685129617638
21.818948000000034,1.4696417466714706,1.4507225786683349,1.487533530497825
21.820813000000044,1.4696417466714706,1.4452250048539763,1.489705320955668
21.82280400000002,1.4696417466714706,1.583106883331893,1.3953684005695621
21.824784000000022,1.4671730652392587,1.4960122324895984,1.5011362402709085
21.826757000000043,1.4671730652392587,1.5184520027877,1.457367163802683
21.829103999999973,1.464895807101892,1.4537281323921702,1.3932991584398111
21.830727000000024,1.464895807101892,1.467433281626121,1.463663090471304
21.83270699999997,1.464895807101892,1.4616577877566734,1.4055365379767637
21.83467999999999,1.4628516437619443,1.5113726559152907,1.5197836707885592
21.836662999999987,1.4628516437619443,1.5107999543725408,1.3711882650304699
21.838775999999996,1.4628516437619443,1.4695380398129478,1.5100969939950712
21.84062399999999,1.461068553843006,1.4186877827193394,1.542157715871252
21.842606000000046,1.461068553843006,1.5300536531300295,1.5312937849825674
21.84458699999999,1.4594462488562534,1.4661683463034905,1.5197786725225397
21.846568000000048,1.4594462488562534,1.3694624176436045,1.4368056811547738
21.848896000000025,1.4594462488562534,1.5839706155732316,1.4572707017317148
21.85053099999999,1.4585456592768455,1.4776520160615503,1.4661536170052063
21.852516999999978,1.4585456592768455,1.4638377731261776,1.3953783426176256
21.85449299999999,1.4585456592768455,1.366437219733531,1.4968598391456451
21.85647899999998,1.4579539508700292,1.4992331696022567,1.4899666312943274
21.858573000000035,1.4579539508700292,1.389028332334502,1.474857136569222
21.860445999999968,1.4579539508700292,1.548500578887729,1.3780798903787639
21.862416999999994,1.4574751436322648,1.346075966313678,1.4953755676533538
21.86439900000005,1.4574751436322648,1.4999601887755198,1.477757351060776
21.86638800000003,1.4574751436322648,1.5340608874123909,1.4156883174712012
21.868716000000006,1.457293408561563,1.4700731277641934,1.45910441145039
21.870341999999994,1.457293408561563,1.4641276594100585,1.5353691402615026
21.872337000000016,1.4567106407839654,1.4726300324162969,1.4882697108943477
21.87431300000003,1.4567106407839654,1.3690598435558323,1.5218510229516444
21.876285999999993,1.4567106407839654,1.4295404001505154,1.5421746666134024
21.87838400000004,1.4560301051200728,1.470847332613311,1.4405611389968362
21.880247999999995,1.4560301051200728,1.499763238545781,1.4395669345204192
21.88223800000003,1.4560301051200728,1.5004036559138685,1.4573882818400496
21.884209,1.4553208723162554,1.4052204788555203,1.3484628048705989
21.886190999999997,1.4553208723162554,1.4945019456145345,1.502977695023718
21.888536999999985,1.4553208723162554,1.4911411291588141,1.4750959951045763
21.890152999999998,1.4537158282693297,1.3517251662621763,1.41517467540569
21.892139000000043,1.4537158282693297,1.3770454824700749,1.4412444795823938
21.894123000000036,1.4527701276896268,1.4998256108475156,1.384103433179808
21.896096999999997,1.4527701276896268,1.4532699596154728,1.5066283402776264
21.898195999999984,1.4527701276896268,1.5099071395172783,1.4531539031760417
21.900059,1.4527701276896268,1.5509982323590823,1.4807373031060542
21.902049999999974,1.4508360359703723,1.515206578626161,1.4531443572903238
21.904021999999998,1.4508360359703723,1.4263048715812479,1.5351170383533077
21.906002000000058,1.4485216238926624,1.428003121987876,1.396070902795071
21.90834799999999,1.4485216238926624,1.4440829250216192,1.4001268304756633
21.909965,1.4485216238926624,1.4782011730830211,1.3839813540013441
21.911951999999985,1.4466807106611428,1.5080375005060254,1.4888318015699276
21.913937000000033,1.4466807106611428,1.3618120842535337,1.3468594842554555
21.915917999999976,1.4448720339798236,1.4520488595441705,1.3541498840373165
21.918007000000046,1.4448720339798236,1.492145951382713,1.4122622700943928
21.919871000000057,1.4448720339798236,1.5096413123252754,1.4922807228006887
21.921861000000035,1.443261702528678,1.5077127480766004,1.4829880993783628
21.923834,1.443261702528678,1.3583875118393198,1.3871483149923571
21.925814000000003,1.443261702528678,1.3569926568802788,1.3473062384511163
21.928139999999985,1.442342023090307,1.4675228424934736,1.5279748043631625
21.929785000000038,1.442342023090307,1.5304132407488225,1.4157369109225009
21.931764000000044,1.442342023090307,1.4566505336336188,1.48488999387168
21.933738000000005,1.4415014698787225,1.4412677254670856,1.4844601088159983
21.935730000000035,1.4415014698787225,1.382576428884965,1.3882467987666003
21.93783000000002,1.4408353753595704,1.406349494570445,1.4189446618275714
21.939683000000002,1.4408353753595704,1.3953931592932869,1.4821024184599778
21.94167200000004,1.4408353753595704,1.428644426305911,1.4307474689247264
21.943648000000053,1.44123308440913,1.4103249192149205,1.3686988053115514
21.945626000000004,1.44123308440913,1.4717453898510064,1.4361972435895267
21.947962000000018,1.44123308440913,1.5057749215393041,1.4176776197532344
21.949592999999993,1.4409862248411696,1.4274259432603897,1.489171689977661
21.951573000000053,1.4409862248411696,1.41557002162061,1.477838225192691
21.953557000000046,1.4409862248411696,1.412369816589279,1.3897082766193622
21.95553000000001,1.4406812167094514,1.5297019637691718,1.447540151953567
21.95763900000003,1.4406812167094514,1.3857264618145697,1.3508858064792766
21.959494000000007,1.4406812167094514,1.4491956153418408,1.392986646176991
21.961474000000067,1.439462147364712,1.383826829495326,1.52005448690927
21.963461999999993,1.439462147364712,1.344546629051294,1.4438511644633634
21.96544700000004,1.4396856321869393,1.4189572062248028,1.509376233079706
21.96777000000003,1.4396856321869393,1.443953123016755,1.4557140512248887
21.969400000000007,1.4396856321869393,1.394351611855562,1.4713520373233009
21.97139500000003,1.437135132343161,1.3876209277070426,1.441474642735778
21.973365,1.437135132343161,1.3765350240799776,1.33661416008857
21.97534300000001,1.437135132343161,1.423832166804195,1.458564241486246
21.977442000000053,1.4357884813911919,1.4266559713896005,1.499250962165881
21.979315999999983,1.4357884813911919,1.5081176728467394,1.476386714500388
21.981288000000006,1.4357884813911919,1.4799701015674618,1.3357118985936633
21.983269000000007,1.4337227494920493,1.4310092523239692,1.4765333051414917
21.985251000000005,1.4337227494920493,1.3692429879409194,1.4269508483306503
21.98760299999998,1.4337227494920493,1.373796059604331,1.412142232301721
21.98921200000001,1.4322035705750407,1.4573923501984423,1.4150772917561802
21.991195000000005,1.4322035705750407,1.545603814234375,1.4342060470038724
21.993182000000047,1.4307214954365692,1.4193519516235693,1.3903043217494522
21.99516399999999,1.4307214954365692,1.3440364188120466,1.4306784814402136
21.997255999999993,1.4307214954365692,1.464657881008481,1.4630779266557892
21.999119000000007,1.4303631791590743,1.4887313594774325,1.4491917806808603
22.001100000000008,1.4303631791590743,1.4468777555328551,1.458272497131655
22.003082000000006,1.4303631791590743,1.427309012091654,1.5042631676403873
22.005061000000012,1.4288709154814976,1.390598116096989,1.4298850603911788
22.00739699999997,1.4288709154814976,1.383178621056621,1.4584479075891061
22.00902500000001,1.4288709154814976,1.4510001442719151,1.4048677672666665
22.011004000000014,1.4288400589165755,1.3836521539019977,1.4474951435962673
22.01298700000001,1.4288400589165755,1.4456876645947412,1.447289620410489
22.014972,1.429169497892772,1.3887147257360755,1.3828511480553396
22.017064000000005,1.429169497892772,1.4761078179779377,1.4046815756371362
22.01893100000001,1.429169497892772,1.4088572914049327,1.3781646844197226
22.020910000000015,1.429526746887053,1.424007456484082,1.4371209838071244
22.022892000000013,1.429526746887053,1.4520877335072189,1.4264548481358192
22.02487400000001,1.429526746887053,1.488976371634449,1.483077358896699
22.027217000000007,1.4287401684915277,1.4671444580281503,1.4653280897632155
22.028836000000013,1.4287401684915277,1.4335073223448638,1.4418055050869343
22.03082599999999,1.4287401684915277,1.4314066669617507,1.4665338564780357
22.032798000000014,1.4281427214940905,1.3725377815820798,1.4557576254717013
22.03478400000006,1.4281427214940905,1.4155250887872721,1.4769042101538092
22.036891000000026,1.4283892172253732,1.500487823050192,1.4802834622157597
22.03873900000002,1.4283892172253732,1.4348060172025199,1.5276437053599048
22.040726000000006,1.4283892172253732,1.3910116692665206,1.473299581169021
22.042701999999963,1.425927237916785,1.464157843394769,1.3732709497400406
22.044684000000018,1.425927237916785,1.4350792852158143,1.4953545934658998
22.047009000000003,1.425927237916785,1.330723677306174,1.3981862186762237
22.048654999999997,1.4245754179363717,1.3817261070815612,1.5211516465781363
22.05062700000002,1.4245754179363717,1.3646219586662107,1.4117362958550301
22.05260800000002,1.4245754179363717,1.372821181149593,1.5089005007946727
22.054587999999967,1.423138494671028,1.3906049574635027,1.374032865128311
22.056692999999996,1.423138494671028,1.4546454123705694,1.5035729873451762
22.058553000000018,1.421176078926739,1.3729808322350427,1.513510224391212
22.060532000000023,1.421176078926739,1.3543082664056987,1.5232357514614485
22.062513000000024,1.421176078926739,1.4580559697659108,1.4991259839245588
22.064494999999965,1.4200092374755926,1.413766686606279,1.441267674957478
22.066831999999977,1.4200092374755926,1.4626216531868377,1.4298951133531714
22.068456999999967,1.4200092374755926,1.4265101432332858,1.4396519582476208
22.07044400000001,1.4188271624012738,1.6048508833379413,1.3730665717570236
22.072418999999968,1.4188271624012738,1.4109594549128437,1.4167809556117856
22.074400000000026,1.4188271624012738,1.3768366000446493,1.4756038327326384
22.076498000000015,1.4179205108289032,1.4302149467075718,1.5118863018959448
22.078373999999997,1.4179205108289032,1.4016369684457535,1.4089431023343453
22.08035000000001,1.4179205108289032,1.4345640060368932,1.410086519524399
22.08232400000003,1.4183770824724407,1.4025088512673987,1.5066244049691508
22.084311000000014,1.4183770824724407,1.4786331382121427,1.4174157439112285
22.086645000000033,1.4183770824724407,1.4812448663047293,1.3848814276378352
22.088266999999973,1.4183181019964253,1.3884249011700696,1.4845621314896789
22.09025300000002,1.4183181019964253,1.4538795543214713,1.4262270939017316
22.092236000000014,1.4181490744475658,1.462685343203782,1.4444936658116878
22.09421199999997,1.4181490744475658,1.4703960920147203,1.4143046472345768
22.096310000000017,1.4181490744475658,1.3490551869481358,1.4502416414947772
22.09817300000003,1.418433582052437,1.43941604750521,1.3667418384992842
22.10016200000001,1.418433582052437,1.3663557620295899,1.4094666034081147
22.10213699999997,1.418433582052437,1.3929030141523253,1.426336597149495
22.10411700000003,1.4174540037418741,1.4222183314848464,1.3952406101729062
22.106454999999983,1.4174540037418741,1.3864973296242247,1.4585003837734944
22.10808000000003,1.4189956144242464,1.4196150204420008,1.5108047872838868
22.11006100000003,1.4189956144242464,1.461691481593603,1.4569969189636045
22.112052000000006,1.4189956144242464,1.4342382156141347,1.4168643140604174
22.114026000000024,1.4165407610234826,1.393126951694664,1.3971399210029343
22.11612200000002,1.4165407610234826,1.4255285700846334,1.3253152631729093
22.11798600000003,1.4165407610234826,1.4273533918260077,1.3773546915328116
22.119981999999993,1.4155535391241656,1.444236752798246,1.3996091579586765
22.12194800000003,1.4155535391241656,1.3678575231182477,1.455497781077692
22.123928999999976,1.4155535391241656,1.4017527011385926,1.3815909824565071
22.126254000000017,1.414465657248809,1.4153338425637296,1.4453390807549653
22.127891999999974,1.414465657248809,1.4936028770937546,1.4792286450655163
22.129873000000032,1.414465657248809,1.375403593954115,1.3867343741720781
22.13185299999998,1.4166158793811632,1.4302919677269692,1.433301909885694
22.133835000000033,1.4166158793811632,1.3917512994036871,1.480875695570482
22.13593400000002,1.4166158793811632,1.3655547906067103,1.4194697784193069
22.137798000000032,1.4140753305817209,1.4345493434429755,1.4151450826485954
22.139785000000018,1.4140753305817209,1.3852244436988652,1.3948684875150659
22.141759000000036,1.4147217875826725,1.4645571176140806,1.385878925172368
22.143741000000034,1.4147217875826725,1.374476651509452,1.3539691170139236
22.146075999999994,1.4147217875826725,1.41002294754612,1.3848219472998202
22.147703000000035,1.4155437057653981,1.4285495433370534,1.4089450655050229
22.14969000000002,1.4155437057653981,1.4151796459011492,1.434121132352372
22.151674000000014,1.4155437057653981,1.345168980849787,1.475343183864904
22.15364500000004,1.416436219863281,1.3502200191190707,1.3534412001027107
22.155744999999968,1.416436219863281,1.4408582195313366,1.3591068115881308
22.157617000000016,1.4176464771270498,1.4802230725131744,1.4861820984710314
22.159590000000037,1.4176464771270498,1.3551347073611386,1.4001024902276233
22.16157800000002,1.4176464771270498,1.2998758104217596,1.449170648013057
22.163560000000018,1.419462977113785,1.4401381431023557,1.4705543292935417
22.16587800000002,1.419462977113785,1.4480246207755691,1.4458071610735925
22.16751400000004,1.419462977113785,1.460798762997271,1.4206981497049862
22.169494999999984,1.419740933721252,1.4394782233867118,1.458705018972472
22.17147699999998,1.419740933721252,1.4542415646856837,1.4287398359560817
22.17345800000004,1.419740933721252,1.5172619413556583,1.3990335554637634
22.17555600000003,1.419893765562794,1.388063966132842,1.4210156210269114
22.177430000000015,1.419893765562794,1.478097388482032,1.408310280776133
22.17940900000002,1.420304858962785,1.512093354399797,1.432766975128771
22.181389000000024,1.420304858962785,1.4255797120069846,1.374095276670228
22.183363999999983,1.420304858962785,1.4098682205865307,1.475488889395292
22.185705999999982,1.4199314917304575,1.3907159736085775,1.4179916637556431
22.187324999999987,1.4199314917304575,1.353673131672297,1.3732515970157857
22.189307000000042,1.4199314917304575,1.2670473083172957,1.388884029274107
22.191287999999986,1.4200705520144077,1.4770860578159273,1.379063462393119
22.19327000000004,1.4200705520144077,1.3972588742043885,1.3700327224114737
22.19536800000003,1.4200705520144077,1.4119560829821796,1.5001999226670786
22.197231000000045,1.4194453657567594,1.3699255805871986,1.482041713375217
22.199212999999986,1.4194453657567594,1.41157067305426,1.367010514347973
22.201212999999996,1.4194453657567594,1.474066961802682,1.3739716143934784
22.20318400000002,1.4188415399091188,1.3866861566923023,1.3729419918747885
22.205510000000004,1.4188415399091188,1.513229155757828,1.4436171248412852
22.207146000000023,1.4188415399091188,1.4080014742183724,1.428957959884348
22.209127000000024,1.4182387311536981,1.423777660487884,1.4379776046052317
22.211100000000044,1.4182387311536981,1.4686833339023369,1.3709478549915644
22.21308099999999,1.4176768506319632,1.4614419134590753,1.3599123194344607
22.21518500000002,1.4176768506319632,1.4625362776392277,1.391024451145591
22.21704299999999,1.4176768506319632,1.5458282633841092,1.4558044622925113
22.219024000000047,1.4174045359622724,1.46089582678697,1.533069491481414
22.22101699999996,1.4174045359622724,1.425213705425697,1.3559505365209616
22.22298999999998,1.4174045359622724,1.4615459311023604,1.479700233625531
22.225342000000012,1.4171477862823774,1.3762259674593063,1.449390092965239
22.226959000000022,1.4171477862823774,1.4269573706987682,1.3728832925339423
22.22892999999999,1.4171937885613357,1.5283518957856788,1.4411698238012982
22.230910999999992,1.4171937885613357,1.3975837286899455,1.4267536128683818
22.232902000000024,1.4171937885613357,1.4547277726388559,1.4294202386642345
22.23500100000001,1.4177323708153255,1.3894909831118918,1.4550899522038743
22.236855000000048,1.4177323708153255,1.3747568587291656,1.5083444430071116
22.238835999999992,1.4177323708153255,1.3923823433139917,1.453102348452028
22.240820999999983,1.4185619899335695,1.5037706545202603,1.4258640130012945
22.24279999999999,1.4185619899335695,1.4393776817302952,1.3908789678349414
22.245137,1.4189461559119847,1.4061578901173963,1.4154434671493439
22.246758999999997,1.4189461559119847,1.4060845866521172,1.4334473892830282
22.248741000000052,1.4189461559119847,1.4071393976457738,1.4049624183104792
22.250733000000025,1.4189461559119847,1.4261540594043056,1.4596493717073176
22.252711999999974,1.419235664072549,1.3760828211142355,1.5076829723589324
22.25480200000004,1.419235664072549,1.4448677351251114,1.3451543621426414
22.256676000000027,1.419235664072549,1.473123821152389,1.391110710585884
22.258646,1.4198521858567474,1.4151601109621141,1.5066098857149341
22.260628999999994,1.4198521858567474,1.3540489833438578,1.4258760862641102
22.262616000000037,1.4206377183149463,1.4335357682494243,1.4803462682463688
22.26494600000001,1.4206377183149463,1.358910212950387,1.3708672237051256
22.266572000000053,1.4206377183149463,1.3484748508170095,1.4432989012654338
22.268552999999997,1.4214692182329385,1.457057896179464,1.408753926750918
22.270538999999985,1.4214692182329385,1.3034638173858057,1.4200852557274088
22.27252500000003,1.4214692182329385,1.4295991499975809,1.4057576638128935
22.274616000000037,1.4221930018447535,1.4655295887259907,1.5040260054392527
22.276477,1.4221930018447535,1.530125525698831,1.398207998717866
22.278467999999975,1.4221930018447535,1.3380435264933495,1.4792937555446153
22.28044,1.422578054544556,1.4041537681392693,1.4260656961647897
22.28242799999998,1.422578054544556,1.382080432112099,1.512055094184941
22.284761000000003,1.4224159191828094,1.447211054271927,1.4543484635562867
22.286384999999996,1.4224159191828094,1.3729310964649204,1.357109807993857
22.288364,1.4224159191828094,1.533408207128015,1.4293394496224336
22.290345000000002,1.4221280633099769,1.3736701618858462,1.414119939910494
22.292333000000042,1.4221280633099769,1.4270383153906758,1.4539172305626125
22.29442899999998,1.4221280633099769,1.4534522686264018,1.431398812043222
22.296288000000004,1.422089364029813,1.449214633270289,1.3468399091818906
22.29827300000005,1.422089364029813,1.4103034060734594,1.4056846288580997
22.300251000000003,1.422089364029813,1.338569152085164,1.3998319728154993
22.302239999999983,1.4215381889640955,1.4084043788485674,1.421680866390689
22.304584000000034,1.4215381889640955,1.3432582367169386,1.4378722758800813
22.306205000000034,1.4215381889640955,1.4172451434057094,1.458214103383744
22.308183999999983,1.4206135524179389,1.4359470985729088,1.4493318257769368
22.310157000000004,1.4206135524179389,1.3946237587171812,1.3004246886540203
22.312138000000004,1.4198460139826463,1.397313395975064,1.4469134481336738
22.31423699999999,1.4198460139826463,1.3630675546415212,1.4884678065647807
22.316100000000006,1.4198460139826463,1.553057459079189,1.428479501955861
22.318082000000004,1.4193005959319835,1.4472691304211953,1.3892782559680772
22.320062000000007,1.4193005959319835,1.358168057284633,1.3763010296936864
22.322044000000005,1.4193005959319835,1.3653757290351571,1.464149410719805
22.324374999999975,1.4184863046547456,1.441374189935021,1.435852722096632
22.32600500000001,1.4184863046547456,1.3210079316860008,1.3905842435315074
22.32799700000004,1.4184863046547456,1.3778444516972466,1.4271748737175318
22.329976999999985,1.417795990005809,1.4607605061406785,1.3980767170719177
22.331950000000006,1.417795990005809,1.4660352160197456,1.3963226512856028
22.334047999999996,1.417217574772093,1.4315200324642638,1.419246769020225
22.33591899999999,1.417217574772093,1.4164880539584697,1.4268936135570836
22.337893000000008,1.417217574772093,1.4966541087464127,1.3801514974213187
22.33987400000001,1.4175474865240438,1.3618772812316975,1.400085250265421
22.34185500000001,1.4175474865240438,1.3833495320892213,1.5035052645398488
22.344217000000015,1.4175474865240438,1.5015178591747376,1.3717281324689787
22.345830000000035,1.4179793035911723,1.4128901597746382,1.428869201420526
22.34779900000001,1.4179793035911723,1.4440924770151398,1.447804685763686
22.349788999999987,1.4179793035911723,1.4235442023430542,1.388749777491298
22.351765,1.4194215160343746,1.5596791092555187,1.3929351202650622
22.353861999999992,1.4194215160343746,1.393409422339149,1.3840062400670186
22.355723000000012,1.4187839300128904,1.4676931536457747,1.3689986216161973
22.357714000000044,1.4187839300128904,1.3306007091655405,1.4907735198651644
22.359686000000067,1.4187839300128904,1.4330578304360708,1.3969386828680073
22.36166700000001,1.4197698202030944,1.4780346199343422,1.419366385070554
22.36400900000001,1.4197698202030944,1.464647738717373,1.3747882155512203
22.365635999999995,1.4197698202030944,1.4466857943781906,1.4387469582824666
22.367609000000016,1.421097006972208,1.4614956882397503,1.3922892777827416
22.36959200000001,1.421097006972208,1.3885711637349076,1.458163512821005
22.371573000000012,1.421097006972208,1.4621633327150738,1.3756592658066698
22.373672999999997,1.4219326451607985,1.5216347602841211,1.5025854606203886
22.375541,1.4219326451607985,1.3903701008581415,1.3927323369049105
22.377520000000004,1.422640949180169,1.5059327945688776,1.4386143514353518
22.379497000000015,1.422640949180169,1.4295820308908016,1.4399304809773683
22.381479000000013,1.422640949180169,1.4441061260164108,1.4664014306068096
22.383825,1.42297140149935,1.3002328330433248,1.350485595241146
22.385442000000012,1.42297140149935,1.3627803292826168,1.3766818610071752
22.387422000000015,1.42297140149935,1.4211346247619425,1.4044652859728892
22.389410999999996,1.4228364076289146,1.4815392957085916,1.47889756996578
22.391384000000016,1.4228364076289146,1.3962357534345742,1.4130578063166988
22.393485000000055,1.4228364076289146,1.386644477971599,1.507323403751297
22.395357999999987,1.4222916089887379,1.3982124940871845,1.5243273192317828
22.397328000000016,1.4222916089887379,1.5261217958544782,1.4205688135647458
22.39931999999999,1.4222916089887379,1.4739451008984432,1.5288782498119555
22.401301000000046,1.4214713015033111,1.4100038475165175,1.4039302079951437
22.403617999999994,1.4214713015033111,1.4222949715107744,1.4335861797158664
22.405260999999996,1.4215648119203472,1.3127273813899782,1.439501459069923
22.40723300000002,1.4215648119203472,1.3715778043724505,1.4910931549422777
22.409217000000012,1.4215648119203472,1.3720789370741626,1.4759926571921482
22.411197000000016,1.4206902576945881,1.4086051879266326,1.4183984153850586
22.413297,1.4206902576945881,1.4836656163754711,1.3916593981281649
22.415161000000012,1.4206902576945881,1.4051024632660507,1.4403128168659662
22.417140000000018,1.4202400628975334,1.36279021558487,1.4521928360041074
22.419123000000013,1.4202400628975334,1.4005398646117262,1.4829582747618448
22.42111299999999,1.4200371401291985,1.4046181962827302,1.5020968084390312
22.423432000000048,1.4200371401291985,1.4109959119590316,1.4070678991577446
22.42506800000001,1.4200371401291985,1.4155874615150752,1.3932669393395236
22.427063000000032,1.4205477656349246,1.445062187085662,1.4447025392588995
22.42902799999996,1.4205477656349246,1.3699060336915487,1.3563522886529296
22.43101200000001,1.4205477656349246,1.4926658214860153,1.498821094548639
22.43307599999997,1.4212729638585806,1.3784749804120486,1.3807029395385575
22.43497500000001,1.4212729638585806,1.441162849249094,1.4271459294936
22.43695600000001,1.4212729638585806,1.3683873227774452,1.3541382410480494
22.438934000000017,1.4229354667997662,1.3723818939629715,1.3876573082375454
22.440917000000013,1.4229354667997662,1.4791996041375763,1.4549761822560856
22.443210000000022,1.4229354667997662,1.4623066680756875,1.3750455902593108
22.444882000000064,1.4232413501098513,1.4839887922872594,1.4038615697860002
22.446868999999992,1.4232413501098513,1.4760550223231124,1.5079022343532709
22.448846000000003,1.4232413501098513,1.3253533275386586,1.4471764017193791
22.450820999999962,1.4239539452365793,1.4515763397986408,1.4055646273633293
22.452891000000022,1.4239539452365793,1.432385532492434,1.3552184764914081
22.454784000000018,1.4251373834459926,1.3724040516914582,1.4873075682053485
22.45676900000001,1.4251373834459926,1.388597645126173,1.510167296636624
22.458744999999965,1.4251373834459926,1.372642626104754,1.3141383590505245
22.460726000000022,1.426520709010289,1.4512078927545176,1.3567198536448961
22.46302700000001,1.426520709010289,1.4777415745654825,1.4692619633499784
22.464698000000055,1.426520709010289,1.4279030346470596,1.392778469887612
22.466677000000004,1.4277539824148346,1.3353019774533716,1.475675194335806
22.468650000000025,1.4277539824148346,1.4177236921741334,1.4001509248544628
22.470641,1.4277539824148346,1.3476996933405534,1.4955728678398885
22.47270199999997,1.4285576830157858,1.5434136136347703,1.3600930935326718
22.474594000000025,1.4285576830157858,1.4808702404234064,1.4151161203582523
22.476575000000025,1.4294480576535076,1.474625827765452,1.4157610814104873
22.478560000000016,1.4294480576535076,1.3541490938737302,1.4640389188750291
22.480537999999967,1.4294480576535076,1.478800518409572,1.4299364608058975
22.48282599999999,1.4301076595385134,1.442460241337346,1.4168296553767379
22.484505000000013,1.4301076595385134,1.419758759098661,1.4117133993982816
22.486485000000016,1.4301076595385134,1.4519358595631846,1.3334342366970808
22.488467000000014,1.4311831813481048,1.3182824472163395,1.4090078579800422
22.490448000000015,1.4311831813481048,1.4384898932925771,1.3910272696524717
22.492503999999997,1.4311831813481048,1.4144172887636506,1.4555389622968973
22.49440500000003,1.4320151482112784,1.3990262683670047,1.399817977005624
22.49638699999997,1.4320151482112784,1.3860661357378246,1.4673779467934078
22.498368000000028,1.4326078500813466,1.4088863326570251,1.4082986044676107
22.50034900000003,1.4326078500813466,1.4149938497826189,1.4238666069027341
22.502648000000022,1.4326078500813466,1.4555564736376212,1.432047782173538
22.504320000000007,1.4334144392132007,1.4162122295352442,1.4007837078969407
22.506297000000018,1.4334144392132007,1.2874553380937828,1.438547315329935
22.50827799999996,1.4334144392132007,1.4045449460723274,1.3572945934888734
22.51025800000002,1.4340640335514305,1.4282174918690644,1.4570307126445214
