timestamp,stateEstimate.x,stateEstimate.y,stateEstimate.z,stateEstimate.vx,stateEstimate.vy,stateEstimate.vz,stateEstimate.roll,stateEstimate.pitch,stateEstimate.yaw,gyro.x,gyro.y,gyro.z,controller.cmd_roll,controller.cmd_pitch,controller.cmd_yaw,rlapp.pwmM1,rlapp.pwmM2,rlapp.pwmM3,rlapp.pwmM4,rlapp.tgtGate
223573.226,2.0306105613708496,2.041437864303589,0.35299819707870483,-0.0020674660336226225,-0.0011527808383107185,0.0016017075395211577,-1.1437450647354126,0.025840722024440765,-81.08118438720703,-0.07391638308763504,0.05611373856663704,0.2452244758605957,554.0,-1.0,-302.0,0,0,0,0,0
223583.135,2.030648946762085,2.041451930999756,0.35299789905548096,2.222115290351212e-05,-0.0007127809803932905,0.0014412272721529007,-1.1444339752197266,0.02613699808716774,-81.1573486328125,0.06208030879497528,0.31070178747177124,0.7317707538604736,550.0,0.0,-356.0,0,0,0,0,0
223593.044,2.03070330619812,2.041473865509033,0.35300540924072266,0.0020642487797886133,-0.00027597660664469004,0.0013562378007918596,-1.1443326473236084,0.02643393725156784,-81.23616790771484,-0.09507840126752853,-0.08981253951787949,-0.3971464931964874,549.0,-2.0,-454.0,0,0,0,0,0
223602.967,2.0307531356811523,2.0414843559265137,0.353009968996048,0.004001453518867493,0.00010858269524760544,0.0013618995435535908,-1.145853877067566,0.026232654228806496,-81.27909851074219,-0.15289726853370667,-0.07615753263235092,0.5168829560279846,558.0,-5.0,-584.0,0,0,0,0,0
223612.867,2.0308427810668945,2.0415079593658447,0.35301196575164795,0.005957065615803003,0.0004955901531502604,0.0012581795454025269,-1.1475188732147217,0.027343077585101128,-81.3583984375,-0.304421991109848,0.1221470981836319,-1.0702883005142212,571.0,-7.0,-743.0,0,0,0,0,0
223622.776,2.030944585800171,2.0415310859680176,0.3529990315437317,0.007851388305425644,0.0008581641013734043,0.0008437962969765067,-1.1481425762176514,0.027135083451867104,-81.44911193847656,0.18097878992557526,-0.1882077306509018,0.020878231152892113,582.0,-10.0,-924.0,0,0,0,0,0
223632.689,2.031066417694092,2.041567802429199,0.3529936969280243,0.009873470291495323,0.0012619788758456707,0.000749449769500643,-1.1450245380401611,0.030262067914009094,-81.52056884765625,-0.3668447732925415,-0.33485522866249084,-2.826345443725586,584.0,-17.0,-1116.0,0,0,0,0,0
223642.609,2.0311920642852783,2.0415961742401123,0.3529839515686035,0.011650166474282742,0.0015925400657579303,0.0006708446308039129,-1.1462960243225098,0.03152664005756378,-81.59943389892578,0.1384771317243576,-0.2856205999851227,-0.25164487957954407,600.0,-30.0,-1312.0,0,0,0,0,0
223652.498,2.0311951637268066,2.0416042804718018,0.3529767394065857,0.011647281236946583,0.0016027861274778843,0.0006405500462278724,-1.1456397771835327,0.03179839998483658,-81.63768005371094,-0.4414694309234619,0.05793493613600731,0.5379838347434998,617.0,-33.0,-1507.0,0,0,0,0,0
223662.415,2.03145694732666,2.0416533946990967,0.3529696464538574,0.015008336864411831,0.0022166615817695856,0.0005625445628538728,-1.147658109664917,0.035405486822128296,-81.737548828125,-0.2208584100008011,-0.18558557331562042,-1.6018346548080444,638.0,-35.0,-1709.0,0,0,0,0,0
223672.324,2.0316009521484375,2.0416924953460693,0.3529592752456665,0.016596674919128418,0.0025293491780757904,0.0005779368220828474,-1.14631986618042,0.035349637269973755,-81.82103729248047,0.1764931082725525,0.05069103464484215,-2.134644031524658,648.0,-31.0,-1925.0,0,0,0,0,0
223682.245,2.0317533016204834,2.04172420501709,0.3529455065727234,0.018128501251339912,0.002809771103784442,0.0004958547069691122,-1.1422103643417358,0.02712082490324974,-81.83431243896484,-0.45074641704559326,-2.4447531700134277,-20.82422637939453,649.0,-7.0,-2103.0,0,0,0,0,0
223692.144,2.0319113731384277,2.0417611598968506,0.3529309928417206,0.01959487982094288,0.0030505615286529064,0.0002744551165960729,-1.1409296989440918,0.035108473151922226,-82.04719543457031,0.20494239032268524,0.9822678565979004,32.308021545410156,662.0,-5.0,-2289.0,0,0,0,0,0
223702.049,2.0318892002105713,2.041761636734009,0.35291776061058044,0.01950596645474434,0.003033312503248453,0.00021733065659645945,-1.1393476724624634,0.035141028463840485,-82.0836410522461,-0.18361954391002655,4.258261680603027,-2.757254123687744,668.0,-50.0,-2521.0,0,0,0,0,0
223711.96,2.0322515964508057,2.0418167114257812,0.3529050052165985,0.022360164672136307,0.0035050103906542063,-0.0014931759797036648,-1.1300493478775024,0.03245595842599869,-81.93603515625,0.9274600148200989,4.783655166625977,-5.001397132873535,671.0,-45.0,-2628.0,0,0,0,0,0
223721.871,2.032413959503174,2.041853666305542,0.3528721332550049,0.023607634007930756,0.0037289555184543133,-0.0011964697623625398,-1.1353932619094849,0.02841334231197834,-81.92152404785156,-2.5551538467407227,-0.19708654284477234,-0.4200793504714966,696.0,0.0,-2565.0,0,0,0,0,0
223731.771,2.0325794219970703,2.041893482208252,0.3528617322444916,0.024829072877764702,0.00392338028177619,0.0005469073657877743,-1.1596206426620483,0.03914572298526764,-82.05096435546875,-0.3704827129840851,-3.2769665718078613,18.534770965576172,799.0,-38.0,-2486.0,0,0,0,0,0
223741.679,2.03277850151062,2.0419375896453857,0.35288864374160767,0.026259349659085274,0.004204461816698313,0.005232668481767178,-1.1831905841827393,0.025311896577477455,-82.00395965576172,-2.3419952392578125,1.1247198581695557,-0.2183271050453186,860.0,-68.0,-2468.0,0,0,0,0,0
223751.582,2.0327324867248535,2.04193377494812,0.35289308428764343,0.0260894987732172,0.004175163339823484,0.005251535214483738,-1.1808021068572998,0.02551361359655857,-82.04068756103516,13.31839370727539,7.390697479248047,8.69382095336914,658.0,32.0,-2314.0,0,0,0,0,0
223761.5,2.032978057861328,2.04196834564209,0.3530474603176117,0.028007524088025093,0.004477111157029867,0.024081338196992874,-1.060968279838562,0.0057075489312410355,-81.77174377441406,-92.75808715820312,-13.910247802734375,-16.225858688354492,1020.0,288.0,-1869.0,0,0,0,0,0
223771.404,2.033111333847046,2.0419976711273193,0.35380154848098755,0.03083968535065651,0.004869519267231226,0.12307775765657425,-1.3980085849761963,-0.06880419701337814,-81.70648193359375,-39.15727996826172,-31.902074813842773,-7.924395561218262,3625.0,-199.0,-1319.0,0,0,0,0,0
223781.309,2.033273220062256,2.042107582092285,0.35532715916633606,0.03333446756005287,0.004998029209673405,0.16957448422908783,-2.200420618057251,0.21164335310459137,-81.44354248046875,40.676963806152344,26.443601608276367,55.591190338134766,3666.0,-1705.0,-756.0,0,0,0,0,0
223791.228,2.0333967208862305,2.0420479774475098,0.3576311767101288,0.03746664896607399,0.005721588619053364,0.21828137338161469,-2.147754192352295,0.3503810167312622,-81.68766021728516,-220.9237823486328,-0.929919421672821,290.2123107910156,4059.0,-1702.0,-843.0,0,0,0,0,0
223801.137,2.0334036350250244,2.042182207107544,0.3609209954738617,0.047676894813776016,0.009337691590189934,0.38432177901268005,-3.411296844482422,0.5557342767715454,-82.78107452392578,145.7404022216797,13.240220069885254,-202.36199951171875,7969.0,-1790.0,-1600.0,0,0,0,0,0
223811.035,2.0336835384368896,2.0422840118408203,0.36426225304603577,0.042717281728982925,0.00846764724701643,0.2657245397567749,-4.31182861328125,0.5477390289306641,-82.09211730957031,-170.2952423095703,-42.958580017089844,-406.3636169433594,926.0,-401.0,-2043.0,0,0,0,0,0
223820.961,2.033949375152588,2.042447090148926,0.36921483278274536,0.06556886434555054,0.015382661484181881,0.6178619265556335,-2.7158660888671875,0.3834594190120697,-82.2005844116211,14.405667304992676,-16.53026580810547,-127.02837371826172,2126.0,103.0,-2010.0,0,0,0,0,0
223830.852,2.0341837406158447,2.042604684829712,0.3760647773742676,0.06778164207935333,0.016120361164212227,0.6370299458503723,-4.228010177612305,0.3296865224838257,-79.79938507080078,107.47640991210938,32.05543518066406,208.3510284423828,1235.0,222.0,-157.0,0,0,0,0,0
223840.78,2.0345208644866943,2.0428593158721924,0.3836236000061035,0.07955470681190491,0.019296720623970032,0.7562959790229797,-2.8102941513061523,0.40406644344329834,-82.06785583496094,-364.63714599609375,-44.5941047668457,74.38330078125,1512.0,151.0,-241.0,0,0,0,0,0
223850.67,2.0347533226013184,2.043087959289551,0.3924020528793335,0.08754047006368637,0.022020693868398666,0.8612555861473083,-4.290706634521484,0.3931541442871094,-82.12873077392578,175.29469299316406,7.478129863739014,-127.2750015258789,10017.0,-760.0,-483.0,0,0,0,0,0
223860.579,2.035346031188965,2.0433685779571533,0.4003274738788605,0.07322525233030319,0.018766850233078003,0.6751518845558167,-5.887295722961426,0.3831826150417328,-80.67115020751953,-119.28793334960938,-2.807377815246582,-118.91219329833984,2532.0,-217.0,-52.0,0,0,0,0,0
223870.488,2.0359015464782715,2.04365873336792,0.40946143865585327,0.10226907581090927,0.025521615520119667,0.9986893534660339,-3.433567523956299,0.30677247047424316,-81.88954162597656,10.045879364013672,-30.82395362854004,-15.653493881225586,2800.0,83.0,-305.0,0,0,0,0,0
223880.407,2.0364270210266113,2.0440051555633545,0.4203914701938629,0.10625042766332626,0.026507070288062096,1.0310003757476807,-5.345399379730225,0.24018821120262146,-80.2450942993164,221.57891845703125,22.724929809570312,26.544137954711914,1296.0,-344.0,706.0,0,0,0,0,0
223890.306,2.03707218170166,2.044318437576294,0.4319111108779907,0.11731225252151489,0.028401032090187073,1.082080602645874,-3.2515718936920166,0.43801626563072205,-81.67729949951172,-354.52880859375,-56.67719650268555,-33.62929916381836,-1022.0,-931.0,81.0,0,0,0,0,0
223900.215,2.0377206802368164,2.0446431636810303,0.4442106783390045,0.12469784170389175,0.03106056898832321,1.1701620817184448,-4.112471103668213,0.5859457850456238,-82.76283264160156,137.7649383544922,-13.512025833129883,-307.14703369140625,8243.0,-2254.0,-1282.0,0,0,0,0,0
223910.124,2.038663148880005,2.0449886322021484,0.4555501639842987,0.1130729392170906,0.027377115562558174,1.0159635543823242,-5.817434787750244,0.7646112442016602,-81.2550048828125,134.56277465820312,38.890869140625,-42.487640380859375,1425.0,-1882.0,-1708.0,0,0,0,0,0
223920.046,2.0396130084991455,2.0453994274139404,0.4678802192211151,0.13108351826667786,0.0335114561021328,1.1830132007598877,-2.8039515018463135,0.6215600967407227,-82.09538269042969,-127.32605743408203,-26.548219680786133,439.9748229980469,-968.0,-92.0,-2525.0,0,0,0,0,0
223929.942,2.0406157970428467,2.045742988586426,0.4809056520462036,0.13470742106437683,0.03548653796315193,1.2302135229110718,-4.637446403503418,0.5748621225357056,-81.73435974121094,349.5558776855469,5.800683975219727,-87.83935546875,1807.0,-842.0,-1923.0,0,0,0,0,0
223939.851,2.0416147708892822,2.0461413860321045,0.4942688047885895,0.1391191929578781,0.03611569479107857,1.194089651107788,-3.1397926807403564,0.8877200484275818,-81.3200912475586,-167.4727020263672,8.956644058227539,-5.684464931488037,-4439.0,-1505.0,-1550.0,0,0,0,0,0
223949.76,2.0426204204559326,2.0465915203094482,0.5078646540641785,0.14443469047546387,0.040135838091373444,1.2763333320617676,-1.7807254791259766,0.651901125907898,-81.81936645507812,-177.3647918701172,11.049262046813965,137.46148681640625,2367.0,-661.0,-1704.0,0,0,0,0,0
223959.677,2.0438342094421387,2.046961545944214,0.5208448767662048,0.1371801793575287,0.0384298600256443,1.1895411014556885,-3.8411154747009277,0.7879483699798584,-81.74991607666016,230.19911193847656,20.152904510498047,132.42413330078125,7440.0,-980.0,-1732.0,0,0,0,0,0
223969.586,2.04492449760437,2.0474812984466553,0.5351760983467102,0.13960793614387512,0.04027479514479637,1.1664483547210693,-3.525057554244995,0.7561907172203064,-82.0315170288086,68.79814910888672,-32.0406379699707,-60.79518127441406,-1017.0,-653.0,-1817.0,0,0,0,0,0
223979.486,2.0462846755981445,2.04805588722229,0.5497757196426392,0.1461607813835144,0.04347710311412811,1.2138628959655762,-1.409199595451355,0.7959776520729065,-81.8497543334961,-118.96382904052734,-51.497615814208984,0.898935079574585,-1916.0,-1333.0,-1664.0,0,0,0,0,0
223989.395,2.047422170639038,2.0486068725585938,0.563401997089386,0.14740216732025146,0.04614674672484398,1.2988218069076538,-2.5861947536468506,0.9906014800071716,-81.09337615966797,239.52557373046875,-9.861993789672852,-113.58528137207031,882.0,-2389.0,-1019.0,0,0,0,0,0
223999.313,2.048783540725708,2.0489211082458496,0.576759934425354,0.15003256499767303,0.046192023903131485,1.2495174407958984,-0.8940562009811401,1.0848703384399414,-81.85527038574219,31.91562843322754,-22.090476989746094,-13.553646087646484,-4627.0,-2213.0,-1166.0,0,0,0,0,0
224009.213,2.0499932765960693,2.0495402812957764,0.5908054113388062,0.1484224796295166,0.048795826733112335,1.2807167768478394,0.39742183685302734,1.13107168674469,-82.0205307006836,-156.2397003173828,4.369654178619385,-52.01921081542969,-2501.0,-2325.0,-1630.0,0,0,0,0,0
224019.133,2.0510756969451904,2.050201892852783,0.6047891974449158,0.14162343740463257,0.04841567203402519,1.2139335870742798,-0.7068207263946533,1.3272477388381958,-82.05958557128906,-4.250533580780029,-5.667167663574219,-151.28289794921875,5100.0,-2548.0,-2241.0,0,0,0,0,0
224029.031,2.052197217941284,2.050907611846924,0.619568407535553,0.1368909329175949,0.05010451376438141,1.1838676929473877,-1.521990180015564,1.4464894533157349,-83.15003967285156,263.5709533691406,-6.338733673095703,7.4407243728637695,3018.0,-2357.0,-3613.0,0,0,0,0,0
224038.957,2.0533196926116943,2.0515658855438232,0.6331921815872192,0.1377527415752411,0.05340513214468956,1.1926884651184082,0.56549072265625,1.4681665897369385,-82.59906768798828,-81.77558135986328,8.153738021850586,200.23228454589844,-4775.0,-1994.0,-4164.0,0,0,0,0,0
224048.854,2.054549217224121,2.0521838665008545,0.6457818150520325,0.1328795850276947,0.05610695481300354,1.2207039594650269,0.7107205390930176,1.450318455696106,-81.06645965576172,67.833984375,0.3161429762840271,-180.49966430664062,-461.0,-1575.0,-2797.0,0,0,0,0,0
224058.763,2.055710792541504,2.052809000015259,0.6596959233283997,0.12742158770561218,0.058160606771707535,1.2437385320663452,0.27013856172561646,1.4538079500198364,-81.23677062988281,159.8759765625,15.226914405822754,-85.0821533203125,-1322.0,-1286.0,-1485.0,0,0,0,0,0
224068.669,2.056755781173706,2.0534164905548096,0.6738098859786987,0.1261620968580246,0.05951113998889923,1.211685299873352,2.0917809009552,1.269026279449463,-81.88304138183594,-33.59176254272461,-27.119016647338867,52.013301849365234,-4973.0,-422.0,-1200.0,0,0,0,0,0
224078.586,2.0577392578125,2.054105520248413,0.688022255897522,0.11803235858678818,0.06053641811013222,1.2279728651046753,2.2761342525482178,1.2721376419067383,-81.417236328125,-149.3173065185547,17.473419189453125,40.707454681396484,-789.0,-942.0,-700.0,0,0,0,0,0
224088.487,2.0586423873901367,2.0548906326293945,0.7032511830329895,0.10854733735322952,0.06042347848415375,1.180292010307312,0.7999289035797119,1.1472830772399902,-81.24188995361328,63.64805603027344,0.548828125,-75.20982360839844,5295.0,-857.0,-368.0,0,0,0,0,0
224098.394,2.0593855381011963,2.0557589530944824,0.7179402709007263,0.10410302132368088,0.06068023666739464,1.12554931640625,1.085079312324524,1.1455769538879395,-82.2957534790039,216.95616149902344,3.033381223678589,9.022436141967773,601.0,-1161.0,-798.0,0,0,0,0,0
224108.302,2.0603830814361572,2.056565523147583,0.7317653894424438,0.09816256165504456,0.06261897087097168,1.1680889129638672,2.96850323677063,1.0929757356643677,-81.41522979736328,-154.1027069091797,-6.4971747398376465,52.3744010925293,-5059.0,-1238.0,-913.0,0,0,0,0,0
224118.222,2.0611674785614014,2.057542562484741,0.7473065853118896,0.08520929515361786,0.06370794773101807,1.2466001510620117,1.7194774150848389,1.2692276239395142,-80.6406478881836,149.88291931152344,-10.606460571289062,-280.9997863769531,-337.0,-2149.0,-47.0,0,0,0,0,0
224128.121,2.061717987060547,2.0583224296569824,0.7614957690238953,0.08317185938358307,0.06350522488355637,1.1991057395935059,3.205108880996704,1.237437129020691,-82.58477783203125,90.68034362792969,1.9402031898498535,15.46694564819336,-2822.0,-2573.0,-108.0,0,0,0,0,0
224138.033,2.0623693466186523,2.058924674987793,0.7749347686767578,0.07266245037317276,0.06377127021551132,1.2341344356536865,4.047723293304443,1.2552399635314941,-82.17668914794922,-67.26947021484375,-24.83308982849121,60.764305114746094,-4635.0,-2333.0,-1426.0,0,0,0,0,0
224147.942,2.06239652633667,2.06003475189209,0.7901260852813721,0.06261976063251495,0.06378348171710968,1.196437954902649,3.315423011779785,1.481364130973816,-82.20632934570312,-156.8279266357422,-12.562878608703613,4.782805919647217,335.0,-2838.0,-2102.0,0,0,0,0,0
224157.859,2.0627126693725586,2.060861825942993,0.8031302094459534,0.054939981549978256,0.06371726840734482,1.1420601606369019,2.2709157466888428,1.5152270793914795,-83.21630859375,119.98970794677734,-5.770496845245361,87.76457977294922,3994.0,-3243.0,-3337.0,0,0,0,0,0
224167.762,2.0626564025878906,2.061821699142456,0.8169337511062622,0.048360731452703476,0.06562098115682602,1.1442515850067139,3.677507162094116,1.5980292558670044,-82.65868377685547,108.4627685546875,1.5938905477523804,156.18482971191406,-2273.0,-2946.0,-4597.0,0,0,0,0,0
224177.668,2.062664747238159,2.0628035068511963,0.8307932615280151,0.033165473490953445,0.06848669052124023,1.2198727130889893,4.2477827072143555,1.6877529621124268,-81.43242645263672,-186.8169708251953,16.265676498413086,225.2022705078125,-3311.0,-2763.0,-3883.0,0,0,0,0,0
224187.576,2.062952995300293,2.0634984970092773,0.8430588841438293,0.02230793610215187,0.06825574487447739,1.2226403951644897,2.985342025756836,1.6872409582138062,-79.55194854736328,180.7342071533203,28.84084701538086,-465.850341796875,138.0,-2501.0,-1326.0,0,0,0,0,0
224197.492,2.0628631114959717,2.0649194717407227,0.8572437167167664,0.016285883262753487,0.07142428308725357,1.224609375,4.483656883239746,1.410602331161499,-82.08007049560547,-39.48721694946289,33.2552604675293,70.78805541992188,-2904.0,-1958.0,590.0,0,0,0,0,0
224207.392,2.062474250793457,2.065708637237549,0.8726133108139038,0.0033704231027513742,0.07142623513936996,1.248407006263733,4.302192687988281,1.2893205881118774,-81.46586608886719,-116.66094207763672,16.805557250976562,18.46339988708496,-2367.0,-837.0,286.0,0,0,0,0,0
224217.301,2.061887264251709,2.0666210651397705,0.8877061009407043,-0.006120138335973024,0.07075003534555435,1.206742763519287,3.127614736557007,1.1262238025665283,-81.2022933959961,-65.19538116455078,-1.1626991033554077,72.16809844970703,2778.0,-685.0,468.0,0,0,0,0,0
224227.21,2.06108021736145,2.0676422119140625,0.9023419618606567,-0.011769339442253113,0.07009328156709671,1.1391905546188354,2.7562224864959717,1.0770305395126343,-82.09246063232422,149.80667114257812,-0.933465838432312,0.04131699353456497,2726.0,-1286.0,64.0,0,0,0,0,0
224237.129,2.0605862140655518,2.0685105323791504,0.9154627323150635,-0.022109588608145714,0.07056719064712524,1.2053035497665405,4.160060882568359,1.013211727142334,-81.74568176269531,-72.3416519165039,-8.599921226501465,-140.12164306640625,-3432.0,-1663.0,-905.0,0,0,0,0,0
224247.028,2.0594353675842285,2.069701671600342,0.9318848848342896,-0.038682784885168076,0.0712549090385437,1.2914478778839111,3.4244067668914795,1.0137652158737183,-81.73319244384766,-1.3907707929611206,-6.295729160308838,148.11709594726562,-820.0,-2115.0,-1088.0,0,0,0,0,0
224256.937,2.0587165355682373,2.0705864429473877,0.9456058144569397,-0.043792326003313065,0.06964950263500214,1.2527064085006714,3.386060953140259,1.2458466291427612,-81.19832611083984,121.46247863769531,21.552732467651367,-183.18617248535156,-913.0,-3347.0,-1066.0,0,0,0,0,0
224266.845,2.0576999187469482,2.071693181991577,0.9613203406333923,-0.05389361456036568,0.07061265408992767,1.2924827337265015,4.332667827606201,1.1644699573516846,-82.36116790771484,-50.697044372558594,16.16202735900879,-146.75718688964844,-3305.0,-3596.0,-1611.0,0,0,0,0,0
224276.78,2.0565083026885986,2.07283878326416,0.9773674607276917,-0.06269688904285431,0.07056631147861481,1.2748898267745972,3.9367005825042725,1.1846482753753662,-82.19871520996094,-136.87872314453125,6.004514217376709,-78.52896118164062,-1481.0,-3026.0,-2619.0,0,0,0,0,0
224286.664,2.0552127361297607,2.073981285095215,0.9924682974815369,-0.06951530277729034,0.07001075893640518,1.2075071334838867,2.7663536071777344,1.1869746446609497,-83.06998443603516,0.5937960743904114,9.509416580200195,61.55479049682617,2519.0,-3071.0,-3556.0,0,0,0,0,0
224296.573,2.053860902786255,2.0750701427459717,1.0069626569747925,-0.07331222295761108,0.06995043903589249,1.153936505317688,2.8238625526428223,1.129425287246704,-83.44833374023438,103.72330474853516,25.483028411865234,374.1150207519531,837.0,-2755.0,-5050.0,0,0,0,0,0
224306.482,2.052762508392334,2.076000213623047,1.020542860031128,-0.08445297181606293,0.07127810269594193,1.247991919517517,3.6942667961120605,1.0506279468536377,-81.53811645507812,-171.5749969482422,-4.101904392242432,44.22358322143555,-2873.0,-2163.0,-5043.0,0,0,0,0,0
224316.401,2.0513648986816406,2.0771448612213135,1.0360981225967407,-0.09399865567684174,0.07080572098493576,1.2674777507781982,2.443643093109131,1.033442735671997,-80.05791473388672,60.77777862548828,21.91348648071289,25.84502601623535,650.0,-1979.0,-2395.0,0,0,0,0,0
224326.3,2.0498411655426025,2.0782721042633057,1.0519596338272095,-0.09817800670862198,0.07107596844434738,1.2635116577148438,3.2459287643432617,0.8302353024482727,-81.09542083740234,33.96465301513672,36.600982666015625,52.90746307373047,-1403.0,-1775.0,254.0,0,0,0,0,0
224336.209,2.0483498573303223,2.0793848037719727,1.0674350261688232,-0.10564541071653366,0.0708603709936142,1.2856433391571045,3.474335193634033,0.5980347990989685,-81.19176483154297,-42.306060791015625,48.8118896484375,66.17214965820312,-2736.0,-1238.0,839.0,0,0,0,0,0
224346.118,2.0467774868011475,2.0805063247680664,1.0829917192459106,-0.11128997802734375,0.07024749368429184,1.2604809999465942,3.08630633354187,0.26592177152633667,-81.03914642333984,-164.11488342285156,24.880884170532227,-130.705810546875,-594.0,-369.0,1211.0,0,0,0,0,0
224356.036,2.0453782081604004,2.0814332962036133,1.0968639850616455,-0.11464627832174301,0.06847093254327774,1.1850228309631348,2.0236377716064453,0.008328860625624657,-81.6080551147461,21.125286102294922,0.16342300176620483,-4.704712390899658,2572.0,-141.0,1049.0,0,0,0,0,0
224365.936,2.0436480045318604,2.082581043243408,1.1116069555282593,-0.1166430339217186,0.06702428311109543,1.1552928686141968,2.4403951168060303,-0.1817975789308548,-83.0651626586914,70.0777587890625,45.98750686645508,322.19000244140625,-43.0,-539.0,-481.0,0,0,0,0,0
224375.858,2.041860580444336,2.0838208198547363,1.1281747817993164,-0.1271987408399582,0.06308694183826447,1.2909201383590698,3.0062808990478516,-0.5109990835189819,-81.94274139404297,-162.7744598388672,3.8084850311279297,17.6165771484375,-2712.0,-243.0,-2220.0,0,0,0,0,0
224385.754,2.040017604827881,2.0850625038146973,1.145557165145874,-0.13242490589618683,0.059852246195077896,1.2710920572280884,1.9628827571868896,-0.6336642503738403,-81.1231689453125,78.91255187988281,2.4410030841827393,-112.492919921875,133.0,-361.0,-2143.0,0,0,0,0,0
224395.68,2.038205146789551,2.0862605571746826,1.1628351211547852,-0.13536755740642548,0.055958811193704605,1.3020254373550415,2.9233341217041016,-0.8873158097267151,-82.90484619140625,18.551342010498047,49.8953857421875,126.12875366210938,-2048.0,-935.0,-2044.0,0,0,0,0,0
224405.571,2.036358594894409,2.087418556213379,1.180263876914978,-0.1392807513475418,0.052883390337228775,1.289628267288208,2.74519681930542,-1.2416707277297974,-82.53480529785156,-20.406661987304688,36.382442474365234,-59.00425338745117,-3015.0,-118.0,-3391.0,0,0,0,0,0
224415.485,2.0362186431884766,2.087681531906128,1.1816214323043823,-0.13981018960475922,0.053696539252996445,1.2954427003860474,2.7459142208099365,-1.232939600944519,-82.5535659790039,-117.79426574707031,11.425895690917969,-226.26939392089844,-1399.0,391.0,-3966.0,0,0,0,0,0
224425.407,2.034363269805908,2.0888051986694336,1.1986795663833618,-0.1421728879213333,0.0504775196313858,1.2509291172027588,2.292933940887451,-1.4350439310073853,-82.52506256103516,13.380575180053711,16.47705841064453,111.20498657226562,888.0,-99.0,-4544.0,0,0,0,0,0
224435.31,2.0325891971588135,2.089874029159546,1.2142573595046997,-0.14177322387695312,0.04872465878725052,1.1523716449737549,1.9479337930679321,-1.6119571924209595,-82.0733871459961,53.91059494018555,45.41304016113281,452.2310485839844,-1039.0,-222.0,-4349.0,0,0,0,0,0
224445.207,2.0308194160461426,2.0909104347229004,1.2303763628005981,-0.1453762650489807,0.0411025807261467,1.2284877300262451,2.5934691429138184,-1.8972586393356323,-80.81330108642578,-138.92520141601562,10.590291023254395,108.22449493408203,-2370.0,276.0,-2262.0,0,0,0,0,0
224455.116,2.029273748397827,2.0915486812591553,1.2440783977508545,-0.148978590965271,0.03281119465827942,1.2707023620605469,1.78363835811615,-1.987223744392395,-80.42507934570312,85.57674407958984,10.432709693908691,-117.07178497314453,99.0,62.0,535.0,0,0,0,0,0
224465.025,2.0277645587921143,2.0923335552215576,1.2588227987289429,-0.1474730372428894,0.029359115287661552,1.235930323600769,2.1560654640197754,-2.21604323387146,-80.06593322753906,-22.212127685546875,37.048118591308594,-24.17071533203125,-2507.0,-133.0,2265.0,0,0,0,0,0
224474.944,2.0261993408203125,2.0930652618408203,1.2743228673934937,-0.14942000806331635,0.021709555760025978,1.2779836654663086,2.4091861248016357,-2.4682765007019043,-81.19893646240234,-4.073003768920898,41.61366653442383,-54.03089904785156,-2408.0,368.0,2407.0,0,0,0,0,0
224484.843,2.024641513824463,2.093691110610962,1.289940595626831,-0.1496918797492981,0.01737854816019535,1.2454264163970947,2.2126550674438477,-2.705791711807251,-81.61624908447266,-83.92774963378906,12.766979217529297,-40.95816421508789,-1436.0,779.0,1442.0,0,0,0,0,0
224494.754,2.0230748653411865,2.094265937805176,1.3052040338516235,-0.1492263376712799,0.014638714492321014,1.1759752035140991,1.7598015069961548,-2.866319417953491,-82.14736938476562,17.84881019592285,11.344799995422363,27.144472122192383,78.0,416.0,-16.0,0,0,0,0,0
224504.664,2.0216078758239746,2.094810724258423,1.3192133903503418,-0.14693208038806915,0.012661291286349297,1.0929399728775024,1.7322485446929932,-2.9604203701019287,-81.9865951538086,-8.324057579040527,17.03542137145996,147.15325927734375,-1226.0,28.0,-1458.0,0,0,0,0,0
224514.584,2.0201632976531982,2.095083475112915,1.3316503763198853,-0.14752396941184998,0.0026008961722254753,1.1380144357681274,1.9163283109664917,-3.143930435180664,-82.31241607666016,-79.9776382446289,1.039611577987671,59.216285705566406,-1483.0,90.0,-2478.0,0,0,0,0,0
224524.493,2.0187089443206787,2.0954322814941406,1.3464370965957642,-0.14904244244098663,-0.00886513851583004,1.214530110359192,1.4922853708267212,-3.1799447536468506,-82.10055541992188,43.046485900878906,22.542211532592773,-46.99501037597656,-282.0,-30.0,-2924.0,0,0,0,0,0
224534.39,2.0172886848449707,2.0956666469573975,1.3613184690475464,-0.14643117785453796,-0.0108022540807724,1.1431262493133545,1.588558554649353,-3.4069435596466064,-82.1630859375,-33.48905563354492,22.530269622802734,39.92280197143555,-1939.0,609.0,-3294.0,0,0,0,0,0
224544.299,2.015923261642456,2.0958516597747803,1.375697135925293,-0.14606578648090363,-0.020424392074346542,1.1854493618011475,1.732663631439209,-3.597285032272339,-82.20049285888672,-8.648085594177246,35.399810791015625,-50.55104446411133,-1423.0,1185.0,-3554.0,0,0,0,0,0
224554.223,2.014587640762329,2.0959434509277344,1.3900882005691528,-0.1446641981601715,-0.023626206442713737,1.1317658424377441,1.394995927810669,-3.880234479904175,-82.56327819824219,4.720829963684082,7.663824081420898,7.985134601593018,-1163.0,1955.0,-3983.0,0,0,0,0,0
224564.114,2.0132222175598145,2.095834970474243,1.4024335145950317,-0.14222458004951477,-0.027183089405298233,1.0695260763168335,1.5074611902236938,-4.101288795471191,-82.34310913085938,-0.37497034668922424,10.746847152709961,20.468189239501953,-1464.0,1683.0,-4210.0,0,0,0,0,0
224574.024,2.01194429397583,2.0958073139190674,1.4157272577285767,-0.13953085243701935,-0.029309267178177834,0.991092324256897,1.4667531251907349,-4.176649570465088,-82.41288757324219,-12.669559478759766,6.131185054779053,52.78898239135742,-1264.0,1058.0,-4181.0,0,0,0,0,0
224583.932,2.010671615600586,2.0957627296447754,1.4282716512680054,-0.13734430074691772,-0.03163623437285423,0.9181281924247742,1.2884657382965088,-4.248108386993408,-82.25901794433594,-8.563396453857422,15.85204029083252,127.92091369628906,-659.0,633.0,-3885.0,0,0,0,0,0
224593.861,2.0094401836395264,2.0956578254699707,1.4403173923492432,-0.13539737462997437,-0.03736954927444458,0.8914530873298645,1.1231400966644287,-4.334759712219238,-81.69794464111328,-49.61865997314453,19.87191390991211,26.956634521484375,-307.0,909.0,-2864.0,0,0,0,0,0
224603.749,2.008187770843506,2.0953805446624756,1.4503332376480103,-0.13367867469787598,-0.04302649199962616,0.8585796356201172,0.768202006816864,-4.519137859344482,-81.52468872070312,0.7288379073143005,12.390052795410156,8.929071426391602,727.0,1518.0,-1803.0,0,0,0,0,0
224613.658,2.0070035457611084,2.095125913619995,1.4615813493728638,-0.13132783770561218,-0.04859185963869095,0.8313176035881042,0.3949914872646332,-4.66588830947876,-81.62500762939453,-25.50432777404785,26.781993865966797,37.76056671142578,208.0,1906.0,-1222.0,0,0,0,0,0
224623.568,2.005829334259033,2.0948097705841064,1.4722942113876343,-0.12864282727241516,-0.04917744919657707,0.7499687671661377,0.28838738799095154,-4.916110038757324,-81.86297607421875,-26.496623992919922,19.047147750854492,32.59859085083008,314.0,2541.0,-911.0,0,0,0,0,0
224633.486,2.0046584606170654,2.094411849975586,1.4825893640518188,-0.12564612925052643,-0.05638853460550308,0.7411539554595947,-0.06040829047560692,-5.13569450378418,-81.37818908691406,-17.276268005371094,21.344114303588867,-5.12313985824585,495.0,2867.0,-354.0,0,0,0,0,0
224643.386,2.0034995079040527,2.09393572807312,1.492600917816162,-0.12257445603609085,-0.06027502939105034,0.6957876682281494,-0.22777625918388367,-5.366793632507324,-81.30789947509766,-23.73272132873535,23.295795440673828,-41.656158447265625,279.0,3129.0,179.0,0,0,0,0,0
224653.295,2.0024118423461914,2.0934500694274902,1.5016841888427734,-0.11998280882835388,-0.06103998422622681,0.6191773414611816,-0.42988499999046326,-5.631984710693359,-81.46128845214844,-46.60304260253906,18.59624671936035,29.484573364257812,702.0,3323.0,291.0,0,0,0,0,0
224663.203,2.001300096511841,2.09289813041687,1.5086828470230103,-0.11812471598386765,-0.06198575347661972,0.536544919013977,-0.8827772736549377,-5.802196979522705,-81.4184341430664,0.5762945413589478,19.17751693725586,-24.101329803466797,1313.0,3211.0,244.0,0,0,0,0,0
224673.122,2.000262498855591,2.09237003326416,1.5161677598953247,-0.11564644426107407,-0.061995528638362885,0.45290714502334595,-1.0908154249191284,-5.984573841094971,-81.69930267333984,-45.16560363769531,23.527755737304688,-1.9595537185668945,977.0,3218.0,-223.0,0,0,0,0,0
224683.027,1.9992587566375732,2.091810941696167,1.5228549242019653,-0.11287538707256317,-0.06363916397094727,0.3867981433868408,-1.4559659957885742,-6.182697772979736,-82.01583099365234,14.740790367126465,12.926192283630371,-119.97596740722656,819.0,3337.0,-944.0,0,0,0,0,0
224692.93,1.9982037544250488,2.091184139251709,1.5290261507034302,-0.10945537686347961,-0.0633043646812439,0.29403144121170044,-1.4050166606903076,-6.312694549560547,-82.38004302978516,-45.972049713134766,24.683696746826172,-16.099044799804688,-111.0,3329.0,-2023.0,0,0,0,0,0
224702.839,1.9973374605178833,2.0906269550323486,1.5338764190673828,-0.10652560740709305,-0.06354916095733643,0.2210954874753952,-1.6041659116744995,-6.552419185638428,-82.3033676147461,-25.87963104248047,21.568403244018555,3.4843943119049072,682.0,3696.0,-2938.0,0,0,0,0,0
224712.757,1.9963968992233276,2.0900068283081055,1.5369646549224854,-0.10293634980916977,-0.06656725704669952,0.16942402720451355,-1.9167249202728271,-6.765481948852539,-82.47562408447266,-5.384239673614502,29.60186195373535,42.47732925415039,1131.0,4221.0,-3689.0,0,0,0,0,0
224722.657,1.9955711364746094,2.0894134044647217,1.5405869483947754,-0.09965289384126663,-0.06691012531518936,0.10258471220731735,-2.0300052165985107,-7.054986953735352,-82.53691864013672,-29.549421310424805,34.14350891113281,-0.6578710675239563,890.0,5109.0,-4212.0,0,0,0,0,0
224732.579,1.9947669506072998,2.088787794113159,1.5434650182724,-0.09684013575315475,-0.06663341820240021,0.032675839960575104,-2.224778652191162,-7.412364959716797,-82.53726196289062,-19.63551902770996,30.041088104248047,59.079708099365234,1211.0,5794.0,-4401.0,0,0,0,0,0
224742.475,1.993994116783142,2.0881075859069824,1.545994520187378,-0.08937252312898636,-0.07638692855834961,0.041031986474990845,-2.3938684463500977,-7.745619297027588,-82.05186462402344,-11.834634780883789,47.951866149902344,36.3792610168457,968.0,6162.0,-3867.0,0,0,0,0,0
224752.403,1.9932960271835327,2.087369680404663,1.5482386350631714,-0.08520586043596268,-0.07778225839138031,-0.011965940706431866,-2.3582921028137207,-8.179125785827637,-81.67361450195312,-7.902315616607666,35.282875061035156,43.138145446777344,651.0,6708.0,-2754.0,0,0,0,0,0
224762.292,1.992562174797058,2.086555004119873,1.5491375923156738,-0.07820296287536621,-0.086419977247715,-0.01778271608054638,-2.3426382541656494,-8.587973594665527,-80.97972106933594,13.265952110290527,23.8878231048584,-20.21061134338379,143.0,7028.0,-1234.0,0,0,0,0,0
224772.201,1.9919657707214355,2.0856199264526367,1.5510205030441284,-0.0708858072757721,-0.09570874273777008,-0.02086389623582363,-2.1984150409698486,-8.814330101013184,-81.07749938964844,11.906559944152832,7.0142412185668945,-42.755306243896484,-494.0,6507.0,-7.0,0,0,0,0,0
224782.126,1.991422414779663,2.0846054553985596,1.552512526512146,-0.0674080178141594,-0.09691239893436432,-0.08111602813005447,-2.138158082962036,-8.875035285949707,-81.47891235351562,13.882355690002441,-1.5726473331451416,23.19628143310547,-717.0,5388.0,251.0,0,0,0,0,0
224792.029,1.9909058809280396,2.0835766792297363,1.5532617568969727,-0.06431611627340317,-0.09709801524877548,-0.14573179185390472,-2.030843734741211,-8.955321311950684,-81.70403289794922,20.37481689453125,-3.373807430267334,35.497459411621094,-801.0,4655.0,-21.0,0,0,0,0,0
224801.924,1.9903720617294312,2.082425594329834,1.553193211555481,-0.05958478897809982,-0.10088372230529785,-0.19247981905937195,-1.8344743251800537,-8.977075576782227,-81.81548309326172,2.491650104522705,-15.44162368774414,-11.11850357055664,-1172.0,4548.0,-562.0,0,0,0,0,0
224811.836,1.9898087978363037,2.0812454223632812,1.5516372919082642,-0.05571863800287247,-0.10377636551856995,-0.24428574740886688,-1.7453322410583496,-9.028051376342773,-82.32108306884766,-3.555896282196045,18.38920021057129,4.61601448059082,-872.0,4735.0,-1545.0,0,0,0,0,0
224821.752,1.9894548654556274,2.0801753997802734,1.5507076978683472,-0.05384068563580513,-0.10118450969457626,-0.31700584292411804,-1.7979581356048584,-9.228147506713867,-82.83406066894531,15.695836067199707,38.681846618652344,2.256235361099243,-566.0,5636.0,-2875.0,0,0,0,0,0
224831.677,1.9891293048858643,2.0790700912475586,1.5492256879806519,-0.04849961772561073,-0.10862093418836594,-0.32458749413490295,-1.641857624053955,-9.537718772888184,-82.9687271118164,8.77801513671875,50.72112274169922,-4.21034574508667,-774.0,7048.0,-4174.0,0,0,0,0,0
224841.563,1.9888324737548828,2.077880859375,1.5474607944488525,-0.04475406929850578,-0.11198031157255173,-0.35700124502182007,-1.5271543264389038,-9.878081321716309,-82.83638763427734,-22.179901123046875,29.044858932495117,96.22843170166016,-540.0,8121.0,-4914.0,0,0,0,0,0
224851.473,1.988582730293274,2.0765302181243896,1.5458612442016602,-0.0352623388171196,-0.13624750077724457,-0.2704510986804962,-1.5382189750671387,-10.142865180969238,-81.99815368652344,0.9205167293548584,24.471477508544922,36.58055114746094,54.0,8163.0,-4469.0,0,0,0,0,0
224861.382,1.9883562326431274,2.0748579502105713,1.5441920757293701,-0.03086610697209835,-0.14196449518203735,-0.2958890497684479,-1.354174017906189,-10.455079078674316,-81.06033325195312,-22.450605392456055,8.824562072753906,54.397300720214844,-9.0,8386.0,-2738.0,0,0,0,0,0
224871.302,1.9881465435028076,2.073211431503296,1.5422465801239014,-0.02227630652487278,-0.16418763995170593,-0.22772672772407532,-1.3713569641113281,-10.585257530212402,-80.40082550048828,9.931681632995605,-31.476404190063477,-44.4704475402832,86.0,7700.0,-363.0,0,0,0,0,0
224881.215,1.9880791902542114,2.0713510513305664,1.5414994955062866,-0.017808394506573677,-0.1724713295698166,-0.23738887906074524,-1.4174573421478271,-10.419429779052734,-80.96208190917969,-19.52475929260254,-36.704833984375,8.167431831359863,-63.0,6057.0,1121.0,0,0,0,0,0
224891.11,1.9880247116088867,2.0694353580474854,1.540244460105896,-0.016411270946264267,-0.1722491979598999,-0.2948450744152069,-1.6656869649887085,-10.157604217529297,-81.51000213623047,21.46775245666504,-21.954727172851562,19.28800392150879,287.0,4120.0,1185.0,0,0,0,0,0
224901.03,1.9880003929138184,2.067439079284668,1.538658857345581,-0.01032289769500494,-0.18454203009605408,-0.2740699052810669,-1.5279909372329712,-10.011674880981445,-81.54788208007812,33.55292892456055,-25.482358932495117,-23.050981521606445,-457.0,4204.0,812.0,0,0,0,0,0
224910.939,1.987998127937317,2.0654239654541016,1.5365030765533447,-0.010383537039160728,-0.17628756165504456,-0.3709585964679718,-1.3808664083480835,-9.922819137573242,-82.05841064453125,5.822571754455566,-4.046299457550049,-26.50285530090332,-970.0,5191.0,-121.0,0,0,0,0,0
224920.838,1.9879509210586548,2.0634942054748535,1.5331385135650635,-0.007342000957578421,-0.1810968965291977,-0.3876751959323883,-1.4887440204620361,-9.984898567199707,-82.69119262695312,20.97756576538086,-1.9333741664886475,40.856876373291016,-588.0,6630.0,-1815.0,0,0,0,0,0
224930.749,1.9879618883132935,2.0614545345306396,1.5304710865020752,-0.002614497672766447,-0.19136545062065125,-0.37021347880363464,-1.433882236480713,-10.051901817321777,-82.79297637939453,-26.45079803466797,-5.832017421722412,132.2488555908203,-51.0,7332.0,-3412.0,0,0,0,0,0
224940.653,1.9880176782608032,2.059173107147217,1.5282986164093018,0.006170765496790409,-0.21636514365673065,-0.26793891191482544,-1.4540244340896606,-10.019928932189941,-81.85887145996094,11.149725914001465,26.316856384277344,-76.48722076416016,179.0,7155.0,-3698.0,0,0,0,0,0
224950.58,1.98809015750885,2.0567331314086914,1.5263670682907104,0.008562975563108921,-0.21864210069179535,-0.2942996919155121,-1.3196662664413452,-10.168346405029297,-81.90374755859375,-23.703296661376953,-13.540398597717285,32.28182601928711,-198.0,7800.0,-3174.0,0,0,0,0,0
224960.47,1.9882073402404785,2.054230213165283,1.5242632627487183,0.016330353915691376,-0.24088269472122192,-0.20751509070396423,-1.296399712562561,-10.057371139526367,-81.23909759521484,12.757346153259277,-6.244656085968018,-60.26406478881836,-279.0,6976.0,-2143.0,0,0,0,0,0
224970.379,1.9883531332015991,2.0514605045318604,1.5228497982025146,0.01822066307067871,-0.24305319786071777,-0.23865379393100739,-1.2442494630813599,-9.776766777038574,-81.77928161621094,-17.521530151367188,-35.38217544555664,55.99081802368164,-441.0,5610.0,-1511.0,0,0,0,0,0
224980.303,1.9885095357894897,2.0487060546875,1.521102786064148,0.019891781732439995,-0.24552389979362488,-0.26545485854148865,-1.3095284700393677,-9.412607192993164,-81.82159423828125,35.10667037963867,8.279809951782227,84.36507415771484,-369.0,5030.0,-1502.0,0,0,0,0,0
224990.207,1.9886850118637085,2.045896053314209,1.5191270112991333,0.023083526641130447,-0.2510657012462616,-0.2649531066417694,-0.8671682476997375,-9.3430757522583,-81.612548828125,15.729962348937988,-4.3582892417907715,-37.04590606689453,-1807.0,5435.0,-1432.0,0,0,0,0,0
225000.106,1.9888606071472168,2.043100118637085,1.516428828239441,0.02172442525625229,-0.23922990262508392,-0.37389206886291504,-0.5869587063789368,-9.199477195739746,-81.69007110595703,-3.875016212463379,3.8238954544067383,-168.36676025390625,-1927.0,6555.0,-1286.0,0,0,0,0,0
225010.023,1.9890481233596802,2.040462017059326,1.5129507780075073,0.024000611156225204,-0.24710984528064728,-0.3527695834636688,-0.630200982093811,-9.266678810119629,-82.12043762207031,-47.57651901245117,-32.03474044799805,-57.37482833862305,-1074.0,7707.0,-1560.0,0,0,0,0,0
225019.924,1.9892083406448364,2.0375475883483887,1.5103219747543335,0.02909117378294468,-0.26834937930107117,-0.2495303899049759,-0.8881661891937256,-9.046477317810059,-81.84330749511719,45.93927001953125,-30.709192276000977,-33.09973907470703,281.0,7310.0,-1760.0,0,0,0,0,0
225029.843,1.9893574714660645,2.034487724304199,1.5083599090576172,0.030771533027291298,-0.27250292897224426,-0.25171685218811035,-0.6245608925819397,-8.875542640686035,-81.79016876220703,-31.867931365966797,-26.85897445678711,101.84782409667969,-306.0,6999.0,-1728.0,0,0,0,0,0
225039.742,1.989487886428833,2.031353235244751,1.5065743923187256,0.03416340798139572,-0.2871433198451996,-0.18200762569904327,-0.7884587645530701,-8.638580322265625,-80.97877502441406,43.21977615356445,-66.91416931152344,10.8718900680542,315.0,5687.0,-1019.0,0,0,0,0,0
225049.651,1.9896396398544312,2.0280961990356445,1.5051730871200562,0.03617412596940994,-0.29400479793548584,-0.16427960991859436,-0.662853479385376,-7.983741283416748,-81.22356414794922,-35.9207649230957,-62.47608184814453,85.77010345458984,-325.0,3506.0,-420.0,0,0,0,0,0
225059.56,1.9897809028625488,2.0248188972473145,1.5034399032592773,0.03486711531877518,-0.29059725999832153,-0.21849288046360016,-0.9535836577415466,-7.326316833496094,-81.43804168701172,22.59290313720703,-45.46238708496094,28.640024185180664,451.0,1833.0,-465.0,0,0,0,0,0
225069.487,1.9900128841400146,2.0216801166534424,1.501381278038025,0.03693733736872673,-0.29364916682243347,-0.2047804594039917,-0.6571624279022217,-6.781304836273193,-81.60306549072266,73.1119384765625,-50.755619049072266,-143.42063903808594,-1529.0,1929.0,-760.0,0,0,0,0,0
225079.384,1.9901821613311768,2.018479585647583,1.4988224506378174,0.03601311147212982,-0.2799947261810303,-0.3371613323688507,-0.05066826567053795,-6.307753562927246,-82.56986236572266,-44.1871223449707,-44.969642639160156,94.78520965576172,-2788.0,3349.0,-1496.0,0,0,0,0,0
225089.286,1.9902888536453247,2.0153732299804688,1.4955037832260132,0.035105157643556595,-0.28100600838661194,-0.3274766802787781,-0.2995851933956146,-5.9411091804504395,-82.26405334472656,-54.83809280395508,-63.003692626953125,-53.457679748535156,-1023.0,3683.0,-2579.0,0,0,0,0,0
225099.195,1.9903723001480103,2.012146234512329,1.4927384853363037,0.036718301475048065,-0.2899673581123352,-0.22926995158195496,-0.7602150440216064,-5.442769527435303,-82.79327392578125,70.36959838867188,-41.37432861328125,92.49888610839844,968.0,3504.0,-3487.0,0,0,0,0,0
225109.114,1.9904431104660034,2.00882625579834,1.490525245666504,0.03710427135229111,-0.2899475395679474,-0.21682865917682648,-0.3950399160385132,-5.0557475090026855,-82.37359619140625,-57.95216751098633,-12.412203788757324,282.1229553222656,-253.0,3542.0,-4006.0,0,0,0,0,0
225119.012,1.9906508922576904,2.005635976791382,1.4886159896850586,0.0380193293094635,-0.2928145229816437,-0.15602216124534607,-0.7431240677833557,-4.818741798400879,-80.89323425292969,38.30588912963867,-74.71145629882812,1.4035416841506958,949.0,3927.0,-2735.0,0,0,0,0,0
225128.929,1.9906538724899292,2.0023128986358643,1.487242579460144,0.03839227557182312,-0.2931887209415436,-0.12887869775295258,-0.6476969122886658,-4.135745525360107,-80.80973052978516,-38.690940856933594,-83.1819076538086,26.730144500732422,42.0,2984.0,-1059.0,0,0,0,0,0
225138.831,1.9906588792800903,1.9990285634994507,1.4856704473495483,0.03659027814865112,-0.28853121399879456,-0.17177416384220123,-0.9246575236320496,-3.328517198562622,-81.30598449707031,15.191568374633789,-15.105225563049316,103.94478607177734,622.0,1235.0,-385.0,0,0,0,0,0
225148.75,1.990688681602478,1.9957597255706787,1.483816146850586,0.03629061207175255,-0.2836902439594269,-0.1775101274251938,-0.7535846829414368,-3.1132423877716064,-81.32183074951172,100.34221649169922,-70.4830093383789,-121.57911682128906,-1524.0,1777.0,-201.0,0,0,0,0,0
225158.649,1.9907352924346924,1.9925806522369385,1.4813991785049438,0.03634120523929596,-0.2749875485897064,-0.27492251992225647,0.1986209601163864,-2.5794169902801514,-81.92054748535156,-51.751495361328125,-33.80290985107422,-72.146240234375,-3583.0,2541.0,-355.0,0,0,0,0,0
225168.557,1.9909604787826538,1.989343285560608,1.4782541990280151,0.03438067436218262,-0.26929646730422974,-0.26273277401924133,-0.14043495059013367,-2.3252451419830322,-81.98928833007812,-94.26866149902344,-55.5438232421875,-221.20802307128906,-1259.0,3358.0,-1035.0,0,0,0,0,0
225178.467,1.9908928871154785,1.9862761497497559,1.4759081602096558,0.033827126026153564,-0.2671855688095093,-0.16974155604839325,-0.871577799320221,-1.9055579900741577,-82.86233520507812,82.85324096679688,-14.34652042388916,43.97471237182617,1560.0,3493.0,-2355.0,0,0,0,0,0
225188.385,1.990764856338501,1.9833111763000488,1.4741989374160767,0.03325628489255905,-0.2612791657447815,-0.15751898288726807,-0.35068103671073914,-1.7533336877822876,-82.4270248413086,-82.65878295898438,-4.733032703399658,273.69952392578125,-25.0,4356.0,-3365.0,0,0,0,0,0
225198.285,1.9905197620391846,1.9804232120513916,1.4727797508239746,0.031557559967041016,-0.2568413317203522,-0.09820181876420975,-0.9800554513931274,-1.5886471271514893,-80.41410827636719,36.05924987792969,-43.42929458618164,-212.56448364257812,1155.0,4589.0,-2457.0,0,0,0,0,0
225208.194,1.9903254508972168,1.9775633811950684,1.4717128276824951,0.031045177951455116,-0.25139757990837097,-0.09065532684326172,-0.8136498928070068,-0.9898476004600525,-81.79109954833984,-59.54127883911133,-50.78303527832031,129.34939575195312,335.0,3160.0,-1167.0,0,0,0,0,0
225218.102,1.9904035329818726,1.9748997688293457,1.470578670501709,0.0297186728566885,-0.24448612332344055,-0.11554601788520813,-1.3564578294754028,-0.47147223353385925,-82.19810485839844,112.50148010253906,-8.389203071594238,397.33624267578125,1224.0,1141.0,-1664.0,0,0,0,0,0
225228.029,1.990234613418579,1.9719926118850708,1.4688589572906494,0.03007538989186287,-0.235695019364357,-0.16553504765033722,-0.11866548657417297,-0.1719909906387329,-81.25865936279297,96.767578125,-46.54838943481445,-20.683563232421875,-3280.0,2006.0,-1654.0,0,0,0,0,0
225237.923,1.9901552200317383,1.9692506790161133,1.4664483070373535,0.028230831027030945,-0.22745220363140106,-0.22562703490257263,0.2549642026424408,0.2607181966304779,-81.1787109375,-56.345699310302734,-41.73789596557617,-7.533157825469971,-4404.0,2414.0,-970.0,0,0,0,0,0
225247.831,1.9899369478225708,1.9669082164764404,1.464322566986084,0.024989193305373192,-0.21866463124752045,-0.1591477394104004,-0.3635208308696747,0.6495675444602966,-82.09626007080078,-113.3264389038086,-46.91223907470703,-89.5229263305664,-205.0,2481.0,-803.0,0,0,0,0,0
225257.741,1.9896507263183594,1.9646077156066895,1.4628039598464966,0.023050565272569656,-0.2090669423341751,-0.09679290652275085,-0.8692781329154968,0.933676540851593,-81.60519409179688,66.28357696533203,-51.71812438964844,-196.9939727783203,1820.0,2265.0,-1408.0,0,0,0,0,0
225267.658,1.9896225929260254,1.962490439414978,1.461832046508789,0.02280830219388008,-0.19965673983097076,-0.08141881972551346,-0.5684539079666138,1.237351417541504,-82.0516357421875,-128.64454650878906,-21.18120765686035,277.1160583496094,448.0,2566.0,-1510.0,0,0,0,0,0
225277.563,1.9891914129257202,1.9604278802871704,1.4611040353775024,0.020710574463009834,-0.18913567066192627,-0.025034526363015175,-1.4291677474975586,1.4359763860702515,-80.51443481445312,42.63640594482422,-36.6235466003418,-191.15965270996094,1701.0,2796.0,-867.0,0,0,0,0,0
225287.467,1.9887851476669312,1.958479404449463,1.4605690240859985,0.01967594213783741,-0.18057529628276825,-0.045736391097307205,-1.1981074810028076,1.7261922359466553,-81.36670684814453,-110.74501037597656,-23.266006469726562,-83.5732421875,926.0,2798.0,-36.0,0,0,0,0,0
225297.375,1.9884229898452759,1.9566781520843506,1.4598028659820557,0.01773795299232006,-0.17184500396251678,-0.06614986807107925,-1.6766877174377441,1.9503679275512695,-81.60967254638672,199.3622589111328,-4.646783828735352,102.25788116455078,633.0,2973.0,-114.0,0,0,0,0,0
225307.293,1.988163948059082,1.954979658126831,1.458619236946106,0.019748568534851074,-0.16404114663600922,-0.1250706911087036,0.21964918076992035,2.170835018157959,-81.14270782470703,11.823256492614746,-17.197933197021484,77.6204605102539,-5000.0,2810.0,-96.0,0,0,0,0,0
225317.191,1.9881486892700195,1.953354835510254,1.456984043121338,0.01772998459637165,-0.15718816220760345,-0.1728285551071167,0.11614558845758438,2.587160348892212,-81.11153411865234,-40.95363235473633,-39.20753860473633,56.48903274536133,-4376.0,1554.0,264.0,0,0,0,0,0
225327.111,1.9878255128860474,1.951873779296875,1.455379605293274,0.014529353938996792,-0.1431492567062378,-0.08463416993618011,-0.5013505220413208,3.028923749923706,-82.47557830810547,-18.70226287841797,-22.777360916137695,227.52853393554688,441.0,385.0,-347.0,0,0,0,0,0
225337.01,1.9873796701431274,1.9505411386489868,1.4544564485549927,0.012108180671930313,-0.13122010231018066,-0.055295176804065704,-0.4837263524532318,3.2423367500305176,-81.39634704589844,35.02785873413086,-60.67036819458008,-75.75647735595703,595.0,584.0,-1456.0,0,0,0,0,0
225346.936,1.9869245290756226,1.9493944644927979,1.4538934230804443,0.009566044434905052,-0.11937183886766434,-0.027289701625704765,-0.5386261940002441,3.677244186401367,-80.94049835205078,-83.03057098388672,-31.903079986572266,153.67343139648438,84.0,615.0,-1053.0,0,0,0,0,0
225356.828,1.9863687753677368,1.9483771324157715,1.4535990953445435,0.006839502602815628,-0.10607592016458511,0.011378017254173756,-0.9473082423210144,4.026782035827637,-80.93052673339844,35.35317611694336,-24.96836280822754,71.85063934326172,690.0,203.0,-113.0,0,0,0,0,0
225366.735,1.9861505031585693,1.947420597076416,1.4535107612609863,0.006076124496757984,-0.09680584073066711,-0.007082316558808088,-0.9054083228111267,4.391159534454346,-81.38888549804688,-80.52680969238281,-34.79692459106445,12.884367942810059,516.0,-143.0,-26.0,0,0,0,0,0
225376.645,1.985703706741333,1.9466426372528076,1.4529985189437866,0.0043424502946436405,-0.08987424522638321,-0.05699852854013443,-0.9484218955039978,4.73888635635376,-80.7105484008789,232.7006378173828,-26.539377212524414,-12.098149299621582,-899.0,-443.0,3.0,0,0,0,0,0
225386.564,1.9853429794311523,1.9459811449050903,1.4519319534301758,0.005730539094656706,-0.08153542876243591,-0.09683553129434586,1.0037614107131958,5.092221260070801,-80.70425415039062,-31.981197357177734,-64.14960479736328,-8.648296356201172,-7144.0,-728.0,706.0,0,0,0,0,0
225396.464,1.9850029945373535,1.9454478025436401,1.4504845142364502,0.0017971182242035866,-0.07463778555393219,-0.13556578755378723,0.4727135896682739,5.738715648651123,-80.34552001953125,-119.53058624267578,-75.54375457763672,-244.67047119140625,-4540.0,-1654.0,1331.0,0,0,0,0,0
225406.372,1.9845181703567505,1.9450432062149048,1.449256420135498,-0.003377255517989397,-0.053839750587940216,-0.05166918411850929,-0.37405475974082947,6.382130146026611,-81.89839935302734,14.222041130065918,-38.23572540283203,79.3452377319336,1449.0,-3932.0,1054.0,0,0,0,0,0
225416.28,1.9842166900634766,1.944691777229309,1.4486809968948364,-0.0050855232402682304,-0.03943454846739769,-0.03556383028626442,-0.046950437128543854,6.753395080566406,-81.84207916259766,2.507472038269043,-46.219459533691406,53.41683578491211,429.0,-3933.0,-386.0,0,0,0,0,0
225426.2,1.983571171760559,1.944656491279602,1.4482929706573486,-0.009184873662889004,-0.02304311841726303,-0.006924129091203213,-0.5004141926765442,7.1874847412109375,-80.90237426757812,-66.07293701171875,-18.66518211364746,71.68357849121094,349.0,-3249.0,-832.0,0,0,0,0,0
225436.099,1.9828333854675293,1.9447948932647705,1.4481143951416016,-0.01245908997952938,-0.006955138873308897,0.013442794792354107,-0.9083454012870789,7.481123924255371,-80.97515869140625,6.750779151916504,-8.789505004882812,-38.57860565185547,1189.0,-2762.0,-305.0,0,0,0,0,0
225446.018,1.9821609258651733,1.9451147317886353,1.4480433464050293,-0.014413348399102688,0.00708528608083725,0.015310320071876049,-1.0595488548278809,7.693347930908203,-81.8121109008789,25.13210105895996,-14.720113754272461,214.9332275390625,1176.0,-2043.0,-497.0,0,0,0,0,0
225455.917,1.9815731048583984,1.945534586906433,1.4475432634353638,-0.014045821502804756,0.008938584476709366,-0.07163439691066742,-0.4746679663658142,7.883308410644531,-81.18408966064453,232.4722137451172,12.590620040893555,182.3871612548828,-2352.0,-1919.0,-902.0,0,0,0,0,0
225465.835,1.9812548160552979,1.945886492729187,1.446663498878479,-0.014130748808383942,0.02170398272573948,-0.07682296633720398,1.2660084962844849,7.937134265899658,-80.31439208984375,-28.669641494750977,-54.254981994628906,29.370004653930664,-7981.0,-1657.0,-141.0,0,0,0,0,0
225475.735,1.9807769060134888,1.9465593099594116,1.4455256462097168,-0.018433595076203346,0.029927272349596024,-0.1033947765827179,0.6744120717048645,8.452643394470215,-80.3079833984375,-150.82069396972656,-43.01696014404297,-147.92642211914062,-3734.0,-3155.0,1051.0,0,0,0,0,0
225485.643,1.9801371097564697,1.9473522901535034,1.4444156885147095,-0.02390953153371811,0.04831080138683319,-0.06720935553312302,-0.21483367681503296,8.829391479492188,-81.03964233398438,4.798789978027344,-22.598512649536133,-114.9512710571289,1873.0,-4729.0,1268.0,0,0,0,0,0
225495.553,1.979348063468933,1.9483293294906616,1.4437273740768433,-0.02768418937921524,0.06754552572965622,-0.031112872064113617,-0.02257266268134117,9.026951789855957,-80.66127014160156,-48.50470733642578,-44.174652099609375,77.90730285644531,709.0,-4372.0,1027.0,0,0,0,0,0
225505.471,1.978434443473816,1.9495723247528076,1.4433667659759521,-0.032204147428274155,0.08426181972026825,-0.01015249453485012,-0.7021132111549377,9.293128967285156,-79.90020751953125,-76.25154876708984,-30.534257888793945,-103.42666625976562,1019.0,-4164.0,1812.0,0,0,0,0,0
225515.37,1.9777764081954956,1.9507712125778198,1.443310022354126,-0.03428353741765022,0.10146331042051315,0.015026741661131382,-1.1290642023086548,9.51480770111084,-80.54155731201172,-16.173789978027344,-17.032529830932617,-348.1528015136719,1888.0,-4262.0,2324.0,0,0,0,0,0
225525.279,1.9768774509429932,1.9524112939834595,1.4432836771011353,-0.035448987036943436,0.11453855782747269,0.009875008836388588,-0.9745475649833679,9.685994148254395,-82.24791717529297,82.7520751953125,-5.589173316955566,78.6656265258789,776.0,-4206.0,890.0,0,0,0,0,0
225535.187,1.9763575792312622,1.953857660293579,1.442865252494812,-0.032553501427173615,0.11301735043525696,-0.07863682508468628,0.048649851232767105,9.678220748901367,-81.72247314453125,192.33084106445312,-9.076674461364746,208.2358856201172,-4281.0,-3705.0,-907.0,0,0,0,0,0
225545.107,1.9755494594573975,1.9560191631317139,1.441892147064209,-0.03589143231511116,0.13168446719646454,-0.051336705684661865,1.4401963949203491,9.87182331085205,-80.74427032470703,-56.012271881103516,-44.473350524902344,-145.40647888183594,-8186.0,-3903.0,-1282.0,0,0,0,0,0
225555.006,1.9748424291610718,1.9580564498901367,1.4411964416503906,-0.04121505841612816,0.14369846880435944,-0.05283951014280319,0.6846088171005249,10.203927993774414,-82.205322265625,-86.45944213867188,-19.27604103088379,197.70382690429688,-2564.0,-5308.0,-1376.0,0,0,0,0,0
225564.914,1.9741957187652588,1.9599013328552246,1.440567135810852,-0.04463699087500572,0.15526674687862396,-0.05586284026503563,-0.08227019757032394,10.284748077392578,-82.28732299804688,-8.280450820922852,20.25714874267578,183.90737915039062,2178.0,-5816.0,-2597.0,0,0,0,0,0
225574.824,1.9732306003570557,1.9622585773468018,1.4401602745056152,-0.048996564000844955,0.18171121180057526,0.017886441200971603,-0.5379035472869873,10.018505096435547,-80.76422119140625,-61.232627868652344,1.0640645027160645,22.03212547302246,1955.0,-3948.0,-2666.0,0,0,0,0,0
225584.747,1.972100853919983,1.9648215770721436,1.4401668310165405,-0.05188547819852829,0.19273591041564941,0.010868859477341175,-1.2914375066757202,9.898175239562988,-80.48313903808594,-79.8922119140625,43.25856018066406,69.41404724121094,2601.0,-2562.0,-1058.0,0,0,0,0,0
225594.642,1.9708999395370483,1.967815637588501,1.4404267072677612,-0.05279039964079857,0.2150982767343521,0.062924325466156,-1.8771007061004639,9.413043022155762,-81.35671997070312,28.551422119140625,50.84666061401367,-7.028675079345703,3157.0,-1265.0,-104.0,0,0,0,0,0
225604.553,1.9698623418807983,1.9709558486938477,1.4404816627502441,-0.0508698932826519,0.2134445309638977,-0.0254745502024889,-1.1513680219650269,8.976420402526855,-81.6834487915039,132.7599334716797,27.69599151611328,-11.55123519897461,-250.0,-570.0,-539.0,0,0,0,0,0
225614.463,1.9690804481506348,1.9739140272140503,1.4398833513259888,-0.04918086156249046,0.22147563099861145,-0.04130265861749649,0.0530678927898407,8.564785957336426,-80.30077362060547,140.2509002685547,42.177974700927734,55.528663635253906,-5789.0,-512.0,-655.0,0,0,0,0,0
225624.379,1.9684609174728394,1.9766229391098022,1.4393960237503052,-0.05007852241396904,0.2303759902715683,-0.031772859394550323,1.1428096294403076,8.31599235534668,-79.84385681152344,-101.19242095947266,12.781996726989746,-214.14125061035156,-8127.0,-1060.0,947.0,0,0,0,0,0
225634.29,1.9677083492279053,1.9798344373703003,1.438820242881775,-0.0542132705450058,0.23684744536876678,-0.037734225392341614,-0.05338817089796066,8.139389991760254,-80.68799591064453,-54.127567291259766,35.28512954711914,-121.26018524169922,-1894.0,-2275.0,1939.0,0,0,0,0,0
225644.189,1.9667701721191406,1.9831438064575195,1.4383033514022827,-0.05608672648668289,0.24626542627811432,-0.023882195353507996,-0.1599106341600418,7.843173980712891,-82.40522003173828,-43.600833892822266,31.35982322692871,169.11888122558594,1905.0,-2621.0,1140.0,0,0,0,0,0
225654.098,1.9656994342803955,1.9865434169769287,1.438249111175537,-0.05839717015624046,0.2625349164009094,0.04850052669644356,-0.8369771838188171,7.486600875854492,-81.16748809814453,-45.32146453857422,22.01624870300293,-161.16651916503906,2061.0,-2199.0,-586.0,0,0,0,0,0
225664.028,1.964833378791809,1.9896681308746338,1.438494324684143,-0.058630477637052536,0.26384761929512024,0.01861240714788437,-1.3001738786697388,7.067591667175293,-81.97561645507812,-82.27521514892578,42.014373779296875,-29.95905113220215,2337.0,-1490.0,-1211.0,0,0,0,0,0
225673.912,1.9636914730072021,1.9932825565338135,1.4387582540512085,-0.057530421763658524,0.2759622037410736,0.07527744770050049,-1.8409292697906494,6.7422661781311035,-82.74140930175781,81.88379669189453,77.12548828125,155.3199920654297,2554.0,-1119.0,-2590.0,0,0,0,0,0
225683.832,1.9627130031585693,1.996948003768921,1.438856840133667,-0.05508580058813095,0.27137404680252075,-0.01827242597937584,-1.0636978149414062,6.061075210571289,-81.62657928466797,153.63861083984375,91.46937561035156,29.718334197998047,-1492.0,-482.0,-3691.0,0,0,0,0,0
225693.731,1.9619582891464233,2.0006442070007324,1.4383736848831177,-0.05262254551053047,0.2750374972820282,-0.020906472578644753,0.20535917580127716,5.452279090881348,-80.47026824951172,170.3507080078125,38.97429656982422,65.84241485595703,-6605.0,744.0,-2812.0,0,0,0,0,0
225703.662,1.9613642692565918,2.003908157348633,1.438148856163025,-0.05279310792684555,0.27746081352233887,0.002141977194696665,1.4301137924194336,5.185630798339844,-80.63050079345703,-121.07042694091797,22.465688705444336,-15.004337310791016,-8531.0,57.0,-836.0,0,0,0,0,0
225713.549,1.9606361389160156,2.0079784393310547,1.437751054763794,-0.0557420551776886,0.276493102312088,-0.028019992634654045,0.056698691099882126,4.907951831817627,-79.63876342773438,-53.7109260559082,9.05393123626709,61.388648986816406,-2144.0,-1479.0,754.0,0,0,0,0,0
225723.457,1.959950566291809,2.0112338066101074,1.4375216960906982,-0.05628999322652817,0.278347909450531,0.005053350236266851,-0.16055215895175934,4.660441875457764,-80.12682342529297,-93.2550277709961,37.17853546142578,187.03756713867188,1588.0,-2180.0,2858.0,0,0,0,0,0
225733.367,1.9590067863464355,2.014873504638672,1.437549114227295,-0.05702703073620796,0.28160884976387024,0.04730246588587761,-1.0112934112548828,4.208189964294434,-79.52503204345703,-5.9686455726623535,30.0372257232666,-244.08302307128906,2608.0,-1857.0,3991.0,0,0,0,0,0
225743.285,1.9579720497131348,2.0185275077819824,1.4378747940063477,-0.05645924061536789,0.28046971559524536,0.03822733461856842,-1.213489294052124,3.85699725151062,-80.67660522460938,-95.21018981933594,59.86931610107422,-78.10880279541016,2154.0,-1071.0,4328.0,0,0,0,0,0
225753.185,1.9569854736328125,2.022094249725342,1.4382753372192383,-0.054485149681568146,0.28208065032958984,0.08182559907436371,-1.9417539834976196,3.3815646171569824,-81.06643676757812,113.16273498535156,83.33104705810547,44.23354721069336,2402.0,-652.0,3296.0,0,0,0,0,0
225763.093,1.9562294483184814,2.025674343109131,1.4385086297988892,-0.05035378783941269,0.2770698070526123,-0.0015743266558274627,-0.7099385261535645,2.683872938156128,-80.77557373046875,141.99530029296875,81.15137481689453,3.1403799057006836,-2287.0,413.0,2202.0,0,0,0,0,0
225773.002,1.9556883573532104,2.028869390487671,1.438310146331787,-0.04717613756656647,0.2733153700828552,-0.008839773014187813,0.5125522017478943,2.0579376220703125,-79.95001983642578,164.04745483398438,17.715036392211914,-0.14306578040122986,-7174.0,1414.0,1947.0,0,0,0,0,0
225782.921,1.9552149772644043,2.0323944091796875,1.4381593465805054,-0.047211140394210815,0.26965242624282837,0.02987021394073963,1.8295528888702393,1.9207048416137695,-80.11709594726562,-76.69144439697266,0.685613214969635,-98.74234008789062,-9008.0,201.0,2538.0,0,0,0,0,0
225792.82,1.9547127485275269,2.035876512527466,1.4380035400390625,-0.048586029559373856,0.26306846737861633,-0.01638602837920189,1.0187591314315796,1.7557463645935059,-79.75907135009766,-54.17043685913086,22.07573699951172,-73.01644897460938,-3906.0,-1935.0,2805.0,0,0,0,0,0
225802.738,1.954035758972168,2.0392425060272217,1.4377613067626953,-0.05048723518848419,0.2587455213069916,0.019862961024045944,0.7133970260620117,1.5013093948364258,-80.67829895019531,-108.39644622802734,50.025203704833984,97.135986328125,91.0,-2511.0,2981.0,0,0,0,0,0
225812.638,1.9531564712524414,2.0424575805664062,1.4377930164337158,-0.05237339809536934,0.25366997718811035,0.031442686915397644,-0.36948415637016296,1.002077341079712,-80.65512084960938,4.130356788635254,55.89573669433594,-7.7135748863220215,2531.0,-1413.0,2182.0,0,0,0,0,0
225822.556,1.9524188041687012,2.0453174114227295,1.4380358457565308,-0.05118656903505325,0.24745677411556244,0.03621697425842285,-0.4720304012298584,0.4867461919784546,-81.45050811767578,-126.5515365600586,41.34640121459961,79.31586456298828,2000.0,176.0,1122.0,0,0,0,0,0
225832.466,1.9515130519866943,2.048393487930298,1.4382340908050537,-0.05040653795003891,0.24119138717651367,0.051611561328172684,-1.5175691843032837,-0.018303299322724342,-80.61988067626953,93.14083099365234,79.51417541503906,-74.39779663085938,2692.0,948.0,-86.0,0,0,0,0,0
225842.365,1.9507429599761963,2.0513691902160645,1.4382824897766113,-0.04637850821018219,0.23600713908672333,-0.003975403495132923,-0.1726677268743515,-0.8394100666046143,-80.68425750732422,99.77649688720703,71.97899627685547,-7.410176753997803,-2412.0,3005.0,-133.0,0,0,0,0,0
225852.274,1.9502593278884888,2.054293155670166,1.4378470182418823,-0.043546419590711594,0.22842325270175934,-0.018200648948550224,0.6585441827774048,-1.3977597951889038,-79.87173461914062,107.90059661865234,46.0826416015625,219.13919067382812,-6352.0,3201.0,258.0,0,0,0,0,0
225862.192,1.9498990774154663,2.057056188583374,1.4375866651535034,-0.042677126824855804,0.21735908091068268,0.03159364312887192,1.7046808004379272,-1.7315419912338257,-79.10525512695312,0.13684676587581635,31.633039474487305,3.6541855335235596,-7440.0,1986.0,2001.0,0,0,0,0,0
225872.091,1.9494907855987549,2.0596752166748047,1.4373786449432373,-0.042505308985710144,0.2088242769241333,-0.011214164085686207,1.5738999843597412,-2.017242670059204,-78.57564544677734,-107.05767822265625,17.54880714416504,-219.46664428710938,-4758.0,621.0,4101.0,0,0,0,0,0
225882.016,1.9489985704421997,2.061976671218872,1.4371154308319092,-0.04397988319396973,0.19754453003406525,-0.005639799404889345,0.644929826259613,-2.2505204677581787,-79.63741302490234,-121.22489929199219,24.34693717956543,-44.65176773071289,123.0,-192.0,5468.0,0,0,0,0,0
225891.922,1.9482791423797607,2.0643374919891357,1.4368067979812622,-0.04452701285481453,0.18671271204948425,0.006537557579576969,-0.5105230808258057,-2.533033847808838,-80.41089630126953,-105.45361328125,42.78410339355469,54.480674743652344,3959.0,-6.0,4913.0,0,0,0,0,0
225901.828,1.9474214315414429,2.0665664672851562,1.436629295349121,-0.042771004140377045,0.17587758600711823,0.02570914663374424,-1.1401993036270142,-2.927685022354126,-80.53954315185547,-83.0765380859375,24.777408599853516,-164.7837371826172,4207.0,748.0,3580.0,0,0,0,0,0
225911.727,1.946644902229309,2.0685887336730957,1.4364715814590454,-0.04118572548031807,0.16636832058429718,0.007982958108186722,-1.9127000570297241,-3.25163197517395,-81.03440856933594,42.02690887451172,76.20718383789062,-2.692361354827881,3270.0,997.0,2024.0,0,0,0,0,0
225921.635,1.9461121559143066,2.0703775882720947,1.4362077713012695,-0.03638702258467674,0.1583147794008255,-0.02008049003779888,-0.9475944638252258,-3.937772512435913,-81.26189422607422,110.11477661132812,67.78471374511719,92.02487182617188,-1369.0,2233.0,549.0,0,0,0,0,0
225931.545,1.9456841945648193,2.072202682495117,1.4356656074523926,-0.0319904163479805,0.1465042680501938,-0.006796640809625387,-0.16353340446949005,-4.5352702140808105,-79.97181701660156,77.7332763671875,48.74080276489258,160.85498046875,-5125.0,3864.0,-105.0,0,0,0,0,0
225941.473,1.9454193115234375,2.0739197731018066,1.435238242149353,-0.028455156832933426,0.13396534323692322,0.001079013105481863,0.6610268950462341,-4.945189952850342,-79.25627136230469,40.61136245727539,7.635530471801758,-7.09106969833374,-5982.0,3944.0,1243.0,0,0,0,0,0
225951.363,1.9452110528945923,2.0754144191741943,1.4348567724227905,-0.026476867496967316,0.12115810811519623,-0.0006316180224530399,1.04176926612854,-5.151568412780762,-79.21138763427734,-70.72162628173828,-4.294388294219971,-107.47504425048828,-5160.0,2706.0,2890.0,0,0,0,0,0
225961.272,1.9449278116226196,2.076805353164673,1.4344441890716553,-0.02707253023982048,0.10952877253293991,-0.03569047525525093,-0.09793341159820557,-5.294489860534668,-79.1419677734375,-153.0594024658203,19.767772674560547,105.49878692626953,-349.0,1397.0,4067.0,0,0,0,0,0
225971.181,1.9444793462753296,2.0779576301574707,1.43372642993927,-0.02498108707368374,0.09517443180084229,-0.01742156222462654,-1.288535237312317,-5.546489238739014,-78.82067108154297,-101.27816009521484,45.79496383666992,-80.13777923583984,4401.0,1220.0,5275.0,0,0,0,0,0
225981.11,1.9439090490341187,2.078928232192993,1.433152437210083,-0.022072507068514824,0.082900270819664,-0.01665990613400936,-2.286530017852783,-5.883732318878174,-79.74199676513672,-64.697021484375,16.51081657409668,-170.0537567138672,5353.0,2083.0,5748.0,0,0,0,0,0
225991.001,1.9433552026748657,2.079730272293091,1.4326847791671753,-0.016644228249788284,0.06905583292245865,-0.002113476162776351,-3.1163477897644043,-6.028058052062988,-81.10271453857422,19.96565818786621,60.23875045776367,59.79426574707031,4544.0,2522.0,4323.0,0,0,0,0,0
226000.91,1.9429259300231934,2.0804224014282227,1.4320415258407593,-0.011815336532890797,0.0621001161634922,-0.040647588670253754,-2.278674602508545,-6.66575813293457,-81.04788208007812,151.40835571289062,60.25558090209961,104.37578582763672,84.0,3480.0,2098.0,0,0,0,0,0
226010.823,1.9428329467773438,2.0809688568115234,1.4313496351242065,-0.003720572218298912,0.04646835848689079,-0.011405454948544502,-1.212954044342041,-7.260686874389648,-79.78031921386719,62.678749084472656,25.22840690612793,149.1513214111328,-4752.0,5460.0,1051.0,0,0,0,0,0
226020.737,1.9429523944854736,2.0813562870025635,1.430721640586853,0.001496286946348846,0.034534014761447906,-0.022885162383317947,-0.374846875667572,-7.535001277923584,-79.35863494873047,44.32053756713867,4.260105609893799,-132.9905548095703,-5991.0,5579.0,1880.0,0,0,0,0,0
226030.637,1.9430596828460693,2.081587314605713,1.430444359779358,0.0059411292895674706,0.016312988474965096,0.010233601555228233,0.2571113407611847,-7.603950023651123,-79.37335968017578,-29.257747650146484,-9.628202438354492,-144.61508178710938,-5682.0,3965.0,2712.0,0,0,0,0,0
226040.555,1.9432135820388794,2.081620693206787,1.4298794269561768,0.0061575183644890785,0.007297919597476721,-0.032077379524707794,-0.5638255476951599,-7.497371673583984,-79.59364318847656,-173.89144897460938,9.190041542053223,187.1568145751953,-1329.0,2102.0,3287.0,0,0,0,0,0
226050.451,1.943153738975525,2.0814733505249023,1.4291760921478271,0.009393218904733658,-0.008865837939083576,-0.009912160225212574,-1.8001683950424194,-7.543920516967773,-79.11915588378906,-90.52996826171875,27.99658966064453,-144.0778045654297,4284.0,1274.0,4015.0,0,0,0,0,0
226060.371,1.9429662227630615,2.0811448097229004,1.4285061359405518,0.011357808485627174,-0.019119475036859512,-0.02834705077111721,-2.9813506603240967,-7.68981409072876,-80.20652770996094,-81.40961456298828,-7.552420616149902,-165.00009155273438,6014.0,2161.0,4190.0,0,0,0,0,0
226070.269,1.9428318738937378,2.080645799636841,1.4279813766479492,0.020402755588293076,-0.03678031265735626,0.013997737318277359,-3.873040199279785,-7.572487831115723,-81.3662109375,22.04452133178711,29.638463973999023,82.55807495117188,5520.0,2565.0,2674.0,0,0,0,0,0
226080.178,1.9429672956466675,2.080110788345337,1.4275118112564087,0.023572348058223724,-0.03826908394694328,-0.05303361639380455,-3.1673877239227295,-8.045705795288086,-81.02291107177734,154.4093780517578,43.20995330810547,10.255523681640625,952.0,3470.0,700.0,0,0,0,0,0
226090.087,1.9432357549667358,2.0794074535369873,1.4266525506973267,0.033499810844659805,-0.054724790155887604,-0.015524497255682945,-1.9043782949447632,-8.497673988342285,-80.228271484375,61.30727767944336,16.4067325592041,112.04430389404297,-4411.0,5874.0,-39.0,0,0,0,0,0
226100.006,1.9437599182128906,2.0785155296325684,1.4259836673736572,0.039298318326473236,-0.06647951900959015,-0.01948085054755211,-1.1374114751815796,-8.674424171447754,-79.76754760742188,40.054039001464844,10.523991584777832,-66.92057800292969,-5690.0,6374.0,673.0,0,0,0,0,0
226109.905,1.9443835020065308,2.077454090118408,1.4254686832427979,0.04531512409448624,-0.0841338187456131,0.01414575893431902,-0.32454463839530945,-8.716024398803711,-79.35445404052734,8.177640914916992,-26.17431640625,-114.9334716796875,-5524.0,5151.0,1756.0,0,0,0,0,0
226119.813,1.9449365139007568,2.076385498046875,1.4251830577850342,0.04562756046652794,-0.09081977605819702,-0.027807364240288734,-0.9109260439872742,-8.4010009765625,-79.68573760986328,-186.0029754638672,-15.209370613098145,179.9671173095703,-1941.0,3163.0,2882.0,0,0,0,0,0
226129.733,1.9453909397125244,2.0750081539154053,1.4244595766067505,0.04936954379081726,-0.10623666644096375,-0.003066109726205468,-2.176631450653076,-8.221418380737305,-79.0992202758789,-72.88627624511719,-5.8626933097839355,-125.7598876953125,3908.0,1619.0,3824.0,0,0,0,0,0
226139.654,1.9457080364227295,2.07346773147583,1.4238120317459106,0.05177615210413933,-0.11485328525304794,-0.019850201904773712,-3.140775442123413,-8.119956970214844,-79.74312591552734,-75.74014282226562,-19.76535987854004,-195.8707275390625,5693.0,1895.0,4417.0,0,0,0,0,0
226149.54,1.9460437297821045,2.0717697143554688,1.4233208894729614,0.06065286323428154,-0.13032886385917664,0.021410934627056122,-3.9987010955810547,-7.860554218292236,-81.06622314453125,36.37226486206055,8.9063081741333,59.70494079589844,5194.0,2362.0,3548.0,0,0,0,0,0
226159.459,1.9465129375457764,2.070011854171753,1.422607660293579,0.06305661052465439,-0.13009800016880035,-0.04486112669110298,-3.206667900085449,-8.065985679626465,-81.01746368408203,172.08811950683594,17.156829833984375,-1.5324738025665283,551.0,3297.0,1710.0,0,0,0,0,0
226169.36,1.9472929239273071,2.0681891441345215,1.4217698574066162,0.07233522087335587,-0.14352843165397644,-0.009534339420497417,-1.8069214820861816,-8.264687538146973,-80.2638931274414,71.03691101074219,-5.7458672523498535,115.98848724365234,-4969.0,5221.0,687.0,0,0,0,0,0
226179.276,1.948156714439392,2.0664522647857666,1.4213756322860718,0.07681071013212204,-0.151469424366951,-0.014466574415564537,-0.9441970586776733,-8.199736595153809,-79.68901062011719,48.08052444458008,-9.488391876220703,-132.349365234375,-6216.0,5526.0,1164.0,0,0,0,0,0
226189.181,1.949218988418579,2.064356565475464,1.4208697080612183,0.08148860931396484,-0.1661573201417923,0.02397007681429386,-0.0784507542848587,-8.019466400146484,-79.59513854980469,14.98322868347168,-45.67221450805664,-177.72837829589844,-6024.0,4318.0,1953.0,0,0,0,0,0
226199.085,1.950252890586853,2.0621345043182373,1.4204082489013672,0.08110179752111435,-0.170990988612175,-0.013976532965898514,-0.61166912317276,-7.518015384674072,-80.11009216308594,-186.37991333007812,-36.51424026489258,196.98094177246094,-2381.0,2378.0,2482.0,0,0,0,0,0
226208.994,1.951025366783142,2.0598013401031494,1.4198569059371948,0.08282263576984406,-0.1825418919324875,0.013165927492082119,-1.8359265327453613,-7.152376174926758,-79.30097198486328,-70.1750717163086,-28.59266471862793,-107.11944580078125,3645.0,880.0,2995.0,0,0,0,0,0
226218.92,1.9516774415969849,2.05737042427063,1.4193048477172852,0.08300836384296417,-0.18658222258090973,-0.011647033505141735,-2.827582836151123,-6.903674125671387,-79.8337173461914,-98.90799713134766,-24.62523078918457,-234.52972412109375,5752.0,1286.0,3576.0,0,0,0,0,0
226228.811,1.9524662494659424,2.0551161766052246,1.4191073179244995,0.09026456624269485,-0.1959521472454071,0.029274674132466316,-3.608417272567749,-6.556341648101807,-80.91925048828125,50.632957458496094,-5.930398941040039,-33.45957946777344,5267.0,2091.0,2887.0,0,0,0,0,0
226238.72,1.9532535076141357,2.0525147914886475,1.4184476137161255,0.091183602809906,-0.1920948624610901,-0.04716203734278679,-2.7084717750549316,-6.646445274353027,-80.74729919433594,138.4619903564453,7.538443565368652,49.506065368652344,180.0,3224.0,1490.0,0,0,0,0,0
226248.629,1.9543038606643677,2.049907684326172,1.4176359176635742,0.09849335998296738,-0.20162957906723022,-0.0015146916266530752,-1.3634157180786133,-6.714853763580322,-79.69175720214844,79.32373046875,-18.327735900878906,80.83570098876953,-5387.0,5076.0,1354.0,0,0,0,0,0
226258.547,1.9555546045303345,2.0472700595855713,1.4171504974365234,0.10217840224504471,-0.20863929390907288,0.015990229323506355,-0.7762774229049683,-6.486400127410889,-79.81580352783203,37.992008209228516,-20.02521324157715,13.19020938873291,-5867.0,5007.0,2274.0,0,0,0,0,0
226268.447,1.956825852394104,2.044551372528076,1.4168391227722168,0.10460517555475235,-0.21491828560829163,0.02976895682513714,0.18587283790111542,-6.189209938049316,-79.37535858154297,43.62516784667969,-69.33660888671875,-183.84764099121094,-5585.0,3564.0,2889.0,0,0,0,0,0
226278.355,1.9579930305480957,2.0420572757720947,1.4167643785476685,0.10331648588180542,-0.21680660545825958,0.0033834713976830244,-0.13857506215572357,-5.470246315002441,-79.85652160644531,-196.0003662109375,-65.05257415771484,127.89556884765625,-2862.0,1398.0,3406.0,0,0,0,0,0
226288.264,1.9590506553649902,2.0392074584960938,1.4163100719451904,0.10225263237953186,-0.2214210331439972,0.014218385331332684,-1.4214725494384766,-4.881004810333252,-79.68196105957031,-63.82533264160156,-53.048805236816406,-147.80458068847656,3028.0,-539.0,3625.0,0,0,0,0,0
226298.183,1.959916114807129,2.0363543033599854,1.415809988975525,0.1012558564543724,-0.22186453640460968,-0.006371093448251486,-2.409334659576416,-4.430393218994141,-80.60418701171875,-129.38677978515625,-47.3841438293457,-231.04306030273438,5622.0,-813.0,3012.0,0,0,0,0,0
226308.092,1.960851788520813,2.0332279205322266,1.4153692722320557,0.10453595221042633,-0.22371923923492432,0.013164511881768703,-2.963437795639038,-3.961050510406494,-81.00127410888672,75.64237976074219,-17.89352798461914,-119.80197143554688,4984.0,445.0,1490.0,0,0,0,0,0
226317.991,1.9619207382202148,2.030130386352539,1.414736032485962,0.10712208598852158,-0.21954646706581116,-0.030795415863394737,-1.7028931379318237,-3.971052646636963,-80.63450622558594,95.89404296875,-2.5439083576202393,88.1466293334961,-820.0,1998.0,294.0,0,0,0,0,0
226327.899,1.961962342262268,2.0298359394073486,1.41447913646698,0.10719956457614899,-0.22034820914268494,-0.03186975046992302,-1.7021701335906982,-3.986875057220459,-80.63764953613281,75.07556915283203,-32.572147369384766,94.13114929199219,-5409.0,3887.0,346.0,0,0,0,0,0
226337.818,1.9633594751358032,2.0267772674560547,1.4138230085372925,0.11068792641162872,-0.2216598391532898,-0.0003726226568687707,-0.5834382772445679,-3.784292459487915,-79.55414581298828,35.430259704589844,-17.187469482421875,109.65007781982422,-5523.0,3501.0,1419.0,0,0,0,0,0
226347.721,1.9646928310394287,2.0239644050598145,1.413515329360962,0.1115044578909874,-0.22312398254871368,0.030111517757177353,-0.3343503177165985,-3.50923752784729,-80.1225814819336,52.339874267578125,-78.94515991210938,-122.92012786865234,-5147.0,2633.0,2189.0,0,0,0,0,0
226357.63,1.9659754037857056,2.0211431980133057,1.4133976697921753,0.11170131713151932,-0.22249411046504974,0.029780631884932518,0.7477878332138062,-3.1090524196624756,-79.667724609375,-199.24554443359375,-78.19874572753906,121.44458770751953,-2884.0,415.0,2848.0,0,0,0,0,0
226367.538,1.9670358896255493,2.0186305046081543,1.4133903980255127,0.10779572278261185,-0.22107477486133575,0.015311334282159805,-0.09334833174943924,-2.2811310291290283,-79.38226318359375,-73.7336196899414,-57.534915924072266,-76.493896484375,3321.0,-1657.0,3765.0,0,0,0,0,0
226377.456,1.9680026769638062,2.0161595344543457,1.4133400917053223,0.10490761697292328,-0.2181730717420578,0.01839294098317623,-1.2286443710327148,-1.6977872848510742,-80.14473724365234,-146.78280639648438,-43.21282196044922,-128.89236450195312,5972.0,-1471.0,3143.0,0,0,0,0,0
226387.361,1.9685912132263184,2.013249158859253,1.4128141403198242,0.10260570049285889,-0.21523812413215637,0.021064236760139465,-2.53238582611084,-1.2742595672607422,-81.4504623413086,86.00008392333984,-14.445866584777832,-179.54437255859375,4856.0,-124.0,1254.0,0,0,0,0,0
226397.271,1.9694935083389282,2.0106217861175537,1.4124354124069214,0.10339245200157166,-0.20993173122406006,-0.0034630063455551863,-2.323888063430786,-1.0165292024612427,-81.21505737304688,39.7070198059082,-1.7236812114715576,156.70083618164062,-1195.0,1839.0,-50.0,0,0,0,0,0
226407.171,1.9705578088760376,2.0080819129943848,1.4119459390640259,0.10518760979175568,-0.20379483699798584,-0.019458498805761337,-1.4470374584197998,-1.0624663829803467,-80.1989974975586,52.350868225097656,-30.506242752075195,-17.44752311706543,-4647.0,3390.0,508.0,0,0,0,0,0
226417.089,1.9716289043426514,2.0060343742370605,1.4119453430175781,0.10647821426391602,-0.19792519509792328,0.01962645724415779,-0.5614516139030457,-0.8476446866989136,-79.72135925292969,70.90801239013672,-24.13147735595703,219.04209899902344,-4472.0,2839.0,1267.0,0,0,0,0,0
226426.998,1.9729677438735962,2.003499746322632,1.4115700721740723,0.10629166662693024,-0.193531796336174,0.03346475213766098,-0.40152448415756226,-0.6148828268051147,-80.14398193359375,47.97163772583008,-69.27615356445312,-45.33196258544922,-4764.0,1902.0,1906.0,0,0,0,0,0
226436.9,1.974199891090393,2.001147985458374,1.4116474390029907,0.10581798851490021,-0.18858060240745544,0.04090936481952667,0.6361988186836243,-0.22362640500068665,-79.92597961425781,-178.54486083984375,-66.95430755615234,38.385093688964844,-2374.0,-68.0,2534.0,0,0,0,0,0
226446.806,1.9751429557800293,1.99889075756073,1.4115955829620361,0.10092061012983322,-0.18454979360103607,0.01323699951171875,-0.5087215304374695,0.5187095999717712,-79.3165283203125,-79.41537475585938,-46.666011810302734,-26.373706817626953,3752.0,-1999.0,3314.0,0,0,0,0,0
226456.725,1.9759454727172852,1.9966994524002075,1.4113388061523438,0.09761356562376022,-0.1785159707069397,0.0012779212556779385,-1.5599440336227417,1.0475184917449951,-80.65067291259766,-131.82192993164062,-33.732234954833984,109.49031829833984,6478.0,-1886.0,2001.0,0,0,0,0,0
226466.624,1.9766900539398193,1.9945998191833496,1.4111249446868896,0.09660979360342026,-0.17073097825050354,0.011571613140404224,-2.889965057373047,1.4596264362335205,-82.23088836669922,101.03135681152344,-2.359160900115967,-119.71697998046875,4834.0,-536.0,-296.0,0,0,0,0,0
226476.533,1.9776216745376587,1.9927774667739868,1.4109292030334473,0.09755877405405045,-0.16264945268630981,-0.024855811148881912,-2.5174078941345215,1.561864972114563,-81.32666015625,22.795106887817383,0.37688955664634705,75.9509506225586,-1412.0,1926.0,-1218.0,0,0,0,0,0
226486.443,1.978645920753479,1.990922212600708,1.4104008674621582,0.09975526481866837,-0.1531718224287033,-0.018519336357712746,-1.789825677871704,1.377990961074829,-80.153076171875,52.400047302246094,-23.336381912231445,-78.97521209716797,-4235.0,3535.0,-311.0,0,0,0,0,0
226496.375,1.9798240661621094,1.9892394542694092,1.4101449251174927,0.10167185962200165,-0.14391613006591797,0.015557306818664074,-0.9037639498710632,1.5475505590438843,-80.27877044677734,79.46768188476562,-12.131426811218262,240.3097381591797,-4148.0,2733.0,153.0,0,0,0,0,0
226506.259,1.9810051918029785,1.9876563549041748,1.4101253747940063,0.10120455920696259,-0.1356803923845291,0.022684460505843163,-0.6484701037406921,1.6615804433822632,-80.49768829345703,36.0937614440918,-49.11365509033203,-37.807350158691406,-4566.0,2087.0,810.0,0,0,0,0,0
226516.182,1.9820207357406616,1.986316204071045,1.4104094505310059,0.10017826408147812,-0.12712474167346954,0.03378955274820328,0.36119332909584045,1.8665862083435059,-80.01083374023438,-160.03707885742188,-34.453147888183594,-25.41228485107422,-1801.0,513.0,1811.0,0,0,0,0,0
226526.076,1.9829636812210083,1.9848966598510742,1.4102816581726074,0.09569352120161057,-0.12167125940322876,0.007817612960934639,-0.7244837880134583,2.42668080329895,-79.57380676269531,-82.4139633178711,-40.13108825683594,107.91435241699219,3956.0,-1316.0,2575.0,0,0,0,0,0
226535.999,1.9837747812271118,1.9835683107376099,1.410096526145935,0.09283817559480667,-0.11426331847906113,-0.004926309455186129,-1.6631118059158325,2.8392333984375,-80.80118560791016,-98.04975891113281,-16.877269744873047,339.7480773925781,6594.0,-1502.0,1418.0,0,0,0,0,0
226545.896,1.984466552734375,1.982360601425171,1.409967064857483,0.0919649749994278,-0.10444498807191849,0.00961623340845108,-3.0266060829162598,3.1387100219726562,-82.4320297241211,109.2723617553711,15.86285400390625,-83.80794525146484,4368.0,-258.0,-584.0,0,0,0,0,0
226555.803,1.985375165939331,1.9812971353530884,1.4097362756729126,0.09322286397218704,-0.09686338156461716,-0.034045152366161346,-2.4514455795288086,3.0864410400390625,-81.54363250732422,35.02578353881836,4.256800651550293,8.99089527130127,-1831.0,2261.0,-1402.0,0,0,0,0,0
226565.712,1.9864193201065063,1.9804043769836426,1.4093036651611328,0.09549152851104736,-0.0860065370798111,-0.023827679455280304,-1.7178467512130737,2.778679132461548,-80.28177642822266,23.19162368774414,-15.358599662780762,-103.37881469726562,-4428.0,3701.0,-518.0,0,0,0,0,0
226575.631,1.9875913858413696,1.9796645641326904,1.4091486930847168,0.09724462032318115,-0.07480014115571976,0.02104295790195465,-0.8835261464118958,2.874051809310913,-80.5122299194336,95.07567596435547,-2.9661197662353516,133.61302185058594,-3917.0,2670.0,26.0,0,0,0,0,0
226585.53,1.9886707067489624,1.9789927005767822,1.4093091487884521,0.09641508013010025,-0.06624194979667664,0.024449050426483154,-0.6128063201904297,2.8982837200164795,-80.16490936279297,12.037308692932129,-34.18000411987305,-2.224074125289917,-4557.0,1930.0,1101.0,0,0,0,0,0
226595.452,1.9897772073745728,1.9784764051437378,1.4096165895462036,0.0954882875084877,-0.05676985904574394,0.050555311143398285,0.38424375653266907,3.027776002883911,-80.07010650634766,-148.98973083496094,-9.159433364868164,-46.43567657470703,-1294.0,469.0,2151.0,0,0,0,0,0
226605.351,1.9906400442123413,1.9780232906341553,1.4098219871520996,0.09082279354333878,-0.05207379534840584,0.014110873453319073,-0.8212336301803589,3.437100648880005,-79.8320083618164,-89.95171356201172,-25.502212524414062,144.30096435546875,4402.0,-1015.0,2500.0,0,0,0,0,0
226615.266,1.9922842979431152,1.9772562980651855,1.4099615812301636,0.0885826051235199,-0.034535735845565796,0.02737615443766117,-3.110687255859375,3.916170597076416,-82.284423828125,-57.874847412109375,-8.21040153503418,413.6177978515625,7172.0,-1176.0,897.0,0,0,0,0,0
226625.165,1.993011474609375,1.977082371711731,1.4098591804504395,0.08957206457853317,-0.02925071120262146,-0.03302186354994774,-2.2652406692504883,3.795452356338501,-81.74425506591797,128.02072143554688,29.3853759765625,-30.57904624938965,3976.0,-31.0,-1004.0,0,0,0,0,0
226635.073,1.993013858795166,1.9772021770477295,1.409753680229187,0.08957809209823608,-0.028985312208533287,-0.03346030041575432,-2.2652406692504883,3.795452356338501,-81.74425506591797,38.646759033203125,2.120685338973999,-45.51594543457031,-2375.0,2248.0,-1770.0,0,0,0,0,0
226644.983,1.9940552711486816,1.9770554304122925,1.4094886779785156,0.09193852543830872,-0.01680831052362919,0.001047419966198504,-1.56348717212677,3.4471466541290283,-80.71375274658203,12.49756908416748,-8.755308151245117,-170.85719299316406,-4406.0,3259.0,-1226.0,0,0,0,0,0
226654.902,1.9953646659851074,1.9773720502853394,1.4095877408981323,0.09373628348112106,-0.004717267118394375,0.049041420221328735,-0.7710427045822144,3.5214476585388184,-81.1281967163086,99.84706115722656,-3.878715753555298,14.623955726623535,-3827.0,2093.0,-939.0,0,0,0,0,0
226664.801,1.996525526046753,1.9776655435562134,1.4098695516586304,0.0935584232211113,0.0020214184187352657,0.03302636370062828,-0.2558620870113373,3.4771194458007812,-80.037353515625,-24.71244239807129,-29.96669578552246,-11.647254943847656,-4697.0,1327.0,308.0,0,0,0,0,0
226674.71,1.9975576400756836,1.9780263900756836,1.4102885723114014,0.09161442518234253,0.011124053038656712,0.06879749149084091,0.555438220500946,3.6322274208068848,-80.12840270996094,-132.08456420898438,5.513958930969238,-39.05075454711914,-906.0,-112.0,1623.0,0,0,0,0,0
226684.618,1.998412013053894,1.9783095121383667,1.410685420036316,0.08672547340393066,0.014102685265243053,0.025804419070482254,-0.7996642589569092,3.8403940200805664,-80.05701446533203,-99.96951293945312,-6.1517558097839355,135.60745239257812,4336.0,-761.0,2055.0,0,0,0,0,0
226694.551,1.9991587400436401,1.9787906408309937,1.410746693611145,0.08454222232103348,0.020751656964421272,0.02089613489806652,-1.6009005308151245,4.04208517074585,-81.04064178466797,-26.49773597717285,9.793525695800781,347.3905334472656,7184.0,-867.0,1085.0,0,0,0,0,0
226704.436,1.9999502897262573,1.9794025421142578,1.410947561264038,0.08428804576396942,0.030622748658061028,0.04233359172940254,-2.7548599243164062,4.050975799560547,-80.94428253173828,131.293212890625,39.651954650878906,-48.041778564453125,3310.0,279.0,560.0,0,0,0,0,0
226714.347,2.000889301300049,1.979943871498108,1.4108848571777344,0.08678671717643738,0.03409853205084801,-0.03293997421860695,-1.3055806159973145,3.7664473056793213,-81.43757629394531,44.0057373046875,2.7565784454345703,-0.33637672662734985,-2861.0,2374.0,-24.0,0,0,0,0,0
226724.256,2.001927614212036,1.9809606075286865,1.4105241298675537,0.08783358335494995,0.04602164030075073,0.033175621181726456,-0.8955879211425781,3.6138551235198975,-80.7405014038086,9.002209663391113,-7.030375957489014,-105.0186538696289,-4620.0,2374.0,-58.0,0,0,0,0,0
226734.175,2.0029382705688477,1.9816827774047852,1.4108893871307373,0.08769464492797852,0.0534893162548542,0.061536967754364014,-0.29910072684288025,3.6432483196258545,-80.99346160888672,96.49571990966797,-3.9759626388549805,-5.592710971832275,-3617.0,1352.0,269.0,0,0,0,0,0
226744.074,2.004074811935425,1.9826940298080444,1.41117262840271,0.0874100998044014,0.05841630697250366,0.04332437738776207,0.2864042818546295,3.619980812072754,-80.04602813720703,-6.759731769561768,-19.86160659790039,-8.37852954864502,-4700.0,426.0,1197.0,0,0,0,0,0
226753.983,2.0050671100616455,1.9835407733917236,1.411614179611206,0.08479274809360504,0.06430679559707642,0.06291516870260239,0.8075347542762756,3.790823459625244,-80.06025695800781,-143.14044189453125,6.95957612991333,38.90263366699219,-1096.0,-963.0,2147.0,0,0,0,0,0
226763.891,2.0060670375823975,1.98471200466156,1.41179621219635,0.07991071045398712,0.06598962843418121,0.010591470636427402,-0.6753658652305603,3.9894373416900635,-80.4072494506836,-94.89746856689453,0.1468587964773178,71.27894592285156,4280.0,-1496.0,2228.0,0,0,0,0,0
226773.808,2.006796360015869,1.9858413934707642,1.411618709564209,0.07790399342775345,0.07171618193387985,0.010961178690195084,-1.67122483253479,4.104450225830078,-81.36361694335938,-86.32317352294922,1.9822496175765991,170.6946258544922,7424.0,-1453.0,1122.0,0,0,0,0,0
226783.707,2.0074477195739746,1.9870222806930542,1.4114590883255005,0.07748810201883316,0.07741862535476685,0.006509941536933184,-2.4708139896392822,4.078510761260986,-81.03746032714844,147.9349822998047,37.963985443115234,-160.05946350097656,4171.0,-517.0,132.0,0,0,0,0,0
226793.618,2.0082318782806396,1.9882733821868896,1.4108152389526367,0.08005143702030182,0.07934331893920898,-0.06616668403148651,-0.9968922138214111,3.789149284362793,-81.73777770996094,6.468166828155518,21.158939361572266,133.14158630371094,-2354.0,1585.0,-652.0,0,0,0,0,0
226803.525,2.009190082550049,1.9895994663238525,1.4101165533065796,0.08047071099281311,0.0884404256939888,-0.009644615463912487,-0.7749262452125549,3.485356330871582,-80.441650390625,56.05486297607422,15.500175476074219,-25.470916748046875,-4162.0,2459.0,-497.0,0,0,0,0,0
226813.443,2.0102970600128174,1.9910398721694946,1.409895658493042,0.08092814683914185,0.09498673677444458,0.021084802225232124,-0.06539784371852875,3.370965003967285,-80.72208404541016,79.6541519165039,17.33860206604004,140.67282104492188,-3581.0,2012.0,240.0,0,0,0,0,0
226823.341,2.011281728744507,1.9922739267349243,1.4098665714263916,0.08019737154245377,0.09757230430841446,0.004032174125313759,0.4501674473285675,3.211794376373291,-79.98086547851562,54.679691314697266,-3.6153688430786133,14.642322540283203,-4263.0,1327.0,1300.0,0,0,0,0,0
226833.25,2.012376546859741,1.9937946796417236,1.4097813367843628,0.07807160913944244,0.10219085216522217,0.028654418885707855,0.8512181043624878,3.240434408187866,-79.78612518310547,-146.00942993164062,1.601499319076538,22.043720245361328,-1907.0,110.0,2576.0,0,0,0,0,0
226843.168,2.013218402862549,1.9952857494354248,1.4094698429107666,0.07394874840974808,0.10122236609458923,-0.03497257083654404,-0.533095121383667,3.2795560359954834,-79.59247589111328,-84.03309631347656,12.733532905578613,-6.884106159210205,3800.0,-564.0,3384.0,0,0,0,0,0
226853.079,2.013915777206421,1.9967807531356812,1.4087938070297241,0.07204283773899078,0.10410375148057938,-0.04102785140275955,-1.4491870403289795,3.2713873386383057,-80.48846435546875,-157.52117919921875,4.471359729766846,14.501640319824219,6961.0,-443.0,3025.0,0,0,0,0,0
226862.978,2.0145480632781982,1.9983137845993042,1.408249020576477,0.07208362221717834,0.10852424055337906,-0.024243313819169998,-2.770772695541382,3.1944937705993652,-81.11229705810547,157.28492736816406,38.5162467956543,-198.9419403076172,5576.0,218.0,1996.0,0,0,0,0,0
226872.887,2.0153307914733887,1.999634027481079,1.4076621532440186,0.07495111972093582,0.10882964730262756,-0.08790165185928345,-1.429481029510498,2.799013614654541,-81.48837280273438,12.361433982849121,37.868560791015625,108.09989166259766,-1644.0,2244.0,622.0,0,0,0,0,0
226882.795,2.016258478164673,2.0012898445129395,1.4067491292953491,0.07707469910383224,0.11455927044153214,-0.029270431026816368,-1.0248857736587524,2.3519246578216553,-80.43135070800781,85.94261169433594,20.126306533813477,-33.215248107910156,-4033.0,3416.0,312.0,0,0,0,0,0
226892.728,2.017350196838379,2.003014326095581,1.4063791036605835,0.07867787778377533,0.11788783967494965,0.004061824642121792,-0.17918558418750763,2.150780439376831,-80.77538299560547,71.84123229980469,36.09258270263672,320.5263671875,-3925.0,2935.0,463.0,0,0,0,0,0
226902.613,2.018495559692383,2.004756212234497,1.4061601161956787,0.0789172425866127,0.11920821666717529,-0.0007683166768401861,0.23650261759757996,1.8752455711364746,-79.57231903076172,90.44853973388672,1.3714888095855713,83.5833740234375,-4220.0,2290.0,1436.0,0,0,0,0,0
226912.522,2.019590139389038,2.006497859954834,1.4061437845230103,0.07765659689903259,0.12078249454498291,0.037985909730196,1.024029016494751,1.843786358833313,-79.5580825805664,-160.39706420898438,-1.6911324262619019,-3.4765281677246094,-2505.0,983.0,2884.0,0,0,0,0,0
226922.441,2.0204646587371826,2.0081889629364014,1.4060181379318237,0.07383189350366592,0.11872095614671707,-0.015431055799126625,-0.3282686173915863,1.8276889324188232,-79.45037078857422,-84.27268981933594,10.005279541015625,-144.77047729492188,3700.0,186.0,3795.0,0,0,0,0,0
226932.349,2.021298885345459,2.009773015975952,1.4057031869888306,0.07200836390256882,0.11833509057760239,-0.01594162918627262,-1.4471306800842285,1.7306243181228638,-80.57125091552734,-161.50119018554688,11.964943885803223,-15.451022148132324,7138.0,290.0,3258.0,0,0,0,0,0
226942.248,2.021987199783325,2.0114543437957764,1.4053289890289307,0.07282207161188126,0.11927109211683273,-0.0018830355256795883,-2.4515981674194336,1.5540733337402344,-80.72948455810547,158.78053283691406,42.82666778564453,-171.5497589111328,5808.0,1048.0,2109.0,0,0,0,0,0
226952.157,2.0228140354156494,2.0131466388702393,1.4046152830123901,0.0760103240609169,0.11890771239995956,-0.07442248612642288,-0.9627494812011719,1.1242493391036987,-81.66059112548828,15.548416137695312,54.62710189819336,166.00015258789062,-1782.0,3065.0,612.0,0,0,0,0,0
226962.066,2.023834705352783,2.0148541927337646,1.4038537740707397,0.07789381593465805,0.1196126937866211,-0.015619131736457348,-0.47812122106552124,0.5951213240623474,-80.5787582397461,78.45243835449219,30.64689064025879,-10.554130554199219,-4383.0,4470.0,-15.0,0,0,0,0,0
226971.984,2.0248141288757324,2.016326665878296,1.4037604331970215,0.07838673144578934,0.11795017868280411,0.022873999550938606,0.25180909037590027,0.29784199595451355,-80.99349212646484,87.67626190185547,36.35561752319336,334.1444091796875,-4102.0,4186.0,-50.0,0,0,0,0,0
226981.894,2.0259923934936523,2.017979860305786,1.4036136865615845,0.07902930676937103,0.11608967930078506,0.003310704603791237,0.9324392080307007,-0.002992739202454686,-79.89656066894531,76.23884582519531,2.454861640930176,103.81671142578125,-4802.0,3378.0,685.0,0,0,0,0,0
226991.793,2.027160882949829,2.0195794105529785,1.4035959243774414,0.07736018300056458,0.11285114288330078,0.03395826369524002,1.5148383378982544,-0.04479454457759857,-79.59376525878906,-151.74856567382812,1.5014147758483887,22.515119552612305,-2522.0,1769.0,2054.0,0,0,0,0,0
227001.714,2.028103828430176,2.021095037460327,1.4033939838409424,0.07355159521102905,0.1093846783041954,-0.0191880501806736,0.14496760070323944,-0.11943724006414413,-79.28529357910156,-79.60049438476562,12.48929214477539,-57.618499755859375,3465.0,1038.0,3354.0,0,0,0,0,0
227011.62,2.0288751125335693,2.0225679874420166,1.4029215574264526,0.07171890884637833,0.10634169727563858,-0.02395043894648552,-0.8107631206512451,-0.2342866212129593,-80.03994750976562,-155.57144165039062,17.01901626586914,-54.18326187133789,6802.0,1265.0,3508.0,0,0,0,0,0
227021.519,2.029585599899292,2.024003028869629,1.4025301933288574,0.07192346453666687,0.10353445261716843,-0.006800756324082613,-1.9796751737594604,-0.4409179985523224,-80.64800262451172,159.1531524658203,46.4293327331543,-227.24908447265625,5469.0,2149.0,2733.0,0,0,0,0,0
227031.427,2.030463218688965,2.025344133377075,1.4019466638565063,0.07512490451335907,0.10211017727851868,-0.08350663632154465,-0.4436664581298828,-0.9924058318138123,-81.36170196533203,17.587696075439453,51.52042770385742,123.5583267211914,-1991.0,4392.0,1306.0,0,0,0,0,0
227041.337,2.0315635204315186,2.026869058609009,1.401105284690857,0.07646187394857407,0.09658438712358475,-0.016519557684659958,0.19271652400493622,-1.5011625289916992,-80.36107635498047,82.27351379394531,32.070735931396484,-26.052892684936523,-4494.0,5179.0,581.0,0,0,0,0,0
227051.269,2.0328149795532227,2.028320789337158,1.4008948802947998,0.07681155204772949,0.0907687321305275,0.010513159446418285,0.7436909079551697,-1.8365325927734375,-80.67137145996094,79.70603942871094,40.006412506103516,307.21240234375,-4120.0,5034.0,662.0,0,0,0,0,0
227061.154,2.0340404510498047,2.0295612812042236,1.4008467197418213,0.07709145545959473,0.08547935634851456,0.014194312505424023,1.6828500032424927,-2.064138412475586,-80.09091186523438,89.84606170654297,-0.09668934345245361,112.9681167602539,-4599.0,4245.0,1073.0,0,0,0,0,0
227071.063,2.0352137088775635,2.0307796001434326,1.4008865356445312,0.0744207575917244,0.07825402170419693,0.02161378599703312,1.6725679636001587,-2.0412628650665283,-79.36397552490234,-156.35821533203125,-1.124739646911621,26.490840911865234,-2829.0,2678.0,2016.0,0,0,0,0,0
227080.977,2.036054849624634,2.031686305999756,1.4007943868637085,0.07042422890663147,0.07338294386863708,-0.01934676803648472,0.2970508635044098,-2.110501527786255,-79.63793182373047,-86.36920928955078,6.822538375854492,-76.31454467773438,3090.0,1658.0,3231.0,0,0,0,0,0
227090.894,2.0368363857269287,2.0326550006866455,1.4004569053649902,0.06910281628370285,0.06744570285081863,-0.007083442062139511,-0.9332177639007568,-2.1962666511535645,-80.77816772460938,-156.20852661132812,11.035219192504883,-24.104976654052734,6741.0,1791.0,3186.0,0,0,0,0,0
227100.795,2.0375235080718994,2.033557176589966,1.400160551071167,0.06971576809883118,0.0630216896533966,-0.019937196746468544,-1.2055261135101318,-2.414538860321045,-80.3868179321289,170.12899780273438,43.835105895996094,-168.4239501953125,5348.0,2540.0,2061.0,0,0,0,0,0
227110.702,2.0383682250976562,2.0344529151916504,1.3995062112808228,0.0723443254828453,0.06096627935767174,-0.06275998055934906,0.09463238716125488,-2.9292335510253906,-80.89759826660156,8.643797874450684,52.90074157714844,176.53204345703125,-1713.0,4373.0,1318.0,0,0,0,0,0
227120.611,2.0393753051757812,2.0352909564971924,1.3989644050598145,0.07311954349279404,0.05149364471435547,0.003336639842018485,0.6117238402366638,-3.3165948390960693,-80.14126586914062,57.05126953125,29.583194732666016,-20.079631805419922,-4157.0,5952.0,959.0,0,0,0,0,0
227130.53,2.0405328273773193,2.0360071659088135,1.3989341259002686,0.0733722373843193,0.0436372309923172,0.025823721662163734,0.9326043128967285,-3.608975648880005,-80.26478576660156,88.57569885253906,28.14432144165039,256.6813049316406,-3609.0,5861.0,1265.0,0,0,0,0,0
227140.428,2.0414857864379883,2.036506175994873,1.3991708755493164,0.0728413462638855,0.035560283809900284,0.03770468756556511,1.9051364660263062,-3.7550013065338135,-79.84744262695312,56.929500579833984,-5.1651692390441895,165.68003845214844,-4171.0,4998.0,1850.0,0,0,0,0,0
227150.338,2.042569160461426,2.0369908809661865,1.3994125127792358,0.070680171251297,0.02755303494632244,0.03863488882780075,1.7333258390426636,-3.645888090133667,-79.01407623291016,-143.7714080810547,7.133039474487305,19.192359924316406,-2271.0,3433.0,2928.0,0,0,0,0,0
227160.243,2.0434467792510986,2.0373644828796387,1.3993690013885498,0.06714332103729248,0.022868799045681953,-0.005753406789153814,0.3864695429801941,-3.65032696723938,-79.50218963623047,-96.39898681640625,4.726154327392578,-7.663812637329102,3344.0,2276.0,4205.0,0,0,0,0,0
227170.162,2.0441410541534424,2.0376222133636475,1.3991643190383911,0.06592251360416412,0.014985342510044575,0.01130848191678524,-0.9790163040161133,-3.709578037261963,-80.93849182128906,-131.20689392089844,12.60833740234375,79.7249755859375,6998.0,2494.0,3911.0,0,0,0,0,0
227180.06,2.0448107719421387,2.0377485752105713,1.3991705179214478,0.0667000338435173,0.01030049379914999,-0.010164517909288406,-1.0542182922363281,-3.9202730655670166,-80.50167846679688,163.63682556152344,41.82474136352539,-172.80148315429688,5124.0,3559.0,2272.0,0,0,0,0,0
227189.969,2.0455493927001953,2.0379395484924316,1.3985258340835571,0.06905519962310791,0.007869766093790531,-0.049396615475416183,0.16550101339817047,-4.4224042892456055,-80.66519927978516,8.50011920928955,33.41539001464844,104.14250183105469,-1792.0,5555.0,1243.0,0,0,0,0,0
227199.891,2.046503782272339,2.0380616188049316,1.3980858325958252,0.07010147720575333,-0.004029136151075363,0.011290362104773521,0.7386264204978943,-4.617473602294922,-79.95622253417969,66.52765655517578,9.738675117492676,-74.41207122802734,-4136.0,6658.0,1009.0,0,0,0,0,0
227209.797,2.0476019382476807,2.038055419921875,1.3980966806411743,0.07032034546136856,-0.012921222485601902,0.03000880777835846,1.0934704542160034,-4.7534871101379395,-80.22305297851562,85.09935760498047,14.441022872924805,209.0753936767578,-3755.0,5783.0,1348.0,0,0,0,0,0
227219.696,2.048698902130127,2.037935256958008,1.398284673690796,0.07038383930921555,-0.021134953945875168,0.03711388632655144,2.0497782230377197,-4.731479167938232,-79.7058334350586,70.10665130615234,-29.545669555664062,136.27493286132812,-4176.0,4718.0,1854.0,0,0,0,0,0
227229.613,2.0495691299438477,2.03767728805542,1.3985469341278076,0.06756926327943802,-0.028915001079440117,0.03060135617852211,1.7948293685913086,-4.416373252868652,-79.22335052490234,-137.63861083984375,-15.703899383544922,3.550131320953369,-2392.0,2912.0,2874.0,0,0,0,0,0
227239.514,2.0504205226898193,2.0373268127441406,1.3984206914901733,0.06400145590305328,-0.03269299864768982,-0.01768101565539837,0.48665687441825867,-4.259336471557617,-79.91060638427734,-86.24441528320312,-14.091094017028809,-66.04618835449219,3154.0,1639.0,3698.0,0,0,0,0,0
227249.44,2.051093816757202,2.036879777908325,1.398037075996399,0.062584288418293,-0.039977025240659714,-0.006636856589466333,-0.7980291843414307,-4.128502368927002,-81.27359771728516,-150.49066162109375,-8.114731788635254,50.95271682739258,6664.0,1843.0,2878.0,0,0,0,0,0
227259.331,2.0517125129699707,2.036407232284546,1.397783637046814,0.06323090940713882,-0.04447952285408974,-0.01784503646194935,-1.0176751613616943,-4.15466833114624,-80.70211029052734,167.7681884765625,20.134363174438477,-121.02522277832031,5292.0,2780.0,1090.0,0,0,0,0,0
227269.24,2.0524466037750244,2.0358028411865234,1.3971669673919678,0.06562187522649765,-0.04708673059940338,-0.045331645756959915,0.16253836452960968,-4.466385841369629,-80.75414276123047,4.141294002532959,25.346149444580078,142.744873046875,-1595.0,4668.0,184.0,0,0,0,0,0
227279.157,2.053223133087158,2.035227060317993,1.3969160318374634,0.06607604026794434,-0.05776529759168625,0.0194640401750803,0.6575372815132141,-4.555571556091309,-80.14881134033203,69.86367797851562,0.26024603843688965,-50.53309631347656,-3813.0,5985.0,142.0,0,0,0,0,0
227289.075,2.054229497909546,2.034531831741333,1.3969979286193848,0.06609310954809189,-0.0654248595237732,0.04265289008617401,1.0017670392990112,-4.5799031257629395,-80.28164672851562,73.93240356445312,9.422088623046875,238.23037719726562,-3385.0,5428.0,626.0,0,0,0,0,0
227298.966,2.0553090572357178,2.0336811542510986,1.397220253944397,0.06636929512023926,-0.07097692042589188,0.03793397918343544,1.857096552848816,-4.5663933753967285,-79.61924743652344,76.49823760986328,-26.103010177612305,132.47218322753906,-3688.0,4705.0,1473.0,0,0,0,0,0
227308.875,2.0563204288482666,2.0327343940734863,1.3973939418792725,0.06433442234992981,-0.07742228358983994,0.03476063162088394,1.7432187795639038,-4.240914821624756,-79.02288818359375,-141.24008178710938,-32.994266510009766,15.337181091308594,-2337.0,3415.0,2935.0,0,0,0,0,0
227318.784,2.0570809841156006,2.031714677810669,1.3972430229187012,0.060351572930812836,-0.07996524125337601,-0.013695166446268559,0.3364352881908417,-4.026208400726318,-79.75224304199219,-93.70010375976562,-20.880210876464844,-5.613673686981201,3234.0,2046.0,4216.0,0,0,0,0,0
227328.702,2.0576961040496826,2.030750274658203,1.397003412246704,0.059014782309532166,-0.08514368534088135,-0.0030500483699142933,-0.9035051465034485,-3.836890935897827,-80.89602661132812,-159.79141235351562,-2.2437829971313477,-44.74117660522461,6835.0,2089.0,3770.0,0,0,0,0,0
227338.601,2.0582752227783203,2.0295863151550293,1.3966237306594849,0.05940115079283714,-0.08802753686904907,-0.016220584511756897,-1.3365161418914795,-3.905986785888672,-80.47718811035156,162.63621520996094,14.29180908203125,-134.71917724609375,5885.0,3228.0,2226.0,0,0,0,0,0
227348.511,2.0589513778686523,2.0284059047698975,1.3960036039352417,0.062003809958696365,-0.08833109587430954,-0.052656013518571854,-0.009586277417838573,-4.196517467498779,-80.41993713378906,10.338484764099121,24.885007858276367,86.6912612915039,-1076.0,5384.0,1483.0,0,0,0,0,0
227358.419,2.059797525405884,2.027230978012085,1.3954602479934692,0.06307713687419891,-0.09680067747831345,0.006837333086878061,0.48765599727630615,-4.264049053192139,-79.69255828857422,109.86568450927734,-22.648292541503906,-30.93842887878418,-3911.0,6565.0,1755.0,0,0,0,0,0
227368.348,2.0607893466949463,2.0259718894958496,1.3953912258148193,0.06343244761228561,-0.1031419038772583,0.032304469496011734,0.999495267868042,-4.142709732055664,-80.51891326904297,66.23758697509766,1.795384168624878,268.9469299316406,-3989.0,5434.0,2204.0,0,0,0,0,0
227378.237,2.061824321746826,2.0246331691741943,1.3954107761383057,0.06366851180791855,-0.10621349513530731,0.01591642014682293,1.8406485319137573,-4.008666038513184,-79.78888702392578,103.86962127685547,-43.78866195678711,103.17308807373047,-4065.0,4184.0,2194.0,0,0,0,0,0
227388.145,2.0626251697540283,2.023371934890747,1.3955461978912354,0.06066080927848816,-0.1117183268070221,0.03255602344870567,2.0711605548858643,-3.5410311222076416,-79.1770248413086,-138.61692810058594,-57.30186080932617,-7.987196922302246,-3048.0,2647.0,2987.0,0,0,0,0,0
227398.068,2.063430070877075,2.0219149589538574,1.3953675031661987,0.056737545877695084,-0.11286503821611404,-0.01768164150416851,0.7780096530914307,-3.183283805847168,-79.78253936767578,-74.80744171142578,-41.2211799621582,-222.3611602783203,2311.0,1229.0,3838.0,0,0,0,0,0
227407.973,2.0640034675598145,2.020439624786377,1.3949378728866577,0.05427864193916321,-0.11573120206594467,-0.015454232692718506,-0.29138219356536865,-2.846047878265381,-81.27748107910156,-184.63108825683594,-24.829036712646484,-157.84683227539062,6023.0,822.0,2698.0,0,0,0,0,0
227417.872,2.0645833015441895,2.0187628269195557,1.3944061994552612,0.05359270051121712,-0.1171410009264946,-0.020875485613942146,-0.8557180762290955,-2.701490879058838,-80.8084945678711,163.289794921875,1.8249396085739136,-34.92384338378906,5899.0,1965.0,675.0,0,0,0,0,0
227427.781,2.0651559829711914,2.017418622970581,1.393804669380188,0.0553710013628006,-0.11426454037427902,-0.07133185863494873,0.4565911889076233,-2.9131534099578857,-80.65702056884766,19.299253463745117,27.140565872192383,154.62547302246094,-1042.0,4118.0,-55.0,0,0,0,0,0
227437.689,2.065325975418091,2.017136335372925,1.3934617042541504,0.05590550974011421,-0.11504420638084412,-0.07281516492366791,0.4537927806377411,-2.9317564964294434,-80.64559936523438,101.26929473876953,-15.581547737121582,-56.22734451293945,-3824.0,5909.0,205.0,0,0,0,0,0
227447.621,2.0667614936828613,2.0143933296203613,1.3928824663162231,0.05317571014165878,-0.12229108810424805,0.024958087131381035,1.344559907913208,-2.847003221511841,-80.69867706298828,56.94285202026367,-0.06190124899148941,291.8240966796875,-3826.0,5364.0,765.0,0,0,0,0,0
227457.51,2.0676779747009277,2.0127811431884766,1.3928515911102295,0.05235208570957184,-0.12345928698778152,0.01523550134152174,2.071450710296631,-2.7318897247314453,-79.67213439941406,93.86664581298828,-38.38332748413086,126.18531036376953,-3734.0,4469.0,1236.0,0,0,0,0,0
227467.419,2.0685272216796875,2.011120319366455,1.392911434173584,0.048824917525053024,-0.1268908530473709,0.03832673653960228,2.1780569553375244,-2.2758591175079346,-78.98625946044922,-139.51206970214844,-64.25570678710938,-19.437448501586914,-2883.0,2972.0,2755.0,0,0,0,0,0
227477.335,2.069108247756958,2.0096325874328613,1.392916202545166,0.04423215240240097,-0.12621669471263885,-0.013060837984085083,0.7455695867538452,-1.8880620002746582,-79.71065521240234,-98.47261047363281,-45.60670471191406,-105.54194641113281,2689.0,1221.0,4187.0,0,0,0,0,0
227487.246,2.0695698261260986,2.007941246032715,1.3925327062606812,0.041716914623975754,-0.1268816739320755,-0.0024761823005974293,-0.41810011863708496,-1.559335708618164,-80.8404312133789,-187.25942993164062,-10.502297401428223,-189.72996520996094,6550.0,1055.0,3792.0,0,0,0,0,0
227497.145,2.0699081420898438,2.006253719329834,1.3922433853149414,0.04061469808220863,-0.12580125033855438,-0.006895315833389759,-1.2764075994491577,-1.517913579940796,-80.51912689208984,164.32623291015625,4.857419013977051,-78.43887329101562,6675.0,2237.0,2263.0,0,0,0,0,0
227507.054,2.070328950881958,2.00460147857666,1.3917359113693237,0.04286755621433258,-0.12259460985660553,-0.04765062406659126,0.1395912766456604,-1.7100532054901123,-80.61921691894531,21.751697540283203,35.44076156616211,191.4521026611328,-412.0,4552.0,1553.0,0,0,0,0,0
227516.961,2.070957899093628,2.0030243396759033,1.3912047147750854,0.042573537677526474,-0.12348291277885437,0.011083330027759075,0.518959105014801,-1.7920981645584106,-79.60911560058594,104.48561096191406,-23.94404411315918,-40.197509765625,-3532.0,6068.0,1668.0,0,0,0,0,0
227526.879,2.0716915130615234,2.0014443397521973,1.3912556171417236,0.04195575416088104,-0.12427617609500885,0.04936119168996811,1.0353078842163086,-1.6184848546981812,-80.55814361572266,66.5575942993164,-4.089791774749756,257.5028076171875,-3685.0,5276.0,2198.0,0,0,0,0,0
227536.778,2.0722904205322266,2.000004529953003,1.3914963006973267,0.04126831516623497,-0.12261511385440826,0.02700043097138405,1.8206275701522827,-1.443267583847046,-79.81034851074219,100.48904418945312,-48.13768768310547,100.017822265625,-3911.0,3951.0,2162.0,0,0,0,0,0
227546.698,2.073047399520874,1.9984066486358643,1.3916189670562744,0.03799734637141228,-0.12331914901733398,0.05196809396147728,2.0282814502716064,-0.9166845679283142,-79.16415405273438,-135.1429901123047,-70.35543060302734,-24.39839744567871,-2987.0,2238.0,2963.0,0,0,0,0,0
227556.596,2.073525905609131,1.9969987869262695,1.3917274475097656,0.03380540385842323,-0.12166724354028702,-0.001638737739995122,0.7447652220726013,-0.4557240307331085,-79.84126281738281,-79.2862548828125,-49.15716552734375,-242.49017333984375,2369.0,463.0,3822.0,0,0,0,0,0
227566.514,2.0738580226898193,1.9957767724990845,1.3917429447174072,0.031096728518605232,-0.11880497634410858,0.004751638509333134,-0.2709195613861084,-0.03462999314069748,-81.41500091552734,-184.16453552246094,-23.30347442626953,-187.5797882080078,5895.0,152.0,2792.0,0,0,0,0,0
227576.413,2.0739870071411133,1.9937982559204102,1.391000509262085,0.029426876455545425,-0.11691723018884659,0.009961132891476154,-1.0630440711975098,0.1242622658610344,-80.89884948730469,152.15748596191406,-5.342748641967773,-27.14914321899414,6070.0,1040.0,651.0,0,0,0,0,0
227586.322,2.074305295944214,1.9924675226211548,1.3906481266021729,0.03156181052327156,-0.11205816268920898,-0.05448456481099129,0.2584894001483917,0.02549857459962368,-80.85196685791016,24.902606964111328,27.591236114501953,150.15711975097656,-514.0,3119.0,-134.0,0,0,0,0,0
227596.231,2.0747604370117188,1.9910746812820435,1.3900434970855713,0.030169567093253136,-0.10858801007270813,0.0037780143320560455,0.6688599586486816,-0.02169753611087799,-80.04071807861328,113.84072875976562,-17.950572967529297,-50.275821685791016,-3606.0,4841.0,-24.0,0,0,0,0,0
227606.163,2.0753426551818848,1.9897288084030151,1.3899492025375366,0.02889673039317131,-0.10555922985076904,0.031063921749591827,1.291448950767517,0.09871997684240341,-80.9747314453125,40.006805419921875,-3.3139755725860596,310.1313171386719,-3974.0,4548.0,411.0,0,0,0,0,0
227616.048,2.0759899616241455,1.9883737564086914,1.389916181564331,0.027783317491412163,-0.10267855226993561,0.017022376880049706,1.8756844997406006,0.23428651690483093,-79.66828918457031,99.65230560302734,-30.335521697998047,117.2421875,-3732.0,3712.0,695.0,0,0,0,0,0
227625.968,2.0765762329101562,1.9870567321777344,1.389916181564331,0.023846330121159554,-0.10023867338895798,0.044763702899217606,2.198742151260376,0.613989531993866,-78.97916412353516,-145.11984252929688,-72.0398178100586,-10.0232572555542,-3057.0,2411.0,2335.0,0,0,0,0,0
227635.866,2.076869010925293,1.9857661724090576,1.3897857666015625,0.01932050846517086,-0.09864002466201782,-0.010558436624705791,0.8085095882415771,1.0503911972045898,-79.45115661621094,-96.26995849609375,-58.69646072387695,-246.38136291503906,2413.0,705.0,3948.0,0,0,0,0,0
227645.785,2.0770349502563477,1.9846305847167969,1.38951575756073,0.01625250279903412,-0.09453932195901871,-0.009990186430513859,-0.19453251361846924,1.4424406290054321,-80.40042114257812,-188.1587677001953,-11.791643142700195,-364.7420349121094,6080.0,67.0,3892.0,0,0,0,0,0
227655.684,2.077108144760132,1.9834009408950806,1.389106035232544,0.014573317021131516,-0.0893898531794548,-0.0048197484575212,-1.314578890800476,1.5233426094055176,-80.42438507080078,145.1635284423828,9.143004417419434,-56.62669372558594,6902.0,949.0,2698.0,0,0,0,0,0
227665.592,2.0772626399993896,1.9822654724121094,1.3885776996612549,0.016791874542832375,-0.08428678661584854,-0.04866303876042366,-0.028767680749297142,1.3253239393234253,-80.62239074707031,42.83916473388672,42.27790069580078,245.7797088623047,367.0,3239.0,1951.0,0,0,0,0,0
227675.501,2.0775959491729736,1.9812524318695068,1.3880703449249268,0.016034293919801712,-0.07797104865312576,0.012418948113918304,0.292175829410553,1.2083672285079956,-79.91090393066406,124.11066436767578,-14.8707857131958,44.31557083129883,-3224.0,5085.0,1757.0,0,0,0,0,0
227685.42,2.0780751705169678,1.9803194999694824,1.3880398273468018,0.0154827069491148,-0.07293983548879623,0.04708852991461754,1.0453503131866455,1.3647949695587158,-80.66050720214844,20.969505310058594,3.633106231689453,151.77081298828125,-3968.0,4459.0,1873.0,0,0,0,0,0
227695.327,2.078376054763794,1.9795128107070923,1.3882992267608643,0.014161304570734501,-0.06871071457862854,0.030964180827140808,1.5941581726074219,1.4342727661132812,-79.75568389892578,110.54240417480469,-29.41307830810547,32.18870544433594,-3817.0,3303.0,1678.0,0,0,0,0,0
227705.238,2.078841209411621,1.978644847869873,1.3884327411651611,0.01047606486827135,-0.0643257200717926,0.06643085926771164,2.123556137084961,1.7936159372329712,-79.34667205810547,-145.4965362548828,-61.24802017211914,0.2853756248950958,-3735.0,1755.0,2561.0,0,0,0,0,0
227715.137,2.079085111618042,1.977822184562683,1.388471245765686,0.006455118302255869,-0.06267440319061279,0.011758598499000072,0.7441006302833557,2.193246364593506,-79.48258209228516,-94.7387924194336,-52.66168212890625,-305.4942321777344,1847.0,450.0,3530.0,0,0,0,0,0
227725.055,2.0791401863098145,1.9771312475204468,1.3883614540100098,0.0036483348812907934,-0.05793387070298195,0.006615208461880684,-0.1843189299106598,2.5471129417419434,-80.75965118408203,-181.26065063476562,-10.015647888183594,-376.2812805175781,5778.0,-96.0,3168.0,0,0,0,0,0
227734.954,2.0791385173797607,1.9765089750289917,1.3883086442947388,0.0022893634159117937,-0.05115359649062157,0.022898398339748383,-1.374565839767456,2.714496374130249,-81.02678680419922,132.54559326171875,5.264657974243164,7.821271896362305,6989.0,334.0,1439.0,0,0,0,0,0
227744.863,2.079047441482544,1.9757686853408813,1.3876312971115112,0.0045201159082353115,-0.04770849272608757,-0.04939088225364685,-0.12164998799562454,2.5628840923309326,-81.16615295410156,55.986236572265625,44.137535095214844,180.57138061523438,793.0,2090.0,266.0,0,0,0,0,0
227754.786,2.079197645187378,1.9752531051635742,1.386964201927185,0.003609452862292528,-0.0391099713742733,0.00954168476164341,0.269153356552124,2.354576587677002,-80.17021179199219,118.40556335449219,-6.515538692474365,-7.888232707977295,-3078.0,4125.0,-128.0,0,0,0,0,0
227764.69,2.079512119293213,1.9748159646987915,1.3867709636688232,0.0028957549948245287,-0.03214029222726822,0.0379093699157238,1.0959843397140503,2.398813486099243,-80.96419525146484,3.996596097946167,-1.2664498090744019,120.67674255371094,-4103.0,4224.0,227.0,0,0,0,0,0
227774.589,2.079866409301758,1.974453091621399,1.3866556882858276,0.0017490441678091884,-0.027157684788107872,0.024458473548293114,1.6573147773742676,2.447192430496216,-79.73550415039062,103.15435791015625,-15.475615501403809,-6.012418270111084,-3655.0,3352.0,429.0,0,0,0,0,0
227784.498,2.0801730155944824,1.9741768836975098,1.3865891695022583,-0.001579273259267211,-0.02219712734222412,0.04272441565990448,1.9474785327911377,2.736987590789795,-79.2568588256836,-132.20205688476562,-44.98646545410156,14.634897232055664,-3794.0,2118.0,1910.0,0,0,0,0,0
227794.407,2.080251932144165,1.974164605140686,1.3863589763641357,-0.001293778419494629,-0.0222520399838686,0.04171095788478851,1.9474785327911377,2.736987590789795,-79.2568588256836,-103.81226348876953,-38.568626403808594,-280.1366882324219,1670.0,466.0,3453.0,0,0,0,0,0
227804.339,2.0802102088928223,1.973899245262146,1.386033535003662,-0.0056855627335608006,-0.020778024569153786,-0.009680161252617836,0.5133839249610901,3.044870376586914,-79.5954360961914,-157.76344299316406,-3.196337938308716,-314.7350158691406,5706.0,-156.0,3554.0,0,0,0,0,0
227814.225,2.08005690574646,1.9736764430999756,1.3854107856750488,-0.008514495566487312,-0.01542284432798624,-0.014661922119557858,-0.5167254209518433,3.344330072402954,-80.49718475341797,106.55142974853516,16.40134620666504,84.52554321289062,7692.0,106.0,2445.0,0,0,0,0,0
227824.136,2.079937696456909,1.9735645055770874,1.3849157094955444,-0.009222934953868389,-0.008465911261737347,-0.0015063747996464372,-1.6282126903533936,3.3953053951263428,-80.49050903320312,85.67279815673828,45.447235107421875,154.95767211914062,1980.0,1833.0,1722.0,0,0,0,0,0
227834.045,2.0799102783203125,1.9735196828842163,1.3842931985855103,-0.00596263213083148,-0.004734880290925503,-0.06305447220802307,-0.3437649607658386,3.146310806274414,-81.08502197265625,102.75811767578125,-2.132328987121582,26.975622177124023,-2595.0,4070.0,976.0,0,0,0,0,0
227843.964,2.0800716876983643,1.973592758178711,1.3834373950958252,-0.0057411654852330685,0.00436069630086422,-0.0035363431088626385,0.028358973562717438,2.931985855102539,-80.3742446899414,-7.698230743408203,0.8494364619255066,-50.64697265625,-4024.0,4046.0,844.0,0,0,0,0,0
227853.876,2.080350399017334,1.9737740755081177,1.3830379247665405,-0.005340934731066227,0.010703248903155327,0.02162228710949421,0.7792781591415405,2.9789469242095947,-81.01510620117188,108.52365112304688,-10.114663124084473,-144.49063110351562,-3446.0,2990.0,695.0,0,0,0,0,0
227863.771,2.080610752105713,1.9740070104599,1.3826849460601807,-0.005566189531236887,0.014869912527501583,0.006062850821763277,1.262534737586975,2.957885265350342,-79.82840728759766,-108.73375701904297,-23.483930587768555,35.225181579589844,-4123.0,2030.0,1549.0,0,0,0,0,0
227873.687,2.0806965827941895,1.9742705821990967,1.3823814392089844,-0.008245005272328854,0.019898397848010063,0.02571846917271614,1.8464775085449219,3.1629202365875244,-79.70962524414062,-109.80317687988281,-4.246570587158203,-99.44261169433594,955.0,589.0,2597.0,0,0,0,0,0
227883.596,2.08056640625,1.9745683670043945,1.3818624019622803,-0.012414051219820976,0.02061895839869976,-0.027684766799211502,0.3743074834346771,3.3809823989868164,-79.55109405517578,-146.07791137695312,-3.3366000652313232,-120.04644012451172,5497.0,66.0,2943.0,0,0,0,0,0
227893.504,2.080395221710205,1.9748457670211792,1.3812743425369263,-0.014491494745016098,0.024825721979141235,-0.032012682408094406,-0.5291147828102112,3.549933910369873,-80.59659576416016,82.31934356689453,11.71465015411377,158.17271423339844,7617.0,279.0,1900.0,0,0,0,0,0
227903.411,2.0801517963409424,1.9752460718154907,1.3806252479553223,-0.014766708016395569,0.03220750391483307,0.0006881657755002379,-1.6662235260009766,3.612856149673462,-80.91016387939453,114.75182342529297,56.68260192871094,120.63421630859375,2378.0,1437.0,849.0,0,0,0,0,0
227913.313,2.0800859928131104,1.9757386445999146,1.379672884941101,-0.011301504448056221,0.033948756754398346,-0.07685624808073044,-0.43994051218032837,3.365518093109131,-81.35831451416016,104.42499542236328,6.3705525398254395,21.001590728759766,-2821.0,3623.0,-32.0,0,0,0,0,0
227923.231,2.0802156925201416,1.9763307571411133,1.378798484802246,-0.010768824256956577,0.04302700236439705,-0.008164222352206707,0.1016014814376831,3.06380033493042,-80.40726470947266,10.894704818725586,5.068177223205566,-119.72080993652344,-4614.0,4047.0,188.0,0,0,0,0,0
227933.13,2.0802597999572754,1.9768970012664795,1.3786253929138184,-0.010944665409624577,0.048248760402202606,0.017069140449166298,0.9604566693305969,3.0025949478149414,-80.78484344482422,127.11979675292969,-1.8102284669876099,-129.14129638671875,-4023.0,3184.0,474.0,0,0,0,0,0
227943.039,2.0804567337036133,1.9775935411453247,1.3782809972763062,-0.011634740978479385,0.05188925936818123,0.014858055859804153,1.4628359079360962,2.944810390472412,-79.69577026367188,-101.67387390136719,-18.25246238708496,72.73466491699219,-4682.0,2056.0,1646.0,0,0,0,0,0
227952.958,2.0805158615112305,1.9783296585083008,1.3780471086502075,-0.014223159290850163,0.055624812841415405,0.03163966163992882,2.176614284515381,3.1009323596954346,-79.803466796875,-110.06602478027344,-3.198768377304077,-122.86336517333984,765.0,493.0,2838.0,0,0,0,0,0
227962.867,2.080322027206421,1.979053258895874,1.3776328563690186,-0.018857816234230995,0.05567514896392822,-0.011311674490571022,0.5646461248397827,3.2852182388305664,-79.29698181152344,-146.90060424804688,2.8075220584869385,-194.9594268798828,5634.0,-114.0,3584.0,0,0,0,0,0
227972.766,2.0800039768218994,1.9798214435577393,1.3769935369491577,-0.021274374797940254,0.058832231909036636,-0.015319794416427612,-0.34581395983695984,3.4131553173065186,-80.26398468017578,96.83192443847656,16.438343048095703,96.57255554199219,7493.0,153.0,2832.0,0,0,0,0,0
227982.676,2.0797343254089355,1.9806617498397827,1.3766083717346191,-0.021540626883506775,0.06525623053312302,0.023503633216023445,-1.3582509756088257,3.4196178913116455,-80.56766510009766,106.81031799316406,56.90350341796875,72.67616271972656,1971.0,1464.0,1812.0,0,0,0,0,0
227992.582,2.079564332962036,1.9814447164535522,1.3761399984359741,-0.018091576173901558,0.06564995646476746,-0.056817471981048584,-0.13312917947769165,3.095059394836426,-81.37847137451172,117.29937744140625,14.832928657531738,8.337906837463379,-3094.0,3732.0,600.0,0,0,0,0,0
228002.502,2.079556703567505,1.9824210405349731,1.3753999471664429,-0.01822517439723015,0.07247959077358246,0.004716282244771719,0.5212826728820801,2.7735707759857178,-80.615478515625,-0.9834120869636536,16.089405059814453,8.883830070495605,-4544.0,4138.0,283.0,0,0,0,0,0
228012.401,2.0796456336975098,1.9834487438201904,1.3751163482666016,-0.01881815306842327,0.07661178708076477,0.035420723259449005,1.0935827493667603,2.6247167587280273,-81.22454833984375,133.47251892089844,-5.300165176391602,-94.0052490234375,-3911.0,3402.0,75.0,0,0,0,0,0
228022.31,2.079719066619873,1.9844876527786255,1.3749642372131348,-0.019297892227768898,0.07863282412290573,0.029922112822532654,1.784439206123352,2.5317044258117676,-80.32042694091797,-141.92413330078125,-14.101667404174805,80.85929107666016,-4491.0,2120.0,581.0,0,0,0,0,0
228032.232,2.0795581340789795,1.9854198694229126,1.3751089572906494,-0.022490842267870903,0.08012142032384872,0.04219872131943703,2.207348346710205,2.6457207202911377,-80.02651977539062,-103.62384796142578,-9.57182788848877,-137.4275360107422,1489.0,630.0,1684.0,0,0,0,0,0
228042.136,2.0792503356933594,1.9864373207092285,1.3748384714126587,-0.027033597230911255,0.07921966165304184,0.0019160130759701133,0.5935809016227722,2.750199556350708,-79.52867126464844,-165.9256591796875,9.870022773742676,-213.22927856445312,6058.0,208.0,2491.0,0,0,0,0,0
228052.044,2.0788090229034424,1.9875094890594482,1.3743818998336792,-0.029401177540421486,0.08135855197906494,0.006785107776522636,-0.48337602615356445,2.7767574787139893,-80.71752166748047,108.099853515625,22.598663330078125,-28.871767044067383,7346.0,650.0,1698.0,0,0,0,0,0
228061.945,2.0783872604370117,1.9886146783828735,1.3741315603256226,-0.0292176716029644,0.08486179262399673,0.029506923630833626,-1.1248891353607178,2.730201244354248,-80.6473388671875,81.1556625366211,58.856788635253906,87.72663116455078,1195.0,1977.0,844.0,0,0,0,0,0
228071.854,2.078153610229492,1.9897750616073608,1.3735777139663696,-0.025771861895918846,0.08540944755077362,-0.04077930748462677,0.04927908629179001,2.3027148246765137,-81.23235321044922,119.30538177490234,33.691017150878906,45.708831787109375,-3376.0,4266.0,183.0,0,0,0,0,0
228081.772,2.078104257583618,1.9909992218017578,1.3730593919754028,-0.025919096544384956,0.08979371935129166,0.03128599375486374,0.6690977811813354,1.922945261001587,-80.47476196289062,4.815377235412598,23.564693450927734,107.90091705322266,-4596.0,4786.0,241.0,0,0,0,0,0
228091.67,2.077927350997925,1.992072343826294,1.3732891082763672,-0.026788923889398575,0.09093789011240005,0.05499918758869171,1.2526233196258545,1.6602421998977661,-81.1131591796875,133.251708984375,1.1897202730178833,2.677126169204712,-4071.0,4126.0,294.0,0,0,0,0,0
228101.586,2.0778653621673584,1.9932936429977417,1.3733816146850586,-0.02754942886531353,0.09113115072250366,0.05878499522805214,2.0721240043640137,1.5394426584243774,-80.24739837646484,-166.66043090820312,-14.024582862854004,105.1153564453125,-4253.0,2654.0,963.0,0,0,0,0,0
228111.489,2.0776212215423584,1.9944684505462646,1.3734780550003052,-0.030523737892508507,0.09022315591573715,0.05903739109635353,2.105792760848999,1.6083821058273315,-79.8260726928711,-89.67658996582031,-15.547446250915527,-196.41714477539062,2183.0,1081.0,2282.0,0,0,0,0,0
228121.407,2.077239513397217,1.995505452156067,1.3736612796783447,-0.03468412905931473,0.0880153700709343,0.028601093217730522,0.5267651677131653,1.6797685623168945,-79.46578979492188,-171.2430419921875,11.16637134552002,-247.13987731933594,6274.0,601.0,3020.0,0,0,0,0,0
228131.306,2.0763227939605713,1.997529149055481,1.3737002611160278,-0.03551606833934784,0.08778943121433258,0.03860286623239517,-1.0551762580871582,1.5718499422073364,-80.60813903808594,114.53187561035156,30.469919204711914,-131.54705810546875,6978.0,1124.0,2244.0,0,0,0,0,0
228141.226,2.0761401653289795,1.9977929592132568,1.3732097148895264,-0.03612219914793968,0.08838474005460739,0.03656812012195587,-1.0475205183029175,1.5815051794052124,-80.62332916259766,61.241153717041016,56.89879608154297,57.627540588378906,698.0,2621.0,1247.0,0,0,0,0,0
228151.124,2.075779914855957,1.998988389968872,1.372709035873413,-0.03289339318871498,0.08840447664260864,-0.030080046504735947,0.038492992520332336,1.086841344833374,-81.31752014160156,112.37870025634766,34.50275802612305,27.219934463500977,-3490.0,4862.0,343.0,0,0,0,0,0
228161.056,2.0756261348724365,2.0002052783966064,1.3722472190856934,-0.03231900557875633,0.08896978199481964,0.03530128300189972,0.7111502885818481,0.7061165571212769,-80.61844635009766,6.836790084838867,28.595186233520508,209.41567993164062,-4339.0,5255.0,115.0,0,0,0,0,0
228170.942,2.0754823684692383,2.001476526260376,1.3723098039627075,-0.03253213316202164,0.08766885846853256,0.06255236268043518,1.1568084955215454,0.37486931681632996,-81.15961456298828,119.123291015625,-0.4084983766078949,23.886911392211914,-3855.0,4703.0,128.0,0,0,0,0,0
228180.85,2.075307607650757,2.00264310836792,1.3724907636642456,-0.03265010938048363,0.08569660782814026,0.06214704364538193,1.996361255645752,0.2388017773628235,-80.3582763671875,-171.68836975097656,-15.090717315673828,68.29428100585938,-3871.0,3233.0,694.0,0,0,0,0,0
228190.769,2.074951410293579,2.0036380290985107,1.3728556632995605,-0.03527373448014259,0.08254580944776535,0.06330365687608719,2.0304105281829834,0.25011587142944336,-79.91265869140625,-91.34615325927734,-12.37378978729248,-183.07737731933594,2326.0,1822.0,1909.0,0,0,0,0,0
228200.681,2.074443817138672,2.004714250564575,1.3727843761444092,-0.03903316706418991,0.07936527580022812,0.030522421002388,0.5768202543258667,0.2929226756095886,-79.83020782470703,-171.61788940429688,13.703142166137695,-226.98936462402344,6155.0,1380.0,2451.0,0,0,0,0,0
228210.592,2.073784589767456,2.005758285522461,1.3724931478500366,-0.040906574577093124,0.07713580131530762,0.027029572054743767,-0.5641844272613525,0.23615743219852448,-80.69781494140625,111.9759292602539,33.1462516784668,-112.39617156982422,6895.0,1908.0,1675.0,0,0,0,0,0
228220.487,2.073206901550293,2.0067944526672363,1.3722691535949707,-0.039796147495508194,0.07548189908266068,0.04008329287171364,-1.0842664241790771,0.1306438446044922,-80.84174346923828,59.2664680480957,61.30434799194336,69.36991882324219,667.0,3321.0,648.0,0,0,0,0,0
228230.398,2.0728189945220947,2.0078563690185547,1.3717931509017944,-0.0363517664372921,0.07511340826749802,-0.02238466404378414,-0.0015407984610646963,-0.3699083924293518,-81.42479705810547,116.66270446777344,37.0645866394043,77.78856658935547,-3381.0,5511.0,-180.0,0,0,0,0,0
228240.314,2.072519063949585,2.0087571144104004,1.3716274499893188,-0.035367343574762344,0.07164910435676575,0.04675746709108353,0.6380113959312439,-0.7464287281036377,-80.74240112304688,-4.848885536193848,23.5369873046875,151.62362670898438,-4554.0,5744.0,-284.0,0,0,0,0,0
228250.214,2.072260856628418,2.009620189666748,1.37192702293396,-0.03509889170527458,0.06783384084701538,0.06446027755737305,1.1219171285629272,-0.9996951222419739,-81.16761779785156,122.22044372558594,-2.504042148590088,-1.258805751800537,-3806.0,4884.0,-170.0,0,0,0,0,0
228260.121,2.0721051692962646,2.010545253753662,1.371945858001709,-0.03436391055583954,0.06427226215600967,0.055409833788871765,1.9313833713531494,-1.0969617366790771,-80.3041763305664,-162.160400390625,-11.003929138183594,85.6207275390625,-3987.0,3400.0,537.0,0,0,0,0,0
228270.029,2.0718374252319336,2.0114941596984863,1.371536374092102,-0.03582824021577835,0.06017681583762169,0.0468321293592453,2.1021480560302734,-1.0582904815673828,-79.9809799194336,-89.21806335449219,-10.826776504516602,-179.2972412109375,2044.0,2132.0,1804.0,0,0,0,0,0
228279.958,2.0712552070617676,2.0123040676116943,1.3712751865386963,-0.03983026742935181,0.05620533972978592,0.011330618523061275,0.5736716389656067,-1.0071102380752563,-79.59268951416016,-172.03538513183594,10.401002883911133,-192.18634033203125,6006.0,1806.0,2616.0,0,0,0,0,0
228289.846,2.0707123279571533,2.0129523277282715,1.371055245399475,-0.040976643562316895,0.05223345756530762,0.005908179096877575,-0.5443851947784424,-1.0101572275161743,-80.47138977050781,114.99252319335938,29.626665115356445,-34.056270599365234,6986.0,2194.0,2087.0,0,0,0,0,0
228299.756,2.0700759887695312,2.0136759281158447,1.3706542253494263,-0.03967041149735451,0.04890720173716545,0.019262809306383133,-0.9872269630432129,-1.0940141677856445,-80.69770050048828,67.0848388671875,60.3226318359375,75.4414291381836,734.0,3604.0,1185.0,0,0,0,0,0
228309.665,2.0696399211883545,2.0143895149230957,1.3699368238449097,-0.03644745051860809,0.04854509234428406,-0.04743459075689316,0.07248762249946594,-1.565940022468567,-81.38446044921875,113.85159301757812,28.931711196899414,67.88944244384766,-3394.0,5802.0,276.0,0,0,0,0,0
228319.584,2.069437026977539,2.015077829360962,1.3692936897277832,-0.0349278450012207,0.04259541630744934,0.025099797174334526,0.70247882604599,-1.8804372549057007,-80.68529510498047,-8.893173217773438,16.564489364624023,77.92991638183594,-4535.0,5906.0,144.0,0,0,0,0,0
228329.482,2.0692896842956543,2.015671491622925,1.3690906763076782,-0.03408769518136978,0.0376107357442379,0.041538771241903305,1.2215989828109741,-2.087085247039795,-81.17278289794922,119.17866516113281,-12.10501766204834,-29.739147186279297,-3722.0,5021.0,136.0,0,0,0,0,0
228339.39,2.0690321922302246,2.0160999298095703,1.369368553161621,-0.034066393971443176,0.03250960633158684,0.04236952215433121,1.9033725261688232,-2.135683298110962,-80.3179702758789,-155.56304931640625,-17.831735610961914,86.24819946289062,-3995.0,3500.0,726.0,0,0,0,0,0
228349.3,2.068693161010742,2.01655912399292,1.369269847869873,-0.03569319471716881,0.027270276099443436,0.03759550675749779,1.9894660711288452,-2.020587682723999,-79.99645233154297,-100.18321228027344,-14.586712837219238,-153.95425415039062,2122.0,2127.0,1913.0,0,0,0,0,0
228359.23,2.0681276321411133,2.016927719116211,1.3689099550247192,-0.03955167159438133,0.02296234294772148,0.0035372974816709757,0.3753116726875305,-1.9071601629257202,-79.5547103881836,-171.27029418945312,7.05186128616333,-179.2672119140625,6348.0,1808.0,2745.0,0,0,0,0,0
228369.117,2.067481517791748,2.0172317028045654,1.3683594465255737,-0.04056164249777794,0.018650177866220474,-0.001911590457893908,-0.7828966975212097,-1.845725178718567,-80.46406555175781,112.3196792602539,21.12094497680664,-20.983734130859375,7362.0,2180.0,2177.0,0,0,0,0,0
228379.018,2.0669124126434326,2.0175111293792725,1.367944359779358,-0.03836284950375557,0.014393897727131844,0.01981578767299652,-1.4653990268707275,-1.829054355621338,-80.70455932617188,68.65245819091797,55.339176177978516,76.51017761230469,0.0,0.0,0.0,29419,60000,65535,25578,0
228388.926,2.0665271282196045,2.017728090286255,1.3674845695495605,-0.0347653403878212,0.014537863433361053,-0.05216759070754051,-0.369485467672348,-2.2014622688293457,-81.35375213623047,112.41055297851562,26.9422664642334,117.00402069091797,0.0,0.0,0.0,0,60000,65535,12444,0
228398.845,2.0662665367126465,2.018004894256592,1.366753101348877,-0.032104529440402985,0.008537412621080875,0.008463285863399506,0.2928526699542999,-2.486557722091675,-80.51546478271484,50.60341262817383,36.82731246948242,121.23102569580078,0.0,0.0,0.0,0,60000,65535,31547,0
228408.758,2.0660560131073,2.0181970596313477,1.3665213584899902,-0.030788272619247437,0.003427626332268119,0.029339507222175598,0.9137526750564575,-2.7230002880096436,-81.07779693603516,283.2080078125,54.76932144165039,44.491214752197266,0.0,0.0,0.0,20051,60000,65535,21222,0
228418.653,2.0659356117248535,2.0182714462280273,1.366455316543579,-0.029598983004689217,-0.0014708314556628466,0.04218041151762009,3.023526191711426,-3.1332552433013916,-79.88026428222656,-77.4176254272461,101.09228515625,340.71527099609375,0.0,0.0,0.0,30309,60000,65535,20372,0
228428.568,2.0653107166290283,2.018110513687134,1.3662484884262085,-0.03799940645694733,-0.01475706696510315,0.04361572489142418,5.2333292961120605,-4.575242042541504,-74.02342987060547,414.3163757324219,133.04364013671875,479.49072265625,0.0,0.0,0.0,0,60000,65535,0,0
228438.48,2.065310478210449,2.0180747509002686,1.3660690784454346,-0.038055419921875,-0.014893578365445137,0.042854394763708115,5.2374348640441895,-4.577927589416504,-74.00821685791016,410.099365234375,103.78136444091797,723.248291015625,0.0,0.0,0.0,5496,0,65535,60000,0
228448.379,2.064868211746216,2.0177247524261475,1.3667813539505005,-0.0480765774846077,-0.03031322732567787,0.08917340636253357,10.835447311401367,-5.216371536254883,-70.697998046875,629.619384765625,184.29554748535156,-513.1829833984375,0.0,0.0,0.0,55370,60000,65535,0,0
228458.289,2.064382791519165,2.0173370838165283,1.3675167560577393,-0.05458388477563858,-0.03674035519361496,0.06486641615629196,15.658305168151855,-6.2216105461120605,-67.96166229248047,608.6986083984375,200.04283142089844,64.90117645263672,0.0,0.0,0.0,0,0,65535,60000,0
228468.197,2.063948631286621,2.0168964862823486,1.3678680658340454,-0.05446028709411621,-0.03570038825273514,0.010743302293121815,22.514585494995117,-8.737264633178711,-68.71929168701172,485.9494323730469,161.01927185058594,404.7928771972656,0.0,0.0,0.0,58058,48611,65535,16073,0
228478.116,2.063585042953491,2.016547441482544,1.3675224781036377,-0.04075964540243149,-0.02550318092107773,-0.08916624635457993,28.279762268066406,-8.341788291931152,-63.604793548583984,391.6306457519531,164.89239501953125,631.5630493164062,0.0,0.0,0.0,60860,55540,65535,39772,0
228488.015,2.0631468296051025,2.0161101818084717,1.3665339946746826,-0.06315095722675323,-0.04816685989499092,-0.11901687830686569,33.09120559692383,-7.231131076812744,-58.680110931396484,547.4780883789062,120.10498809814453,63.01264572143555,0.0,0.0,0.0,65535,36447,65535,24694,0
228497.924,2.062357187271118,2.015355110168457,1.3651585578918457,-0.0926334336400032,-0.07631874084472656,-0.15316268801689148,38.52511978149414,-6.8295674324035645,-55.3507080078125,429.9962158203125,85.82783508300781,779.1873779296875,0.0,0.0,0.0,63324,17224,65535,60000,0
228507.833,2.0612785816192627,2.0143380165100098,1.3638170957565308,-0.13466499745845795,-0.1187630295753479,-0.16980211436748505,43.69002914428711,-5.306187152862549,-51.92499923706055,453.4527282714844,108.78604125976562,168.0497283935547,0.0,0.0,0.0,18624,42551,65535,39642,0
228517.752,2.059567928314209,2.012894630432129,1.3629511594772339,-0.22458788752555847,-0.20967984199523926,-0.1351834386587143,48.36350631713867,-2.597330331802368,-48.33493423461914,450.4609680175781,76.26313781738281,54.50853729248047,0.0,0.0,0.0,49516,0,65535,60000,0
228527.65,2.0568275451660156,2.0106372833251953,1.3624130487442017,-0.3054746985435486,-0.287835955619812,-0.12921242415905,53.20942306518555,-2.438816547393799,-46.76943588256836,316.2635192871094,-11.5911283493042,-153.66534423828125,0.0,0.0,0.0,65535,25453,65535,60000,0
228537.566,2.053077220916748,2.007329225540161,1.3616892099380493,-0.4263190031051636,-0.40716904401779175,-0.10081538558006287,57.01900863647461,-2.6879019737243652,-46.903663635253906,200.7644805908203,98.5589828491211,259.9347229003906,0.0,0.0,0.0,65535,60000,65535,37798,0
228547.468,2.048292398452759,2.0035314559936523,1.3610283136367798,-0.4416549503803253,-0.4216221272945404,-0.17113326489925385,59.646141052246094,-1.3670027256011963,-45.48666000366211,36.333736419677734,21.531972885131836,299.2251281738281,0.0,0.0,0.0,3427,60000,65535,8291,0
228557.384,2.0433895587921143,1.9998213052749634,1.359527826309204,-0.45490962266921997,-0.43467816710472107,-0.24618719518184662,60.29368209838867,0.557694673538208,-43.20830535888672,245.26271057128906,-27.915149688720703,412.0489196777344,0.0,0.0,0.0,50743,36062,65535,60000,0
228567.285,2.0377941131591797,1.995705485343933,1.3571749925613403,-0.49118393659591675,-0.4772811830043793,-0.30098289251327515,61.95411682128906,3.8530728816986084,-41.687477111816406,31.818687438964844,-6.97882604598999,303.5522155761719,0.0,0.0,0.0,65535,25732,65535,60000,0
228577.194,2.032170534133911,1.9909136295318604,1.3542242050170898,-0.5564066767692566,-0.5539768934249878,-0.3351759910583496,63.23783493041992,8.0093994140625,-39.978790283203125,184.1913299560547,29.037216186523438,781.116455078125,0.0,0.0,0.0,4657,60000,65535,30380,0
228587.103,2.02553391456604,1.985880732536316,1.3510053157806396,-0.606780469417572,-0.6133537292480469,-0.381610244512558,63.174110412597656,12.03857135772705,-37.82393264770508,163.79519653320312,-138.81488037109375,72.1202621459961,0.0,0.0,0.0,65535,20418,65535,60000,0
228597.035,2.017921209335327,1.979936122894287,1.347499966621399,-0.7262348532676697,-0.7399209141731262,-0.3844582736492157,65.83731842041016,14.401610374450684,-38.27808380126953,101.21562957763672,-45.26181411743164,1.528235912322998,0.0,0.0,0.0,40606,29819,65535,60000,0
228606.924,2.009270429611206,1.9729310274124146,1.3433793783187866,-0.784206211566925,-0.8067044615745544,-0.4302692413330078,66.27401733398438,18.674198150634766,-37.379798889160156,83.05435180664062,-146.85577392578125,41.210872650146484,0.0,0.0,0.0,0,0,65535,60000,0
228616.83,1.9994410276412964,1.9647135734558105,1.338661551475525,-0.871538519859314,-0.8909642696380615,-0.4653348922729492,68.3397445678711,17.1595458984375,-39.437774658203125,129.69415283203125,-271.2142639160156,258.2786865234375,0.0,0.0,0.0,65535,0,65535,60000,0
228626.739,1.9893497228622437,1.9562962055206299,1.3335542678833008,-0.8769848346710205,-0.9028260707855225,-0.5390084385871887,69.75669860839844,19.24769401550293,-41.19956588745117,-3.489825963973999,-105.47239685058594,519.6821899414062,0.0,0.0,0.0,65535,31354,65535,60000,0
228636.658,1.9799010753631592,1.9475531578063965,1.3277119398117065,-0.8825987577438354,-0.9193743467330933,-0.6129055023193359,70.5506591796875,24.208826065063477,-41.069305419921875,-228.27809143066406,-52.43788146972656,448.74774169921875,0.0,0.0,0.0,7396,60000,54848,22581,0
228646.553,1.9691295623779297,1.9383996725082397,1.3211511373519897,-0.9565147757530212,-0.9978777766227722,-0.6619169116020203,68.0937271118164,30.95142364501953,-38.50948715209961,-198.15538024902344,-153.31539916992188,405.638671875,0.0,0.0,0.0,0,60000,60221,10857,0
228656.462,1.9573378562927246,1.928012490272522,1.3139090538024902,-1.06000554561615,-1.088437795639038,-0.6886286735534668,65.76519012451172,32.88357925415039,-38.49513626098633,-255.67095947265625,-240.51719665527344,-272.3805236816406,0.0,0.0,0.0,2669,52844,65535,60000,0
228666.371,1.944740891456604,1.916756272315979,1.3060382604599,-1.1066025495529175,-1.1296682357788086,-0.7389251589775085,64.86997985839844,33.30909729003906,-41.02204895019531,-376.3370056152344,-86.720947265625,158.3306427001953,0.0,0.0,0.0,0,60000,64965,10097,0
228676.297,1.9321842193603516,1.905469536781311,1.2975637912750244,-1.1215691566467285,-1.1511340141296387,-0.8027598261833191,61.570770263671875,35.63197326660156,-41.7581901550293,-5.207884788513184,-195.9732666015625,119.3410415649414,0.0,0.0,0.0,43951,60000,65535,36616,0
228686.188,1.9196919202804565,1.893699288368225,1.2891690731048584,-1.226544976234436,-1.2213784456253052,-0.8178231716156006,58.62834548950195,41.096126556396484,-40.03950881958008,57.74018859863281,-19.870952606201172,584.5926513671875,0.0,0.0,0.0,52600,31279,65535,60000,0
228696.096,1.9053713083267212,1.88123619556427,1.2802525758743286,-1.289415955543518,-1.257722020149231,-0.852072536945343,58.53831100463867,44.26524353027344,-39.19548797607422,146.87355041503906,-68.78575897216797,178.3079833984375,0.0,0.0,0.0,53506,35695,65535,60000,0
228706.009,1.889925479888916,1.868149995803833,1.2713028192520142,-1.4100571870803833,-1.3214366436004639,-0.8598766922950745,59.86077117919922,44.66584014892578,-39.60456085205078,45.03410720825195,-137.55580139160156,370.6307678222656,0.0,0.0,0.0,65535,0,65535,60000,0
228715.925,1.8736637830734253,1.8545794486999512,1.2621222734451294,-1.4192945957183838,-1.3300625085830688,-0.9157630801200867,60.16004180908203,47.84401321411133,-38.72861099243164,-144.76254272460938,-180.14956665039062,880.852294921875,0.0,0.0,0.0,65535,15218,65535,60000,0
228725.824,1.8575164079666138,1.841231107711792,1.2527304887771606,-1.4679070711135864,-1.3670231103897095,-0.958114743232727,57.06684875488281,55.156036376953125,-35.41377258300781,-168.30105590820312,-235.6997833251953,664.2830200195312,0.0,0.0,0.0,43554,33079,65535,60000,0
228735.733,1.8401559591293335,1.8271087408065796,1.2428258657455444,-1.6193770170211792,-1.4398237466812134,-0.9573605060577393,55.46596145629883,59.172000885009766,-35.43475341796875,-264.1578063964844,-373.51654052734375,-342.7716064453125,0.0,0.0,0.0,0,0,65535,60000,0
228745.652,1.8215323686599731,1.812373161315918,1.232588529586792,-1.6725752353668213,-1.4602521657943726,-0.9919539093971252,59.378360748291016,59.66594696044922,-42.307586669921875,-306.95745849609375,-279.38531494140625,114.3785400390625,0.0,0.0,0.0,0,0,65535,60000,0
228755.563,1.8047281503677368,1.7977410554885864,1.2222007513046265,-1.6673208475112915,-1.4595041275024414,-1.0428595542907715,62.22556686401367,60.05638885498047,-49.15809631347656,-289.3076171875,-243.95468139648438,448.2569885253906,0.0,0.0,0.0,65535,44096,65535,45232,0
228765.465,1.7849323749542236,1.7835164070129395,1.2110848426818848,-1.7257531881332397,-1.4744595289230347,-1.0848840475082397,58.249202728271484,65.73544311523438,-47.74884033203125,-411.136474609375,-62.16899871826172,869.7838745117188,0.0,0.0,0.0,31004,60000,32099,16289,0
228775.372,1.7650343179702759,1.7688485383987427,1.1997419595718384,-1.8303714990615845,-1.5028787851333618,-1.1188243627548218,43.93035888671875,72.65711975097656,-36.13813018798828,-364.74322509765625,-27.062063217163086,381.398193359375,0.0,0.0,0.0,40992,60000,9830,15410,0
228785.289,1.743759036064148,1.753589153289795,1.1881932020187378,-1.9455146789550781,-1.511389970779419,-1.139594554901123,29.50111198425293,75.34064483642578,-25.416366577148438,-430.7315979003906,-7.118640899658203,-158.1405029296875,0.0,0.0,0.0,0,60000,9830,6010,0
228795.197,1.7228703498840332,1.7384480237960815,1.1765307188034058,-1.9970359802246094,-1.4988538026809692,-1.1697570085525513,27.50592613220215,75.46088409423828,-27.427305221557617,-506.1268005371094,-9.630898475646973,74.81897735595703,0.0,0.0,0.0,0,60000,9830,6770,0
228805.098,1.6977062225341797,1.7215678691864014,1.1632881164550781,-2.0772266387939453,-1.483919620513916,-1.196964144706726,19.536468505859375,75.93785095214844,-25.101945877075195,-425.11492919921875,-103.00950622558594,25.911251068115234,0.0,0.0,0.0,0,60000,9830,1678,0
228815.013,1.6741373538970947,1.706289291381836,1.1510014533996582,-2.060772180557251,-1.4740811586380005,-1.23795747756958,11.40575122833252,77.00978088378906,-21.570436477661133,-379.4534912109375,9.155588150024414,13.633469581604004,0.0,0.0,0.0,0,60000,9830,17240,0
228824.922,1.651388168334961,1.6917041540145874,1.138698935508728,-2.0485479831695557,-1.4547673463821411,-1.2768418788909912,9.506332397460938,77.26264190673828,-23.609479904174805,-398.8969421386719,97.22498321533203,143.1183624267578,0.0,0.0,0.0,0,60000,9830,12459,0
228834.843,1.6282740831375122,1.677407145500183,1.1260590553283691,-2.0917301177978516,-1.419155240058899,-1.3051033020019531,3.8161134719848633,76.46673583984375,-21.99462127685547,-298.74945068359375,165.1197509765625,-79.47013092041016,0.0,0.0,0.0,0,60000,9830,4747,0
228844.74,1.6060453653335571,1.663558006286621,1.1130305528640747,-2.12007999420166,-1.3793789148330688,-1.3332090377807617,-0.5444130301475525,75.2801284790039,-21.056589126586914,-194.59173583984375,137.39511108398438,-561.7202758789062,0.0,0.0,0.0,29594,60000,9830,0,0
228854.652,1.5819264650344849,1.6500648260116577,1.1000019311904907,-2.153764247894287,-1.3327882289886475,-1.3569780588150024,2.0708131790161133,73.75853729248047,-26.33980941772461,-249.70399475097656,65.14774322509766,-719.4716796875,0.0,0.0,0.0,0,28077,55699,27530,0
228864.563,1.5549486875534058,1.6359508037567139,1.0853278636932373,-2.2123959064483643,-1.272489309310913,-1.3775774240493774,16.235353469848633,72.14778137207031,-43.85618209838867,44.350826263427734,136.87887573242188,-156.6220245361328,0.0,0.0,0.0,0,38164,55009,29730,0
228874.471,1.5268898010253906,1.623125433921814,1.0708285570144653,-2.345583200454712,-1.162382960319519,-1.3625425100326538,19.596935272216797,70.89958953857422,-48.2999382019043,15.702239990234375,222.73268127441406,-391.0068054199219,0.0,0.0,0.0,0,15316,65535,60000,0
228884.383,1.4979497194290161,1.6116331815719604,1.0564618110656738,-2.400843620300293,-1.0925962924957275,-1.3751296997070312,26.791467666625977,67.92105102539062,-55.85858154296875,101.16439819335938,220.88487243652344,-313.3907775878906,0.0,0.0,0.0,0,52532,65535,53439,0
228894.287,1.4719184637069702,1.601493000984192,1.0427966117858887,-2.4622092247009277,-1.0255810022354126,-1.3796629905700684,30.509151458740234,64.8552017211914,-59.02695083618164,127.94096374511719,239.994873046875,0.7504265308380127,0.0,0.0,0.0,18159,0,65535,50970,0
228904.201,1.4454843997955322,1.593497633934021,1.0301674604415894,-2.4725193977355957,-0.9797395467758179,-1.400784969329834,30.772808074951172,62.26437759399414,-57.91887283325195,87.3997573852539,225.81585693359375,110.60386657714844,0.0,0.0,0.0,0,32441,65535,60000,0
228914.117,1.419082522392273,1.585986852645874,1.0172865390777588,-2.4400365352630615,-0.9555062055587769,-1.4413846731185913,29.747760772705078,60.048397064208984,-55.89457702636719,56.71007537841797,135.70291137695312,-77.35645294189453,0.0,0.0,0.0,0,54604,65535,51119,0
228924.015,1.3925257921218872,1.5790226459503174,1.0040124654769897,-2.454378128051758,-0.9152463674545288,-1.4529839754104614,31.123130798339844,57.79838180541992,-57.02733612060547,122.8093032836914,188.29000854492188,-326.3926696777344,0.0,0.0,0.0,0,16550,65535,51996,0
228933.924,1.3634018898010254,1.571806788444519,0.9889668822288513,-2.4626810550689697,-0.8764117360115051,-1.4698981046676636,34.22145080566406,54.321651458740234,-59.528968811035156,113.58872985839844,284.9129333496094,118.98361206054688,0.0,0.0,0.0,0,36310,65535,60000,0
228943.834,1.334824800491333,1.563621997833252,0.9729177355766296,-2.4752213954925537,-0.8436031341552734,-1.4856287240982056,33.23655700683594,51.93124771118164,-56.67074203491211,206.21908569335938,298.30291748046875,-257.96624755859375,0.0,0.0,0.0,0,38447,65535,35105,0
228953.756,1.3080501556396484,1.558539628982544,0.9591991305351257,-2.4943552017211914,-0.8088400959968567,-1.4869580268859863,34.7357063293457,48.46390914916992,-56.152374267578125,178.50997924804688,367.25982666015625,-257.169921875,0.0,0.0,0.0,0,19193,65535,60000,0
228963.645,1.2809901237487793,1.5540567636489868,0.9453166127204895,-2.5113930702209473,-0.7785903215408325,-1.4902516603469849,36.79665756225586,43.89324951171875,-56.37591552734375,283.7733154296875,362.7689208984375,-448.5634460449219,0.0,0.0,0.0,0,0,65535,60000,0
228973.546,1.2547286748886108,1.5505821704864502,0.9317846298217773,-2.5199830532073975,-0.7544525265693665,-1.4960812330245972,40.32058334350586,38.469146728515625,-57.61655044555664,277.2966613769531,395.0041198730469,-306.8515930175781,0.0,0.0,0.0,0,0,65535,60000,0
228983.457,1.2284187078475952,1.5474475622177124,0.9179399013519287,-2.4896538257598877,-0.7338433861732483,-1.5312294960021973,42.540287017822266,33.67563247680664,-56.99496078491211,204.9600372314453,399.6299743652344,-328.9512634277344,0.0,0.0,0.0,0,15216,65535,60000,0
228993.386,1.2023767232894897,1.5446125268936157,0.9034788608551025,-2.4403316974639893,-0.7127469182014465,-1.5856853723526,44.03883361816406,28.802391052246094,-56.257911682128906,160.67388916015625,413.1033020019531,-382.30810546875,0.0,0.0,0.0,0,0,65535,60000,0
229003.282,1.1780743598937988,1.5400854349136353,0.8881686925888062,-2.397632360458374,-0.7011475563049316,-1.6366578340530396,45.324462890625,23.546688079833984,-55.67417526245117,190.5411834716797,408.1656188964844,-432.4584045410156,0.0,0.0,0.0,0,0,65535,60000,0
229013.181,1.1534788608551025,1.5380750894546509,0.8730208873748779,-2.372554302215576,-0.6875358819961548,-1.6733522415161133,46.870689392089844,18.12082290649414,-55.194515228271484,162.17611694335938,438.4770812988281,-323.23040771484375,0.0,0.0,0.0,0,0,65535,60000,0
229023.098,1.1289371252059937,1.5361641645431519,0.8572845458984375,-2.342467784881592,-0.6722398400306702,-1.7171125411987305,48.0129280090332,12.961565017700195,-53.99129867553711,117.67678833007812,457.08856201171875,-399.259765625,0.0,0.0,0.0,0,8808,65535,60000,0
229033.014,1.1047700643539429,1.5318434238433838,0.8401445746421814,-2.3070857524871826,-0.6607255935668945,-1.7761768102645874,48.990577697753906,7.027503490447998,-53.16172790527344,99.10362243652344,465.4114990234375,-448.33477783203125,0.0,0.0,0.0,0,0,65535,60000,0
229042.907,1.0802533626556396,1.5326520204544067,0.8236647248268127,-2.2862508296966553,-0.6393188834190369,-1.823174238204956,49.81355285644531,0.7166255712509155,-52.597320556640625,88.23993682861328,467.96478271484375,-425.6300964355469,0.0,0.0,0.0,0,0,65535,60000,0
229052.83,1.0564188957214355,1.5285648107528687,0.805307149887085,-2.262558698654175,-0.6319983005523682,-1.8781359195709229,50.67683410644531,-5.430936813354492,-51.67033767700195,44.48958206176758,477.4028015136719,-409.94921875,0.0,0.0,0.0,0,0,65535,60000,0
229062.725,1.0332823991775513,1.5273362398147583,0.7874259948730469,-2.235698699951172,-0.610701322555542,-1.9354201555252075,51.19501495361328,-11.628579139709473,-50.64853286743164,25.5158748626709,485.3280029296875,-456.4300842285156,0.0,0.0,0.0,0,4920,65535,60000,0
229072.644,1.0101333856582642,1.5261774063110352,0.7686962485313416,-2.2147016525268555,-0.589750349521637,-1.9925767183303833,51.63089370727539,-18.18590545654297,-49.754127502441406,6.542448997497559,494.5951232910156,-438.9920959472656,0.0,0.0,0.0,0,0,65535,60000,0
229082.542,0.9869963526725769,1.5250356197357178,0.7492188215255737,-2.1945526599884033,-0.5641385912895203,-2.0511679649353027,52.06083297729492,-24.70016860961914,-48.62337875366211,-27.423946380615234,498.06500244140625,-431.8861999511719,0.0,0.0,0.0,0,7107,65535,60000,0
229092.46,0.9639028310775757,1.5239992141723633,0.7289049625396729,-2.177428960800171,-0.5365196466445923,-2.108285427093506,52.40766143798828,-31.215652465820312,-47.327369689941406,-39.91716003417969,501.5751953125,-472.56219482421875,0.0,0.0,0.0,0,7769,65535,60000,0
229102.369,0.9412476420402527,1.5208001136779785,0.70745450258255,-2.1629128456115723,-0.5153965353965759,-2.1647987365722656,52.726322174072266,-38.01219177246094,-46.047821044921875,-78.05575561523438,497.18768310546875,-438.1700439453125,0.0,0.0,0.0,0,2592,65535,60000,0
229112.276,0.9190725684165955,1.520350694656372,0.686265766620636,-2.1473681926727295,-0.48246073722839355,-2.2156665325164795,53.005287170410156,-44.531742095947266,-44.45946502685547,-94.96660614013672,494.3064880371094,-449.580810546875,0.0,0.0,0.0,0,14297,65535,60000,0
229122.175,0.8968783617019653,1.5199865102767944,0.664291501045227,-2.1341493129730225,-0.4504067599773407,-2.2622392177581787,53.38438034057617,-51.0604248046875,-42.68555450439453,-115.88153839111328,489.95654296875,-442.3385925292969,0.0,0.0,0.0,0,10833,65535,60000,0
229132.084,0.8746224045753479,1.519743800163269,0.6415701508522034,-2.1220338344573975,-0.4152635335922241,-2.3055686950683594,53.91698455810547,-57.62799072265625,-40.668495178222656,-132.3650665283203,485.1017761230469,-472.035888671875,0.0,0.0,0.0,0,11401,65535,60000,0
229141.993,0.8523319363594055,1.5196599960327148,0.6181232333183289,-2.1112043857574463,-0.38103535771369934,-2.344513416290283,54.6114616394043,-64.32109069824219,-38.41771697998047,-160.3280487060547,477.26446533203125,-455.1658630371094,0.0,0.0,0.0,0,9228,65535,60000,0
229151.91,0.8304144144058228,1.5177628993988037,0.5939545631408691,-2.098116159439087,-0.3558458685874939,-2.3769233226776123,56.19138717651367,-70.79365539550781,-35.02757263183594,-173.00845336914062,465.1397705078125,-492.1265563964844,0.0,0.0,0.0,0,9369,65535,60000,0
229161.823,0.8060305118560791,1.5177266597747803,0.5668380260467529,-2.084965705871582,-0.3252669870853424,-2.40928316116333,59.418296813964844,-78.02478790283203,-29.748271942138672,-199.99703979492188,441.52911376953125,-499.4466857910156,0.0,0.0,0.0,0,1871,65535,60000,0
229171.719,0.7817896008491516,1.5178903341293335,0.5391265749931335,-2.068655490875244,-0.3020454943180084,-2.436558246612549,70.9999008178711,-85.11724853515625,-15.879953384399414,-223.75184631347656,421.6985778808594,-537.646728515625,0.0,0.0,0.0,0,0,65535,60000,0
229181.63,0.7604967355728149,1.5186283588409424,0.5141308307647705,-2.047008991241455,-0.28329166769981384,-2.456052303314209,-165.50279235839844,-87.43729400634766,109.9542465209961,-249.01953125,399.5363464355469,-545.8555908203125,0.0,0.0,0.0,0,0,65535,60000,0
229191.549,0.7392013072967529,1.519352674484253,0.4885866343975067,-2.0212793350219727,-0.26883670687675476,-2.4740190505981445,-137.9928741455078,-81.16926574707031,140.03416442871094,-271.6636657714844,378.520263671875,-566.3272094726562,0.0,0.0,0.0,0,37667,65535,60000,0
229201.448,0.7183288931846619,1.5182831287384033,0.46281248331069946,-1.98928701877594,-0.26763448119163513,-2.4908740520477295,-133.65444946289062,-74.44635772705078,147.30288696289062,-313.88787841796875,359.15869140625,-617.0486450195312,0.0,0.0,0.0,0,23180,65535,60000,0
229211.357,0.6973094940185547,1.518894076347351,0.43636417388916016,-1.950312852859497,-0.2654227614402771,-2.510324001312256,-133.03848266601562,-67.81716918945312,151.26217651367188,-310.4327697753906,347.7012023925781,-566.48046875,0.0,0.0,0.0,0,34244,65535,60000,0
229221.266,0.6765033006668091,1.5193397998809814,0.40942656993865967,-1.9052035808563232,-0.2607188820838928,-2.529372453689575,-133.1016082763672,-61.59507369995117,154.420166015625,-441.4632873535156,375.58941650390625,-643.689697265625,0.0,0.0,0.0,2109,34782,65535,55093,0
229231.184,0.6568319797515869,1.5188206434249878,0.3823150098323822,-1.8035441637039185,-0.4146239161491394,-2.633664608001709,-135.66970825195312,-54.173683166503906,157.51329040527344,-664.0703125,369.8875427246094,-424.44146728515625,0.0,0.0,0.0,0,60000,65535,35291,0
229241.094,0.6377554535865784,1.5168471336364746,0.3542598485946655,-1.7128041982650757,-0.4751511812210083,-2.7010388374328613,-140.48976135253906,-47.881160736083984,159.79689025878906,-734.90966796875,414.89495849609375,-779.6218872070312,0.0,0.0,0.0,0,60000,9830,10051,0
229250.992,0.6199718117713928,1.512854814529419,0.32571277022361755,-1.6130110025405884,-0.524838387966156,-2.791137933731079,-145.89231872558594,-40.28311538696289,163.51219177246094,-841.4356689453125,395.28607177734375,-475.5223388671875,0.0,0.0,0.0,0,60000,9830,5018,0
229260.901,0.6021410226821899,1.509856104850769,0.2960774004459381,-1.5558568239212036,-0.4837020933628082,-2.7945194244384766,-151.9197540283203,-34.56367111206055,166.68296813964844,-647.9296264648438,231.83566284179688,-694.0157470703125,0.0,0.0,0.0,0,60000,9830,0,0
229270.819,0.5847676992416382,1.5066226720809937,0.2662491798400879,-1.4848766326904297,-0.4719494879245758,-2.8418874740600586,-155.71839904785156,-29.683195114135742,172.31024169921875,-805.0625610351562,233.09579467773438,-461.0545959472656,0.0,0.0,0.0,32122,60000,9830,0,0
229280.718,0.5665797591209412,1.5023273229599,0.23234950006008148,-1.3573240041732788,-0.4875028133392334,-2.9824273586273193,-163.4113311767578,-26.00356101989746,174.89505004882812,-699.872802734375,269.8888244628906,-229.60971069335938,0.0,0.0,0.0,0,60000,9830,0,0
229290.627,0.5513880252838135,1.498227596282959,0.20085303485393524,-1.2446858882904053,-0.4944995939731598,-3.1237640380859375,-168.7433624267578,-22.8242244720459,177.19161987304688,-484.4320373535156,268.6607971191406,-372.0011291503906,0.0,0.0,0.0,40313,60000,9830,0,0
229300.535,0.5380458831787109,1.4937301874160767,0.16790468990802765,-1.1493840217590332,-0.4856880009174347,-3.251622200012207,-171.39720153808594,-19.301841735839844,-177.7980499267578,-295.1812744140625,292.4073791503906,-983.7755126953125,0.0,0.0,0.0,65535,60000,9830,0,0
229310.461,0.524594783782959,1.4893951416015625,0.13331031799316406,-1.0866761207580566,-0.4628780484199524,-3.342196464538574,-172.30743408203125,-15.428291320800781,-171.3490753173828,-276.455078125,-204.57708740234375,-533.356689453125,0.0,0.0,0.0,65535,60000,51852,9054,0
229320.355,0.5103822946548462,1.4854671955108643,0.10063329339027405,-1.227176547050476,-0.434693843126297,-2.900815010070801,-172.62205505371094,-19.406694412231445,-166.0892791748047,-117.55521392822266,-1164.99462890625,-30.403411865234375,0.0,0.0,0.0,65535,0,65535,11463,0
229330.263,0.49785274267196655,1.4811536073684692,0.0718221515417099,-1.2655949592590332,-0.4279384911060333,-2.8977179527282715,-172.8769073486328,-32.137081146240234,-165.91880798339844,225.44068908691406,-1110.3297119140625,-317.5001525878906,0.0,0.0,0.0,65535,60000,65535,2859,0
229340.171,0.49409210681915283,1.4804012775421143,0.07635406404733658,-1.2814339399337769,-0.43449866771698,-2.8776795864105225,-172.86233520507812,-31.972919464111328,-165.9775848388672,348.8787841796875,-1083.19091796875,-145.42001342773438,0.0,0.0,0.0,65535,60000,65535,0,0
229350.092,0.46392956376075745,1.4709731340408325,0.025521906092762947,-1.2183576822280884,-0.39903560280799866,-2.9873523712158203,-167.86090087890625,-53.19572067260742,-165.29429626464844,-115.84495544433594,-976.6248168945312,944.8673095703125,0.0,0.0,0.0,65535,60000,65535,0,0
229359.994,0.449994295835495,1.4666171073913574,-0.001571115106344223,-1.188611626625061,-0.38759276270866394,-3.063051700592041,174.89871215820312,-62.51171112060547,176.39035034179688,-238.9072265625,-730.9300537109375,1117.87939453125,0.0,0.0,0.0,65535,60000,65535,0,0
229369.896,0.43407225608825684,1.4624285697937012,-0.02405726909637451,-1.2188018560409546,-0.3911114037036896,-3.093648672103882,145.71890258789062,-65.78901672363281,146.96170043945312,-297.6703186035156,-684.9396362304688,661.7742919921875,0.0,0.0,0.0,65535,60000,65535,60000,0
229379.804,0.41807982325553894,1.4583210945129395,-0.04531296715140343,-1.1553806066513062,-0.39758962392807007,-3.1016457080841064,122.82369232177734,-65.79950714111328,124.26316833496094,-99.12074279785156,-653.6474609375,192.3421630859375,0.0,0.0,0.0,65535,23699,65535,60000,0
229389.723,0.40254464745521545,1.4541939496994019,-0.06363577395677567,-1.1360857486724854,-0.40554848313331604,-3.065871000289917,107.22099304199219,-67.59757232666016,108.8975830078125,-270.2476806640625,-659.5720825195312,872.7513427734375,0.0,0.0,0.0,65535,0,65535,60000,0
229399.627,0.38956353068351746,1.450074553489685,-0.08804351091384888,-1.0385758876800537,-0.414652556180954,-3.0708425045013428,89.1990966796875,-64.04151916503906,91.42915344238281,-14.488389015197754,-826.0121459960938,208.89492797851562,0.0,0.0,0.0,65535,60000,65535,35032,0
229409.53,0.37525197863578796,1.4462411403656006,-0.10371991991996765,-0.9668003916740417,-0.4133361279964447,-3.033780336380005,72.2540283203125,-62.80012893676758,73.55155944824219,-296.8924865722656,-755.8211059570312,-248.087158203125,0.0,0.0,0.0,65535,20108,65535,60000,0
229419.439,0.36205291748046875,1.4426103830337524,-0.11771424114704132,-0.836370050907135,-0.4199927747249603,-2.9573566913604736,61.79928970336914,-62.473812103271484,62.95003890991211,203.30685424804688,-63.95450973510742,166.3201446533203,0.0,0.0,0.0,65535,0,65535,60000,0
229429.357,0.3506247401237488,1.4392248392105103,-0.12941357493400574,-0.6417104601860046,-0.43414366245269775,-2.848442316055298,60.27821350097656,-61.758644104003906,59.86336898803711,72.235595703125,-210.9952850341797,-352.2944030761719,0.0,0.0,0.0,65535,46483,65535,56658,0
229439.258,0.34036189317703247,1.436314344406128,-0.13747303187847137,-0.6173957586288452,-0.4340250790119171,-2.777221202850342,55.409156799316406,-61.87384033203125,53.775962829589844,-75.40198516845703,-273.3936462402344,-454.3076477050781,0.0,0.0,0.0,65535,0,65535,60000,0
229449.164,0.3323262631893158,1.4327811002731323,-0.15524883568286896,-0.6180330514907837,-0.43537792563438416,-2.7600057125091553,47.98018264770508,-61.78483581542969,46.25968551635742,-74.03507995605469,-310.5877685546875,-293.0194396972656,0.0,0.0,0.0,48009,0,65535,60000,0
229459.071,0.3225651681423187,1.4304449558258057,-0.16096940636634827,-0.5995908975601196,-0.43086138367652893,-2.700817823410034,37.1275634765625,-62.69651412963867,34.952667236328125,-147.2873077392578,-359.83349609375,-804.6296997070312,0.0,0.0,0.0,65535,0,65535,60000,0
229468.99,0.3136739134788513,1.4282965660095215,-0.1655123084783554,-0.5239236354827881,-0.4341124892234802,-2.6475460529327393,14.536617279052734,-63.962738037109375,11.583654403686523,-201.9639129638672,-409.40985107421875,-1127.110595703125,0.0,0.0,0.0,0,0,65535,60000,0
229478.888,0.3062812387943268,1.4258711338043213,-0.16921815276145935,-0.4359445869922638,-0.42878639698028564,-2.582686185836792,-6.394523620605469,-60.59310531616211,-9.368500709533691,-319.5577697753906,-429.1011962890625,-1009.635498046875,0.0,0.0,0.0,0,0,38386,60000,0
229488.802,0.2999977767467499,1.4235875606536865,-0.17089086771011353,-0.3919881284236908,-0.41223594546318054,-2.523904800415039,-18.7171630859375,-54.755245208740234,-19.731992721557617,-369.0013732910156,-413.46075439453125,-263.3511962890625,0.0,0.0,0.0,0,0,36242,60000,0
229498.706,0.29505401849746704,1.4203435182571411,-0.1847459226846695,-0.43470025062561035,-0.40583792328834534,-2.552999496459961,-24.460222244262695,-49.74187469482422,-22.69628143310547,-206.97938537597656,-271.1231994628906,-205.26400756835938,0.0,0.0,0.0,65535,0,65535,60000,0
229508.625,0.2894376516342163,1.4181909561157227,-0.18591125309467316,-0.4161075949668884,-0.3781099021434784,-2.4949841499328613,-28.332563400268555,-46.13237380981445,-24.544017791748047,-427.4120788574219,-250.75323486328125,123.50789642333984,0.0,0.0,0.0,52045,0,65535,60000,0
229518.536,0.28558623790740967,1.416215181350708,-0.18607859313488007,-0.2453472763299942,-0.2983124852180481,-2.3131823539733887,-32.11703109741211,-43.98517608642578,-22.539907455444336,-545.9531860351562,-318.91021728515625,133.2538604736328,0.0,0.0,0.0,29641,38287,65535,34229,0
229528.432,0.2836383581161499,1.4147083759307861,-0.1839088648557663,-0.17959840595722198,-0.25238868594169617,-2.220036268234253,-34.5177001953125,-41.93153762817383,-18.124692916870117,-546.9425659179688,-484.1121826171875,-319.8733825683594,0.0,0.0,0.0,760,60000,65535,22637,0
229538.339,0.2827589213848114,1.4129953384399414,-0.19373778998851776,-0.08733921498060226,-0.17912258207798004,-2.1369526386260986,-37.980289459228516,-38.275455474853516,-14.201539993286133,-579.17431640625,-531.9774780273438,-42.29789733886719,0.0,0.0,0.0,5081,25214,65535,35842,0
229548.259,0.2842452824115753,1.41251802444458,-0.17783142626285553,-0.02549031749367714,-0.13433903455734253,-2.037339925765991,-40.91353225708008,-34.34514236450195,-10.500236511230469,-299.84527587890625,-509.76043701171875,109.25312042236328,0.0,0.0,0.0,45966,0,65535,44161,0
229558.162,0.2850353717803955,1.411571979522705,-0.18669797480106354,-0.007433649618178606,-0.1131739690899849,-2.0353641510009766,-40.478389739990234,-32.66577911376953,-4.146597862243652,-341.5376892089844,-371.6357116699219,567.7946166992188,0.0,0.0,0.0,65535,13056,65535,7426,0
229568.066,0.2875538766384125,1.4113142490386963,-0.183028444647789,0.043136969208717346,-0.046095892786979675,-1.9587842226028442,-40.114837646484375,-33.65678024291992,2.883775234222412,-322.3470458984375,-287.7247619628906,482.6279602050781,0.0,0.0,0.0,4055,60000,65535,10823,0
229577.975,0.2910507619380951,1.4117945432662964,-0.17905594408512115,0.0943639948964119,0.03299650922417641,-1.8734705448150635,-40.50115203857422,-34.06443786621094,8.804129600524902,-420.30078125,-213.6154022216797,265.4082336425781,0.0,0.0,0.0,338,60000,65535,17384,0
229587.893,0.2953301966190338,1.4129271507263184,-0.1737992763519287,0.1278424859046936,0.0724363625049591,-1.8199783563613892,-42.378173828125,-33.536338806152344,12.544384956359863,-325.5723876953125,-259.5605773925781,95.36275482177734,0.0,0.0,0.0,0,60000,65535,16104,0
229597.792,0.29992684721946716,1.4144479036331177,-0.16859550774097443,0.15523317456245422,0.1042424887418747,-1.7764884233474731,-43.57143783569336,-33.3237190246582,16.548194885253906,-328.6698913574219,-175.979248046875,368.2982177734375,0.0,0.0,0.0,40895,47544,65535,27285,0
229607.701,0.3031933009624481,1.4159811735153198,-0.1751854568719864,0.15947696566581726,0.13446450233459473,-1.7701236009597778,-44.254642486572266,-34.6363525390625,20.87759780883789,-247.76954650878906,-68.29029846191406,156.89622497558594,0.0,0.0,0.0,7869,60000,65535,13972,0
229617.61,0.30821505188941956,1.4181911945343018,-0.17000962793827057,0.17575541138648987,0.15509361028671265,-1.7373473644256592,-44.912879943847656,-36.48517608642578,24.211862564086914,-239.20973205566406,-61.678810119628906,494.06500244140625,0.0,0.0,0.0,1397,60000,65535,19059,0
229627.528,0.313532292842865,1.4210261106491089,-0.16678379476070404,0.18898451328277588,0.20267580449581146,-1.6949716806411743,-43.87226104736328,-39.293060302734375,29.396032333374023,-122.19889831542969,-117.50827026367188,100.18345642089844,0.0,0.0,0.0,0,60000,27393,17993,0
229637.427,0.31860095262527466,1.424280047416687,-0.1616879552602768,0.20363527536392212,0.2637823224067688,-1.6361291408538818,-43.46791076660156,-39.839603424072266,32.08063888549805,-200.9510498046875,-31.197416305541992,311.7203369140625,0.0,0.0,0.0,65535,58173,65535,15717,0
229647.335,0.32000502943992615,1.4247242212295532,-0.15082143247127533,0.21891459822654724,0.271132230758667,-1.6002044677734375,-43.43153381347656,-39.84494400024414,32.108421325683594,-20.300554275512695,-1.6590596437454224,213.49510192871094,0.0,0.0,0.0,0,60000,65535,7714,0
229657.25,0.3249278962612152,1.4289398193359375,-0.14508989453315735,0.22686772048473358,0.3681841492652893,-1.5213017463684082,-41.63227462768555,-43.50587844848633,37.538116455078125,-111.73567199707031,226.22474670410156,177.7941131591797,0.0,0.0,0.0,65535,60000,65535,22121,0
229667.163,0.3317444324493408,1.441223382949829,-0.15253882110118866,0.21479053795337677,0.685890257358551,-1.3410602807998657,-42.86605453491211,-46.93115234375,37.37652587890625,-25.740211486816406,164.6375274658203,121.89666748046875,0.0,0.0,0.0,0,60000,65535,0,0
229677.062,0.33389517664909363,1.4482795000076294,-0.1663259118795395,0.1945478767156601,0.6994126439094543,-1.371132731437683,-42.934295654296875,-49.07917022705078,37.35184860229492,-81.93892669677734,167.4727783203125,387.4010925292969,0.0,0.0,0.0,0,60000,65535,27843,0
229686.972,0.3358463644981384,1.4554626941680908,-0.18042439222335815,0.17377856373786926,0.7149994969367981,-1.4076175689697266,-39.20317840576172,-54.36517333984375,43.388755798339844,-103.45687103271484,181.402587890625,225.3967742919922,0.0,0.0,0.0,0,60000,29534,0,0
229696.881,0.3390398919582367,1.4635788202285767,-0.18113379180431366,0.17132215201854706,0.8014808297157288,-1.3692795038223267,-33.388031005859375,-59.35170364379883,50.389217376708984,272.2479553222656,273.62347412109375,248.98477172851562,0.0,0.0,0.0,0,60000,52861,17512,0
229706.801,0.34211957454681396,1.4727100133895874,-0.18119452893733978,0.18039719760417938,0.9113883376121521,-1.3133572340011597,-33.54027557373047,-61.14141845703125,46.59640884399414,411.92138671875,331.5787353515625,98.26368713378906,0.0,0.0,0.0,0,32419,65535,40463,0
229716.698,0.3461105525493622,1.4827700853347778,-0.16729584336280823,0.20332945883274078,0.9932151436805725,-1.235954761505127,-35.11811447143555,-63.072471618652344,40.37604522705078,464.4168701171875,410.54669189453125,-328.8995056152344,0.0,0.0,0.0,0,0,65535,60000,0
229726.608,0.34878847002983093,1.495116114616394,-0.14308050274848938,0.22864851355552673,1.0683708190917969,-1.1400647163391113,-33.56270980834961,-66.91609954833984,37.11016082763672,330.7622985839844,430.0375671386719,161.6878204345703,0.0,0.0,0.0,0,0,65535,60000,0
229736.517,0.3508356809616089,1.5064433813095093,-0.14340482652187347,0.22137108445167542,1.0681935548782349,-1.1515207290649414,-20.489418029785156,-73.5620346069336,48.02894592285156,267.53350830078125,353.3381042480469,485.8843688964844,0.0,0.0,0.0,0,54563,65535,60000,0
229746.434,0.3519876301288605,1.5179529190063477,-0.13282836973667145,0.2197933793067932,1.06919527053833,-1.1302884817123413,0.5335040092468262,-77.62024688720703,66.46673583984375,296.208984375,474.8007507324219,122.11656188964844,0.0,0.0,0.0,0,1253,65535,21524,0
229756.333,0.35284924507141113,1.5304056406021118,-0.12315299361944199,0.3290250301361084,1.2850855588912964,-1.0811328887939453,12.159138679504395,-82.58235168457031,76.37401580810547,23.978832244873047,526.2305908203125,319.00054931640625,0.0,0.0,0.0,0,21815,65535,60000,0
229766.247,0.3540065288543701,1.5437384843826294,-0.11446662247180939,0.32344257831573486,1.2659610509872437,-1.0732507705688477,63.67499542236328,-84.17896270751953,128.29574584960938,-30.480655670166016,454.3937683105469,452.39935302734375,0.0,0.0,0.0,0,60000,65535,35332,0
229776.152,0.35502341389656067,1.5570693016052246,-0.10685574263334274,0.3676607310771942,1.3531944751739502,-1.0759903192520142,107.36186981201172,-81.80369567871094,172.9789276123047,-88.2386703491211,633.5126342773438,295.2772521972656,0.0,0.0,0.0,0,43248,35338,0,0
229786.07,0.3560458719730377,1.5709420442581177,-0.10034294426441193,0.39067935943603516,1.3978283405303955,-1.0915206670761108,125.76240539550781,-75.62970733642578,-167.2904815673828,29.82535743713379,649.9239501953125,337.2179870605469,0.0,0.0,0.0,0,28789,65535,60000,0
229795.969,0.3565261960029602,1.5845729112625122,-0.09442048519849777,0.3965986371040344,1.406213641166687,-1.1055549383163452,137.46714782714844,-70.8488998413086,-156.23680114746094,171.44635009765625,648.1611938476562,355.75445556640625,0.0,0.0,0.0,0,24280,59831,60000,0
229805.878,0.35879331827163696,1.5989340543746948,-0.09787925332784653,0.42983612418174744,1.4730379581451416,-1.1789982318878174,142.36260986328125,-63.585628509521484,-152.4913330078125,160.55911254882812,757.081787109375,-149.7579345703125,0.0,0.0,0.0,0,0,50004,60000,0
229815.802,0.35907143354415894,1.6135921478271484,-0.09420354664325714,0.4474966824054718,1.5189721584320068,-1.2336443662643433,150.69212341308594,-57.73024368286133,-145.3110809326172,271.66015625,615.5282592773438,-65.21538543701172,0.0,0.0,0.0,0,0,65535,60000,0
229825.705,0.3592519462108612,1.629040241241455,-0.09228355437517166,0.47220858931541443,1.5981515645980835,-1.3295822143554688,155.48902893066406,-52.06660842895508,-140.64422607421875,-106.45323181152344,718.48046875,417.62689208984375,0.0,0.0,0.0,0,0,65535,60000,0
229835.604,0.35953488945961,1.644818663597107,-0.09209339320659637,0.4640248715877533,1.5976917743682861,-1.3772108554840088,158.04112243652344,-45.768516540527344,-136.3091278076172,132.93832397460938,703.3436279296875,-562.952880859375,0.0,0.0,0.0,0,44111,65535,28873,0
229845.52,0.36180809140205383,1.6603907346725464,-0.09944695234298706,0.45417463779449463,1.5934135913848877,-1.4458541870117188,163.99072265625,-39.901371002197266,-128.78729248046875,-14.515412330627441,826.4795532226562,303.5203857421875,0.0,0.0,0.0,0,0,65535,60000,0
229855.419,0.36113959550857544,1.6745984554290771,-0.09995216131210327,0.4092783033847809,1.4428372383117676,-1.3212765455245972,163.86082458496094,-33.654640197753906,-128.38522338867188,88.9206771850586,6.88607120513916,555.6517944335938,0.0,0.0,0.0,0,0,65535,60000,0
229865.339,0.35953426361083984,1.6850485801696777,-0.09694705903530121,0.26910802721977234,0.8933255672454834,-0.6539052128791809,163.18191528320312,-32.63738250732422,-131.31625366210938,149.86236572265625,112.59526824951172,398.34051513671875,0.0,0.0,0.0,49559,0,65535,0,0
229875.237,0.35746902227401733,1.691674828529358,-0.08974602073431015,0.22598367929458618,0.778823733329773,-0.5935298800468445,163.03903198242188,-29.771696090698242,-134.17221069335938,-5.916799068450928,348.5906982421875,177.76170349121094,0.0,0.0,0.0,0,29938,65535,51061,0
229885.146,0.3552023768424988,1.697524070739746,-0.08356166630983353,0.2139180451631546,0.8080212473869324,-0.7634584903717041,162.96115112304688,-27.346160888671875,-134.17584228515625,29.35012435913086,274.38323974609375,180.37008666992188,0.0,0.0,0.0,0,0,9830,60000,0
229895.054,0.3551371097564697,1.704268455505371,-0.08520302176475525,0.20444364845752716,0.8054638504981995,-0.8821955919265747,164.568603515625,-25.216955184936523,-133.31239318847656,232.29515075683594,371.3563232421875,-585.1488037109375,0.0,0.0,0.0,0,0,9830,60000,0
229904.978,0.3511500358581543,1.7091408967971802,-0.07654698193073273,0.17726148664951324,0.7515486478805542,-0.9380006194114685,170.25624084472656,-23.258567810058594,-125.03428649902344,127.5394515991211,316.3530578613281,-664.0387573242188,0.0,0.0,0.0,0,0,65535,60000,0
229914.872,0.34921008348464966,1.7074432373046875,-0.07012204080820084,0.1687890738248825,0.7372608184814453,-0.9183189868927002,170.1842041015625,-23.465410232543945,-125.05070495605469,-121.36776733398438,293.2567138671875,-272.8144836425781,0.0,0.0,0.0,0,0,65535,60000,0
229924.781,0.3453306257724762,1.7134788036346436,-0.06751567125320435,0.13805703818798065,0.7230344414710999,-1.0043962001800537,171.61004638671875,-21.18770980834961,-120.41364288330078,82.62154388427734,139.0748291015625,229.3138885498047,0.0,0.0,0.0,0,0,58709,60000,0
229934.693,0.34318241477012634,1.717112421989441,-0.06512487679719925,0.11761787533760071,0.6682879328727722,-1.0183026790618896,170.80682373046875,-18.872180938720703,-120.95867919921875,-273.3326110839844,290.1661682128906,286.7708435058594,0.0,0.0,0.0,8083,0,9830,60000,0
229944.608,0.3424135446548462,1.7255361080169678,-0.07170811295509338,0.10957340151071548,0.49561217427253723,-0.7923414707183838,167.92237854003906,-13.88654613494873,-122.48115539550781,-62.26163864135742,203.19769287109375,-98.231689453125,0.0,0.0,0.0,0,14873,9830,0,0
229954.506,0.34125396609306335,1.7237123250961304,-0.06525738537311554,0.10407748073339462,0.48042628169059753,-0.770296037197113,167.8623809814453,-14.052226066589355,-122.51719665527344,-131.6088409423828,348.46563720703125,-333.82098388671875,0.0,0.0,0.0,0,0,9830,60000,0
229964.428,0.34076979756355286,1.725082278251648,-0.06057542935013771,0.10558249056339264,0.3951234221458435,-0.6664695739746094,168.3422088623047,-12.481928825378418,-117.75064849853516,-148.99957275390625,422.13421630859375,-111.32677459716797,0.0,0.0,0.0,0,0,65535,60000,0
229974.335,0.3404041528701782,1.7259893417358398,-0.05597284808754921,0.08775165677070618,0.366985559463501,-0.7552926540374756,166.8676300048828,-8.887592315673828,-114.46830749511719,-189.32127380371094,248.6993865966797,51.82907485961914,0.0,0.0,0.0,0,0,20354,60000,0
229984.243,0.3403743505477905,1.7260949611663818,-0.05134715139865875,0.06932266801595688,0.33808889985084534,-0.8351441621780396,164.95346069335938,-6.118659019470215,-114.09454345703125,-130.17530822753906,198.2178497314453,33.4371337890625,0.0,0.0,0.0,0,0,9830,59252,0
229994.144,0.3406137526035309,1.7278759479522705,-0.053891971707344055,0.043069396167993546,0.3299083709716797,-0.9725337028503418,163.03684997558594,-4.028282642364502,-114.6805648803711,80.47773742675781,64.55862426757812,-60.8338508605957,0.0,0.0,0.0,0,0,9830,60000,0
230004.05,0.3403530716896057,1.7279505729675293,-0.050682432949543,0.06966181844472885,0.27353042364120483,-0.8763124346733093,162.6123504638672,-3.093201160430908,-114.38865661621094,-18.54286766052246,168.63748168945312,-1.8937383890151978,0.0,0.0,0.0,0,0,9830,60000,0
230013.959,0.34106168150901794,1.728014588356018,-0.04809139668941498,0.08147255331277847,0.23700594902038574,-0.8654894828796387,163.22096252441406,-3.5336902141571045,-108.05809783935547,-273.0807800292969,282.1558837890625,-580.4815063476562,0.0,0.0,0.0,0,0,9830,60000,0
230023.891,0.34241488575935364,1.7278568744659424,-0.04422925412654877,0.12759536504745483,0.20320256054401398,-0.7573971152305603,161.02854919433594,-3.2267677783966064,-99.14639282226562,-264.8966064453125,347.0716857910156,-216.10247802734375,0.0,0.0,0.0,0,0,39308,60000,0
230033.776,0.34435081481933594,1.7277023792266846,-0.03964434191584587,0.1795961707830429,0.17385856807231903,-0.6537855267524719,158.47071838378906,-1.2082773447036743,-95.30729675292969,-198.21022033691406,495.8153076171875,308.5030212402344,0.0,0.0,0.0,0,0,61603,60000,0
230043.684,0.3464140295982361,1.7272107601165771,-0.03447684273123741,0.21211718022823334,0.14513668417930603,-0.6271598935127258,155.97335815429688,4.287135601043701,-96.27290344238281,182.8865203857422,179.65887451171875,198.19976806640625,0.0,0.0,0.0,0,0,9830,23549,0
230053.595,0.3492222726345062,1.7278521060943604,-0.034334223717451096,0.276776522397995,0.1405666321516037,-0.5405177474021912,157.4738006591797,8.571196556091309,-99.6353530883789,518.329833984375,-43.81111526489258,359.51702880859375,0.0,0.0,0.0,0,0,9830,60000,0
230063.516,0.35289856791496277,1.7283653020858765,-0.02771812118589878,0.31753116846084595,0.12910382449626923,-0.467803418636322,162.5579071044922,9.7882719039917,-104.06034088134766,347.4053649902344,-82.39447784423828,354.76141357421875,0.0,0.0,0.0,0,0,65535,60000,0
230073.413,0.35614585876464844,1.7291982173919678,-0.02116081677377224,0.31167736649513245,0.10944241285324097,-0.5208633542060852,167.0020751953125,9.25965404510498,-106.17816925048828,-82.9964599609375,162.40406799316406,984.9151611328125,0.0,0.0,0.0,0,0,65535,60000,0
230083.323,0.35857057571411133,1.7300407886505127,-0.0159729216247797,0.27765703201293945,0.08244423568248749,-0.6646866798400879,167.75146484375,11.831934928894043,-112.79456329345703,-89.86539459228516,258.1398010253906,1266.645263671875,0.0,0.0,0.0,65535,0,38397,0,0
230093.231,0.3601682484149933,1.7307645082473755,-0.011406771838665009,0.2754817605018616,0.06592772156000137,-0.7034469246864319,169.1876678466797,16.310606002807617,-122.90998840332031,-37.075984954833984,51.41932678222656,236.66281127929688,0.0,0.0,0.0,0,6463,23817,0,0
230103.152,0.3614228367805481,1.7316056489944458,-0.00750845717266202,0.2699595093727112,0.05692834034562111,-0.7176293134689331,169.49758911132812,18.05668830871582,-125.2255859375,200.2491455078125,-210.90093994140625,-466.0517883300781,0.0,0.0,0.0,27713,0,9830,60000,0
230113.055,0.3632355332374573,1.7323474884033203,-0.009504351764917374,0.25868600606918335,0.047680746763944626,-0.7780669331550598,170.243896484375,16.276731491088867,-122.85311889648438,250.11395263671875,-165.8654327392578,-1.1804735660552979,0.0,0.0,0.0,0,0,9830,60000,0
230122.958,0.3635164499282837,1.7334022521972656,-0.006476972252130508,0.26460281014442444,0.049556151032447815,-0.7382124066352844,172.22756958007812,14.1569242477417,-120.64282989501953,257.064453125,-13.373427391052246,-57.31043243408203,0.0,0.0,0.0,0,3605,9830,60000,0
230132.863,0.3634377717971802,1.7348825931549072,-0.0026922880206257105,0.30128955841064453,0.08228087425231934,-0.5315446853637695,174.23500061035156,13.660477638244629,-119.7174072265625,323.61981201171875,31.220640182495117,-276.75811767578125,0.0,0.0,0.0,0,0,9830,60000,0
230142.781,0.3633055090904236,1.736580491065979,0.0024084195028990507,0.30944451689720154,0.10477492213249207,-0.42744818329811096,176.6727294921875,13.75539493560791,-116.78587341308594,244.3299102783203,-23.381122589111328,-280.7645568847656,0.0,0.0,0.0,0,0,9830,60000,0
230152.688,0.3647438883781433,1.7380989789962769,0.003442957531660795,0.3077157139778137,0.11558643728494644,-0.4103732109069824,178.63868713378906,13.500877380371094,-113.62425994873047,119.5744400024414,-23.56514549255371,184.70606994628906,0.0,0.0,0.0,0,0,9830,60000,0
230162.588,0.36423420906066895,1.740228533744812,0.009296520613133907,0.29499876499176025,0.12346136569976807,-0.40379369258880615,-179.44871520996094,13.169912338256836,-114.73412322998047,142.28453063964844,-50.195518493652344,-134.67710876464844,0.0,0.0,0.0,21532,0,9830,60000,0
230172.497,0.36315083503723145,1.7425380945205688,0.014464346691966057,0.2786228060722351,0.1311623752117157,-0.4062522053718567,-177.68116760253906,12.684435844421387,-115.93234252929688,-75.90098571777344,11.280776977539062,-131.08486938476562,0.0,0.0,0.0,0,40354,52667,60000,0
230182.416,0.36194944381713867,1.7446597814559937,0.018614092841744423,0.2559499740600586,0.11773023009300232,-0.5082144141197205,-178.17945861816406,12.647377014160156,-112.62801361083984,-99.91084289550781,29.031993865966797,61.37995529174805,0.0,0.0,0.0,36478,60000,9830,35548,0
230192.319,0.3610460162162781,1.746691346168518,0.022121582180261612,0.24479909241199493,0.13590796291828156,-0.46693119406700134,-178.864013671875,12.909097671508789,-112.97016143798828,-208.05393981933594,18.67313003540039,559.56982421875,0.0,0.0,0.0,20054,60000,17712,46578,0
230202.222,0.36177322268486023,1.7485543489456177,0.022381706163287163,0.2520456612110138,0.170903742313385,-0.35070133209228516,-179.17117309570312,13.148397445678711,-118.68697357177734,-59.25992965698242,-68.8041763305664,-121.5279541015625,0.0,0.0,0.0,0,60000,9830,0,0
230212.131,0.36067596077919006,1.7509820461273193,0.027565548196434975,0.2482748180627823,0.19798193871974945,-0.255096435546875,-179.84002685546875,12.67510986328125,-119.19010162353516,-38.15235137939453,-24.51953125,-511.5611572265625,0.0,0.0,0.0,23645,60000,9830,55395,0
230222.054,0.35995250940322876,1.7533260583877563,0.03292018920183182,0.2414562702178955,0.21499696373939514,-0.20742164552211761,179.33917236328125,12.255961418151855,-114.95795440673828,-221.39056396484375,16.463638305664062,268.81036376953125,0.0,0.0,0.0,65535,47219,9830,27480,0
230231.949,0.3594632148742676,1.7554811239242554,0.037836767733097076,0.22527946531772614,0.21140143275260925,-0.2626515030860901,177.82925415039062,12.35610294342041,-115.0785140991211,-215.71966552734375,63.51191329956055,155.4818572998047,0.0,0.0,0.0,65535,0,9830,60000,0
230241.858,0.3595118224620819,1.7575852870941162,0.041758835315704346,0.21172961592674255,0.20749619603157043,-0.3191447854042053,176.16571044921875,12.864884376525879,-116.79315185546875,-191.47982788085938,90.01849365234375,-215.95376586914062,0.0,0.0,0.0,65535,0,9830,60000,0
230251.767,0.3598833978176117,1.759486198425293,0.04533107206225395,0.22018709778785706,0.21995745599269867,-0.2744561731815338,174.29122924804688,13.606772422790527,-116.94340515136719,-299.1634826660156,116.72271728515625,470.0462951660156,0.0,0.0,0.0,48248,0,9830,60000,0
230261.688,0.3613429665565491,1.761546015739441,0.04589686542749405,0.24006791412830353,0.2310008704662323,-0.23339800536632538,172.04534912109375,14.851000785827637,-119.16131591796875,-317.8488464355469,117.3311767578125,328.9905700683594,0.0,0.0,0.0,65535,0,9830,1381,0
230271.584,0.3624790906906128,1.763456106185913,0.049733106046915054,0.2634567618370056,0.24072761833667755,-0.18892081081867218,169.34934997558594,16.5196590423584,-121.42819213867188,-199.31338500976562,17.824785232543945,-721.022216796875,0.0,0.0,0.0,50702,15852,9830,21196,0
230281.492,0.3645045757293701,1.7651054859161377,0.05372123792767525,0.2882266342639923,0.24808968603610992,-0.1623811423778534,165.63265991210938,16.47370147705078,-117.3720703125,90.05980682373047,-110.89715576171875,-902.371826171875,0.0,0.0,0.0,0,0,36141,60000,0
230291.401,0.3667644262313843,1.7666351795196533,0.057567860931158066,0.3197784125804901,0.25688883662223816,-0.1276121735572815,163.89187622070312,13.526468276977539,-109.62875366210938,17.010318756103516,-44.779781341552734,-454.81170654296875,0.0,0.0,0.0,0,0,42880,60000,0
230301.32,0.36992907524108887,1.7688051462173462,0.05817113444209099,0.310230553150177,0.24786369502544403,-0.22885094583034515,163.02598571777344,11.1262788772583,-103.55838012695312,43.524139404296875,89.02232360839844,-528.0860595703125,0.0,0.0,0.0,0,0,9830,60000,0
230311.218,0.37262845039367676,1.7703529596328735,0.0605771541595459,0.3281603455543518,0.2493768185377121,-0.23807747662067413,162.33872985839844,9.956552505493164,-97.45132446289062,294.327880859375,-41.21044158935547,-872.4475708007812,0.0,0.0,0.0,0,0,14919,60000,0
230321.127,0.3746190667152405,1.7713706493377686,0.06342795491218567,0.35484346747398376,0.25657492876052856,-0.2010098695755005,164.14593505859375,7.748718738555908,-90.74807739257812,337.3142395019531,-47.907867431640625,119.97112274169922,0.0,0.0,0.0,0,0,65535,60000,0
230331.035,0.3763270378112793,1.7722201347351074,0.06554926186800003,0.34809449315071106,0.24421130120754242,-0.27380114793777466,167.78439331054688,7.919917106628418,-92.91212463378906,45.356590270996094,-43.14327621459961,1288.9793701171875,0.0,0.0,0.0,0,0,65535,60000,0
230340.954,0.37895193696022034,1.7737562656402588,0.06475085765123367,0.3511233627796173,0.23615673184394836,-0.3469657599925995,170.21347045898438,9.833127975463867,-104.7776870727539,-129.16244506835938,-245.06494140625,1054.3231201171875,0.0,0.0,0.0,65535,0,65535,0,0
230350.858,0.3802010715007782,1.77414071559906,0.06616901606321335,0.35974302887916565,0.23059915006160736,-0.3294360041618347,170.6212921142578,9.355966567993164,-115.08045959472656,-200.27410888671875,-217.551025390625,107.17337036132812,0.0,0.0,0.0,65535,29035,65535,45504,0
230360.76,0.38151484727859497,1.7741917371749878,0.06700276583433151,0.3504211902618408,0.2166929692029953,-0.3652896583080292,169.1290740966797,7.419241428375244,-118.30217742919922,-20.76361846923828,-422.4715576171875,-88.91309356689453,0.0,0.0,0.0,65535,0,52178,60000,0
230370.67,0.38170963525772095,1.773475170135498,0.06709236651659012,0.3261338770389557,0.20183102786540985,-0.4605141282081604,169.03184509277344,3.3075203895568848,-120.14624786376953,-20.07119369506836,-487.2253112792969,166.8990936279297,0.0,0.0,0.0,65535,4559,65535,60000,0
230380.589,0.38119032979011536,1.7724244594573975,0.0663607195019722,0.3076901435852051,0.18408450484275818,-0.5122165679931641,169.18792724609375,-0.8928769826889038,-124.31962585449219,9.152486801147461,-316.3871765136719,396.52667236328125,0.0,0.0,0.0,65535,48376,65535,60000,0
230390.495,0.3806307017803192,1.7709444761276245,0.06606665998697281,0.30419033765792847,0.14371192455291748,-0.42616063356399536,169.19444274902344,-3.116100788116455,-129.54917907714844,-230.33773803710938,-151.0161895751953,443.51800537109375,0.0,0.0,0.0,65535,41093,65535,60000,0
230400.396,0.37987378239631653,1.768754482269287,0.06598581373691559,0.2900802195072174,0.11405348032712936,-0.4255436062812805,167.09600830078125,-3.9134304523468018,-133.68565368652344,-261.8965148925781,-264.7260437011719,532.7166748046875,0.0,0.0,0.0,65535,0,51300,58050,0
230410.305,0.3810257613658905,1.7678810358047485,0.06393536925315857,0.28681206703186035,0.0714789479970932,-0.38681793212890625,164.0465087890625,-5.248713970184326,-139.12274169921875,-286.16363525390625,-168.61114501953125,365.319580078125,0.0,0.0,0.0,65535,32541,64198,47613,0
230420.233,0.38008323311805725,1.7644073963165283,0.06453071534633636,0.27535563707351685,0.02669709362089634,-0.36926212906837463,161.13499450683594,-6.878106117248535,-141.49424743652344,-283.2420654296875,-117.7455825805664,52.93306350708008,0.0,0.0,0.0,54275,27611,65535,46959,0
230430.125,0.37870028614997864,1.7606770992279053,0.06462369114160538,0.2547313868999481,0.015153375454246998,-0.4457855522632599,158.46102905273438,-8.64751148223877,-141.4272918701172,-72.57344055175781,-136.03538513183594,-418.7391662597656,0.0,0.0,0.0,65535,9359,16650,60000,0
230440.034,0.37774544954299927,1.7563327550888062,0.06446274369955063,0.25152507424354553,-0.04198863357305527,-0.41991904377937317,157.8783416748047,-11.038817405700684,-139.6554718017578,123.57169342041016,-150.93063354492188,-322.55780029296875,0.0,0.0,0.0,19943,0,43389,60000,0
230449.943,0.3768139183521271,1.7510679960250854,0.06437472999095917,0.25020846724510193,-0.12853264808654785,-0.3308050036430359,159.18617248535156,-12.839234352111816,-139.3621368408203,-222.56077575683594,-298.31695556640625,-385.2214050292969,0.0,0.0,0.0,691,0,9830,60000,0
230459.861,0.37731698155403137,1.7480167150497437,0.06242218613624573,0.23402176797389984,-0.09225425869226456,-0.49292775988578796,157.84373474121094,-15.494439125061035,-139.73072814941406,-290.4599609375,-249.2441864013672,-542.2299194335938,0.0,0.0,0.0,65535,0,9830,60000,0
230469.76,0.37590792775154114,1.7429234981536865,0.06127838417887688,0.22261710464954376,-0.11126628518104553,-0.5499910712242126,155.685546875,-19.34722137451172,-137.58981323242188,-229.7453155517578,-159.5877227783203,-536.63134765625,0.0,0.0,0.0,39145,0,26846,60000,0
230479.667,0.3746289312839508,1.7368159294128418,0.05961361527442932,0.2255353480577469,-0.18828795850276947,-0.5239567160606384,155.7561798095703,-23.9686336517334,-131.40179443359375,-116.72523498535156,-42.8314094543457,-265.1819763183594,0.0,0.0,0.0,20972,0,23635,60000,0
230489.58,0.373223215341568,1.7300899028778076,0.05887635797262192,0.22878050804138184,-0.2950705289840698,-0.45158475637435913,155.5447540283203,-26.38960075378418,-128.49403381347656,225.6885528564453,75.44742584228516,224.428955078125,0.0,0.0,0.0,46262,0,11291,60000,0
230499.493,0.37159088253974915,1.7228245735168457,0.05931277200579643,0.22492006421089172,-0.4036768078804016,-0.3614504635334015,156.862548828125,-25.366640090942383,-130.05368041992188,482.1879577636719,220.89620971679688,-187.7477569580078,0.0,0.0,0.0,0,0,9830,60000,0
230509.391,0.3717990815639496,1.7165629863739014,0.05844903737306595,0.22258956730365753,-0.5002206563949585,-0.2637172043323517,162.7677764892578,-23.997838973999023,-127.63079071044922,581.1710205078125,393.2708435058594,-804.2488403320312,0.0,0.0,0.0,0,0,9830,60000,0
230519.313,0.371703177690506,1.7099380493164062,0.05822545289993286,0.2229718714952469,-0.5208791494369507,-0.29580268263816833,171.66893005371094,-21.87488555908203,-119.788818359375,339.0296325683594,326.3973693847656,-174.4422607421875,0.0,0.0,0.0,0,0,65535,60000,0
230529.209,0.365722119808197,1.7013885974884033,0.062478404492139816,0.20660971105098724,-0.5051259994506836,-0.39705413579940796,177.04275512695312,-19.177642822265625,-114.75428771972656,226.68287658691406,77.07647705078125,-85.56924438476562,0.0,0.0,0.0,0,0,65535,60000,0
230539.13,0.3626907765865326,1.694715142250061,0.0633212998509407,0.1980343461036682,-0.4828450679779053,-0.5020013451576233,-179.79542541503906,-18.447269439697266,-111.77593231201172,45.672767639160156,-30.914915084838867,-55.7564582824707,0.0,0.0,0.0,21531,60000,9830,24797,0
230549.026,0.357622355222702,1.6904069185256958,0.06263690441846848,0.1875952184200287,-0.4403858780860901,-0.6386174559593201,-178.223388671875,-18.83603286743164,-108.97728729248047,140.1477508544922,-8.574129104614258,-522.7286987304688,0.0,0.0,0.0,21531,60000,9830,24797,0
230558.933,0.35673215985298157,1.6857069730758667,0.05861041694879532,0.18749548494815826,-0.41339603066444397,-0.7531433701515198,-175.66876220703125,-18.565526962280273,-105.1484146118164,-216.3659210205078,-72.92652130126953,386.09423828125,0.0,0.0,0.0,0,0,24081,60000,0
230568.843,0.35297200083732605,1.6809788942337036,0.05628209933638573,0.16813895106315613,-0.3996537923812866,-0.804992139339447,-177.56639099121094,-19.06056785583496,-106.06553649902344,270.21820068359375,-20.57832145690918,-527.2957153320312,0.0,0.0,0.0,0,0,61806,60000,0
230578.762,0.3488835096359253,1.6761648654937744,0.05512469261884689,0.08855894207954407,-0.5037822127342224,-0.49507442116737366,-174.125,-19.1066837310791,-101.56240844726562,-76.60842895507812,-17.866132736206055,409.1165771484375,0.0,0.0,0.0,0,60000,65535,11506,0
230588.662,0.3443628251552582,1.6709264516830444,0.055905573070049286,0.04871203750371933,-0.5254641771316528,-0.4287632405757904,-174.57522583007812,-19.457834243774414,-103.63660430908203,20.670848846435547,16.66053009033203,52.706520080566406,0.0,0.0,0.0,5385,60000,9830,56865,0
230598.569,0.33966705203056335,1.6658682823181152,0.05692590773105621,0.024666326120495796,-0.5210225582122803,-0.44352176785469055,-174.18313598632812,-19.402732849121094,-102.8186264038086,166.14028930664062,23.671072006225586,-339.67852783203125,0.0,0.0,0.0,5385,60000,9830,56865,0
230608.476,0.3373841643333435,1.6608045101165771,0.05493108183145523,0.007442601956427097,-0.5205916166305542,-0.45962244272232056,-171.33837890625,-18.748821258544922,-99.57364654541016,11.538962364196777,-25.953304290771484,-210.93136596679688,0.0,0.0,0.0,0,0,58152,60000,0
230618.41,0.3328322768211365,1.6563115119934082,0.055397775024175644,-0.01176811195909977,-0.5076399445533752,-0.4975842237472534,-170.080078125,-18.658512115478516,-97.74874114990234,-12.839608192443848,-18.469514846801758,69.06352233886719,0.0,0.0,0.0,0,60000,65535,41131,0
230628.308,0.32822394371032715,1.6519566774368286,0.05586159974336624,-0.048971351236104965,-0.5184197425842285,-0.4549316465854645,-170.19912719726562,-18.697521209716797,-97.91900634765625,-71.5063247680664,33.564552307128906,126.34455871582031,0.0,0.0,0.0,0,60000,25143,43343,0
230638.204,0.3234466016292572,1.6479970216751099,0.05656258761882782,-0.08069928735494614,-0.5229437351226807,-0.4290962517261505,-170.55722045898438,-18.349544525146484,-97.32047271728516,-90.97241973876953,74.02753448486328,240.0974884033203,0.0,0.0,0.0,0,60000,9830,40026,0
230648.113,0.31883910298347473,1.6441782712936401,0.057809606194496155,-0.12282960116863251,-0.5467094779014587,-0.33258628845214844,-171.37796020507812,-17.549240112304688,-96.85631561279297,-205.2590789794922,121.3587875366211,238.96412658691406,0.0,0.0,0.0,0,60000,9830,40026,0
230658.041,0.3143936097621918,1.640701413154602,0.059614453464746475,-0.140764519572258,-0.5351234674453735,-0.34762030839920044,-173.3837432861328,-16.520158767700195,-97.66835021972656,-66.05345153808594,16.124736785888672,-356.5977783203125,0.0,0.0,0.0,0,60000,9830,11712,0
230667.93,0.31153950095176697,1.6363211870193481,0.05871691554784775,-0.1521873027086258,-0.5308468341827393,-0.35808512568473816,-173.3983154296875,-15.803695678710938,-94.9156494140625,0.13770033419132233,41.435325622558594,-541.9225463867188,0.0,0.0,0.0,11561,0,17410,60000,0
230677.847,0.3076254725456238,1.6331138610839844,0.060224976390600204,-0.1692398488521576,-0.5297632217407227,-0.3458629250526428,-171.76551818847656,-14.608760833740234,-89.67127227783203,-190.48976135253906,31.756277084350586,67.03382873535156,0.0,0.0,0.0,32455,60000,27059,0,0
230687.747,0.3039739727973938,1.6300969123840332,0.061638351529836655,-0.1853008270263672,-0.5267359614372253,-0.32758522033691406,-172.6623992919922,-13.783012390136719,-87.66727447509766,-135.15316772460938,69.8464584350586,-302.07708740234375,0.0,0.0,0.0,32455,60000,27059,0,0
230697.666,0.30088430643081665,1.62726628780365,0.06302106380462646,-0.1962512582540512,-0.5207864046096802,-0.31835493445396423,-173.56951904296875,-12.805047035217285,-85.04151153564453,-214.24855041503906,82.16741943359375,-102.02642059326172,0.0,0.0,0.0,43840,60000,17212,0,0
230707.569,0.2981964349746704,1.6227301359176636,0.06184903532266617,-0.20415665209293365,-0.5210118293762207,-0.29471540451049805,-175.5010986328125,-11.664907455444336,-83.51847839355469,-245.14942932128906,91.66124725341797,30.54854965209961,0.0,0.0,0.0,8710,60000,9830,0,0
230717.474,0.2958725094795227,1.620813250541687,0.06372097134590149,-0.20670197904109955,-0.5102148056030273,-0.2814635932445526,-178.0081787109375,-10.589923858642578,-83.27709197998047,-244.11727905273438,121.81209564208984,-317.4411315917969,0.0,0.0,0.0,16226,60000,9830,0,0
230727.384,0.29407623410224915,1.6192573308944702,0.0654105544090271,-0.20459561049938202,-0.49392688274383545,-0.2878889739513397,179.91270446777344,-9.16480827331543,-80.55548095703125,-153.4149169921875,162.54025268554688,-585.000244140625,0.0,0.0,0.0,0,0,65535,60000,0
