timestamp,stateEstimate.x,stateEstimate.y,stateEstimate.z,stateEstimate.vx,stateEstimate.vy,stateEstimate.vz,stateEstimate.roll,stateEstimate.pitch,stateEstimate.yaw,gyro.x,gyro.y,gyro.z,controller.cmd_roll,controller.cmd_pitch,controller.cmd_yaw,rlapp.pwmM1,rlapp.pwmM2,rlapp.pwmM3,rlapp.pwmM4,rlapp.tgtGate
41681.938,1.3860458135604858,2.312432289123535,0.1313350945711136,0.0034328289330005646,-0.00987217016518116,0.0005237750592641532,0.3376343548297882,-0.3541952669620514,-0.6366165280342102,0.015903975814580917,-0.12798507511615753,-0.34517285227775574,-230.0,279.0,-7.0,0,0,0,0,0
41691.845,1.386045217514038,2.3124496936798096,0.1313239187002182,0.0037985339295119047,-0.009879372082650661,0.0004485473036766052,0.33892562985420227,-0.3541606664657593,-0.639782190322876,0.034128300845623016,-0.00661639915779233,0.44092825055122375,-237.0,281.0,-15.0,0,0,0,0,0
41701.763,1.3860657215118408,2.3124072551727295,0.13130933046340942,0.004194017965346575,-0.01008794829249382,0.00040928434464149177,0.3398283123970032,-0.35580915212631226,-0.6381444931030273,-0.0800645649433136,-0.11073340475559235,-0.1683550477027893,-236.0,279.0,-19.0,0,0,0,0,0
41711.669,1.3860763311386108,2.3124117851257324,0.13132517039775848,0.00454943161457777,-0.01014025043696165,0.0005300030461512506,0.34067654609680176,-0.35425999760627747,-0.6394410729408264,0.08084319531917572,-0.10377858579158783,0.006968966219574213,-231.0,271.0,-23.0,0,0,0,0,0
41721.567,1.3860889673233032,2.3124125003814697,0.13132509589195251,0.00488129211589694,-0.010204561986029148,0.0005401340895332396,0.34006935358047485,-0.35409319400787354,-0.6407960057258606,0.11054059118032455,-0.2719969153404236,1.2189881801605225,-230.0,264.0,-21.0,0,0,0,0,0
41731.476,1.3861011266708374,2.3124215602874756,0.13131345808506012,0.0051969317719340324,-0.010234569199383259,0.0005309474654495716,0.3413146138191223,-0.34992149472236633,-0.6219635009765625,0.06123517081141472,-0.6333862543106079,-1.2593417167663574,-233.0,251.0,-2.0,0,0,0,0,0
41741.381,1.386123776435852,2.31241512298584,0.13131743669509888,0.005536599550396204,-0.010313677601516247,0.0007648498867638409,0.34198296070098877,-0.34492233395576477,-0.6284432411193848,0.3268067538738251,-0.37714245915412903,-0.7832215428352356,-234.0,240.0,7.0,0,0,0,0,0
41751.311,1.386160135269165,2.3123722076416016,0.13131490349769592,0.005853736773133278,-0.01050527859479189,0.0006287735886871815,0.34285813570022583,-0.341681569814682,-0.6361133456230164,0.08176512271165848,0.2218087911605835,-1.2517894506454468,-236.0,247.0,2.0,0,0,0,0,0
41761.203,1.386182427406311,2.3123812675476074,0.1313408762216568,0.006105300039052963,-0.010524137876927853,0.0005835912888869643,0.3433607816696167,-0.3413408398628235,-0.647483766078949,0.03666694089770317,0.40275198221206665,-0.9366000294685364,-239.0,275.0,-17.0,0,0,0,0,0
41771.106,1.3862019777297974,2.312382698059082,0.13134083151817322,0.006329533644020557,-0.010565215721726418,0.0006190239218994975,0.34506744146347046,-0.34285008907318115,-0.6584081053733826,0.02855532057583332,0.8002276420593262,-0.47132787108421326,-240.0,313.0,-47.0,0,0,0,0,0
41781.013,1.3862205743789673,2.3123972415924072,0.13132929801940918,0.006525644101202488,-0.010555196553468704,0.0007587874424643815,0.34578660130500793,-0.3507131338119507,-0.6642842292785645,0.3111736476421356,-1.4872819185256958,-0.5277495980262756,-240.0,352.0,-77.0,0,0,0,0,0
41790.93,1.3862391710281372,2.312399387359619,0.13132689893245697,0.006738102994859219,-0.01058943010866642,0.0007772542303428054,0.3467697501182556,-0.34832319617271423,-0.6677995920181274,-0.31186166405677795,-3.679779052734375,-13.78715705871582,-244.0,379.0,-74.0,0,0,0,0,0
41800.827,1.386283040046692,2.3123533725738525,0.13131962716579437,0.006967760622501373,-0.010782623663544655,0.0004089866706635803,0.34702613949775696,-0.3646247386932373,-0.6305342316627502,0.11641962081193924,14.417496681213379,8.389203071594238,-238.0,369.0,-88.0,0,0,0,0,0
41810.742,1.3863052129745483,2.312363386154175,0.1313122659921646,0.0071153114549815655,-0.010782168246805668,-0.0007019768236204982,0.34724077582359314,-0.4020748734474182,-0.7066276669502258,1.075463891029358,-2.0053627490997314,-1.523130178451538,-239.0,514.0,-84.0,0,0,0,0,0
41820.644,1.3863264322280884,2.3123672008514404,0.1312626153230667,0.007454743608832359,-0.010803001932799816,-0.0017552662175148726,0.35143858194351196,-0.3545152544975281,-0.5599492192268372,-0.4392983317375183,-3.615455389022827,18.544153213500977,-260.0,340.0,-2.0,0,0,0,0,0
41830.556,1.3863496780395508,2.3123767375946045,0.13124194741249084,0.007579346653074026,-0.01080754492431879,-0.0015184365911409259,0.35261860489845276,-0.3811322748661041,-0.5333766937255859,-1.5469224452972412,1.7063168287277222,1.6127190589904785,-214.0,347.0,174.0,0,0,0,0,0
41840.455,1.3863734006881714,2.312382698059082,0.13120131194591522,0.007786914706230164,-0.01084813941270113,-0.00041087751742452383,0.3325485289096832,-0.3846815824508667,-0.4853571653366089,-4.843275547027588,-3.1336851119995117,4.964950084686279,-122.0,391.0,349.0,0,0,0,0,0
41850.368,1.3864275217056274,2.3123345375061035,0.13117565214633942,0.00808387529104948,-0.011041149497032166,-0.0010321481386199594,0.2930786609649658,-0.37361282110214233,-0.45202556252479553,-2.900484323501587,-1.9048995971679688,38.267757415771484,-15.0,265.0,548.0,0,0,0,0,0
41860.277,1.3864609003067017,2.3123598098754883,0.13117730617523193,0.008365348912775517,-0.010952425189316273,0.00613389303907752,0.258766770362854,-0.3460850715637207,-0.20670366287231445,16.202306747436523,-4.979671001434326,-11.269144058227539,-17.0,195.0,971.0,0,0,0,0,0
41870.184,1.3865104913711548,2.3123605251312256,0.13125015795230865,0.008597826585173607,-0.010844610631465912,0.014221505261957645,0.2919636368751526,-0.3406945765018463,-0.15067464113235474,-13.396191596984863,2.816849946975708,-93.23333740234375,-1000.0,204.0,1469.0,0,0,0,0,0
41880.081,1.3865830898284912,2.312372922897339,0.13200373947620392,0.00945039838552475,-0.01160135492682457,0.12327422201633453,0.5701808333396912,-0.3435058891773224,-0.12070333957672119,-133.6696319580078,-2.903324842453003,96.93820190429688,1193.0,340.0,1603.0,0,0,0,0,0
41889.989,1.3865408897399902,2.312330961227417,0.13403846323490143,0.010137802921235561,-0.011236166581511497,0.26157861948013306,-0.814835786819458,-0.3373127281665802,-0.12163951247930527,101.28691864013672,-19.94263458251953,-142.7327423095703,3727.0,248.0,1875.0,0,0,0,0,0
41899.896,1.386473298072815,2.312333583831787,0.13692094385623932,0.010141221806406975,-0.0088156433776021,0.2795662581920624,-0.49467647075653076,-0.2553909122943878,-0.2640521824359894,-273.8359375,-37.14854049682617,-485.35955810546875,54.0,-276.0,1814.0,0,0,0,0,0
41909.813,1.3864043951034546,2.312319278717041,0.14082150161266327,0.010321037843823433,-0.004620451480150223,0.4847528636455536,-0.9185193181037903,-0.07352230697870255,-1.3040573596954346,-91.38282775878906,2.6630702018737793,-123.04618835449219,5784.0,-444.0,858.0,0,0,0,0,0
41919.711,1.3861461877822876,2.3123514652252197,0.14542096853256226,0.008183610625565052,-0.009985380806028843,0.36730965971946716,-2.8412106037139893,-0.31843939423561096,0.1481366902589798,283.5687561035156,41.64326095581055,102.25328063964844,2980.0,1011.0,529.0,0,0,0,0,0
41929.617,1.3860118389129639,2.3124611377716064,0.1505148857831955,0.00987975113093853,-0.001216872246004641,0.6010664105415344,-0.23799094557762146,-0.5250704288482666,-0.7481247782707214,-152.45968627929688,48.16325378417969,613.7862548828125,-2370.0,1996.0,-156.0,0,0,0,0,0
41939.525,1.385869026184082,2.3124208450317383,0.15792782604694366,0.01163699384778738,0.0029008483979851007,0.7679659724235535,-1.7218866348266602,-0.6266231536865234,0.3121879994869232,294.6585388183594,-20.093326568603516,-226.16094970703125,470.0,1346.0,679.0,0,0,0,0,0
41949.441,1.3858243227005005,2.312493085861206,0.16599678993225098,0.012978835962712765,0.00747549207881093,0.7970107793807983,-0.3709665536880493,-0.23465529084205627,-0.7704282999038696,-302.463134765625,-31.5717716217041,-119.97860717773438,-4687.0,-1024.0,379.0,0,0,0,0,0
41959.351,1.3856096267700195,2.3126649856567383,0.17552979290485382,0.012319917790591717,0.009601352736353874,0.9576860666275024,-0.46417567133903503,-0.06345466524362564,-1.0133166313171387,-113.5617904663086,-31.041858673095703,81.70409393310547,5591.0,-2033.0,-64.0,0,0,0,0,0
41969.246,1.3853667974472046,2.3128201961517334,0.18494582176208496,0.01225950662046671,-0.0004960388178005815,0.8089993596076965,-3.3613150119781494,0.1313098669052124,0.5812315940856934,329.1878967285156,4.407554626464844,-171.90591430664062,5145.0,-2254.0,674.0,0,0,0,0,0
41979.153,1.3851937055587769,2.3128952980041504,0.19486746191978455,0.010519316419959068,0.009899524971842766,0.9879659414291382,-0.5369336009025574,0.37665098905563354,-1.2072919607162476,-229.16744995117188,66.84172821044922,483.7425842285156,-1678.0,-1304.0,72.0,0,0,0,0,0
41989.078,1.3847991228103638,2.3130435943603516,0.20614229142665863,0.00730484165251255,0.015268072485923767,1.1400415897369385,-2.190624237060547,-0.007254436612129211,0.48810166120529175,266.3664855957031,-7.564933776855469,-255.9735107421875,2126.0,956.0,1157.0,0,0,0,0,0
41998.978,1.3844876289367676,2.3131444454193115,0.21812549233436584,0.006291677709668875,0.019094020128250122,1.1007349491119385,-1.2219879627227783,0.23881247639656067,-0.18375647068023682,-200.3900146484375,-22.494388580322266,-246.70614624023438,-3759.0,-324.0,1360.0,0,0,0,0,0
42008.885,1.384337067604065,2.313326835632324,0.23011498153209686,0.00432982761412859,0.02281343564391136,1.213163137435913,-0.6466131210327148,0.5419610142707825,-1.3450453281402588,-183.97735595703125,-21.394926071166992,335.46246337890625,3545.0,-2586.0,253.0,0,0,0,0,0
42018.792,1.3838310241699219,2.3135111331939697,0.24275405704975128,0.003949107602238655,0.015892943367362022,1.1223609447479248,-3.419480323791504,0.8789640665054321,0.5457985997200012,375.2666015625,12.866531372070312,-3.9125733375549316,6477.0,-3832.0,584.0,0,0,0,0,0
42028.699,1.3835810422897339,2.3136682510375977,0.25503242015838623,0.001399270724505186,0.02457173354923725,1.1494061946868896,-1.4250030517578125,1.2087839841842651,-1.0679033994674683,-282.5869140625,29.685901641845703,-43.715702056884766,-2874.0,-2898.0,-110.0,0,0,0,0,0
42038.597,1.3831756114959717,2.3139240741729736,0.2679315209388733,-0.005468379240483046,0.0306867565959692,1.275498628616333,-1.7027891874313354,1.0297746658325195,-2.0526371002197266,130.23284912109375,-58.665340423583984,-111.1260757446289,2579.0,-795.0,-1379.0,0,0,0,0,0
42048.513,1.3829991817474365,2.3141438961029053,0.2807975113391876,-0.00658037094399333,0.030820535495877266,1.2249950170516968,-2.3434841632843018,1.2199039459228516,-0.43465596437454224,113.255859375,4.109343528747559,-162.9579620361328,-1478.0,-1757.0,-1765.0,0,0,0,0,0
42058.411,1.3826572895050049,2.3140077590942383,0.2944088280200958,-0.01008938904851675,0.03511395305395126,1.261570930480957,-0.18083973228931427,1.3719791173934937,-2.023662567138672,-217.45310974121094,-48.722843170166016,-1.6377450227737427,-2667.0,-1948.0,-2687.0,0,0,0,0,0
42068.328,1.3822369575500488,2.314236640930176,0.308005154132843,-0.012805274687707424,0.03210493177175522,1.2255408763885498,-1.6780306100845337,1.521101713180542,-1.2603657245635986,-75.16536712646484,-11.125244140625,44.431060791015625,5776.0,-2740.0,-2888.0,0,0,0,0,0
42078.235,1.381782054901123,2.314434051513672,0.3205324709415436,-0.014622778631746769,0.02921515889465809,1.1552181243896484,-3.2509610652923584,1.680232286453247,-0.37636059522628784,243.47056579589844,-5.3513054847717285,28.247852325439453,5247.0,-2740.0,-2085.0,0,0,0,0,0
42088.137,1.3815580606460571,2.314603328704834,0.33310800790786743,-0.018538525328040123,0.036724694073200226,1.1741374731063843,-1.5764894485473633,1.7522286176681519,-0.7811064124107361,-123.14146423339844,17.404491424560547,127.28102111816406,-2846.0,-2486.0,-1486.0,0,0,0,0,0
42098.049,1.3813276290893555,2.314760208129883,0.3461027443408966,-0.022678488865494728,0.03919002413749695,1.196946144104004,-1.2618519067764282,1.8256076574325562,-0.8825682401657104,30.94217300415039,-12.777247428894043,-52.941078186035156,1279.0,-1949.0,-742.0,0,0,0,0,0
42107.966,1.381105899810791,2.315129280090332,0.35882386565208435,-0.02730080671608448,0.04174447059631348,1.236857295036316,-2.4412689208984375,1.8374923467636108,-0.12931761145591736,194.3200225830078,-0.32768234610557556,-156.55760192871094,366.0,-1990.0,21.0,0,0,0,0,0
42117.862,1.3809657096862793,2.315373182296753,0.37347379326820374,-0.02734040655195713,0.046991996467113495,1.163588047027588,-0.30240970849990845,1.9311268329620361,-1.4350268840789795,-70.16297912597656,-29.060665130615234,95.62533569335938,-4685.0,-2097.0,-480.0,0,0,0,0,0
42127.769,1.3807299137115479,2.315742254257202,0.3866443634033203,-0.03125136345624924,0.04684585705399513,1.1819285154342651,-0.012172693386673927,2.0298538208007812,-1.2700698375701904,-191.77513122558594,5.136898994445801,135.73321533203125,-66.0,-2575.0,-961.0,0,0,0,0,0
42137.668,1.3804347515106201,2.3160717487335205,0.39938345551490784,-0.03325803577899933,0.04305119812488556,1.1388036012649536,-1.645827293395996,2.020272731781006,-0.6962408423423767,101.779296875,-18.190147399902344,-8.293929100036621,6575.0,-2357.0,-902.0,0,0,0,0,0
42147.589,1.38027822971344,2.3164079189300537,0.41190487146377563,-0.034856174141168594,0.043713949620723724,1.1063727140426636,-2.051983118057251,2.150263547897339,-1.5244239568710327,158.2518310546875,-19.41567039489746,-29.48500633239746,789.0,-3044.0,-1495.0,0,0,0,0,0
42157.491,1.3801240921020508,2.3167476654052734,0.4238150417804718,-0.03776456043124199,0.04844711720943451,1.1195695400238037,-0.00010241378913633525,2.382993698120117,-1.9497548341751099,-189.74392700195312,0.9528367519378662,156.82891845703125,-3658.0,-3435.0,-2225.0,0,0,0,0,0
42167.393,1.3801223039627075,2.3171792030334473,0.43702784180641174,-0.0436166450381279,0.047959230840206146,1.199210524559021,-0.8875054121017456,2.275207281112671,-0.29601427912712097,178.3769073486328,-10.14493179321289,60.73457336425781,1373.0,-2939.0,-1310.0,0,0,0,0,0
42177.3,1.3801907300949097,2.317530632019043,0.4509201645851135,-0.04440576210618019,0.048361361026763916,1.1791318655014038,-0.6481953263282776,2.4679629802703857,-0.44052654504776,152.4591522216797,13.009674072265625,22.085556030273438,-3150.0,-3184.0,-531.0,0,0,0,0,0
42187.217,1.3802350759506226,2.3179216384887695,0.46431946754455566,-0.04610750824213028,0.05056287720799446,1.1689122915267944,1.342894434928894,2.4218926429748535,-1.449604868888855,-172.9656524658203,-2.73659086227417,-5.497156620025635,-4915.0,-2841.0,-678.0,0,0,0,0,0
42197.114,1.3801848888397217,2.3183529376983643,0.4776774048805237,-0.04766404628753662,0.04625595360994339,1.1508123874664307,0.4516731798648834,2.510457754135132,-0.8498421907424927,-141.3956298828125,-6.839443206787109,-201.61851501464844,3295.0,-2816.0,-494.0,0,0,0,0,0
42207.018,1.3799256086349487,2.318795919418335,0.4899495542049408,-0.0504174530506134,0.04263846576213837,1.1321735382080078,-1.309279441833496,2.5048255920410156,-0.9555478096008301,247.3571319580078,-25.221799850463867,42.20832061767578,5588.0,-3005.0,-696.0,0,0,0,0,0
42216.926,1.3800230026245117,2.3191850185394287,0.503379225730896,-0.051285650581121445,0.0453963503241539,1.1206837892532349,-0.10885855555534363,2.698460817337036,-1.2483103275299072,-33.048274993896484,3.4569826126098633,207.05747985839844,-3378.0,-4198.0,-1149.0,0,0,0,0,0
42226.844,1.3802576065063477,2.319646120071411,0.5170881748199463,-0.05384409800171852,0.045690085738897324,1.142484188079834,1.0463669300079346,2.886732578277588,-0.935798704624176,-74.41567993164062,-33.88020324707031,-38.67841720581055,-1115.0,-4358.0,-652.0,0,0,0,0,0
42236.75,1.3804576396942139,2.3201377391815186,0.530989944934845,-0.06090497225522995,0.04273543506860733,1.2459663152694702,-0.5976895093917847,2.980241537094116,0.0212881937623024,228.962890625,-6.995210647583008,-213.98013305664062,282.0,-4420.0,338.0,0,0,0,0,0
42246.647,1.380297064781189,2.320612907409668,0.5439419746398926,-0.05897948518395424,0.04699656367301941,1.1567844152450562,1.316239356994629,3.083970785140991,-1.1420536041259766,-76.36767578125,-25.070070266723633,118.66250610351562,-5656.0,-3863.0,58.0,0,0,0,0,0
42256.555,1.3804808855056763,2.321204662322998,0.5580935478210449,-0.06385409832000732,0.043362539261579514,1.2025798559188843,1.9326956272125244,3.0926191806793213,-0.9172845482826233,-210.42893981933594,-0.323521226644516,80.30399322509766,-976.0,-3708.0,-33.0,0,0,0,0,0
42266.484,1.380528450012207,2.3217904567718506,0.5724402666091919,-0.06437578052282333,0.0377708300948143,1.1699755191802979,0.010427840054035187,3.1495203971862793,-0.3370055854320526,87.9191665649414,-17.70940589904785,-89.28352355957031,6364.0,-3639.0,273.0,0,0,0,0,0
42276.369,1.3806706666946411,2.322388172149658,0.5865267515182495,-0.06433378159999847,0.0370606929063797,1.1277363300323486,-0.48075804114341736,3.2174174785614014,-1.288781762123108,169.32150268554688,-29.12428092956543,5.855517387390137,596.0,-4196.0,-331.0,0,0,0,0,0
42286.276,1.380968689918518,2.323040008544922,0.6006537675857544,-0.06711224466562271,0.039839960634708405,1.1522436141967773,1.6050666570663452,3.4374125003814697,-1.4752484560012817,-232.6954345703125,3.182532548904419,182.6812744140625,-3953.0,-4750.0,-963.0,0,0,0,0,0
42296.184,1.3812569379806519,2.323739767074585,0.6151663064956665,-0.0742294192314148,0.035656630992889404,1.239458441734314,0.38924840092658997,3.393364429473877,0.012467650696635246,183.24111938476562,-13.067620277404785,-75.3349838256836,1702.0,-4383.0,38.0,0,0,0,0,0
42306.109,1.3810534477233887,2.324275493621826,0.6286365389823914,-0.07548359781503677,0.03542427718639374,1.2057254314422607,0.5922635197639465,3.580124855041504,-0.2505333125591278,111.70787048339844,19.75089454650879,41.14714431762695,-3203.0,-4407.0,508.0,0,0,0,0,0
42315.998,1.3813103437423706,2.325084686279297,0.6435257792472839,-0.07806474715471268,0.036936014890670776,1.2137682437896729,2.4378275871276855,3.4438886642456055,-1.1967616081237793,-176.09939575195312,-11.240632057189941,6.851250171661377,-4506.0,-3595.0,231.0,0,0,0,0,0
42325.905,1.3814387321472168,2.3259968757629395,0.6584725379943848,-0.07901816815137863,0.03306164592504501,1.1997478008270264,1.3332499265670776,3.554894208908081,-0.3250185549259186,-122.24076080322266,-2.3007140159606934,-123.82244110107422,3528.0,-3797.0,534.0,0,0,0,0,0
42335.812,1.381577491760254,2.3269588947296143,0.6727898120880127,-0.07936599105596542,0.030382949858903885,1.1652038097381592,-0.4031667411327362,3.511701822280884,-0.3995926082134247,227.3455352783203,-20.052703857421875,-10.886815071105957,5142.0,-3878.0,486.0,0,0,0,0,0
42345.739,1.3818809986114502,2.327936887741089,0.6870229244232178,-0.07948620617389679,0.03442993760108948,1.148925542831421,0.7867891192436218,3.6184680461883545,-1.34225594997406,-55.95160675048828,2.413538932800293,76.47871398925781,-3479.0,-4557.0,-316.0,0,0,0,0,0
42355.626,1.3816475868225098,2.3286867141723633,0.6999467015266418,-0.08507728576660156,0.03386335074901581,1.1783088445663452,1.7354495525360107,3.7157058715820312,-0.9466197490692139,-78.2240219116211,-30.617956161499023,67.83309936523438,-849.0,-4423.0,-350.0,0,0,0,0,0
42365.536,1.3818944692611694,2.3298518657684326,0.7152419686317444,-0.09181975573301315,0.0313832089304924,1.2615512609481812,0.0008497728849761188,3.7335400581359863,0.3936319947242737,202.5414581298828,1.6972841024398804,-141.0453338623047,638.0,-4488.0,564.0,0,0,0,0,0
42375.441,1.382173776626587,2.3310744762420654,0.7306950092315674,-0.08838378638029099,0.037773411720991135,1.194353699684143,1.7217211723327637,3.7286884784698486,-1.1217306852340698,-50.19058609008789,-13.730374336242676,113.20264434814453,-4726.0,-3782.0,198.0,0,0,0,0,0
42385.358,1.3823496103286743,2.332427978515625,0.7461281418800354,-0.09351056069135666,0.036260444670915604,1.2414095401763916,2.189943313598633,3.591421604156494,-0.8230659365653992,-192.3419189453125,6.748511791229248,28.847702026367188,-1124.0,-3452.0,13.0,0,0,0,0,0
42395.264,1.3824706077575684,2.3338727951049805,0.7611462473869324,-0.0923074260354042,0.034239351749420166,1.2003989219665527,0.5233666300773621,3.6130073070526123,-0.3633301258087158,45.452491760253906,-15.88771915435791,-199.13629150390625,5881.0,-3531.0,292.0,0,0,0,0,0
42405.166,1.3821048736572266,2.334784984588623,0.7742134928703308,-0.09197963029146194,0.03367820754647255,1.1373308897018433,-0.24928751587867737,3.6090424060821533,-1.1939568519592285,201.83592224121094,-18.657358169555664,47.05436325073242,1548.0,-4145.0,-441.0,0,0,0,0,0
42415.069,1.3823788166046143,2.336354970932007,0.7888568043708801,-0.09495767205953598,0.038906604051589966,1.1727348566055298,1.6458829641342163,3.739199161529541,-1.303324818611145,-212.0948486328125,16.605003356933594,210.7074432373047,-4065.0,-4695.0,-1070.0,0,0,0,0,0
42424.986,1.382637858390808,2.3380610942840576,0.8041620850563049,-0.10056019574403763,0.038162924349308014,1.2424649000167847,0.8134764432907104,3.6613235473632812,-0.12460918724536896,145.2125701904297,-12.994588851928711,-241.85025024414062,1719.0,-4244.0,-48.0,0,0,0,0,0
42434.884,1.3829222917556763,2.3397910594940186,0.8200346231460571,-0.10081387311220169,0.04043589159846306,1.2392783164978027,0.43327629566192627,3.742837905883789,-0.13894528150558472,123.5431900024414,32.01778793334961,-22.798219680786133,-1810.0,-4318.0,483.0,0,0,0,0,0
42444.791,1.3831912279129028,2.341683864593506,0.835334062576294,-0.10042732954025269,0.046825110912323,1.2197517156600952,2.1731438636779785,3.5672454833984375,-1.065652847290039,-130.58094787597656,-3.066481113433838,97.18577575683594,-4415.0,-3405.0,195.0,0,0,0,0,0
42454.708,1.3833268880844116,2.3436901569366455,0.850673496723175,-0.10192452371120453,0.046730734407901764,1.230484962463379,1.5848021507263184,3.555670976638794,-0.2818692922592163,-157.97360229492188,6.009650707244873,77.6635971069336,1943.0,-3465.0,387.0,0,0,0,0,0
42464.627,1.3828920125961304,2.3449714183807373,0.8642216324806213,-0.10189074277877808,0.04417486861348152,1.1805514097213745,-0.08449207991361618,3.496108055114746,-0.19608280062675476,160.26821899414062,-16.44826889038086,8.24832820892334,5591.0,-3580.0,593.0,0,0,0,0,0
42474.513,1.38311767578125,2.347113847732544,0.8790607452392578,-0.0994463562965393,0.05021529644727707,1.1388188600540161,0.3748582899570465,3.549457550048828,-1.2673548460006714,61.951904296875,-6.219498634338379,18.102853775024414,-1980.0,-4370.0,-114.0,0,0,0,0,0
42484.42,1.3834367990493774,2.3493893146514893,0.8941020965576172,-0.10256704688072205,0.05500128120183945,1.1869418621063232,1.9480050802230835,3.6256115436553955,-1.0550177097320557,-181.8776092529297,-5.5792436599731445,140.2674560546875,-2373.0,-4392.0,-474.0,0,0,0,0,0
42494.327,1.3837372064590454,2.3517348766326904,0.9094785451889038,-0.10801241546869278,0.05493132397532463,1.275705337524414,0.20622994005680084,3.5011847019195557,0.29748615622520447,203.1925811767578,6.606790065765381,-111.41131591796875,1656.0,-4009.0,489.0,0,0,0,0,0
42504.243,1.3833842277526855,2.353219747543335,0.9234889149665833,-0.10603152215480804,0.05934815853834152,1.2140326499938965,1.3534382581710815,3.5342462062835693,-0.9455956816673279,17.05417251586914,13.273972511291504,61.172576904296875,-3534.0,-3499.0,267.0,0,0,0,0,0
42514.151,1.3836420774459839,2.355790376663208,0.9391350150108337,-0.1085062026977539,0.06251649558544159,1.2482401132583618,2.274885892868042,3.2767114639282227,-0.8576462864875793,-156.27337646484375,-3.057983875274658,-70.18165588378906,-2448.0,-2770.0,69.0,0,0,0,0,0
42524.048,1.383169412612915,2.3574283123016357,0.9532955288887024,-0.1082354262471199,0.060282908380031586,1.2122153043746948,1.164057731628418,3.3125178813934326,-0.44422876834869385,-55.642269134521484,-8.460012435913086,-109.89673614501953,4473.0,-3062.0,238.0,0,0,0,0,0
42533.959,1.3838069438934326,2.3612093925476074,0.9713835716247559,-0.10360821336507797,0.06579264998435974,1.1583226919174194,-0.34710848331451416,3.1770594120025635,-0.5994237065315247,228.75856018066406,-19.625003814697266,17.124080657958984,4019.0,-3490.0,7.0,0,0,0,0,0
42543.876,1.3841549158096313,2.364030122756958,0.9860534071922302,-0.10282407701015472,0.07424131780862808,1.1682701110839844,1.0455540418624878,3.2465832233428955,-1.167185664176941,-106.6402359008789,7.512944221496582,44.538673400878906,-3580.0,-4238.0,-431.0,0,0,0,0,0
42553.773,1.3838218450546265,2.3659005165100098,0.999428927898407,-0.10690910369157791,0.07433126866817474,1.2114108800888062,1.5117180347442627,3.260425567626953,-0.6299523711204529,8.629422187805176,-13.20000171661377,61.63722229003906,528.0,-3997.0,-6.0,0,0,0,0,0
42563.692,1.384094476699829,2.3688714504241943,1.015047311782837,-0.10782870650291443,0.07672625035047531,1.247092843055725,0.07957502454519272,3.223335027694702,0.7214171886444092,179.1786651611328,10.981191635131836,-9.829361915588379,343.0,-3947.0,1051.0,0,0,0,0,0
42573.588,1.3843822479248047,2.3719546794891357,1.0307600498199463,-0.10411436855792999,0.08679122477769852,1.2036681175231934,1.891093373298645,3.1532883644104004,-0.8331102132797241,-51.038787841796875,-14.783008575439453,123.15653228759766,-3997.0,-3221.0,1061.0,0,0,0,0,0
42583.515,1.384561538696289,2.37516188621521,1.046547770500183,-0.10575774312019348,0.08901691436767578,1.241552472114563,1.9840739965438843,3.0376102924346924,-0.24742503464221954,-158.0237274169922,13.704874992370605,-1.6885141134262085,-80.0,-3137.0,1151.0,0,0,0,0,0
42593.402,1.3846951723098755,2.3784282207489014,1.0618836879730225,-0.1028551235795021,0.09145157039165497,1.196608066558838,0.5797730088233948,2.97457218170166,-0.39798834919929504,61.24952697753906,-7.294790744781494,-146.72962951660156,5684.0,-3180.0,1133.0,0,0,0,0,0
42603.306,1.3842780590057373,2.3805534839630127,1.0750418901443481,-0.10089518874883652,0.09268969297409058,1.1324870586395264,0.0963817685842514,2.9899847507476807,-1.1508859395980835,202.3357696533203,-15.20190143585205,69.083740234375,1155.0,-3778.0,209.0,0,0,0,0,0
42613.214,1.3845560550689697,2.383962631225586,1.0899853706359863,-0.1021818146109581,0.10004805028438568,1.1800949573516846,1.9420015811920166,3.1036336421966553,-0.8852453827857971,-199.26025390625,17.464677810668945,238.71804809570312,-3751.0,-4333.0,-359.0,0,0,0,0,0
42623.13,1.3848018646240234,2.3874728679656982,1.1056450605392456,-0.10488424450159073,0.10160957276821136,1.2469738721847534,1.1388201713562012,3.0178322792053223,0.005807696375995874,157.71910095214844,-9.350959777832031,-308.9169921875,1941.0,-3787.0,630.0,0,0,0,0,0
42633.027,1.3850739002227783,2.390998363494873,1.121214509010315,-0.10274554044008255,0.10691823065280914,1.2295187711715698,0.9588463306427002,3.0323143005371094,-0.21010494232177734,98.20576477050781,36.26572036743164,2.70526123046875,-1609.0,-3524.0,968.0,0,0,0,0,0
42642.935,1.3852447271347046,2.3945960998535156,1.1368322372436523,-0.10201533138751984,0.11441582441329956,1.2230713367462158,2.5352511405944824,2.799842357635498,-0.5005093216896057,-103.63215637207031,-0.12243232876062393,53.00368881225586,-3534.0,-2523.0,1095.0,0,0,0,0,0
42652.842,1.3847821950912476,2.3970155715942383,1.1506927013397217,-0.10301613807678223,0.11163588613271713,1.2241358757019043,2.0763773918151855,2.826209783554077,0.32185906171798706,-143.16629028320312,7.682260036468506,72.81031799316406,2420.0,-2775.0,1701.0,0,0,0,0,0
42662.759,1.384792447090149,2.4007303714752197,1.1662904024124146,-0.10061264038085938,0.11386871337890625,1.1819686889648438,0.5000477433204651,2.7065629959106445,0.18265824019908905,168.05967712402344,-12.168478965759277,10.80193042755127,5677.0,-2883.0,2050.0,0,0,0,0,0
42672.656,1.3848307132720947,2.404505968093872,1.1815812587738037,-0.09774979203939438,0.12152775377035141,1.1437746286392212,1.065015435218811,2.723033905029297,-0.7461257576942444,66.36198425292969,-4.8754496574401855,-1.5299537181854248,-1750.0,-3563.0,1470.0,0,0,0,0,0
42682.563,1.3849670886993408,2.408376455307007,1.1970189809799194,-0.09927866607904434,0.12603355944156647,1.199416995048523,2.645190477371216,2.7915141582489014,-0.4951179325580597,-162.89364624023438,-13.932109832763672,155.69949340820312,-1928.0,-3779.0,1137.0,0,0,0,0,0
42692.473,1.384980320930481,2.4122331142425537,1.213265061378479,-0.10201510041952133,0.12530194222927094,1.2772469520568848,1.0415512323379517,2.77177357673645,0.6133878231048584,217.11279296875,5.464920997619629,-106.36783599853516,1807.0,-3870.0,1984.0,0,0,0,0,0
42702.396,1.3845399618148804,2.4148170948028564,1.227420687675476,-0.09954747557640076,0.12961383163928986,1.2121403217315674,2.32045578956604,2.8061437606811523,-0.43958717584609985,21.157861709594727,4.349978446960449,57.880149841308594,-3397.0,-3219.0,1806.0,0,0,0,0,0
42712.285,1.384535312652588,2.418811559677124,1.2433193922042847,-0.10117361694574356,0.13166235387325287,1.2482390403747559,3.268123149871826,2.5637917518615723,-0.1302950084209442,-138.99000549316406,-6.634245872497559,-109.2833251953125,-2103.0,-2468.0,1850.0,0,0,0,0,0
42722.192,1.3843804597854614,2.4228458404541016,1.2592873573303223,-0.09884898364543915,0.1332910805940628,1.2151917219161987,2.2397215366363525,2.6295087337493896,0.09876155853271484,-41.7618522644043,-6.366614818572998,-139.2826690673828,4694.0,-2851.0,1979.0,0,0,0,0,0
42732.099,1.3841757774353027,2.426882028579712,1.2749286890029907,-0.09685296565294266,0.13596029579639435,1.1695010662078857,1.0078269243240356,2.557044506072998,-0.3054419159889221,245.7521209716797,-17.468286514282227,-11.515591621398926,4023.0,-3155.0,1469.0,0,0,0,0,0
42742.023,1.3841081857681274,2.430938959121704,1.2900079488754272,-0.09641009569168091,0.14247363805770874,1.1803706884384155,2.52213454246521,2.5934484004974365,-0.7104583978652954,-92.00133514404297,4.1558637619018555,74.39598846435547,-3579.0,-3675.0,751.0,0,0,0,0,0
42751.929,1.3835734128952026,2.4337058067321777,1.303632378578186,-0.09924052655696869,0.13836689293384552,1.2183480262756348,3.067690134048462,2.644224166870117,-0.2928455173969269,20.12404441833496,-15.23877239227295,8.763436317443848,503.0,-3676.0,947.0,0,0,0,0,0
42761.821,1.3833850622177124,2.437777280807495,1.3197144269943237,-0.10085029155015945,0.13704843819141388,1.2691823244094849,1.7946749925613403,2.727151870727539,0.9017214179039001,186.0767364501953,17.484106063842773,-29.17951011657715,354.0,-3872.0,1832.0,0,0,0,0,0
42771.728,1.3831946849822998,2.441873788833618,1.3353313207626343,-0.09811404347419739,0.1466200351715088,1.212140679359436,3.6198110580444336,2.583883762359619,-0.15991432964801788,-41.285282135009766,-19.078031539916992,155.9202880859375,-4042.0,-2739.0,2066.0,0,0,0,0,0
42781.645,1.3827862739562988,2.446030855178833,1.3514755964279175,-0.10024268925189972,0.14466986060142517,1.2507258653640747,3.887956380844116,2.5196805000305176,0.4482739269733429,-150.93597412109375,11.199918746948242,-7.0981831550598145,-168.0,-2718.0,2499.0,0,0,0,0,0
42791.542,1.3822721242904663,2.4501707553863525,1.3670976161956787,-0.09863148629665375,0.14553672075271606,1.1988576650619507,2.5483555793762207,2.474112033843994,0.18440289795398712,61.45353698730469,-3.9996097087860107,-124.12748718261719,5639.0,-2819.0,2579.0,0,0,0,0,0
42801.451,1.3815209865570068,2.452972888946533,1.380388617515564,-0.09743182361125946,0.1447756141424179,1.1335086822509766,2.145237684249878,2.4429774284362793,-0.5963554382324219,188.34483337402344,-16.347166061401367,17.491512298583984,1780.0,-3200.0,1541.0,0,0,0,0,0
42811.366,1.3810304403305054,2.457117795944214,1.395447850227356,-0.09859023243188858,0.14780305325984955,1.1593694686889648,3.774430513381958,2.5316402912139893,-0.8247575163841248,-102.37078857421875,4.45001745223999,44.07147216796875,-3449.0,-3782.0,468.0,0,0,0,0,0
42821.281,1.3804771900177002,2.4613068103790283,1.4107537269592285,-0.09948445856571198,0.14728958904743195,1.1664127111434937,3.6453092098236084,2.5499584674835205,-0.44752874970436096,61.537349700927734,0.5258503556251526,37.97944259643555,1028.0,-3821.0,127.0,0,0,0,0,0
42831.176,1.3798702955245972,2.4654273986816406,1.4263286590576172,-0.1009082943201065,0.14567118883132935,1.1864827871322632,2.9667510986328125,2.6365182399749756,-0.025412000715732574,108.60011291503906,35.69097137451172,-66.126220703125,272.0,-3792.0,192.0,0,0,0,0,0
42841.078,1.3792484998703003,2.4695823192596436,1.4412091970443726,-0.09900365024805069,0.15382349491119385,1.1154512166976929,4.253849506378174,2.4135525226593018,-0.9965031147003174,16.165246963500977,12.98254108428955,-132.93991088867188,-2522.0,-2174.0,-132.0,0,0,0,0,0
42850.985,1.3784685134887695,2.4737462997436523,1.4557452201843262,-0.10017982125282288,0.15347272157669067,1.1086456775665283,4.526803970336914,2.2068467140197754,-0.3826213479042053,24.025604248046875,25.632543563842773,-59.92063522338867,-2225.0,-1458.0,-453.0,0,0,0,0,0
42860.902,1.3775299787521362,2.4765994548797607,1.4681336879730225,-0.0990370586514473,0.1531807780265808,1.0358010530471802,4.927696704864502,2.017814874649048,-1.0259727239608765,-81.12959289550781,18.8388729095459,114.92829132080078,-138.0,-1112.0,-1214.0,0,0,0,0,0
42870.802,1.3765274286270142,2.48077654838562,1.481606364250183,-0.09805489331483841,0.155319944024086,0.9633788466453552,4.270872116088867,1.7533321380615234,-1.1686640977859497,-12.655171394348145,-11.983696937561035,-21.348411560058594,3434.0,-1299.0,-1646.0,0,0,0,0,0
42880.707,1.3754194974899292,2.484951972961426,1.4945323467254639,-0.09693855792284012,0.15579044818878174,0.9244028329849243,3.6962573528289795,1.8822051286697388,-0.5114256143569946,45.62369918823242,-1.4777264595031738,30.905128479003906,3345.0,-2736.0,-1550.0,0,0,0,0,0
42890.614,1.37431800365448,2.489079713821411,1.506445288658142,-0.09467428922653198,0.1617833971977234,0.8286641240119934,3.9009475708007812,1.832729458808899,-0.7582422494888306,62.616180419921875,-6.516226291656494,44.23789596557617,679.0,-3139.0,-1547.0,0,0,0,0,0
42900.53,1.3732978105545044,2.491950273513794,1.5160967111587524,-0.0942986011505127,0.1589539498090744,0.7951271533966064,4.471728324890137,1.77237069606781,-1.290104866027832,2.653465509414673,5.693765640258789,74.83356475830078,-1278.0,-3224.0,-1826.0,0,0,0,0,0
42910.428,1.3721742630004883,2.496086359024048,1.527000069618225,-0.09288185834884644,0.16163578629493713,0.7378937005996704,4.723180770874023,1.8608967065811157,-0.8271494507789612,36.73780059814453,14.36807918548584,-43.37637710571289,-729.0,-3365.0,-1588.0,0,0,0,0,0
42920.345,1.3709580898284912,2.5003554821014404,1.5380334854125977,-0.09206704795360565,0.16267603635787964,0.6794214844703674,4.92045783996582,1.7767044305801392,-0.7326791286468506,4.965696334838867,38.72894287109375,47.35620880126953,-574.0,-2708.0,-1304.0,0,0,0,0,0
42930.255,1.3698145151138306,2.504406452178955,1.5479562282562256,-0.09266768395900726,0.1613588035106659,0.6581087708473206,5.160815715789795,1.5184062719345093,-0.7962526082992554,47.21916580200195,35.48666000366211,46.75012969970703,-222.0,-1012.0,-888.0,0,0,0,0,0
42940.173,1.3686912059783936,2.5083577632904053,1.5572139024734497,-0.09203258901834488,0.16412879526615143,0.5878458619117737,5.409557342529297,1.1590638160705566,-0.2739982008934021,24.291126251220703,46.0653190612793,20.3411922454834,-623.0,245.0,-103.0,0,0,0,0,0
42950.06,1.367504358291626,2.5122594833374023,1.565798044204712,-0.0914289727807045,0.16578000783920288,0.5255463123321533,5.6832661628723145,0.7825620770454407,-0.22564677894115448,36.81094741821289,62.78081512451172,-24.317476272583008,-551.0,1290.0,799.0,0,0,0,0,0
42959.972,1.3664183616638184,2.5150322914123535,1.5721999406814575,-0.09079965949058533,0.16325348615646362,0.46039390563964844,5.935889720916748,0.21445803344249725,0.1080302894115448,26.952404022216797,33.537879943847656,-0.013790830038487911,-529.0,2374.0,1760.0,0,0,0,0,0
42969.874,1.3652936220169067,2.5177972316741943,1.5779978036880493,-0.0892678052186966,0.16159386932849884,0.3862534463405609,6.1768364906311035,-0.14966630935668945,0.5376313328742981,38.799747467041016,42.423362731933594,72.3818588256836,-602.0,1929.0,2857.0,0,0,0,0,0
42979.792,1.3636350631713867,2.5226597785949707,1.5857367515563965,-0.08894157409667969,0.1671922355890274,0.31838521361351013,6.447473049163818,-0.42277467250823975,0.9300023317337036,-22.175762176513672,23.404191970825195,21.752267837524414,-438.0,1371.0,4124.0,0,0,0,0,0
42989.699,1.3620613813400269,2.5264432430267334,1.5912978649139404,-0.08824362605810165,0.16847223043441772,0.24354171752929688,6.372790336608887,-0.709254264831543,1.20614492893219,-12.675880432128906,27.614736557006836,-164.76206970214844,1228.0,802.0,5213.0,0,0,0,0,0
42999.595,1.3603854179382324,2.5301756858825684,1.5961068868637085,-0.08749233186244965,0.16855791211128235,0.17374394834041595,6.068763732910156,-0.970909833908081,0.5338240265846252,-19.95962142944336,55.216243743896484,-61.237064361572266,2209.0,1194.0,4677.0,0,0,0,0,0
43009.505,1.3586548566818237,2.53389835357666,1.6001510620117188,-0.08772584795951843,0.16770432889461517,0.1159248948097229,5.827548027038574,-1.649725317955017,-0.8219292759895325,-5.792189598083496,36.62620544433594,75.35963439941406,2470.0,3124.0,2744.0,0,0,0,0,0
43019.43,1.3573411703109741,2.5365848541259766,1.6021778583526611,-0.08637087792158127,0.16631413996219635,0.03212549909949303,5.742916584014893,-2.030683755874634,-0.48070600628852844,7.016963005065918,70.1971206665039,55.49629211425781,2203.0,3650.0,1296.0,0,0,0,0,0
43029.314,1.3555774688720703,2.540257453918457,1.6046921014785767,-0.0859580859541893,0.1664731800556183,-0.031359270215034485,5.707052707672119,-2.5391042232513428,0.00845071766525507,57.19891357421875,49.51173400878906,-40.4713249206543,1314.0,4285.0,757.0,0,0,0,0,0
43039.231,1.353853464126587,2.5438292026519775,1.6068264245986938,-0.08300250768661499,0.1624903529882431,-0.04919858276844025,6.034972667694092,-3.0778822898864746,-0.2972598969936371,28.322805404663086,49.371299743652344,135.468994140625,79.0,4628.0,214.0,0,0,0,0,0
43049.129,1.3521783351898193,2.54732608795166,1.6085184812545776,-0.08164060115814209,0.16203473508358002,-0.10477738827466965,6.259581565856934,-3.5462048053741455,0.002957759192213416,88.67174530029297,38.5101432800293,66.83866882324219,-583.0,4675.0,494.0,0,0,0,0,0
43059.045,1.350967526435852,2.5498318672180176,1.6085519790649414,-0.07705315202474594,0.15653854608535767,-0.1389695107936859,6.955682754516602,-3.918423891067505,0.933046281337738,-2.4003703594207764,34.70302963256836,57.30155563354492,-1838.0,4033.0,1976.0,0,0,0,0,0
43068.943,1.3493938446044922,2.5531322956085205,1.609742283821106,-0.06931917369365692,0.14658696949481964,-0.12131578475236893,7.359359264373779,-4.140514850616455,1.9990804195404053,55.43790054321289,50.9227180480957,3.1316170692443848,-1040.0,3390.0,4415.0,0,0,0,0,0
43078.85,1.3478655815124512,2.5563228130340576,1.6106425523757935,-0.06795193254947662,0.14571422338485718,-0.17826488614082336,7.691014766693115,-4.570503234863281,2.529055595397949,24.967021942138672,53.5018196105957,156.42886352539062,-1139.0,3923.0,6594.0,0,0,0,0,0
43088.757,1.3463106155395508,2.55942440032959,1.611026406288147,-0.06408743560314178,0.14061695337295532,-0.20606210827827454,8.003483772277832,-5.080626010894775,2.2980802059173584,37.425201416015625,28.680702209472656,-104.14876556396484,-704.0,4617.0,8025.0,0,0,0,0,0
43098.674,1.3451931476593018,2.5616142749786377,1.609967589378357,-0.05828553065657616,0.1319897323846817,-0.2338780164718628,8.117534637451172,-5.474552631378174,1.5269558429718018,32.343082427978516,44.752254486083984,-34.32654571533203,-747.0,4230.0,7814.0,0,0,0,0,0
43108.573,1.3428490161895752,2.565295696258545,1.6105290651321411,-0.05760309472680092,0.1316179633140564,-0.2794066369533539,8.386248588562012,-5.715403079986572,1.1239732503890991,-89.7774429321289,21.260028839111328,-80.563232421875,212.0,4177.0,6703.0,0,0,0,0,0
43118.479,1.3416177034378052,2.5673575401306152,1.6084214448928833,-0.055675115436315536,0.12614119052886963,-0.34067216515541077,7.77514123916626,-6.1064300537109375,0.7330473065376282,-113.92530059814453,25.092288970947266,-95.0394515991211,4165.0,4266.0,5050.0,0,0,0,0,0
43128.386,1.3396501541137695,2.5700759887695312,1.6067602634429932,-0.04986181855201721,0.11644801497459412,-0.35100045800209045,6.523042678833008,-6.3878560066223145,-0.03373907133936882,-20.34833335876465,43.035884857177734,-136.56239318847656,7087.0,4677.0,3004.0,0,0,0,0,0
43138.303,1.3376530408859253,2.572690010070801,1.6046773195266724,-0.05241675674915314,0.11577146500349045,-0.4268760085105896,5.815155506134033,-6.821120738983154,-0.03329204395413399,102.46734619140625,36.79484176635742,187.71929931640625,4739.0,5314.0,1177.0,0,0,0,0,0
43148.2,1.3357127904891968,2.5751938819885254,1.602237582206726,-0.043089788407087326,0.107940673828125,-0.4123768210411072,6.5160136222839355,-6.9776787757873535,0.6345668435096741,6.612382888793945,27.41588592529297,121.3153076171875,513.0,4394.0,747.0,0,0,0,0,0
43158.115,1.3345973491668701,2.576917886734009,1.5989468097686768,-0.03339032083749771,0.09821303188800812,-0.41269224882125854,6.74086856842041,-7.029148578643799,0.9325404167175293,110.09033966064453,-9.314153671264648,-32.58197021484375,-548.0,2942.0,1401.0,0,0,0,0,0
43168.015,1.33286452293396,2.5791378021240234,1.5966436862945557,-0.021315384656190872,0.08642784506082535,-0.37911978363990784,7.435831069946289,-6.913618087768555,1.4067391157150269,-8.3272705078125,16.50438690185547,145.85328674316406,-1689.0,1463.0,2535.0,0,0,0,0,0
43177.933,1.3312081098556519,2.581155300140381,1.5947036743164062,-0.00793424528092146,0.07127486914396286,-0.33092623949050903,7.70918607711792,-6.841216087341309,2.2095048427581787,97.12046813964844,-15.249171257019043,-30.38414192199707,-985.0,1182.0,4468.0,0,0,0,0,0
43187.829,1.3295657634735107,2.5830440521240234,1.5928266048431396,-0.0057772560976445675,0.06781311333179474,-0.3678348958492279,8.29751205444336,-6.813209533691406,2.1196954250335693,10.865119934082031,-17.003887176513672,-77.94044494628906,-2389.0,841.0,5834.0,0,0,0,0,0
43197.735,1.3287001848220825,2.5842196941375732,1.590104103088379,0.0071898456662893295,0.050445716828107834,-0.33149245381355286,8.823009490966797,-6.73781156539917,1.6073366403579712,-85.63212585449219,9.473321914672852,-120.80352020263672,-1615.0,708.0,6133.0,0,0,0,0,0
43207.643,1.325790524482727,2.586402177810669,1.5882660150527954,0.0013003614731132984,0.05150919407606125,-0.40250879526138306,8.538761138916016,-6.771684169769287,1.2113595008850098,-188.8701934814453,-11.723523139953613,-98.66048431396484,3194.0,1498.0,5600.0,0,0,0,0,0
43217.561,1.3247612714767456,2.5874104499816895,1.5847346782684326,0.007706495933234692,0.0388275608420372,-0.4117583930492401,6.959142684936523,-6.715259552001953,1.1842840909957886,-72.27999114990234,10.943096160888672,82.7258071899414,9392.0,1151.0,4675.0,0,0,0,0,0
43227.458,1.3226125240325928,2.588809013366699,1.5815162658691406,0.01264230441302061,0.028950313106179237,-0.4086238741874695,5.350196361541748,-6.579532623291016,0.8311720490455627,138.35055541992188,-13.715523719787598,-128.00335693359375,7052.0,984.0,3691.0,0,0,0,0,0
43237.365,1.3205257654190063,2.5900416374206543,1.5781735181808472,0.01262129656970501,0.02765524573624134,-0.4431699514389038,6.351531982421875,-6.526784896850586,0.09504981338977814,-48.96385192871094,-24.66908073425293,243.26596069335938,1006.0,994.0,2327.0,0,0,0,0,0
43247.272,1.3185083866119385,2.5910654067993164,1.575034260749817,0.023049568757414818,0.013663810677826405,-0.3859648108482361,6.363269805908203,-6.241859436035156,1.5518803596496582,86.90576934814453,-25.175277709960938,-41.841861724853516,138.0,-210.0,2913.0,0,0,0,0,0
43257.188,1.317645788192749,2.591585159301758,1.5719705820083618,0.03505602478981018,-0.0009910969529300928,-0.33200910687446594,6.97610330581665,-5.89290189743042,1.6789947748184204,59.6602668762207,-1.4281316995620728,88.42894744873047,-733.0,-1253.0,3821.0,0,0,0,0,0
43267.087,1.3156123161315918,2.5924127101898193,1.5694544315338135,0.03632379695773125,-0.007727599702775478,-0.34160974621772766,7.2456889152526855,-5.76273775100708,1.9714956283569336,111.95215606689453,-19.142669677734375,78.27468872070312,-1728.0,-1084.0,4610.0,0,0,0,0,0
43276.995,1.313454508781433,2.5931098461151123,1.566917061805725,0.04187813028693199,-0.020842645317316055,-0.30475670099258423,8.106205940246582,-5.542512893676758,1.2521535158157349,-112.17942810058594,-14.629775047302246,-41.83669662475586,-1740.0,-1217.0,4963.0,0,0,0,0,0
43286.912,1.3110110759735107,2.593729257583618,1.56432044506073,0.03791598603129387,-0.02466876059770584,-0.3535553514957428,7.586068630218506,-5.208508014678955,1.6409687995910645,-144.83499145507812,-21.542673110961914,-49.443031311035156,3940.0,-1501.0,5276.0,0,0,0,0,0
43296.823,1.308323860168457,2.5943002700805664,1.5610767602920532,0.03453201428055763,-0.03117574006319046,-0.3874022662639618,6.107059001922607,-4.975538730621338,1.7610031366348267,-116.13792419433594,-10.693913459777832,90.28438568115234,9099.0,-1591.0,5168.0,0,0,0,0,0
43306.72,1.3055509328842163,2.594679355621338,1.5580368041992188,0.03948763385415077,-0.04449963942170143,-0.3179248571395874,4.542376518249512,-4.854599952697754,0.8182090520858765,50.94962692260742,-5.2916035652160645,-142.46438598632812,8604.0,-1165.0,4587.0,0,0,0,0,0
43316.63,1.3043512105941772,2.594630241394043,1.5547153949737549,0.03675183281302452,-0.044703930616378784,-0.3771935999393463,4.722619533538818,-4.723934650421143,0.7988855242729187,13.668231010437012,1.4593826532363892,104.19400024414062,3234.0,-650.0,3748.0,0,0,0,0,0
43326.541,1.3015981912612915,2.59486722946167,1.5512192249298096,0.040818072855472565,-0.05488710477948189,-0.3135552704334259,5.220060348510742,-4.655600070953369,1.5592141151428223,93.50667572021484,-10.336722373962402,21.855836868286133,-234.0,-619.0,3961.0,0,0,0,0,0
43336.458,1.298848032951355,2.5950136184692383,1.548606038093567,0.04171323403716087,-0.062432948499917984,-0.2824079692363739,6.038183212280273,-4.3921003341674805,1.8700693845748901,16.011592864990234,6.859200477600098,66.67271423339844,-2188.0,-1033.0,4568.0,0,0,0,0,0
43346.359,1.2959643602371216,2.5950872898101807,1.5463206768035889,0.04084431007504463,-0.07110632956027985,-0.25625208020210266,6.427451133728027,-4.409056186676025,1.7380887269973755,52.88031768798828,-24.45796775817871,-187.2600860595703,-2437.0,-699.0,5219.0,0,0,0,0,0
43356.269,1.2946568727493286,2.5947017669677734,1.5439890623092651,0.041778117418289185,-0.07770860940217972,-0.26106026768684387,7.259493350982666,-4.295896530151367,1.3731731176376343,-208.4142608642578,6.457611083984375,139.095703125,-546.0,-1463.0,4950.0,0,0,0,0,0
43366.177,1.2913824319839478,2.594637155532837,1.5414258241653442,0.03661573678255081,-0.08434996753931046,-0.2823324203491211,6.119143009185791,-4.090577125549316,1.530293583869934,-88.74234008789062,-10.19451904296875,-236.22227478027344,6266.0,-1971.0,5198.0,0,0,0,0,0
43376.095,1.2878451347351074,2.5944926738739014,1.5386313199996948,0.03229045867919922,-0.091274693608284,-0.2830442488193512,4.860230922698975,-3.8758656978607178,1.2900450229644775,-70.11036682128906,-3.5336339473724365,-120.96031951904297,7523.0,-2292.0,4878.0,0,0,0,0,0
43385.992,1.2841395139694214,2.5942587852478027,1.5362968444824219,0.03144298866391182,-0.10057895630598068,-0.21483850479125977,4.44249153137207,-3.7921533584594727,0.9380748867988586,22.429235458374023,19.340396881103516,103.79721069335938,6981.0,-1887.0,4044.0,0,0,0,0,0
43395.895,1.280513882637024,2.5939838886260986,1.534055233001709,0.02364746481180191,-0.1015750914812088,-0.25096824765205383,3.8541834354400635,-3.728522300720215,1.0452953577041626,178.37039184570312,18.80206871032715,-32.87730407714844,2869.0,-1542.0,3479.0,0,0,0,0,0
43405.802,1.276779294013977,2.593639612197876,1.531813383102417,0.02043955773115158,-0.10574643313884735,-0.21688590943813324,5.1191301345825195,-3.6725733280181885,0.22861765325069427,67.55619049072266,7.916637420654297,111.85661315917969,-2252.0,-1304.0,2622.0,0,0,0,0,0
43415.714,1.2749837636947632,2.592902898788452,1.5297011137008667,0.02030997909605503,-0.11093808710575104,-0.21277616918087006,5.779703140258789,-3.677027463912964,1.0515624284744263,96.62676239013672,8.74697208404541,-78.2652587890625,-4137.0,-1583.0,2404.0,0,0,0,0,0
43425.619,1.271132230758667,2.5923678874969482,1.527908444404602,0.01747458055615425,-0.12053433805704117,-0.17119471728801727,6.943384647369385,-3.6977627277374268,-0.04106661677360535,-85.67986297607422,-1.6459791660308838,-221.3452606201172,-3726.0,-1602.0,1736.0,0,0,0,0,0
43435.525,1.2670260667800903,2.5918164253234863,1.5258688926696777,0.008371595293283463,-0.12214948982000351,-0.21888422966003418,6.788657188415527,-3.656846284866333,-0.1919613927602768,-110.37789154052734,-12.804848670959473,120.33920288085938,1913.0,-2110.0,662.0,0,0,0,0,0
43445.425,1.2625805139541626,2.5912771224975586,1.5236713886260986,0.0033844495192170143,-0.1319507658481598,-0.19395272433757782,5.706665515899658,-3.3949601650238037,0.41286131739616394,20.43318748474121,13.584638595581055,59.71791458129883,6176.0,-3300.0,629.0,0,0,0,0,0
43455.345,1.2602784633636475,2.5902886390686035,1.5218071937561035,0.004376269411295652,-0.14120058715343475,-0.1592724621295929,5.170421123504639,-3.3858354091644287,0.17564670741558075,-111.20860290527344,19.583494186401367,-141.63494873046875,4959.0,-3716.0,756.0,0,0,0,0,0
43465.239,1.2555577754974365,2.5895724296569824,1.520094633102417,-0.0022268297616392374,-0.14621222019195557,-0.14563150703907013,4.6784348487854,-3.2803828716278076,-0.49488410353660583,18.228879928588867,15.908903121948242,-15.24969482421875,6475.0,-3557.0,336.0,0,0,0,0,0
43475.147,1.2507601976394653,2.588776111602783,1.5185219049453735,-0.008687197230756283,-0.15088637173175812,-0.12551650404930115,3.7899134159088135,-3.1899795532226562,0.08837170153856277,170.8824005126953,30.745088577270508,-51.55692672729492,2491.0,-3546.0,109.0,0,0,0,0,0
43485.06,1.2459875345230103,2.587961196899414,1.516882061958313,-0.018668653443455696,-0.14614316821098328,-0.17411458492279053,5.424615859985352,-3.2441723346710205,-1.0244406461715698,112.27601623535156,17.95645523071289,72.95979309082031,-3479.0,-2980.0,-497.0,0,0,0,0,0
43494.97,1.2410987615585327,2.587188959121704,1.5150350332260132,-0.02618604525923729,-0.14890339970588684,-0.17636820673942566,6.374474048614502,-3.2453365325927734,-0.4461551308631897,55.05397415161133,23.94888687133789,-155.0843963623047,-6301.0,-3041.0,-613.0,0,0,0,0,0
43504.864,1.2360661029815674,2.586294651031494,1.5134559869766235,-0.03163812682032585,-0.15807513892650604,-0.14208589494228363,7.6294403076171875,-3.326596736907959,-1.2575465440750122,-106.43529510498047,44.63297653198242,102.97357177734375,-3103.0,-2869.0,-1183.0,0,0,0,0,0
43514.77,1.2332630157470703,2.585052967071533,1.5116539001464844,-0.036380231380462646,-0.16038557887077332,-0.20215420424938202,6.687697887420654,-3.5145909786224365,-0.4910622835159302,-26.211538314819336,15.524260520935059,-72.0050048828125,2530.0,-2867.0,-992.0,0,0,0,0,0
43524.673,1.2278180122375488,2.584062337875366,1.5095703601837158,-0.04089787229895592,-0.1709442436695099,-0.1609882265329361,6.286056995391846,-3.4879209995269775,-1.090480089187622,-9.321510314941406,6.199851036071777,-70.34687042236328,3650.0,-3554.0,-701.0,0,0,0,0,0
43534.599,1.2222026586532593,2.5829389095306396,1.5080024003982544,-0.04562767595052719,-0.18081581592559814,-0.11540015041828156,6.118646621704102,-3.4281976222991943,-0.31662067770957947,-79.24559783935547,48.35078811645508,68.71815490722656,3666.0,-4577.0,-252.0,0,0,0,0,0
43544.487,1.2163993120193481,2.5818631649017334,1.506619930267334,-0.053775399923324585,-0.18513473868370056,-0.117265984416008,5.334856986999512,-3.479355573654175,-0.7321814298629761,111.23529815673828,44.20524597167969,-44.02521514892578,4857.0,-4311.0,-43.0,0,0,0,0,0
43554.397,1.2106382846832275,2.5806853771209717,1.50544273853302,-0.059428926557302475,-0.19101089239120483,-0.08461247384548187,5.093403339385986,-3.693774700164795,-1.955946683883667,147.16647338867188,29.407670974731445,29.755661010742188,240.0,-3774.0,-1149.0,0,0,0,0,0
43564.301,1.2074288129806519,2.5791633129119873,1.504159927368164,-0.0639231875538826,-0.18526838719844818,-0.1578720211982727,6.456697463989258,-3.893178939819336,-2.2523744106292725,152.3956298828125,35.23170852661133,54.61863708496094,-5066.0,-3685.0,-2359.0,0,0,0,0,0
43574.222,1.2015982866287231,2.5779802799224854,1.502508521080017,-0.06899548321962357,-0.19180424511432648,-0.13711324334144592,7.850699424743652,-3.9817943572998047,-1.6514357328414917,-55.362239837646484,39.519893646240234,-248.5191650390625,-7724.0,-4017.0,-2791.0,0,0,0,0,0
43584.116,1.1956394910812378,2.5766584873199463,1.5011045932769775,-0.07515361160039902,-0.19952717423439026,-0.13040123879909515,8.518911361694336,-4.283807277679443,-2.87886381149292,-94.33625793457031,62.74870681762695,98.8532485961914,-1661.0,-3186.0,-3868.0,0,0,0,0,0
43594.027,1.189494252204895,2.57527756690979,1.4996172189712524,-0.0852438285946846,-0.2035495638847351,-0.16896875202655792,7.241382598876953,-4.561565399169922,-1.7459367513656616,6.1553826332092285,52.676475524902344,201.97088623046875,3252.0,-2816.0,-4076.0,0,0,0,0,0
43603.93,1.1830564737319946,2.573883295059204,1.4980031251907349,-0.0868530422449112,-0.2164756804704666,-0.11119021475315094,7.051979064941406,-4.783617973327637,-2.413996696472168,-110.19278717041016,23.533605575561523,-195.52040100097656,3063.0,-3264.0,-3697.0,0,0,0,0,0
43613.847,1.1793404817581177,2.5720322132110596,1.4968981742858887,-0.0829935073852539,-0.22651240229606628,-0.08584139496088028,6.455030918121338,-5.024024963378906,-2.3535208702087402,-124.46743774414062,53.96861267089844,-122.70845031738281,4621.0,-4060.0,-3653.0,0,0,0,0,0
43623.761,1.1727609634399414,2.5703036785125732,1.4961663484573364,-0.08514562249183655,-0.23595955967903137,-0.040604427456855774,5.372648239135742,-5.304690361022949,-2.2629878520965576,109.81819915771484,47.271697998046875,-17.620981216430664,4776.0,-4099.0,-3978.0,0,0,0,0,0
43633.651,1.166216492652893,2.5685932636260986,1.4954912662506104,-0.09348177164793015,-0.23441950976848602,-0.07420452684164047,5.628776550292969,-5.609200954437256,-3.501317024230957,122.82357025146484,51.68763732910156,152.3336944580078,-802.0,-4155.0,-5132.0,0,0,0,0,0
43643.565,1.1596063375473022,2.566962718963623,1.4944292306900024,-0.10267508029937744,-0.22976435720920563,-0.12328853458166122,6.813120365142822,-5.702303886413574,-3.4293506145477295,125.55072784423828,76.10456848144531,99.65959930419922,-5133.0,-4467.0,-5574.0,0,0,0,0,0
43653.475,1.155765414237976,2.56498122215271,1.4933083057403564,-0.09663175046443939,-0.23875585198402405,-0.0966808944940567,7.998407363891602,-6.063968658447266,-2.0992391109466553,-179.0121612548828,89.01966857910156,20.082847595214844,-5403.0,-4015.0,-5152.0,0,0,0,0,0
43663.382,1.1491100788116455,2.5630578994750977,1.4925131797790527,-0.10126050561666489,-0.24600738286972046,-0.09860489517450333,7.348806858062744,-6.699002265930176,-3.7175893783569336,-72.64986419677734,62.96952438354492,-147.53472900390625,1999.0,-2054.0,-5311.0,0,0,0,0,0
43673.288,1.1421458721160889,2.561089277267456,1.491443157196045,-0.1087338849902153,-0.24955222010612488,-0.12528538703918457,6.192078113555908,-7.210320472717285,-3.3885529041290283,-13.026947021484375,68.52774047851562,315.779541015625,4349.0,-1733.0,-5753.0,0,0,0,0,0
43683.197,1.1350340843200684,2.5590529441833496,1.4905078411102295,-0.1001366376876831,-0.26340726017951965,-0.03522753715515137,6.2709832191467285,-7.441625595092773,-2.2516753673553467,-122.00472259521484,66.40512084960938,182.4110107421875,3840.0,-3054.0,-4676.0,0,0,0,0,0
43693.104,1.1277685165405273,2.5569584369659424,1.4899085760116577,-0.10595451295375824,-0.2657853066921234,-0.05439303070306778,5.145815372467041,-7.738154888153076,-2.964465379714966,-64.0461196899414,44.94770431518555,-290.0050048828125,5666.0,-3719.0,-3841.0,0,0,0,0,0
43703.001,1.1204569339752197,2.5544419288635254,1.4897780418395996,-0.09494787454605103,-0.27614036202430725,0.03454471379518509,3.9514973163604736,-8.257285118103027,-4.183016300201416,75.41488647460938,45.861328125,-29.59961700439453,3874.0,-3460.0,-5045.0,0,0,0,0,0
43712.908,1.1163990497589111,2.5518860816955566,1.4897984266281128,-0.09941679239273071,-0.2700131833553314,-0.043875887989997864,4.595735549926758,-8.700297355651855,-4.701216697692871,89.4268798828125,93.28848266601562,282.6463928222656,-1537.0,-3811.0,-6663.0,0,0,0,0,0
43722.819,1.1092288494110107,2.5495684146881104,1.4892292022705078,-0.10273797810077667,-0.2689244747161865,-0.05857573822140694,5.855687141418457,-8.929892539978027,-3.598081588745117,74.18818664550781,91.42169189453125,-67.57846069335938,-5015.0,-3499.0,-6574.0,0,0,0,0,0
43732.737,1.1020526885986328,2.547102689743042,1.4887140989303589,-0.10366157442331314,-0.2723737955093384,-0.05753689259290695,6.730078220367432,-9.5673246383667,-3.7058351039886475,-226.3488006591797,110.20382690429688,151.14617919921875,-3100.0,-1949.0,-6617.0,0,0,0,0,0
43742.634,1.0946818590164185,2.5444438457489014,1.4880427122116089,-0.10714125633239746,-0.2779316306114197,-0.07169807702302933,5.416635036468506,-10.335736274719238,-4.376892566680908,-36.416603088378906,79.33905792236328,88.2038803100586,4698.0,-114.0,-6908.0,0,0,0,0,0
43752.55,1.0871491432189941,2.5417819023132324,1.4872069358825684,-0.10997214913368225,-0.28101789951324463,-0.08556613326072693,4.417054653167725,-11.007445335388184,-4.3273444175720215,-67.08724212646484,53.87705993652344,155.9805450439453,4498.0,-394.0,-6682.0,0,0,0,0,0
43762.449,1.0828584432601929,2.538954496383667,1.4867419004440308,-0.0855455994606018,-0.2900545299053192,-0.017040587961673737,4.848307132720947,-11.294602394104004,-2.6307475566864014,-118.0372543334961,81.61389923095703,190.37171936035156,4340.0,-2679.0,-5270.0,0,0,0,0,0
43772.367,1.0752756595611572,2.535975933074951,1.4864780902862549,-0.08833048492670059,-0.2926332950592041,-0.03580477088689804,3.497056007385254,-11.7703275680542,-3.048537254333496,-10.159120559692383,54.861595153808594,-228.66615295410156,5435.0,-3362.0,-4277.0,0,0,0,0,0
43782.269,1.067828893661499,2.532801628112793,1.4864156246185303,-0.0729864239692688,-0.29924872517585754,0.02571951597929001,2.663238048553467,-12.194822311401367,-5.531594753265381,45.81766128540039,40.720516204833984,-2.4773640632629395,3443.0,-3594.0,-6104.0,0,0,0,0,0
43792.166,1.0604182481765747,2.5295939445495605,1.4862381219863892,-0.09015864133834839,-0.29292410612106323,-0.06525780260562897,2.9949443340301514,-12.426992416381836,-5.741763114929199,101.99789428710938,133.3869171142578,277.90863037109375,-813.0,-4203.0,-8160.0,0,0,0,0,0
43802.075,1.05299711227417,2.5262253284454346,1.4856956005096436,-0.08999666571617126,-0.29257017374038696,-0.07663190364837646,4.486621379852295,-12.890397071838379,-4.261765003204346,-4.156838417053223,112.22750854492188,-58.86006164550781,-4010.0,-2493.0,-8248.0,0,0,0,0,0
43811.996,1.0488296747207642,2.5229737758636475,1.484915018081665,-0.08406928181648254,-0.29406052827835083,-0.10503030568361282,4.675759792327881,-13.834443092346191,-5.204640865325928,-212.96524047851562,117.12618255615234,-19.299211502075195,-619.0,-79.0,-8737.0,0,0,0,0,0
43821.888,1.0413024425506592,2.5192794799804688,1.48399019241333,-0.07688216865062714,-0.3019493520259857,-0.09155990928411484,3.3317394256591797,-14.708762168884277,-5.256941795349121,40.7401008605957,73.6662826538086,390.83563232421875,6080.0,1739.0,-9369.0,0,0,0,0,0
43831.795,1.0338175296783447,2.515326976776123,1.4831209182739258,-0.07161663472652435,-0.3060400187969208,-0.09222809225320816,3.0703213214874268,-15.413077354431152,-3.8819053173065186,-78.93788146972656,48.099639892578125,139.11624145507812,3285.0,377.0,-8075.0,0,0,0,0,0
43841.702,1.0263395309448242,2.5111024379730225,1.4824624061584473,-0.05920504778623581,-0.31122487783432007,-0.07443919032812119,3.4384593963623047,-15.570402145385742,-3.8899285793304443,-56.20978927612305,65.56436920166016,-232.77285766601562,3191.0,-2302.0,-6206.0,0,0,0,0,0
43851.624,1.018894910812378,2.5067436695098877,1.4820672273635864,-0.04461430758237839,-0.3187248110771179,-0.044240374118089676,2.4892501831054688,-16.14134407043457,-3.993959665298462,-1.68667733669281,35.551239013671875,-224.22496032714844,2951.0,-2988.0,-5730.0,0,0,0,0,0
43861.516,1.015051245689392,2.5028679370880127,1.4817755222320557,-0.024354642257094383,-0.32246914505958557,-0.03547779470682144,2.1373958587646484,-16.442405700683594,-6.061315536499023,86.2786636352539,57.642051696777344,-3.232745885848999,2301.0,-4393.0,-7591.0,0,0,0,0,0
43871.424,1.0078036785125732,2.4980947971343994,1.4813398122787476,-0.036473046988248825,-0.32259026169776917,-0.1012311652302742,2.2107770442962646,-16.579965591430664,-6.2328877449035645,111.77008819580078,105.53173828125,-7.068190097808838,-1203.0,-4188.0,-9377.0,0,0,0,0,0
43881.331,1.0005985498428345,2.4931347370147705,1.480491042137146,-0.04012388363480568,-0.32348471879959106,-0.13513478636741638,3.849914789199829,-17.33769416809082,-5.162319660186768,-85.93994140625,121.30009460449219,28.404909133911133,-3035.0,-995.0,-9791.0,0,0,0,0,0
43891.247,0.9933298230171204,2.4879345893859863,1.4791737794876099,-0.04714059457182884,-0.32802045345306396,-0.18082250654697418,3.449986457824707,-18.22288703918457,-5.470059871673584,-154.59486389160156,144.57095336914062,-170.60546875,1330.0,2006.0,-9849.0,0,0,0,0,0
43901.145,0.9860113859176636,2.482452869415283,1.47798490524292,-0.025060266256332397,-0.3407323360443115,-0.13985709846019745,2.2367465496063232,-19.28294563293457,-6.175861358642578,54.71321105957031,68.82408905029297,173.96240234375,5334.0,4032.0,-10058.0,0,0,0,0,0
43911.06,0.9824408292770386,2.4778006076812744,1.4770628213882446,0.0070395213551819324,-0.3468855619430542,-0.1064574271440506,2.9641733169555664,-20.014013290405273,-3.316507339477539,-86.76333618164062,88.83370208740234,349.6729736328125,2571.0,2077.0,-7992.0,0,0,0,0,0
43920.961,0.9754514694213867,2.4717319011688232,1.4764153957366943,0.01308522280305624,-0.35385891795158386,-0.12112703919410706,3.078623056411743,-20.242591857910156,-2.533726930618286,12.043664932250977,16.822778701782227,-427.7882385253906,2640.0,-172.0,-4651.0,0,0,0,0,0
43930.876,0.9686766862869263,2.465353488922119,1.476062536239624,0.049391161650419235,-0.36850473284721375,-0.054582491517066956,1.8194993734359741,-20.68821907043457,-4.926769733428955,-45.078617095947266,-10.105195045471191,53.143394470214844,1920.0,-1817.0,-5063.0,0,0,0,0,0
43940.784,0.9620785117149353,2.4585494995117188,1.475904107093811,0.04590504616498947,-0.3751552402973175,-0.09523452818393707,1.58201265335083,-20.614139556884766,-6.027433395385742,92.03981018066406,120.9848403930664,375.47393798828125,1682.0,-3737.0,-7236.0,0,0,0,0,0
43950.681,0.9554041028022766,2.451615810394287,1.4753845930099487,0.03639117628335953,-0.3797675371170044,-0.14575350284576416,2.2825231552124023,-21.011184692382812,-5.215122222900391,-31.70564842224121,113.65729522705078,21.56861686706543,-1427.0,-1085.0,-8078.0,0,0,0,0,0
43960.597,0.948732316493988,2.4443278312683105,1.4745662212371826,0.03787856176495552,-0.38844141364097595,-0.16677457094192505,2.565978765487671,-21.852035522460938,-5.912641525268555,-122.2334976196289,131.1216583251953,-178.31057739257812,657.0,3013.0,-8791.0,0,0,0,0,0
43970.505,0.9456349015235901,2.438570261001587,1.4732054471969604,0.051452189683914185,-0.3943884074687958,-0.184305801987648,1.4063585996627808,-22.966184616088867,-5.870615482330322,-71.16398620605469,92.13729858398438,270.11065673828125,4655.0,6097.0,-9915.0,0,0,0,0,0
43980.402,0.9392963647842407,2.4306697845458984,1.4726108312606812,0.11095374822616577,-0.41129931807518005,-0.07650136202573776,1.1508525609970093,-23.901201248168945,-4.962634563446045,-72.36750030517578,60.785545349121094,200.33055114746094,4640.0,6236.0,-9375.0,0,0,0,0,0
43990.31,0.93323814868927,2.4223313331604004,1.472405195236206,0.1009841337800026,-0.4191836714744568,-0.12891355156898499,1.2864071130752563,-24.325204849243164,-3.9944584369659424,-80.77770233154297,45.90126037597656,-233.0519561767578,3487.0,3901.0,-7279.0,0,0,0,0,0
44000.217,0.9271928071975708,2.4136624336242676,1.4723718166351318,0.14146962761878967,-0.43351173400878906,-0.0698118582367897,0.9089747667312622,-24.731393814086914,-3.9692399501800537,-35.489227294921875,13.311136245727539,-22.31614875793457,2607.0,1514.0,-6513.0,0,0,0,0,0
44010.138,0.9214470386505127,2.404527187347412,1.4726845026016235,0.15787376463413239,-0.447510302066803,-0.06520550698041916,-0.26763537526130676,-24.62786865234375,-6.860572814941406,-83.52412414550781,76.2590560913086,56.65663528442383,2516.0,-1679.0,-8520.0,0,0,0,0,0
44020.031,0.9193763136863708,2.3975980281829834,1.472322940826416,0.16644522547721863,-0.45053738355636597,-0.09907293319702148,-0.8675354719161987,-24.73917579650879,-7.354391098022461,-21.357746124267578,58.1134147644043,-79.83727264404297,2848.0,-1004.0,-10990.0,0,0,0,0,0
44029.938,0.9136525392532349,2.3879122734069824,1.4720005989074707,0.14199942350387573,-0.4580545127391815,-0.17468275129795074,-0.3412843644618988,-25.342065811157227,-6.412614345550537,-142.00637817382812,114.37027740478516,195.242919921875,2231.0,1824.0,-12224.0,0,0,0,0,0
44039.855,0.9078030586242676,2.377943277359009,1.4710893630981445,0.14035791158676147,-0.46878230571746826,-0.20335832238197327,-0.5029661059379578,-26.005321502685547,-5.52929162979126,21.02851104736328,106.43339538574219,520.8955078125,4150.0,5436.0,-12060.0,0,0,0,0,0
44049.762,0.9021756052970886,2.3675894737243652,1.4705853462219238,0.18307718634605408,-0.4824567139148712,-0.14322027564048767,-0.6374175548553467,-27.0214900970459,-5.012013912200928,-160.44056701660156,84.92160034179688,200.48455810546875,2898.0,6958.0,-10438.0,0,0,0,0,0
44059.659,0.8969282507896423,2.3568670749664307,1.4705147743225098,0.21760185062885284,-0.4961175322532654,-0.10428981482982635,-1.1510785818099976,-27.289642333984375,-5.155167102813721,14.820883750915527,50.125587463378906,-300.22332763671875,4181.0,5395.0,-8134.0,0,0,0,0,0
44069.568,0.8955585956573486,2.348836660385132,1.469993233680725,0.2280001938343048,-0.49789759516716003,-0.13331693410873413,-0.8610928654670715,-27.910831451416016,-3.642096519470215,-20.066631317138672,16.434247970581055,-31.563945770263672,795.0,3186.0,-6797.0,0,0,0,0,0
44079.478,0.8907270431518555,2.3373982906341553,1.470044493675232,0.2565701901912689,-0.5130513310432434,-0.10997962951660156,-1.6052230596542358,-27.616954803466797,-6.688111782073975,-54.51255798339844,44.96332931518555,314.46221923828125,215.0,-629.0,-8392.0,0,0,0,0,0
44089.391,0.8860324025154114,2.325476884841919,1.470062494277954,0.2479505091905594,-0.5269762277603149,-0.1527574360370636,-2.082460641860962,-27.405319213867188,-7.425625801086426,-139.3887939453125,-8.804800033569336,-72.76266479492188,2130.0,-1734.0,-10838.0,0,0,0,0,0
44099.288,0.881182074546814,2.313276767730713,1.469867467880249,0.25061318278312683,-0.5417161583900452,-0.169462651014328,-2.9417665004730225,-27.341150283813477,-8.114361763000488,-89.7467269897461,30.926925659179688,-81.83180236816406,4678.0,-1283.0,-13327.0,0,0,0,0,0
44109.195,0.8801801204681396,2.303767204284668,1.468287467956543,0.23243971168994904,-0.5431360602378845,-0.25413042306900024,-3.683955430984497,-27.645824432373047,-8.020551681518555,18.035022735595703,60.60601043701172,455.08074951171875,4252.0,1109.0,-15466.0,0,0,0,0,0
44119.105,0.8755087852478027,2.290971279144287,1.4676378965377808,0.28003066778182983,-0.555056095123291,-0.18541492521762848,-2.8755691051483154,-28.287092208862305,-6.911032199859619,-153.6839599609375,65.56616973876953,279.87823486328125,689.0,3434.0,-15132.0,0,0,0,0,0
44129.022,0.8715099692344666,2.277733087539673,1.46770179271698,0.3111855685710907,-0.5692777037620544,-0.14964959025382996,-2.4215898513793945,-28.473831176757812,-5.9766764640808105,-12.384344100952148,60.63901901245117,-223.43255615234375,2518.0,3839.0,-12833.0,0,0,0,0,0
44138.92,0.8679354786872864,2.2640843391418457,1.4681291580200195,0.33880752325057983,-0.5846667289733887,-0.11963003128767014,-2.765958070755005,-29.014068603515625,-5.254805088043213,63.56576919555664,-47.503231048583984,74.29573822021484,-144.0,3324.0,-11293.0,0,0,0,0,0
44148.836,0.8644416928291321,2.2500321865081787,1.468730092048645,0.34587088227272034,-0.601118803024292,-0.13009357452392578,-2.55187726020813,-28.450489044189453,-7.695728302001953,-90.8624496459961,1.9319138526916504,165.41543579101562,-2322.0,-1454.0,-11830.0,0,0,0,0,0
44158.734,0.8609992861747742,2.2355737686157227,1.4691282510757446,0.3414854109287262,-0.6190093159675598,-0.15623877942562103,-2.7853941917419434,-28.087533950805664,-7.938303470611572,-166.4351348876953,-27.18583869934082,-73.00862121582031,830.0,-2663.0,-12883.0,0,0,0,0,0
44168.659,0.8609980344772339,2.225041627883911,1.4683456420898438,0.34919121861457825,-0.6235036849975586,-0.18032735586166382,-3.9230849742889404,-28.259723663330078,-8.0089693069458,-91.77275085449219,-20.55581283569336,-30.87540626525879,5242.0,-1685.0,-14383.0,0,0,0,0,0
44178.552,0.8576187491416931,2.2098424434661865,1.4682011604309082,0.3344497084617615,-0.6419534087181091,-0.22367601096630096,-5.379391193389893,-27.98084259033203,-9.117959022521973,59.47317886352539,21.398670196533203,297.4058532714844,4382.0,-1513.0,-15858.0,0,0,0,0,0
44188.455,0.8546557426452637,2.1943042278289795,1.4682272672653198,0.3622949719429016,-0.6551945209503174,-0.18690438568592072,-3.4116461277008057,-28.29302406311035,-6.451761722564697,-127.00298309326172,79.77017211914062,424.81842041015625,-726.0,36.0,-14433.0,0,0,0,0,0
44198.36,0.8519888520240784,2.178513526916504,1.4687248468399048,0.3822566568851471,-0.6717312932014465,-0.16332554817199707,-2.861647129058838,-28.51348114013672,-5.047598838806152,-58.016754150390625,50.62181854248047,-435.2257995605469,422.0,2026.0,-10957.0,0,0,0,0,0
44208.276,0.852958083152771,2.167052745819092,1.4686251878738403,0.44336551427841187,-0.6737059950828552,-0.09105756878852844,-4.927903175354004,-28.797765731811523,-7.247655868530273,70.51210021972656,-63.19397735595703,77.71231842041016,0.0,2006.0,-11126.0,0,0,0,0,0
44218.174,0.8511345982551575,2.1505188941955566,1.469828724861145,0.41935887932777405,-0.6916012167930603,-0.15169250965118408,-4.607181549072266,-28.2999267578125,-9.019332885742188,-127.31774139404297,10.085341453552246,110.93170166015625,-2909.0,-2470.0,-13310.0,0,0,0,0,0
44228.096,0.8493449687957764,2.133514165878296,1.4707159996032715,0.4203084111213684,-0.7102817893028259,-0.16312900185585022,-4.211342811584473,-27.924501419067383,-8.49919605255127,-180.35031127929688,5.55044412612915,9.395992279052734,138.0,-3631.0,-14807.0,0,0,0,0,0
44237.989,0.8476179838180542,2.1161375045776367,1.4713919162750244,0.4151972234249115,-0.7309238314628601,-0.1824447512626648,-5.452024459838867,-27.953710556030273,-8.620585441589355,-139.35501098632812,-28.521677017211914,5.645193576812744,5050.0,-2499.0,-16360.0,0,0,0,0,0
44247.906,0.846071720123291,2.09835147857666,1.4719470739364624,0.41023772954940796,-0.7516189813613892,-0.2047196924686432,-7.723175525665283,-27.478059768676758,-10.773436546325684,64.24268341064453,-34.42627716064453,209.3623809814453,4907.0,-3226.0,-18299.0,0,0,0,0,0
44257.803,0.8447917699813843,2.0804338455200195,1.4727435111999512,0.4167155921459198,-0.7656699419021606,-0.20188374817371368,-5.3650665283203125,-27.688034057617188,-7.218800067901611,-134.32391357421875,46.59678268432617,477.2460021972656,-950.0,-2008.0,-16754.0,0,0,0,0,0
44267.71,0.8464647531509399,2.067530632019043,1.4722774028778076,0.4462311863899231,-0.7635686993598938,-0.17873597145080566,-4.774043083190918,-28.082365036010742,-4.870001316070557,-63.9858283996582,27.943016052246094,-533.6046142578125,-979.0,732.0,-12190.0,0,0,0,0,0
44277.623,0.8461841344833374,2.049086332321167,1.4739952087402344,0.5034412145614624,-0.7774097919464111,-0.08711578696966171,-6.755292892456055,-27.98771095275879,-7.889855861663818,41.685707092285156,-50.97077560424805,124.97147369384766,-1330.0,291.0,-12071.0,0,0,0,0,0
44287.538,0.8463133573532104,2.0303308963775635,1.4758691787719727,0.4776841700077057,-0.7968389987945557,-0.14854291081428528,-6.422235012054443,-27.593687057495117,-9.084226608276367,-127.26754760742188,-9.164281845092773,297.1775207519531,-3672.0,-3573.0,-13701.0,0,0,0,0,0
44297.437,0.8462379574775696,2.0113096237182617,1.477451205253601,0.47038939595222473,-0.8155748844146729,-0.1722934991121292,-5.860573768615723,-27.050748825073242,-8.08520221710205,-182.1839141845703,-11.024378776550293,164.49293518066406,-695.0,-5077.0,-14346.0,0,0,0,0,0
44307.338,0.8486337065696716,1.9975590705871582,1.4772957563400269,0.48137208819389343,-0.8168618083000183,-0.18057462573051453,-7.741062641143799,-26.928232192993164,-8.597841262817383,-193.8087921142578,-66.21742248535156,-78.8244857788086,4421.0,-4132.0,-15543.0,0,0,0,0,0
44317.246,0.8468300700187683,1.9723318815231323,1.4803718328475952,0.4798315465450287,-0.8533394932746887,-0.17186112701892853,-10.15734577178955,-26.214052200317383,-11.243410110473633,49.413787841796875,-53.44384002685547,259.97564697265625,5496.0,-4900.0,-17812.0,0,0,0,0,0
44327.169,0.8497178554534912,1.9581915140151978,1.480299472808838,0.48476701974868774,-0.8485895395278931,-0.19107148051261902,-8.42092227935791,-26.57982063293457,-7.386523723602295,-134.50648498535156,25.789976119995117,408.7378845214844,-506.0,-2662.0,-16881.0,0,0,0,0,0
44337.061,0.8509381413459778,1.9383282661437988,1.4819879531860352,0.5031067132949829,-0.8589349985122681,-0.16410943865776062,-8.050694465637207,-26.881332397460938,-5.955883026123047,-80.46630096435547,6.070545673370361,-573.9419555664062,-1494.0,460.0,-13208.0,0,0,0,0,0
44346.973,0.8527852296829224,1.91843843460083,1.4846066236495972,0.563318133354187,-0.8628490567207336,-0.06146075204014778,-9.747200012207031,-26.43893814086914,-8.664163589477539,8.502727508544922,-44.870513916015625,235.77178955078125,-1571.0,-719.0,-13767.0,0,0,0,0,0
44356.878,0.8551205992698669,1.8983738422393799,1.4874627590179443,0.5413949489593506,-0.882102370262146,-0.11585541069507599,-9.696982383728027,-26.037220001220703,-9.54796028137207,-81.13524627685547,-63.289588928222656,339.34375,-3600.0,-3975.0,-15549.0,0,0,0,0,0
44366.791,0.8590071797370911,1.8838084936141968,1.488045573234558,0.5423510074615479,-0.8782785534858704,-0.14530712366104126,-9.205698013305664,-25.39504623413086,-8.269198417663574,-168.44541931152344,-64.80886840820312,-59.24356460571289,-1768.0,-5582.0,-15884.0,0,0,0,0,0
44376.7,0.8615278601646423,1.8632861375808716,1.4903969764709473,0.5454591512680054,-0.8937807679176331,-0.1475951224565506,-10.88365650177002,-25.006057739257812,-9.097835540771484,-225.82606506347656,-78.3883056640625,-267.1462097167969,2776.0,-4958.0,-16735.0,0,0,0,0,0
44386.597,0.8643568754196167,1.8425579071044922,1.4927469491958618,0.5511706471443176,-0.9070757031440735,-0.14638212323188782,-13.071332931518555,-24.359539031982422,-10.65073299407959,-35.43891906738281,-17.378429412841797,502.2259521484375,5832.0,-5078.0,-18766.0,0,0,0,0,0
44396.504,0.8673860430717468,1.8219510316848755,1.4951342344284058,0.5364192724227905,-0.9229274988174438,-0.18192295730113983,-12.438443183898926,-24.827388763427734,-7.391765117645264,-138.05746459960938,40.99850082397461,290.0987854003906,1107.0,-1832.0,-17033.0,0,0,0,0,0
44406.421,0.870812177658081,1.8013854026794434,1.4974926710128784,0.5496218204498291,-0.9263954162597656,-0.16419021785259247,-12.021795272827148,-25.012964248657227,-6.066760540008545,-86.32689666748047,-21.766130447387695,-334.94915771484375,-815.0,1291.0,-12950.0,0,0,0,0,0
44416.318,0.87574303150177,1.7865654230117798,1.4983160495758057,0.5966246128082275,-0.8996462225914001,-0.09669181704521179,-12.862749099731445,-24.93807601928711,-5.848280429840088,-85.1300277709961,-30.73667335510254,-63.244834899902344,-1355.0,1104.0,-11161.0,0,0,0,0,0
44426.233,0.8804037570953369,1.766142725944519,1.5017235279083252,0.615740180015564,-0.9047392010688782,-0.07849869132041931,-14.658961296081543,-23.927555084228516,-9.40420913696289,-44.04143142700195,-123.67452239990234,-31.112489700317383,-1166.0,-3174.0,-12661.0,0,0,0,0,0
44436.132,0.8853595852851868,1.745619297027588,1.5048917531967163,0.5930476188659668,-0.9234426617622375,-0.14336761832237244,-14.481962203979492,-23.257535934448242,-8.799468994140625,-189.78738403320312,-48.538475036621094,-107.13337707519531,-1751.0,-6874.0,-14373.0,0,0,0,0,0
44446.057,0.8904569149017334,1.724953055381775,1.5077359676361084,0.596560537815094,-0.9297897219657898,-0.14938488602638245,-14.867270469665527,-22.843294143676758,-7.8792033195495605,-195.0281219482422,-27.310794830322266,35.57160949707031,1017.0,-5942.0,-15363.0,0,0,0,0,0
44455.947,0.895673930644989,1.704421877861023,1.5106550455093384,0.6011560559272766,-0.9357237815856934,-0.15229590237140656,-16.746912002563477,-22.235029220581055,-9.08410930633545,-245.31842041015625,-37.54492950439453,121.64871978759766,5213.0,-4861.0,-17002.0,0,0,0,0,0
44465.853,0.9014026522636414,1.6894937753677368,1.5112385749816895,0.5993959307670593,-0.9263630509376526,-0.18132717907428741,-19.193283081054688,-21.59011459350586,-9.586968421936035,-25.82402229309082,-50.90986633300781,38.95869445800781,6904.0,-4144.0,-17725.0,0,0,0,0,0
44475.767,0.9072057008743286,1.6691317558288574,1.5138777494430542,0.5989900231361389,-0.9273938536643982,-0.19128750264644623,-18.369718551635742,-22.587081909179688,-5.910976409912109,-173.95489501953125,-2.779374599456787,115.41016387939453,2218.0,858.0,-15000.0,0,0,0,0,0
44485.678,0.9134660363197327,1.6490205526351929,1.5165822505950928,0.6148294806480408,-0.9167768955230713,-0.17033588886260986,-18.661331176757812,-23.01110076904297,-4.446094989776611,-44.012847900390625,-70.27220153808594,-413.0198974609375,703.0,4056.0,-10579.0,0,0,0,0,0
44495.575,0.9204437732696533,1.629347801208496,1.5197272300720215,0.6499942541122437,-0.8937903642654419,-0.11772171407938004,-19.8554744720459,-22.067914962768555,-6.211534023284912,-139.70053100585938,-49.3055305480957,67.0731201171875,6.0,26.0,-9611.0,0,0,0,0,0
44505.482,0.9277974367141724,1.6196733713150024,1.518296480178833,0.6606062054634094,-0.8483938574790955,-0.1363493651151657,-21.51076316833496,-21.09722137451172,-7.231842517852783,-49.841670989990234,-105.4389877319336,71.7129898071289,1150.0,-4674.0,-10517.0,0,0,0,0,0
44515.393,0.9355980157852173,1.590601921081543,1.5266695022583008,0.6466556787490845,-0.8948289752006531,-0.17241334915161133,-21.348346710205078,-20.339933395385742,-7.116283893585205,-171.95278930664062,-86.2597427368164,-36.87434768676758,588.0,-7547.0,-11222.0,0,0,0,0,0
44525.309,0.9427323341369629,1.5766884088516235,1.5272425413131714,0.6490261554718018,-0.8729615211486816,-0.19213594496250153,-21.961076736450195,-19.69849967956543,-6.014387130737305,-167.1640167236328,-70.27333068847656,-9.562833786010742,2739.0,-6836.0,-11598.0,0,0,0,0,0
44535.218,0.9500587582588196,1.5628540515899658,1.527610421180725,0.6530177593231201,-0.8497346639633179,-0.2085336595773697,-23.804039001464844,-18.69830894470215,-6.980876922607422,-256.4488220214844,-75.40662384033203,-21.597387313842773,6468.0,-6474.0,-12563.0,0,0,0,0,0
44545.123,0.958079993724823,1.5442451238632202,1.5304861068725586,0.648624062538147,-0.8512261509895325,-0.23522239923477173,-25.83357810974121,-18.150959014892578,-6.981187343597412,-34.80656051635742,-74.44924926757812,147.8596649169922,9762.0,-5192.0,-12700.0,0,0,0,0,0
44555.021,0.9675863981246948,1.521024227142334,1.5352373123168945,0.6502017974853516,-0.858421266078949,-0.24175992608070374,-25.778640747070312,-19.205211639404297,-4.038470268249512,-115.30101776123047,-20.799789428710938,301.3201904296875,5744.0,95.0,-10046.0,0,0,0,0,0
44564.937,0.9752599000930786,1.507926106452942,1.5352033376693726,0.6509118676185608,-0.8282727003097534,-0.2593095004558563,-26.160951614379883,-19.294811248779297,-2.9546701908111572,-37.411476135253906,-71.61968994140625,-406.2348937988281,3809.0,2910.0,-6050.0,0,0,0,0,0
44574.844,0.9844971299171448,1.4907554388046265,1.537685751914978,0.6771236062049866,-0.785018801689148,-0.21560156345367432,-27.18147850036621,-18.490840911865234,-3.9398820400238037,-53.76778030395508,-114.53057861328125,71.71028137207031,1873.0,-1417.0,-4836.0,0,0,0,0,0
44584.74,0.994278073310852,1.4742295742034912,1.5402257442474365,0.6821556091308594,-0.7704561352729797,-0.23328082263469696,-27.113391876220703,-17.285308837890625,-3.9109456539154053,-77.27611541748047,-34.32001876831055,108.67218780517578,1809.0,-6923.0,-4792.0,0,0,0,0,0
44594.647,1.0044074058532715,1.4581503868103027,1.5426429510116577,0.6893022656440735,-0.7505015134811401,-0.23981289565563202,-27.873991012573242,-16.42502212524414,-4.127134799957275,-72.22006225585938,-99.5280990600586,-112.43301391601562,2505.0,-7365.0,-4911.0,0,0,0,0,0
44604.564,1.0145806074142456,1.4425500631332397,1.5449546575546265,0.680271565914154,-0.7520816922187805,-0.2894148826599121,-27.97502899169922,-16.127063751220703,-3.391338348388672,-106.7574462890625,-107.32198333740234,-46.776329040527344,3119.0,-6412.0,-4770.0,0,0,0,0,0
44614.471,1.0249861478805542,1.427243947982788,1.547053337097168,0.6911817789077759,-0.720401406288147,-0.27795666456222534,-28.527339935302734,-15.423279762268066,-2.7006237506866455,-175.03359985351562,-58.0278434753418,88.4885482788086,4770.0,-6457.0,-4236.0,0,0,0,0,0
44624.377,1.0337425470352173,1.4162263870239258,1.5466172695159912,0.6838012337684631,-0.6974109411239624,-0.3137089014053345,-29.691360473632812,-14.970829963684082,-2.0853192806243896,-43.72373962402344,-91.90306091308594,218.708251953125,7344.0,-5543.0,-2568.0,0,0,0,0,0
44634.276,1.0445835590362549,1.4016962051391602,1.5485026836395264,0.6906021237373352,-0.6637808680534363,-0.3032066822052002,-29.922292709350586,-15.703667640686035,0.70416659116745,-120.56393432617188,-56.951820373535156,125.13960266113281,6006.0,-2146.0,1234.0,0,0,0,0,0
44644.192,1.0555363893508911,1.3878686428070068,1.5504533052444458,0.6919016242027283,-0.6446962952613831,-0.32067039608955383,-30.520050048828125,-15.125150680541992,1.1721197366714478,21.72562026977539,-84.04902648925781,-241.35365295410156,5358.0,-2206.0,5129.0,0,0,0,0,0
44654.09,1.066832184791565,1.3747360706329346,1.5521423816680908,0.6973015069961548,-0.6139183044433594,-0.3240799903869629,-30.874338150024414,-14.254643440246582,0.8856440186500549,9.804722785949707,-96.01205444335938,-2.4178407192230225,1745.0,-5345.0,6789.0,0,0,0,0,0
44663.999,1.0761189460754395,1.365508794784546,1.5512850284576416,0.694547176361084,-0.5735841989517212,-0.3407406210899353,-30.37372589111328,-13.216327667236328,0.8855637311935425,72.94017791748047,-145.44715881347656,-217.22837829589844,-815.0,-8829.0,7504.0,0,0,0,0,0
44673.904,1.0878489017486572,1.3534579277038574,1.5524593591690063,0.6918458342552185,-0.5634192824363708,-0.382032573223114,-29.777137756347656,-11.92221450805664,1.0555673837661743,10.201126098632812,-76.40091705322266,-352.0470275878906,-3354.0,-11724.0,7545.0,0,0,0,0,0
44683.821,1.0998008251190186,1.341972827911377,1.553354263305664,0.6949869990348816,-0.5293782949447632,-0.3825797438621521,-28.950660705566406,-11.086708068847656,0.9435931444168091,-24.279926300048828,-57.50813293457031,53.55064392089844,-2333.0,-10387.0,6264.0,0,0,0,0,0
44693.719,1.111886978149414,1.3309541940689087,1.5540825128555298,0.6928727030754089,-0.5109554529190063,-0.4069177806377411,-29.272676467895508,-10.460721969604492,0.3139706254005432,-20.78634262084961,-66.59687042236328,223.38131713867188,-395.0,-8556.0,4313.0,0,0,0,0,0
44703.636,1.123950481414795,1.3205050230026245,1.5548982620239258,0.6937991976737976,-0.47972825169563293,-0.40977564454078674,-29.133623123168945,-9.958909034729004,0.24990062415599823,-91.92976379394531,-102.06849670410156,379.98150634765625,1729.0,-8126.0,3260.0,0,0,0,0,0
44713.533,1.136179804801941,1.3106181621551514,1.5558205842971802,0.6981164216995239,-0.4317910969257355,-0.3798917829990387,-29.504817962646484,-10.558932304382324,2.815213918685913,-14.721243858337402,-118.54118347167969,-77.27013397216797,2815.0,-5823.0,5704.0,0,0,0,0,0
44723.449,1.1458494663238525,1.3039270639419556,1.554429054260254,0.6908771991729736,-0.38995492458343506,-0.3857513964176178,-29.20846939086914,-10.501797676086426,4.777091979980469,-71.98299407958984,-45.22898483276367,-89.80726623535156,2414.0,-4990.0,9946.0,0,0,0,0,0
44733.347,1.1582926511764526,1.295121192932129,1.5553250312805176,0.688665509223938,-0.367423951625824,-0.40142786502838135,-29.716686248779297,-10.171737670898438,5.583239555358887,106.62625885009766,-86.5724105834961,-24.414329528808594,2275.0,-5017.0,13870.0,0,0,0,0,0
44743.254,1.1708742380142212,1.2868982553482056,1.5558432340621948,0.6861231923103333,-0.3440348207950592,-0.42114582657814026,-29.286245346069336,-9.491165161132812,5.753352165222168,26.71554946899414,-114.55016326904297,329.3799743652344,-1397.0,-6782.0,16520.0,0,0,0,0,0
44753.161,1.1834666728973389,1.2793625593185425,1.5563641786575317,0.6829830408096313,-0.31906530261039734,-0.43717408180236816,-28.505720138549805,-9.207537651062012,6.90008544921875,134.05062866210938,-115.5452651977539,-159.4486541748047,-3789.0,-7335.0,19408.0,0,0,0,0,0
44763.083,1.1931850910186768,1.2742747068405151,1.5541822910308838,0.6710822582244873,-0.29587236046791077,-0.47651219367980957,-27.51420783996582,-8.165914535522461,6.5888447761535645,44.249141693115234,-87.12019348144531,-635.9927978515625,-7692.0,-9208.0,20377.0,0,0,0,0,0
44772.989,1.2058722972869873,1.267577052116394,1.554032325744629,0.6708236932754517,-0.26862290501594543,-0.4894684851169586,-26.31827735900879,-6.227977752685547,3.957214593887329,-15.055329322814941,-37.0650749206543,-7.511175155639648,-5979.0,-13665.0,16745.0,0,0,0,0,0
44782.883,1.218511939048767,1.2612924575805664,1.5537446737289429,0.6695775985717773,-0.2322487086057663,-0.47701388597488403,-26.717025756835938,-5.121897220611572,2.545476198196411,42.60435104370117,-22.605915069580078,51.90730285644531,-3182.0,-14386.0,11438.0,0,0,0,0,0
44792.79,1.2312116622924805,1.255550503730774,1.553598165512085,0.6664086580276489,-0.1969478279352188,-0.46887993812561035,-26.151554107666016,-4.515939235687256,1.7803878784179688,-54.608577728271484,-77.592041015625,228.11160278320312,-2191.0,-12444.0,7060.0,0,0,0,0,0
44802.716,1.2437727451324463,1.2503662109375,1.553908348083496,0.6637020111083984,-0.14529140293598175,-0.4206899404525757,-26.282119750976562,-5.004265308380127,3.908019781112671,-29.45148277282715,-77.61734771728516,21.030607223510742,-863.0,-8853.0,6245.0,0,0,0,0,0
44812.604,1.256357192993164,1.2457025051116943,1.5542693138122559,0.6588295698165894,-0.12204589694738388,-0.43113312125205994,-26.207674026489258,-4.689455509185791,4.774141311645508,-12.039520263671875,-6.684901714324951,10.443235397338867,-78.0,-6978.0,7439.0,0,0,0,0,0
44822.51,1.2659541368484497,1.2429901361465454,1.552137851715088,0.6439813375473022,-0.10076504945755005,-0.4612075388431549,-26.56087303161621,-4.676426410675049,5.020661354064941,51.144256591796875,-92.8078384399414,88.20250701904297,-908.0,-4315.0,9319.0,0,0,0,0,0
44832.425,1.2785698175430298,1.239079236984253,1.5518536567687988,0.6377255320549011,-0.07805425673723221,-0.4746710956096649,-25.94695472717285,-4.899090766906738,6.222921371459961,80.40142822265625,-101.4222412109375,128.61851501464844,-3551.0,-3476.0,12579.0,0,0,0,0,0
44842.346,1.2912211418151855,1.2356520891189575,1.5512492656707764,0.6319442391395569,-0.05998615175485611,-0.49706804752349854,-25.02480125427246,-5.082039833068848,8.379362106323242,128.8204803466797,-62.93177795410156,-130.83135986328125,-7084.0,-3769.0,16817.0,0,0,0,0,0
44852.233,1.3038060665130615,1.2326356172561646,1.550700306892395,0.6280393600463867,-0.03412624076008797,-0.5041333436965942,-23.613561630249023,-3.824709415435791,7.302982330322266,-37.15085220336914,-40.996707916259766,-56.30201721191406,-8230.0,-6754.0,18402.0,0,0,0,0,0
44862.14,1.3162943124771118,1.2299405336380005,1.550111174583435,0.6243522763252258,0.0019879096653312445,-0.48057499527931213,-23.607711791992188,-2.5312469005584717,5.0234456062316895,15.866573333740234,-54.48929214477539,-194.38461303710938,-5048.0,-9773.0,16982.0,0,0,0,0,0
44872.047,1.32561457157135,1.2288634777069092,1.5474374294281006,0.6106918454170227,0.027372369542717934,-0.49505770206451416,-23.50582504272461,-1.7053616046905518,4.329124450683594,-81.11516571044922,-51.40938949584961,23.835552215576172,-3159.0,-10254.0,14232.0,0,0,0,0,0
44881.964,1.3379324674606323,1.2268892526626587,1.547158122062683,0.6034091711044312,0.08002425730228424,-0.428785115480423,-23.78816795349121,-1.5004090070724487,4.657100677490234,-95.43080139160156,-106.50186157226562,-220.02093505859375,-235.0,-9340.0,12520.0,0,0,0,0,0
44891.869,1.350172996520996,1.2252780199050903,1.5470609664916992,0.5989089608192444,0.09663770347833633,-0.4432244896888733,-24.606204986572266,-0.42891421914100647,4.482643127441406,-22.271530151367188,41.55527877807617,-113.17497253417969,1316.0,-10482.0,11254.0,0,0,0,0,0
44901.769,1.3629149198532104,1.2240409851074219,1.5465917587280273,0.5884395837783813,0.1211356371641159,-0.44945818185806274,-24.924238204956055,-0.6674849987030029,4.763480186462402,1.298275351524353,-31.33525276184082,71.81932830810547,-232.0,-4843.0,10445.0,0,0,0,0,0
44911.688,1.3750180006027222,1.223000407218933,1.5461448431015015,0.5813650488853455,0.1260615438222885,-0.49256041646003723,-24.764625549316406,-1.047340989112854,4.515869140625,45.07509994506836,-87.48101043701172,228.6230926513672,-2373.0,-1683.0,10580.0,0,0,0,0,0
44921.594,1.383974313735962,1.2233861684799194,1.543407678604126,0.5664042830467224,0.1591871827840805,-0.4872894883155823,-24.40137481689453,-1.279427409172058,6.667938709259033,82.36161804199219,-73.53337860107422,41.0767822265625,-4951.0,-1878.0,12792.0,0,0,0,0,0
44931.492,1.3960689306259155,1.223139762878418,1.5425751209259033,0.5614644289016724,0.17868131399154663,-0.5002182722091675,-23.506059646606445,-0.6252745389938354,6.654493808746338,30.699127197265625,-32.97026062011719,115.47518920898438,-6129.0,-4215.0,14171.0,0,0,0,0,0
44941.4,1.408061146736145,1.2232745885849,1.5417495965957642,0.5551929473876953,0.22002339363098145,-0.4606126546859741,-23.24467658996582,0.7553778886795044,4.422108173370361,12.140254020690918,-99.28108215332031,-167.32496643066406,-6111.0,-7713.0,13079.0,0,0,0,0,0
44951.307,1.4199999570846558,1.2238215208053589,1.5409895181655884,0.5517974495887756,0.23508313298225403,-0.48261135816574097,-22.602008819580078,1.950093388557434,3.1074724197387695,-127.35334014892578,-53.36896514892578,165.3538055419922,-4156.0,-10386.0,10186.0,0,0,0,0,0
44961.223,1.4285969734191895,1.2254599332809448,1.538569688796997,0.5322263240814209,0.28415390849113464,-0.427399605512619,-23.477867126464844,2.2850677967071533,3.974294424057007,-36.313053131103516,-88.323486328125,-270.140625,-288.0,-8322.0,8582.0,0,0,0,0,0
44971.119,1.4432927370071411,1.2255525588989258,1.5403591394424438,0.5359641313552856,0.303174763917923,-0.4201415479183197,-23.763288497924805,3.294301748275757,2.5639634132385254,-149.61904907226562,-1.9230687618255615,-236.24359130859375,1031.0,-8150.0,6468.0,0,0,0,0,0
44981.026,1.4517368078231812,1.2276898622512817,1.5379582643508911,0.5228860974311829,0.3124377429485321,-0.45958516001701355,-24.799612045288086,3.8471388816833496,1.9276376962661743,56.20825958251953,18.188343048095703,110.16668701171875,2037.0,-4822.0,4095.0,0,0,0,0,0
44990.933,1.4632649421691895,1.2291600704193115,1.5371227264404297,0.5146886706352234,0.33343705534935,-0.4651790261268616,-24.83565330505371,2.9761571884155273,2.3908021450042725,-11.210704803466797,-25.214689254760742,176.90493774414062,-1858.0,1508.0,3562.0,0,0,0,0,0
45000.85,1.474711298942566,1.2308437824249268,1.5361363887786865,0.5106541514396667,0.3410172164440155,-0.49973225593566895,-24.441280364990234,2.3878064155578613,3.3554413318634033,57.59751892089844,-95.00080108642578,113.14654541015625,-3705.0,3679.0,4990.0,0,0,0,0,0
45010.747,1.4861435890197754,1.2329822778701782,1.5349000692367554,0.5037326216697693,0.3758322298526764,-0.4732959568500519,-24.11641502380371,2.5695393085479736,4.062918663024902,-45.0680046081543,-55.90911865234375,237.193115234375,-4365.0,1033.0,6662.0,0,0,0,0,0
45020.663,1.4943104982376099,1.2362885475158691,1.5322415828704834,0.48623397946357727,0.4209396541118622,-0.434527188539505,-24.14461326599121,3.6418652534484863,3.094033718109131,48.42380142211914,-92.51155853271484,17.617788314819336,-3600.0,-2478.0,7472.0,0,0,0,0,0
45030.562,1.5055696964263916,1.2393550872802734,1.5312830209732056,0.484601765871048,0.43368369340896606,-0.45939603447914124,-23.677963256835938,4.499960422515869,2.4625935554504395,-111.34883117675781,-93.97090911865234,35.6051139831543,-4135.0,-5040.0,7434.0,0,0,0,0,0
45040.479,1.5166800022125244,1.2426973581314087,1.5302910804748535,0.4752632975578308,0.4713519513607025,-0.42252254486083984,-23.961483001708984,4.882526397705078,3.301729440689087,-61.04737854003906,-81.37112426757812,-362.5676574707031,-1215.0,-4419.0,7701.0,0,0,0,0,0
45050.376,1.5276319980621338,1.2463301420211792,1.5294063091278076,0.4709145128726959,0.4925015866756439,-0.4255259335041046,-24.431798934936523,6.219976425170898,1.643925428390503,-87.24988555908203,-41.65658187866211,-322.2568359375,318.0,-5183.0,6127.0,0,0,0,0,0
45060.283,1.5384440422058105,1.250051498413086,1.528572678565979,0.4661937952041626,0.5139434933662415,-0.4285438358783722,-24.75333595275879,7.248701095581055,-0.22143594920635223,-58.7650260925293,-27.07867431640625,229.8416290283203,1528.0,-4647.0,2693.0,0,0,0,0,0
45070.19,1.5492238998413086,1.253994345664978,1.527322769165039,0.4657323360443115,0.5119763016700745,-0.479331910610199,-25.564796447753906,6.935445785522461,-0.02961188368499279,176.35498046875,-28.806106567382812,119.50707244873047,-270.0,-117.0,846.0,0,0,0,0,0
45080.107,1.5569475889205933,1.2587177753448486,1.5241278409957886,0.45015937089920044,0.5374404788017273,-0.4887848198413849,-24.655899047851562,6.582210063934326,0.9674355983734131,15.495614051818848,-21.560081481933594,18.541133880615234,-6157.0,4322.0,746.0,0,0,0,0,0
45090.004,1.5676836967468262,1.2632428407669067,1.5221853256225586,0.44702598452568054,0.5513883233070374,-0.5113345980644226,-23.844478607177734,6.546588897705078,0.5037941932678223,-41.014957427978516,-74.55946350097656,10.470815658569336,-5349.0,4742.0,793.0,0,0,0,0,0
45099.912,1.5783374309539795,1.2683515548706055,1.5204657316207886,0.43275612592697144,0.6101934909820557,-0.43051424622535706,-24.321718215942383,7.07729434967041,0.11576684564352036,49.314178466796875,-102.77853393554688,51.23040008544922,-3524.0,2320.0,766.0,0,0,0,0,0
45109.825,1.588851809501648,1.2737609148025513,1.518958330154419,0.4346696138381958,0.6150611042976379,-0.47096318006515503,-23.802356719970703,7.340324401855469,0.349252313375473,-48.61089324951172,-95.20609283447266,304.40582275390625,-4274.0,628.0,1086.0,0,0,0,0,0
45119.735,1.5961915254592896,1.2797579765319824,1.5159797668457031,0.414143443107605,0.657020628452301,-0.431962251663208,-23.88549041748047,7.958420753479004,1.1415096521377563,-25.718299865722656,-87.9705581665039,-241.328369140625,-2915.0,-163.0,2352.0,0,0,0,0,0
45129.633,1.6064133644104004,1.2857885360717773,1.5145444869995117,0.4120590388774872,0.6729714274406433,-0.44425156712532043,-24.001544952392578,9.022660255432129,0.23130759596824646,-91.99493408203125,-41.74362564086914,-398.1954345703125,-1589.0,-1308.0,2285.0,0,0,0,0,0
45139.54,1.616461992263794,1.2920212745666504,1.5129181146621704,0.40872254967689514,0.6896597146987915,-0.45583173632621765,-24.337196350097656,9.968531608581543,-1.2329541444778442,14.151694297790527,-35.72841262817383,165.86073303222656,14.0,-598.0,-70.0,0,0,0,0,0
45149.447,1.6263316869735718,1.298265814781189,1.5113029479980469,0.40526431798934937,0.7046054005622864,-0.46990692615509033,-24.51327896118164,10.327645301818848,-2.127760648727417,93.06475830078125,-67.30097961425781,140.69778442382812,-2020.0,1305.0,-2179.0,0,0,0,0,0
45159.364,1.6361559629440308,1.3046884536743164,1.5089993476867676,0.41333451867103577,0.6907818913459778,-0.5503479838371277,-23.92704963684082,10.365431785583496,-1.6652597188949585,148.34979248046875,-60.902400970458984,-80.03640747070312,-6598.0,3611.0,-2525.0,0,0,0,0,0
45169.262,1.6430455446243286,1.3116817474365234,1.5052767992019653,0.38348954916000366,0.7468004822731018,-0.479089617729187,-22.686338424682617,10.036813735961914,-0.36559414863586426,-65.9002914428711,-33.07975769042969,265.236328125,-7711.0,6327.0,-2222.0,0,0,0,0,0
45179.168,1.6525484323501587,1.3190468549728394,1.5034552812576294,0.37148281931877136,0.7812830209732056,-0.44415637850761414,-22.859460830688477,10.616677284240723,-1.525813341140747,101.79302215576172,-66.19467163085938,-101.31466674804688,-4487.0,5620.0,-2070.0,0,0,0,0,0
45189.088,1.661939024925232,1.326887845993042,1.501625418663025,0.366975873708725,0.8013253211975098,-0.44661521911621094,-22.17889976501465,11.170104026794434,-2.3389315605163574,-83.9096450805664,-108.35462951660156,281.7559814453125,-4525.0,3803.0,-2927.0,0,0,0,0,0
45198.993,1.6710946559906006,1.335115671157837,1.4998760223388672,0.35284239053726196,0.8397148847579956,-0.40132665634155273,-22.600858688354492,11.215967178344727,-1.2747840881347656,27.398616790771484,-102.78877258300781,78.8741455078125,-1659.0,3419.0,-2574.0,0,0,0,0,0
45208.895,1.6800388097763062,1.3434146642684937,1.49834144115448,0.35267141461372375,0.8488588929176331,-0.4239017069339752,-22.66314125061035,12.342215538024902,-2.1319921016693115,-84.742919921875,-82.71167755126953,-180.44735717773438,-1395.0,1842.0,-2592.0,0,0,0,0,0
45218.797,1.6861788034439087,1.3518890142440796,1.4953068494796753,0.3392201364040375,0.8630445003509521,-0.4416584074497223,-22.731435775756836,13.204195976257324,-3.057469367980957,96.04595947265625,-89.63036346435547,-29.329763412475586,-542.0,1605.0,-3895.0,0,0,0,0,0
45228.705,1.6948306560516357,1.360476016998291,1.4931162595748901,0.3452298939228058,0.8555724024772644,-0.5032802820205688,-22.69150733947754,13.324771881103516,-2.585843086242676,140.8299560546875,-43.71220779418945,264.81890869140625,-4973.0,3552.0,-4748.0,0,0,0,0,0
45238.622,1.703347086906433,1.3692054748535156,1.4903942346572876,0.3393508195877075,0.8720957636833191,-0.5152289867401123,-21.06945037841797,13.475713729858398,-2.3456153869628906,-69.40785217285156,-71.42583465576172,93.45618438720703,-6806.0,5691.0,-4435.0,0,0,0,0,0
45248.519,1.711524248123169,1.3784586191177368,1.4882326126098633,0.3051004707813263,0.9337998032569885,-0.40631237626075745,-21.484222412109375,13.817943572998047,-2.30525803565979,182.72035217285156,-81.10031127929688,-310.2585144042969,-5095.0,5769.0,-3670.0,0,0,0,0,0
45258.426,1.7193082571029663,1.3879203796386719,1.486666202545166,0.29987868666648865,0.9470775723457336,-0.41950589418411255,-19.900787353515625,14.428614616394043,-2.899416208267212,-105.7364273071289,-34.2364387512207,253.1680908203125,-6788.0,5031.0,-3880.0,0,0,0,0,0
45268.333,1.7245174646377563,1.3975189924240112,1.4838979244232178,0.2717039883136749,0.9758117198944092,-0.38532015681266785,-20.222055435180664,14.224892616271973,-1.9123256206512451,45.338802337646484,-95.70126342773438,-174.31468200683594,-2485.0,6616.0,-2845.0,0,0,0,0,0
45278.259,1.731858491897583,1.4076550006866455,1.482638955116272,0.25588569045066833,1.0013211965560913,-0.357374370098114,-20.394309997558594,14.864836692810059,-2.0631425380706787,-5.886274337768555,-101.5667953491211,49.20480728149414,-1566.0,4696.0,-2269.0,0,0,0,0,0
45288.147,1.7392122745513916,1.4190253019332886,1.4806957244873047,0.25773754715919495,0.9970663189888,-0.4118802845478058,-20.349382400512695,15.563949584960938,-1.990821361541748,181.0068817138672,-82.1060562133789,271.763427734375,-2127.0,2382.0,-2012.0,0,0,0,0,0
45298.057,1.7460570335388184,1.4292179346084595,1.4790282249450684,0.24920785427093506,1.0082781314849854,-0.42148733139038086,-19.554702758789062,15.990049362182617,-1.7369736433029175,149.05233764648438,-74.6528549194336,118.06377410888672,-6691.0,1728.0,-1300.0,0,0,0,0,0
45307.966,1.7526813745498657,1.4394394159317017,1.4767282009124756,0.2593737542629242,0.9960883259773254,-0.49827396869659424,-17.990280151367188,16.804977416992188,-1.9709997177124023,-37.044456481933594,-76.07687377929688,-273.3290710449219,-7941.0,863.0,-699.0,0,0,0,0,0
45317.88,1.7569622993469238,1.4497694969177246,1.4736024141311646,0.19938050210475922,1.0514225959777832,-0.3743431270122528,-17.730321884155273,17.77042579650879,-2.5759222507476807,88.48560333251953,-81.29020690917969,-284.666015625,-4800.0,-352.0,-1437.0,0,0,0,0,0
45327.779,1.7626856565475464,1.4605885744094849,1.4721457958221436,0.1887517273426056,1.0588239431381226,-0.38493266701698303,-17.09610366821289,18.63055992126465,-3.1295011043548584,115.56793212890625,-75.09986877441406,97.25586700439453,-5653.0,-977.0,-3140.0,0,0,0,0,0
45337.686,1.767997145652771,1.4716883897781372,1.4709454774856567,0.14910121262073517,1.0933486223220825,-0.31126466393470764,-16.012826919555664,19.18986701965332,-3.1046652793884277,-41.81843566894531,-61.32880783081055,167.59368896484375,-6083.0,-352.0,-4178.0,0,0,0,0,0
45347.593,1.7728372812271118,1.4826949834823608,1.470258355140686,0.12933990359306335,1.103232979774475,-0.3004068434238434,-16.35830307006836,19.55531120300293,-2.468838930130005,-5.2598347663879395,-102.68588256835938,60.10567092895508,-2250.0,886.0,-4013.0,0,0,0,0,0
45357.51,1.777368426322937,1.4944144487380981,1.4694030284881592,0.11026524007320404,1.11387038230896,-0.29545995593070984,-16.890228271484375,19.993560791015625,-2.100238800048828,137.41769409179688,-89.8754653930664,87.63107299804688,-1336.0,590.0,-3511.0,0,0,0,0,0
45367.405,1.7817306518554688,1.5059654712677002,1.4683418273925781,0.10851054638624191,1.1103070974349976,-0.33769187331199646,-16.102375030517578,20.71117401123047,-2.1396095752716064,274.6642761230469,-61.13166046142578,107.4738540649414,-6744.0,-933.0,-2853.0,0,0,0,0,0
45377.321,1.7844027280807495,1.5172210931777954,1.4656627178192139,0.110626719892025,1.101144790649414,-0.4097880721092224,-13.928095817565918,21.34172821044922,-1.615454912185669,-106.9692611694336,-76.79415893554688,-96.71855163574219,-11484.0,-1504.0,-1799.0,0,0,0,0,0
45387.219,1.7882033586502075,1.5289756059646606,1.4641650915145874,0.049576614052057266,1.133771300315857,-0.3071601390838623,-13.551247596740723,22.02434539794922,-1.6087952852249146,94.41336059570312,-102.84362030029297,-128.4080047607422,-5822.0,-1713.0,-664.0,0,0,0,0,0
45397.136,1.7914022207260132,1.540786862373352,1.4629249572753906,0.04297206178307533,1.1274166107177734,-0.3437232971191406,-13.773417472839355,22.456432342529297,-0.8700582385063171,48.249481201171875,-84.90503692626953,96.90823364257812,-5196.0,-2029.0,-52.0,0,0,0,0,0
45407.033,1.7940552234649658,1.5522211790084839,1.4620599746704102,-0.011924123391509056,1.1506571769714355,-0.2671838700771332,-12.186685562133789,23.584774017333984,-2.2330806255340576,-53.483272552490234,-64.73832702636719,-76.94332122802734,-4168.0,-3736.0,-418.0,0,0,0,0,0
45416.949,1.7949596643447876,1.5636874437332153,1.460456132888794,-0.038894325494766235,1.149932861328125,-0.2725091278553009,-12.697181701660156,24.266582489013672,-2.500892162322998,46.43246841430664,-110.92997741699219,-204.41346740722656,-2717.0,-3743.0,-1620.0,0,0,0,0,0
45426.848,1.796621322631836,1.5754492282867432,1.4600125551223755,-0.0739046186208725,1.159008264541626,-0.2470310628414154,-11.971224784851074,25.00611114501953,-2.816819429397583,104.32379913330078,-65.30363464355469,149.7639923095703,-4082.0,-4317.0,-3087.0,0,0,0,0,0
45436.766,1.797980546951294,1.5873494148254395,1.4592238664627075,-0.06642240285873413,1.1441209316253662,-0.3148835599422455,-11.731809616088867,25.51499366760254,-1.9420608282089233,248.90428161621094,-55.54430389404297,0.9469813108444214,-7929.0,-4163.0,-3485.0,0,0,0,0,0
45446.662,1.7991830110549927,1.5994740724563599,1.457883358001709,-0.09048444032669067,1.148343801498413,-0.3175046145915985,-9.16225528717041,26.42770004272461,-2.9098808765411377,-68.9421615600586,-50.520931243896484,32.96257019042969,-10815.0,-4760.0,-4241.0,0,0,0,0,0
45456.574,1.7997483015060425,1.6113895177841187,1.4570808410644531,-0.16090767085552216,1.1634575128555298,-0.22965815663337708,-9.230276107788086,26.921306610107422,-2.759026050567627,211.4766845703125,-69.79180908203125,-83.72462463378906,-7321.0,-3939.0,-4675.0,0,0,0,0,0
45466.484,1.799734354019165,1.6234534978866577,1.4564238786697388,-0.1675507128238678,1.1546595096588135,-0.2702096700668335,-8.168294906616211,27.292648315429688,-2.4670212268829346,-101.966552734375,-48.387413024902344,253.86924743652344,-8602.0,-3173.0,-4985.0,0,0,0,0,0
45476.392,1.7985420227050781,1.6351182460784912,1.4547617435455322,-0.21071948111057281,1.153613567352295,-0.2492247223854065,-7.836343765258789,27.76885223388672,-2.4484987258911133,-54.275245666503906,-58.69730758666992,-41.789859771728516,-2791.0,-3004.0,-4682.0,0,0,0,0,0
45486.303,1.797500729560852,1.6469777822494507,1.454155683517456,-0.2455216497182846,1.1502728462219238,-0.237995907664299,-8.988133430480957,28.22360610961914,-2.5624756813049316,-56.35570526123047,-82.38513946533203,-70.99095916748047,616.0,-3562.0,-4665.0,0,0,0,0,0
45496.199,1.7959551811218262,1.6588263511657715,1.4535003900527954,-0.27233725786209106,1.1464203596115112,-0.2421700656414032,-9.182242393493652,28.782026290893555,-2.8206639289855957,89.76245880126953,-81.04901885986328,-41.21485900878906,740.0,-5094.0,-4738.0,0,0,0,0,0
45506.111,1.7943094968795776,1.6702486276626587,1.452394723892212,-0.2582451105117798,1.1264785528182983,-0.3192964494228363,-9.366381645202637,29.361228942871094,-2.3108856678009033,178.745849609375,-83.49807739257812,-107.15022277832031,-5048.0,-6841.0,-4224.0,0,0,0,0,0
45516.022,1.791944980621338,1.681619644165039,1.4501768350601196,-0.30238041281700134,1.1290721893310547,-0.2980988323688507,-7.489533424377441,30.148624420166016,-1.9411287307739258,-152.46310424804688,3.5604987144470215,73.69979095458984,-7431.0,-8141.0,-3259.0,0,0,0,0,0
45525.919,1.7892791032791138,1.693279504776001,1.4492219686508179,-0.37675708532333374,1.136744737625122,-0.2243257761001587,-9.113608360290527,30.24167823791504,-0.46348604559898376,153.33187866210938,-20.586442947387695,-257.7013244628906,-2228.0,-5367.0,-1083.0,0,0,0,0,0
45535.827,1.7860642671585083,1.7051819562911987,1.4483754634857178,-0.3927113711833954,1.1299482583999634,-0.2527027130126953,-8.048690795898438,30.345949172973633,-1.3721922636032104,-44.20869827270508,12.921968460083008,325.7052001953125,-4185.0,-3474.0,-740.0,0,0,0,0,0
45545.734,1.782313585281372,1.7171211242675781,1.4475643634796143,-0.4458652138710022,1.133048176765442,-0.2156098484992981,-7.406891345977783,30.32767677307129,-2.0229573249816895,52.789031982421875,17.71232032775879,71.322265625,-3223.0,-2272.0,-1016.0,0,0,0,0,0
45555.651,1.7779608964920044,1.729116678237915,1.4468986988067627,-0.47620269656181335,1.1286693811416626,-0.2166721373796463,-7.359578609466553,30.075159072875977,-2.191049337387085,-117.1533203125,-16.825244903564453,117.2943115234375,-2020.0,-1586.0,-1601.0,0,0,0,0,0
45565.548,1.7734028100967407,1.7405729293823242,1.4460655450820923,-0.4833214581012726,1.115110158920288,-0.2547995150089264,-8.314108848571777,29.90508270263672,-1.7267457246780396,75.3593521118164,-35.004852294921875,-33.02335739135742,1668.0,-3171.0,-1586.0,0,0,0,0,0
45575.454,1.768545389175415,1.7517859935760498,1.444145679473877,-0.5009207725524902,1.106473445892334,-0.27449366450309753,-8.757014274597168,30.213985443115234,-1.5355088710784912,140.82070922851562,-0.36833682656288147,-129.63897705078125,-2006.0,-6458.0,-1722.0,0,0,0,0,0
45585.363,1.763612151145935,1.763224482536316,1.4424893856048584,-0.49497801065444946,1.0961872339248657,-0.33223628997802734,-6.485818386077881,30.620508193969727,-3.0205564498901367,36.16450881958008,-16.827791213989258,77.20018005371094,-7076.0,-8523.0,-2952.0,0,0,0,0,0
45595.279,1.758021593093872,1.7748383283615112,1.4411500692367554,-0.5935705900192261,1.1091291904449463,-0.2111690640449524,-6.379446029663086,30.726322174072266,-2.0263140201568604,78.33280944824219,45.667388916015625,158.66282653808594,-6130.0,-8620.0,-3509.0,0,0,0,0,0
45605.177,1.7517290115356445,1.7865748405456543,1.4401742219924927,-0.6050072312355042,1.0994176864624023,-0.2396523356437683,-6.222098350524902,30.606840133666992,-1.6776858568191528,78.037841796875,58.534278869628906,-160.41448974609375,-5557.0,-6217.0,-3214.0,0,0,0,0,0
45615.084,1.7452245950698853,1.798013687133789,1.4393705129623413,-0.6564363837242126,1.0988729000091553,-0.19838133454322815,-4.862170696258545,30.186378479003906,-2.76035737991333,8.375530242919922,83.82110595703125,-183.02133178710938,-5419.0,-3114.0,-4056.0,0,0,0,0,0
45624.991,1.7381442785263062,1.8095637559890747,1.4388707876205444,-0.6989267468452454,1.0949735641479492,-0.16947153210639954,-4.23805570602417,29.393564224243164,-3.875645875930786,41.575416564941406,80.71981811523438,58.86492919921875,-4399.0,290.0,-5975.0,0,0,0,0,0
45634.919,1.7309433221817017,1.8207403421401978,1.437644362449646,-0.7025718092918396,1.0813525915145874,-0.20825357735157013,-4.159745693206787,28.24678611755371,-3.520319700241089,36.47491455078125,16.603452682495117,21.053743362426758,-4253.0,1052.0,-6728.0,0,0,0,0,0
45644.805,1.7233976125717163,1.8322663307189941,1.4367871284484863,-0.7089016437530518,1.0704063177108765,-0.23268862068653107,-4.585434913635254,27.997718811035156,-1.8947917222976685,127.95317077636719,5.982444763183594,14.081804275512695,-4321.0,-2879.0,-5531.0,0,0,0,0,0
45654.713,1.7158113718032837,1.8437120914459229,1.435359239578247,-0.6934994459152222,1.056578516960144,-0.29843640327453613,-4.22356653213501,27.82497215270996,-0.9944992661476135,31.292757034301758,-7.428023338317871,16.32171630859375,-6970.0,-6933.0,-3561.0,0,0,0,0,0
45664.62,1.7081071138381958,1.854716181755066,1.4340041875839233,-0.7423428297042847,1.0514256954193115,-0.2404637485742569,-2.7463252544403076,28.044057846069336,-1.8320461511611938,32.143611907958984,75.1476058959961,164.2493896484375,-5224.0,-8564.0,-2248.0,0,0,0,0,0
45674.536,1.7001079320907593,1.8653758764266968,1.4325448274612427,-0.7905917167663574,1.0424489974975586,-0.18378031253814697,-3.723921775817871,27.197307586669922,-0.7772862911224365,144.6959228515625,11.902425765991211,-332.44866943359375,-5375.0,-5833.0,-701.0,0,0,0,0,0
45684.435,1.6906030178070068,1.8773953914642334,1.431900143623352,-0.8118414282798767,1.0336195230484009,-0.17848020792007446,-1.1298586130142212,27.078447341918945,-2.4336748123168945,-82.4764633178711,132.01309204101562,35.518978118896484,-6987.0,-5725.0,-1250.0,0,0,0,0,0
45694.344,1.6815844774246216,1.8882561922073364,1.4316797256469727,-0.8447726964950562,1.021058201789856,-0.14474105834960938,-1.5948355197906494,26.210390090942383,-2.475641965866089,10.611509323120117,137.7261505126953,60.653507232666016,-3555.0,-2125.0,-2560.0,0,0,0,0,0
45704.251,1.6722854375839233,1.8991899490356445,1.4316250085830688,-0.8621631860733032,1.0093835592269897,-0.14149026572704315,-1.2485336065292358,24.76909065246582,-3.4840540885925293,49.821163177490234,92.6331558227539,167.67474365234375,-2754.0,1124.0,-4026.0,0,0,0,0,0
45714.172,1.66318941116333,1.909793496131897,1.4314250946044922,-0.8562579154968262,0.9948272109031677,-0.17655746638774872,-1.7544118165969849,23.897050857543945,-1.9805325269699097,214.11912536621094,72.74090576171875,31.08975601196289,-5833.0,351.0,-3708.0,0,0,0,0,0
45724.075,1.654128074645996,1.9204015731811523,1.4307754039764404,-0.8443036079406738,0.9844198226928711,-0.22555267810821533,-0.3079400360584259,22.97492218017578,-0.9521921277046204,-48.78376007080078,31.085430145263672,205.84255981445312,-10811.0,-1634.0,-2361.0,0,0,0,0,0
45733.975,1.64525306224823,1.9304606914520264,1.429320216178894,-0.8613757491111755,0.969006359577179,-0.19962911307811737,0.4486630856990814,22.43437957763672,-0.7398598790168762,-21.82548713684082,55.76225280761719,172.0719451904297,-5904.0,-4300.0,-332.0,0,0,0,0,0
45743.893,1.6356685161590576,1.940694808959961,1.4290838241577148,-0.892097532749176,0.9532861113548279,-0.13710439205169678,-1.0987211465835571,21.849849700927734,0.781610906124115,64.17869567871094,80.1501693725586,-209.96107482910156,-2866.0,-5460.0,2276.0,0,0,0,0,0
45753.807,1.6258416175842285,1.95073664188385,1.429019808769226,-0.891732394695282,0.9406681060791016,-0.1548168808221817,0.3203771412372589,21.250375747680664,-0.9726222157478333,-14.807506561279297,75.29605865478516,-63.20670700073242,-3926.0,-5075.0,2640.0,0,0,0,0,0
45763.701,1.61607825756073,1.9603006839752197,1.4293172359466553,-0.9245704412460327,0.9241963028907776,-0.07596883177757263,0.31072577834129333,20.507585525512695,-1.4250681400299072,-65.18323516845703,117.80652618408203,232.97740173339844,-3271.0,-4135.0,1094.0,0,0,0,0,0
45773.605,1.6064831018447876,1.9695645570755005,1.4292117357254028,-0.9228200912475586,0.90728759765625,-0.08696417510509491,0.3013572096824646,19.546775817871094,-2.3889753818511963,51.44089889526367,110.79588317871094,25.604080200195312,-1700.0,-2328.0,-644.0,0,0,0,0,0
45783.51,1.596544623374939,1.9790436029434204,1.4297653436660767,-0.9205816388130188,0.8921829462051392,-0.09444916248321533,0.00109479867387563,18.47951316833496,-1.9176384210586548,143.80001831054688,105.95360565185547,-47.76966857910156,-4881.0,-916.0,-1946.0,0,0,0,0,0
45793.422,1.5867053270339966,1.9886274337768555,1.4300109148025513,-0.905495285987854,0.8814192414283752,-0.13976117968559265,1.4458484649658203,17.30558967590332,-1.7902581691741943,52.851173400878906,115.5492935180664,89.6783218383789,-9704.0,210.0,-2628.0,0,0,0,0,0
45803.326,1.5768795013427734,1.9982072114944458,1.4302282333374023,-0.9116649627685547,0.8665366768836975,-0.10925090312957764,2.3328146934509277,16.020050048828125,-1.133622169494629,27.88399314880371,87.25780487060547,119.5136947631836,-8965.0,713.0,-1964.0,0,0,0,0,0
45813.237,1.5672168731689453,2.0072507858276367,1.430853009223938,-0.9190834760665894,0.8473719358444214,-0.05895288661122322,2.068821668624878,15.079388618469238,0.32439932227134705,-11.561466217041016,87.6054458618164,-129.56332397460938,-6484.0,-799.0,100.0,0,0,0,0,0
45823.144,1.5575312376022339,2.0159852504730225,1.431531310081482,-0.9025454521179199,0.8315281271934509,-0.09718073904514313,2.4453039169311523,14.239920616149902,-0.3053654432296753,-79.5631103515625,99.71157836914062,-86.12857818603516,-3587.0,-2158.0,1456.0,0,0,0,0,0
45833.05,1.548133373260498,2.0242881774902344,1.431594729423523,-0.9083267450332642,0.810245931148529,-0.0358802005648613,1.668506383895874,13.357422828674316,-0.10586428642272949,-120.82852935791016,130.017333984375,-0.8063352704048157,-385.0,-1859.0,1759.0,0,0,0,0,0
45842.958,1.5383644104003906,2.032559394836426,1.432648777961731,-0.8972678780555725,0.7928550243377686,-0.05063650384545326,1.0153361558914185,12.138402938842773,-1.193084955215454,39.47993469238281,56.678897857666016,-84.28666687011719,1627.0,-482.0,995.0,0,0,0,0,0
45852.856,1.5286784172058105,2.0407538414001465,1.4336870908737183,-0.8885435461997986,0.7771809101104736,-0.038714271038770676,0.6638352274894714,11.429369926452637,-1.6275683641433716,56.96410369873047,140.5158233642578,88.3193359375,-2170.0,-1651.0,-673.0,0,0,0,0,0
45862.763,1.519508957862854,2.0486562252044678,1.4343180656433105,-0.8626591563224792,0.7649652361869812,-0.11246544867753983,1.5412230491638184,10.383383750915527,-1.9794667959213257,36.63146209716797,145.12893676757812,-30.880258560180664,-5506.0,-59.0,-2103.0,0,0,0,0,0
45872.682,1.5107052326202393,2.0563600063323975,1.4341015815734863,-0.8571897149085999,0.7480929493904114,-0.06300058215856552,1.759413242340088,8.878118515014648,-1.4366387128829956,-63.896427154541016,136.2324676513672,91.31311798095703,-5636.0,3303.0,-2591.0,0,0,0,0,0
45882.58,1.5017675161361694,2.064211368560791,1.4351794719696045,-0.8499942421913147,0.7317125201225281,-0.004683124367147684,1.5036042928695679,7.363310813903809,-0.5128931999206543,47.209041595458984,144.73529052734375,-37.14799499511719,-3814.0,5712.0,-1451.0,0,0,0,0,0
45892.489,1.4923001527786255,2.0715787410736084,1.4362881183624268,-0.8308526873588562,0.7182909250259399,-0.053909044712781906,1.679643154144287,5.764440059661865,0.4003910422325134,-64.42913055419922,131.1599884033203,123.65164947509766,-4753.0,7041.0,361.0,0,0,0,0,0
45902.392,1.4837263822555542,2.0789949893951416,1.4366201162338257,-0.8155912160873413,0.7022280097007751,-0.011105799116194248,1.8579641580581665,4.2685866355896,0.5362721085548401,-100.94695281982422,128.94764709472656,83.6077880859375,-2362.0,7161.0,2278.0,0,0,0,0,0
45912.308,1.4757771492004395,2.0858185291290283,1.4383618831634521,-0.7922589778900146,0.6854954957962036,-0.0409582145512104,0.8888124823570251,2.8208203315734863,0.7948271632194519,-130.3927764892578,107.41764068603516,3.4100520610809326,1576.0,6665.0,3939.0,0,0,0,0,0
45922.206,1.467679500579834,2.0926191806793213,1.4392136335372925,-0.7691097855567932,0.6703688502311707,-0.0548943355679512,-0.35512465238571167,1.659973382949829,0.8205529451370239,-79.18724060058594,144.82162475585938,-150.158935546875,4513.0,5398.0,4815.0,0,0,0,0,0
45932.12,1.4597783088684082,2.0993101596832275,1.4397250413894653,-0.7457044124603271,0.6565486192703247,-0.08700490742921829,-1.4822320938110352,0.5142404437065125,-0.38002151250839233,132.22137451171875,126.51026153564453,-163.95411682128906,2874.0,5682.0,3751.0,0,0,0,0,0
45942.02,1.4522852897644043,2.105891704559326,1.4391841888427734,-0.7220260500907898,0.6463896036148071,-0.1389913260936737,-0.9317981600761414,-0.811396598815918,-1.7535169124603271,0.004090538248419762,138.19114685058594,-18.69294548034668,-3588.0,6239.0,1160.0,0,0,0,0,0
45951.937,1.4448692798614502,2.1125826835632324,1.4390190839767456,-0.6951203942298889,0.6372778415679932,-0.12182917445898056,-0.23465301096439362,-1.9224642515182495,-1.4694650173187256,-46.36615753173828,117.28340911865234,-25.953514099121094,-3890.0,7046.0,-791.0,0,0,0,0,0
45961.84,1.4380489587783813,2.1190264225006104,1.439347505569458,-0.6636479496955872,0.6263806819915771,-0.052770864218473434,-0.7105938196182251,-3.2972633838653564,-1.1822394132614136,59.76308059692383,158.96942138671875,32.677757263183594,-2452.0,8491.0,-1528.0,0,0,0,0,0
45971.751,1.4316067695617676,2.1255016326904297,1.439868688583374,-0.6366742849349976,0.6175318360328674,-0.06889801472425461,-0.16216161847114563,-4.866251468658447,-0.2531631588935852,-22.8956241607666,191.57443237304688,416.2559814453125,-3365.0,11523.0,-987.0,0,0,0,0,0
45981.659,1.4254295825958252,2.131685256958008,1.4398047924041748,-0.6065870523452759,0.6074271202087402,-0.06076968461275101,0.01729731075465679,-6.804781436920166,0.9496414661407471,13.777265548706055,124.7110595703125,-131.14065551757812,-2628.0,14498.0,1280.0,0,0,0,0,0
45991.566,1.4196293354034424,2.1378626823425293,1.4402379989624023,-0.5758192539215088,0.5965818762779236,-0.06786492466926575,-0.12907248735427856,-8.1770601272583,0.21002469956874847,-72.31294250488281,161.4137420654297,6.0041303634643555,-1836.0,13786.0,2346.0,0,0,0,0,0
46001.473,1.414093017578125,2.14383864402771,1.4403671026229858,-0.5510149598121643,0.5852743983268738,-0.1171136274933815,-0.5120906233787537,-9.593464851379395,0.22903084754943848,-79.7283706665039,44.31239318847656,106.6807632446289,1174.0,12726.0,2894.0,0,0,0,0,0
46011.369,1.4089019298553467,2.149508476257324,1.4396731853485107,-0.5169206261634827,0.5745999217033386,-0.12811008095741272,-1.4136855602264404,-10.302163124084473,1.031958818435669,23.403377532958984,117.3587875366211,-160.68359375,2815.0,9383.0,3767.0,0,0,0,0,0
46021.277,1.404219388961792,2.1550023555755615,1.4393130540847778,-0.4964553713798523,0.5626014471054077,-0.20194847881793976,-2.003568649291992,-11.1358642578125,-0.549263596534729,85.88258361816406,56.77882385253906,-202.61038208007812,181.0,9399.0,2598.0,0,0,0,0,0
46031.194,1.3995441198349,2.1605143547058105,1.4376914501190186,-0.4644452631473541,0.5545111894607544,-0.21487675607204437,-1.73679518699646,-12.105026245117188,-2.444002151489258,23.94400978088379,87.49667358398438,-98.843505859375,-4023.0,9754.0,-506.0,0,0,0,0,0
46041.097,1.3953975439071655,2.16607403755188,1.4364330768585205,-0.42347419261932373,0.5471163988113403,-0.1964639127254486,-0.8711882829666138,-12.847005844116211,-2.2723989486694336,-52.589256286621094,86.37098693847656,36.65504837036133,-3298.0,10059.0,-3158.0,0,0,0,0,0
46050.999,1.3918023109436035,2.171555995941162,1.4354932308197021,-0.37475448846817017,0.5383492708206177,-0.1470494419336319,-1.3972604274749756,-13.727433204650879,-1.7849229574203491,77.91361999511719,123.52677154541016,57.67920684814453,-1874.0,10801.0,-4438.0,0,0,0,0,0
46060.907,1.3889225721359253,2.176811456680298,1.43478524684906,-0.3409161865711212,0.5300854444503784,-0.15924237668514252,-0.7013453245162964,-14.713348388671875,-1.9600660800933838,-67.6075668334961,123.36685180664062,258.6401062011719,-2353.0,13053.0,-4986.0,0,0,0,0,0
46070.822,1.3857685327529907,2.182492256164551,1.4334481954574585,-0.29824164509773254,0.5200842022895813,-0.1500704437494278,-0.8503730893135071,-16.163623809814453,-0.7064583897590637,41.165767669677734,75.18269348144531,-289.35400390625,-988.0,16050.0,-3651.0,0,0,0,0,0
46080.72,1.3837510347366333,2.1874160766601562,1.4324626922607422,-0.26857811212539673,0.5105095505714417,-0.17808261513710022,-0.7925881147384644,-17.187828063964844,-1.0107125043869019,-82.84080505371094,72.2571792602539,124.30616760253906,-1019.0,16151.0,-2900.0,0,0,0,0,0
46090.63,1.3820394277572632,2.192176580429077,1.430958867073059,-0.24271215498447418,0.500156581401825,-0.21950697898864746,-1.1656196117401123,-18.02309226989746,-0.6998473405838013,-47.62168502807617,18.20112419128418,19.777223587036133,1655.0,14047.0,-1854.0,0,0,0,0,0
46100.537,1.3806582689285278,2.196793556213379,1.4289408922195435,-0.21422338485717773,0.48990195989608765,-0.25651487708091736,-1.9509800672531128,-18.125263214111328,-0.512296199798584,54.81001281738281,46.545257568359375,-114.06404876708984,1698.0,10517.0,-772.0,0,0,0,0,0
46110.456,1.3795920610427856,2.201141595840454,1.4263981580734253,-0.19749458134174347,0.48043447732925415,-0.32319629192352295,-1.771009922027588,-18.44783592224121,-0.9506045579910278,89.6135482788086,-3.7351815700531006,146.297607421875,-1319.0,10132.0,-799.0,0,0,0,0,0
46120.351,1.3789336681365967,2.2054779529571533,1.423692226409912,-0.15039697289466858,0.4730547368526459,-0.29725781083106995,-1.4195493459701538,-18.73622703552246,-1.7195097208023071,-56.632774353027344,-30.609275817871094,-33.654022216796875,-4453.0,9800.0,-1332.0,0,0,0,0,0
46130.257,1.3782614469528198,2.2099456787109375,1.4211881160736084,-0.09390566498041153,0.46578413248062134,-0.23951856791973114,-0.8955444693565369,-18.655643463134766,-1.701379656791687,50.2302131652832,-8.858283042907715,-83.30073547363281,-2519.0,8686.0,-1919.0,0,0,0,0,0
46140.166,1.378746509552002,2.2141518592834473,1.4191248416900635,-0.058809492737054825,0.4565145969390869,-0.2445107400417328,-0.9389938712120056,-18.79497528076172,-1.4300109148025513,20.65709114074707,18.136598587036133,-18.575252532958984,-3308.0,8624.0,-2507.0,0,0,0,0,0
46150.088,1.3797253370285034,2.218268394470215,1.4169455766677856,-0.011793147772550583,0.44757506251335144,-0.21217602491378784,-0.3880661129951477,-18.835084915161133,-2.3069205284118652,31.194578170776367,7.861825942993164,45.23542022705078,-2832.0,9705.0,-3519.0,0,0,0,0,0
46159.985,1.3812083005905151,2.222069025039673,1.4147601127624512,0.015364804305136204,0.4367726445198059,-0.23486897349357605,-0.47514358162879944,-19.124868392944336,-2.189479351043701,-4.340991973876953,-42.72789764404297,46.40703582763672,-2524.0,10476.0,-4422.0,0,0,0,0,0
46169.891,1.3830466270446777,2.2256641387939453,1.412347674369812,0.04414090886712074,0.42612865567207336,-0.2535761892795563,-0.3177535831928253,-18.864761352539062,-2.61953067779541,-60.7166633605957,-41.88587951660156,-188.3645477294922,-907.0,8182.0,-5012.0,0,0,0,0,0
46179.792,1.3843770027160645,2.2294600009918213,1.4095735549926758,0.06347264349460602,0.4155643582344055,-0.2916611433029175,-0.9700237512588501,-18.28688621520996,-2.6445116996765137,117.11296081542969,-67.43020629882812,-91.62086486816406,-152.0,5807.0,-5354.0,0,0,0,0,0
46189.715,1.3867298364639282,2.232801914215088,1.4061716794967651,0.0809488371014595,0.40715518593788147,-0.33778220415115356,0.04489854350686073,-17.77014923095703,-1.5538362264633179,60.806522369384766,-31.576021194458008,426.38262939453125,-4006.0,4991.0,-5109.0,0,0,0,0,0
46199.606,1.389444351196289,2.236017942428589,1.4026488065719604,0.1211380660533905,0.3961401879787445,-0.30409005284309387,0.9173712134361267,-17.438663482666016,-1.2527958154678345,-5.159422874450684,-107.10787963867188,-84.86499786376953,-5303.0,5463.0,-3547.0,0,0,0,0,0
46209.513,1.392775535583496,2.239093065261841,1.3998939990997314,0.1840912252664566,0.3811210095882416,-0.18973100185394287,1.0895469188690186,-16.660358428955078,-1.3262149095535278,61.75143051147461,-107.58489990234375,-175.00527954101562,-4333.0,3933.0,-1924.0,0,0,0,0,0
46219.42,1.3965660333633423,2.2419049739837646,1.3975372314453125,0.20124664902687073,0.3704204857349396,-0.22469352185726166,1.8578777313232422,-15.841364860534668,-0.38530686497688293,7.8897223472595215,-72.21182250976562,-38.47675704956055,-5266.0,2357.0,-625.0,0,0,0,0,0
46229.336,1.399755835533142,2.245014190673828,1.3954548835754395,0.24011249840259552,0.35577234625816345,-0.16040833294391632,2.091092586517334,-15.081121444702148,-1.6194573640823364,0.8282840251922607,-60.9401741027832,0.416921466588974,-4437.0,2804.0,-933.0,0,0,0,0,0
46239.234,1.4042235612869263,2.247488021850586,1.393293857574463,0.2539850175380707,0.34278538823127747,-0.19167719781398773,1.777236819267273,-14.60704517364502,-3.016706705093384,25.304960250854492,-122.16665649414062,-24.450435638427734,-3575.0,3937.0,-2594.0,0,0,0,0,0
46249.142,1.4089722633361816,2.2498152256011963,1.3909739255905151,0.279046893119812,0.3286649286746979,-0.1775299310684204,2.3474974632263184,-13.654545783996582,-2.3731212615966797,50.862548828125,-84.40422821044922,76.92559051513672,-4219.0,2718.0,-3568.0,0,0,0,0,0
46259.053,1.4138027429580688,2.2519850730895996,1.387913703918457,0.2693636417388916,0.32233861088752747,-0.30435043573379517,2.9749391078948975,-12.836254119873047,-1.708961844444275,66.9659423828125,-109.94303894042969,85.65968322753906,-5913.0,2524.0,-3458.0,0,0,0,0,0
46268.965,1.4187095165252686,2.25384259223938,1.384559154510498,0.29477348923683167,0.30419921875,-0.26179376244544983,3.7159006595611572,-12.07438850402832,-1.939341425895691,-71.91641998291016,-64.35929107666016,401.74273681640625,-4573.0,2266.0,-3491.0,0,0,0,0,0
46278.863,1.4239635467529297,2.2553861141204834,1.3822211027145386,0.3385984003543854,0.278237521648407,-0.11399876326322556,2.962205648422241,-11.276599884033203,-1.47344172000885,97.22101593017578,-135.38040161132812,-295.4316711425781,-3358.0,2373.0,-2372.0,0,0,0,0,0
46288.77,1.428421974182129,2.2574238777160645,1.3806872367858887,0.3441677689552307,0.2683238983154297,-0.1424320489168167,3.963836431503296,-10.181636810302734,-1.5527995824813843,-115.95425415039062,-111.56946563720703,-61.450103759765625,-5018.0,676.0,-1612.0,0,0,0,0,0
46298.677,1.4340835809707642,2.258582592010498,1.3790017366409302,0.36746108531951904,0.24614757299423218,-0.06626223027706146,3.71372127532959,-9.087198257446289,-0.6997236013412476,6.066250324249268,-107.93160247802734,-72.19759368896484,-2670.0,-785.0,-792.0,0,0,0,0,0
46308.605,1.4397642612457275,2.2595198154449463,1.3777521848678589,0.376909077167511,0.22953276336193085,-0.06020764261484146,3.424309492111206,-7.992244720458984,-1.931462287902832,44.64422607421875,-117.89169311523438,41.8106803894043,-2177.0,-1070.0,-1259.0,0,0,0,0,0
46318.492,1.44547438621521,2.2603936195373535,1.3761627674102783,0.375762403011322,0.21828928589820862,-0.12236470729112625,3.3286712169647217,-6.955563545227051,-2.4555575847625732,198.14599609375,-124.60330200195312,-76.7481918334961,-6330.0,-1009.0,-2322.0,0,0,0,0,0
46328.398,1.4502050876617432,2.261873960494995,1.3745464086532593,0.3733971118927002,0.21222543716430664,-0.1645495593547821,5.407375335693359,-5.835825443267822,-2.3426883220672607,-162.24734497070312,-98.07098388671875,4.356595039367676,-10969.0,-780.0,-3248.0,0,0,0,0,0
46338.309,1.4558686017990112,2.2625601291656494,1.3722039461135864,0.37623655796051025,0.1928509771823883,-0.14801672101020813,5.425508975982666,-4.985136985778809,-2.2068800926208496,-49.35908126831055,-71.90797424316406,38.0900993347168,-3773.0,172.0,-3763.0,0,0,0,0,0
46348.223,1.4615260362625122,2.262842893600464,1.3703036308288574,0.3803633451461792,0.16915012896060944,-0.08377353847026825,3.9933910369873047,-4.241774559020996,-2.6044225692749023,92.98799133300781,-74.33686828613281,194.44943237304688,-1162.0,1134.0,-4530.0,0,0,0,0,0
46358.12,1.467085361480713,2.2628965377807617,1.3689113855361938,0.37960171699523926,0.15316098928451538,-0.0697074607014656,4.635155200958252,-3.435227632522583,-2.5329267978668213,-186.75531005859375,-92.7557144165039,27.402029037475586,-3162.0,1103.0,-4510.0,0,0,0,0,0
46368.027,1.4724721908569336,2.262678623199463,1.3677724599838257,0.378894567489624,0.13211750984191895,-0.014820432290434837,3.7911014556884766,-2.4361572265625,-1.5239323377609253,-82.53932189941406,-94.35741424560547,-339.5399169921875,831.0,119.0,-3131.0,0,0,0,0,0
46377.935,1.4777939319610596,2.2624399662017822,1.367151141166687,0.375223308801651,0.11503682285547256,0.02906239964067936,2.5631401538848877,-1.5930534601211548,-1.5871676206588745,102.67323303222656,-94.9647445678711,-115.88361358642578,444.0,-402.0,-2738.0,0,0,0,0,0
46387.865,1.4822677373886108,2.262899875640869,1.3667975664138794,0.36674764752388,0.1102161779999733,-0.029244886711239815,3.1282577514648438,-0.7044253945350647,-3.0255680084228516,122.74584197998047,-96.11629486083984,172.14810180664062,-5610.0,-1054.0,-3663.0,0,0,0,0,0
46397.749,1.4873954057693481,2.2627649307250977,1.3653899431228638,0.36044326424598694,0.10410641133785248,-0.0875220000743866,4.3486647605896,0.44122347235679626,-2.109259843826294,-60.48100662231445,-115.98152923583984,-261.2071228027344,-9646.0,-1567.0,-3248.0,0,0,0,0,0
46407.666,1.4923489093780518,2.262545585632324,1.3642308712005615,0.34850311279296875,0.0834081694483757,0.00683091813698411,4.7430853843688965,1.234769344329834,-1.5385143756866455,-54.67927551269531,-45.62873458862305,35.85725784301758,-5277.0,-820.0,-2758.0,0,0,0,0,0
46417.573,1.4969679117202759,2.26198673248291,1.3633216619491577,0.33806270360946655,0.07120674103498459,-0.037997402250766754,3.699108600616455,1.6639904975891113,-1.83401620388031,-46.56911087036133,-88.530517578125,67.44037628173828,-1893.0,1250.0,-2865.0,0,0,0,0,0
46427.48,1.5008400678634644,2.261927366256714,1.3627469539642334,0.32257527112960815,0.0586676150560379,0.01019059494137764,3.5046894550323486,2.283752202987671,-3.2294962406158447,-101.85420989990234,-64.46112060546875,189.6607208251953,76.0,1544.0,-3662.0,0,0,0,0,0
46437.378,1.5049293041229248,2.260990858078003,1.3622689247131348,0.3069405257701874,0.04353509098291397,0.06324788182973862,2.169200897216797,2.9536921977996826,-1.3407104015350342,-107.62982940673828,-63.740478515625,-74.8477783203125,1887.0,942.0,-3061.0,0,0,0,0,0
46447.285,1.508862853050232,2.2600791454315186,1.3621748685836792,0.2929913401603699,0.03401067107915878,0.06862115859985352,1.2759311199188232,3.592027425765991,-2.1047134399414062,117.19969177246094,-104.67202758789062,-165.8930206298828,1541.0,-3.0,-2825.0,0,0,0,0,0
46457.201,1.512522578239441,2.25936222076416,1.3619252443313599,0.28122609853744507,0.028698934242129326,0.0400775708258152,1.4187006950378418,4.5042266845703125,-2.508261203765869,75.69728088378906,-84.9808578491211,204.0683135986328,-4922.0,-2170.0,-3504.0,0,0,0,0,0
46467.109,1.515992283821106,2.258871555328369,1.3612968921661377,0.26946815848350525,0.025840582326054573,0.004688709508627653,2.613849401473999,5.493917942047119,-2.0747029781341553,-16.82244300842285,-85.4935531616211,51.044715881347656,-8272.0,-3737.0,-3132.0,0,0,0,0,0
46477.006,1.5194200277328491,2.258411169052124,1.3609312772750854,0.24335354566574097,0.015210004523396492,0.06911057233810425,2.7680952548980713,6.635098934173584,-1.063360571861267,13.19204044342041,-71.3852310180664,-38.68320846557617,-6957.0,-4681.0,-2066.0,0,0,0,0,0
46486.93,1.5220246315002441,2.258212089538574,1.3611587285995483,0.22780545055866241,0.0109033128246665,0.04008008912205696,3.037946939468384,7.370905876159668,-1.502196192741394,-143.00119018554688,-78.60626983642578,140.2371368408203,-4476.0,-3978.0,-1863.0,0,0,0,0,0
46496.823,1.5246045589447021,2.2574925422668457,1.3606725931167603,0.2101140320301056,0.0030420173425227404,0.024979786947369576,2.2254245281219482,8.109493255615234,-2.1592202186584473,-118.79899597167969,-81.65259552001953,-96.87357330322266,841.0,-3550.0,-2182.0,0,0,0,0,0
46506.741,1.5268415212631226,2.256678819656372,1.3603496551513672,0.1849714070558548,-0.004303476307541132,0.053126949816942215,0.7947170734405518,8.904537200927734,-2.3213605880737305,-86.0601806640625,-59.6021728515625,104.8901138305664,3492.0,-3576.0,-2819.0,0,0,0,0,0
46516.641,1.5286824703216553,2.255908727645874,1.3603992462158203,0.15747429430484772,-0.007997456006705761,0.08651260286569595,-0.34565868973731995,9.467358589172363,-1.5921916961669922,1.328678846359253,-53.74809646606445,294.9925231933594,3475.0,-3609.0,-2791.0,0,0,0,0,0
46526.544,1.5302459001541138,2.25553035736084,1.360583782196045,0.1465541571378708,-0.009759391658008099,0.026516804471611977,-1.0998040437698364,10.255866050720215,-1.2591702938079834,114.95687103271484,-83.21417236328125,-113.64353942871094,-467.0,-4589.0,-1660.0,0,0,0,0,0
46536.452,1.5316780805587769,2.25510311126709,1.3596761226654053,0.12456284463405609,-0.007847356610000134,0.02387680672109127,-0.38414520025253296,11.156112670898438,-0.9693378210067749,-22.37495231628418,-83.015380859375,12.680575370788574,-5359.0,-6165.0,-606.0,0,0,0,0,0
46546.369,1.5327675342559814,2.2550454139709473,1.3596737384796143,0.09562933444976807,-0.00643143430352211,0.05072953924536705,-0.1996900737285614,11.977530479431152,-0.5173776149749756,44.96147918701172,-23.655981063842773,289.9563903808594,-4242.0,-6813.0,240.0,0,0,0,0,0
46556.267,1.5334413051605225,2.2550301551818848,1.3595439195632935,0.06678164750337601,-0.005434809252619743,0.06866037100553513,-0.39748767018318176,12.531020164489746,-0.7504814863204956,1.301918387413025,-82.6838607788086,-175.04617309570312,-4645.0,-5701.0,863.0,0,0,0,0,0
46566.171,1.5337170362472534,2.25506591796875,1.3593318462371826,0.051043812185525894,-0.0031842452008277178,0.028462780639529228,0.4034501612186432,13.219324111938477,-1.921948790550232,-231.0543212890625,-32.9316291809082,76.9371109008789,-2477.0,-5985.0,183.0,0,0,0,0,0
46576.087,1.5336488485336304,2.2550442218780518,1.358932375907898,0.024538110941648483,-0.004648558795452118,0.02920696698129177,-1.6643989086151123,13.666047096252441,-0.4180901348590851,-145.5985870361328,-52.38417053222656,63.42327117919922,3826.0,-5531.0,258.0,0,0,0,0,0
46585.994,1.5335161685943604,2.255028247833252,1.3588181734085083,0.0025077296886593103,-0.002548131626099348,0.016394710168242455,-2.7942655086517334,14.200777053833008,-1.3701106309890747,-74.65850830078125,-40.22898483276367,119.80316162109375,6240.0,-5705.0,-9.0,0,0,0,0,0
46595.892,1.5327670574188232,2.2552337646484375,1.3584709167480469,-0.03257407248020172,0.0055589014664292336,0.04921647533774376,-4.147507667541504,14.576762199401855,-0.956196129322052,47.37950897216797,-28.43034553527832,4.143646240234375,3517.0,-5693.0,-151.0,0,0,0,0,0
46605.799,1.5317739248275757,2.255744457244873,1.3577556610107422,-0.034001681953668594,0.008441442623734474,-0.04481366649270058,-3.795414686203003,14.965827941894531,-1.0860683917999268,29.939607620239258,-38.53759765625,-27.36164093017578,-1408.0,-5684.0,-44.0,0,0,0,0,0
46615.709,1.5305403470993042,2.2566611766815186,1.356818675994873,-0.07209198921918869,0.021138207986950874,-0.0019317297264933586,-3.7449557781219482,15.261445999145508,-0.21351578831672668,-55.226749420166016,-21.585416793823242,-12.035783767700195,-3337.0,-5878.0,534.0,0,0,0,0,0
46625.623,1.529255747795105,2.2573914527893066,1.3566383123397827,-0.10698887705802917,0.03181016817688942,0.034277383238077164,-3.6944785118103027,15.57853889465332,-0.4190591275691986,107.44486999511719,-3.0055978298187256,21.55165672302246,-2449.0,-5602.0,1128.0,0,0,0,0,0
46635.521,1.5271955728530884,2.258755683898926,1.3562361001968384,-0.12756620347499847,0.04044406861066818,0.012724095024168491,-3.446179151535034,15.575946807861328,0.15597310662269592,-83.2879638671875,-8.796727180480957,147.89039611816406,-4160.0,-5034.0,1570.0,0,0,0,0,0
46645.428,1.5247902870178223,2.260228395462036,1.355715274810791,-0.14934855699539185,0.04919687658548355,7.742379966657609e-05,-3.0453836917877197,15.933064460754395,-0.6900462508201599,-137.23052978515625,-16.843734741210938,-37.38080978393555,422.0,-5740.0,1708.0,0,0,0,0,0
46655.343,1.5220125913619995,2.2617313861846924,1.3551446199417114,-0.17436866462230682,0.056002870202064514,-0.002327481983229518,-5.032692909240723,16.049217224121094,-0.14579786360263824,-108.0611343383789,4.244770526885986,-53.68865203857422,5708.0,-6290.0,1406.0,0,0,0,0,0
46665.252,1.518917202949524,2.2634098529815674,1.3546353578567505,-0.20099015533924103,0.06823452562093735,0.003452436998486519,-5.955498218536377,16.383878707885742,-1.2934988737106323,48.74747848510742,-5.3838348388671875,-13.51502513885498,6130.0,-6969.0,402.0,0,0,0,0,0
46675.15,1.5155256986618042,2.265472888946533,1.3541157245635986,-0.22587662935256958,0.08289507031440735,0.00412063580006361,-6.296578884124756,16.548564910888672,-1.1704484224319458,60.08237838745117,-2.745340585708618,17.638797760009766,1258.0,-7155.0,-789.0,0,0,0,0,0
46685.059,1.512566328048706,2.2671072483062744,1.3536514043807983,-0.23588094115257263,0.09191178530454636,-0.03722863644361496,-5.568971157073975,16.61680030822754,-1.6281764507293701,77.56269836425781,4.449082851409912,-51.834259033203125,-2799.0,-6693.0,-1670.0,0,0,0,0,0
46694.964,1.5086899995803833,2.2698845863342285,1.3529239892959595,-0.2736594080924988,0.11213279515504837,0.010465492494404316,-5.054342746734619,16.529817581176758,-1.3792487382888794,42.44877243041992,53.36227798461914,231.0758819580078,-3364.0,-5761.0,-2411.0,0,0,0,0,0
46704.881,1.504408597946167,2.272953510284424,1.3526700735092163,-0.3054979741573334,0.1292484551668167,0.04002920538187027,-5.124631404876709,16.171300888061523,-1.1482024192810059,90.60234832763672,20.673778533935547,-196.6112823486328,-3971.0,-4059.0,-2223.0,0,0,0,0,0
46714.778,1.4998880624771118,2.276219606399536,1.352512240409851,-0.32061177492141724,0.14271330833435059,0.01715475507080555,-3.8458120822906494,15.958745956420898,-1.7482467889785767,-200.3023681640625,36.21311950683594,124.19671630859375,-3283.0,-3984.0,-2557.0,0,0,0,0,0
46724.685,1.4958364963531494,2.2785837650299072,1.3524835109710693,-0.33850207924842834,0.14957810938358307,0.014482078142464161,-5.209946632385254,15.5203218460083,-0.672675371170044,-94.3773193359375,17.70609474182129,-140.2736358642578,3509.0,-4133.0,-1588.0,0,0,0,0,0
46734.593,1.4908007383346558,2.2819983959198,1.352264404296875,-0.35902139544487,0.16278424859046936,0.01966530829668045,-6.384341716766357,15.39080810546875,-0.6443649530410767,-39.06840133666992,18.65645408630371,-56.075233459472656,6405.0,-4880.0,-627.0,0,0,0,0,0
46744.515,1.4854300022125244,2.2856836318969727,1.3523330688476562,-0.39112621545791626,0.18454858660697937,0.06998272240161896,-7.19683313369751,15.04705810546875,-0.658880889415741,92.95774841308594,35.97412872314453,-38.167572021484375,3763.0,-5278.0,-107.0,0,0,0,0,0
46754.417,1.4799308776855469,2.2897346019744873,1.3521077632904053,-0.3836888074874878,0.19161927700042725,-0.02274364046752453,-6.316005229949951,14.945261001586914,-1.503622055053711,82.01030731201172,50.838829040527344,37.79863357543945,-1492.0,-5780.0,-514.0,0,0,0,0,0
46764.314,1.4744224548339844,2.294161558151245,1.3515807390213013,-0.40931448340415955,0.2128806859254837,0.014166099950671196,-5.675197124481201,14.542566299438477,-1.2898545265197754,-11.039544105529785,51.29572296142578,-43.979061126708984,-3748.0,-5457.0,-1088.0,0,0,0,0,0
46774.222,1.4686002731323242,2.2988908290863037,1.35158109664917,-0.4383808672428131,0.23465260863304138,0.07106274366378784,-5.145300388336182,14.275331497192383,-2.0382230281829834,158.28675842285156,40.65670394897461,-126.62016296386719,-3376.0,-5053.0,-1797.0,0,0,0,0,0
46784.138,1.4633569717407227,2.302579402923584,1.3520270586013794,-0.44444307684898376,0.2436707317829132,0.04743056744337082,-4.209395885467529,13.698334693908691,-1.621731162071228,-84.94552612304688,75.17045593261719,117.6701889038086,-4818.0,-4508.0,-2658.0,0,0,0,0,0
46794.039,1.4571627378463745,2.3075664043426514,1.3521093130111694,-0.4554128348827362,0.2557033896446228,0.03971904143691063,-3.8635590076446533,13.221303939819336,-2.313692092895508,-70.543212890625,53.65219497680664,-34.907371520996094,694.0,-3955.0,-3463.0,0,0,0,0,0
46803.943,1.4508031606674194,2.312570571899414,1.3522640466690063,-0.46893149614334106,0.26695966720581055,0.04948149248957634,-5.225913047790527,12.694799423217773,-2.3243520259857178,-73.25946044921875,86.47061157226562,368.290283203125,5253.0,-3698.0,-4622.0,0,0,0,0,0
46813.85,1.4444401264190674,2.3176538944244385,1.3525712490081787,-0.48076751828193665,0.2807328402996063,0.058677781373262405,-6.117232799530029,11.957230567932129,-2.374056577682495,92.03854370117188,7.8351006507873535,33.387508392333984,5210.0,-3429.0,-4819.0,0,0,0,0,0
46823.767,1.4380264282226562,2.323014736175537,1.3528319597244263,-0.4853051006793976,0.29460781812667847,0.045828159898519516,-5.914470672607422,11.702433586120605,-2.065497875213623,71.62200927734375,62.536041259765625,-45.05094909667969,322.0,-5285.0,-4191.0,0,0,0,0,0
46833.674,1.4324095249176025,2.327310800552368,1.3529666662216187,-0.4842057526111603,0.3024248480796814,0.01496823225170374,-5.281709671020508,11.042218208312988,-0.9785431027412415,77.92945098876953,66.1421127319336,-71.86361694335938,-2932.0,-4879.0,-2620.0,0,0,0,0,0
46843.572,1.4266419410705566,2.3318424224853516,1.3532549142837524,-0.498224675655365,0.3165358901023865,0.07088393718004227,-4.374635219573975,10.4297513961792,-1.2402962446212769,115.98797607421875,97.35163879394531,314.0648498535156,-2918.0,-3958.0,-1628.0,0,0,0,0,0
46853.479,1.419495940208435,2.339252233505249,1.3537226915359497,-0.5083919763565063,0.33544737100601196,0.0927974134683609,-4.172673225402832,9.690788269042969,-0.8231675028800964,99.4216079711914,66.52503204345703,-46.0440673828125,-4272.0,-3041.0,-451.0,0,0,0,0,0
46863.396,1.412990689277649,2.3453314304351807,1.354575276374817,-0.5095736980438232,0.3472418785095215,0.0835443064570427,-2.6798036098480225,9.15432071685791,-1.636716365814209,-142.70388793945312,98.27285766601562,-17.430721282958984,-2805.0,-3061.0,-127.0,0,0,0,0,0
46873.293,1.405959963798523,2.3516297340393066,1.355358600616455,-0.5111438632011414,0.3534514904022217,0.08194135129451752,-3.874180316925049,8.144651412963867,-1.2258645296096802,-56.97164535522461,91.95148468017578,-224.7380828857422,3146.0,-1637.0,-37.0,0,0,0,0,0
46883.202,1.4001424312591553,2.3563809394836426,1.3561456203460693,-0.5096437931060791,0.35789215564727783,0.08437328040599823,-4.278878688812256,7.367653846740723,-2.475738286972046,11.751904487609863,53.19544219970703,-5.992762088775635,5449.0,-1382.0,-933.0,0,0,0,0,0
46893.121,1.393625259399414,2.3624510765075684,1.3571152687072754,-0.5120086669921875,0.3706718683242798,0.12174779176712036,-4.921791076660156,6.619579792022705,-1.3393003940582275,126.79515075683594,89.13702392578125,77.96028137207031,2325.0,-2431.0,-933.0,0,0,0,0,0
46903.028,1.387222409248352,2.368746280670166,1.357775092124939,-0.4991954267024994,0.37658196687698364,0.030507167801260948,-3.8209450244903564,6.036421775817871,-1.004630208015442,100.11775207519531,82.85707092285156,76.98727416992188,-2499.0,-2710.0,-323.0,0,0,0,0,0
46912.925,1.3809512853622437,2.3752803802490234,1.3582689762115479,-0.4999910593032837,0.3894645869731903,0.08319464325904846,-2.9602091312408447,5.19334077835083,-0.8326405882835388,10.51140308380127,81.88742065429688,-54.38211441040039,-4216.0,-2107.0,167.0,0,0,0,0,0
46922.832,1.374898076057434,2.3819003105163574,1.3592429161071777,-0.49883803725242615,0.40020278096199036,0.14460669457912445,-2.318469524383545,4.493753433227539,-1.550568699836731,163.6455078125,57.94828414916992,-187.39317321777344,-3685.0,-1450.0,312.0,0,0,0,0,0
46932.74,1.3688796758651733,2.3884949684143066,1.3605685234069824,-0.49067506194114685,0.4070199728012085,0.12199529260396957,-1.2026336193084717,3.62664794921875,-0.8738294243812561,-48.36928176879883,95.99539184570312,65.90573120117188,-5418.0,-1043.0,352.0,0,0,0,0,0
46942.655,1.3634235858917236,2.3937394618988037,1.3618916273117065,-0.48162969946861267,0.4065595269203186,0.12701022624969482,-0.5161412358283997,2.768742084503174,-1.0296409130096436,-52.1944580078125,95.93252563476562,113.98387908935547,-630.0,-256.0,263.0,0,0,0,0,0
46952.551,1.3575986623764038,2.400024652481079,1.3630560636520386,-0.4720745384693146,0.40659961104393005,0.11247791349887848,-1.5081669092178345,1.8302427530288696,-1.2194751501083374,-104.46607208251953,104.42546844482422,168.85508728027344,3939.0,573.0,-253.0,0,0,0,0,0
46962.458,1.3520889282226562,2.406064748764038,1.3640964031219482,-0.46097275614738464,0.40769028663635254,0.10491449385881424,-2.2671053409576416,0.896537721157074,-1.843019723892212,105.55609130859375,68.17461395263672,109.7059555053711,6151.0,884.0,-774.0,0,0,0,0,0
46972.365,1.3467466831207275,2.412177562713623,1.3651000261306763,-0.4478931128978729,0.411541223526001,0.10996132344007492,-2.4620232582092285,0.1700582653284073,-0.8923924565315247,103.48762512207031,112.79766082763672,46.247467041015625,1102.0,-288.0,-599.0,0,0,0,0,0
46982.281,1.3416448831558228,2.41835355758667,1.365679383277893,-0.4346105456352234,0.41510048508644104,0.03113849274814129,-1.187978982925415,-0.5100371837615967,-0.8227551579475403,89.32445526123047,80.94918060302734,33.293331146240234,-2614.0,-309.0,48.0,0,0,0,0,0
46992.189,1.3370271921157837,2.4235711097717285,1.3662763833999634,-0.418069988489151,0.41448304057121277,0.08053315430879593,-0.5983827710151672,-1.3495420217514038,0.010857642628252506,55.314029693603516,89.70992279052734,57.13505935668945,-2991.0,72.0,1032.0,0,0,0,0,0
47002.086,1.3323032855987549,2.429866075515747,1.3673604726791382,-0.40099474787712097,0.4157494008541107,0.12465554475784302,-0.1481509804725647,-2.0450191497802734,-0.47605717182159424,153.0299835205078,60.37376403808594,-191.33534240722656,-3359.0,555.0,1835.0,0,0,0,0,0
47011.994,1.3278093338012695,2.4360642433166504,1.3685382604599,-0.3861454129219055,0.4171222150325775,0.0947917029261589,1.1240038871765137,-2.784590005874634,-0.8281609416007996,-81.2438735961914,76.89453887939453,-14.28424072265625,-4879.0,692.0,1608.0,0,0,0,0,0
47021.917,1.323602557182312,2.4418749809265137,1.369563102722168,-0.3677609860897064,0.4131239056587219,0.11014333367347717,1.4318770170211792,-3.543450117111206,-0.5507106184959412,-45.299251556396484,100.79923248291016,152.81375122070312,-350.0,1479.0,1175.0,0,0,0,0,0
47031.808,1.3196275234222412,2.4474475383758545,1.370451807975769,-0.3523551821708679,0.40796980261802673,0.07759947329759598,0.7734580636024475,-4.47321081161499,-0.7059924602508545,-119.59063720703125,80.23635864257812,125.2342300415039,3479.0,2772.0,699.0,0,0,0,0,0
47041.715,1.3160200119018555,2.4521515369415283,1.371188998222351,-0.3328650891780853,0.40050849318504333,0.07608816027641296,-0.05989996716380119,-5.287487983703613,-1.220153570175171,95.2377700805664,68.87311553955078,54.94457244873047,6304.0,2833.0,174.0,0,0,0,0,0
47051.622,1.3125797510147095,2.4575295448303223,1.3720327615737915,-0.3126341998577118,0.3976745903491974,0.07062911242246628,-0.33998459577560425,-5.905083179473877,-0.5541538596153259,114.38733673095703,86.18927001953125,-113.73177337646484,879.0,1943.0,90.0,0,0,0,0,0
47061.539,1.3093611001968384,2.4628756046295166,1.3724440336227417,-0.29969826340675354,0.39835426211357117,-0.00044674205128103495,1.1753616333007812,-6.504081726074219,-1.2503777742385864,72.30213928222656,54.66957473754883,69.96720123291016,-3252.0,2045.0,-77.0,0,0,0,0,0
47071.438,1.3064992427825928,2.4681851863861084,1.3726154565811157,-0.2716198265552521,0.39293035864830017,0.048844654113054276,1.83224356174469,-7.1631598472595215,0.4867800176143646,42.12076187133789,59.15001678466797,87.98370361328125,-3878.0,2127.0,978.0,0,0,0,0,0
47081.343,1.3039648532867432,2.472712516784668,1.3732858896255493,-0.24336908757686615,0.3834528923034668,0.09333812445402145,2.5345864295959473,-7.698422908782959,0.39187559485435486,121.12258911132812,37.20835876464844,-120.17626190185547,-3867.0,2476.0,2478.0,0,0,0,0,0
47091.255,1.3017600774765015,2.477827548980713,1.3739726543426514,-0.22751781344413757,0.38005372881889343,0.048703163862228394,3.5552475452423096,-8.354808807373047,0.32981178164482117,-15.109424591064453,36.55558395385742,20.74987030029297,-5335.0,2549.0,3206.0,0,0,0,0,0
47101.172,1.299785852432251,2.482677459716797,1.3746336698532104,-0.1992378532886505,0.3689069449901581,0.08117874711751938,4.371413707733154,-8.759105682373047,0.614072859287262,-75.74982452392578,64.157958984375,-36.22807693481445,-2326.0,2220.0,3761.0,0,0,0,0,0
47111.069,1.2980257272720337,2.487175941467285,1.3750556707382202,-0.18642215430736542,0.36071446537971497,0.020986882969737053,3.6744887828826904,-9.361724853515625,0.10145606100559235,-93.9700698852539,35.843196868896484,-106.96157836914062,2464.0,2948.0,3596.0,0,0,0,0,0
47120.972,1.2965816259384155,2.4912846088409424,1.3751558065414429,-0.16185759007930756,0.34855028986930847,0.02658567577600479,2.7570619583129883,-9.826786994934082,-0.321304589509964,-10.032878875732422,54.374855041503906,17.563907623291016,6079.0,2984.0,2653.0,0,0,0,0,0
47130.879,1.2954095602035522,2.4952175617218018,1.3751766681671143,-0.14261168241500854,0.33913132548332214,0.0011384559329599142,1.8712975978851318,-10.228425025939941,-0.26805469393730164,193.737060546875,25.64385223388672,-234.50296020507812,2506.0,3079.0,1764.0,0,0,0,0,0
47140.803,1.2942166328430176,2.4988808631896973,1.3747988939285278,-0.12997658550739288,0.33520668745040894,-0.05451534315943718,3.411285638809204,-10.618494033813477,-1.1687397956848145,21.393178939819336,41.552490234375,63.4475212097168,-3803.0,3408.0,339.0,0,0,0,0,0
47150.694,1.293471336364746,2.5027928352355957,1.3742586374282837,-0.10192520171403885,0.32384106516838074,-0.0313284806907177,4.123496055603027,-11.091141700744629,-0.16166341304779053,48.709739685058594,24.75643539428711,66.90393829345703,-3736.0,3882.0,-10.0,0,0,0,0,0
47160.601,1.2932851314544678,2.5066258907318115,1.3742660284042358,-0.06299858540296555,0.30714529752731323,0.04200278967618942,4.478367328643799,-11.393927574157715,-0.3064877390861511,79.4439926147461,29.86537742614746,-149.0464630126953,-3479.0,3919.0,382.0,0,0,0,0,0
47170.508,1.2935523986816406,2.510333299636841,1.374243140220642,-0.05030195042490959,0.30157914757728577,-0.012613305822014809,5.349249362945557,-11.857712745666504,-0.09666826575994492,43.42198944091797,18.322349548339844,80.15234375,-4456.0,4361.0,749.0,0,0,0,0,0
47180.425,1.293526530265808,2.513422727584839,1.374314785003662,-0.016419028863310814,0.28254133462905884,0.03784710913896561,6.310108184814453,-12.089357376098633,0.7882680296897888,-34.76552963256836,43.211700439453125,-25.298171997070312,-3566.0,3931.0,1808.0,0,0,0,0,0
47190.332,1.2940512895584106,2.516396999359131,1.374197244644165,-0.007376816589385271,0.2737589180469513,-0.026655210182070732,6.095627307891846,-12.428994178771973,0.3760829567909241,-123.66276550292969,12.336281776428223,-17.301856994628906,734.0,4303.0,2456.0,0,0,0,0,0
47200.239,1.2948622703552246,2.5190842151641846,1.3736085891723633,0.013287704437971115,0.25856727361679077,-0.03952658548951149,4.9279279708862305,-12.692922592163086,0.4454149901866913,-65.59779357910156,42.41793441772461,54.0087890625,5635.0,4296.0,2568.0,0,0,0,0,0
47210.146,1.2959073781967163,2.5215470790863037,1.3728156089782715,0.03273982182145119,0.24523526430130005,-0.055502455681562424,3.664964437484741,-12.974336624145508,-0.14826302230358124,233.85682678222656,4.810143947601318,-62.40574645996094,3670.0,5007.0,2155.0,0,0,0,0,0
47220.054,1.297146201133728,2.5238544940948486,1.371939778327942,0.045187875628471375,0.23892028629779816,-0.09918168187141418,5.032420635223389,-13.267488479614258,-0.568834125995636,9.112031936645508,24.861251831054688,129.63157653808594,-4175.0,5336.0,1212.0,0,0,0,0,0
47229.951,1.2986552715301514,2.5261387825012207,1.3708359003067017,0.07036187499761581,0.2251686304807663,-0.08922187238931656,5.966695308685303,-13.461626052856445,0.03313393518328667,26.945938110351562,-11.29224967956543,-107.05166625976562,-3946.0,5279.0,1040.0,0,0,0,0,0
47239.858,1.3000133037567139,2.5282301902770996,1.370359182357788,0.11501030623912811,0.1999061405658722,0.009462992660701275,5.735172748565674,-13.509960174560547,-0.5693299770355225,89.31185150146484,0.48956772685050964,-179.92376708984375,-3346.0,4788.0,691.0,0,0,0,0,0
47249.765,1.3020826578140259,2.530195713043213,1.3699746131896973,0.1234343871474266,0.19322042167186737,-0.04428280517458916,6.726745128631592,-13.668863296508789,-0.5794776082038879,29.06731414794922,-14.576461791992188,168.42953491210938,-4786.0,4910.0,299.0,0,0,0,0,0
47259.682,1.3044469356536865,2.5318655967712402,1.3696070909500122,0.15640045702457428,0.17172029614448547,0.0023425950203090906,7.691107749938965,-13.506901741027832,0.7537165880203247,-16.250314712524414,-3.568624258041382,-131.10313415527344,-4547.0,3682.0,1379.0,0,0,0,0,0
47269.579,1.307226300239563,2.5333447456359863,1.3692773580551147,0.1692795604467392,0.15792153775691986,-0.03756234794855118,7.723836898803711,-13.383960723876953,0.10694937407970428,-160.8380584716797,1.2122894525527954,-81.9894790649414,-924.0,3394.0,1829.0,0,0,0,0,0
47279.489,1.309901237487793,2.534348726272583,1.3683993816375732,0.17967480421066284,0.14308349788188934,-0.07415934652090073,6.421642780303955,-13.441593170166016,-0.17647722363471985,-11.978765487670898,24.726158142089844,109.41995239257812,4489.0,4173.0,1241.0,0,0,0,0,0
47289.397,1.3126564025878906,2.5351688861846924,1.3672521114349365,0.19457614421844482,0.12803764641284943,-0.08847691118717194,5.410402774810791,-13.487302780151367,-0.8350048661231995,207.87371826171875,-19.604248046875,30.38502311706543,2102.0,5605.0,289.0,0,0,0,0,0
47299.313,1.3151823282241821,2.536146879196167,1.366173267364502,0.20489953458309174,0.11936993896961212,-0.11439874768257141,6.676369667053223,-13.547342300415039,-0.9977631568908691,-21.324594497680664,-12.012340545654297,23.882802963256836,-5114.0,6146.0,-331.0,0,0,0,0,0
47309.211,1.31831693649292,2.5368027687072754,1.3649420738220215,0.23315316438674927,0.09830959141254425,-0.06912101060152054,7.5605340003967285,-13.434415817260742,-0.25509393215179443,34.596031188964844,-11.600475311279297,12.753619194030762,-3386.0,5847.0,-72.0,0,0,0,0,0
47319.119,1.321821689605713,2.5371453762054443,1.364515781402588,0.2664494812488556,0.07237140834331512,0.0006153248250484467,7.028774738311768,-13.35909652709961,-0.021212590858340263,91.59230041503906,-1.0942825078964233,20.532808303833008,-3271.0,5420.0,353.0,0,0,0,0,0
47329.025,1.3255138397216797,2.5373213291168213,1.3641399145126343,0.27483129501342773,0.0623936653137207,-0.03179173916578293,8.004363059997559,-13.33852767944336,-0.7529276013374329,-17.130599975585938,-47.4741325378418,51.477508544921875,-4686.0,5537.0,461.0,0,0,0,0,0
47338.949,1.328855037689209,2.5375571250915527,1.3637993335723877,0.29480087757110596,0.042816415429115295,-0.008069882169365883,8.375311851501465,-12.88155746459961,0.3751276135444641,-43.3570556640625,-51.28538513183594,-135.23175048828125,-4282.0,4072.0,1332.0,0,0,0,0,0
47348.837,1.3328760862350464,2.5372445583343506,1.3633414506912231,0.3028982877731323,0.02970784343779087,-0.03743206709623337,8.516159057617188,-12.557090759277344,-0.14280381798744202,-193.78355407714844,-33.21791458129883,-116.72515106201172,-759.0,3715.0,1449.0,0,0,0,0,0
47358.744,1.336931586265564,2.536661386489868,1.3625622987747192,0.3129860460758209,0.011672806926071644,-0.0489015057682991,6.738027572631836,-12.578208923339844,-1.3023369312286377,55.17106628417969,-5.093221664428711,-97.1955795288086,3360.0,5545.0,183.0,0,0,0,0,0
47368.66,1.3408870697021484,2.5359785556793213,1.3613231182098389,0.3079756796360016,0.005979104433208704,-0.1241794005036354,6.572325706481934,-12.645825386047363,-1.7780530452728271,130.61911010742188,16.455577850341797,306.10955810546875,-841.0,7609.0,-1491.0,0,0,0,0,0
47378.574,1.3451149463653564,2.535238265991211,1.3600131273269653,0.3306313157081604,-0.014145846478641033,-0.0763326957821846,8.037433624267578,-12.54651165008545,-0.14454244077205658,-152.72439575195312,-17.062179565429688,42.62485885620117,-4754.0,7630.0,-1177.0,0,0,0,0,0
47388.465,1.349623441696167,2.534274101257324,1.3593368530273438,0.36129438877105713,-0.042413387447595596,0.010325090028345585,7.4028496742248535,-12.300597190856934,-0.6895822882652283,95.90835571289062,-52.04755783081055,-210.83204650878906,-1314.0,6734.0,-448.0,0,0,0,0,0
47398.382,1.353819489479065,2.5334465503692627,1.359359622001648,0.3701212704181671,-0.05550721287727356,0.007545731496065855,7.431779861450195,-12.032075881958008,-0.5040431618690491,-32.57472229003906,-37.765384674072266,291.5272216796875,-3265.0,5554.0,-562.0,0,0,0,0,0
47408.279,1.3585593700408936,2.53206467628479,1.3592649698257446,0.3853571116924286,-0.07347524166107178,0.032754167914390564,7.893646717071533,-11.638787269592285,-0.7538241147994995,16.144893646240234,-77.54474639892578,-295.5631103515625,-2589.0,4427.0,-98.0,0,0,0,0,0
47418.197,1.363411545753479,2.530489921569824,1.3591896295547485,0.3901865780353546,-0.08604393154382706,0.009538318030536175,7.450140953063965,-11.059439659118652,-1.3095382452011108,-144.9716796875,-54.565792083740234,-452.51434326171875,-2446.0,3445.0,-438.0,0,0,0,0,0
47428.094,1.3683040142059326,2.5287322998046875,1.3589727878570557,0.39579659700393677,-0.09961795061826706,0.00010341844608774409,7.140826225280762,-10.705008506774902,-1.8681222200393677,-59.0940055847168,-11.273528099060059,47.752464294433594,1589.0,4068.0,-1855.0,0,0,0,0,0
47438.009,1.3726040124893188,2.5273051261901855,1.3583347797393799,0.3867678642272949,-0.10465880483388901,-0.0757487565279007,5.938032627105713,-10.35421371459961,-1.420785665512085,45.176734924316406,-7.264283180236816,164.9485321044922,1278.0,5240.0,-2877.0,0,0,0,0,0
47447.909,1.3772372007369995,2.525434732437134,1.356928825378418,0.38711628317832947,-0.11237978935241699,-0.10221313685178757,6.322961330413818,-10.112465858459473,-2.2202308177948,-15.11843204498291,-51.180667877197266,120.15286254882812,-1726.0,6486.0,-3350.0,0,0,0,0,0
47457.828,1.3821312189102173,2.5234055519104004,1.3562332391738892,0.4119594395160675,-0.13808107376098633,0.01630278490483761,6.538724899291992,-9.66227912902832,-0.5714992880821228,-29.023731231689453,-21.775192260742188,256.93145751953125,-1094.0,5872.0,-2547.0,0,0,0,0,0
47467.723,1.3866273164749146,2.5215659141540527,1.3563334941864014,0.41692325472831726,-0.1505235731601715,0.031328361481428146,5.8754987716674805,-9.272210121154785,-0.19239504635334015,75.9688720703125,-72.39862060546875,-144.45697021484375,-1051.0,5438.0,-828.0,0,0,0,0,0
47477.635,1.3917332887649536,2.5193369388580322,1.3563967943191528,0.42447322607040405,-0.1629057675600052,0.05692378431558609,6.215517997741699,-8.854056358337402,-1.1645532846450806,-76.85884094238281,-59.01420211791992,118.25496673583984,-2635.0,4392.0,-353.0,0,0,0,0,0
47487.537,1.3970708847045898,2.516503095626831,1.3568023443222046,0.4303871691226959,-0.17714282870292664,0.07522131502628326,6.014662742614746,-8.167750358581543,-0.39045271277427673,39.92144012451172,-34.11518096923828,278.7059631347656,-1639.0,2917.0,35.0,0,0,0,0,0
47497.454,1.4017226696014404,2.5143656730651855,1.3571410179138184,0.4250505864620209,-0.18111132085323334,0.03328988328576088,6.017940521240234,-7.521178722381592,-0.8832846879959106,-128.45684814453125,-65.80140686035156,12.116249084472656,-1968.0,2580.0,155.0,0,0,0,0,0
47507.36,1.406670331954956,2.511789560317993,1.3571839332580566,0.4233577847480774,-0.19017727673053741,0.021992981433868408,5.338597297668457,-6.954352855682373,-1.892887830734253,-20.56953239440918,-55.74125289916992,-96.44551849365234,588.0,3100.0,-653.0,0,0,0,0,0
47517.265,1.411353588104248,2.509281635284424,1.3564094305038452,0.4100522994995117,-0.18997380137443542,-0.07652312517166138,4.874098777770996,-6.503664016723633,-1.5167289972305298,-18.286630630493164,-38.491031646728516,135.46444702148438,-475.0,4380.0,-1683.0,0,0,0,0,0
47527.166,1.4159921407699585,2.5067694187164307,1.3552002906799316,0.408683717250824,-0.19824948906898499,-0.0596650205552578,5.116734027862549,-6.234036445617676,-1.500135898590088,-87.34539031982422,-68.26433563232422,4.590265274047852,-1657.0,5498.0,-1872.0,0,0,0,0,0
47537.09,1.4204118251800537,2.504415512084961,1.355101466178894,0.4185371696949005,-0.21672339737415314,0.08028776198625565,4.775679111480713,-5.6776442527771,-1.0506150722503662,12.907342910766602,-42.46992111206055,-17.967933654785156,-283.0,4912.0,-1397.0,0,0,0,0,0
47546.992,1.425054907798767,2.501683473587036,1.3553478717803955,0.4097990393638611,-0.21929261088371277,0.028840361163020134,4.48823356628418,-5.242087364196777,-0.5799784064292908,12.540168762207031,-81.3167724609375,75.40553283691406,-1700.0,4162.0,-721.0,0,0,0,0,0
47556.887,1.4296653270721436,2.498945474624634,1.3556512594223022,0.4102005362510681,-0.22937530279159546,0.08614122122526169,4.847878932952881,-4.52805757522583,-1.0944554805755615,-40.70067596435547,-106.05193328857422,-75.27012634277344,-2044.0,2215.0,-340.0,0,0,0,0,0
47566.794,1.4340925216674805,2.496229410171509,1.3560960292816162,0.404026061296463,-0.23454831540584564,0.07306351512670517,4.327441215515137,-3.6320438385009766,-1.1753994226455688,34.19858932495117,-61.009586334228516,-10.03415298461914,-1473.0,161.0,-557.0,0,0,0,0,0
47576.716,1.4384254217147827,2.4935390949249268,1.3563231229782104,0.39562365412712097,-0.23645421862602234,0.04342130571603775,4.506834506988525,-2.8290207386016846,-1.3638384342193604,-28.90037727355957,-60.80665969848633,77.905029296875,-1913.0,-90.0,-1130.0,0,0,0,0,0
47586.609,1.4426424503326416,2.490846872329712,1.3560630083084106,0.3855133354663849,-0.23775500059127808,-0.0035787257365882397,4.196125030517578,-2.1477773189544678,-1.8774536848068237,15.358074188232422,-64.91590118408203,-41.19043731689453,-1063.0,570.0,-2059.0,0,0,0,0,0
47596.523,1.4466030597686768,2.4883596897125244,1.3553091287612915,0.37352606654167175,-0.23505568504333496,-0.08911561220884323,3.9640653133392334,-1.5229730606079102,-2.371365547180176,-41.52249526977539,-62.9681510925293,-43.0600471496582,-1388.0,1562.0,-3337.0,0,0,0,0,0
47606.423,1.450597882270813,2.4857094287872314,1.354113221168518,0.3633943498134613,-0.24083837866783142,-0.05195165425539017,3.8082938194274902,-1.0698041915893555,-2.5042331218719482,-31.82724952697754,-62.803436279296875,82.32878875732422,-435.0,2240.0,-4197.0,0,0,0,0,0
47616.34,1.4544110298156738,2.4829370975494385,1.353886604309082,0.35310426354408264,-0.25118809938430786,0.06482116132974625,3.276123523712158,-0.419953852891922,-1.4225316047668457,-15.487265586853027,-29.0937442779541,103.3330078125,-110.0,1950.0,-3740.0,0,0,0,0,0
47626.237,1.4579277038574219,2.4802210330963135,1.3540641069412231,0.34091073274612427,-0.24971704185009003,0.0036775353364646435,3.121077060699463,0.01699838973581791,-1.1429635286331177,-32.79560852050781,-97.86058044433594,0.4984443485736847,-346.0,2022.0,-2558.0,0,0,0,0,0
47636.144,1.4613665342330933,2.477586269378662,1.3541975021362305,0.32800528407096863,-0.25464773178100586,0.07619421184062958,2.7743215560913086,0.752990186214447,-0.906407356262207,-44.63582992553711,-100.47703552246094,-58.57664108276367,-155.0,268.0,-1579.0,0,0,0,0,0
47646.059,1.4646379947662354,2.4750192165374756,1.3546253442764282,0.31643855571746826,-0.2535799741744995,0.04245397076010704,2.428663492202759,1.5572589635849,-1.7476938962936401,-51.195064544677734,-41.6948356628418,-73.19500732421875,297.0,-1262.0,-1676.0,0,0,0,0,0
47655.968,1.4678195714950562,2.47245454788208,1.3546290397644043,0.30319744348526,-0.2526088356971741,0.02294197678565979,2.02409029006958,2.129868984222412,-2.2875542640686035,28.80628204345703,-75.26668548583984,-155.33065795898438,-366.0,-410.0,-2426.0,0,0,0,0,0
47665.866,1.4709968566894531,2.4698715209960938,1.3540383577346802,0.290872186422348,-0.24673759937286377,-0.0664137601852417,2.3181586265563965,2.6825735569000244,-2.246431350708008,-62.69998550415039,-29.517337799072266,138.017578125,-1916.0,-66.0,-3210.0,0,0,0,0,0
47675.777,1.4736824035644531,2.467592239379883,1.3527170419692993,0.27802035212516785,-0.24394218623638153,-0.11710945516824722,2.041041851043701,3.1903417110443115,-1.29046630859375,-76.48848724365234,-51.58463668823242,132.7834930419922,-242.0,619.0,-3105.0,0,0,0,0,0
47685.684,1.4762042760849,2.4652931690216064,1.3516178131103516,0.2578040361404419,-0.2440793365240097,-0.049134157598018646,1.3529435396194458,3.5478737354278564,-1.9023096561431885,25.15370750427246,-35.81671142578125,48.46864700317383,1649.0,928.0,-2856.0,0,0,0,0,0
47695.61,1.4785850048065186,2.4629993438720703,1.3514177799224854,0.2376287281513214,-0.24251796305179596,0.01423273142427206,0.9829807877540588,3.9604666233062744,-1.286433219909668,-60.86931610107422,-0.9868571162223816,173.84002685546875,817.0,1048.0,-2376.0,0,0,0,0,0
47705.498,1.4806498289108276,2.460782289505005,1.3512330055236816,0.22234207391738892,-0.23911067843437195,-0.0017980418633669615,0.5858640670776367,4.1983747482299805,-0.9438302516937256,-6.701369762420654,-53.2277717590332,-60.85899353027344,1689.0,1353.0,-1113.0,0,0,0,0,0
47715.405,1.482500672340393,2.458681344985962,1.3513236045837402,0.20172815024852753,-0.23506708443164825,0.05697312951087952,-0.028681183233857155,4.764692783355713,-0.7199385762214661,-59.20137023925781,-57.526878356933594,99.3315658569336,1437.0,-235.0,-350.0,0,0,0,0,0
47725.313,1.4840737581253052,2.456780195236206,1.3514405488967896,0.1897551417350769,-0.22958645224571228,0.010438724420964718,-0.33447742462158203,5.365299224853516,-1.2010209560394287,17.80451774597168,-9.310890197753906,241.24395751953125,1900.0,-1435.0,-406.0,0,0,0,0,0
47735.225,1.4856624603271484,2.454739570617676,1.3514646291732788,0.1727868765592575,-0.2239425927400589,0.012123148888349533,-0.7123537659645081,5.669650077819824,-1.4984021186828613,25.67709732055664,-47.17182540893555,-65.12840270996094,-308.0,-876.0,-799.0,0,0,0,0,0
47745.133,1.4868676662445068,2.453091859817505,1.3508611917495728,0.1678934544324875,-0.2163638323545456,-0.10008461028337479,-0.08213721215724945,6.186389923095703,-2.2393946647644043,-87.19661712646484,-22.049211502075195,-85.48271179199219,-1261.0,-1121.0,-1659.0,0,0,0,0,0
47755.031,1.4879018068313599,2.451505422592163,1.3496729135513306,0.14928287267684937,-0.21055907011032104,-0.09474463015794754,-0.7779238820075989,6.479006290435791,-1.2353096008300781,-42.35607147216797,-47.33669662475586,-2.908881664276123,1226.0,-776.0,-2157.0,0,0,0,0,0
47764.938,1.488608717918396,2.4501049518585205,1.3491816520690918,0.11749930679798126,-0.19996920228004456,0.023479539901018143,-1.1871881484985352,6.897488117218018,-2.159275531768799,-21.5689754486084,-40.335243225097656,-149.20118713378906,1362.0,-1049.0,-2688.0,0,0,0,0,0
47774.855,1.488993525505066,2.4488468170166016,1.349231243133545,0.10094154626131058,-0.19151225686073303,0.011202642694115639,-1.1654441356658936,7.2335429191589355,-2.1551928520202637,-86.208251953125,-18.215373992919922,201.92955017089844,1290.0,-877.0,-3244.0,0,0,0,0,0
47784.752,1.4891860485076904,2.447714328765869,1.3495606184005737,0.07604528963565826,-0.18194060027599335,0.06208619847893715,-2.037838935852051,7.3095903396606445,-0.6532599329948425,-3.389909267425537,-13.794642448425293,-79.26335144042969,2487.0,-413.0,-2119.0,0,0,0,0,0
47794.668,1.4894976615905762,2.4463491439819336,1.3502317667007446,0.057468660175800323,-0.1727747768163681,0.0792389065027237,-2.2121822834014893,7.649135112762451,-1.0396695137023926,-55.788150787353516,-13.126694679260254,12.795095443725586,2233.0,-873.0,-1353.0,0,0,0,0,0
47804.566,1.4892792701721191,2.445467472076416,1.3507603406906128,0.04522961005568504,-0.16484123468399048,0.040966376662254333,-2.67291259765625,7.893228054046631,-1.2284131050109863,61.92188262939453,-35.68617248535156,72.79652404785156,2325.0,-1121.0,-1121.0,0,0,0,0,0
47814.483,1.4888888597488403,2.444751501083374,1.3509743213653564,0.031187834218144417,-0.15492528676986694,0.017163962125778198,-2.657982349395752,8.103116989135742,-1.0126335620880127,-8.657986640930176,-32.91939163208008,121.62161254882812,246.0,-2017.0,-961.0,0,0,0,0,0
47824.381,1.4883766174316406,2.4442121982574463,1.3504016399383545,0.03165825456380844,-0.14898473024368286,-0.09774642437696457,-2.49345326423645,8.602614402770996,-1.2074975967407227,-18.704458236694336,-28.36670684814453,-92.43345642089844,782.0,-3453.0,-596.0,0,0,0,0,0
47834.287,1.4881528615951538,2.4432947635650635,1.3495622873306274,0.008984342217445374,-0.13793519139289856,-0.05565677583217621,-2.9891011714935303,8.963484764099121,-1.117013692855835,14.642998695373535,-26.869144439697266,5.025412559509277,1623.0,-4028.0,-494.0,0,0,0,0,0
47844.195,1.4871889352798462,2.443063735961914,1.3495042324066162,-0.028327791020274162,-0.1194281280040741,0.06729508936405182,-3.0241806507110596,9.288646697998047,-1.0279207229614258,-15.072954177856445,-17.658201217651367,-14.866951942443848,1125.0,-3894.0,-510.0,0,0,0,0,0
47854.128,1.485966444015503,2.4430112838745117,1.3498141765594482,-0.0366307869553566,-0.11081911623477936,0.012743611820042133,-3.002329111099243,9.56153392791748,-1.5105211734771729,0.4481760561466217,-33.89441680908203,-53.27016067504883,1194.0,-3638.0,-955.0,0,0,0,0,0
47864.009,1.4845160245895386,2.4431357383728027,1.3502503633499146,-0.0649481937289238,-0.09532321244478226,0.07705061882734299,-3.1365091800689697,9.84422492980957,-1.5790332555770874,0.12950590252876282,-9.536470413208008,-21.1865291595459,962.0,-3770.0,-1592.0,0,0,0,0,0
47873.922,1.482833981513977,2.4434802532196045,1.3508607149124146,-0.07742889970541,-0.0847318023443222,0.04878358542919159,-3.053708553314209,10.011903762817383,-1.803769826889038,1.3318358659744263,-12.988286018371582,-1.5011428594589233,859.0,-3475.0,-2230.0,0,0,0,0,0
47883.824,1.4810047149658203,2.4439444541931152,1.3513654470443726,-0.0936196967959404,-0.07322580367326736,0.043832868337631226,-3.1368281841278076,10.140226364135742,-1.7648295164108276,-10.46523666381836,-25.370759963989258,-24.409576416015625,1206.0,-3763.0,-2648.0,0,0,0,0,0
47893.74,1.4795622825622559,2.443878173828125,1.3514007329940796,-0.09535103291273117,-0.06846337020397186,-0.02933601289987564,-3.3202626705169678,10.42077922821045,-1.5484070777893066,35.23546600341797,-47.40314483642578,30.462146759033203,1309.0,-4905.0,-2642.0,0,0,0,0,0
47903.638,1.4775983095169067,2.4445579051971436,1.3506518602371216,-0.09906437993049622,-0.06049783527851105,-0.09550995379686356,-3.238801956176758,10.763374328613281,-1.0798548460006714,40.87057876586914,-8.440011024475098,138.8273162841797,436.0,-6336.0,-2043.0,0,0,0,0,0
47913.545,1.4754447937011719,2.4453835487365723,1.3499807119369507,-0.12846523523330688,-0.045048873871564865,-0.028214989230036736,-3.0899558067321777,11.061736106872559,-0.6104450821876526,-19.9854793548584,-17.584821701049805,-24.615360260009766,-2.0,-6652.0,-800.0,0,0,0,0,0
47923.453,1.472988247871399,2.446420669555664,1.3500765562057495,-0.16022108495235443,-0.029299406334757805,0.04919976368546486,-3.0971500873565674,11.352397918701172,-0.7014328837394714,57.17683029174805,-22.18558120727539,-117.63681030273438,626.0,-6590.0,314.0,0,0,0,0,0
47933.37,1.4703261852264404,2.4476754665374756,1.3503583669662476,-0.16949746012687683,-0.01956796459853649,0.014043884351849556,-2.9318394660949707,11.515230178833008,-0.39459407329559326,0.4113770127296448,6.809659004211426,14.601114273071289,-500.0,-6242.0,861.0,0,0,0,0,0
47943.267,1.4674372673034668,2.4490323066711426,1.3508089780807495,-0.19698213040828705,-0.005771944765001535,0.06874656677246094,-2.4785022735595703,11.578784942626953,-0.8912845253944397,38.58135223388672,9.8617582321167,-16.003826141357422,-413.0,-5439.0,668.0,0,0,0,0,0
47953.174,1.4649025201797485,2.449746608734131,1.3512614965438843,-0.2013353705406189,-0.00026318462914787233,0.01865229383111,-2.1307268142700195,11.555581092834473,-1.7074003219604492,13.699790000915527,-7.356845855712891,2.698984146118164,-1168.0,-4640.0,-397.0,0,0,0,0,0
47963.091,1.4617085456848145,2.451321840286255,1.3515279293060303,-0.21617160737514496,0.009472797624766827,0.01519056223332882,-1.6916438341140747,11.407014846801758,-1.5339936017990112,-27.856584548950195,-3.7228686809539795,77.64839935302734,89.0,-4804.0,-1226.0,0,0,0,0,0
47972.998,1.4585204124450684,2.452951431274414,1.3511466979980469,-0.2098517119884491,0.012995590455830097,-0.08574914187192917,-2.3227596282958984,11.537731170654297,-0.9171537756919861,100.42414855957031,-8.883851051330566,-195.92311096191406,1241.0,-6162.0,-1103.0,0,0,0,0,0
47982.896,1.4553223848342896,2.454667091369629,1.35013747215271,-0.2190365344285965,0.022078009322285652,-0.10715027153491974,-1.640486717224121,11.78026008605957,-1.7175699472427368,38.12997817993164,10.921719551086426,77.42906951904297,-996.0,-7569.0,-1496.0,0,0,0,0,0
47992.807,1.4524143934249878,2.455742359161377,1.3496043682098389,-0.25371840596199036,0.03077591396868229,-0.0007082823431119323,-1.3585134744644165,11.774624824523926,-0.827226459980011,21.706689834594727,17.587587356567383,225.55894470214844,-605.0,-7610.0,-1194.0,0,0,0,0,0
48002.719,1.4486808776855469,2.457658529281616,1.3496003150939941,-0.26918289065361023,0.03825632855296135,0.008315187878906727,-1.6719740629196167,11.833022117614746,-0.15266843140125275,107.38174438476562,4.374567985534668,-136.51683044433594,-330.0,-7362.0,9.0,0,0,0,0,0
48012.627,1.4447728395462036,2.459737539291382,1.3497873544692993,-0.2859290838241577,0.047237418591976166,0.025149211287498474,-0.7767682671546936,11.884187698364258,-1.0195902585983276,3.9225423336029053,25.24228858947754,-139.2500457763672,-1818.0,-6961.0,88.0,0,0,0,0,0
48022.525,1.4407060146331787,2.461867332458496,1.350264310836792,-0.3069196343421936,0.05453331395983696,0.06273908168077469,-0.47640112042427063,11.622762680053711,-1.594717264175415,74.65115356445312,53.801395416259766,-58.29396057128906,-1553.0,-5460.0,-1006.0,0,0,0,0,0
48032.432,1.4364783763885498,2.464046001434326,1.3507342338562012,-0.3104998767375946,0.06079708784818649,0.016590146347880363,0.14387556910514832,11.184524536132812,-2.2901957035064697,-56.31410598754883,-15.48086929321289,-27.709657669067383,-2204.0,-4224.0,-2463.0,0,0,0,0,0
48042.339,1.4321843385696411,2.4662084579467773,1.350879192352295,-0.3210255205631256,0.06543214619159698,0.015411540865898132,0.1903102546930313,11.133468627929688,-1.9669607877731323,15.448721885681152,4.529052734375,168.06903076171875,149.0,-5907.0,-3221.0,0,0,0,0,0
48052.256,1.4284557104110718,2.467664957046509,1.350480079650879,-0.3088602125644684,0.06613081693649292,-0.09154433012008667,-0.20905150473117828,11.074614524841309,-0.9949502944946289,58.87894058227539,-7.447329044342041,135.508544921875,-343.0,-7728.0,-2897.0,0,0,0,0,0
48062.155,1.4238439798355103,2.469982385635376,1.3494316339492798,-0.3207983672618866,0.07145946472883224,-0.08244603872299194,0.8414875864982605,11.184120178222656,-1.8878326416015625,-11.219223022460938,10.385602951049805,29.38961410522461,-2014.0,-8720.0,-2635.0,0,0,0,0,0
48072.063,1.4198981523513794,2.471494436264038,1.3493257761001587,-0.35700923204421997,0.07030496001243591,0.06129096820950508,0.8259181380271912,10.99337387084961,-0.9521569013595581,56.47062683105469,22.000181198120117,67.14940643310547,-899.0,-8359.0,-1847.0,0,0,0,0,0
48081.971,1.4146852493286133,2.474536895751953,1.349737286567688,-0.3588927984237671,0.07651705294847488,0.01699252240359783,0.7690228223800659,10.932518005371094,-0.26824331283569336,64.57948303222656,64.96453857421875,-116.45582580566406,-1658.0,-8061.0,-506.0,0,0,0,0,0
48091.888,1.4104498624801636,2.4760751724243164,1.350210428237915,-0.37758633494377136,0.07577431946992874,0.07701876014471054,1.7561496496200562,10.615386962890625,-1.5002212524414062,20.050174713134766,74.76402282714844,-191.6227264404297,-2303.0,-6306.0,-707.0,0,0,0,0,0
48101.785,1.4055198431015015,2.4783740043640137,1.3510262966156006,-0.3855571448802948,0.07740511000156403,0.07226394861936569,2.0123775005340576,9.925089836120605,-2.5786008834838867,57.167327880859375,72.44793701171875,140.72506713867188,-1910.0,-3659.0,-2431.0,0,0,0,0,0
48111.693,1.400524616241455,2.4806506633758545,1.3515923023223877,-0.38612762093544006,0.08000507950782776,0.030344868078827858,2.309195041656494,9.169787406921387,-2.1245906352996826,11.02194881439209,36.303680419921875,97.61524200439453,-2018.0,-2721.0,-3187.0,0,0,0,0,0
48121.602,1.3956348896026611,2.4828975200653076,1.3516654968261719,-0.3850471079349518,0.08149000257253647,-0.006253307685256004,2.3286516666412354,8.9003324508667,-1.2364497184753418,53.36919403076172,39.73573303222656,38.15711975097656,-1280.0,-4837.0,-2550.0,0,0,0,0,0
48131.514,1.3913222551345825,2.484429359436035,1.3511865139007568,-0.37587854266166687,0.08208213001489639,-0.08224114030599594,2.4545328617095947,8.653060913085938,-0.4919443428516388,-6.340507984161377,43.27193832397461,56.712303161621094,-1888.0,-7070.0,-1455.0,0,0,0,0,0
48141.411,1.3870378732681274,2.485938549041748,1.3505311012268066,-0.38362085819244385,0.0773044005036354,-0.04182834550738335,2.916574478149414,8.477428436279297,-1.2297825813293457,25.42512321472168,27.591737747192383,111.20256042480469,-859.0,-7554.0,-623.0,0,0,0,0,0
48151.318,1.3815321922302246,2.488693952560425,1.3505258560180664,-0.40434905886650085,0.07276791334152222,0.0706692785024643,2.494719982147217,8.184414863586426,0.053753405809402466,50.099063873291016,29.498064041137695,-16.27723503112793,-951.0,-7480.0,666.0,0,0,0,0,0
48161.225,1.3764314651489258,2.490715265274048,1.3508065938949585,-0.39869168400764465,0.075111024081707,0.012045398354530334,3.1063718795776367,7.920020580291748,-0.7002402544021606,8.606679916381836,89.58272552490234,-127.92877960205078,-1631.0,-6875.0,1068.0,0,0,0,0,0
48171.144,1.371265172958374,2.4926722049713135,1.3512624502182007,-0.410126268863678,0.06919287145137787,0.07927536964416504,3.237056016921997,7.203391075134277,-1.5039699077606201,-8.15854263305664,117.224609375,-35.0540771484375,-1378.0,-4126.0,-25.0,0,0,0,0,0
48181.04,1.366175889968872,2.494558811187744,1.3518587350845337,-0.4086081385612488,0.06838852167129517,0.05011500418186188,3.366396427154541,6.2386980056762695,-2.0647132396698,3.0410759449005127,36.788230895996094,-47.33753967285156,-545.0,-1397.0,-1322.0,0,0,0,0,0
48190.946,1.3616186380386353,2.495797634124756,1.3522264957427979,-0.40415966510772705,0.06469892710447311,0.027282830327749252,3.1862680912017822,5.648434162139893,-1.1263316869735718,78.57354736328125,31.384777069091797,-35.328826904296875,-1369.0,-2523.0,-1416.0,0,0,0,0,0
48200.864,1.3566153049468994,2.497635841369629,1.352081298828125,-0.3945232629776001,0.06816370785236359,-0.05142584815621376,3.888660430908203,5.326460361480713,-0.4785085618495941,-13.239068031311035,21.70602035522461,122.09767150878906,-3212.0,-4803.0,-740.0,0,0,0,0,0
48210.771,1.3516403436660767,2.499539852142334,1.3512860536575317,-0.3883149027824402,0.06756105273962021,-0.09182598441839218,4.094608783721924,4.982772350311279,-0.4074917435646057,-84.61760711669922,57.03339385986328,-166.08480834960938,-1660.0,-6475.0,345.0,0,0,0,0,0
48220.669,1.3468717336654663,2.5011096000671387,1.350621223449707,-0.3899632394313812,0.05815359205007553,-0.026454860344529152,3.6187236309051514,4.720227241516113,-0.5005396008491516,117.85554504394531,35.7945556640625,14.161541938781738,886.0,-6603.0,1138.0,0,0,0,0,0
48230.576,1.3420864343643188,2.502570390701294,1.350555419921875,-0.39019688963890076,0.0508732795715332,0.02688850462436676,3.7109735012054443,4.3881330490112305,0.8133786916732788,-41.59136199951172,68.97429656982422,186.67849731445312,-1245.0,-6766.0,2122.0,0,0,0,0,0
48240.483,1.3373558521270752,2.5038163661956787,1.3507168292999268,-0.38505348563194275,0.04698671028017998,0.01544420886784792,3.951218605041504,4.027266502380371,-0.3083834946155548,30.18107032775879,61.51821517944336,-220.88442993164062,110.0,-5512.0,2489.0,0,0,0,0,0
48250.4,1.3330827951431274,2.5046184062957764,1.3512020111083984,-0.38337573409080505,0.03650561347603798,0.07648869603872299,3.5655441284179688,3.222533702850342,-1.051343321800232,-47.876182556152344,72.7764892578125,-148.98545837402344,246.0,-2819.0,1475.0,0,0,0,0,0
48260.298,1.3284497261047363,2.505732774734497,1.3517966270446777,-0.37670719623565674,0.03459422290325165,0.036706335842609406,3.4729340076446533,2.318369150161743,-0.887248158454895,67.15248107910156,54.94776916503906,-1.9189320802688599,1427.0,-962.0,849.0,0,0,0,0,0
48270.213,1.323972225189209,2.5067708492279053,1.3522250652313232,-0.36894485354423523,0.03149953484535217,0.01752612739801407,3.1907448768615723,1.7412500381469727,0.3856825828552246,121.13848876953125,48.6872444152832,-81.0107421875,-1673.0,-1939.0,1541.0,0,0,0,0,0
48280.112,1.3196552991867065,2.5078237056732178,1.3520681858062744,-0.35864952206611633,0.03529615327715874,-0.06145404279232025,4.495117664337158,1.3010830879211426,0.33272695541381836,-67.05638122558594,48.94963073730469,232.4715118408203,-4029.0,-3392.0,2164.0,0,0,0,0,0
48290.028,1.315798044204712,2.508471727371216,1.3513448238372803,-0.348408043384552,0.02926950342953205,-0.0782996416091919,4.251042366027832,0.8435814380645752,0.6293745040893555,-134.13087463378906,35.80539321899414,-188.55984497070312,-302.0,-4396.0,3168.0,0,0,0,0,0
48299.926,1.3116858005523682,2.509251356124878,1.351033329963684,-0.3395010828971863,0.017561232671141624,0.008228159509599209,3.315570592880249,0.5266450643539429,0.05268628150224686,107.93570709228516,-18.43153953552246,-287.6150817871094,2139.0,-4726.0,3592.0,0,0,0,0,0
48309.833,1.307692527770996,2.5099053382873535,1.351206660270691,-0.3297177255153656,0.01250603049993515,0.027788221836090088,3.854590892791748,0.23110754787921906,0.6786805391311646,-103.9053955078125,82.19223022460938,226.14793395996094,-834.0,-5430.0,3298.0,0,0,0,0,0
48319.75,1.303783893585205,2.510329246520996,1.3516850471496582,-0.31995251774787903,0.005433937534689903,0.046303000301122665,3.675198554992676,-0.2564515471458435,0.27031606435775757,41.80012893676758,64.57561492919922,-37.45400619506836,1108.0,-3880.0,3125.0,0,0,0,0,0
48329.657,1.3003462553024292,2.5105206966400146,1.3524004220962524,-0.30870211124420166,-0.0023182628210633993,0.07285276800394058,3.2729337215423584,-0.896154522895813,-0.22526413202285767,-73.30583190917969,77.1539077758789,-26.974885940551758,964.0,-2112.0,2311.0,0,0,0,0,0
48339.555,1.2964578866958618,2.5109498500823975,1.3533709049224854,-0.2997940182685852,-0.004980489611625671,0.04221056029200554,3.0120279788970947,-1.609304666519165,-0.4454231560230255,165.6542205810547,35.94122314453125,-125.93273162841797,1240.0,-965.0,1648.0,0,0,0,0,0
48349.462,1.2933040857315063,2.511075019836426,1.3536325693130493,-0.2885718047618866,-0.006180696189403534,-0.0023350350093096495,3.537278413772583,-2.0764212608337402,0.41111916303634644,90.95765686035156,50.37228775024414,-127.73072814941406,-4027.0,-1790.0,1605.0,0,0,0,0,0
48359.381,1.2900060415267944,2.5114216804504395,1.3536511659622192,-0.2787267565727234,-0.0042952001094818115,-0.06442776322364807,4.896291255950928,-2.5330910682678223,0.002452014246955514,-32.49079513549805,35.98291778564453,231.28265380859375,-4710.0,-2428.0,1582.0,0,0,0,0,0
48369.292,1.2868540287017822,2.511514186859131,1.3531625270843506,-0.26574572920799255,-0.011594257317483425,-0.06937984377145767,4.532924175262451,-2.8199095726013184,1.1069886684417725,-82.61663818359375,48.401668548583984,18.015384674072266,-102.0,-3652.0,2424.0,0,0,0,0,0
48379.184,1.284043550491333,2.5114150047302246,1.3528709411621094,-0.24743445217609406,-0.024531668052077293,0.011018352583050728,3.564699649810791,-3.0782439708709717,0.3006018102169037,91.28646850585938,-15.332053184509277,-297.2312316894531,1270.0,-3838.0,2992.0,0,0,0,0,0
48389.09,1.2815392017364502,2.5112218856811523,1.353145718574524,-0.23314112424850464,-0.02957487292587757,0.014593332074582577,4.353536128997803,-3.3617303371429443,0.1314871460199356,-129.3500213623047,60.519493103027344,157.9749298095703,-1050.0,-3882.0,2408.0,0,0,0,0,0
48399.005,1.279024600982666,2.5108089447021484,1.353641390800476,-0.2179616093635559,-0.038925595581531525,0.0433279350399971,3.8593268394470215,-3.846797227859497,0.7251642942428589,28.042686462402344,53.776771545410156,-77.55410766601562,1123.0,-2458.0,2622.0,0,0,0,0,0
48408.915,1.276757836341858,2.510342836380005,1.3542131185531616,-0.2029603123664856,-0.04612301290035248,0.057740483433008194,3.621676445007324,-4.346149921417236,0.14541280269622803,-108.33995819091797,43.95409393310547,14.463640213012695,1088.0,-1176.0,2285.0,0,0,0,0,0
48418.813,1.274639368057251,2.509831666946411,1.3549264669418335,-0.19055482745170593,-0.05104926601052284,0.03876570612192154,3.0811548233032227,-4.915568828582764,0.018269333988428116,169.82264709472656,29.956132888793945,-117.66899871826172,964.0,-254.0,2028.0,0,0,0,0,0
48428.72,1.2728238105773926,2.509329319000244,1.3551373481750488,-0.1823825240135193,-0.04950861632823944,-0.03435622155666351,4.0092668533325195,-5.402027606964111,0.5580171942710876,45.1946907043457,46.249637603759766,50.326080322265625,-5360.0,-291.0,2149.0,0,0,0,0,0
48438.627,1.2711162567138672,2.5088071823120117,1.3546444177627563,-0.17102105915546417,-0.05038920044898987,-0.07605515420436859,5.425771713256836,-5.836476802825928,0.5743805766105652,-87.35538482666016,36.799930572509766,121.06909942626953,-5113.0,-522.0,2679.0,0,0,0,0,0
48448.544,1.269392728805542,2.5080535411834717,1.35387122631073,-0.1528746783733368,-0.06056717783212662,-0.07181677222251892,4.743141174316406,-6.153923511505127,1.516853928565979,-49.402164459228516,60.2385139465332,91.68975830078125,881.0,-1394.0,3660.0,0,0,0,0,0
48458.457,1.2680386304855347,2.5072572231292725,1.3534328937530518,-0.13049839437007904,-0.07204034179449081,-0.01703251153230667,3.6547892093658447,-6.419900417327881,0.9257273077964783,96.12364959716797,10.379310607910156,-124.84320831298828,1762.0,-1425.0,4190.0,0,0,0,0,0
48468.352,1.2670570611953735,2.5061399936676025,1.3534733057022095,-0.11196214705705643,-0.07910040766000748,0.002855426399037242,4.341728687286377,-6.756424903869629,0.38968926668167114,-130.84666442871094,37.76762390136719,135.79307556152344,-485.0,-1225.0,3826.0,0,0,0,0,0
48478.259,1.2662254571914673,2.5048792362213135,1.3537867069244385,-0.0932239517569542,-0.08820923417806625,0.024962207302451134,3.7200639247894287,-7.072815895080566,1.445974349975586,7.556014537811279,14.692233085632324,-34.71369934082031,1720.0,-779.0,4327.0,0,0,0,0,0
48488.184,1.2654833793640137,2.50378680229187,1.3541079759597778,-0.07532069087028503,-0.09459523111581802,0.04000763222575188,3.3156118392944336,-7.33601188659668,0.9116079211235046,-85.70358276367188,30.713483810424805,-32.28805160522461,1700.0,-539.0,4289.0,0,0,0,0,0
48498.074,1.2650439739227295,2.502467155456543,1.354475736618042,-0.061929427087306976,-0.09935634583234787,0.02262471616268158,2.7362194061279297,-7.79314661026001,0.31000232696533203,160.9192352294922,-0.5260025262832642,-208.2993927001953,431.0,577.0,3770.0,0,0,0,0,0
48507.98,1.2647514343261719,2.5012028217315674,1.3543161153793335,-0.05768913775682449,-0.09669593721628189,-0.06134381890296936,3.847551107406616,-8.120843887329102,0.4043869376182556,19.421306610107422,35.365020751953125,69.27552032470703,-5850.0,583.0,3009.0,0,0,0,0,0
48517.887,1.2645716667175293,2.4999303817749023,1.3536800146102905,-0.04402502626180649,-0.09973341226577759,-0.07937376201152802,5.162298679351807,-8.391519546508789,0.809357225894928,-131.84567260742188,30.901655197143555,38.8031120300293,-5024.0,655.0,2778.0,0,0,0,0,0
48527.806,1.2645740509033203,2.4984915256500244,1.3530042171478271,-0.02607223391532898,-0.10941105335950851,-0.06849642097949982,4.282270431518555,-8.730031967163086,0.46236178278923035,-21.716087341308594,54.3172492980957,35.77290344238281,1578.0,649.0,2430.0,0,0,0,0,0
48537.707,1.264902114868164,2.4968433380126953,1.3525333404541016,-0.004826672840863466,-0.11879539489746094,-0.03953150659799576,3.294034957885742,-8.973276138305664,0.34382182359695435,69.62638092041016,21.907127380371094,55.592716217041016,1634.0,974.0,1946.0,0,0,0,0,0
48547.605,1.2651948928833008,2.495337724685669,1.3524736166000366,0.017524251714348793,-0.12554137408733368,0.0015732364263385534,3.995347023010254,-9.225772857666016,0.24995826184749603,-117.74474334716797,27.017906188964844,86.26683807373047,-88.0,1148.0,1916.0,0,0,0,0,0
48557.523,1.2659157514572144,2.4933578968048096,1.3526666164398193,0.03655964136123657,-0.13379701972007751,0.018643030896782875,3.2582590579986572,-9.431892395019531,1.4379278421401978,3.239086866378784,13.583293914794922,-58.71964645385742,1997.0,1042.0,2784.0,0,0,0,0,0
48567.435,1.2668927907943726,2.4913859367370605,1.3530328273773193,0.056073326617479324,-0.14008164405822754,0.03722372278571129,2.761124849319458,-9.610567092895508,0.5770304203033447,-24.521442413330078,31.430208206176758,150.0349884033203,2120.0,1226.0,2747.0,0,0,0,0,0
48577.337,1.2681013345718384,2.4894678592681885,1.3533318042755127,0.06786497682332993,-0.1435241997241974,0.014272517524659634,2.2191333770751953,-9.984323501586914,0.08620167523622513,184.07156372070312,1.901748538017273,-70.60051727294922,-433.0,2240.0,2301.0,0,0,0,0,0
48587.24,1.2694120407104492,2.487597703933716,1.3531303405761719,0.07057851552963257,-0.14050880074501038,-0.06083550304174423,3.5847585201263428,-10.179937362670898,-0.030879497528076172,-19.21210479736328,15.38658618927002,-47.164207458496094,-6764.0,2349.0,1817.0,0,0,0,0,0
48597.148,1.2704787254333496,2.485950469970703,1.3524603843688965,0.08284793049097061,-0.14281347393989563,-0.07553280144929886,4.697726249694824,-10.362737655639648,0.5488110184669495,-179.93052673339844,12.57328987121582,-11.474065780639648,-4387.0,2596.0,1755.0,0,0,0,0,0
48607.059,1.272034764289856,2.483863592147827,1.3519099950790405,0.1050676703453064,-0.15330205857753754,-0.03999227285385132,3.4391186237335205,-10.645281791687012,0.18796153366565704,1.2375842332839966,24.82839012145996,-116.33031463623047,2375.0,3054.0,1508.0,0,0,0,0,0
48616.957,1.2738380432128906,2.4815704822540283,1.3514941930770874,0.12069124728441238,-0.15953096747398376,-0.03963752090930939,2.6756131649017334,-10.924039840698242,-0.43025079369544983,4.062290668487549,-0.3067207932472229,129.27072143554688,1245.0,3484.0,777.0,0,0,0,0,0
48626.864,1.2759851217269897,2.47920298576355,1.3513904809951782,0.14676149189472198,-0.16635122895240784,0.01190931536257267,3.4155728816986084,-10.987154006958008,0.4092061221599579,-119.62539672851562,-1.7230943441390991,-37.34575653076172,549.0,2926.0,1230.0,0,0,0,0,0
48636.771,1.2784641981124878,2.4767777919769287,1.3514877557754517,0.16416902840137482,-0.1727418601512909,0.018776865676045418,2.3648455142974854,-11.077818870544434,0.9682353138923645,-15.944966316223145,-7.623126029968262,-255.99887084960938,2759.0,2379.0,2276.0,0,0,0,0,0
48646.687,1.280591607093811,2.474651575088501,1.3518476486206055,0.18432961404323578,-0.17626695334911346,0.04850899428129196,1.7292163372039795,-11.04015827178955,-0.021230122074484825,41.36172103881836,9.006063461303711,170.990966796875,2762.0,2202.0,1886.0,0,0,0,0,0
48656.595,1.2833389043807983,2.472219705581665,1.3520057201385498,0.18734492361545563,-0.17699286341667175,-0.0106186643242836,1.493865728378296,-11.176454544067383,0.0647367611527443,194.76658630371094,-3.1532809734344482,175.172119140625,-1371.0,2766.0,1420.0,0,0,0,0,0
48666.493,1.2861380577087402,2.4699082374572754,1.3514931201934814,0.19247561693191528,-0.17448842525482178,-0.059257347136735916,3.029313802719116,-11.15034008026123,-0.0028693366330116987,-37.26802444458008,-2.363856792449951,-64.11194610595703,-6842.0,2849.0,1427.0,0,0,0,0,0
48676.4,1.2888953685760498,2.467576742172241,1.3508018255233765,0.20157918334007263,-0.17655833065509796,-0.08251985907554626,3.5823256969451904,-11.134819984436035,0.024191860109567642,-177.95745849609375,1.0207850933074951,-18.723161697387695,-2566.0,3092.0,1161.0,0,0,0,0,0
48686.322,1.2917912006378174,2.465038299560547,1.3500603437423706,0.2230844348669052,-0.1848309487104416,-0.039412207901477814,1.9279628992080688,-11.251876831054688,-0.4647926390171051,24.090206146240234,-4.442941188812256,-149.03411865234375,3454.0,4020.0,437.0,0,0,0,0,0
48696.215,1.294474482536316,2.462811231613159,1.349520206451416,0.23223058879375458,-0.18623894453048706,-0.05172409489750862,1.4245471954345703,-11.371366500854492,-1.4481866359710693,-82.3876953125,-40.175838470458984,67.2807388305664,1634.0,4424.0,-770.0,0,0,0,0,0
48706.131,1.297791600227356,2.460073947906494,1.349229097366333,0.2563924193382263,-0.19008247554302216,0.004947585053741932,1.8309855461120605,-11.192708969116211,0.16464614868164062,-106.68511962890625,-28.111757278442383,14.246981620788574,2137.0,3427.0,-292.0,0,0,0,0,0
48716.029,1.3012974262237549,2.4572606086730957,1.3492158651351929,0.268657386302948,-0.19370394945144653,0.005110821686685085,0.7198010087013245,-11.102253913879395,0.5336491465568542,-51.51345443725586,-34.0032958984375,-204.23191833496094,3573.0,2674.0,852.0,0,0,0,0,0
48725.946,1.304958462715149,2.454583168029785,1.3494065999984741,0.28791505098342896,-0.1945738047361374,0.04250703752040863,0.017721811309456825,-10.814420700073242,-0.753272533416748,71.66082763671875,-33.67881774902344,19.236989974975586,3098.0,2072.0,465.0,0,0,0,0,0
48735.843,1.3087265491485596,2.4520440101623535,1.3492189645767212,0.28165149688720703,-0.19301296770572662,-0.04903101548552513,0.08461764454841614,-10.633931159973145,-0.42246347665786743,176.7017822265625,-8.695497512817383,266.7276611328125,-2170.0,2077.0,17.0,0,0,0,0,0
48745.749,1.3120473623275757,2.4498815536499023,1.3485338687896729,0.2869804799556732,-0.18865424394607544,-0.0685725286602974,1.8563603162765503,-10.400064468383789,0.1350526362657547,-63.58522033691406,-7.508601665496826,37.7000732421875,-6557.0,2464.0,519.0,0,0,0,0,0
48755.667,1.3159466981887817,2.4474170207977295,1.347576379776001,0.29142674803733826,-0.1892310082912445,-0.09726734459400177,1.9089444875717163,-10.232768058776855,-0.2762715816497803,-136.00653076171875,-2.4120476245880127,-85.27267456054688,-1040.0,3220.0,654.0,0,0,0,0,0
48765.574,1.3199774026870728,2.4447872638702393,1.3467800617218018,0.3098008632659912,-0.1931701898574829,-0.043361909687519073,0.26904305815696716,-10.199516296386719,-0.7954797744750977,67.94667053222656,-26.59758186340332,6.187197208404541,3837.0,4304.0,-57.0,0,0,0,0,0
48775.472,1.3240571022033691,2.4421679973602295,1.346303105354309,0.31957167387008667,-0.19274288415908813,-0.03454648330807686,0.18643292784690857,-10.116692543029785,-1.3298627138137817,-125.54407501220703,-49.06916427612305,51.19432067871094,1230.0,4107.0,-749.0,0,0,0,0,0
48785.388,1.3277974128723145,2.4398796558380127,1.3460516929626465,0.33234903216362,-0.1912698745727539,-0.0005616582930088043,0.24240697920322418,-9.695362091064453,0.006932894699275494,-85.55734252929688,-55.854244232177734,76.12580108642578,2874.0,2875.0,-25.0,0,0,0,0,0
48795.286,1.3326435089111328,2.4368135929107666,1.3460562229156494,0.34388870000839233,-0.19275017082691193,0.01726543717086315,-0.797804594039917,-9.430524826049805,0.6417657136917114,-60.829158782958984,-40.02046203613281,-129.07296752929688,3749.0,1932.0,1111.0,0,0,0,0,0
48805.203,1.336651086807251,2.4345805644989014,1.346314787864685,0.352861225605011,-0.18891401588916779,0.03752131387591362,-1.4017207622528076,-8.929529190063477,-1.0459105968475342,115.4188232421875,-52.69140625,-202.08978271484375,2646.0,1485.0,715.0,0,0,0,0,0
48815.1,1.3412164449691772,2.432152032852173,1.3461148738861084,0.3439767360687256,-0.18629135191440582,-0.0601055845618248,-1.0244231224060059,-8.539166450500488,-0.9971489906311035,127.56342315673828,-35.03646469116211,-34.47665023803711,-3334.0,1545.0,2.0,0,0,0,0,0
48825.008,1.3456611633300781,2.4299468994140625,1.3453933000564575,0.3482797145843506,-0.18125291168689728,-0.060695331543684006,0.7845593094825745,-8.236554145812988,0.06580954045057297,-125.8055419921875,-30.64778709411621,-17.51247787475586,-5742.0,2186.0,233.0,0,0,0,0,0
48834.915,1.3504772186279297,2.427478551864624,1.3444629907608032,0.347564697265625,-0.1809307038784027,-0.09453552961349487,0.22397643327713013,-7.879178524017334,-0.5274460911750793,-62.71942138671875,-6.101563453674316,-25.190227508544922,1052.0,2783.0,86.0,0,0,0,0,0
48844.834,1.3544909954071045,2.425405263900757,1.3437212705612183,0.3551368713378906,-0.17928564548492432,-0.04917505756020546,-1.228326439857483,-7.711754322052002,-1.4786514043807983,98.77021789550781,-39.71432113647461,175.12841796875,3233.0,3814.0,-1150.0,0,0,0,0,0
48854.733,1.3590928316116333,2.423082113265991,1.3433276414871216,0.36199072003364563,-0.17522349953651428,-0.01672658510506153,-0.6172723770141602,-7.445059299468994,-1.2454484701156616,-139.788818359375,-26.466541290283203,164.51600646972656,739.0,3262.0,-1553.0,0,0,0,0,0
48864.647,1.3637354373931885,2.420706033706665,1.3432667255401611,0.3668760359287262,-0.1734953373670578,0.0035314024426043034,-1.1419671773910522,-6.985296726226807,0.17911478877067566,-23.822410583496094,-74.48795318603516,-64.11320495605469,3160.0,2085.0,-367.0,0,0,0,0,0
48874.549,1.368368148803711,2.418483018875122,1.3435070514678955,0.3715074956417084,-0.16987363994121552,0.029711322858929634,-1.8762199878692627,-6.370977401733398,0.0036188082303851843,-61.85442352294922,-62.5271110534668,6.6353607177734375,3142.0,594.0,296.0,0,0,0,0,0
48884.468,1.3725640773773193,2.416597604751587,1.3437801599502563,0.3697562515735626,-0.1649457961320877,0.01875648833811283,-2.290476083755493,-5.779035568237305,-1.2483586072921753,160.15785217285156,-52.83065414428711,-7.557927131652832,1168.0,199.0,-189.0,0,0,0,0,0
48894.372,1.3776960372924805,2.4145138263702393,1.3436211347579956,0.36260369420051575,-0.1605534702539444,-0.06718280911445618,-1.2703663110733032,-5.3015875816345215,-1.1963728666305542,28.848529815673828,-44.64335632324219,-227.09707641601562,-5073.0,622.0,-618.0,0,0,0,0,0
48904.278,1.381793737411499,2.412825345993042,1.3428601026535034,0.35883790254592896,-0.15488485991954803,-0.07651925086975098,0.0297054722905159,-4.863012790679932,-0.8641347885131836,-148.49598693847656,-41.739620208740234,-125.80606842041016,-4258.0,1404.0,-858.0,0,0,0,0,0
48914.18,1.3863286972045898,2.41096830368042,1.342167615890503,0.3584502935409546,-0.15355412662029266,-0.04992073401808739,-0.8425925374031067,-4.505819797515869,-0.8892788290977478,14.925298690795898,-21.493606567382812,81.44218444824219,2210.0,2421.0,-1481.0,0,0,0,0,0
48924.1,1.3909128904342651,2.4090704917907715,1.3417762517929077,0.3571069836616516,-0.1505354642868042,-0.027165040373802185,-1.5943783521652222,-4.350951194763184,-1.657021403312683,35.607608795166016,-71.98839569091797,105.66099548339844,1236.0,3338.0,-2307.0,0,0,0,0,0
48933.997,1.395304799079895,2.4072508811950684,1.3417510986328125,0.3562238812446594,-0.14527367055416107,0.007148744538426399,-0.7143332362174988,-3.8919906616210938,-1.1580954790115356,-112.76719665527344,-45.880516052246094,36.71282196044922,530.0,2268.0,-2019.0,0,0,0,0,0
48943.906,1.3992667198181152,2.405625581741333,1.3420422077178955,0.3526422381401062,-0.1424713432788849,0.031680960208177567,-1.7206443548202515,-3.498791456222534,0.42300519347190857,28.298202514648438,-64.602294921875,-149.04739379882812,2806.0,1096.0,-385.0,0,0,0,0,0
48953.817,1.4036527872085571,2.403928756713867,1.342680811882019,0.34982749819755554,-0.13749173283576965,0.046944331377744675,-1.89851713180542,-2.703742504119873,-0.5244084000587463,39.69866943359375,-54.10967254638672,154.5492706298828,2051.0,-384.0,47.0,0,0,0,0,0
48963.735,1.407970905303955,2.4023871421813965,1.343035101890564,0.3426603376865387,-0.13397277891635895,0.00020684210176113993,-1.999036192893982,-2.1823177337646484,-0.87178635597229,191.7852020263672,-51.79358673095703,301.1358337402344,-1595.0,-362.0,-216.0,0,0,0,0,0
48973.631,1.4121677875518799,2.40104603767395,1.3430689573287964,0.3347518742084503,-0.12730728089809418,-0.04827146232128143,-0.3984454274177551,-1.7493568658828735,-0.3266395628452301,-36.64236831665039,-35.90038299560547,70.12055969238281,-6307.0,520.0,136.0,0,0,0,0,0
48983.538,1.4161590337753296,2.399764060974121,1.34237802028656,0.32632356882095337,-0.12378773838281631,-0.09050504118204117,0.10670646280050278,-1.4079302549362183,-0.7271912097930908,-130.37384033203125,-11.185791015625,-321.9466552734375,-2309.0,1490.0,134.0,0,0,0,0,0
48993.447,1.420017957687378,2.3983452320098877,1.342049479484558,0.3199307322502136,-0.12170340120792389,-0.015220045112073421,-1.0710846185684204,-1.1342651844024658,-2.048142194747925,89.85659790039062,-29.428064346313477,-90.99833679199219,2392.0,2593.0,-1521.0,0,0,0,0,0
49003.363,1.4235069751739502,2.3970909118652344,1.3419030904769897,0.3107248544692993,-0.11762671917676926,-0.02105546183884144,-0.9135680794715881,-0.9389370083808899,-2.2088379859924316,-82.13379669189453,-56.56397247314453,161.84774780273438,-434.0,2707.0,-3054.0,0,0,0,0,0
49013.263,1.4271721839904785,2.3957912921905518,1.3420600891113281,0.3031444549560547,-0.11389198899269104,0.015347656793892384,-0.6067680716514587,-0.4615367352962494,-0.8671673536300659,-57.0406608581543,-86.18682861328125,-53.01615524291992,1137.0,1578.0,-2447.0,0,0,0,0,0
49023.167,1.4307724237442017,2.394519567489624,1.3425816297531128,0.2947721779346466,-0.11140664666891098,0.0419730469584465,-1.5752201080322266,-0.00495664868503809,-0.2221970409154892,-15.695338249206543,-40.851051330566406,-202.291015625,2324.0,17.0,-1283.0,0,0,0,0,0
49033.073,1.434203028678894,2.39339542388916,1.3431687355041504,0.2860621511936188,-0.10642989724874496,0.04758099466562271,-1.5943889617919922,0.5994791984558105,-1.5072015523910522,138.5731201171875,-43.63254928588867,-156.7603302001953,1318.0,-777.0,-1442.0,0,0,0,0,0
49042.992,1.4372758865356445,2.3924007415771484,1.3432927131652832,0.27715179324150085,-0.1027771458029747,-0.03529363125562668,-1.1678141355514526,1.0933024883270264,-1.4105756282806396,152.00384521484375,-46.73201370239258,-39.887657165527344,-4120.0,-691.0,-1675.0,0,0,0,0,0
49052.882,1.4404712915420532,2.391568660736084,1.3429999351501465,0.26717332005500793,-0.09690086543560028,-0.053115278482437134,0.49671730399131775,1.5280461311340332,-0.409842848777771,-78.54015350341797,-42.67852783203125,13.479612350463867,-6430.0,-295.0,-1042.0,0,0,0,0,0
49062.796,1.4435107707977295,2.390739679336548,1.3425759077072144,0.2566865086555481,-0.09546522051095963,-0.06881947070360184,0.3283117413520813,1.9196339845657349,-0.6694773435592651,-47.64884948730469,-11.33012580871582,-17.765945434570312,-404.0,217.0,-730.0,0,0,0,0,0
49072.699,1.4463825225830078,2.3898141384124756,1.3423346281051636,0.24280789494514465,-0.09387628734111786,-0.008113166317343712,-0.7288543581962585,2.116508960723877,-1.9525010585784912,121.56048583984375,-37.116065979003906,79.17487335205078,1808.0,1245.0,-1701.0,0,0,0,0,0
49082.611,1.4489457607269287,2.3889060020446777,1.3427131175994873,0.23006996512413025,-0.09007999300956726,0.01266428455710411,-0.07783572375774384,2.423302412033081,-1.674949288368225,-124.3320083618164,-6.865756511688232,128.3765106201172,-828.0,718.0,-2195.0,0,0,0,0,0
49092.496,1.4514212608337402,2.387983798980713,1.3431456089019775,0.21740764379501343,-0.08861418068408966,0.03326067700982094,-0.5802674889564514,2.8504130840301514,-0.364963173866272,-25.749032974243164,-52.70763397216797,-63.178428649902344,1927.0,7.0,-1182.0,0,0,0,0,0
49102.425,1.4536514282226562,2.3871517181396484,1.3437317609786987,0.20400041341781616,-0.08586523681879044,0.05473094433546066,-1.288565754890442,3.3223307132720947,-0.4852621257305145,-43.629676818847656,-49.57999038696289,-44.20844268798828,2420.0,-1120.0,-587.0,0,0,0,0,0
49112.316,1.4558281898498535,2.386448621749878,1.3444472551345825,0.19247987866401672,-0.08169816434383392,0.045434143394231796,-1.3941744565963745,3.850050687789917,-1.6693931818008423,167.18646240234375,-54.01692581176758,-76.5307846069336,303.0,-1975.0,-1006.0,0,0,0,0,0
49122.234,1.4578787088394165,2.385957956314087,1.344610571861267,0.1869795173406601,-0.07644498348236084,-0.0492631196975708,-0.3510763347148895,4.379645824432373,-1.5300832986831665,74.26232147216797,-50.355960845947266,-146.212890625,-6118.0,-2289.0,-1380.0,0,0,0,0,0
49132.139,1.4597381353378296,2.385561943054199,1.3443013429641724,0.17333215475082397,-0.07192225009202957,-0.05005308985710144,1.121636152267456,4.773592472076416,-0.9581576585769653,-176.32464599609375,-26.043201446533203,-28.03768539428711,-5747.0,-2081.0,-1419.0,0,0,0,0,0
49142.038,1.4613951444625854,2.385040044784546,1.344056248664856,0.15726998448371887,-0.07233630120754242,-0.02848375029861927,0.24068261682987213,5.124815940856934,-1.2847867012023926,-6.61267614364624,-27.59385871887207,-87.37826538085938,1319.0,-1219.0,-1723.0,0,0,0,0,0
49151.968,1.4628546237945557,2.384430408477783,1.3438664674758911,0.14320071041584015,-0.07118552923202515,-0.034559156745672226,-0.3546609580516815,5.265885829925537,-2.0537309646606445,42.08174133300781,-31.781320571899414,211.889404296875,1462.0,-472.0,-2805.0,0,0,0,0,0
49161.862,1.4641200304031372,2.383878469467163,1.3440624475479126,0.12268447130918503,-0.06811412423849106,0.031599245965480804,0.07135002315044403,5.574336051940918,-1.356743574142456,-110.56277465820312,8.8458890914917,36.2050666809082,471.0,-1001.0,-2703.0,0,0,0,0,0
49171.765,1.4651793241500854,2.383280038833618,1.3445639610290527,0.10925542563199997,-0.06738052517175674,0.023808350786566734,-0.838775634765625,5.835712909698486,-0.8965856432914734,-28.209716796875,-33.64091873168945,-218.58641052246094,3164.0,-979.0,-1817.0,0,0,0,0,0
49181.666,1.4660053253173828,2.382835626602173,1.3452062606811523,0.09100720286369324,-0.06323926895856857,0.06091673672199249,-1.514101505279541,6.101353645324707,-1.0906299352645874,44.07963180541992,-25.92302703857422,72.29923248291016,3171.0,-1517.0,-1647.0,0,0,0,0,0
49191.583,1.4666754007339478,2.3826065063476562,1.3457961082458496,0.08154170960187912,-0.05903112143278122,0.01955500803887844,-1.4925003051757812,6.447928428649902,-1.3716027736663818,187.50457763671875,-19.78803825378418,131.6688995361328,-983.0,-2475.0,-1749.0,0,0,0,0,0
49201.49,1.4673562049865723,2.3822414875030518,1.3456504344940186,0.07789691537618637,-0.053609512746334076,-0.06517849117517471,-0.0689830407500267,6.868189811706543,-1.3250616788864136,36.08191680908203,-44.512123107910156,-110.017822265625,-6740.0,-2978.0,-1485.0,0,0,0,0,0
49211.389,1.4677717685699463,2.382202386856079,1.345191240310669,0.061829447746276855,-0.05003083869814873,-0.0544334277510643,0.9241902828216553,7.185486793518066,-1.0900955200195312,-172.517822265625,-13.604789733886719,27.469255447387695,-4185.0,-3169.0,-1290.0,0,0,0,0,0
49221.296,1.4679418802261353,2.3820455074310303,1.34491765499115,0.043280355632305145,-0.050004180520772934,-0.028065579012036324,-0.28376391530036926,7.3952202796936035,-1.1080776453018188,10.634330749511719,-38.469417572021484,-167.7185821533203,2140.0,-2318.0,-1247.0,0,0,0,0,0
49231.213,1.46787428855896,2.381856679916382,1.3446987867355347,0.03106374479830265,-0.047593358904123306,-0.05043458193540573,-0.45108726620674133,7.5390119552612305,-2.172166347503662,-19.44884490966797,-30.8341064453125,173.37506103515625,1432.0,-2209.0,-2228.0,0,0,0,0,0
49241.123,1.467594027519226,2.381598949432373,1.344796061515808,0.0034507291857153177,-0.04378277435898781,0.03341401368379593,-0.4144323468208313,7.828524112701416,-0.9617022275924683,-93.9136734008789,9.915367126464844,83.93746185302734,1523.0,-2793.0,-2103.0,0,0,0,0,0
49251.02,1.4670428037643433,2.3814175128936768,1.3451483249664307,-0.006644685287028551,-0.04278889670968056,-0.0022806383203715086,-1.316321611404419,7.948452949523926,-0.9643591642379761,-35.10900115966797,-24.53434181213379,-238.44496154785156,3646.0,-2397.0,-1354.0,0,0,0,0,0
49260.938,1.4666023254394531,2.38118314743042,1.3454701900482178,-0.02755354717373848,-0.037477292120456696,0.04759723320603371,-1.8755989074707031,8.143564224243164,-1.428411602973938,71.95242309570312,-24.716642379760742,-60.063053131103516,2847.0,-2788.0,-1390.0,0,0,0,0,0
49270.835,1.4657797813415527,2.3813040256500244,1.3456422090530396,-0.030117390677332878,-0.033943384885787964,-0.033217109739780426,-1.6399257183074951,8.324202537536621,-1.0491849184036255,183.6002655029297,-6.472474575042725,118.05006408691406,-2355.0,-3361.0,-1310.0,0,0,0,0,0
49280.752,1.4648761749267578,2.3815701007843018,1.345168948173523,-0.03695320338010788,-0.02716495841741562,-0.08208950608968735,-0.0025799693539738655,8.521553993225098,-0.7697206735610962,22.923200607299805,-20.663463592529297,-42.212528228759766,-7708.0,-3607.0,-662.0,0,0,0,0,0
49290.649,1.4638326168060303,2.3819000720977783,1.3445781469345093,-0.052301645278930664,-0.023814229294657707,-0.07370075583457947,0.9873508810997009,8.716142654418945,-0.7892035841941833,-129.31776428222656,7.387157917022705,220.3578643798828,-3781.0,-3849.0,-259.0,0,0,0,0,0
49300.56,1.4629132747650146,2.381887674331665,1.3439843654632568,-0.06798318028450012,-0.0250858124345541,-0.059065546840429306,-0.42490705847740173,8.751896858215332,-0.261566162109375,21.609355926513672,-27.943151473999023,-191.74807739257812,2162.0,-3502.0,368.0,0,0,0,0,0
49310.464,1.4614874124526978,2.3821051120758057,1.3436466455459595,-0.08217653632164001,-0.022010819986462593,-0.05489959940314293,-0.2819952964782715,8.97983455657959,-1.8730875253677368,-42.18955612182617,-20.23965072631836,32.95447540283203,1464.0,-4078.0,-328.0,0,0,0,0,0
49320.378,1.4597954750061035,2.382268190383911,1.3436838388442993,-0.1085728257894516,-0.01887860707938671,0.02372816577553749,-0.547440230846405,9.082511901855469,-0.537726104259491,-93.59761810302734,15.887537002563477,162.4419708251953,2031.0,-4165.0,-342.0,0,0,0,0,0
49330.275,1.4579225778579712,2.382453441619873,1.3439844846725464,-0.11830824613571167,-0.01754032075405121,-0.0010736044496297836,-1.440790057182312,9.084341049194336,-0.3585057258605957,-19.79962730407715,-14.546340942382812,-204.28533935546875,4082.0,-3637.0,315.0,0,0,0,0,0
49340.182,1.4562472105026245,2.3825323581695557,1.344353437423706,-0.1395716518163681,-0.011958866380155087,0.05641050264239311,-1.8699723482131958,9.214256286621094,-1.5229498147964478,106.9637680053711,-17.37560272216797,-94.36129760742188,2105.0,-3976.0,-240.0,0,0,0,0,0
49350.089,1.453695297241211,2.3833999633789062,1.3445802927017212,-0.13593678176403046,-0.006857062689960003,-0.05225684866309166,-1.184177041053772,9.255269050598145,-1.2133009433746338,176.66098022460938,3.51448655128479,159.74777221679688,-4019.0,-4291.0,-894.0,0,0,0,0,0
49360.006,1.451874852180481,2.3837273120880127,1.344110369682312,-0.14678749442100525,-0.0018570121610537171,-0.056159403175115585,0.4855613112449646,9.264528274536133,-0.5608832240104675,-34.30430221557617,-2.4940707683563232,-90.50299072265625,-8509.0,-4645.0,-534.0,0,0,0,0,0
49369.904,1.4494929313659668,2.384347915649414,1.3437200784683228,-0.15940921008586884,0.0002625468769110739,-0.052644483745098114,1.3474304676055908,9.408448219299316,-0.9794153571128845,-66.1048355102539,27.11038589477539,219.61573791503906,-2855.0,-4968.0,-530.0,0,0,0,0,0
49379.811,1.446986436843872,2.3849551677703857,1.3433181047439575,-0.17042797803878784,-0.0009175611194223166,-0.06102960929274559,-0.1458107978105545,9.278412818908691,-0.06954847276210785,20.36606216430664,10.716986656188965,64.67948913574219,1977.0,-4469.0,-236.0,0,0,0,0,0
49389.718,1.4442955255508423,2.3854470252990723,1.3429969549179077,-0.18763460218906403,0.001441076397895813,-0.026385826990008354,0.18529322743415833,9.353879928588867,-1.7661935091018677,-63.34638214111328,-11.054388999938965,-152.5906219482422,1507.0,-4457.0,-588.0,0,0,0,0,0
49399.635,1.4418686628341675,2.385727643966675,1.3432090282440186,-0.2062658667564392,0.0023995444644242525,0.02557266317307949,-0.29046493768692017,9.247506141662598,-0.9082443714141846,-89.30945587158203,37.6340217590332,28.47842025756836,2586.0,-4355.0,-931.0,0,0,0,0,0
49409.543,1.4387974739074707,2.3862192630767822,1.3435664176940918,-0.21676716208457947,0.0038390709087252617,0.020762911066412926,-1.1667472124099731,8.997157096862793,-0.7366276383399963,44.52580642700195,33.4848518371582,79.47549438476562,4224.0,-3574.0,-931.0,0,0,0,0,0
49419.44,1.4356094598770142,2.3868794441223145,1.3440306186676025,-0.2305414378643036,0.008485298603773117,0.04423745349049568,-1.4313791990280151,8.889209747314453,-1.4482735395431519,155.58932495117188,24.633407592773438,-18.029306411743164,830.0,-3561.0,-1365.0,0,0,0,0,0
49429.347,1.4324485063552856,2.3877696990966797,1.3439724445343018,-0.22224758565425873,0.013604475185275078,-0.0720718502998352,-0.3333370089530945,8.707587242126465,-1.5353492498397827,172.9738311767578,26.56180763244629,100.3364028930664,-5545.0,-3609.0,-1805.0,0,0,0,0,0
49439.264,1.4292391538619995,2.3885927200317383,1.3435266017913818,-0.23556524515151978,0.017176227644085884,-0.043081704527139664,1.2080398797988892,8.4570951461792,-0.4585689902305603,-106.63452911376953,20.0266170501709,-100.58723449707031,-8501.0,-3613.0,-1211.0,0,0,0,0,0
49449.171,1.4258806705474854,2.3894639015197754,1.3432546854019165,-0.24573391675949097,0.017321674153208733,-0.029838798567652702,1.6439871788024902,8.281521797180176,-1.2246975898742676,-28.55754280090332,23.948036193847656,-31.598058700561523,-1995.0,-3400.0,-804.0,0,0,0,0,0
49459.081,1.4229044914245605,2.3899085521698,1.3428699970245361,-0.24862714111804962,0.014775332994759083,-0.05850296840071678,0.5238186717033386,7.8605875968933105,-0.04171941801905632,-23.46065330505371,41.63868713378906,218.59701538085938,1445.0,-3151.0,-303.0,0,0,0,0,0
49468.976,1.4193328619003296,2.3906054496765137,1.3426350355148315,-0.26263752579689026,0.015059318393468857,-0.004790993873029947,0.6169515252113342,7.687178611755371,-0.8831868171691895,-36.70773696899414,21.02963638305664,-237.1898193359375,1721.0,-3127.0,406.0,0,0,0,0,0
49478.893,1.4156620502471924,2.3912675380706787,1.3428750038146973,-0.27360185980796814,0.015241961926221848,0.029963696375489235,0.21076913177967072,7.3408589363098145,-0.6019057631492615,-98.28739929199219,44.92993927001953,-28.43600845336914,2452.0,-2846.0,610.0,0,0,0,0,0
49488.8,1.4118891954421997,2.3919618129730225,1.3434059619903564,-0.28077125549316406,0.01599445380270481,0.04098297655582428,-0.6687202453613281,6.895092010498047,-0.23121322691440582,111.83795928955078,51.56330108642578,23.526561737060547,3558.0,-2382.0,837.0,0,0,0,0,0
49498.697,1.4085785150527954,2.3924787044525146,1.343848705291748,-0.2831640839576721,0.01812111772596836,0.03383968397974968,-0.49979835748672485,6.560368537902832,-0.917008638381958,166.00283813476562,48.27771759033203,-25.685625076293945,-1297.0,-2408.0,454.0,0,0,0,0,0
49508.607,1.4047846794128418,2.3934898376464844,1.3438485860824585,-0.2784884572029114,0.02373579889535904,-0.04487765207886696,0.905290961265564,6.186015605926514,-1.3199875354766846,190.2732391357422,27.33724594116211,-30.416580200195312,-7063.0,-2439.0,-60.0,0,0,0,0,0
49518.522,1.4009430408477783,2.394554615020752,1.3435826301574707,-0.2844385802745819,0.024863438680768013,-0.01748134382069111,2.426762580871582,5.894787788391113,-0.2615787386894226,-103.52025604248047,34.288848876953125,7.8739800453186035,-8511.0,-3068.0,83.0,0,0,0,0,0
49528.429,1.3970311880111694,2.3955113887786865,1.343561053276062,-0.28861716389656067,0.022029267624020576,-0.0002407362626399845,2.4610536098480225,5.642937183380127,-0.8540259003639221,-4.110904693603516,18.66688346862793,-156.41395568847656,-2255.0,-2944.0,284.0,0,0,0,0,0
49538.327,1.393159031867981,2.396348237991333,1.3434048891067505,-0.2876085937023163,0.020415401086211205,-0.037062257528305054,1.906956672668457,5.139200210571289,-0.6097490787506104,-90.3864974975586,55.11003112792969,214.9527130126953,518.0,-2310.0,-157.0,0,0,0,0,0
49548.234,1.388651967048645,2.3965022563934326,1.3433598279953003,-0.2953646779060364,0.014905058778822422,0.021892167627811432,1.5943171977996826,4.719277858734131,-0.5733104348182678,-21.054136276245117,44.03500747680664,-60.551082611083984,1926.0,-1514.0,-65.0,0,0,0,0,0
49558.154,1.3852051496505737,2.3968751430511475,1.3437055349349976,-0.29605206847190857,0.012038529850542545,0.04236482083797455,1.300848364830017,4.153797149658203,-0.9127339124679565,-131.42718505859375,40.83675003051758,82.17658233642578,2393.0,-906.0,-339.0,0,0,0,0,0
49568.048,1.381223201751709,2.3974547386169434,1.344387412071228,-0.29731979966163635,0.010318164713680744,0.06800749152898788,0.31262239813804626,3.626805067062378,-0.5407387018203735,139.4134521484375,42.342803955078125,-12.561984062194824,3255.0,-839.0,-192.0,0,0,0,0,0
49577.955,1.3774473667144775,2.3981974124908447,1.3447989225387573,-0.2930094599723816,0.012522559612989426,0.02518562227487564,0.6481780409812927,3.1864013671875,-0.6717031002044678,120.06620025634766,50.02469253540039,-35.85333251953125,-2644.0,-1252.0,-112.0,0,0,0,0,0
49587.862,1.373732089996338,2.3990588188171387,1.3446738719940186,-0.28763043880462646,0.016739029437303543,-0.029400335624814034,2.0587401390075684,2.758171796798706,-0.9259366989135742,138.1304931640625,39.6943473815918,-96.01227569580078,-7217.0,-1644.0,-4.0,0,0,0,0,0
49597.779,1.370432734489441,2.3995895385742188,1.3445321321487427,-0.28405407071113586,0.014077067375183105,-0.007192117627710104,3.2860565185546875,2.4305851459503174,-0.053181152790784836,-34.657955169677734,58.39736557006836,121.89383697509766,-7797.0,-2313.0,559.0,0,0,0,0,0
49607.677,1.366767168045044,2.400381326675415,1.344417929649353,-0.28038355708122253,0.010315792635083199,-0.0019399439916014671,3.4540963172912598,2.0956904888153076,0.18611754477024078,-30.91967010498047,46.05587387084961,51.052555084228516,-3207.0,-1985.0,1476.0,0,0,0,0,0
49617.584,1.3631614446640015,2.400963306427002,1.3439583778381348,-0.27498799562454224,0.008235673420131207,-0.05513571575284004,3.0160324573516846,1.5442854166030884,-0.1481313407421112,-116.78550720214844,65.86041259765625,-56.32895278930664,463.0,-1063.0,1656.0,0,0,0,0,0
49627.501,1.3596529960632324,2.401294231414795,1.3435219526290894,-0.2709728181362152,0.0014803267549723387,-0.010942378081381321,2.2789716720581055,0.9587432742118835,-0.7828060984611511,-1.3423064947128296,60.53018569946289,-80.6431655883789,2780.0,221.0,1135.0,0,0,0,0,0
49637.411,1.3559213876724243,2.401538610458374,1.3434574604034424,-0.2648967504501343,-0.003042919095605612,0.01181702595204115,1.8880233764648438,0.2399716079235077,-0.5202386379241943,-126.4146499633789,53.62445068359375,111.40814971923828,2766.0,895.0,608.0,0,0,0,0,0
49647.309,1.3526262044906616,2.401726007461548,1.3434221744537354,-0.25779110193252563,-0.0061710309237241745,0.010327305644750595,0.9124312400817871,-0.17539940774440765,-0.07829974591732025,149.04515075683594,30.288253784179688,-87.53324127197266,3228.0,381.0,1093.0,0,0,0,0,0
49657.216,1.3497506380081177,2.4018714427948,1.3433102369308472,-0.24965974688529968,-0.005817650351673365,-0.0257559847086668,1.253006100654602,-0.6111325621604919,0.13159899413585663,53.78002166748047,44.8385124206543,104.5912094116211,-2828.0,-303.0,1458.0,0,0,0,0,0
49667.123,1.3466392755508423,2.4023008346557617,1.3428689241409302,-0.24191755056381226,-0.004585083574056625,-0.042619798332452774,2.4110934734344482,-1.0751067399978638,-0.027566321194171906,68.41632080078125,29.418846130371094,-108.06619262695312,-5788.0,-319.0,2072.0,0,0,0,0,0
49677.04,1.343706488609314,2.4027554988861084,1.3424153327941895,-0.2325734794139862,-0.0070228297263383865,-0.027411850169301033,3.129392147064209,-1.4164350032806396,0.5080570578575134,31.7142391204834,56.084632873535156,104.98837280273438,-5887.0,-787.0,2891.0,0,0,0,0,0
49686.938,1.340795874595642,2.4030799865722656,1.3421883583068848,-0.22297586500644684,-0.011233815923333168,-0.011229036375880241,3.6060798168182373,-1.7146148681640625,1.5013974905014038,-97.15840911865234,65.71575927734375,76.33257293701172,-3297.0,-932.0,4150.0,0,0,0,0,0
49696.852,1.3383227586746216,2.403073787689209,1.3417812585830688,-0.21487611532211304,-0.014766739681363106,-0.06129879504442215,2.9370734691619873,-2.187330722808838,0.5309159755706787,-107.33910369873047,48.354923248291016,-217.50335693359375,1968.0,-195.0,4551.0,0,0,0,0,0
49706.75,1.3356568813323975,2.402956008911133,1.3412535190582275,-0.2033076137304306,-0.02153976820409298,-0.019645018503069878,1.6908689737319946,-2.622626304626465,-0.09073726087808609,-38.807960510253906,44.60367965698242,-83.22203826904297,4740.0,552.0,3621.0,0,0,0,0,0
49716.666,1.3331480026245117,2.4027178287506104,1.3409221172332764,-0.19252654910087585,-0.02483236789703369,-0.005063675809651613,1.066508412361145,-3.131793260574341,0.012622348964214325,-106.9686279296875,40.07400894165039,81.3253173828125,4667.0,681.0,2663.0,0,0,0,0,0
49726.573,1.330854892730713,2.4024558067321777,1.3407667875289917,-0.18101392686367035,-0.02703636698424816,0.0001842876517912373,0.06158972159028053,-3.3562653064727783,-0.09911181032657623,138.931640625,28.992061614990234,-110.50225830078125,3582.0,217.0,2081.0,0,0,0,0,0
49736.47,1.3287211656570435,2.4024081230163574,1.340423345565796,-0.17273996770381927,-0.025082264095544815,-0.042063843458890915,0.575961172580719,-3.7525317668914795,-0.14435607194900513,21.3129825592041,50.822113037109375,192.30369567871094,-2690.0,285.0,1246.0,0,0,0,0,0
49746.378,1.3267711400985718,2.402459144592285,1.3399341106414795,-0.16019810736179352,-0.024158691987395287,-0.02782438136637211,1.5752638578414917,-4.165863513946533,0.22218947112560272,70.94300079345703,24.93124008178711,-83.0581283569336,-4848.0,892.0,1516.0,0,0,0,0,0
49756.299,1.325103521347046,2.4023706912994385,1.3396180868148804,-0.14742563664913177,-0.02548700012266636,-0.02211507223546505,2.2165346145629883,-4.5059733390808105,0.590469241142273,28.21780776977539,32.7369499206543,-41.99141311645508,-5080.0,705.0,2200.0,0,0,0,0,0
49766.209,1.323434591293335,2.4023616313934326,1.3394542932510376,-0.1343201994895935,-0.027860984206199646,-0.01147450227290392,2.7434327602386475,-4.77974796295166,1.0464434623718262,-120.36201477050781,49.900489807128906,129.22412109375,-2550.0,301.0,2849.0,0,0,0,0,0
49776.1,1.3219178915023804,2.4020862579345703,1.3389413356781006,-0.12442194670438766,-0.03170058876276016,-0.03964648395776749,1.8757941722869873,-5.073534965515137,0.4896397888660431,-98.26223754882812,33.6876335144043,-107.72748565673828,3168.0,317.0,3318.0,0,0,0,0,0
49786.007,1.3205864429473877,2.401607036590576,1.3384730815887451,-0.1088016927242279,-0.03602126985788345,-0.0076876855455338955,0.5679315328598022,-5.283902168273926,0.49916791915893555,-26.759340286254883,22.737550735473633,43.813865661621094,5422.0,396.0,3123.0,0,0,0,0,0
49795.933,1.319407343864441,2.401094675064087,1.3384089469909668,-0.0938589870929718,-0.03716655448079109,0.01908792182803154,0.04559963196516037,-5.5869975090026855,0.380420058965683,-87.20147705078125,36.820064544677734,209.5460662841797,5093.0,333.0,2562.0,0,0,0,0,0
49805.821,1.3184877634048462,2.4006354808807373,1.3384720087051392,-0.08176444470882416,-0.037879426032304764,0.010288961231708527,-1.058333158493042,-5.714461326599121,-0.1585538387298584,159.87930297851562,15.038602828979492,-175.2829132080078,3635.0,451.0,1832.0,0,0,0,0,0
49815.734,1.3176920413970947,2.400341749191284,1.3380732536315918,-0.07290720194578171,-0.03492650017142296,-0.025567008182406425,-0.40880393981933594,-5.980284214019775,-0.9098182916641235,20.591419219970703,39.49891662597656,148.78213500976562,-2576.0,944.0,325.0,0,0,0,0,0
49825.64,1.317089319229126,2.400174140930176,1.3376317024230957,-0.05865238234400749,-0.03251449391245842,-0.010350740514695644,0.5396746397018433,-6.360213279724121,-0.14346656203269958,65.53495025634766,19.399566650390625,-102.85939025878906,-4439.0,1940.0,7.0,0,0,0,0,0
49835.562,1.316790223121643,2.400031566619873,1.3373422622680664,-0.04272615909576416,-0.032303765416145325,0.011531677097082138,1.1502161026000977,-6.6217145919799805,-0.4025050401687622,-3.4681525230407715,19.337350845336914,-128.3467559814453,-4718.0,2098.0,5.0,0,0,0,0,0
49845.452,1.3166108131408691,2.399794340133667,1.337099552154541,-0.03143984451889992,-0.03258156776428223,-0.004508445970714092,1.6746033430099487,-6.893416404724121,0.03804713487625122,-131.70138549804688,43.28226852416992,274.4725036621094,-1488.0,2003.0,111.0,0,0,0,0,0
49855.357,1.3165562152862549,2.399313449859619,1.336686134338379,-0.019066210836172104,-0.035964298993349075,-0.011962486431002617,0.6984926462173462,-7.13977575302124,0.5592254996299744,-70.70649719238281,37.74150848388672,-58.941429138183594,4032.0,1974.0,1274.0,0,0,0,0,0
49865.264,1.3165432214736938,2.3988232612609863,1.3364779949188232,-0.003891347674652934,-0.03754305839538574,0.0044640167616307735,-0.4152207374572754,-7.2930192947387695,0.4204968512058258,-31.156085968017578,8.021989822387695,-8.070463180541992,5249.0,1960.0,2119.0,0,0,0,0,0
49875.181,1.3168554306030273,2.3982162475585938,1.3363776206970215,0.012951401993632317,-0.03664574399590492,0.032113637775182724,-0.7892562747001648,-7.501497268676758,0.6907646656036377,-66.55596160888672,31.835317611694336,187.5331573486328,4986.0,1688.0,2437.0,0,0,0,0,0
49885.078,1.3173539638519287,2.397662878036499,1.3363454341888428,0.025143956765532494,-0.03629208728671074,0.02310989797115326,-1.8776129484176636,-7.5990376472473145,-0.005728210788220167,196.70726013183594,5.917627334594727,-228.37185668945312,3169.0,1830.0,2235.0,0,0,0,0,0
49894.986,1.317996859550476,2.397402048110962,1.335982322692871,0.0337466262280941,-0.032066766172647476,-0.011031168513000011,-1.0272891521453857,-7.7171125411987305,-1.317805528640747,48.12850570678711,15.39090633392334,113.54105377197266,-3262.0,2036.0,545.0,0,0,0,0,0
49904.893,1.3187892436981201,2.397268533706665,1.335491418838501,0.04705895110964775,-0.028531990945339203,-0.007155981846153736,0.02442028559744358,-7.969536781311035,-0.5136595368385315,98.56620025634766,-13.511116027832031,-168.18125915527344,-5522.0,2524.0,-107.0,0,0,0,0,0
49914.817,1.3195664882659912,2.397054672241211,1.3353458642959595,0.06335174292325974,-0.027754534035921097,0.01916143298149109,1.0004490613937378,-7.958180904388428,-0.7991634607315063,-22.04405403137207,17.660879135131836,-46.998538970947266,-5509.0,2017.0,-626.0,0,0,0,0,0
49924.712,1.3207522630691528,2.3968427181243896,1.3349640369415283,0.0704103410243988,-0.027778899297118187,-0.02023729681968689,1.2813279628753662,-8.111136436462402,-0.558774471282959,-80.00272369384766,15.644886016845703,161.64456176757812,-1388.0,2503.0,-1135.0,0,0,0,0,0
49934.615,1.321976661682129,2.39642596244812,1.3342978954315186,0.08245419710874557,-0.03067084215581417,-0.021746162325143814,0.47092193365097046,-8.301703453063965,-0.7762061953544617,-64.0565414428711,18.393949508666992,-68.59004974365234,3325.0,2911.0,-1212.0,0,0,0,0,0
49944.524,1.3233660459518433,2.395846366882324,1.3337901830673218,0.09790617227554321,-0.03260986879467964,-0.0011534192599356174,-0.4765191674232483,-8.340231895446777,-0.9482972025871277,-26.801898956298828,-12.247905731201172,-56.9679069519043,4294.0,2908.0,-1302.0,0,0,0,0,0
49954.438,1.3247073888778687,2.3954150676727295,1.333781361579895,0.11350864171981812,-0.03159415349364281,0.027485376223921776,-0.6590173840522766,-8.387991905212402,-0.5647100210189819,-80.29788208007812,9.974513053894043,146.66021728515625,4334.0,2377.0,-1319.0,0,0,0,0,0
49964.336,1.3266795873641968,2.394981861114502,1.3334376811981201,0.1252925544977188,-0.031352557241916656,0.021426212042570114,-1.730932593345642,-8.361398696899414,-0.625834047794342,212.64471435546875,-20.560819625854492,-142.90985107421875,2872.0,2079.0,-1152.0,0,0,0,0,0
49974.243,1.328717589378357,2.3946614265441895,1.3329459428787231,0.13152167201042175,-0.02764403074979782,-0.02096623368561268,-0.7326720356941223,-8.206609725952148,-1.7657257318496704,57.089412689208984,-12.887782096862793,209.76129150390625,-3723.0,1591.0,-2037.0,0,0,0,0,0
49984.151,1.3307108879089355,2.394508123397827,1.3322421312332153,0.14177514612674713,-0.024918366223573685,-0.025680795311927795,0.3876926600933075,-8.199518203735352,-0.7570989727973938,93.5020751953125,-23.321510314941406,-18.291677474975586,-5851.0,1685.0,-1771.0,0,0,0,0,0
49994.068,1.3328897953033447,2.3943376541137695,1.3317917585372925,0.158970445394516,-0.0254526250064373,0.01927473023533821,1.331181287765503,-8.004809379577637,-0.7359640002250671,-33.83225631713867,-9.375332832336426,-111.25645446777344,-5551.0,1458.0,-1239.0,0,0,0,0,0
50003.965,1.3348619937896729,2.39408802986145,1.331456184387207,0.16066189110279083,-0.025790361687541008,-0.03323442116379738,1.503187894821167,-7.946372985839844,-0.9553819298744202,-89.55242156982422,-7.11152458190918,108.27973937988281,-1144.0,2015.0,-1223.0,0,0,0,0,0
50013.874,1.3372143507003784,2.3936474323272705,1.330689549446106,0.1727077215909958,-0.02955218218266964,-0.01422233134508133,0.6871974468231201,-7.923999786376953,-0.7074939608573914,-65.45844268798828,1.0160948038101196,-41.028350830078125,3400.0,2404.0,-861.0,0,0,0,0,0
50023.78,1.3399001359939575,2.3929860591888428,1.3301254510879517,0.1855670064687729,-0.03221653029322624,0.006983072496950626,-0.3040922284126282,-7.775790691375732,-0.9982932209968567,-44.167640686035156,-34.520965576171875,-117.3873062133789,4363.0,2374.0,-579.0,0,0,0,0,0
50033.7,1.342544436454773,2.39235258102417,1.3298691511154175,0.1979532539844513,-0.032325200736522675,0.034378405660390854,-0.6238910555839539,-7.615686893463135,-0.7209600210189819,-45.14243698120117,-7.618575096130371,159.8455047607422,4611.0,1718.0,-646.0,0,0,0,0,0
50043.598,1.3453254699707031,2.391777515411377,1.3296058177947998,0.20408043265342712,-0.032812200486660004,0.017096038907766342,-1.5723191499710083,-7.4133100509643555,-0.769463300704956,212.81698608398438,-41.177345275878906,-105.30435180664062,2102.0,1320.0,-579.0,0,0,0,0,0
50053.504,1.3478333950042725,2.3914237022399902,1.329413652420044,0.20697174966335297,-0.028867729008197784,-0.017608745023608208,-0.3310505747795105,-7.006929397583008,-1.785428524017334,66.57710266113281,-36.07581329345703,167.68148803710938,-4353.0,684.0,-1291.0,0,0,0,0,0
50063.411,1.3507912158966064,2.391155481338501,1.3287028074264526,0.21353136003017426,-0.027156461030244827,-0.02058359980583191,0.7288833260536194,-6.799699306488037,-0.43671250343322754,76.895751953125,-38.45376205444336,17.521045684814453,-6033.0,640.0,-939.0,0,0,0,0,0
50073.328,1.3538413047790527,2.3909316062927246,1.328274130821228,0.22680078446865082,-0.02891971357166767,0.03960222378373146,1.5035839080810547,-6.44225549697876,-0.9717414379119873,-50.68796920776367,-32.169063568115234,-162.7747039794922,-5117.0,656.0,-726.0,0,0,0,0,0
50083.234,1.3568739891052246,2.390552282333374,1.3277508020401,0.22428207099437714,-0.029382357373833656,-0.03129207342863083,1.5096447467803955,-6.249672889709473,-1.4857310056686401,-113.5909423828125,-33.21235275268555,39.490272521972656,-413.0,1243.0,-1295.0,0,0,0,0,0
50093.132,1.3599363565444946,2.389957904815674,1.327032208442688,0.23308467864990234,-0.033823251724243164,0.008497403934597969,0.5850628018379211,-6.0232954025268555,-0.9762030243873596,-53.77387237548828,-18.545000076293945,-1.9967700242996216,4021.0,1349.0,-1390.0,0,0,0,0,0
50103.038,1.3630672693252563,2.389195680618286,1.3267571926116943,0.23826204240322113,-0.03640097379684448,0.01869824528694153,-0.2571471631526947,-5.744399547576904,-1.3072457313537598,-98.48258972167969,-48.08090591430664,-225.15830993652344,4317.0,1389.0,-1359.0,0,0,0,0,0
50112.954,1.3658497333526611,2.388611078262329,1.3269548416137695,0.2438720315694809,-0.03622732311487198,0.05247711017727852,-0.7778430581092834,-5.419821262359619,-1.4252084493637085,6.166767597198486,-30.162172317504883,98.57867431640625,5067.0,970.0,-1693.0,0,0,0,0,0
50122.851,1.3691270351409912,2.3879802227020264,1.326866865158081,0.24384818971157074,-0.03671777993440628,0.018208686262369156,-1.4779353141784668,-5.159620761871338,-0.5375481843948364,184.32147216796875,-40.60327911376953,12.746317863464355,892.0,499.0,-1326.0,0,0,0,0,0
50132.76,1.3724600076675415,2.387571096420288,1.3263673782348633,0.24457210302352905,-0.0323440283536911,-0.012827309779822826,0.07680829614400864,-4.602066993713379,-1.5322695970535278,75.74419403076172,-58.63724136352539,88.05050659179688,-4991.0,-425.0,-1312.0,0,0,0,0,0
50142.666,1.3757303953170776,2.387302875518799,1.3256750106811523,0.2458716332912445,-0.03118848241865635,-0.017335878685116768,0.8906295895576477,-4.149537563323975,-0.4007665514945984,77.46928405761719,-39.1380729675293,58.88653564453125,-5987.0,-1053.0,-770.0,0,0,0,0,0
50152.582,1.3786296844482422,2.3869779109954834,1.3255258798599243,0.2493433654308319,-0.0333552323281765,0.04305974394083023,1.6449272632598877,-3.7061386108398438,-0.697638750076294,-76.46900939941406,-44.02188491821289,-124.88756561279297,-4516.0,-601.0,-255.0,0,0,0,0,0
50162.492,1.3818634748458862,2.3865227699279785,1.3251985311508179,0.2446008026599884,-0.03428950533270836,-0.03064698912203312,1.3884307146072388,-3.3938794136047363,-1.5116357803344727,-109.9203872680664,-54.9539794921875,-66.95330810546875,556.0,-32.0,-623.0,0,0,0,0,0
50172.387,1.384989857673645,2.3858842849731445,1.3250080347061157,0.24648907780647278,-0.03831072524189949,0.028457190841436386,0.38717612624168396,-2.983503818511963,-1.0762171745300293,-50.255680084228516,-31.213138580322266,87.1941146850586,4180.0,-271.0,-1027.0,0,0,0,0,0
50182.304,1.3881621360778809,2.385152578353882,1.3246850967407227,0.2450687289237976,-0.0399751141667366,0.033292315900325775,-0.2668042480945587,-2.608917713165283,-1.195285677909851,-137.20864868164062,-55.52629089355469,-236.87799072265625,4132.0,-277.0,-1074.0,0,0,0,0,0
50192.212,1.3912980556488037,2.384449005126953,1.3249659538269043,0.24430295825004578,-0.039776962250471115,0.0703914538025856,-0.9888990521430969,-2.166623830795288,-1.7094578742980957,69.58605194091797,-62.352813720703125,-26.634275436401367,4688.0,-536.0,-1500.0,0,0,0,0,0
50202.109,1.3944488763809204,2.383911371231079,1.324897050857544,0.23978739976882935,-0.039182279258966446,0.017189322039484978,-1.1961891651153564,-1.8253357410430908,-0.5221208930015564,122.87577819824219,-43.74124526977539,88.53197479248047,-1036.0,-1121.0,-1301.0,0,0,0,0,0
50212.016,1.3972173929214478,2.383516788482666,1.324742078781128,0.23581090569496155,-0.03502182289958,0.010677983053028584,0.46123048663139343,-1.2027175426483154,-1.143143892288208,70.56835174560547,-73.67498779296875,-129.81625366210938,-5651.0,-2000.0,-818.0,0,0,0,0,0
50221.923,1.4000654220581055,2.3835766315460205,1.3243765830993652,0.2312324345111847,-0.033360555768013,0.013247291557490826,1.1169568300247192,-0.5989539623260498,-0.5478137135505676,70.2905044555664,-32.82435989379883,44.97421646118164,-5922.0,-2523.0,-360.0,0,0,0,0,0
50231.85,1.403118371963501,2.383244514465332,1.3243404626846313,0.22619281709194183,-0.03541968762874603,0.05486238747835159,1.8276457786560059,-0.2752823531627655,-0.40255415439605713,-89.88761901855469,-46.5073127746582,67.0129165649414,-3895.0,-1719.0,43.0,0,0,0,0,0
50241.747,1.4060100317001343,2.3827030658721924,1.3240519762039185,0.2207052856683731,-0.037460003048181534,-0.0010844982462003827,1.403067708015442,0.15009073913097382,-1.2741189002990723,-91.09003448486328,-59.238338470458984,-40.49480438232422,1481.0,-1503.0,-101.0,0,0,0,0,0
50251.644,1.4085090160369873,2.382173776626587,1.3240056037902832,0.21304935216903687,-0.040741752833127975,0.04667007178068161,0.2849864959716797,0.6239902377128601,-0.9467504024505615,-30.159908294677734,-28.859952926635742,146.21755981445312,4303.0,-1868.0,-437.0,0,0,0,0,0
50261.56,1.4112310409545898,2.3814289569854736,1.3238935470581055,0.2059088796377182,-0.04192247986793518,0.05389243736863136,-0.1937248408794403,0.9830691814422607,-0.7076131105422974,-136.31903076171875,-37.55011749267578,-25.45033836364746,4230.0,-1767.0,-409.0,0,0,0,0,0
50271.469,1.4137529134750366,2.3807337284088135,1.324294090270996,0.1978761851787567,-0.04190470278263092,0.07453742623329163,-1.150148868560791,1.4225791692733765,-1.5835506916046143,138.9299774169922,-79.5607681274414,-175.9023895263672,4073.0,-1806.0,-691.0,0,0,0,0,0
50281.366,1.4163200855255127,2.3802781105041504,1.324269413948059,0.19189119338989258,-0.03963829576969147,0.02139260806143284,-0.7692002654075623,1.8468211889266968,-0.812325656414032,67.6690673828125,-50.03814697265625,74.22337341308594,-2720.0,-2654.0,-914.0,0,0,0,0,0
50291.283,1.4187421798706055,2.3799996376037598,1.3240071535110474,0.18319715559482574,-0.036163248121738434,0.032191500067710876,0.6756259202957153,2.3549749851226807,-0.6725456118583679,70.2605972290039,-58.96216583251953,-227.49615478515625,-5864.0,-3351.0,-370.0,0,0,0,0,0
50301.181,1.4210528135299683,2.3797786235809326,1.3238849639892578,0.1737852394580841,-0.03585358336567879,0.04408963769674301,1.3384977579116821,2.9193248748779297,-0.92035973072052,39.4937858581543,-35.94767761230469,-77.51309967041016,-5973.0,-3508.0,-328.0,0,0,0,0,0
50311.101,1.4229779243469238,2.3793821334838867,1.3240517377853394,0.16306526958942413,-0.0369710773229599,0.042996134608983994,2.027564287185669,3.167762279510498,-0.7817631363868713,-113.60425567626953,-33.62397003173828,214.07672119140625,-3289.0,-2686.0,-613.0,0,0,0,0,0
50320.995,1.4250024557113647,2.378943920135498,1.3237991333007812,0.15461307764053345,-0.03989633545279503,0.016418244689702988,1.3136940002441406,3.5549428462982178,-0.9278559684753418,-66.41181182861328,-41.6385383605957,-12.921886444091797,2356.0,-2682.0,-568.0,0,0,0,0,0
50330.903,1.4268672466278076,2.378354787826538,1.323586344718933,0.14195667207241058,-0.04280424490571022,0.04747453331947327,0.2805560231208801,3.990673542022705,-1.0462312698364258,-39.267051696777344,-22.898775100708008,144.0445098876953,4589.0,-3150.0,-756.0,0,0,0,0,0
50340.81,1.4285134077072144,2.3777623176574707,1.3235822916030884,0.12954558432102203,-0.04335268214344978,0.06264182925224304,-0.3607597053050995,4.291243076324463,-0.5243573784828186,-76.29660034179688,-12.647361755371094,188.2875213623047,4734.0,-3156.0,-672.0,0,0,0,0,0
50350.725,1.4298821687698364,2.3772377967834473,1.3239734172821045,0.11807794123888016,-0.04276495799422264,0.06112727150321007,-1.2201297283172607,4.670575141906738,-1.2258833646774292,167.7273406982422,-57.46879196166992,-203.5977325439453,3071.0,-3009.0,-586.0,0,0,0,0,0
50360.624,1.431312918663025,2.3768742084503174,1.3238046169281006,0.11117590963840485,-0.039313651621341705,0.009110234677791595,-0.42654019594192505,5.021679878234863,-1.1408953666687012,52.03553009033203,-34.40684127807617,80.96849060058594,-3641.0,-3451.0,-942.0,0,0,0,0,0
50370.534,1.432625651359558,2.3767106533050537,1.3234951496124268,0.09816986322402954,-0.03632722795009613,0.02175971306860447,0.6712275743484497,5.323411464691162,-0.5162310600280762,48.82684326171875,-25.413549423217773,-144.52447509765625,-5576.0,-3671.0,-452.0,0,0,0,0,0
50380.439,1.4337559938430786,2.3766098022460938,1.3234208822250366,0.08340409398078918,-0.03594266623258591,0.050381675362586975,1.254512071609497,5.687853813171387,-1.0583441257476807,21.84516143798828,-50.97045135498047,-235.6780548095703,-5486.0,-3429.0,-319.0,0,0,0,0,0
50390.36,1.4346659183502197,2.376502275466919,1.3233240842819214,0.07414647191762924,-0.03482853248715401,0.01682385988533497,1.9614423513412476,5.858571529388428,-1.0244935750961304,-151.38201904296875,-17.92514419555664,249.1216583251953,-2841.0,-3409.0,-851.0,0,0,0,0,0
50400.253,1.4353961944580078,2.376145601272583,1.323066234588623,0.06232672557234764,-0.03806981071829796,0.01025206595659256,1.0114126205444336,6.172428607940674,-0.6653950214385986,-57.703697204589844,-23.12578010559082,-26.596588134765625,3084.0,-3728.0,-618.0,0,0,0,0,0
50410.16,1.4359469413757324,2.3757431507110596,1.3230148553848267,0.047792863100767136,-0.03970685601234436,0.02689916081726551,0.0433218814432621,6.490793228149414,-1.079619288444519,-50.018131256103516,-15.684210777282715,85.23540496826172,4818.0,-4109.0,-767.0,0,0,0,0,0
50420.067,1.4363094568252563,2.3752925395965576,1.3230764865875244,0.030575482174754143,-0.039081472903490067,0.051069874316453934,-0.7114853262901306,6.725058078765869,-0.6628604531288147,-22.400354385375977,3.347745656967163,266.22174072265625,5076.0,-4275.0,-916.0,0,0,0,0,0
50429.996,1.436482548713684,2.3749232292175293,1.3230688571929932,0.020592650398612022,-0.03810282051563263,0.02739865519106388,-1.476772665977478,6.997494220733643,-0.9891358613967896,183.61697387695312,-25.793485641479492,-158.84927368164062,2151.0,-4145.0,-745.0,0,0,0,0,0
50439.884,1.4365646839141846,2.374917507171631,1.3229562044143677,0.01190965250134468,-0.03276525065302849,-0.005097479559481144,-0.3275919556617737,7.23541259765625,-1.3573936223983765,52.743072509765625,-16.543561935424805,23.553863525390625,-4299.0,-4133.0,-1052.0,0,0,0,0,0
50449.792,1.4365081787109375,2.3750953674316406,1.3230239152908325,-0.0035743233747780323,-0.02923230081796646,0.014180116355419159,0.5117197036743164,7.33504581451416,-0.560659646987915,57.38140106201172,0.7166727185249329,-85.46063232421875,-5539.0,-3836.0,-790.0,0,0,0,0,0
50459.7,1.4363012313842773,2.3750038146972656,1.3231768608093262,-0.02122228778898716,-0.028880571946501732,0.052089568227529526,1.184537649154663,7.431479454040527,-1.237945795059204,-5.472498416900635,-31.901870727539062,-264.3135986328125,-5538.0,-3126.0,-841.0,0,0,0,0,0
50469.633,1.4358367919921875,2.3751680850982666,1.3233031034469604,-0.028117697685956955,-0.026694251224398613,0.006064232904464006,1.8852802515029907,7.429814338684082,-1.672816514968872,-170.38050842285156,8.98933219909668,237.7598419189453,-2239.0,-3072.0,-1751.0,0,0,0,0,0
50479.513,1.4352093935012817,2.375058650970459,1.3229937553405762,-0.04202285781502724,-0.029721330851316452,0.01520600076764822,0.6240034103393555,7.449628829956055,-0.6001996397972107,-76.14392852783203,-1.5615650415420532,-86.06007385253906,3833.0,-3090.0,-1340.0,0,0,0,0,0
50489.425,1.4343769550323486,2.3748576641082764,1.3227659463882446,-0.05508638918399811,-0.030412014573812485,0.020989973098039627,-0.3180512487888336,7.540996074676514,-1.063668966293335,-62.520809173583984,-4.1677632331848145,-130.50347900390625,5212.0,-3365.0,-936.0,0,0,0,0,0
50499.328,1.4333398342132568,2.37471604347229,1.3227934837341309,-0.07331794500350952,-0.02822473831474781,0.0662088394165039,-0.9815175533294678,7.530864715576172,-0.6141857504844666,28.493854522705078,20.71126365661621,174.35244750976562,4950.0,-3648.0,-784.0,0,0,0,0,0
50509.241,1.4323762655258179,2.3745529651641846,1.3230074644088745,-0.0773739293217659,-0.02732626162469387,0.013545256108045578,-1.504154086112976,7.583846569061279,-0.5756516456604004,177.54335021972656,-5.192612648010254,-47.888954162597656,788.0,-3836.0,-337.0,0,0,0,0,0
50519.14,1.4311144351959229,2.374783754348755,1.3227674961090088,-0.08852188289165497,-0.02135123312473297,0.013320794329047203,-0.10344155877828598,7.726861953735352,-1.3504408597946167,50.90581130981445,-8.475667953491211,-33.50397491455078,-4818.0,-4256.0,-501.0,0,0,0,0,0
50529.047,1.4296960830688477,2.375196933746338,1.322556734085083,-0.10105889290571213,-0.018035689368844032,0.021443292498588562,0.536214292049408,7.721286773681641,-0.775230884552002,99.88329315185547,18.603641510009766,110.25666809082031,-4972.0,-4324.0,-723.0,0,0,0,0,0
50538.954,1.428100347518921,2.3756251335144043,1.3227355480194092,-0.11855557560920715,-0.016718950122594833,0.06888201832771301,1.1252315044403076,7.70259952545166,-1.221695065498352,-27.072893142700195,1.4728410243988037,-206.65542602539062,-5088.0,-3924.0,-1081.0,0,0,0,0,0
50548.881,1.4263278245925903,2.3759348392486572,1.322866678237915,-0.12149804085493088,-0.014423682354390621,0.010352806188166142,1.7928214073181152,7.663090229034424,-2.5221173763275146,-174.27557373046875,10.109070777893066,104.15104675292969,-940.0,-3608.0,-2650.0,0,0,0,0,0
50558.768,1.4247417449951172,2.375941753387451,1.3229225873947144,-0.13476331532001495,-0.017527393996715546,0.035471655428409576,0.1717829704284668,7.48152494430542,-1.2141609191894531,-85.84171295166016,30.71548080444336,27.355308532714844,4647.0,-3144.0,-3291.0,0,0,0,0,0
50568.675,1.4227043390274048,2.37603759765625,1.322876214981079,-0.143173485994339,-0.017041845247149467,0.022181492298841476,-0.5310088396072388,7.331226825714111,-2.305406093597412,-112.13040161132812,-32.29997634887695,-106.32291412353516,5643.0,-2721.0,-3836.0,0,0,0,0,0
50578.583,1.4205410480499268,2.376185178756714,1.3231087923049927,-0.15949082374572754,-0.01341947540640831,0.07830154150724411,-1.4298384189605713,7.2721052169799805,-1.8490744829177856,57.564476013183594,11.348819732666016,145.55589294433594,5035.0,-3758.0,-3964.0,0,0,0,0,0
50588.499,1.4183257818222046,2.376539945602417,1.3231512308120728,-0.15873079001903534,-0.01123344898223877,0.0024921621661633253,-1.6973721981048584,7.188238620758057,-0.512782633304596,128.06707763671875,25.84891128540039,11.76502799987793,-204.0,-4171.0,-2550.0,0,0,0,0,0
50598.407,1.4160550832748413,2.37711501121521,1.3229575157165527,-0.1698426455259323,-0.004486764781177044,0.02594224363565445,-0.33221814036369324,7.126760482788086,-1.025511622428894,60.42892074584961,14.191215515136719,-99.78068542480469,-4596.0,-4062.0,-1423.0,0,0,0,0,0
50608.314,1.4139937162399292,2.377473831176758,1.3230618238449097,-0.17702427506446838,-0.0018163181375712156,0.026737740263342857,0.28958818316459656,6.9550347328186035,-1.069027066230774,119.34675598144531,62.47509765625,166.79534912109375,-4723.0,-3579.0,-931.0,0,0,0,0,0
50618.221,1.4114669561386108,2.3781721591949463,1.3232769966125488,-0.1896045058965683,0.00016173889162018895,0.067181795835495,0.8740962147712708,6.592421054840088,-0.41661813855171204,-41.56007766723633,21.675247192382812,-26.838287353515625,-4415.0,-2720.0,-106.0,0,0,0,0,0
50628.129,1.4088536500930786,2.3788042068481445,1.3235211372375488,-0.18979571759700775,0.0019843888003379107,0.011873583309352398,1.1274882555007935,6.5182600021362305,-1.237017035484314,-120.1270751953125,24.576519012451172,-89.27664947509766,397.0,-3007.0,100.0,0,0,0,0,0
50638.026,1.4061555862426758,2.379237174987793,1.3235632181167603,-0.20027272403240204,0.0007321141310967505,0.046986181288957596,-0.2931854724884033,6.202634811401367,-0.8300771713256836,-70.24295043945312,35.74005126953125,75.45598602294922,4764.0,-2702.0,-184.0,0,0,0,0,0
50647.933,1.403381109237671,2.379624128341675,1.3236522674560547,-0.20499467849731445,0.0019182392861694098,0.0355977937579155,-0.9287747144699097,5.897775650024414,-1.4789118766784668,-105.5732192993164,-13.521367073059082,-171.09158325195312,5218.0,-2406.0,-538.0,0,0,0,0,0
50657.84,1.400903582572937,2.3798775672912598,1.324102759361267,-0.2131933569908142,0.005274672992527485,0.08056765794754028,-1.6521000862121582,5.7681450843811035,-1.5267701148986816,80.81379699707031,26.49469757080078,-22.76728057861328,4253.0,-3167.0,-932.0,0,0,0,0,0
50667.757,1.3980300426483154,2.3805010318756104,1.3242851495742798,-0.2109869122505188,0.008203483186662197,0.007136630825698376,-1.555999755859375,5.416688919067383,-0.5983249545097351,108.56392669677734,42.956886291503906,115.183837890625,-1430.0,-2969.0,-891.0,0,0,0,0,0
50677.655,1.395155429840088,2.38136887550354,1.32416570186615,-0.21711260080337524,0.014593014493584633,0.034650031477212906,-0.08284402638673782,5.170017242431641,-1.3105266094207764,49.994930267333984,31.615995407104492,-55.35663604736328,-5045.0,-2594.0,-906.0,0,0,0,0,0
50687.562,1.3922760486602783,2.382352352142334,1.3242361545562744,-0.2207213044166565,0.017832398414611816,0.03996696323156357,0.4449264407157898,4.847741603851318,-1.172330379486084,129.5545654296875,46.15099334716797,123.96192932128906,-4839.0,-2336.0,-984.0,0,0,0,0,0
50697.469,1.3893287181854248,2.383348226547241,1.3246283531188965,-0.2254219502210617,0.01974697969853878,0.06625517457723618,1.2039774656295776,4.497093677520752,-0.2666805386543274,-86.837158203125,45.773277282714844,42.21061325073242,-4243.0,-2309.0,-488.0,0,0,0,0,0
50707.386,1.3861161470413208,2.3834283351898193,1.3248811960220337,-0.22397421300411224,0.017744066193699837,0.013515816070139408,1.1279995441436768,4.256726264953613,-1.3405379056930542,-74.60259246826172,28.140827178955078,-192.00814819335938,1521.0,-2219.0,-356.0,0,0,0,0,0
50717.284,1.383065938949585,2.3840997219085693,1.3249101638793945,-0.22788913547992706,0.01637927256524563,0.04726921021938324,-0.21109479665756226,3.865614175796509,-1.0551453828811646,-76.7790298461914,57.222904205322266,117.18206024169922,5001.0,-1757.0,-926.0,0,0,0,0,0
50727.191,1.3800740242004395,2.384706735610962,1.32501220703125,-0.2281196117401123,0.017233850434422493,0.03592779114842415,-0.8944175839424133,3.343803644180298,-1.4177604913711548,-86.09129333496094,4.645965099334717,-40.63960266113281,5528.0,-1211.0,-1332.0,0,0,0,0,0
50737.098,1.376969575881958,2.385423421859741,1.3254568576812744,-0.2295561134815216,0.020752111449837685,0.07136889547109604,-1.6637835502624512,3.2327609062194824,-1.5573574304580688,98.14659881591797,35.85623550415039,-31.275846481323242,3983.0,-2297.0,-1605.0,0,0,0,0,0
50747.015,1.3740676641464233,2.3863344192504883,1.325587272644043,-0.22569674253463745,0.024598028510808945,0.006214961409568787,-1.270864725112915,2.8056442737579346,-0.8693804740905762,84.56143951416016,50.52529525756836,84.51806640625,-1958.0,-2064.0,-1619.0,0,0,0,0,0
50756.922,1.3711953163146973,2.38740873336792,1.325530767440796,-0.2256554514169693,0.030122146010398865,0.04183952137827873,0.04364596679806709,2.409864664077759,-1.2899858951568604,72.12165832519531,38.905609130859375,-60.368377685546875,-5031.0,-1324.0,-1509.0,0,0,0,0,0
50766.819,1.3686459064483643,2.388145923614502,1.3257755041122437,-0.2227175086736679,0.03153643012046814,0.041644614189863205,0.7220665812492371,1.9862273931503296,-1.2810970544815063,108.59013366699219,50.30633544921875,54.052120208740234,-5170.0,-1004.0,-1439.0,0,0,0,0,0
50776.727,1.3657817840576172,2.389291524887085,1.3261727094650269,-0.22078053653240204,0.03265839442610741,0.06424010545015335,1.5425019264221191,1.5554059743881226,-0.3879982829093933,-91.77643585205078,56.1942138671875,41.53480529785156,-4091.0,-972.0,-810.0,0,0,0,0,0
50786.651,1.3629460334777832,2.3902299404144287,1.3263226747512817,-0.21644186973571777,0.03218652680516243,0.01636773906648159,1.260502815246582,1.2034887075424194,-1.0491360425949097,-66.70122528076172,42.2790412902832,-181.77366638183594,1681.0,-830.0,-302.0,0,0,0,0,0
50796.545,1.3601869344711304,2.390979766845703,1.3264186382293701,-0.21316705644130707,0.029925459995865822,0.053219906985759735,0.07063549757003784,0.7659926414489746,-1.0248326063156128,-58.2080078125,60.10902404785156,162.13829040527344,4837.0,-396.0,-652.0,0,0,0,0,0
50806.447,1.3577780723571777,2.3914568424224854,1.3268345594406128,-0.20812270045280457,0.02928384393453598,0.04879886284470558,-0.5531510710716248,0.18822909891605377,-1.1379960775375366,-88.7301254272461,17.057464599609375,24.13941764831543,5029.0,-48.0,-833.0,0,0,0,0,0
50816.355,1.35483980178833,2.392226219177246,1.327455759048462,-0.20182554423809052,0.030995093286037445,0.06999889016151428,-1.3393093347549438,0.024724725633859634,-1.3573651313781738,110.92700958251953,30.077226638793945,-80.49024963378906,3779.0,-952.0,-879.0,0,0,0,0,0
50826.276,1.3523578643798828,2.3930962085723877,1.3274813890457153,-0.19662711024284363,0.0340912900865078,0.009706094861030579,-0.8812294602394104,-0.4320635497570038,-0.7774584293365479,76.7771987915039,49.21272659301758,100.28372192382812,-2244.0,-791.0,-1000.0,0,0,0,0,0
50836.173,1.3499350547790527,2.3941690921783447,1.3274122476577759,-0.18990564346313477,0.0381501279771328,0.03460334613919258,0.4569357931613922,-0.832449734210968,-1.2417304515838623,66.39497375488281,35.17523956298828,-83.40425109863281,-5008.0,-139.0,-972.0,0,0,0,0,0
50846.081,1.3476673364639282,2.3952670097351074,1.3274868726730347,-0.18287387490272522,0.03945227712392807,0.03712848946452141,1.0507292747497559,-1.2334399223327637,-1.1393165588378906,112.40724182128906,41.45116424560547,1.5934104919433594,-5017.0,11.0,-910.0,0,0,0,0,0
50855.994,1.3454201221466064,2.396268606185913,1.3278825283050537,-0.1750684678554535,0.039083708077669144,0.056987129151821136,1.967952847480774,-1.5855157375335693,-0.3027704656124115,-104.97918701171875,58.739593505859375,61.47566604614258,-3982.0,-161.0,-405.0,0,0,0,0,0
50865.911,1.343506097793579,2.3968634605407715,1.3280349969863892,-0.1682656854391098,0.03645705059170723,0.013074067421257496,1.5567775964736938,-1.9657803773880005,-1.0098601579666138,-55.80059814453125,37.25544738769531,-178.2363739013672,1982.0,243.0,-55.0,0,0,0,0,0
50875.802,1.341436743736267,2.3975534439086914,1.3280056715011597,-0.1590985804796219,0.03301672637462616,0.04196954891085625,0.39670395851135254,-2.3717293739318848,-1.0476644039154053,-84.04571533203125,56.15771484375,133.54222106933594,4982.0,797.0,-594.0,0,0,0,0,0
50885.706,1.3395107984542847,2.3980398178100586,1.328137993812561,-0.1514497846364975,0.03148100525140762,0.029780298471450806,-0.3532198369503021,-2.9332780838012695,-1.25602388381958,-79.09092712402344,5.436975479125977,-27.667842864990234,5488.0,1211.0,-972.0,0,0,0,0,0
50895.614,1.3377691507339478,2.3985979557037354,1.328275203704834,-0.1399124562740326,0.03211936727166176,0.05819419398903847,-1.0573638677597046,-3.023249387741089,-1.3655428886413574,98.12599182128906,30.192718505859375,-20.584943771362305,3894.0,60.0,-1164.0,0,0,0,0,0
50905.529,1.336281418800354,2.399136781692505,1.328287124633789,-0.134242445230484,0.03376360237598419,-0.009042511694133282,-0.5867103338241577,-3.449836254119873,-0.6790117621421814,82.3388442993164,36.43885040283203,110.23284912109375,-2001.0,203.0,-1136.0,0,0,0,0,0
50915.429,1.3348240852355957,2.3999931812286377,1.3279904127120972,-0.12210752815008163,0.03630737215280533,0.020761162042617798,0.6903548240661621,-3.7556369304656982,-1.1081984043121338,82.61312103271484,24.816015243530273,-18.341064453125,-5010.0,659.0,-935.0,0,0,0,0,0
50925.344,1.3335446119308472,2.4009435176849365,1.3277174234390259,-0.11262553930282593,0.037220265716314316,0.00685725687071681,1.4243403673171997,-4.071622848510742,-0.7684544324874878,111.98358917236328,43.81365203857422,77.20781707763672,-5201.0,682.0,-575.0,0,0,0,0,0
50935.248,1.3323498964309692,2.4018290042877197,1.3278518915176392,-0.0994763895869255,0.035089753568172455,0.041619062423706055,2.288137435913086,-4.3468732833862305,-0.16587087512016296,-82.46825408935547,41.81737518310547,-5.422733783721924,-4265.0,626.0,108.0,0,0,0,0,0
50945.159,1.3313137292861938,2.40244722366333,1.3275561332702637,-0.09298697113990784,0.03302191197872162,-0.012313781306147575,2.0295732021331787,-4.622035503387451,-1.029994010925293,-77.3954086303711,16.368099212646484,-140.0409698486328,1373.0,951.0,266.0,0,0,0,0,0
50955.057,1.3303691148757935,2.4028501510620117,1.3271547555923462,-0.07942265272140503,0.027664106339216232,0.019715160131454468,0.841461718082428,-4.911454200744629,-0.9054425954818726,-65.27546691894531,38.89754104614258,132.46726989746094,4743.0,1267.0,-260.0,0,0,0,0,0
50964.964,1.329563856124878,2.4031596183776855,1.326939582824707,-0.06968583166599274,0.025216592475771904,0.008456754498183727,0.18435434997081757,-5.315621852874756,-1.1467758417129517,-102.43209838867188,-6.800834655761719,-94.82521057128906,5032.0,1618.0,-639.0,0,0,0,0,0
50974.887,1.3289134502410889,2.4034223556518555,1.3270691633224487,-0.05493040755391121,0.02391105145215988,0.040756706148386,-0.5711919665336609,-5.347650527954102,-1.4772629737854004,96.90646362304688,16.40049171447754,-49.12364196777344,4147.0,796.0,-1062.0,0,0,0,0,0
50984.788,1.328416109085083,2.403850793838501,1.3267635107040405,-0.05034986138343811,0.025064287707209587,-0.025235984474420547,-0.2028578221797943,-5.668003082275391,-0.6840684413909912,91.06690979003906,30.348026275634766,155.60772705078125,-1895.0,999.0,-1271.0,0,0,0,0,0
50994.685,1.3281031847000122,2.4043898582458496,1.3263123035430908,-0.03628126531839371,0.0262623131275177,-0.0021326986607164145,1.1873958110809326,-5.86870002746582,-1.171454906463623,77.12117004394531,16.56865882873535,-26.448495864868164,-5174.0,1458.0,-1150.0,0,0,0,0,0
51004.602,1.3279598951339722,2.404972553253174,1.3260207176208496,-0.024823352694511414,0.025240885093808174,-0.0035877288319170475,1.8769422769546509,-6.087779521942139,-0.7276243567466736,123.01901245117188,35.6542854309082,88.07567596435547,-5393.0,1589.0,-842.0,0,0,0,0,0
51014.5,1.3279035091400146,2.4053633213043213,1.325980305671692,-0.009826072491705418,0.02107076905667782,0.029110653325915337,2.8417983055114746,-6.303981304168701,-0.2632274925708771,-92.04193878173828,29.199493408203125,39.59122085571289,-4533.0,1655.0,-286.0,0,0,0,0,0
51024.431,1.328081727027893,2.405691146850586,1.3256529569625854,-0.004273958038538694,0.018229378387331963,-0.026221323758363724,2.475829839706421,-6.470911502838135,-1.1220389604568481,-78.49639892578125,-2.1979258060455322,-113.9121322631836,1430.0,1862.0,-14.0,0,0,0,0,0
51034.323,1.3283413648605347,2.4057600498199463,1.3251681327819824,0.011773142963647842,0.011389648541808128,0.012321601621806622,1.3042656183242798,-6.609155178070068,-0.5014879107475281,-72.37149810791016,20.589595794677734,123.34871673583984,4806.0,1813.0,-34.0,0,0,0,0,0
51044.221,1.3287707567214966,2.4056782722473145,1.324838638305664,0.022081438452005386,0.007719696033746004,0.003336904104799032,0.5817312002182007,-6.853981971740723,-0.9254979491233826,-92.70787811279297,-11.011970520019531,-163.87533569335938,5111.0,1936.0,-168.0,0,0,0,0,0
51054.128,1.32938814163208,2.4055633544921875,1.3247315883636475,0.03850894421339035,0.0050794221460819244,0.040617503225803375,-0.24441702663898468,-6.801150321960449,-1.8204938173294067,101.49947357177734,10.606612205505371,-44.576942443847656,3818.0,1470.0,-1142.0,0,0,0,0,0
51064.044,1.3299612998962402,2.4056179523468018,1.3246150016784668,0.04126827418804169,0.005923400167375803,-0.022556854411959648,0.234777569770813,-7.048884391784668,-1.198642611503601,83.11566925048828,15.711318016052246,220.6040496826172,-2216.0,1981.0,-1991.0,0,0,0,0,0
51073.943,1.3308027982711792,2.405735969543457,1.3242207765579224,0.05661756917834282,0.00541963055729866,0.009411977604031563,1.5826867818832397,-7.13549280166626,-1.1638681888580322,56.62600326538086,-1.6868855953216553,-113.24929809570312,-5235.0,2246.0,-1822.0,0,0,0,0,0
51083.86,1.3317701816558838,2.4059314727783203,1.3242391347885132,0.06818411499261856,0.003152226796373725,0.014064142480492592,2.177844762802124,-7.1956634521484375,-0.9912574291229248,109.6134262084961,14.38249683380127,-26.497055053710938,-5115.0,2170.0,-1547.0,0,0,0,0,0
51093.757,1.3329371213912964,2.406032085418701,1.3243210315704346,0.08227423578500748,-0.0013145774137228727,0.04006657376885414,3.0599212646484375,-7.339003562927246,-0.6373007297515869,-108.10009002685547,13.508952140808105,102.1072006225586,-4162.0,2316.0,-1298.0,0,0,0,0,0
51103.673,1.3339815139770508,2.4059500694274902,1.3242652416229248,0.08716310560703278,-0.005348739214241505,-0.0011085746809840202,2.5961482524871826,-7.373600959777832,-1.3442835807800293,-80.60735321044922,-10.88080883026123,-64.9720458984375,1962.0,2422.0,-1029.0,0,0,0,0,0
51113.572,1.335349202156067,2.4056296348571777,1.3239303827285767,0.10195084661245346,-0.01253773458302021,0.03172001987695694,1.347622275352478,-7.370507717132568,-0.6500155329704285,-57.15565872192383,3.2572131156921387,204.30374145507812,5148.0,2184.0,-875.0,0,0,0,0,0
51123.479,1.3369027376174927,2.405104160308838,1.323851227760315,0.11232013255357742,-0.01659361645579338,0.03278828039765358,0.701239287853241,-7.438591480255127,-0.7423220872879028,-84.04818725585938,-13.583784103393555,0.6633859276771545,5140.0,1909.0,-647.0,0,0,0,0,0
51133.386,1.3386011123657227,2.404587984085083,1.3239930868148804,0.12537513673305511,-0.01957736536860466,0.052934858947992325,-0.2258385419845581,-7.196138381958008,-1.8102290630340576,129.41368103027344,-18.711223602294922,-113.04796600341797,3419.0,1265.0,-1220.0,0,0,0,0,0
51143.312,1.3403327465057373,2.4042537212371826,1.3237861394882202,0.12784627079963684,-0.018453964963555336,-0.0009560800972394645,0.4807317852973938,-7.203570365905762,-1.3986729383468628,55.16560363769531,-7.405611038208008,138.38665771484375,-2955.0,1435.0,-1951.0,0,0,0,0,0
51153.2,1.342165470123291,2.4040565490722656,1.3234506845474243,0.14038285613059998,-0.019182205200195312,0.026648512110114098,1.7427524328231812,-7.11902379989624,-1.0330020189285278,59.34181594848633,-22.43747329711914,-133.14451599121094,-5254.0,1706.0,-1655.0,0,0,0,0,0
51163.107,1.3438879251480103,2.403843879699707,1.3235241174697876,0.14941605925559998,-0.02202453650534153,0.035101816058158875,2.2760074138641357,-6.972419738769531,-1.209385633468628,86.97376251220703,-15.218812942504883,-120.69530487060547,-5225.0,1685.0,-1513.0,0,0,0,0,0
51173.015,1.346004605293274,2.4035279750823975,1.3237025737762451,0.15928296744823456,-0.02625259943306446,0.05026232451200485,3.142003059387207,-6.942596912384033,-1.115752935409546,-130.54840087890625,2.6254777908325195,191.88983154296875,-3801.0,1878.0,-1741.0,0,0,0,0,0
51182.932,1.3481614589691162,2.4029693603515625,1.3235129117965698,0.1626761257648468,-0.031210696324706078,0.013587168417870998,2.502988815307617,-6.839913368225098,-1.407711148262024,-74.05368041992188,-18.19402503967285,-35.56117248535156,2508.0,2015.0,-1523.0,0,0,0,0,0
51192.829,1.3504371643066406,2.40217924118042,1.323290228843689,0.17289845645427704,-0.0382268987596035,0.036693181842565536,1.2855849266052246,-6.652455806732178,-0.8587653636932373,-59.91816329956055,-10.44799518585205,234.2089385986328,5361.0,1639.0,-1327.0,0,0,0,0,0
51202.736,1.3527705669403076,2.401283025741577,1.323232650756836,0.1800317019224167,-0.04218187928199768,0.03939718008041382,0.5975281596183777,-6.532751560211182,-0.669481635093689,-64.19989013671875,-19.126195907592773,83.5767822265625,5309.0,1237.0,-899.0,0,0,0,0,0
51212.646,1.3553799390792847,2.4004061222076416,1.3232920169830322,0.1881149858236313,-0.044738784432411194,0.04647686332464218,-0.37894296646118164,-6.1329851150512695,-1.7738393545150757,133.49998474121094,-40.39739227294922,-144.7557373046875,3239.0,617.0,-1192.0,0,0,0,0,0
51222.563,1.3575536012649536,2.3998608589172363,1.323197841644287,0.18811628222465515,-0.04288823902606964,0.0006633289158344269,0.33483457565307617,-5.9267354011535645,-1.5898358821868896,51.36570739746094,-30.52442741394043,53.79872131347656,-2915.0,532.0,-1878.0,0,0,0,0,0
51232.465,1.3600635528564453,2.3993210792541504,1.3227345943450928,0.19584187865257263,-0.04313938319683075,0.027108587324619293,1.4565757513046265,-5.662339687347412,-1.2619284391403198,47.622283935546875,-40.76769256591797,-182.9444122314453,-4981.0,541.0,-1813.0,0,0,0,0,0
51242.368,1.362626075744629,2.398740530014038,1.322516679763794,0.20127704739570618,-0.045504823327064514,0.03667697310447693,1.9317600727081299,-5.329931735992432,-1.707486867904663,79.59412384033203,-37.01956558227539,-154.0427703857422,-4863.0,453.0,-2081.0,0,0,0,0,0
51252.275,1.3652046918869019,2.3981313705444336,1.3224895000457764,0.2044074833393097,-0.0479317381978035,0.03376477211713791,2.753359794616699,-5.139166355133057,-1.57162606716156,-141.17420959472656,-15.818116188049316,228.33518981933594,-3483.0,623.0,-2688.0,0,0,0,0,0
51262.191,1.3675261735916138,2.3974413871765137,1.322313904762268,0.20388193428516388,-0.051910169422626495,0.00044687886838801205,2.0816009044647217,-4.840027809143066,-1.6722344160079956,-68.41547393798828,-29.578636169433594,-56.34932327270508,2783.0,628.0,-2588.0,0,0,0,0,0
51272.093,1.3701497316360474,2.396432876586914,1.3218356370925903,0.20807090401649475,-0.05763483792543411,0.021675722673535347,0.8398215174674988,-4.50288200378418,-1.3965696096420288,-59.263580322265625,-20.154685974121094,226.67088317871094,5371.0,332.0,-2620.0,0,0,0,0,0
51281.994,1.3727930784225464,2.395296812057495,1.3215144872665405,0.21044756472110748,-0.06057649850845337,0.030491668730974197,0.1772822141647339,-4.267510890960693,-1.1251028776168823,-61.491676330566406,-30.715072631835938,136.0338134765625,5331.0,95.0,-2305.0,0,0,0,0,0
51291.901,1.3754241466522217,2.3941731452941895,1.3211629390716553,0.21224357187747955,-0.062227390706539154,0.032764725387096405,-0.6697872281074524,-3.78292179107666,-1.8762712478637695,146.20095825195312,-57.07194137573242,-166.3986053466797,3025.0,-470.0,-2202.0,0,0,0,0,0
51301.818,1.3780993223190308,2.3933281898498535,1.3205896615982056,0.20997406542301178,-0.05995993688702583,-0.01622024178504944,0.15968041121959686,-3.4375572204589844,-1.5483533143997192,48.63821792602539,-43.79179382324219,23.693641662597656,-3413.0,-723.0,-2359.0,0,0,0,0,0
51311.72,1.3807891607284546,2.392618179321289,1.3200069665908813,0.21135550737380981,-0.05934957042336464,0.009500162675976753,1.2875652313232422,-3.100308895111084,-1.3121283054351807,63.170501708984375,-42.09149169921875,-136.004638671875,-5473.0,-715.0,-2015.0,0,0,0,0,0
51321.639,1.383200764656067,2.391956090927124,1.3198621273040771,0.21055243909358978,-0.06056598201394081,0.01935208961367607,1.9214495420455933,-2.6688292026519775,-1.6611734628677368,51.14283752441406,-44.92135238647461,-122.26725006103516,-5479.0,-489.0,-1992.0,0,0,0,0,0
51331.53,1.385871410369873,2.391214609146118,1.3197060823440552,0.2089817076921463,-0.06280287355184555,0.022119853645563126,2.6689059734344482,-2.4846789836883545,-1.5109846591949463,-139.19308471679688,-24.458736419677734,206.06419372558594,-3265.0,-197.0,-2290.0,0,0,0,0,0
51341.447,1.388461947441101,2.390166759490967,1.31932532787323,0.2062615305185318,-0.06742177903652191,-0.0038575544022023678,1.9011491537094116,-2.087721824645996,-1.473667860031128,-74.13780975341797,-35.41664123535156,-49.0803108215332,2892.0,-482.0,-1995.0,0,0,0,0,0
51351.345,1.390993356704712,2.3890085220336914,1.3187780380249023,0.2043718695640564,-0.07230150699615479,0.016968905925750732,0.7089443802833557,-1.698042869567871,-1.3875463008880615,-57.06297302246094,-18.88495635986328,210.9034423828125,5457.0,-984.0,-1943.0,0,0,0,0,0
51361.259,1.3932591676712036,2.388031482696533,1.3187147378921509,0.200911745429039,-0.07368731498718262,0.030454324558377266,-0.044533513486385345,-1.3697564601898193,-0.8750825524330139,-44.775665283203125,-27.394845962524414,191.51661682128906,5564.0,-1169.0,-1558.0,0,0,0,0,0
51371.159,1.3957066535949707,2.3868331909179688,1.318624496459961,0.1974870264530182,-0.07453249394893646,0.021866194903850555,-0.8764007687568665,-0.8830496072769165,-1.6594319343566895,152.6971893310547,-64.7292709350586,-177.27943420410156,2879.0,-1555.0,-1404.0,0,0,0,0,0
51381.076,1.3981642723083496,2.3858802318573,1.3180906772613525,0.19326628744602203,-0.07162173837423325,-0.011842864565551281,0.005258042830973864,-0.4547145366668701,-1.6603519916534424,46.42497253417969,-45.93693161010742,31.165815353393555,-3483.0,-2033.0,-1752.0,0,0,0,0,0
51390.982,1.400591254234314,2.3850884437561035,1.3175231218338013,0.18862423300743103,-0.07023880630731583,0.012733508832752705,1.0086090564727783,-0.07123640179634094,-1.1842859983444214,31.0174617767334,-38.95878601074219,-136.30772399902344,-4985.0,-2158.0,-1591.0,0,0,0,0,0
51400.88,1.4026820659637451,2.384363889694214,1.3175404071807861,0.18263280391693115,-0.07107430696487427,0.04401128739118576,1.4143478870391846,0.3819366693496704,-1.8959274291992188,30.815223693847656,-61.412410736083984,-266.43756103515625,-4913.0,-1922.0,-1946.0,0,0,0,0,0
51410.788,1.4049245119094849,2.383608102798462,1.3174816370010376,0.17693014442920685,-0.0704677551984787,0.014342833310365677,2.2203917503356934,0.664573609828949,-2.22141695022583,-183.70724487304688,-17.648744583129883,276.25347900390625,-2584.0,-1811.0,-3125.0,0,0,0,0,0
51420.704,1.407061219215393,2.382617235183716,1.3169686794281006,0.1705748289823532,-0.07453589141368866,0.003903608303517103,1.149834394454956,1.0069553852081299,-1.4592868089675903,-68.9672622680664,-32.584922790527344,-107.04781341552734,3863.0,-1737.0,-3016.0,0,0,0,0,0
51430.602,1.4091086387634277,2.3814799785614014,1.3164730072021484,0.16353237628936768,-0.07715724408626556,0.014634117484092712,0.028411630541086197,1.3952876329421997,-1.9070066213607788,-56.29472732543945,-25.82982635498047,44.8569450378418,5555.0,-1995.0,-3104.0,0,0,0,0,0
51440.516,1.4104620218276978,2.3799073696136475,1.3162912130355835,0.15358342230319977,-0.07846886664628983,0.04826538637280464,-0.61088627576828,1.6972389221191406,-1.2855224609375,7.433290481567383,-18.76835823059082,271.9569396972656,5484.0,-2335.0,-2996.0,0,0,0,0,0
51450.427,1.412301778793335,2.3788862228393555,1.3160834312438965,0.14767080545425415,-0.07806654274463654,0.011628575623035431,-1.316328525543213,2.1458027362823486,-1.3698279857635498,179.31912231445312,-50.864864349365234,-168.35980224609375,1753.0,-2803.0,-2305.0,0,0,0,0,0
51460.341,1.4139177799224854,2.3781354427337646,1.3160136938095093,0.14007437229156494,-0.07321730256080627,0.0019675903022289276,-0.0957547277212143,2.616546630859375,-1.8637566566467285,56.961082458496094,-43.51935958862305,5.660757541656494,-4326.0,-3288.0,-2322.0,0,0,0,0,0
51470.231,1.4156177043914795,2.3774850368499756,1.3156318664550781,0.13096292316913605,-0.07082213461399078,0.013528354465961456,0.7218107581138611,2.9346470832824707,-1.3799830675125122,55.936058044433594,-8.639618873596191,18.909801483154297,-5305.0,-3218.0,-2261.0,0,0,0,0,0
51480.138,1.417189121246338,2.376859426498413,1.3155773878097534,0.11971446871757507,-0.07070863991975784,0.055399831384420395,1.302302360534668,3.1996588706970215,-1.8830138444900513,-18.99729347229004,-53.013328552246094,-186.39602661132812,-5032.0,-2304.0,-2431.0,0,0,0,0,0
51490.045,1.4185199737548828,2.3763115406036377,1.3154680728912354,0.11335675418376923,-0.06895218789577484,0.004485292825847864,1.8362013101577759,3.44120192527771,-2.4530231952667236,-175.96705627441406,-21.262004852294922,160.58493041992188,-1375.0,-2355.0,-3315.0,0,0,0,0,0
51499.962,1.419784426689148,2.375440835952759,1.3151915073394775,0.10235028713941574,-0.07244185358285904,0.025965968146920204,0.5358681082725525,3.7023022174835205,-1.288205623626709,-78.26396179199219,-32.19330596923828,-119.68042755126953,4358.0,-2529.0,-3067.0,0,0,0,0,0
51509.861,1.4208965301513672,2.3744850158691406,1.3150253295898438,0.09277772903442383,-0.07324766367673874,0.025591811165213585,-0.3665745258331299,4.022563934326172,-2.123230457305908,-93.50159454345703,-48.35873794555664,-232.8020782470703,5241.0,-2843.0,-2953.0,0,0,0,0,0
51519.77,1.421822428703308,2.373598575592041,1.3152490854263306,0.07915806770324707,-0.07108654826879501,0.07381013035774231,-1.0083192586898804,4.281256675720215,-1.726635456085205,37.926048278808594,-15.47273063659668,162.66798400878906,4988.0,-3346.0,-3121.0,0,0,0,0,0
51529.678,1.4226386547088623,2.372885227203369,1.3155078887939453,0.07378534972667694,-0.06984937191009521,0.015285875648260117,-1.48658287525177,4.568998336791992,-1.075974941253662,169.5513458251953,-17.979522705078125,15.277199745178223,319.0,-3658.0,-2423.0,0,0,0,0,0
51539.591,1.4234284162521362,2.3723466396331787,1.3152860403060913,0.06304088234901428,-0.06413975358009338,0.026093080639839172,0.015227170661091805,4.957009315490723,-1.870908260345459,50.903629302978516,-35.61151123046875,-16.05257797241211,-4983.0,-3987.0,-2190.0,0,0,0,0,0
51549.496,1.4240658283233643,2.3719780445098877,1.3151535987854004,0.05221384018659592,-0.06143699213862419,0.029043646529316902,0.6232490539550781,5.225962162017822,-1.3668090105056763,112.35453033447266,11.939362525939941,150.26377868652344,-4964.0,-4031.0,-2111.0,0,0,0,0,0
51559.396,1.4245223999023438,2.3716135025024414,1.3154276609420776,0.03710123896598816,-0.06071089580655098,0.07311655580997467,1.2357980012893677,5.337491512298584,-1.4628266096115112,-47.23019790649414,-21.905261993408203,-96.1664810180664,-4714.0,-3217.0,-2153.0,0,0,0,0,0
51569.312,1.4248595237731934,2.3710665702819824,1.3156594038009644,0.03237331286072731,-0.059512000530958176,0.013330182060599327,1.6124911308288574,5.5435991287231445,-2.874387741088867,-152.22947692871094,-27.273500442504883,11.000438690185547,45.0,-3053.0,-3140.0,0,0,0,0,0
51579.22,1.4250507354736328,2.370429039001465,1.3156366348266602,0.017844747751951218,-0.062148336321115494,0.048092976212501526,-0.006100983824580908,5.647037506103516,-1.431080937385559,-71.5654067993164,-12.998924255371094,32.96193313598633,4957.0,-3076.0,-3286.0,0,0,0,0,0
51589.117,1.4250781536102295,2.3697121143341064,1.3157306909561157,0.007873226888477802,-0.06165843829512596,0.04060079902410507,-0.6944703459739685,5.794875621795654,-2.015324115753174,-125.77312469482422,-46.89651107788086,-297.8898620605469,5289.0,-3085.0,-3113.0,0,0,0,0,0
51599.025,1.4249253273010254,2.36904239654541,1.3160533905029297,-0.008769383653998375,-0.057793911546468735,0.08863012492656708,-1.5008171796798706,5.991799354553223,-2.4309465885162354,72.47297668457031,-23.706348419189453,26.931468963623047,4518.0,-3742.0,-3555.0,0,0,0,0,0
51608.939,1.4246704578399658,2.368683099746704,1.3161702156066895,-0.0110913822427392,-0.05535728856921196,0.010770637542009354,-1.5369248390197754,6.1085710525512695,-1.2704411745071411,106.07567596435547,4.341207504272461,132.57907104492188,-1181.0,-4183.0,-3244.0,0,0,0,0,0
51618.851,1.4242198467254639,2.3686225414276123,1.3162389993667603,-0.02477620542049408,-0.04859866574406624,0.03980402275919914,-0.08972983062267303,6.334354400634766,-1.7641597986221313,55.106414794921875,-19.684104919433594,-38.19410705566406,-4994.0,-4408.0,-2804.0,0,0,0,0,0
51628.753,1.4237620830535889,2.36860990524292,1.3167177438735962,-0.034655749797821045,-0.04524152725934982,0.03714129701256752,0.4504452347755432,6.540783882141113,-1.7195731401443481,111.42083740234375,23.259695053100586,109.17321014404297,-4796.0,-4499.0,-2740.0,0,0,0,0,0
51638.657,1.4230843782424927,2.368551254272461,1.3170989751815796,-0.04935457184910774,-0.043613728135824203,0.06972761452198029,1.1068891286849976,6.479719161987305,-1.4748289585113525,-68.04936981201172,-0.0009562691557221115,31.112045288085938,-4104.0,-3729.0,-2731.0,0,0,0,0,0
51648.564,1.422301173210144,2.368333578109741,1.3170901536941528,-0.052239563316106796,-0.04270409047603607,0.006663881242275238,1.1555231809616089,6.630155086517334,-2.599720001220703,-108.33690643310547,-8.845325469970703,-109.66283416748047,1209.0,-3676.0,-3250.0,0,0,0,0,0
51658.485,1.4213813543319702,2.36798357963562,1.3169474601745605,-0.06639213860034943,-0.044029898941516876,0.03713623806834221,-0.3352670669555664,6.630774021148682,-2.113232135772705,-60.68110656738281,14.853144645690918,127.56906127929688,5193.0,-3602.0,-3945.0,0,0,0,0,0
51668.378,1.4202944040298462,2.3676347732543945,1.316906213760376,-0.07566013932228088,-0.04265748709440231,0.02787800505757332,-1.0071157217025757,6.572174072265625,-2.3583669662475586,-110.68170166015625,-29.149211883544922,-152.52462768554688,5312.0,-3318.0,-4140.0,0,0,0,0,0
51678.298,1.4192683696746826,2.3672635555267334,1.3171424865722656,-0.08806771039962769,-0.03906376659870148,0.057944465428590775,-1.7715505361557007,6.709737300872803,-2.587045907974243,90.19159698486328,-15.190653800964355,1.352299451828003,4252.0,-4123.0,-4179.0,0,0,0,0,0
51688.195,1.4179987907409668,2.367192268371582,1.3170422315597534,-0.09070360660552979,-0.03568299859762192,-0.001955299871042371,-1.7053523063659668,6.668148040771484,-0.9646866917610168,79.36622619628906,12.622903823852539,109.41056060791016,-1604.0,-4337.0,-3293.0,0,0,0,0,0
51698.111,1.4166697263717651,2.367389440536499,1.3170543909072876,-0.10337644815444946,-0.02874457836151123,0.030253630131483078,-0.30017977952957153,6.6810994148254395,-1.5746785402297974,52.96534729003906,8.083415985107422,-26.377605438232422,-4815.0,-4117.0,-2429.0,0,0,0,0,0
51708.004,1.4152015447616577,2.367661476135254,1.3170832395553589,-0.11260098218917847,-0.025111377239227295,0.03364076092839241,0.25478842854499817,6.6735005378723145,-1.6783610582351685,99.57563018798828,29.856887817382812,41.74370574951172,-4680.0,-3680.0,-2060.0,0,0,0,0,0
51717.921,1.413692831993103,2.3678910732269287,1.3174527883529663,-0.12337304651737213,-0.02291194163262844,0.0518174022436142,0.9289530515670776,6.400473594665527,-1.1879216432571411,-94.37630462646484,27.934532165527344,120.15460968017578,-3541.0,-3043.0,-1747.0,0,0,0,0,0
51727.82,1.4123021364212036,2.367912530899048,1.3176699876785278,-0.12533831596374512,-0.02292177453637123,0.007113336119800806,0.6535501480102539,6.385777950286865,-1.8259109258651733,-75.65640258789062,17.622743606567383,-145.18167114257812,2133.0,-3087.0,-1628.0,0,0,0,0,0
51737.735,1.4104491472244263,2.367905855178833,1.317556619644165,-0.13718175888061523,-0.023075301200151443,0.04116415977478027,-0.6321168541908264,6.210671901702881,-1.8931198120117188,-53.137001037597656,31.220849990844727,153.50196838378906,5230.0,-2989.0,-2210.0,0,0,0,0,0
51747.633,1.4084800481796265,2.367891550064087,1.3176486492156982,-0.145106703042984,-0.020968660712242126,0.04440188407897949,-1.284714698791504,5.999146461486816,-1.7988965511322021,-88.84215545654297,3.359930992126465,7.754310131072998,5288.0,-2917.0,-2453.0,0,0,0,0,0
51757.539,1.4066981077194214,2.367812395095825,1.3180060386657715,-0.15310817956924438,-0.01741485297679901,0.06633160263299942,-2.02504563331604,6.012714862823486,-2.20137882232666,122.92385864257812,-1.9078952074050903,-91.05195617675781,3799.0,-3553.0,-2608.0,0,0,0,0,0
51767.447,1.4046034812927246,2.368044853210449,1.3179816007614136,-0.15392835438251495,-0.013262711465358734,0.00899982824921608,-1.5717604160308838,5.809173107147217,-1.3917536735534668,66.28164672851562,28.66154670715332,103.93854522705078,-2415.0,-3532.0,-2542.0,0,0,0,0,0
51777.364,1.4021471738815308,2.3690311908721924,1.3178575038909912,-0.16357091069221497,-0.005197638645768166,0.03795911371707916,-0.3015822768211365,5.622082233428955,-1.4282194375991821,64.49626159667969,25.318967819213867,-43.56644058227539,-5068.0,-3096.0,-2153.0,0,0,0,0,0
51787.262,1.3999277353286743,2.36961030960083,1.3179961442947388,-0.16940076649188995,-0.001793698756955564,0.04290872439742088,0.3756553828716278,5.446113586425781,-1.8166680335998535,64.3552017211914,25.547426223754883,-86.24849700927734,-5097.0,-2724.0,-2148.0,0,0,0,0,0
51797.169,1.3976447582244873,2.370181083679199,1.31813383102417,-0.175308495759964,0.00023830455029383302,0.05090537667274475,1.1025625467300415,5.1220383644104,-1.553084135055542,-116.72085571289062,47.817989349365234,135.42677307128906,-3144.0,-2399.0,-2400.0,0,0,0,0,0
51807.076,1.3952953815460205,2.3705523014068604,1.318200707435608,-0.17702250182628632,-0.00048164077452383935,0.019810117781162262,0.5452287197113037,4.899674415588379,-1.9045255184173584,-62.798912048339844,38.34918975830078,-154.39993286132812,2714.0,-2283.0,-2407.0,0,0,0,0,0
51816.992,1.3931884765625,2.3706841468811035,1.3183287382125854,-0.1821974664926529,-0.0012964248890057206,0.045819882303476334,-0.569769024848938,4.633037090301514,-2.042224168777466,-32.27713394165039,44.89496994018555,133.5504608154297,5072.0,-2070.0,-2966.0,0,0,0,0,0
51826.89,1.390703558921814,2.3709232807159424,1.3184623718261719,-0.18632139265537262,0.00047789525706321,0.05295258387923241,-1.1048119068145752,4.214140892028809,-1.6478703022003174,-82.9710922241211,27.432952880859375,205.0990753173828,5009.0,-1914.0,-3070.0,0,0,0,0,0
51836.798,1.3883243799209595,2.371293783187866,1.3185622692108154,-0.18801431357860565,0.0030279916245490313,0.05206691101193428,-1.9603571891784668,4.1406755447387695,-1.806222677230835,157.09217834472656,6.992913246154785,-158.8177032470703,3675.0,-2610.0,-2625.0,0,0,0,0,0
51846.715,1.385882019996643,2.371861219406128,1.3185125589370728,-0.18669667840003967,0.007684085052460432,0.0030744322575628757,-1.2778825759887695,3.881861925125122,-1.5079904794692993,51.14188766479492,32.700782775878906,83.17222595214844,-2860.0,-2752.0,-2492.0,0,0,0,0,0
51856.622,1.3837190866470337,2.3722548484802246,1.3184634447097778,-0.18886995315551758,0.011885923333466053,0.025530178099870682,-0.039622142910957336,3.533808469772339,-1.450451374053955,80.15654754638672,32.36897277832031,-13.523102760314941,-5208.0,-2199.0,-2171.0,0,0,0,0,0
51866.529,1.3809738159179688,2.3733654022216797,1.3182806968688965,-0.19106554985046387,0.01557946763932705,0.03541313111782074,0.7068533301353455,3.2796480655670166,-1.7342472076416016,40.6996955871582,35.359092712402344,-88.11670684814453,-5456.0,-1835.0,-2034.0,0,0,0,0,0
51876.437,1.3787394762039185,2.3738348484039307,1.318555235862732,-0.19072973728179932,0.015970995649695396,0.029731566086411476,1.4354658126831055,2.879340171813965,-1.4510480165481567,-114.78837585449219,63.884891510009766,142.2897186279297,-2801.0,-1468.0,-2099.0,0,0,0,0,0
51886.334,1.3762030601501465,2.3744006156921387,1.3184127807617188,-0.18982061743736267,0.014296119101345539,0.006517091765999794,0.7143892049789429,2.5102603435516357,-1.6236666440963745,-53.32001876831055,57.38914489746094,-185.43295288085938,2825.0,-1001.0,-2007.0,0,0,0,0,0
51896.251,1.3737066984176636,2.3748111724853516,1.3182954788208008,-0.19020818173885345,0.01312759518623352,0.03302568569779396,-0.1968936324119568,2.1300082206726074,-2.3105363845825195,-40.14707565307617,55.11345291137695,72.0584945678711,4874.0,-400.0,-2798.0,0,0,0,0,0
51906.148,1.3714990615844727,2.375066041946411,1.318570613861084,-0.1889299750328064,0.013508752919733524,0.05144490674138069,-0.7972915172576904,1.5456269979476929,-1.6735836267471313,-71.10799407958984,37.91789245605469,214.1927947998047,5006.0,-113.0,-2999.0,0,0,0,0,0
51916.062,1.3690297603607178,2.3754663467407227,1.3188624382019043,-0.18627217411994934,0.014875618740916252,0.051312707364559174,-1.6207295656204224,1.381201148033142,-1.4480520486831665,164.66041564941406,13.269193649291992,-171.97962951660156,3488.0,-947.0,-2237.0,0,0,0,0,0
51925.962,1.3666256666183472,2.376054048538208,1.3188763856887817,-0.18271522223949432,0.018804579973220825,0.008739255368709564,-0.8622746467590332,1.0705857276916504,-1.2472208738327026,57.221160888671875,39.57314682006836,97.59971618652344,-3049.0,-1378.0,-1852.0,0,0,0,0,0
51935.879,1.3642475605010986,2.376826047897339,1.3188928365707397,-0.1799004077911377,0.022683070972561836,0.028163349255919456,0.3533416986465454,0.6715738773345947,-1.1720640659332275,72.91490936279297,29.6834774017334,-18.75709342956543,-5401.0,-865.0,-1240.0,0,0,0,0,0
51945.787,1.3619388341903687,2.3776535987854004,1.3191094398498535,-0.1761920005083084,0.023895015940070152,0.04523077234625816,1.1075785160064697,0.3713696002960205,-1.150752305984497,31.584932327270508,35.99534606933594,-107.66307067871094,-5325.0,-762.0,-687.0,0,0,0,0,0
51955.684,1.359676718711853,2.378432035446167,1.3193048238754272,-0.17211686074733734,0.024130674079060555,0.03581123799085617,1.7308709621429443,0.018324675038456917,-0.9941895604133606,-118.26311492919922,65.2562255859375,121.52043151855469,-2517.0,-540.0,-579.0,0,0,0,0,0
51965.591,1.3577215671539307,2.378812313079834,1.3194434642791748,-0.16711482405662537,0.02074626460671425,0.02539573237299919,1.0109020471572876,-0.4180966317653656,-1.3466094732284546,-55.53107452392578,52.770835876464844,-176.58502197265625,2971.0,115.0,-763.0,0,0,0,0,0
51975.509,1.3556251525878906,2.3792080879211426,1.3193732500076294,-0.16167904436588287,0.018338384106755257,0.045535627752542496,0.06675872206687927,-0.8130961656570435,-2.302731513977051,-30.007307052612305,39.690216064453125,-7.805823802947998,4665.0,794.0,-1983.0,0,0,0,0,0
51985.406,1.3534622192382812,2.379531145095825,1.319782018661499,-0.1559806764125824,0.018039645627141,0.06674440205097198,-0.35764339566230774,-1.3186264038085938,-1.7840723991394043,-75.20662689208984,42.63117599487305,202.47157287597656,4734.0,720.0,-2733.0,0,0,0,0,0
51995.315,1.3513259887695312,2.3798983097076416,1.320041298866272,-0.1487036943435669,0.017827514559030533,0.05564194917678833,-1.3384175300598145,-1.5378977060317993,-1.2533180713653564,185.9600830078125,11.368898391723633,-181.29039001464844,3419.0,64.0,-2244.0,0,0,0,0,0
52005.223,1.3495124578475952,2.380505323410034,1.3200294971466064,-0.14298106729984283,0.021493736654520035,0.01145110372453928,-0.4712120592594147,-1.7882851362228394,-1.38896644115448,48.70912551879883,34.37690353393555,106.46284484863281,-3252.0,-429.0,-2110.0,0,0,0,0,0
52015.141,1.3479015827178955,2.38098406791687,1.3201406002044678,-0.13512006402015686,0.023467838764190674,0.023143170401453972,0.6915660500526428,-2.1367621421813965,-1.0569686889648438,93.27619171142578,21.960220336914062,-11.820494651794434,-5496.0,-117.0,-1492.0,0,0,0,0,0
52025.05,1.3461525440216064,2.3816657066345215,1.3203476667404175,-0.12714983522891998,0.02349795587360859,0.039626214653253555,1.5751270055770874,-2.3748998641967773,-0.8590710759162903,19.860511779785156,31.206485748291016,-61.76253128051758,-5723.0,-127.0,-727.0,0,0,0,0,0
52034.945,1.3445639610290527,2.382355213165283,1.3206106424331665,-0.11981585621833801,0.022472571581602097,0.034904688596725464,2.172548294067383,-2.6614277362823486,-0.7371845245361328,-102.32516479492188,50.588775634765625,96.97602081298828,-2539.0,75.0,-346.0,0,0,0,0,0
52044.852,1.3431541919708252,2.3827857971191406,1.320379376411438,-0.11260411888360977,0.018690206110477448,0.020291568711400032,1.425998330116272,-3.00840163230896,-1.090740442276001,-60.71630859375,41.5335693359375,-162.5858917236328,2713.0,574.0,-353.0,0,0,0,0,0
52054.769,1.3418395519256592,2.3830137252807617,1.3201904296875,-0.10303381830453873,0.014900261536240578,0.0410388819873333,0.5020008683204651,-3.289738178253174,-1.9321248531341553,-26.007232666015625,26.656034469604492,-17.00007438659668,4582.0,1013.0,-1305.0,0,0,0,0,0
52064.666,1.3406885862350464,2.3831849098205566,1.3203128576278687,-0.09318862855434418,0.013274152763187885,0.059908460825681686,0.055843524634838104,-3.676872968673706,-1.4379873275756836,-83.25656127929688,29.295278549194336,185.33375549316406,4520.0,926.0,-1971.0,0,0,0,0,0
52074.573,1.3397259712219238,2.3833227157592773,1.3206812143325806,-0.083818219602108,0.012075110338628292,0.055501364171504974,-0.7881384491920471,-3.794527530670166,-1.3211121559143066,176.5001220703125,0.5140090584754944,-200.52891540527344,3317.0,424.0,-1831.0,0,0,0,0,0
52084.478,1.3387858867645264,2.3836824893951416,1.32050621509552,-0.07749002426862717,0.014464671723544598,0.012152678333222866,-0.01317228190600872,-3.992830276489258,-1.576598882675171,46.6092414855957,25.918764114379883,86.46668243408203,-3165.0,165.0,-2200.0,0,0,0,0,0
52094.395,1.3379565477371216,2.3841521739959717,1.3202368021011353,-0.06769243627786636,0.01583828218281269,0.01971748098731041,1.14262855052948,-4.2647705078125,-1.2255489826202393,83.93744659423828,12.343390464782715,-59.675750732421875,-5322.0,602.0,-1966.0,0,0,0,0,0
52104.301,1.3373115062713623,2.3846728801727295,1.3199658393859863,-0.05713756009936333,0.014835579320788383,0.03023064136505127,1.9157590866088867,-4.426522254943848,-1.2015436887741089,31.081520080566406,25.978992462158203,-64.04814147949219,-5437.0,587.0,-1616.0,0,0,0,0,0
52114.2,1.3367692232131958,2.385052442550659,1.3196946382522583,-0.04904752969741821,0.013140024617314339,0.012373223900794983,2.541232109069824,-4.655706405639648,-1.0037044286727905,-118.44060516357422,43.4749870300293,183.30470275878906,-2585.0,831.0,-1444.0,0,0,0,0,0
52124.107,1.3363081216812134,2.385178327560425,1.3194206953048706,-0.04163827374577522,0.008575528860092163,-0.011755657382309437,1.7748990058898926,-4.903433322906494,-0.9717803597450256,-62.89659881591797,26.461456298828125,-111.42549133300781,3024.0,1170.0,-971.0,0,0,0,0,0
52134.039,1.3359313011169434,2.3851542472839355,1.3188403844833374,-0.02984900400042534,0.003709892276674509,0.01127284299582243,0.7230788469314575,-5.041050434112549,-1.3276844024658203,-32.48740005493164,18.751920700073242,40.978553771972656,4918.0,1236.0,-1113.0,0,0,0,0,0
52143.921,1.3356881141662598,2.3850455284118652,1.3185418844223022,-0.01877756044268608,0.0012911492958664894,0.028146568685770035,0.24084267020225525,-5.295882225036621,-1.087292194366455,-93.91839599609375,15.542049407958984,163.1007080078125,4807.0,1120.0,-1414.0,0,0,0,0,0
52153.835,1.3355958461761475,2.384897232055664,1.3182671070098877,-0.008630337193608284,-0.000651238311547786,0.028402812778949738,-0.7519267797470093,-5.30261754989624,-1.7404733896255493,169.85792541503906,-9.165031433105469,-218.940185546875,3713.0,746.0,-1806.0,0,0,0,0,0
52163.743,1.335648775100708,2.384998083114624,1.3177839517593384,-0.0037515347357839346,0.001367889461107552,-0.024146735668182373,-0.059173379093408585,-5.413708209991455,-2.105851888656616,45.308589935302734,13.994402885437012,126.17337036132812,-2937.0,612.0,-2936.0,0,0,0,0,0
52173.653,1.3358443975448608,2.3851699829101562,1.317223310470581,0.007397883106023073,0.0022720354609191418,-0.009337491355836391,1.1765376329421997,-5.561972141265869,-1.561089038848877,100.73326110839844,-1.2470343112945557,-103.909912109375,-5365.0,967.0,-2960.0,0,0,0,0,0
52183.558,1.336055040359497,2.3852782249450684,1.3169318437576294,0.0173912663012743,0.000706604914739728,-0.003578802337870002,2.0368196964263916,-5.59455680847168,-1.4454591274261475,26.597822189331055,21.54793930053711,-35.21016311645508,-5833.0,816.0,-2715.0,0,0,0,0,0
52193.457,1.3364776372909546,2.3853726387023926,1.3164763450622559,0.0268094502389431,-0.002328080590814352,-0.0022776981350034475,2.674129009246826,-5.71338415145874,-1.3176465034484863,-107.82797241210938,29.13310432434082,199.28311157226562,-2755.0,1144.0,-2564.0,0,0,0,0,0
52203.364,1.33688485622406,2.3852837085723877,1.316041111946106,0.03309353068470955,-0.0069826641120016575,-0.027045967057347298,1.9108471870422363,-5.845546722412109,-1.2398192882537842,-76.94730377197266,11.467937469482422,-95.93038177490234,2871.0,1416.0,-2012.0,0,0,0,0,0
52213.291,1.3374998569488525,2.3849616050720215,1.315398097038269,0.04527919366955757,-0.012452642433345318,0.0012294432381168008,0.8246379494667053,-5.845515251159668,-1.4514639377593994,-21.09025001525879,3.690352439880371,48.23210144042969,4847.0,1400.0,-1865.0,0,0,0,0,0
52223.179,1.3382582664489746,2.3845183849334717,1.3151172399520874,0.056585803627967834,-0.015389535576105118,0.0253423023968935,0.4607810378074646,-6.00491189956665,-1.0088958740234375,-98.91822052001953,5.743819713592529,213.44973754882812,4639.0,1314.0,-1739.0,0,0,0,0,0
52233.086,1.339156150817871,2.3840625286102295,1.3149809837341309,0.06567087024450302,-0.01791365072131157,0.02391580119729042,-0.6011101603507996,-5.914574146270752,-1.552567481994629,186.6260528564453,-21.20694923400879,-216.08843994140625,3552.0,939.0,-1644.0,0,0,0,0,0
52242.993,1.3401644229888916,2.3838372230529785,1.314526081085205,0.06993368268013,-0.01607329398393631,-0.02054707147181034,0.18208666145801544,-5.895668029785156,-2.0876681804656982,46.9509162902832,3.0638372898101807,132.77761840820312,-3291.0,759.0,-2517.0,0,0,0,0,0
52252.912,1.341294527053833,2.383708953857422,1.3139219284057617,0.07920704036951065,-0.015582327730953693,-0.012224366888403893,1.3973627090454102,-5.967397689819336,-1.4706467390060425,74.45208740234375,-4.64856481552124,-73.94466400146484,-5490.0,1159.0,-2501.0,0,0,0,0,0
52262.808,1.3425662517547607,2.3835411071777344,1.3135957717895508,0.0911761224269867,-0.018777433782815933,0.022034691646695137,2.0958266258239746,-5.911114692687988,-1.6120387315750122,-6.924185752868652,1.5540179014205933,-108.09285736083984,-5404.0,1238.0,-2398.0,0,0,0,0,0
52272.715,1.3437176942825317,2.383312702178955,1.3135524988174438,0.09449856728315353,-0.020231783390045166,-0.015313129872083664,2.5743672847747803,-5.968650817871094,-1.5945760011672974,-129.6139373779297,13.620970726013184,209.58226013183594,-1670.0,1678.0,-2604.0,0,0,0,0,0
52282.622,1.3452330827713013,2.382885217666626,1.3129067420959473,0.1027933806180954,-0.026087086647748947,-0.011258970014750957,1.6001226902008057,-6.033669471740723,-1.2289782762527466,-66.41207885742188,8.767058372497559,-91.84619903564453,3879.0,1915.0,-2204.0,0,0,0,0,0
52292.539,1.346686601638794,2.3821780681610107,1.3124924898147583,0.11199602484703064,-0.031031489372253418,0.005125738214701414,0.5319130420684814,-5.974020004272461,-1.773838996887207,-51.36201095581055,-23.629220962524414,-62.45071029663086,5036.0,1795.0,-2174.0,0,0,0,0,0
52302.446,1.3482011556625366,2.3814432621002197,1.3124017715454102,0.12195920199155807,-0.03348023071885109,0.03350348770618439,0.13110682368278503,-5.933619976043701,-1.3085156679153442,-39.69872283935547,5.717262268066406,214.27517700195312,5126.0,1108.0,-2303.0,0,0,0,0,0
52312.343,1.3499468564987183,2.3807573318481445,1.3123581409454346,0.12768778204917908,-0.03539605811238289,0.017701715230941772,-0.824924886226654,-5.77483606338501,-1.4116711616516113,206.9095001220703,-24.922876358032227,-158.36976623535156,2367.0,702.0,-2206.0,0,0,0,0,0
52322.251,1.3514914512634277,2.3803420066833496,1.3121898174285889,0.1310855895280838,-0.03255577012896538,-0.012699729762971401,0.35245126485824585,-5.543662071228027,-2.620816707611084,55.71661376953125,-20.44816780090332,146.331298828125,-4154.0,373.0,-3145.0,0,0,0,0,0
52332.178,1.353342890739441,2.379925012588501,1.3117376565933228,0.13794787228107452,-0.03266460448503494,-0.0036301622167229652,1.3460311889648438,-5.455450057983398,-1.380604863166809,84.7132339477539,-21.716140747070312,19.439476013183594,-5789.0,550.0,-3018.0,0,0,0,0,0
52342.065,1.3553129434585571,2.3794679641723633,1.3117525577545166,0.14923962950706482,-0.0367409773170948,0.056333739310503006,2.1805522441864014,-5.262096405029297,-1.5934194326400757,-52.43396759033203,-19.324831008911133,-149.37942504882812,-5177.0,696.0,-2700.0,0,0,0,0,0
52351.972,1.3572590351104736,2.378876209259033,1.311655044555664,0.1482079029083252,-0.03800950571894646,-0.009175154380500317,2.227592945098877,-5.206688404083252,-2.1189377307891846,-119.46432495117188,-19.751298904418945,32.669551849365234,-470.0,1229.0,-3054.0,0,0,0,0,0
52361.879,1.3592561483383179,2.378023147583008,1.3113768100738525,0.1563791185617447,-0.04465099424123764,0.0312667116522789,1.2606979608535767,-5.110136032104492,-1.5191000699996948,-44.240848541259766,-2.9706332683563232,1.6629633903503418,4134.0,1288.0,-2957.0,0,0,0,0,0
52371.801,1.361082911491394,2.3772876262664795,1.3115696907043457,0.16157934069633484,-0.04795779660344124,0.048618946224451065,0.41992929577827454,-4.968902587890625,-1.9151158332824707,-107.67848205566406,-42.08302688598633,-246.877197265625,4211.0,1293.0,-2836.0,0,0,0,0,0
52381.7,1.3632268905639648,2.3763113021850586,1.3119524717330933,0.16825151443481445,-0.05011489614844322,0.07830546051263809,-0.10266629606485367,-4.733870029449463,-2.258754014968872,12.78065299987793,-16.852998733520508,54.00495910644531,5018.0,527.0,-3341.0,0,0,0,0,0
52391.601,1.365639567375183,2.3753514289855957,1.3124721050262451,0.16932828724384308,-0.05162768438458443,0.04168375954031944,-0.8602550029754639,-4.527352809906006,-1.3587279319763184,167.36801147460938,-19.122726440429688,-13.879729270935059,765.0,23.0,-3251.0,0,0,0,0,0
52401.513,1.3679076433181763,2.374640464782715,1.3125687837600708,0.17167972028255463,-0.0485164038836956,0.022538641467690468,0.6766900420188904,-4.168481826782227,-2.4234633445739746,67.5921401977539,-41.22111511230469,30.82480239868164,-4723.0,-327.0,-3434.0,0,0,0,0,0
52411.428,1.370162010192871,2.3740758895874023,1.3123935461044312,0.1739659160375595,-0.04863689839839935,0.018131600692868233,1.3772937059402466,-3.8709638118743896,-1.3516051769256592,67.06519317626953,-23.94977569580078,15.40376091003418,-5486.0,-575.0,-3026.0,0,0,0,0,0
52421.335,1.3721892833709717,2.3734958171844482,1.3127278089523315,0.17860765755176544,-0.05206986889243126,0.07476617395877838,2.0566930770874023,-3.619802951812744,-1.4894243478775024,-86.01923370361328,-25.516653060913086,-77.15141296386719,-3934.0,-69.0,-2509.0,0,0,0,0,0
52431.225,1.37446129322052,2.372685670852661,1.3128010034561157,0.17533069849014282,-0.05361437425017357,0.0005576786934398115,1.7300883531570435,-3.461179494857788,-2.0770535469055176,-114.90325164794922,-38.646278381347656,-51.496368408203125,0.0,0.0,0.0,0,60000,65535,28473,0
52441.141,1.3766952753067017,2.3716585636138916,1.3126686811447144,0.17900463938713074,-0.0588822066783905,0.05238695442676544,0.6448413729667664,-3.22104811668396,-1.5835422277450562,-32.32151412963867,-10.734603881835938,86.60774230957031,0.0,0.0,0.0,27101,60000,65535,19085,1
52451.05,1.3789030313491821,2.370476722717285,1.3129805326461792,0.1793503612279892,-0.06147985905408859,0.05572070553898811,0.07694263011217117,-3.0482261180877686,-1.7894459962844849,-109.6686782836914,-23.641216278076172,-239.42457580566406,0.0,0.0,0.0,22169,60000,65535,34540,1
52460.945,1.381125807762146,2.3693161010742188,1.3133652210235596,0.17935942113399506,-0.06283443421125412,0.05549139901995659,-0.47503241896629333,-2.832339286804199,-2.939481735229492,97.44794464111328,-0.7046623826026917,143.901611328125,0.0,0.0,0.0,0,6590,65535,43062,1
52470.852,1.383171796798706,2.3685061931610107,1.313649296760559,0.17736084759235382,-0.06174752116203308,0.039339058101177216,-0.34978246688842773,-2.8685922622680664,-0.92569899559021,271.20904541015625,11.011954307556152,-29.040285110473633,0.0,0.0,0.0,23015,14627,65535,60000,1
52480.765,1.385522723197937,2.367647171020508,1.313808798789978,0.17684799432754517,-0.05851176381111145,0.030265498906373978,2.2400095462799072,-2.8671913146972656,-1.5850499868392944,209.4389190673828,87.07601928710938,95.27313995361328,0.0,0.0,0.0,0,0,65535,60000,1
52490.676,1.387952208518982,2.366870880126953,1.3136322498321533,0.17419320344924927,-0.05838660150766373,0.0014077703235670924,4.464695930480957,-3.398749828338623,0.8924871683120728,30.480777740478516,91.20011901855469,682.2484130859375,0.0,0.0,0.0,0,0,9830,60000,1
52500.579,1.3903675079345703,2.366039514541626,1.3130830526351929,0.1694077104330063,-0.05862121656537056,-0.06539507210254669,6.017611503601074,-4.018594264984131,5.2555460929870605,-59.32351303100586,143.1725311279297,473.5135192871094,0.0,0.0,0.0,0,5164,9830,60000,1
52510.486,1.3928214311599731,2.364947557449341,1.3126221895217896,0.1819627285003662,-0.07785006612539291,0.035225238651037216,5.347877025604248,-5.071207523345947,9.627681732177734,-40.25556182861328,156.71234130859375,-430.1510009765625,0.0,0.0,0.0,0,12396,9830,60000,1
52520.39,1.395442008972168,2.36362624168396,1.312596321105957,0.18476951122283936,-0.08645433932542801,0.027453366667032242,5.137934684753418,-6.4641242027282715,9.671270370483398,-436.27752685546875,351.3184509277344,-289.2550048828125,0.0,0.0,0.0,65535,6219,11399,21899,1
52530.317,1.3978949785232544,2.3624556064605713,1.3126565217971802,0.18919618427753448,-0.09666728228330612,0.03642876818776131,1.4837321043014526,-9.594625473022461,7.733697414398193,-209.5420684814453,213.55784606933594,-23.30390739440918,0.0,0.0,0.0,65535,58618,65535,16200,1
52540.202,1.4006810188293457,2.3608226776123047,1.3119945526123047,0.17129836976528168,-0.10853888839483261,-0.08461856096982956,-1.8977575302124023,-12.61221981048584,7.363180637359619,-295.40618896484375,184.64279174804688,-612.7767333984375,0.0,0.0,0.0,0,7957,9830,60000,1
52550.109,1.4033584594726562,2.3591175079345703,1.31039559841156,0.1707359254360199,-0.11171174049377441,-0.1479034423828125,-4.3671183586120605,-14.29317569732666,5.149763107299805,-572.4963989257812,304.30096435546875,-143.3694305419922,0.0,0.0,0.0,0,33044,9830,12899,1
52560.033,1.4061588048934937,2.357285737991333,1.3085949420928955,0.19595928490161896,-0.09932157397270203,-0.11208844184875488,-9.453434944152832,-17.50398063659668,6.429411888122559,-240.83074951171875,148.57318115234375,-374.4222717285156,0.0,0.0,0.0,31592,60000,9830,5980,1
52569.942,1.4084659814834595,2.3558411598205566,1.306473970413208,0.1656963974237442,-0.12515413761138916,-0.2647119462490082,-13.302486419677734,-19.268970489501953,5.308976650238037,-559.2505493164062,331.4125671386719,5.0356621742248535,0.0,0.0,0.0,65535,60000,27274,0,1
52579.843,1.4111549854278564,2.3537728786468506,1.3035088777542114,0.19002458453178406,-0.10184644907712936,-0.2597496807575226,-18.361127853393555,-21.52367401123047,2.325814962387085,-643.8468017578125,257.8780822753906,-113.1279067993164,0.0,0.0,0.0,0,60000,9830,0,1
52589.738,1.4140337705612183,2.3516669273376465,1.3004019260406494,0.18748393654823303,-0.10673574358224869,-0.3244962692260742,-25.593416213989258,-23.765499114990234,-0.5635050535202026,-422.0509338378906,349.2879638671875,327.3990478515625,0.0,0.0,0.0,0,60000,9830,0,1
52599.655,1.4168221950531006,2.3497462272644043,1.2971389293670654,0.2152060568332672,-0.06025475263595581,-0.32289180159568787,-29.852495193481445,-28.30306053161621,1.2012499570846558,-202.48155212402344,322.0190734863281,-321.3324279785156,0.0,0.0,0.0,65535,56998,26422,0,1
52609.562,1.4198065996170044,2.348466634750366,1.2938601970672607,0.24520035088062286,-0.011709178797900677,-0.3330819606781006,-33.6591796875,-30.861597061157227,-1.2040103673934937,-24.362302780151367,479.1060485839844,-785.398193359375,0.0,0.0,0.0,65535,60000,65535,6632,1
52619.468,1.4230717420578003,2.3477871417999268,1.2904609441757202,0.27401721477508545,0.029344776645302773,-0.3591722548007965,-38.43743133544922,-31.595125198364258,-8.731978416442871,102.52336883544922,565.6004638671875,-32.4773063659668,0.0,0.0,0.0,65535,57908,65535,22211,1
52629.367,1.4263471364974976,2.34798002243042,1.2868231534957886,0.30244988203048706,0.07587827742099762,-0.38638415932655334,-40.813873291015625,-35.08110809326172,-14.041716575622559,-153.80445861816406,421.91400146484375,824.4186401367188,0.0,0.0,0.0,65535,27488,65535,26426,1
52639.274,1.429858684539795,2.3479766845703125,1.2824923992156982,0.2596219480037689,0.058742888271808624,-0.48419004678726196,-42.1788215637207,-40.800453186035156,-14.250049591064453,277.1845703125,420.6962890625,570.529052734375,0.0,0.0,0.0,0,0,53440,58911,1
52649.191,1.43351149559021,2.348586320877075,1.2778276205062866,0.3451014757156372,0.14441193640232086,-0.48180052638053894,-40.102439880371094,-47.551025390625,-11.902379035949707,358.31219482421875,275.6381530761719,-240.26412963867188,0.0,0.0,0.0,65535,3306,65535,43596,1
52659.09,1.437827229499817,2.3501837253570557,1.2732712030410767,0.41389068961143494,0.20040594041347504,-0.49930644035339355,-38.93454360961914,-48.95343017578125,-16.436126708984375,320.84051513671875,465.5492248535156,-57.2720832824707,0.0,0.0,0.0,65535,0,65535,60000,1
52668.995,1.4424254894256592,2.3523476123809814,1.2682198286056519,0.45328059792518616,0.23534877598285675,-0.5358401536941528,-37.210575103759766,-53.321598052978516,-18.144100189208984,460.5027160644531,412.6646423339844,463.3311462402344,0.0,0.0,0.0,65535,0,65535,40615,1
52678.903,1.447789192199707,2.355123281478882,1.2629516124725342,0.5164568424224854,0.27084222435951233,-0.563090443611145,-36.243247985839844,-56.78944778442383,-22.73539161682129,367.4490966796875,371.4073486328125,744.444091796875,0.0,0.0,0.0,65535,0,65535,60000,1
52688.821,1.4532201290130615,2.35833740234375,1.2568782567977905,0.4743994176387787,0.2793201804161072,-0.6450185179710388,-26.41409683227539,-63.15950012207031,-15.913125991821289,333.35833740234375,352.222412109375,211.1505126953125,0.0,0.0,0.0,65535,0,65535,60000,1
52698.727,1.4584728479385376,2.361849784851074,1.2504050731658936,0.4777787923812866,0.2901974618434906,-0.7019254565238953,-20.347965240478516,-67.87378692626953,-13.23367977142334,264.9227294921875,321.5236511230469,-81.02168273925781,0.0,0.0,0.0,65535,0,65535,60000,1
52708.625,1.4640941619873047,2.3656821250915527,1.2434439659118652,0.5487250089645386,0.30293262004852295,-0.7372741103172302,-15.897218704223633,-71.70306396484375,-11.580334663391113,196.26971435546875,353.3387756347656,71.34437561035156,0.0,0.0,0.0,65535,0,65535,60000,1
52718.532,1.470514178276062,2.369798421859741,1.2361189126968384,0.630884051322937,0.3102586567401886,-0.7734070420265198,-14.442669868469238,-75.51580047607422,-12.21498966217041,-57.33855056762695,315.8648681640625,472.191162109375,0.0,0.0,0.0,0,0,65535,60000,1
52728.451,1.477836012840271,2.373464584350586,1.2284295558929443,0.7753115892410278,0.31983640789985657,-0.8075822591781616,11.679475784301758,-79.26005554199219,13.776598930358887,-80.30006408691406,241.21543884277344,268.4380798339844,0.0,0.0,0.0,65535,0,39405,60000,1
52738.347,1.4870119094848633,2.377671003341675,1.2203998565673828,0.9296170473098755,0.3280334174633026,-0.8452147245407104,33.09574508666992,-80.90481567382812,36.644432067871094,-126.27879333496094,210.56480407714844,-533.2648315429688,0.0,0.0,0.0,27916,5134,37197,60000,1
52748.259,1.4971685409545898,2.3816733360290527,1.2120410203933716,1.0111467838287354,0.3280229866504669,-0.8935412764549255,28.405899047851562,-83.8336181640625,32.69838333129883,-311.6586608886719,229.17926025390625,166.78466796875,0.0,0.0,0.0,65535,30115,65535,35632,1
52758.161,1.5079131126403809,2.3854832649230957,1.2028759717941284,1.0469286441802979,0.3270129859447479,-0.9476831555366516,32.50136947631836,-86.0777359008789,40.08235549926758,-260.1842956542969,250.15249633789062,458.7837829589844,0.0,0.0,0.0,65535,0,65535,51439,1
52768.081,1.5185503959655762,2.388775587081909,1.1929184198379517,1.070876121520996,0.32857057452201843,-1.0073872804641724,77.27808380126953,-84.53101348876953,87.88780975341797,-456.9113464355469,247.68873596191406,637.05419921875,0.0,0.0,0.0,28047,0,57315,60000,1
52777.978,1.530529499053955,2.39277982711792,1.1823426485061646,1.190258264541626,0.3586122989654541,-1.0711379051208496,94.36000061035156,-80.15081787109375,108.8377914428711,-492.0177917480469,211.5712127685547,241.1318817138672,0.0,0.0,0.0,34420,25270,65535,60000,1
52787.889,1.5447890758514404,2.3969199657440186,1.1693880558013916,1.3059802055358887,0.39370062947273254,-1.1405820846557617,100.05725860595703,-78.45439147949219,120.5131607055664,-509.7837219238281,55.39028549194336,-360.8887023925781,0.0,0.0,0.0,37285,47898,65535,40049,1
52797.807,1.558521032333374,2.400660276412964,1.1564600467681885,1.333426594734192,0.39529019594192505,-1.2001502513885498,100.81452941894531,-79.94020080566406,126.08916473388672,-758.3306274414062,60.94667053222656,275.0146179199219,0.0,0.0,0.0,0,60000,9830,0,1
52807.712,1.5724643468856812,2.404127836227417,1.1429088115692139,1.4232791662216187,0.4370284378528595,-1.2598339319229126,94.9622573852539,-81.08741760253906,127.48066711425781,-626.9769897460938,98.79885864257812,247.85292053222656,0.0,0.0,0.0,0,60000,12414,25201,1
52817.61,1.5870451927185059,2.407848358154297,1.1282836198806763,1.4491899013519287,0.4487423002719879,-1.3193172216415405,91.11407470703125,-79.90876770019531,130.2611541748047,-696.2664794921875,223.95033264160156,372.03521728515625,0.0,0.0,0.0,0,60000,9830,27468,1
52827.52,1.601641297340393,2.411964178085327,1.1137430667877197,1.46928870677948,0.46580544114112854,-1.3785712718963623,91.31695556640625,-76.37093353271484,136.97572326660156,-689.1798706054688,230.3933868408203,-104.52310180664062,0.0,0.0,0.0,0,60000,9830,41442,1
52837.429,1.616761326789856,2.4159157276153564,1.097015142440796,1.5001486539840698,0.4951150417327881,-1.4343328475952148,93.40064239501953,-76.03538513183594,146.13421630859375,-642.9923095703125,141.79348754882812,-193.270751953125,0.0,0.0,0.0,14888,60000,41688,6735,1
52847.343,1.6321665048599243,2.419984817504883,1.0790938138961792,1.5059599876403809,0.49114131927490234,-1.488764762878418,95.99932861328125,-78.44388580322266,155.14820861816406,-692.1400146484375,116.54153442382812,-100.25505828857422,0.0,0.0,0.0,0,60000,65445,19660,1
52857.24,1.6472618579864502,2.423933267593384,1.0605169534683228,1.52284574508667,0.5233949422836304,-1.5432952642440796,97.07688903808594,-79.48251342773438,162.9277801513672,-748.4151611328125,140.68960571289062,259.3023986816406,0.0,0.0,0.0,0,60000,31098,20984,1
52867.153,1.662518858909607,2.4287898540496826,1.0428942441940308,1.5401957035064697,0.5826917290687561,-1.5939241647720337,97.37682342529297,-78.64903259277344,170.6380157470703,-777.5551147460938,182.15127563476562,17.002410888671875,0.0,0.0,0.0,0,60000,9830,26569,1
52877.052,1.6782255172729492,2.433652877807617,1.0224874019622803,1.5481327772140503,0.6205002665519714,-1.6484686136245728,98.3114013671875,-77.63076782226562,179.38662719726562,-804.004150390625,223.67234802246094,-1.9494520425796509,0.0,0.0,0.0,0,60000,9830,24485,1
52886.969,1.694111704826355,2.438783884048462,1.0010122060775757,1.5514471530914307,0.6357004046440125,-1.7020502090454102,99.5601577758789,-76.75069427490234,-171.1505584716797,-746.7594604492188,135.7144775390625,-480.7516174316406,0.0,0.0,0.0,0,60000,9830,8788,1
52896.866,1.7100958824157715,2.444108009338379,0.9786110520362854,1.5561676025390625,0.6358805298805237,-1.7559826374053955,101.64281463623047,-78.80431365966797,-161.14308166503906,-672.297607421875,143.69601440429688,-394.9391784667969,0.0,0.0,0.0,0,60000,34518,1756,1
52906.78,1.7255264520645142,2.4493825435638428,0.9556938409805298,1.5511000156402588,0.6437981128692627,-1.8089779615402222,106.70616912841797,-81.51260375976562,-148.92489624023438,-648.98388671875,280.5379943847656,-90.8019027709961,0.0,0.0,0.0,0,60000,65535,6081,1
52916.68,1.7409144639968872,2.4550552368164062,0.9319823980331421,1.5304293632507324,0.6684621572494507,-1.8575551509857178,124.37358856201172,-83.06632232666016,-124.5767822265625,-703.7103271484375,221.7730255126953,36.139976501464844,0.0,0.0,0.0,0,60000,65535,35320,1
52926.597,1.7559237480163574,2.4615211486816406,0.9103755950927734,1.4921116828918457,0.709947943687439,-1.8958146572113037,137.1055450439453,-82.04499053955078,-104.73988342285156,-410.0583801269531,346.7889404296875,148.3738250732422,0.0,0.0,0.0,0,59014,65535,48917,1
52936.505,1.7704920768737793,2.468564510345459,0.8854213356971741,1.4063552618026733,0.7987105846405029,-1.9517139196395874,144.32139587402344,-80.26295471191406,-91.90992736816406,-232.941650390625,346.0140075683594,19.752845764160156,0.0,0.0,0.0,65535,0,65535,60000,1
52946.401,1.7838470935821533,2.476912021636963,0.8596949577331543,1.286539077758789,0.9115543365478516,-2.02463436126709,158.36248779296875,-77.70964050292969,-75.17843627929688,-53.720497131347656,469.4093017578125,-112.47869110107422,0.0,0.0,0.0,65535,0,65535,60000,1
52956.309,1.7952117919921875,2.4862756729125977,0.833594024181366,1.1583987474441528,1.016316294670105,-2.106569290161133,159.8480682373047,-73.24547576904297,-72.43617248535156,178.4857635498047,453.16021728515625,-280.52069091796875,0.0,0.0,0.0,65535,0,65535,60000,1
52966.226,1.805389165878296,2.496453046798706,0.8066589832305908,1.10597825050354,1.0348352193832397,-2.170949935913086,175.10472106933594,-69.34042358398438,-57.45608901977539,-192.74240112304688,559.8008422851562,-229.27178955078125,0.0,0.0,0.0,65535,0,65535,60000,1
52976.128,1.8148560523986816,2.5075619220733643,0.7790065407752991,1.0029559135437012,1.1060059070587158,-2.2609808444976807,179.6894073486328,-65.10182189941406,-51.700408935546875,-298.69622802734375,408.3638000488281,213.2486572265625,0.0,0.0,0.0,65535,60000,65535,0,1
52986.03,1.8238071203231812,2.5192127227783203,0.7532233595848083,0.8920034170150757,1.1816028356552124,-2.3513312339782715,174.4029083251953,-60.73942184448242,-53.896453857421875,-353.6908874511719,429.28521728515625,-49.25801086425781,0.0,0.0,0.0,60424,0,65535,60000,1
52995.937,1.8307350873947144,2.5322446823120117,0.7238429188728333,0.7801833152770996,1.2403403520584106,-2.4494237899780273,170.86227416992188,-57.073219299316406,-53.99966812133789,-432.3440856933594,437.99713134765625,37.77916717529297,0.0,0.0,0.0,65535,0,65535,60000,1
53005.855,1.8364453315734863,2.545949935913086,0.6941044330596924,0.6729348301887512,1.2827913761138916,-2.5445704460144043,169.1363067626953,-52.90569305419922,-50.52687072753906,-380.41937255859375,369.1440734863281,-105.56255340576172,0.0,0.0,0.0,65535,0,65535,60000,1
53015.752,1.8411344289779663,2.5601279735565186,0.6639974117279053,0.6189541220664978,1.2833664417266846,-2.5911686420440674,167.58914184570312,-49.48561096191406,-47.4774055480957,-470.09490966796875,467.98675537109375,-209.44192504882812,0.0,0.0,0.0,24505,0,65535,60000,1
53025.659,1.8460615873336792,2.5738720893859863,0.6354327201843262,0.5166339874267578,1.310941457748413,-2.6912293434143066,163.29217529296875,-44.973575592041016,-47.13655090332031,-528.4161376953125,441.8514404296875,-450.78680419921875,0.0,0.0,0.0,0,0,65535,60000,1
53035.564,1.848474144935608,2.5896267890930176,0.603626012802124,0.3593713939189911,1.3435876369476318,-2.8493449687957764,159.76832580566406,-40.99595260620117,-44.75322341918945,-650.3172607421875,342.51885986328125,-406.2663269042969,0.0,0.0,0.0,46960,0,65535,60000,1
53045.491,1.8492523431777954,2.6060547828674316,0.570398211479187,0.22516565024852753,1.3580899238586426,-2.983541250228882,156.1654510498047,-38.07686233520508,-40.4401969909668,-729.035400390625,291.159912109375,-399.2218933105469,0.0,0.0,0.0,8870,21053,65535,60000,1
53055.379,1.8497406244277954,2.6224329471588135,0.536411702632904,0.1396641582250595,1.3663840293884277,-3.0735924243927,152.01548767089844,-36.58986282348633,-35.63374710083008,-759.4334716796875,425.57427978515625,509.05853271484375,0.0,0.0,0.0,0,47552,65535,55138,1
53065.286,1.8495097160339355,2.63928484916687,0.5011122822761536,0.021434634923934937,1.356924057006836,-3.206395149230957,144.860595703125,-32.97768020629883,-34.600341796875,-770.4966430664062,493.4985046386719,442.09283447265625,0.0,0.0,0.0,0,2021,65535,60000,1
53075.193,1.8481876850128174,2.6560866832733154,0.464219331741333,-0.10239420086145401,1.3267862796783447,-3.3674705028533936,136.6337432861328,-26.901464462280273,-34.969512939453125,-853.1763305664062,607.5042724609375,6.132966041564941,0.0,0.0,0.0,0,0,65535,60000,1
53085.115,1.8460438251495361,2.670835256576538,0.4277900457382202,-0.2463921755552292,1.2455753087997437,-3.546574354171753,129.33529663085938,-20.558855056762695,-33.02210998535156,-875.4711303710938,511.93353271484375,71.76433563232422,0.0,0.0,0.0,24755,0,65535,60000,1
53095.008,1.8431544303894043,2.6872167587280273,0.3871428966522217,-0.31734204292297363,1.2281261682510376,-3.6577281951904297,122.42695617675781,-16.93739128112793,-28.028324127197266,-1091.782470703125,556.6802368164062,73.71414947509766,0.0,0.0,0.0,0,0,65535,60000,1
53104.915,1.8400987386703491,2.703045129776001,0.34589993953704834,-0.4132577180862427,1.1520938873291016,-3.8034474849700928,114.12838745117188,-14.251836776733398,-22.968463897705078,-1091.9671630859375,724.7251586914062,599.9821166992188,0.0,0.0,0.0,0,9279,65535,60000,1
53114.822,1.8361380100250244,2.7179479598999023,0.303317129611969,-0.4983139634132385,1.0871474742889404,-3.963135242462158,103.54814910888672,-8.014995574951172,-17.688852310180664,-1214.556884765625,635.7771606445312,40.786434173583984,0.0,0.0,0.0,0,0,65535,60000,1
53124.738,1.8312016725540161,2.729692220687866,0.26136553287506104,-0.578134298324585,0.9252502918243408,-4.088064193725586,93.21565246582031,-5.231346130371094,-11.580018997192383,-1660.057861328125,877.5389404296875,-77.12914276123047,0.0,0.0,0.0,0,53659,43236,45770,1
53134.637,1.8257040977478027,2.7407302856445312,0.21734486520290375,-0.6838315725326538,0.6585565805435181,-4.239144802093506,77.9068374633789,-5.6041579246521,-3.199810028076172,-1085.7415771484375,699.8619995117188,-1662.00341796875,0.0,0.0,0.0,0,31631,65535,10315,1
53144.544,1.8202894926071167,2.7498655319213867,0.17149417102336884,-0.7613434195518494,0.6851078271865845,-4.45996618270874,65.90614318847656,-16.12313461303711,1.8292136192321777,-1090.8778076171875,955.8231811523438,-1115.525390625,0.0,0.0,0.0,16270,55120,65535,0,1
53154.451,1.814622402191162,2.7566773891448975,0.1272776871919632,-0.7630788087844849,0.49123522639274597,-4.531817436218262,56.0528564453125,-29.409177780151367,4.603839874267578,-445.7480773925781,821.4852905273438,139.09561157226562,0.0,0.0,0.0,65535,60000,65535,0,1
53164.368,1.8107774257659912,2.761861562728882,0.0842561200261116,-0.579352617263794,0.20866286754608154,-4.337090969085693,53.31117248535156,-35.935325622558594,13.29017448425293,155.2147674560547,-50.61387252807617,-143.44839477539062,0.0,0.0,0.0,65535,48969,65535,17036,1
53174.265,1.8116326332092285,2.762269973754883,0.04432470723986626,-0.03687712550163269,-0.5149502754211426,-3.8944404125213623,55.45608901977539,-41.260894775390625,13.2014799118042,-64.2288589477539,-77.41060638427734,291.69012451171875,0.0,0.0,0.0,0,9683,44689,60000,1
53184.182,1.8159817457199097,2.7550759315490723,0.011149350553750992,0.4138141870498657,-1.1297959089279175,-3.4937243461608887,55.1936149597168,-38.926109313964844,13.976156234741211,444.5525817871094,-32.90708541870117,-216.4396514892578,0.0,0.0,0.0,0,0,24267,60000,1
53194.083,1.8258062601089478,2.7452056407928467,-0.012743191793560982,0.5173050165176392,-1.290545105934143,-3.3631927967071533,57.76473617553711,-37.25030517578125,13.881190299987793,1082.645751953125,383.1581115722656,-758.9114379882812,0.0,0.0,0.0,0,0,65535,60000,1
53204.0,1.8363137245178223,2.7373788356781006,-0.03260483220219612,0.362870991230011,-1.0592478513717651,-3.4409310817718506,65.87446594238281,-43.436279296875,12.343038558959961,1267.130859375,676.986083984375,-349.21112060546875,0.0,0.0,0.0,0,0,65535,60000,1
53213.897,1.8462830781936646,2.7323715686798096,-0.04996909201145172,0.22105218470096588,-0.8185213804244995,-3.4751570224761963,83.38065338134766,-49.27070617675781,19.069082260131836,1192.3927001953125,668.1959228515625,472.7924499511719,0.0,0.0,0.0,0,0,65535,60000,1
53223.805,1.8524926900863647,2.7263832092285156,-0.07446326315402985,0.18155494332313538,-0.8390061855316162,-3.515944480895996,103.97846984863281,-46.86289978027344,30.07893180847168,973.4070434570312,499.2130432128906,867.5152587890625,0.0,0.0,0.0,0,0,9830,60000,1
53233.711,1.8635140657424927,2.7223639488220215,-0.08713532984256744,0.19012680649757385,-0.9412631988525391,-3.557140588760376,117.25288391113281,-37.18228530883789,33.36485290527344,844.4076538085938,440.8393249511719,621.6123046875,0.0,0.0,0.0,0,0,9830,60000,1
53243.629,1.875503420829773,2.717061758041382,-0.09735468775033951,0.23141250014305115,-1.10295569896698,-3.6267752647399902,126.13372802734375,-28.71774673461914,33.39894485473633,842.1987915039062,354.87353515625,489.28729248046875,0.0,0.0,0.0,0,0,9830,60000,1
53253.525,1.889496922492981,2.710817575454712,-0.10401634871959686,0.27095603942871094,-1.1664360761642456,-3.620790481567383,134.60841369628906,-23.14292335510254,33.00125503540039,810.3199462890625,305.5651550292969,170.0851593017578,0.0,0.0,0.0,0,0,9830,60000,1
53263.444,1.8922699689865112,2.698849678039551,-0.14097702503204346,0.24571837484836578,-1.2380892038345337,-3.7632009983062744,141.9965057373047,-17.781024932861328,32.033477783203125,596.4702758789062,443.6015625,-147.88262939453125,0.0,0.0,0.0,0,0,9830,60000,1
53273.342,1.894816517829895,2.685995101928711,-0.1796465814113617,0.23707352578639984,-1.3318018913269043,-3.970637798309326,149.17266845703125,-13.400716781616211,31.9274845123291,322.371337890625,503.3619384765625,274.7952575683594,0.0,0.0,0.0,17131,0,65535,60000,1
53283.256,1.8973020315170288,2.672070026397705,-0.220782071352005,0.2546955347061157,-1.4381096363067627,-4.249075889587402,153.03367614746094,-7.890533924102783,32.37434005737305,165.1958770751953,507.05206298828125,451.4937744140625,0.0,0.0,0.0,65535,0,65535,60000,1
53293.152,1.899935245513916,2.657411575317383,-0.2643090784549713,0.2718174159526825,-1.4790269136428833,-4.440525531768799,155.2404327392578,-2.0808827877044678,31.83415412902832,-52.500694274902344,572.1138305664062,734.7890625,0.0,0.0,0.0,65535,0,65535,60000,1
53303.061,1.9027841091156006,2.6423683166503906,-0.30981969833374023,0.30905061960220337,-1.4974496364593506,-4.655882358551025,155.4896240234375,5.8880462646484375,28.81878662109375,239.47265625,400.8627624511719,982.6583862304688,0.0,0.0,0.0,44691,0,32219,60000,1
53312.967,1.9058369398117065,2.627436399459839,-0.35674789547920227,0.2973406910896301,-1.4493919610977173,-4.71818208694458,157.74771118164062,13.987959861755371,21.201602935791016,50.63280487060547,566.0744018554688,184.6961669921875,0.0,0.0,0.0,0,0,9830,60000,1
53322.889,1.909095048904419,2.612718105316162,-0.4051603078842163,0.38945844769477844,-1.4590743780136108,-4.934373378753662,160.64154052734375,19.764955520629883,18.790552139282227,-292.6982421875,397.9562072753906,193.48602294921875,0.0,0.0,0.0,65535,0,65535,60000,1
53332.781,1.9133793115615845,2.597926139831543,-0.4558410048484802,0.5257543325424194,-1.4694364070892334,-5.152646064758301,158.66615295410156,25.144468307495117,17.797182083129883,-278.9055480957031,454.2237243652344,-230.13983154296875,0.0,0.0,0.0,65535,0,65535,60000,1
53342.689,1.918967843055725,2.5830788612365723,-0.5084298849105835,0.648496687412262,-1.48171865940094,-5.306711196899414,154.79222106933594,28.776371002197266,20.949207305908203,-557.1453247070312,502.2171630859375,251.16726684570312,0.0,0.0,0.0,65535,0,65535,48913,1
53352.596,1.9258124828338623,2.568105936050415,-0.5624977946281433,0.7938857674598694,-1.4840004444122314,-5.452045440673828,149.55899047851562,34.4180908203125,22.194534301757812,-272.0774230957031,476.10028076171875,394.54150390625,0.0,0.0,0.0,65535,0,65535,21726,1
53362.513,1.9749599695205688,2.5954830646514893,-0.4519316852092743,0.9009993672370911,-1.2775928974151611,-4.855104923248291,144.1166534423828,37.54755401611328,23.053897857666016,-474.8644104003906,582.6451416015625,199.64199829101562,0.0,0.0,0.0,65535,0,65535,53492,1
53372.42,1.9844682216644287,2.5824549198150635,-0.5014412999153137,1.0625938177108765,-1.3021845817565918,-4.968630313873291,139.8008575439453,43.002227783203125,24.79361343383789,-580.1619873046875,417.84783935546875,-61.35957717895508,0.0,0.0,0.0,65535,0,65535,31261,1
53382.318,1.9956538677215576,2.5691564083099365,-0.5520385503768921,1.248286247253418,-1.3382681608200073,-5.067907810211182,130.51785278320312,46.7385368347168,28.905088424682617,-511.91668701171875,281.80877685546875,-175.67491149902344,0.0,0.0,0.0,65535,0,65535,43408,1
53392.225,2.0082814693450928,2.5556929111480713,-0.6032906174659729,1.334267258644104,-1.3227465152740479,-5.080512523651123,123.0453872680664,49.10769271850586,32.20632553100586,-808.1774291992188,349.3430480957031,324.24481201171875,0.0,0.0,0.0,65535,50504,65535,60000,1
53402.14,2.037508249282837,2.5858025550842285,-0.5713081955909729,1.4452283382415771,-1.1802172660827637,-4.847895622253418,111.76114654541016,49.860225677490234,36.887821197509766,-673.753173828125,255.97654724121094,-54.31339645385742,0.0,0.0,0.0,63672,10473,9830,0,1
53412.039,2.0764575004577637,2.590453624725342,-0.540913462638855,1.5439237356185913,-1.1105618476867676,-4.633359909057617,100.45592498779297,49.9394416809082,41.79690933227539,-728.225830078125,424.3041687011719,500.8841552734375,0.0,0.0,0.0,48418,55381,65535,31493,1
53421.949,2.0920727252960205,2.5791993141174316,-0.5877646803855896,1.6240381002426147,-1.0987539291381836,-4.643656253814697,89.53465270996094,53.44669723510742,46.86084747314453,-736.540771484375,431.2449035644531,288.2560119628906,0.0,0.0,0.0,50005,23436,9830,0,1
53431.863,2.108642101287842,2.567899465560913,-0.6346895694732666,1.7307685613632202,-1.1196637153625488,-4.645938873291016,75.2557601928711,55.67331314086914,55.161903381347656,-669.9027099609375,442.1978759765625,-11.453044891357422,0.0,0.0,0.0,65535,46510,35645,0,1
53441.773,2.1261470317840576,2.556490659713745,-0.6815974712371826,1.7978794574737549,-1.1160533428192139,-4.631680011749268,62.04758071899414,54.856910705566406,62.78995132446289,-636.6602172851562,416.09722900390625,-9.456976890563965,0.0,0.0,0.0,56356,60000,65535,0,1
