timestamp,stateEstimate.x,stateEstimate.y,stateEstimate.z,stateEstimate.vx,stateEstimate.vy,stateEstimate.vz,stateEstimate.roll,stateEstimate.pitch,stateEstimate.yaw,gyro.x,gyro.y,gyro.z,controller.cmd_roll,controller.cmd_pitch,controller.cmd_yaw,rlapp.pwmM1,rlapp.pwmM2,rlapp.pwmM3,rlapp.pwmM4,rlapp.tgtGate
24422.155,1.6300780773162842,2.2444584369659424,0.13103508949279785,0.008071753196418285,0.007447536569088697,0.0013207148294895887,0.8196056485176086,-0.07650869339704514,-78.4709701538086,-0.05048990622162819,-0.0836254134774208,-0.7319570183753967,-206.0,-49.0,-338.0,0,0,0,0,0
24432.034,1.6300475597381592,2.2444090843200684,0.13099804520606995,0.006343184504657984,0.006534430664032698,0.0011582380393519998,0.8170872330665588,-0.07610542327165604,-78.54948425292969,-0.23481716215610504,0.1623714119195938,0.6592320799827576,-204.0,-43.0,-447.0,0,0,0,0,0
24441.913,1.6299710273742676,2.2443621158599854,0.13100247085094452,0.004528155084699392,0.005675958003848791,0.0010056927567347884,0.814967691898346,-0.07645096629858017,-78.6287612915039,-0.023769525811076164,-0.3849059045314789,-1.7682238817214966,-214.0,-34.0,-576.0,0,0,0,0,0
24451.777,1.6298847198486328,2.2443065643310547,0.13098691403865814,0.0027691470459103584,0.004847276955842972,0.0012217594776302576,0.814958930015564,-0.07486582547426224,-78.72124481201172,-0.4212914705276489,0.24153701961040497,-3.4171042442321777,-236.0,-28.0,-747.0,0,0,0,0,0
24461.651,1.6298091411590576,2.244241952896118,0.13095200061798096,0.0011563407024368644,0.004057903308421373,0.0005485700094141066,0.8101871013641357,-0.07595466822385788,-78.8182601928711,0.4525834918022156,-0.1650475561618805,-4.67783260345459,-259.0,-23.0,-950.0,0,0,0,0,0
24471.535,1.6297552585601807,2.244236946105957,0.1309816837310791,-0.0003481294843368232,0.003426473820582032,0.0009306927677243948,0.8122813105583191,-0.07524371892213821,-78.87972259521484,-0.178746297955513,0.6349110007286072,3.8045177459716797,-293.0,-10.0,-1177.0,0,0,0,0,0
24481.419,1.6296650171279907,2.244175910949707,0.13101783394813538,-0.0018556010909378529,0.0027443845756351948,0.0012345162685960531,0.8107082843780518,-0.07779156416654587,-78.9474105834961,-0.04448920860886574,0.6177222728729248,-1.5336350202560425,-327.0,8.0,-1397.0,0,0,0,0,0
24491.274,1.6295620203018188,2.244100332260132,0.13098512589931488,-0.0033272982109338045,0.0020631002262234688,0.000896143086720258,0.80635666847229,-0.08147440105676651,-79.03316497802734,0.1962369680404663,0.13497237861156464,-2.0303802490234375,-349.0,27.0,-1610.0,0,0,0,0,0
24501.149,1.6294360160827637,2.2440245151519775,0.13095083832740784,-0.004803587216883898,0.0014157735276967287,0.0008651632233522832,0.8054376244544983,-0.08266013115644455,-79.12991333007812,-0.05291053652763367,-0.25383374094963074,2.9552321434020996,-379.0,36.0,-1823.0,0,0,0,0,0
24511.023,1.6293010711669922,2.243955373764038,0.13095644116401672,-0.006243221461772919,0.0008187859202735126,0.0012953217374160886,0.8038268089294434,-0.08212722092866898,-79.1972885131836,-0.32737675309181213,3.6478116512298584,-15.2239990234375,-403.0,40.0,-2034.0,0,0,0,0,0
24520.913,1.6292140483856201,2.2438998222351074,0.13095977902412415,-0.007465599570423365,0.0002602084132377058,0.0008682114421389997,0.7994822263717651,-0.08972369134426117,-79.30865478515625,2.9467098712921143,4.0041913986206055,13.437732696533203,-438.0,23.0,-2266.0,0,0,0,0,0
24530.771,1.6290632486343384,2.24381422996521,0.13093909621238708,-0.008795218542218208,-0.0002515075611881912,-1.3522403605747968e-05,0.8096582293510437,-0.11770344525575638,-79.34317779541016,0.5782676935195923,-10.251669883728027,-20.750837326049805,-489.0,153.0,-2495.0,0,0,0,0,0
24540.646,1.6289469003677368,2.243718147277832,0.13089066743850708,-0.009922456927597523,-0.0009148906101472676,-0.0008911573677323759,0.8133495450019836,-0.08966190367937088,-79.49614715576172,-0.19469678401947021,0.4708796739578247,-2.2246456146240234,-529.0,155.0,-2739.0,0,0,0,0,0
24550.524,1.6287955045700073,2.243624448776245,0.13082315027713776,-0.011155091226100922,-0.0014286841033026576,-0.0013650223845615983,0.8171517252922058,-0.09109611809253693,-79.4669418334961,1.0311405658721924,1.848912000656128,13.596975326538086,-572.0,24.0,-2901.0,0,0,0,0,0
24560.413,1.628643274307251,2.2435531616210938,0.1308300942182541,-0.0123631302267313,-0.0018709244905039668,6.406212196452543e-05,0.8168460130691528,-0.08905506879091263,-79.49906158447266,-3.5995147228240967,0.7590062022209167,11.25410270690918,-548.0,20.0,-2944.0,0,0,0,0,0
24570.268,1.6284939050674438,2.2434985637664795,0.13084904849529266,-0.013583200052380562,-0.0023013772442936897,0.0024443701840937138,0.7723147869110107,-0.08995237946510315,-79.50445556640625,-10.150372505187988,2.6566154956817627,21.925159454345703,-385.0,52.0,-2980.0,0,0,0,0,0
24580.143,1.6283879280090332,2.243396043777466,0.13088315725326538,-0.014470120891928673,-0.0027827033773064613,0.0022661148104816675,0.6648295521736145,-0.0830787792801857,-79.39306640625,-4.307131290435791,-2.305091619491577,-28.532913208007812,-119.0,20.0,-2890.0,0,0,0,0,0
24590.017,1.6282870769500732,2.2432987689971924,0.13094201683998108,-0.015088396146893501,-0.003191885072737932,0.006946922745555639,0.6595476865768433,-0.06276208907365799,-79.45032501220703,50.916324615478516,-23.374849319458008,-4.361220359802246,-476.0,-95.0,-2704.0,0,0,0,0,0
24599.901,1.6281261444091797,2.243274211883545,0.13137994706630707,-0.016511008143424988,-0.003770496230572462,0.06481187790632248,1.153870701789856,0.2670363485813141,-79.29021453857422,46.20250701904297,-65.43009185791016,50.508121490478516,-2437.0,-1781.0,-2383.0,0,0,0,0,0
24609.77,1.627946138381958,2.243269443511963,0.13266874849796295,-0.020837724208831787,-0.0031270994804799557,0.19009196758270264,1.2173141241073608,0.6890746355056763,-79.58251953125,-93.85521697998047,68.1325912475586,82.59521484375,-1347.0,-2921.0,-2151.0,0,0,0,0,0
24619.639,1.6277027130126953,2.243255376815796,0.13427744805812836,-0.022617386654019356,-0.0009864625753834844,0.132285013794899,0.7695760726928711,0.06403052061796188,-79.13313293457031,194.90744018554688,-54.47990798950195,9.384888648986816,-1015.0,70.0,-1946.0,0,0,0,0,0
24629.515,1.6273854970932007,2.2433154582977295,0.13797679543495178,-0.03878452256321907,-0.0010314563987776637,0.5734851360321045,2.053842306137085,0.4180372357368469,-79.66387176513672,-19.819503784179688,-16.473432540893555,321.2483215332031,-3640.0,419.0,-1662.0,0,0,0,0,0
24639.411,1.6268078088760376,2.243354082107544,0.14424210786819458,-0.04559633880853653,-0.0007784224580973387,0.6602182388305664,2.0406570434570312,0.6612420082092285,-78.19144439697266,182.96435546875,-96.85037231445312,-147.04647827148438,-4279.0,-1910.0,-1145.0,0,0,0,0,0
24649.262,1.6262820959091187,2.24341082572937,0.151830792427063,-0.05661669000983238,0.0006822514114901423,0.8037137389183044,3.363715648651123,1.6222741603851318,-78.63556671142578,-138.354736328125,-88.2537841796875,-172.45803833007812,-5873.0,-6292.0,-210.0,0,0,0,0,0
24659.141,1.6256190538406372,2.2434678077697754,0.16041123867034912,-0.06428053230047226,0.0019433097913861275,0.8276225328445435,2.2807300090789795,2.5838589668273926,-78.06395721435547,15.466232299804688,-50.48260498046875,-164.45265197753906,-960.0,-9669.0,617.0,0,0,0,0,0
24669.011,1.6250314712524414,2.243694305419922,0.1686287522315979,-0.06153186410665512,0.0019134809263050556,0.7336182594299316,2.9867119789123535,3.241464614868164,-78.6275863647461,128.8219451904297,-120.24295043945312,-179.59439086914062,-3710.0,-10257.0,1197.0,0,0,0,0,0
24678.896,1.6242496967315674,2.243858575820923,0.17814980447292328,-0.10029403865337372,0.030153460800647736,1.1340333223342896,4.187108993530273,4.252713680267334,-80.22074890136719,-90.89015197753906,-74.9048843383789,82.4549789428711,-6029.0,-10908.0,110.0,0,0,0,0,0
24688.76,1.6232284307479858,2.244173288345337,0.1892155408859253,-0.10340624302625656,0.03124762512743473,1.0690338611602783,3.8337154388427734,5.071497917175293,-80.05477142333984,134.82215881347656,-128.45252990722656,3.117570400238037,-5013.0,-11713.0,-1822.0,0,0,0,0,0
24698.644,1.6220507621765137,2.2445201873779297,0.2012447714805603,-0.12399021536111832,0.05096132308244705,1.2025915384292603,5.00631046295166,6.392875671386719,-80.1689453125,-182.61595153808594,-88.99433898925781,153.333251953125,-6031.0,-14004.0,-3309.0,0,0,0,0,0
24708.518,1.620767593383789,2.2450859546661377,0.2136942446231842,-0.12935540080070496,0.05306343734264374,1.1398167610168457,3.507800340652466,7.530831336975098,-78.8202133178711,25.338972091674805,-76.41896057128906,-34.144962310791016,-1244.0,-15708.0,-3427.0,0,0,0,0,0
24718.401,1.6194466352462769,2.245652675628662,0.22542054951190948,-0.132601797580719,0.06040140986442566,1.0959224700927734,3.9153480529785156,8.356879234313965,-80.01206970214844,-59.08502960205078,-62.01923751831055,-22.83669662475586,-1995.0,-15472.0,-3136.0,0,0,0,0,0
24728.272,1.618027687072754,2.2465479373931885,0.23878169059753418,-0.16558538377285004,0.11717897653579712,1.3812988996505737,3.4410438537597656,9.020232200622559,-80.2362060546875,-135.31240844726562,-92.6856689453125,57.51814270019531,-1241.0,-14142.0,-3969.0,0,0,0,0,0
24738.132,1.616546869277954,2.247654914855957,0.2525578737258911,-0.16519945859909058,0.11481846868991852,1.2710938453674316,2.2535924911499023,9.813908576965332,-79.61740112304688,-47.4029426574707,-30.849279403686523,-30.447471618652344,743.0,-13717.0,-4197.0,0,0,0,0,0
24748.006,1.614916443824768,2.248779058456421,0.26637744903564453,-0.17433902621269226,0.14288926124572754,1.330711007118225,1.7252463102340698,10.163360595703125,-79.5970687866211,-141.895751953125,-9.17654800415039,-172.5991973876953,1132.0,-12766.0,-3764.0,0,0,0,0,0
24757.889,1.6131930351257324,2.2503559589385986,0.28047528862953186,-0.1800939440727234,0.1652781069278717,1.3489577770233154,0.6593559384346008,10.415788650512695,-79.62060546875,-1.49360990524292,-47.574859619140625,-119.87734985351562,1647.0,-11743.0,-3353.0,0,0,0,0,0
24767.755,1.6116173267364502,2.2520551681518555,0.2942396402359009,-0.17363692820072174,0.15325237810611725,1.1841446161270142,0.6379680633544922,10.97216510772705,-79.87908172607422,-61.94059371948242,-31.505630493164062,140.59347534179688,-351.0,-12573.0,-3035.0,0,0,0,0,0
24777.635,1.6100685596466064,2.2538654804229736,0.30761101841926575,-0.17812757194042206,0.18998116254806519,1.2686688899993896,-0.19117529690265656,11.366662979125977,-79.56014251708984,-76.62501525878906,-48.584171295166016,265.34503173828125,592.0,-13632.0,-2704.0,0,0,0,0,0
24787.512,1.608521819114685,2.2560813426971436,0.321627676486969,-0.1809121072292328,0.23394955694675446,1.3815470933914185,-0.8681333661079407,11.825439453125,-78.77998352050781,56.908164978027344,-66.8347396850586,-106.12385559082031,78.0,-14432.0,-2007.0,0,0,0,0,0
24797.388,1.607022762298584,2.25873064994812,0.3359040915966034,-0.17576749622821808,0.23654145002365112,1.2928322553634644,-0.3122120797634125,12.322484016418457,-80.06987762451172,-63.97874450683594,-31.722694396972656,10.92918872833252,-1764.0,-14901.0,-1855.0,0,0,0,0,0
24807.252,1.6056640148162842,2.261456251144409,0.3503435254096985,-0.17629201710224152,0.27334269881248474,1.3597970008850098,-0.9060097932815552,12.565930366516113,-80.21453094482422,-12.702934265136719,-50.154972076416016,57.472312927246094,-1012.0,-14838.0,-2787.0,0,0,0,0,0
24817.127,1.6041133403778076,2.2645328044891357,0.3646051585674286,-0.1741536557674408,0.28844910860061646,1.3298547267913818,-1.1093512773513794,13.043352127075195,-80.13064575195312,95.84471893310547,-46.1657829284668,53.39704895019531,-1134.0,-15504.0,-3577.0,0,0,0,0,0
24827.004,1.6029138565063477,2.267921209335327,0.3786393404006958,-0.16699032485485077,0.2891557514667511,1.2356476783752441,-0.28713470697402954,13.531760215759277,-80.6676025390625,-8.308950424194336,-34.18562316894531,117.59323120117188,-4088.0,-16819.0,-4411.0,0,0,0,0,0
24836.885,1.601912021636963,2.2712886333465576,0.39151307940483093,-0.1639004945755005,0.29862043261528015,1.1788657903671265,-0.8901341557502747,13.876317024230957,-79.41399383544922,-143.54225158691406,-26.15718650817871,-71.8210678100586,-2606.0,-17320.0,-4645.0,0,0,0,0,0
24846.75,1.600942850112915,2.275132894515991,0.40513715147972107,-0.16321159899234772,0.35735905170440674,1.3163444995880127,-2.278054714202881,14.10505485534668,-79.22511291503906,78.77241516113281,-23.307222366333008,55.48149871826172,1992.0,-16842.0,-3443.0,0,0,0,0,0
24856.624,1.600005030632019,2.2793960571289062,0.419453501701355,-0.15695135295391083,0.37347498536109924,1.2852057218551636,-1.8272571563720703,14.396711349487305,-79.4261245727539,-84.93205261230469,-4.1360182762146,168.2429656982422,13.0,-16947.0,-2535.0,0,0,0,0,0
24866.497,1.5987344980239868,2.283625841140747,0.43322300910949707,-0.15525931119918823,0.399175226688385,1.293920874595642,-2.94912052154541,14.348917007446289,-78.45604705810547,-72.07427978515625,20.077308654785156,-46.50045394897461,1610.0,-16014.0,-1539.0,0,0,0,0,0
24876.386,1.5979474782943726,2.2885076999664307,0.44781115651130676,-0.14899106323719025,0.4281039237976074,1.312795877456665,-3.713001251220703,14.249334335327148,-78.83159637451172,-24.82911491394043,-18.761884689331055,-8.241573333740234,3468.0,-15004.0,-376.0,0,0,0,0,0
24886.247,1.5973650217056274,2.293454647064209,0.4617728888988495,-0.14139704406261444,0.434108704328537,1.2495977878570557,-3.871502637863159,14.333858489990234,-78.70928955078125,132.85946655273438,9.407269477844238,-127.4981689453125,1357.0,-15470.0,-1.0,0,0,0,0,0
24896.121,1.5969723463058472,2.2985661029815674,0.4751894176006317,-0.13122665882110596,0.4383922815322876,1.1793735027313232,-2.7664990425109863,14.345206260681152,-79.26522064208984,-66.40375518798828,3.8004043102264404,176.63772583007812,-2679.0,-16462.0,53.0,0,0,0,0,0
24905.996,1.596677303314209,2.303851366043091,0.48843204975128174,-0.1252613216638565,0.45739471912384033,1.171984076499939,-4.0035834312438965,14.268125534057617,-77.94124603271484,-181.2198028564453,24.901649475097656,-249.7322998046875,1362.0,-16951.0,458.0,0,0,0,0,0
24915.88,1.5958861112594604,2.309196710586548,0.5016770362854004,-0.11485294997692108,0.505695104598999,1.2775511741638184,-5.17929744720459,14.109525680541992,-78.60504913330078,201.4169158935547,2.977207899093628,-404.83074951171875,4551.0,-16442.0,1084.0,0,0,0,0,0
24925.747,1.5957273244857788,2.3153209686279297,0.5159666538238525,-0.10283105820417404,0.5116148591041565,1.2235342264175415,-3.4424352645874023,14.22526741027832,-80.87779235839844,-158.6281280517578,40.23539352416992,317.49139404296875,13.0,-16829.0,-584.0,0,0,0,0,0
24935.621,1.595753788948059,2.3215272426605225,0.5299192667007446,-0.09319695830345154,0.5457982420921326,1.2815524339675903,-5.3494062423706055,13.5953369140625,-78.36251068115234,1.1416943073272705,29.493331909179688,-75.95787048339844,2209.0,-16030.0,-2036.0,0,0,0,0,0
24945.495,1.5959773063659668,2.3281002044677734,0.5443587303161621,-0.08084774017333984,0.5639720559120178,1.2809207439422607,-5.3531999588012695,13.272926330566406,-78.43950653076172,46.022789001464844,9.699085235595703,-47.703128814697266,2734.0,-14858.0,-1127.0,0,0,0,0,0
24955.379,1.5957610607147217,2.3343582153320312,0.5578830242156982,-0.07179069519042969,0.5647274255752563,1.2204099893569946,-4.463959693908691,13.103757858276367,-78.75745391845703,100.68400573730469,-1.2080460786819458,-16.327823638916016,-1353.0,-15750.0,-680.0,0,0,0,0,0
24965.245,1.5963706970214844,2.3411433696746826,0.5715226531028748,-0.06103627756237984,0.5619702935218811,1.1453317403793335,-3.5634567737579346,13.031682968139648,-78.61947631835938,-129.9849395751953,15.219860076904297,134.2793426513672,-3019.0,-17528.0,-456.0,0,0,0,0,0
24975.127,1.5970648527145386,2.348130941390991,0.5853328704833984,-0.04933851584792137,0.5981118679046631,1.238102674484253,-4.874577045440674,12.902008056640625,-78.2057113647461,32.85313034057617,64.05548858642578,166.23304748535156,2954.0,-18530.0,183.0,0,0,0,0,0
24984.993,1.5978217124938965,2.35532808303833,0.5996853113174438,-0.03590765967965126,0.6247246265411377,1.2912232875823975,-4.138259410858154,12.446067810058594,-78.2450942993164,74.73910522460938,36.47263717651367,-273.6310729980469,1300.0,-17692.0,562.0,0,0,0,0,0
24994.877,1.598706603050232,2.362791061401367,0.6142573952674866,-0.025998955592513084,0.6264382600784302,1.2442567348480225,-3.318669319152832,12.177024841308594,-79.82691955566406,-92.47505950927734,98.75132751464844,203.61862182617188,422.0,-16486.0,-143.0,0,0,0,0,0
25004.747,1.5997833013534546,2.370372772216797,0.6291103959083557,-0.015602806583046913,0.6514272093772888,1.3100645542144775,-4.365836143493652,11.268415451049805,-78.67355346679688,50.39617156982422,57.491981506347656,227.5041046142578,2935.0,-14785.0,-840.0,0,0,0,0,0
25014.616,1.6002826690673828,2.3776166439056396,0.6432257294654846,-0.008235051296651363,0.6493673324584961,1.2620128393173218,-4.0257062911987305,10.730123519897461,-78.232666015625,193.22076416015625,62.03581619262695,0.5464438199996948,1735.0,-14179.0,-379.0,0,0,0,0,0
25024.502,1.6015982627868652,2.3854031562805176,0.6576361060142517,0.003182468004524708,0.6412389874458313,1.1809794902801514,-2.504976749420166,10.31369400024414,-78.89714813232422,34.75665283203125,34.32430648803711,20.786422729492188,-2610.0,-15451.0,-205.0,0,0,0,0,0
25034.374,1.6030594110488892,2.3928799629211426,0.6712387800216675,0.0109274722635746,0.6422020196914673,1.1636924743652344,-2.641557216644287,9.91016960144043,-78.22562408447266,-140.97979736328125,26.746536254882812,-121.07291412353516,-367.0,-16856.0,-118.0,0,0,0,0,0
25044.239,1.604472279548645,2.4006025791168213,0.6857354640960693,0.021748801693320274,0.6697906255722046,1.3023649454116821,-3.6611313819885254,9.489903450012207,-78.16758728027344,251.31480407714844,37.484195709228516,-267.6970520019531,3652.0,-17098.0,592.0,0,0,0,0,0
25054.112,1.605364203453064,2.40799880027771,0.69985431432724,0.03128591924905777,0.6625882983207703,1.2498520612716675,-1.4530011415481567,9.071635246276855,-80.30350494384766,-92.84883117675781,75.90266418457031,279.2679748535156,-697.0,-16844.0,-397.0,0,0,0,0,0
25063.987,1.6070311069488525,2.4157261848449707,0.7150240540504456,0.036767419427633286,0.6679924726486206,1.2826437950134277,-2.390805244445801,8.144623756408691,-78.65553283691406,24.205333709716797,90.778076171875,-218.26731872558594,1583.0,-14979.0,-1812.0,0,0,0,0,0
25073.88,1.6086729764938354,2.423734426498413,0.7306389212608337,0.044509973376989365,0.6695003509521484,1.2952078580856323,-2.1959848403930664,7.220041275024414,-78.4286117553711,71.57660675048828,52.403587341308594,-206.87060546875,2455.0,-12932.0,-1349.0,0,0,0,0,0
25083.736,1.6103874444961548,2.431443214416504,0.7456278204917908,0.0532313734292984,0.6591110229492188,1.2383723258972168,-1.0847541093826294,6.611016750335693,-79.22911071777344,139.14620971679688,50.469871520996094,-77.99254608154297,-1121.0,-13227.0,-1058.0,0,0,0,0,0
25093.609,1.6115868091583252,2.438631057739258,0.7590076327323914,0.05959342420101166,0.6436353921890259,1.1547026634216309,0.23216612637043,6.090032577514648,-79.51216125488281,-51.235443115234375,55.59078598022461,232.2034454345703,-3276.0,-14890.0,-1625.0,0,0,0,0,0
25103.485,1.613950490951538,2.4466264247894287,0.774717390537262,0.06317474693059921,0.6460466384887695,1.2467479705810547,-0.46019431948661804,5.637763977050781,-78.67285919189453,26.303354263305664,87.43706512451172,203.5076446533203,1619.0,-16140.0,-1671.0,0,0,0,0,0
25113.368,1.6151987314224243,2.4538536071777344,0.7890381813049316,0.06440818309783936,0.6438688039779663,1.3177462816238403,0.08956789970397949,4.933465003967285,-78.22711181640625,141.29859924316406,66.50123596191406,-340.59722900390625,501.0,-15764.0,-988.0,0,0,0,0,0
25123.248,1.6169682741165161,2.462050676345825,0.8064446449279785,0.06903645396232605,0.6313434839248657,1.2822844982147217,0.9479610323905945,4.14525842666626,-79.36808013916016,-95.75121307373047,135.6998291015625,231.84205627441406,-658.0,-14329.0,-1135.0,0,0,0,0,0
25133.118,1.618648648262024,2.4700498580932617,0.823976457118988,0.06830418109893799,0.6221351623535156,1.3346611261367798,0.5711460709571838,2.8641159534454346,-79.19850158691406,79.03311920166016,97.40320587158203,253.3398895263672,2265.0,-12681.0,-1409.0,0,0,0,0,0
25142.983,1.6202538013458252,2.477217435836792,0.8401976227760315,0.07334452122449875,0.6068082451820374,1.2778373956680298,1.4878153800964355,2.0764904022216797,-79.16905975341797,183.94972229003906,92.06568145751953,13.481842041015625,754.0,-11071.0,-1452.0,0,0,0,0,0
25152.873,1.621883511543274,2.4839532375335693,0.8553279638290405,0.0806012824177742,0.5898168683052063,1.1960369348526,3.157731294631958,1.3280906677246094,-79.07771301269531,57.620487213134766,65.60049438476562,-25.77412223815918,-3719.0,-11894.0,-1702.0,0,0,0,0,0
25162.728,1.6230604648590088,2.490262031555176,0.8689412474632263,0.07597005367279053,0.5705532431602478,1.2046791315078735,3.201909303665161,0.6930006742477417,-78.20723724365234,-132.9272918701172,49.4984130859375,-20.015207290649414,-2441.0,-12882.0,-1499.0,0,0,0,0,0
25172.616,1.624441146850586,2.4966635704040527,0.884678065776825,0.06758091598749161,0.550258219242096,1.321596384048462,2.6462671756744385,-0.003147733397781849,-77.72410583496094,250.37612915039062,67.14078521728516,-157.3294219970703,1966.0,-13260.0,-202.0,0,0,0,0,0
25182.477,1.6257033348083496,2.5028419494628906,0.9009796977043152,0.07105319947004318,0.5320830941200256,1.277834415435791,4.490581512451172,-0.8701385259628296,-79.9951400756836,-62.0888786315918,78.71392059326172,189.57394409179688,-2267.0,-12770.0,153.0,0,0,0,0,0
25192.36,1.6267993450164795,2.508770227432251,0.9175266623497009,0.06187514215707779,0.5081036686897278,1.3318942785263062,3.6675453186035156,-1.879050850868225,-77.92179870605469,2.2008652687072754,104.02861785888672,-111.51472473144531,-139.0,-10723.0,-1027.0,0,0,0,0,0
25202.235,1.627616286277771,2.5141048431396484,0.9325253963470459,0.058741047978401184,0.48503080010414124,1.3163944482803345,4.1333746910095215,-2.811922550201416,-77.90838623046875,88.17318725585938,69.13362884521484,40.14685821533203,1452.0,-9023.0,-61.0,0,0,0,0,0
25212.099,1.6285762786865234,2.519334316253662,0.9485450387001038,0.06233588233590126,0.4662491977214813,1.2395429611206055,5.510612964630127,-3.676710367202759,-78.7353286743164,210.4186553955078,65.876220703125,59.561275482177734,-2405.0,-9018.0,520.0,0,0,0,0,0
25221.974,1.6295490264892578,2.524336814880371,0.9640079736709595,0.06322295218706131,0.4448346197605133,1.1819114685058594,6.863698482513428,-4.310208797454834,-78.59467315673828,-50.941551208496094,61.98152160644531,60.72312927246094,-6437.0,-9569.0,62.0,0,0,0,0,0
25231.857,1.6295490264892578,2.524336814880371,0.9640079736709595,0.06322295218706131,0.4448346197605133,1.1819114685058594,6.863698482513428,-4.310208797454834,-78.59467315673828,-57.73591232299805,84.33332824707031,-24.87112045288086,-1129.0,-10749.0,242.0,0,0,0,0,0
25241.727,1.6302707195281982,2.5300824642181396,0.9859275817871094,0.04110437259078026,0.3969528377056122,1.3191217184066772,5.5983757972717285,-4.9439616203308105,-77.62430572509766,239.42433166503906,74.1650619506836,-344.4281921386719,422.0,-10292.0,1011.0,0,0,0,0,0
25251.596,1.6306201219558716,2.5340466499328613,1.0007598400115967,0.036023031920194626,0.3696483373641968,1.3062243461608887,7.216991901397705,-5.978135585784912,-79.12893676757812,-167.59576416015625,98.40489196777344,215.5513916015625,-3775.0,-8278.0,-550.0,0,0,0,0,0
25261.471,1.63068687915802,2.5377848148345947,1.0174429416656494,0.024781608954072,0.33891764283180237,1.3071038722991943,7.093686580657959,-6.723491191864014,-78.92147827148438,22.111976623535156,32.59090042114258,-39.75168228149414,1099.0,-7094.0,-594.0,0,0,0,0,0
25271.362,1.6305779218673706,2.5414702892303467,1.0358695983886719,0.010026237927377224,0.29817521572113037,1.3456975221633911,6.655273914337158,-7.42028284072876,-77.12836456298828,179.86553955078125,71.66943359375,-47.77210235595703,401.0,-7536.0,981.0,0,0,0,0,0
25281.22,1.6303588151931763,2.5446691513061523,1.053968071937561,0.010974263772368431,0.27845486998558044,1.2575404644012451,7.981394290924072,-8.334342002868652,-77.63450622558594,168.1059112548828,37.40621566772461,64.28996276855469,-6884.0,-7231.0,1584.0,0,0,0,0,0
25291.094,1.6300548315048218,2.5475287437438965,1.0713164806365967,0.0051514082588255405,0.24748273193836212,1.224187970161438,9.971769332885742,-8.949015617370605,-78.11604309082031,-231.95761108398438,47.200340270996094,252.95008850097656,-7940.0,-7890.0,1606.0,0,0,0,0,0
25300.968,1.6296201944351196,2.549668312072754,1.0854092836380005,-0.018067393451929092,0.19753198325634003,1.2889078855514526,8.63753890991211,-9.067181587219238,-76.380126953125,142.3990478515625,80.1597900390625,-352.0299072265625,215.0,-9348.0,2978.0,0,0,0,0,0
25310.861,1.6285983324050903,2.551227569580078,1.1014456748962402,-0.028243379667401314,0.16910713911056519,1.2634892463684082,9.066932678222656,-9.990632057189941,-78.02651977539062,21.40175437927246,45.11970901489258,-137.87379455566406,-3503.0,-7784.0,2889.0,0,0,0,0,0
25320.729,1.627351999282837,2.552354335784912,1.1178081035614014,-0.04824118688702583,0.1251850724220276,1.3041859865188599,9.659399032592773,-10.736669540405273,-79.58524322509766,-190.7030487060547,49.151145935058594,279.365478515625,-2398.0,-6039.0,888.0,0,0,0,0,0
25330.601,1.625769019126892,2.5530035495758057,1.134414553642273,-0.06606355309486389,0.08515665680170059,1.3155734539031982,8.320778846740723,-10.852193832397461,-77.24447631835938,97.76731872558594,37.640132904052734,-63.79307174682617,2266.0,-6634.0,761.0,0,0,0,0,0
25340.465,1.6240391731262207,2.553276300430298,1.1521891355514526,-0.0722145214676857,0.06049637869000435,1.2552591562271118,8.971501350402832,-11.424118041992188,-77.409423828125,198.41880798339844,57.48341751098633,38.49045181274414,-3145.0,-6372.0,1479.0,0,0,0,0,0
25350.349,1.6227833032608032,2.553511381149292,1.1664105653762817,-0.07488342374563217,0.040110994130373,1.196221113204956,10.677631378173828,-12.20032024383545,-78.1988296508789,-69.52264404296875,-1.1453579664230347,208.6126708984375,-9837.0,-4907.0,1159.0,0,0,0,0,0
25360.221,1.620834469795227,2.552940845489502,1.182027816772461,-0.10422912985086441,-0.020870838314294815,1.2865169048309326,10.49165153503418,-12.089437484741211,-77.3012924194336,-91.29734802246094,35.20405960083008,221.34764099121094,-4686.0,-6557.0,1418.0,0,0,0,0,0
25370.088,1.6183768510818481,2.5519418716430664,1.1975746154785156,-0.11114580929279327,-0.03564099967479706,1.1983635425567627,9.868220329284668,-12.139286041259766,-75.98277282714844,34.563507080078125,47.545997619628906,-262.45263671875,-1802.0,-7897.0,3036.0,0,0,0,0,0
25379.963,1.6156156063079834,2.550537347793579,1.2131412029266357,-0.13537056744098663,-0.08534831553697586,1.2571995258331299,9.799520492553711,-12.919966697692871,-78.36906433105469,-81.01815032958984,3.337394952774048,-66.8859634399414,-3108.0,-6100.0,2805.0,0,0,0,0,0
25389.848,1.612538456916809,2.5486133098602295,1.2293671369552612,-0.1569206416606903,-0.13057063519954681,1.2936450242996216,9.084501266479492,-12.944100379943848,-78.34115600585938,-92.23638916015625,12.417777061462402,78.51181030273438,-716.0,-6256.0,1494.0,0,0,0,0,0
25399.719,1.6100616455078125,2.546717405319214,1.2440851926803589,-0.1656699925661087,-0.15514419972896576,1.2550535202026367,8.616772651672363,-12.772645950317383,-77.260498046875,184.68499755859375,14.094514846801758,-85.13663482666016,-2206.0,-7381.0,1432.0,0,0,0,0,0
25409.585,1.6066133975982666,2.543877363204956,1.261267900466919,-0.17272010445594788,-0.17751599848270416,1.206688642501831,10.16626262664795,-13.275611877441406,-78.55043029785156,-4.85130500793457,19.804332733154297,94.25774383544922,-9292.0,-5631.0,958.0,0,0,0,0,0
25419.459,1.6032636165618896,2.5408425331115723,1.2767902612686157,-0.2009049952030182,-0.23343753814697266,1.2915279865264893,10.150406837463379,-13.462965965270996,-78.5581283569336,-38.12099075317383,-18.84610366821289,260.1136779785156,-8193.0,-4762.0,-15.0,0,0,0,0,0
25429.344,1.5995429754257202,2.537367820739746,1.292495846748352,-0.20861221849918365,-0.2482374757528305,1.2219356298446655,10.169677734375,-13.07150650024414,-77.34003448486328,-61.20674133300781,27.76180648803711,-25.40169334411621,-5900.0,-5999.0,0.0,0,0,0,0,0
25439.208,1.5955828428268433,2.5336849689483643,1.307672142982483,-0.22238659858703613,-0.26929551362991333,1.1869606971740723,9.417370796203613,-13.358949661254883,-77.77098083496094,-174.3315887451172,23.590627670288086,42.87803649902344,-2982.0,-5946.0,654.0,0,0,0,0,0
25449.081,1.5922527313232422,2.530226469039917,1.3214105367660522,-0.23919549584388733,-0.30645498633384705,1.216655969619751,7.6693644523620605,-13.496286392211914,-77.97299194335938,-62.25051498413086,-43.0665397644043,18.785938262939453,1348.0,-4448.0,783.0,0,0,0,0,0
25458.96,1.5874689817428589,2.525548219680786,1.3378965854644775,-0.25100621581077576,-0.3316045105457306,1.1887192726135254,6.997557163238525,-13.064538955688477,-78.2203369140625,-29.146907806396484,-22.137191772460938,-124.76617431640625,-432.0,-5990.0,560.0,0,0,0,0,0
25468.841,1.5826122760772705,2.5206778049468994,1.353607416152954,-0.25639966130256653,-0.3351868987083435,1.088430643081665,6.655102252960205,-12.97864055633545,-78.45246124267578,-23.765504837036133,-20.467479705810547,-45.130802154541016,-3394.0,-6785.0,-14.0,0,0,0,0,0
25478.708,1.5777618885040283,2.5156073570251465,1.3688148260116577,-0.26893845200538635,-0.3677999675273895,1.1109936237335205,6.527809143066406,-12.780101776123047,-78.23829650878906,-41.13056945800781,-1.9908276796340942,114.13211059570312,-5165.0,-5865.0,-383.0,0,0,0,0,0
25488.58,1.5728960037231445,2.5102171897888184,1.384034276008606,-0.27917835116386414,-0.3884630501270294,1.0911405086517334,5.445458889007568,-12.688883781433105,-78.29421997070312,-154.36878967285156,4.075307846069336,34.88689041137695,-4132.0,-5320.0,-213.0,0,0,0,0,0
25498.453,1.572021484375,2.5096595287323,1.385350227355957,-0.2826906740665436,-0.39081770181655884,1.0972148180007935,5.470794200897217,-12.695573806762695,-78.3119888305664,18.69399642944336,1.2337487936019897,-217.41110229492188,-1920.0,-4348.0,-135.0,0,0,0,0,0
25508.347,1.5671402215957642,2.504164457321167,1.399714708328247,-0.28694307804107666,-0.3878709077835083,0.9875887036323547,4.727197647094727,-12.763103485107422,-78.74116516113281,-123.49359130859375,-14.336647033691406,150.70977783203125,-3693.0,-3475.0,-860.0,0,0,0,0,0
25518.202,1.5621365308761597,2.498652219772339,1.4130423069000244,-0.2920542061328888,-0.3973884582519531,0.9324175715446472,4.2145280838012695,-12.573610305786133,-78.50587463378906,-122.62345123291016,-25.595491409301758,116.82373809814453,-2188.0,-4038.0,-552.0,0,0,0,0,0
25528.077,1.5570096969604492,2.4930367469787598,1.425763487815857,-0.2979678511619568,-0.4076153337955475,0.8823640942573547,3.0826199054718018,-12.246976852416992,-77.18347930908203,-176.18853759765625,-39.57563018798828,83.0907974243164,74.0,-4961.0,949.0,0,0,0,0,0
25537.951,1.551749587059021,2.487356662750244,1.4376693964004517,-0.30422502756118774,-0.41074106097221375,0.8044967651367188,1.3597276210784912,-11.884894371032715,-77.00843811035156,-152.70040893554688,-36.5957145690918,-93.98944091796875,2639.0,-5983.0,2551.0,0,0,0,0,0
25547.834,1.547369122505188,2.4821743965148926,1.447481632232666,-0.3061686158180237,-0.41094404458999634,0.7252759337425232,-0.6189404129981995,-11.529611587524414,-78.27438354492188,-152.38795471191406,-12.021936416625977,73.52997589111328,3430.0,-5833.0,2531.0,0,0,0,0,0
25557.706,1.5423834323883057,2.4770708084106445,1.4564027786254883,-0.312179297208786,-0.4050865173339844,0.628899872303009,-2.0778303146362305,-11.412961959838867,-78.1571044921875,-145.78468322753906,-7.14054536819458,78.101318359375,3572.0,-4650.0,1860.0,0,0,0,0,0
25567.574,1.5374114513397217,2.4719834327697754,1.4645389318466187,-0.3143898546695709,-0.4041053056716919,0.5635397434234619,-3.349175214767456,-11.385594367980957,-77.51184844970703,-80.86788940429688,-1.21633780002594,-52.45015335083008,3281.0,-3417.0,2062.0,0,0,0,0,0
25577.449,1.5325698852539062,2.4669015407562256,1.4721802473068237,-0.3109697997570038,-0.4075692594051361,0.5282958745956421,-4.3128461837768555,-11.338370323181152,-77.89733123779297,-149.07504272460938,-27.14006233215332,18.315048217773438,2209.0,-2876.0,2155.0,0,0,0,0,0
25587.332,1.5278489589691162,2.461787462234497,1.4793660640716553,-0.3090857267379761,-0.4084843397140503,0.47812363505363464,-5.703495502471924,-11.063629150390625,-78.01004791259766,-82.77821350097656,-47.90483474731445,-45.11787414550781,2881.0,-3909.0,1885.0,0,0,0,0,0
25597.205,1.5240119695663452,2.4571545124053955,1.4850057363510132,-0.301791787147522,-0.4071142375469208,0.42517757415771484,-6.489697456359863,-10.648587226867676,-77.7387466430664,-57.256370544433594,-56.98490905761719,-2.477818012237549,1722.0,-5666.0,1846.0,0,0,0,0,0
25607.073,1.519735336303711,2.4522087574005127,1.490995168685913,-0.2951160669326782,-0.4064035415649414,0.3784593343734741,-6.974362373352051,-10.196182250976562,-77.23027038574219,-110.25517272949219,-40.75593185424805,-37.882057189941406,498.0,-6357.0,2265.0,0,0,0,0,0
25616.945,1.5156548023223877,2.4472739696502686,1.4964638948440552,-0.29044249653816223,-0.4035869240760803,0.3224593997001648,-8.02575969696045,-9.77074909210205,-77.45050811767578,-60.75084686279297,-41.461952209472656,-0.12160348892211914,1439.0,-6920.0,2600.0,0,0,0,0,0
25626.829,1.5117263793945312,2.4423928260803223,1.5012551546096802,-0.2876127362251282,-0.3975618779659271,0.24915152788162231,-8.780940055847168,-9.31600570678711,-77.80690002441406,-68.08743286132812,-47.18601989746094,94.04597473144531,1417.0,-6986.0,2336.0,0,0,0,0,0
25636.693,1.5078909397125244,2.4375531673431396,1.5053437948226929,-0.2805124819278717,-0.39331939816474915,0.19566261768341064,-9.398890495300293,-8.875890731811523,-77.4802017211914,-78.78385162353516,-67.49657440185547,36.3292236328125,1267.0,-7342.0,2220.0,0,0,0,0,0
25646.576,1.5045965909957886,2.433133363723755,1.5079708099365234,-0.2715284824371338,-0.3877770006656647,0.13991521298885345,-10.10836124420166,-8.299473762512207,-77.03764343261719,-88.7782974243164,-49.345619201660156,21.857336044311523,1631.0,-8134.0,2733.0,0,0,0,0,0
25656.443,1.500929832458496,2.4284276962280273,1.5109344720840454,-0.2685709297657013,-0.3806098699569702,0.06878479570150375,-10.90701675415039,-7.902010917663574,-76.45728302001953,-119.46427154541016,-57.387943267822266,26.536157608032227,2452.0,-7701.0,3750.0,0,0,0,0,0
25666.326,1.4972362518310547,2.423772096633911,1.5131046772003174,-0.26471880078315735,-0.3740230202674866,0.0043969652615487576,-11.993672370910645,-7.472878932952881,-75.87699890136719,-133.61349487304688,-39.395633697509766,-54.271385192871094,4426.0,-8041.0,5252.0,0,0,0,0,0
25676.195,1.4935795068740845,2.4191501140594482,1.5146163702011108,-0.2583935856819153,-0.3678213953971863,-0.049660637974739075,-13.389813423156738,-6.961476802825928,-76.33800506591797,-159.9989471435547,-28.767738342285156,4.45609712600708,6237.0,-7704.0,6001.0,0,0,0,0,0
25686.064,1.49050772190094,2.4149744510650635,1.5147206783294678,-0.2505694329738617,-0.35922932624816895,-0.10768889635801315,-14.897989273071289,-6.706231117248535,-76.25444030761719,-25.911418914794922,-53.047115325927734,46.02832794189453,7400.0,-7072.0,6373.0,0,0,0,0,0
25695.939,1.487134575843811,2.4104220867156982,1.5151948928833008,-0.23375123739242554,-0.3524095416069031,-0.1368190497159958,-15.14962387084961,-6.431864261627197,-75.34088897705078,-42.85666275024414,-49.63996124267578,18.618892669677734,3909.0,-7238.0,7361.0,0,0,0,0,0
25705.838,1.48421311378479,2.40604305267334,1.515357494354248,-0.2176060825586319,-0.3452027142047882,-0.17065462470054626,-15.481290817260742,-5.955379009246826,-75.12586975097656,-4.912261009216309,-90.52880859375,-84.64693450927734,2012.0,-7721.0,8462.0,0,0,0,0,0
25715.687,1.4817081689834595,2.401789426803589,1.5151962041854858,-0.18577523529529572,-0.3389436900615692,-0.15521307289600372,-15.633721351623535,-5.015414714813232,-75.44993591308594,15.43922233581543,-105.35872650146484,-28.15688133239746,387.0,-11076.0,8862.0,0,0,0,0,0
25725.567,1.4797132015228271,2.3976426124572754,1.514865756034851,-0.16858310997486115,-0.33106857538223267,-0.19277533888816833,-15.351849555969238,-4.072845935821533,-75.2376937866211,30.208616256713867,-84.41813659667969,100.48296356201172,-1125.0,-13621.0,9000.0,0,0,0,0,0
25735.436,1.4780831336975098,2.393618583679199,1.5140925645828247,-0.1486581563949585,-0.32168182730674744,-0.21847067773342133,-15.098801612854004,-3.395280122756958,-74.83732604980469,26.89158058166504,-79.75225067138672,41.6327018737793,-1184.0,-13531.0,9103.0,0,0,0,0,0
25745.33,1.4767189025878906,2.3900492191314697,1.512431263923645,-0.12368424236774445,-0.3111158013343811,-0.22612784802913666,-14.963237762451172,-2.2950186729431152,-75.79118347167969,11.283976554870605,-93.66771697998047,-48.786529541015625,-1360.0,-14237.0,8196.0,0,0,0,0,0
25755.197,1.4757150411605835,2.386319160461426,1.5115067958831787,-0.10143449902534485,-0.30078554153442383,-0.23785316944122314,-15.096397399902344,-1.1991610527038574,-76.2723388671875,-160.4714813232422,-58.86124038696289,161.6824493408203,1318.0,-14592.0,6682.0,0,0,0,0,0
25765.059,1.4747881889343262,2.3826372623443604,1.5104408264160156,-0.07977152615785599,-0.2879469096660614,-0.24094127118587494,-16.583120346069336,-1.0225944519042969,-74.55790710449219,-62.70111083984375,-87.71165466308594,-82.12777709960938,5952.0,-13848.0,6448.0,0,0,0,0,0
25774.933,1.4739506244659424,2.3790717124938965,1.509095549583435,-0.06430701911449432,-0.2771322727203369,-0.2733690142631531,-17.431612014770508,-0.23464839160442352,-74.68024444580078,-128.85980224609375,-64.80950927734375,18.34337043762207,8158.0,-13197.0,7352.0,0,0,0,0,0
25784.819,1.4733834266662598,2.3759255409240723,1.5070067644119263,-0.03614993393421173,-0.26068976521492004,-0.2680879533290863,-18.59847640991211,0.23912803828716278,-74.47529602050781,-14.635589599609375,-68.75720977783203,-11.858564376831055,8117.0,-12360.0,8121.0,0,0,0,0,0
25794.682,1.4730933904647827,2.37256121635437,1.5054993629455566,-0.011153330095112324,-0.24509914219379425,-0.2757374346256256,-18.742162704467773,0.3273100256919861,-73.26211547851562,60.15986633300781,-65.08533477783203,26.1921329498291,5597.0,-11206.0,10010.0,0,0,0,0,0
25804.569,1.4732235670089722,2.3693766593933105,1.5038936138153076,0.013792919926345348,-0.2297387570142746,-0.28609389066696167,-18.11983299255371,0.5710209012031555,-71.97290802001953,140.0155487060547,-59.41452407836914,-116.20980834960938,791.0,-10814.0,12897.0,0,0,0,0,0
25814.43,1.4738248586654663,2.36639142036438,1.5020381212234497,0.04166100174188614,-0.21366998553276062,-0.2875165343284607,-16.699161529541016,1.4289873838424683,-72.49784851074219,122.62248229980469,-91.47239685058594,-118.00792694091797,-3176.0,-12302.0,15243.0,0,0,0,0,0
25824.314,1.474840760231018,2.363621473312378,1.50009024143219,0.06772350519895554,-0.19782967865467072,-0.2869212329387665,-15.464141845703125,2.530273914337158,-73.45297241210938,106.6115493774414,-63.315799713134766,114.02664947509766,-4723.0,-16117.0,15253.0,0,0,0,0,0
25834.189,1.4761674404144287,2.361083984375,1.4981955289840698,0.09636242687702179,-0.17779596149921417,-0.2617199718952179,-14.454911231994629,3.068650245666504,-73.2301025390625,-32.714908599853516,-76.83518981933594,-247.2355194091797,-3535.0,-16466.0,14302.0,0,0,0,0,0
25844.053,1.4774415493011475,2.359048843383789,1.495871901512146,0.11420749872922897,-0.16246826946735382,-0.27071288228034973,-14.528488159179688,4.160280704498291,-74.69343566894531,-15.918984413146973,-43.03272247314453,-71.87677764892578,1322.0,-16760.0,12078.0,0,0,0,0,0
25853.941,1.479028582572937,2.35693621635437,1.494314193725586,0.1444614976644516,-0.13857011497020721,-0.22305716574192047,-14.706318855285645,4.84213924407959,-75.28134155273438,-29.85675811767578,-76.72840118408203,91.68126678466797,4201.0,-16349.0,9152.0,0,0,0,0,0
25863.812,1.480770230293274,2.355013847351074,1.4929018020629883,0.16566112637519836,-0.11991091072559357,-0.21236975491046906,-14.902029037475586,5.547269344329834,-75.03018188476562,-9.389196395874023,-17.508350372314453,26.54857063293457,4829.0,-17216.0,7064.0,0,0,0,0,0
25873.686,1.4827793836593628,2.353208065032959,1.4914573431015015,0.18203860521316528,-0.10312153398990631,-0.2216714769601822,-14.933633804321289,5.741402626037598,-74.63569641113281,66.49176025390625,-33.13190460205078,131.37026977539062,4698.0,-15257.0,6420.0,0,0,0,0,0
25883.56,1.4850821495056152,2.351620674133301,1.4896495342254639,0.19623377919197083,-0.08820556849241257,-0.2437402606010437,-14.351593017578125,5.842912197113037,-73.62728118896484,180.6409454345703,-31.496747970581055,102.20471954345703,854.0,-13561.0,7202.0,0,0,0,0,0
25893.425,1.4873799085617065,2.3505260944366455,1.4874439239501953,0.21257634460926056,-0.07062438875436783,-0.25371143221855164,-12.590699195861816,6.130489826202393,-73.14398193359375,121.53541564941406,-51.640865325927734,-51.99501037597656,-3128.0,-13008.0,8917.0,0,0,0,0,0
25903.309,1.4902153015136719,2.349325656890869,1.485537052154541,0.23168832063674927,-0.049663033336400986,-0.23176470398902893,-11.28831958770752,6.628561019897461,-73.55089569091797,111.39788055419922,-28.416574478149414,125.56688690185547,-4029.0,-13740.0,10240.0,0,0,0,0,0
25913.178,1.493199110031128,2.3483879566192627,1.4837921857833862,0.24656811356544495,-0.030191829428076744,-0.2171580046415329,-10.217503547668457,6.911392688751221,-73.4857177734375,-19.056669235229492,-30.799114227294922,-120.62152862548828,-2742.0,-14987.0,10641.0,0,0,0,0,0
25923.048,1.4961382150650024,2.3476221561431885,1.4819896221160889,0.25570401549339294,-0.015477834269404411,-0.22352515161037445,-10.076447486877441,7.48459005355835,-74.5877456665039,21.382232666015625,-11.043367385864258,-61.64990234375,1593.0,-15553.0,10096.0,0,0,0,0,0
25932.926,1.4989519119262695,2.3473336696624756,1.4801204204559326,0.2701648473739624,0.008805148303508759,-0.18140441179275513,-9.949991226196289,7.807481288909912,-74.73139953613281,-11.816790580749512,-61.87738037109375,-12.082860946655273,3672.0,-15872.0,8953.0,0,0,0,0,0
25942.806,1.501894235610962,2.3470065593719482,1.4787837266921997,0.2810862362384796,0.027409931644797325,-0.1636987328529358,-9.762062072753906,8.443999290466309,-74.86003112792969,56.54293441772461,-6.335383415222168,-141.3966064453125,3387.0,-17077.0,7862.0,0,0,0,0,0
25952.682,1.5049210786819458,2.3468873500823975,1.4776124954223633,0.2895583212375641,0.04389052838087082,-0.16292785108089447,-8.977482795715332,8.745279312133789,-75.77969360351562,100.33679962158203,-17.755884170532227,144.022705078125,2039.0,-16275.0,6720.0,0,0,0,0,0
25962.545,1.508058786392212,2.346912145614624,1.4760847091674805,0.2945455312728882,0.05545724555850029,-0.18587444722652435,-8.059330940246582,8.818995475769043,-74.76924896240234,235.3209228515625,-17.715517044067383,206.34352111816406,-2054.0,-15601.0,6273.0,0,0,0,0,0
25972.419,1.5114407539367676,2.3471341133117676,1.4743626117706299,0.30082929134368896,0.06921606510877609,-0.197173073887825,-5.905143737792969,8.930295944213867,-73.82823944091797,138.85699462890625,-15.841650009155273,-183.07852172851562,-6679.0,-14876.0,7477.0,0,0,0,0,0
25982.302,1.5147511959075928,2.3477838039398193,1.472631812095642,0.30446362495422363,0.09101013839244843,-0.15978330373764038,-4.209222316741943,9.18095874786377,-75.12342071533203,144.43824768066406,-12.97652816772461,163.2942657470703,-6659.0,-14845.0,7802.0,0,0,0,0,0
25992.167,1.5182104110717773,2.348416328430176,1.4711796045303345,0.30444565415382385,0.10300289839506149,-0.16727815568447113,-2.9442198276519775,9.36581039428711,-75.37945556640625,-6.841146469116211,-9.142732620239258,-23.159343719482422,-4839.0,-15413.0,7019.0,0,0,0,0,0
26002.044,1.5214208364486694,2.3491909503936768,1.4697675704956055,0.3009105622768402,0.1182044968008995,-0.15037763118743896,-2.921548843383789,9.508161544799805,-75.43157196044922,31.5467472076416,-8.815263748168945,-15.64535903930664,55.0,-15372.0,6455.0,0,0,0,0,0
26011.926,1.5243679285049438,2.3501687049865723,1.4685794115066528,0.2968125343322754,0.13775813579559326,-0.10760396718978882,-2.8668718338012695,9.625316619873047,-74.99542999267578,-33.88713073730469,-50.68415832519531,-60.742671966552734,2489.0,-15816.0,6416.0,0,0,0,0,0
26021.8,1.5271515846252441,2.3513026237487793,1.4674774408340454,0.2922509014606476,0.1482698619365692,-0.11176421493291855,-2.8267409801483154,10.080516815185547,-75.74878692626953,65.89784240722656,-13.406877517700195,-28.125001907348633,2783.0,-17136.0,6020.0,0,0,0,0,0
26031.664,1.5300354957580566,2.3527698516845703,1.4664366245269775,0.28843334317207336,0.16259633004665375,-0.1021277904510498,-2.1029181480407715,10.194673538208008,-75.86380004882812,150.0024871826172,13.55971908569336,46.68052291870117,154.0,-17121.0,5452.0,0,0,0,0,0
26041.539,1.5327149629592896,2.354167938232422,1.465228796005249,0.28468379378318787,0.16857238113880157,-0.13523337244987488,-0.7510544061660767,10.171714782714844,-75.20844268798828,215.75149536132812,17.62785530090332,9.351262092590332,-4513.0,-15986.0,5583.0,0,0,0,0,0
26051.426,1.5355170965194702,2.3557496070861816,1.4638701677322388,0.276673823595047,0.18476742506027222,-0.10599076002836227,1.2018225193023682,10.119511604309082,-75.16634368896484,-11.34140682220459,29.926990509033203,-69.487548828125,-7159.0,-15078.0,6080.0,0,0,0,0,0
26061.297,1.5382018089294434,2.3575451374053955,1.462830662727356,0.2639548182487488,0.20044778287410736,-0.07133200019598007,1.612755537033081,9.877933502197266,-76.0467529296875,228.5645294189453,17.84402084350586,-135.5573272705078,-4802.0,-13685.0,5785.0,0,0,0,0,0
26071.167,1.5407297611236572,2.3595497608184814,1.4619148969650269,0.25538137555122375,0.20896799862384796,-0.0788244903087616,3.6306846141815186,9.580428123474121,-76.86754608154297,-79.8840560913086,1.334177017211914,195.8487548828125,-6411.0,-12899.0,4510.0,0,0,0,0,0
26081.035,1.5431190729141235,2.3617024421691895,1.4610176086425781,0.24191980063915253,0.2147720754146576,-0.08646754920482635,3.0455315113067627,9.550883293151855,-75.56097412109375,-25.608057022094727,-4.849550724029541,-9.583404541015625,-825.0,-13763.0,4563.0,0,0,0,0,0
26090.917,1.5449258089065552,2.3638198375701904,1.4599403142929077,0.2270706295967102,0.22178982198238373,-0.08239167928695679,2.574983835220337,9.608813285827637,-75.36458587646484,-55.880889892578125,10.374269485473633,-194.5485382080078,2596.0,-15562.0,5191.0,0,0,0,0,0
26100.794,1.5465083122253418,2.366032361984253,1.4587044715881348,0.21454475820064545,0.22685708105564117,-0.09442158043384552,2.3638522624969482,9.554947853088379,-77.12939453125,138.8379669189453,29.415292739868164,106.57500457763672,3651.0,-16030.0,4413.0,0,0,0,0,0
26110.659,1.5480053424835205,2.3683745861053467,1.4573724269866943,0.20529718697071075,0.22995257377624512,-0.11994188278913498,3.251166343688965,9.416452407836914,-76.79434967041016,112.75017547607422,44.0197868347168,194.80296325683594,-2241.0,-15328.0,3266.0,0,0,0,0,0
26120.539,1.5494321584701538,2.370800256729126,1.455741047859192,0.19296887516975403,0.23586294054985046,-0.12401194870471954,4.275604248046875,9.113363265991211,-75.82172393798828,65.38213348388672,29.835712432861328,-233.82676696777344,-5364.0,-13609.0,3569.0,0,0,0,0,0
26130.409,1.5510491132736206,2.3733885288238525,1.4548697471618652,0.16724318265914917,0.25483670830726624,-0.019994329661130905,4.990407466888428,8.574888229370117,-77.26399230957031,44.98622512817383,64.55998229980469,123.97047424316406,-4521.0,-11968.0,3124.0,0,0,0,0,0
26140.295,1.5521742105484009,2.3761374950408936,1.453935980796814,0.1577776074409485,0.2542347311973572,-0.06562140583992004,5.393459796905518,7.911684513092041,-77.271240234375,87.83612823486328,72.7857437133789,26.575485229492188,-3947.0,-10043.0,2014.0,0,0,0,0,0
26150.159,1.553041934967041,2.3789315223693848,1.4531394243240356,0.13580287992954254,0.262279748916626,-0.015692779794335365,6.075650691986084,7.275787830352783,-76.64683532714844,-23.548538208007812,53.873680114746094,113.31193542480469,-4252.0,-9198.0,1998.0,0,0,0,0,0
26160.034,1.5535905361175537,2.381821870803833,1.452474594116211,0.12209844589233398,0.2608838677406311,-0.041795313358306885,5.673957824707031,6.902461528778076,-75.45526885986328,-143.6990203857422,42.55970764160156,20.419105529785156,-654.0,-10147.0,3437.0,0,0,0,0,0
26169.907,1.5543309450149536,2.3845863342285156,1.4516230821609497,0.10965418070554733,0.258029967546463,-0.07307172566652298,4.386415481567383,6.428887844085693,-75.95021057128906,-89.08688354492188,38.19636917114258,-133.4393310546875,4261.0,-11045.0,4511.0,0,0,0,0,0
26179.8,1.5543897151947021,2.387453317642212,1.4503037929534912,0.096438929438591,0.2572786509990692,-0.08563119918107986,3.698587417602539,5.867501258850098,-77.38035583496094,101.43710327148438,68.21056365966797,-1.369562029838562,4084.0,-10746.0,3816.0,0,0,0,0,0
26189.657,1.5543253421783447,2.390364408493042,1.4487197399139404,0.0873916745185852,0.2555927336215973,-0.10872265696525574,4.608077049255371,5.312125205993652,-76.94331359863281,66.0423355102539,69.43172454833984,-79.73957824707031,-2818.0,-9927.0,3043.0,0,0,0,0,0
26199.531,1.5541932582855225,2.3933372497558594,1.4473669528961182,0.07013851404190063,0.2570333480834961,-0.06546420603990555,5.270769119262695,4.731379985809326,-76.80713653564453,-88.08353424072266,61.876094818115234,-118.11775970458984,-4593.0,-9577.0,2884.0,0,0,0,0,0
26209.408,1.5538703203201294,2.3963780403137207,1.4466052055358887,0.04756569489836693,0.2592189610004425,0.022024359554052353,4.763061046600342,4.1027092933654785,-77.4824447631836,101.42070770263672,111.48051452636719,-190.93455505371094,-2720.0,-8714.0,2172.0,0,0,0,0,0
26219.29,1.5534710884094238,2.3994572162628174,1.4461359977722168,0.04005562141537666,0.25621771812438965,-0.015686215832829475,5.738118648529053,3.0012192726135254,-78.5103530883789,-31.063030242919922,88.58478546142578,269.9867248535156,-4282.0,-6113.0,591.0,0,0,0,0,0
26229.155,1.5533605813980103,2.402315139770508,1.4458763599395752,0.025653833523392677,0.2514322102069855,0.00979001633822918,5.6572041511535645,2.286824941635132,-76.82688903808594,48.48223876953125,54.42605972290039,44.9567756652832,-4016.0,-5485.0,575.0,0,0,0,0,0
26239.041,1.552551031112671,2.40527606010437,1.445370078086853,0.014395675621926785,0.24496600031852722,-0.0043266648426651955,6.009923458099365,1.7466652393341064,-76.72395324707031,-183.54452514648438,77.00328063964844,15.928545951843262,-3046.0,-7506.0,1543.0,0,0,0,0,0
26248.901,1.5515692234039307,2.4082107543945312,1.444506049156189,0.0031235034111887217,0.23777058720588684,-0.04646011069417,4.486858367919922,1.0342226028442383,-77.31507110595703,-17.924083709716797,49.80705261230469,52.135169982910156,2575.0,-7366.0,1963.0,0,0,0,0,0
26258.786,1.5504323244094849,2.4111104011535645,1.4431557655334473,-0.0025029212702065706,0.2305455505847931,-0.11926759779453278,4.060483455657959,0.5519208312034607,-77.55516052246094,54.10300827026367,80.49659729003906,82.8045654296875,1057.0,-7678.0,1621.0,0,0,0,0,0
26268.651,1.549295425415039,2.4139764308929443,1.4413551092147827,-0.011806441470980644,0.22301626205444336,-0.11212266236543655,4.71428108215332,-0.1618807017803192,-77.24757385253906,-12.871758460998535,32.77356719970703,-167.44723510742188,-3817.0,-7014.0,1556.0,0,0,0,0,0
26278.532,1.5485901832580566,2.4165196418762207,1.4404770135879517,-0.02728298492729664,0.21076372265815735,-0.015615900978446007,4.485980033874512,-0.616513192653656,-77.75907135009766,-72.86770629882812,90.90921783447266,208.92010498046875,-2460.0,-7559.0,1412.0,0,0,0,0,0
26288.409,1.5471856594085693,2.4191505908966064,1.4398103952407837,-0.03713253512978554,0.20171360671520233,-0.013988165184855461,3.891378402709961,-1.305019736289978,-76.92715454101562,70.07660675048828,90.5374526977539,-162.90243530273438,-1833.0,-6576.0,1421.0,0,0,0,0,0
26298.284,1.545819640159607,2.4217331409454346,1.4393479824066162,-0.04676229879260063,0.19102531671524048,0.019007772207260132,4.430984020233154,-2.2469265460968018,-78.22756958007812,-93.21526336669922,102.14713287353516,116.48886108398438,-2674.0,-5374.0,1248.0,0,0,0,0,0
26308.148,1.544264554977417,2.424365758895874,1.4388898611068726,-0.054613418877124786,0.18097016215324402,-0.008682893589138985,3.6603434085845947,-3.130821943283081,-76.7337875366211,10.497666358947754,50.18146514892578,-8.342079162597656,-1448.0,-3720.0,1260.0,0,0,0,0,0
26318.022,1.5426925420761108,2.4267189502716064,1.438317060470581,-0.061119839549064636,0.16840076446533203,-0.0024199574254453182,3.6196913719177246,-3.626924514770508,-76.66021728515625,-179.22581481933594,44.42842102050781,-106.91329193115234,-1200.0,-4501.0,2408.0,0,0,0,0,0
26327.895,1.5414831638336182,2.4288480281829834,1.437552809715271,-0.06550806015729904,0.1605684459209442,-0.08925758302211761,1.9908839464187622,-4.2109222412109375,-76.83993530273438,9.707612037658691,51.931480407714844,29.716318130493164,2042.0,-5628.0,3183.0,0,0,0,0,0
26337.789,1.5396623611450195,2.431105613708496,1.43565034866333,-0.06751976907253265,0.15180714428424835,-0.1462392657995224,2.1359355449676514,-4.764711380004883,-77.40692138671875,-28.2596492767334,66.26822662353516,44.37736892700195,63.0,-6321.0,3425.0,0,0,0,0,0
26347.642,1.5379128456115723,2.4330546855926514,1.4341330528259277,-0.07181433588266373,0.1291961967945099,-0.046253856271505356,1.7819081544876099,-5.30839729309082,-77.12416076660156,-83.14153289794922,11.22209358215332,-88.26124572753906,-1482.0,-5943.0,3064.0,0,0,0,0,0
26357.516,1.5361665487289429,2.434812068939209,1.4334087371826172,-0.07437453418970108,0.11336968094110489,-0.023529721423983574,1.1157989501953125,-5.532348155975342,-77.2779312133789,-6.013436794281006,45.27446365356445,-146.7797393798828,-367.0,-6331.0,2834.0,0,0,0,0,0
26367.4,1.5345139503479004,2.4363789558410645,1.4328298568725586,-0.07532777637243271,0.09778144955635071,0.004198182374238968,1.1927204132080078,-6.042110919952393,-78.60858917236328,-14.48577880859375,51.96588897705078,67.94218444824219,-1539.0,-6644.0,2038.0,0,0,0,0,0
26377.274,1.5332998037338257,2.4375338554382324,1.4328773021697998,-0.0747954398393631,0.08016941696405411,0.04050614312291145,0.8473820090293884,-6.606969356536865,-77.75811004638672,-64.34391021728516,61.56318664550781,111.88790130615234,-1664.0,-5393.0,656.0,0,0,0,0,0
26387.139,1.5316072702407837,2.4387660026550293,1.4327043294906616,-0.07624971866607666,0.07276378571987152,-0.008952341973781586,0.4485217034816742,-7.060910224914551,-77.23756408691406,-3.980633497238159,-9.369341850280762,14.0983247756958,-721.0,-4620.0,843.0,0,0,0,0,0
26397.014,1.529976487159729,2.4398796558380127,1.4322295188903809,-0.0753527283668518,0.058145809918642044,-0.008547111414372921,0.1924736201763153,-6.94573974609375,-77.56195831298828,-31.049243927001953,27.240083694458008,66.00769805908203,-1024.0,-6311.0,1296.0,0,0,0,0,0
26406.887,1.528344750404358,2.440876007080078,1.4310768842697144,-0.078546904027462,0.06158687174320221,-0.14556245505809784,-0.1950104981660843,-7.159688949584961,-77.87214660644531,-5.918195724487305,18.756319046020508,133.47804260253906,-996.0,-8014.0,1259.0,0,0,0,0,0
26416.771,1.52662193775177,2.4418129920959473,1.4291894435882568,-0.07514013350009918,0.04317258670926094,-0.11496684700250626,-0.34871983528137207,-7.263488292694092,-77.04569244384766,-74.07383728027344,36.789119720458984,-128.99014282226562,-1235.0,-7839.0,1479.0,0,0,0,0,0
26426.642,1.5262142419815063,2.4419846534729004,1.4290488958358765,-0.07643195986747742,0.04362877830862999,-0.11564677953720093,-0.3391798436641693,-7.251469612121582,-77.05062866210938,-23.794822692871094,9.069219589233398,54.62428665161133,-29.0,-7664.0,2038.0,0,0,0,0,0
26436.51,1.5246684551239014,2.442538022994995,1.4283467531204224,-0.0679977610707283,0.013142804615199566,0.028127308934926987,-1.125112533569336,-7.328932762145996,-77.40669250488281,-36.714088439941406,11.080794334411621,74.94058227539062,-136.0,-8035.0,1859.0,0,0,0,0,0
26446.385,1.523224115371704,2.442866563796997,1.4280976057052612,-0.0674692690372467,0.006996637675911188,-0.025509094819426537,-1.4030940532684326,-7.2800445556640625,-78.54308319091797,-37.579952239990234,29.87914276123047,16.60565948486328,-250.0,-8105.0,832.0,0,0,0,0,0
26456.273,1.521896243095398,2.4430036544799805,1.4280521869659424,-0.059525251388549805,-0.013682154007256031,0.04933639615774155,-1.7844669818878174,-7.531277656555176,-77.94852447509766,-80.75483703613281,27.07350730895996,52.547508239746094,148.0,-6680.0,699.0,0,0,0,0,0
26466.133,1.5209856033325195,2.4428870677948,1.4283496141433716,-0.05556919053196907,-0.022438734769821167,0.028837867081165314,-2.2394139766693115,-7.876307487487793,-77.46052551269531,-0.2906751036643982,-25.825321197509766,-129.9003448486328,1104.0,-5670.0,1365.0,0,0,0,0,0
26476.006,1.51976478099823,2.442626953125,1.4284398555755615,-0.049746185541152954,-0.03541992977261543,0.02797597274184227,-2.89438796043396,-7.939004898071289,-77.7917709350586,20.037033081054688,-19.052734375,-84.65866088867188,-886.0,-6962.0,1485.0,0,0,0,0,0
26485.882,1.5186662673950195,2.442307233810425,1.4279673099517822,-0.05006106570363045,-0.033583056181669235,-0.07787232100963593,-2.375513792037964,-7.813192844390869,-77.78646850585938,-73.42134094238281,-10.319085121154785,142.2591094970703,-1988.0,-8127.0,1628.0,0,0,0,0,0
26495.766,1.5175628662109375,2.4418892860412598,1.4267597198486328,-0.045296888798475266,-0.04304170981049538,-0.0966915413737297,-2.7752621173858643,-7.881346225738525,-76.51451873779297,-105.92665100097656,4.730353832244873,28.965816497802734,792.0,-7969.0,2811.0,0,0,0,0,0
26505.64,1.5165876150131226,2.441235303878784,1.4263286590576172,-0.026307547464966774,-0.07049625366926193,0.04375546798110008,-3.969031572341919,-7.783952236175537,-77.69647979736328,34.02912902832031,-26.11874771118164,-333.4756774902344,1534.0,-7915.0,2868.0,0,0,0,0,0
26515.504,1.515791654586792,2.440387487411499,1.4265191555023193,-0.020034758374094963,-0.07806161046028137,0.024735476821660995,-3.778407573699951,-7.608119964599609,-78.84815979003906,-111.57734680175781,-4.831005573272705,175.62889099121094,194.0,-8854.0,1157.0,0,0,0,0,0
26525.379,1.5153648853302002,2.439443349838257,1.4269847869873047,-0.006423877086490393,-0.09365756809711456,0.08184798806905746,-4.416628837585449,-7.491228103637695,-77.81770324707031,-22.606952667236328,-25.043960571289062,-4.250914573669434,1100.0,-9097.0,821.0,0,0,0,0,0
26535.268,1.514870524406433,2.438277006149292,1.4279201030731201,0.00403215829282999,-0.10420361906290054,0.101265549659729,-4.50733757019043,-7.301464080810547,-77.40491485595703,-76.43635559082031,-7.345167636871338,-34.37153244018555,1304.0,-9098.0,1329.0,0,0,0,0,0
26545.127,1.5145303010940552,2.4368996620178223,1.428760051727295,0.008222531527280807,-0.10825084894895554,0.059533972293138504,-5.250284671783447,-7.1973371505737305,-77.49229431152344,134.7244415283203,-34.409915924072266,-21.972951889038086,1109.0,-9234.0,1519.0,0,0,0,0,0
26555.001,1.5143250226974487,2.435455083847046,1.4290459156036377,0.014086388051509857,-0.11058519780635834,0.0008407234563492239,-4.412180423736572,-6.641291618347168,-78.1220703125,-70.36815643310547,-27.51143455505371,134.65174865722656,-3075.0,-10841.0,1027.0,0,0,0,0,0
26564.876,1.514120101928711,2.4339215755462646,1.4285396337509155,0.01612352393567562,-0.11154825985431671,-0.06420731544494629,-4.566032409667969,-6.361393928527832,-77.18034362792969,-103.0908432006836,-38.17588806152344,-170.74862670898438,-752.0,-10777.0,1502.0,0,0,0,0,0
26574.768,1.5142441987991333,2.432426691055298,1.42840576171875,0.038200993090867996,-0.12623997032642365,0.04636533185839653,-5.799109935760498,-5.989532470703125,-77.9875259399414,60.96786117553711,-15.797782897949219,96.34883117675781,3501.0,-10372.0,1698.0,0,0,0,0,0
26584.625,1.5144189596176147,2.430682420730591,1.4289439916610718,0.050449956208467484,-0.13159878551959991,0.05658917874097824,-5.4248881340026855,-5.650283336639404,-79.07660675048828,-54.56455993652344,-60.26795959472656,124.9844970703125,1021.0,-10090.0,543.0,0,0,0,0,0
26594.499,1.514663815498352,2.428712844848633,1.4298319816589355,0.06491950899362564,-0.1391548067331314,0.10118220746517181,-6.167782783508301,-5.399418830871582,-77.31884765625,-4.570836544036865,-23.765262603759766,111.5748519897461,1948.0,-10570.0,-299.0,0,0,0,0,0
26604.373,1.5149908065795898,2.4268314838409424,1.4309214353561401,0.07726714760065079,-0.14328981935977936,0.12359082698822021,-6.0394487380981445,-5.22396183013916,-76.26197814941406,-50.51935577392578,-43.161102294921875,0.6535987854003906,2111.0,-10138.0,1396.0,0,0,0,0,0
26614.257,1.5154861211776733,2.4248969554901123,1.4318617582321167,0.07963866740465164,-0.1426992267370224,0.0737394317984581,-6.543740272521973,-5.004260063171387,-76.40018463134766,-11.180133819580078,-14.241515159606934,-152.30145263671875,2372.0,-9516.0,3494.0,0,0,0,0,0
26624.121,1.5161854028701782,2.4231812953948975,1.4324580430984497,0.08888392150402069,-0.14291082322597504,0.05969628319144249,-6.0036444664001465,-4.648059844970703,-77.39593505859375,140.7623748779297,-40.87535095214844,-43.9426383972168,151.0,-9362.0,4240.0,0,0,0,0,0
26634.004,1.516889214515686,2.4212121963500977,1.4324560165405273,0.0874529704451561,-0.13890796899795532,-0.04471449553966522,-5.207744121551514,-4.280268669128418,-76.84627532958984,-101.89030456542969,-37.106773376464844,40.42808532714844,-2661.0,-10441.0,3957.0,0,0,0,0,0
26643.87,1.5177079439163208,2.419060707092285,1.4320060014724731,0.09814127534627914,-0.14104460179805756,-0.018865561112761497,-5.67972993850708,-3.9520645141601562,-76.47440338134766,-33.965789794921875,-33.57903289794922,-435.1650695800781,-145.0,-10935.0,4520.0,0,0,0,0,0
26653.754,1.5185517072677612,2.4170258045196533,1.4321931600570679,0.11470885574817657,-0.1443251669406891,0.05748462304472923,-6.22361946105957,-3.62612247467041,-78.34363555908203,76.66262817382812,-14.005523681640625,4.179523468017578,2268.0,-10480.0,3928.0,0,0,0,0,0
26663.618,1.5184181928634644,2.4166505336761475,1.4321752786636353,0.11421681195497513,-0.14544212818145752,0.0574408583343029,-6.220337390899658,-3.641770124435425,-78.36858367919922,-34.21769332885742,-67.06517791748047,184.82052612304688,501.0,-10341.0,1619.0,0,0,0,0,0
26673.493,1.5206471681594849,2.413137197494507,1.4333926439285278,0.13521498441696167,-0.14429812133312225,0.09994420409202576,-5.938482761383057,-2.963914632797241,-76.86354064941406,47.757835388183594,-40.9557991027832,107.01789093017578,1131.0,-11529.0,185.0,0,0,0,0,0
26683.377,1.521777868270874,2.4110841751098633,1.434367299079895,0.14170949161052704,-0.1427210569381714,0.08960794657468796,-5.509524345397949,-2.497922420501709,-76.77915954589844,-18.4265193939209,-54.25849151611328,-67.4301986694336,848.0,-11729.0,1574.0,0,0,0,0,0
26693.251,1.5230414867401123,2.409045696258545,1.4350156784057617,0.14270490407943726,-0.13978268206119537,0.03912249952554703,-5.6870527267456055,-2.181563377380371,-77.12879180908203,28.863248825073242,-40.79994201660156,-136.3367462158203,1029.0,-11884.0,2491.0,0,0,0,0,0
26703.116,1.5243775844573975,2.4070231914520264,1.435346007347107,0.14850680530071259,-0.136981800198555,0.018123095855116844,-4.573233127593994,-1.6962900161743164,-77.27741241455078,156.24847412109375,-50.21986770629883,-25.286088943481445,-1214.0,-11827.0,2645.0,0,0,0,0,0
26712.989,1.5243337154388428,2.406731367111206,1.4353539943695068,0.14832381904125214,-0.13775606453418732,0.01819295436143875,-4.57146692276001,-1.7049815654754639,-77.28662109375,-39.398799896240234,-33.54338836669922,91.78520202636719,-4042.0,-12497.0,2812.0,0,0,0,0,0
26722.864,1.5256845951080322,2.40476131439209,1.4350298643112183,0.14627845585346222,-0.13426123559474945,-0.08687152713537216,-3.7545406818389893,-1.2319815158843994,-76.75774383544922,-25.89699363708496,-32.2346076965332,-413.70562744140625,-1765.0,-12620.0,3677.0,0,0,0,0,0
26732.762,1.5285835266113281,2.401491403579712,1.434198021888733,0.15886856615543365,-0.12483562529087067,0.010694115422666073,-4.2234578132629395,-0.5861039161682129,-78.06131744384766,80.0183334350586,-25.167325973510742,19.567790985107422,1233.0,-12052.0,3341.0,0,0,0,0,0
26742.623,1.5300183296203613,2.399442672729492,1.434438705444336,0.16341790556907654,-0.12116114795207977,0.020057424902915955,-3.171356201171875,-0.1718776375055313,-78.39691925048828,-4.697046279907227,-73.40498352050781,194.9304656982422,-533.0,-11873.0,1786.0,0,0,0,0,0
26752.488,1.5315921306610107,2.397470712661743,1.4351344108581543,0.16723506152629852,-0.11577548831701279,0.0700794905424118,-3.646557569503784,0.20430400967597961,-75.83623504638672,39.920631408691406,-46.66611862182617,159.17868041992188,-118.0,-12931.0,1404.0,0,0,0,0,0
26762.361,1.5314304828643799,2.3971662521362305,1.435301423072815,0.16672250628471375,-0.11662015318870544,0.0708211213350296,-3.642798900604248,0.19500170648097992,-75.83814239501953,16.485668182373047,-66.33696746826172,-86.73536682128906,109.0,-13365.0,3827.0,0,0,0,0,0
26772.245,1.5330814123153687,2.3952767848968506,1.436244249343872,0.1682758629322052,-0.11166530847549438,0.05278581753373146,-3.100543975830078,0.901499330997467,-76.37325286865234,21.98320770263672,-29.468225479125977,-17.526708602905273,-44.0,-14207.0,4555.0,0,0,0,0,0
26782.123,1.534802794456482,2.3934340476989746,1.4366706609725952,0.1671600043773651,-0.10613946616649628,0.009843218140304089,-3.0460495948791504,1.1879966259002686,-77.36920928955078,222.58840942382812,-45.424442291259766,41.65839385986328,-1913.0,-13494.0,3963.0,0,0,0,0,0
26791.984,1.536412000656128,2.3918240070343018,1.4367209672927856,0.16860447824001312,-0.1010989248752594,-0.029688049107789993,-1.373508334159851,1.6239808797836304,-77.08930206298828,-6.764400005340576,-41.824466705322266,-9.418038368225098,-6523.0,-13691.0,3806.0,0,0,0,0,0
26801.859,1.5379462242126465,2.3902688026428223,1.4360039234161377,0.16637864708900452,-0.0982900932431221,-0.11446493864059448,-0.7219924330711365,2.0669238567352295,-76.42684936523438,-51.5913200378418,-23.357433319091797,-321.7027587890625,-3633.0,-14026.0,4186.0,0,0,0,0,0
26811.751,1.5394611358642578,2.389056444168091,1.4353376626968384,0.1633995622396469,-0.08732441067695618,-0.029989780858159065,-1.0770633220672607,2.362360954284668,-77.8163070678711,40.5287971496582,-15.577982902526855,-96.26490783691406,450.0,-13097.0,2664.0,0,0,0,0,0
26821.607,1.5407469272613525,2.3876445293426514,1.4350897073745728,0.15977288782596588,-0.08086966723203659,-0.045165520161390305,-1.0389801263809204,2.404677629470825,-79.05175018310547,39.20123291015625,-41.59539031982422,213.49472045898438,-712.0,-11879.0,233.0,0,0,0,0,0
26831.499,1.5419251918792725,2.3863720893859863,1.4351959228515625,0.15627561509609222,-0.07108108699321747,0.02368331141769886,-0.3318015933036804,2.632509469985962,-77.82703399658203,-34.86251449584961,-24.29424285888672,182.36216735839844,-1274.0,-12514.0,380.0,0,0,0,0,0
26841.356,1.5429892539978027,2.385183334350586,1.4357075691223145,0.15069952607154846,-0.06439922004938126,0.03655620664358139,-0.7964813709259033,2.950878143310547,-75.57965087890625,62.15924835205078,-28.62982749938965,-267.2368469238281,-1.0,-13665.0,2758.0,0,0,0,0,0
26851.24,1.5440559387207031,2.3841166496276855,1.4364092350006104,0.14678457379341125,-0.05728573724627495,0.04252729192376137,-0.34259232878685,3.436171054840088,-77.15924072265625,29.160877227783203,-14.564447402954102,173.1395263671875,-1001.0,-14273.0,2967.0,0,0,0,0,0
26861.104,1.5453165769577026,2.3833277225494385,1.4366786479949951,0.14327111840248108,-0.051888469606637955,-0.006494335364550352,-0.04954339936375618,3.521130323410034,-78.46882629394531,220.58859252929688,-31.518705368041992,219.25779724121094,-3222.0,-13499.0,1794.0,0,0,0,0,0
26870.979,1.546475887298584,2.382439136505127,1.436407208442688,0.1416497677564621,-0.04772653430700302,-0.06105063110589981,1.4188103675842285,3.8134169578552246,-77.7266845703125,48.3309211730957,-19.84048080444336,-178.0415802001953,-8879.0,-13402.0,1702.0,0,0,0,0,0
26880.853,1.5476382970809937,2.3816494941711426,1.435873031616211,0.1364116221666336,-0.041035089641809464,-0.07483722269535065,2.923248767852783,3.986208200454712,-77.36822509765625,-142.01119995117188,41.34813690185547,44.33648681640625,-5432.0,-12973.0,1484.0,0,0,0,0,0
26890.737,1.5484918355941772,2.38089919090271,1.4354307651519775,0.123545341193676,-0.03195209056138992,-0.038316573947668076,1.6312841176986694,3.776495933532715,-78.249755859375,62.478084564208984,16.44140625,-184.3845672607422,294.0,-10597.0,381.0,0,0,0,0,0
26900.602,1.5490750074386597,2.380279541015625,1.4352507591247559,0.11642398685216904,-0.02528706006705761,-0.05180703103542328,2.2346482276916504,3.4611213207244873,-80.52236938476562,-27.630523681640625,-9.992851257324219,300.5985412597656,-209.0,-9349.0,-2235.0,0,0,0,0,0
26910.477,1.5497961044311523,2.37985897064209,1.4352046251296997,0.10477641224861145,-0.01592223159968853,0.018052373081445694,1.7671339511871338,3.579867362976074,-78.0408935546875,-58.708492279052734,-28.618911743164062,28.534149169921875,-52.0,-11013.0,-2013.0,0,0,0,0,0
26920.357,1.550026535987854,2.3794350624084473,1.4356606006622314,0.09574528783559799,-0.010669964365661144,0.01961478218436241,1.418978214263916,3.868563413619995,-77.361083984375,28.888547897338867,-14.757203102111816,-242.88502502441406,549.0,-13117.0,-469.0,0,0,0,0,0
26930.234,1.5502349138259888,2.3791019916534424,1.4361727237701416,0.08693619072437286,-0.0030743770767003298,0.044959358870983124,1.4216152429580688,3.9836390018463135,-78.41020202636719,104.59730529785156,-0.21195875108242035,-87.35697937011719,-2188.0,-13343.0,-444.0,0,0,0,0,0
26940.099,1.550586223602295,2.3788821697235107,1.4364272356033325,0.08504658937454224,-0.0011794297024607658,-0.031223120167851448,2.492283344268799,3.9904894828796387,-79.08226776123047,116.29425811767578,-32.089576721191406,147.51205444335938,-6620.0,-12679.0,-1027.0,0,0,0,0,0
26949.973,1.550968050956726,2.3787734508514404,1.436224341392517,0.07924312353134155,0.003153254510834813,-0.05224780738353729,3.6092381477355957,4.297629356384277,-77.22607421875,1.1769660711288452,15.034486770629883,-207.6971893310547,-9131.0,-13522.0,81.0,0,0,0,0,0
26959.856,1.5514616966247559,2.378819465637207,1.4362729787826538,0.06242476403713226,0.014003119431436062,0.0322536863386631,4.489805221557617,4.290621757507324,-77.96570587158203,-71.35716247558594,44.73932647705078,-136.95921325683594,-5536.0,-12294.0,476.0,0,0,0,0,0
26969.732,1.5514423847198486,2.378862142562866,1.436480164527893,0.05523919686675072,0.016062557697296143,-0.0392000675201416,3.743835687637329,3.842566967010498,-78.6454086303711,-59.23249435424805,22.4987735748291,0.28304174542427063,-1222.0,-9492.0,-361.0,0,0,0,0,0
26979.596,1.551125168800354,2.378972291946411,1.4365233182907104,0.040800098329782486,0.0233002919703722,0.006443740800023079,3.404219627380371,3.492243766784668,-79.33783721923828,-134.35125732421875,12.111761093139648,92.12084197998047,1335.0,-8823.0,-1512.0,0,0,0,0,0
26989.47,1.5505207777023315,2.3791346549987793,1.4368146657943726,0.028698589652776718,0.027608785778284073,0.020713450387120247,2.174337387084961,3.4575090408325195,-78.56011199951172,-28.882831573486328,-19.05571746826172,-87.98980712890625,3101.0,-10118.0,-1537.0,0,0,0,0,0
26999.345,1.5497660636901855,2.379397392272949,1.4375540018081665,0.018290748819708824,0.03352118656039238,0.06088536977767944,1.68801748752594,3.5109188556671143,-78.2004623413086,9.103404998779297,12.983124732971191,189.62225341796875,2145.0,-12228.0,-1081.0,0,0,0,0,0
27009.228,1.5494306087493896,2.3797144889831543,1.4380437135696411,0.013647344894707203,0.03448101878166199,0.015118004754185677,1.1987717151641846,3.6814029216766357,-77.6015853881836,145.70193481445312,13.592628479003906,-74.68431854248047,-1976.0,-13175.0,163.0,0,0,0,0,0
27019.097,1.5488237142562866,2.3801229000091553,1.4382675886154175,0.009660168550908566,0.03859810158610344,0.0032847877591848373,2.4966461658477783,3.67034912109375,-78.16634368896484,-2.76697039604187,-3.923837423324585,10.130293846130371,-6744.0,-12857.0,789.0,0,0,0,0,0
27028.968,1.5482796430587769,2.3806028366088867,1.4384300708770752,0.002243479248136282,0.042864732444286346,0.010496268048882484,2.8476266860961914,3.731024742126465,-77.83013916015625,20.209590911865234,35.806575775146484,135.61314392089844,-5126.0,-12652.0,967.0,0,0,0,0,0
27038.851,1.547643780708313,2.381176710128784,1.438772439956665,-0.007626052014529705,0.048689257353544235,0.04405393451452255,2.714705228805542,3.5548315048217773,-78.26667022705078,-14.688411712646484,8.317851066589355,-149.96617126464844,-4606.0,-11432.0,681.0,0,0,0,0,0
27048.726,1.5468417406082153,2.381814479827881,1.4390689134597778,-0.011466841213405132,0.05017714947462082,-0.006116336211562157,3.244236469268799,3.372530221939087,-79.77216339111328,-179.27920532226562,28.993608474731445,159.5868377685547,-1748.0,-10900.0,-926.0,0,0,0,0,0
27058.599,1.5462234020233154,2.3823821544647217,1.4390887022018433,-0.020719977095723152,0.053252458572387695,0.0035096167121082544,1.4973145723342896,3.2392868995666504,-78.55955505371094,-132.02427673339844,-0.01967395842075348,-201.7277069091797,3329.0,-10779.0,-1253.0,0,0,0,0,0
27068.476,1.5450118780136108,2.3830673694610596,1.439205288887024,-0.02754063531756401,0.05621061474084854,0.0040848697535693645,0.35421276092529297,3.1642661094665527,-79.12592315673828,-142.7703094482422,0.3624407649040222,-81.492431640625,6082.0,-11660.0,-1614.0,0,0,0,0,0
27078.35,1.5436757802963257,2.3837573528289795,1.4393081665039062,-0.03256380558013916,0.059787601232528687,0.020236700773239136,-1.2669212818145752,3.2199110984802246,-78.6621322631836,55.9911994934082,-16.532499313354492,-150.33140563964844,4831.0,-12840.0,-1483.0,0,0,0,0,0
27088.228,1.54245924949646,2.384535312652588,1.4390925168991089,-0.03331063315272331,0.058507759124040604,-0.055861905217170715,-0.9271931052207947,3.4101274013519287,-78.75502014160156,-10.360684394836426,16.73039436340332,59.07410430908203,-1007.0,-13526.0,-1076.0,0,0,0,0,0
27098.088,1.5414085388183594,2.3853602409362793,1.4387778043746948,-0.03407811373472214,0.06463706493377686,-0.023561198264360428,-0.7902067303657532,3.2002594470977783,-77.28244018554688,20.573158264160156,14.62192440032959,-36.44754409790039,-3662.0,-12427.0,384.0,0,0,0,0,0
27107.963,1.540799856185913,2.3861706256866455,1.4386767148971558,-0.03359026834368706,0.06935535371303558,0.0019778998102992773,-0.4175088703632355,3.128824472427368,-77.5306625366211,-52.061859130859375,55.34040069580078,154.6199951171875,-2993.0,-11572.0,1193.0,0,0,0,0,0
27117.854,1.5399320125579834,2.3871426582336426,1.4386669397354126,-0.03494873270392418,0.07341896742582321,0.011503942310810089,-0.9678789377212524,2.802246570587158,-78.46272277832031,84.32711791992188,23.765966415405273,-58.23348617553711,-2218.0,-10078.0,968.0,0,0,0,0,0
27127.721,1.5390663146972656,2.3882081508636475,1.4388031959533691,-0.03427770361304283,0.07635850459337234,0.004223954398185015,-0.28570476174354553,2.5400450229644775,-79.1152572631836,-194.4249725341797,16.85692024230957,155.5236358642578,-2700.0,-10042.0,-65.0,0,0,0,0,0
27137.585,1.538029670715332,2.3892500400543213,1.4386670589447021,-0.037113528698682785,0.07677812874317169,-0.024350734427571297,-1.5348702669143677,2.424501657485962,-77.87117004394531,-123.53926086425781,-3.5756869316101074,-112.18303680419922,3042.0,-10591.0,528.0,0,0,0,0,0
27147.463,1.53689706325531,2.390308380126953,1.4383348226547241,-0.038419388234615326,0.07812963426113129,-0.0380990244448185,-3.0563647747039795,2.2150661945343018,-77.28118133544922,-183.9318084716797,9.733068466186523,-38.50541305541992,6484.0,-11231.0,1400.0,0,0,0,0,0
27157.333,1.5361226797103882,2.3912301063537598,1.4378844499588013,-0.0351606048643589,0.07971534878015518,-0.03480179235339165,-4.5546650886535645,2.2429094314575195,-78.277587890625,69.14258575439453,4.109177112579346,-202.58314514160156,6875.0,-11879.0,1571.0,0,0,0,0,0
27167.219,1.5351170301437378,2.392293930053711,1.4373598098754883,-0.03067135438323021,0.08148156851530075,-0.05251827836036682,-4.723597526550293,2.078195333480835,-77.98978424072266,-3.976942539215088,51.083709716796875,245.07395935058594,1059.0,-11536.0,1334.0,0,0,0,0,0
27177.082,1.5342864990234375,2.3934566974639893,1.436641812324524,-0.025581326335668564,0.0835682600736618,-0.07704925537109375,-4.334499359130859,1.6632667779922485,-77.21676635742188,74.51075744628906,35.036312103271484,-20.646982192993164,-1943.0,-10036.0,2152.0,0,0,0,0,0
27186.956,1.53377103805542,2.394714832305908,1.4360237121582031,-0.015557583421468735,0.08771610260009766,-0.02732934057712555,-3.93074631690979,1.4779411554336548,-77.77995300292969,-73.47288513183594,71.96781158447266,96.58502197265625,-2306.0,-9667.0,2012.0,0,0,0,0,0
27196.831,1.533505916595459,2.396023988723755,1.4356893301010132,-0.008447258733212948,0.09016645699739456,-0.012537089176476002,-4.473109722137451,1.090700626373291,-78.7947006225586,117.49403381347656,33.23183059692383,-7.823197364807129,-895.0,-8504.0,867.0,0,0,0,0,0
27206.714,1.533367395401001,2.3971457481384277,1.435502052307129,-0.0006592608406208456,0.09116580337285995,-0.014721129089593887,-3.780137777328491,0.6363077163696289,-79.25738525390625,-160.12313842773438,18.241132736206055,128.955078125,-2255.0,-8295.0,-759.0,0,0,0,0,0
27216.58,1.5330891609191895,2.3984596729278564,1.435150384902954,0.0033506902400404215,0.09064795821905136,-0.03491417318582535,-4.279450416564941,0.37524211406707764,-78.59811401367188,-114.31624603271484,11.090631484985352,-46.27947998046875,3029.0,-8859.0,-949.0,0,0,0,0,0
27226.454,1.5327229499816895,2.399764060974121,1.4345746040344238,0.006715743336826563,0.0899982750415802,-0.052890341728925705,-5.7885212898254395,0.00623423932120204,-77.7152099609375,-145.8443145751953,11.453091621398926,35.43111038208008,6680.0,-9422.0,-538.0,0,0,0,0,0
27236.331,1.532350778579712,2.4010303020477295,1.4339377880096436,0.014690852724015713,0.08911546319723129,-0.050683990120887756,-6.970155715942383,0.08023618161678314,-78.90300750732422,74.50270080566406,16.124195098876953,70.85717010498047,7537.0,-10734.0,-719.0,0,0,0,0,0
27246.221,1.5322402715682983,2.40232515335083,1.433361530303955,0.02625293843448162,0.0894620418548584,-0.04395925626158714,-7.2643046379089355,-0.16370998322963715,-78.11666870117188,59.31446838378906,61.50752258300781,127.90363311767578,2160.0,-10517.0,-594.0,0,0,0,0,0
27256.084,1.5324358940124512,2.4034242630004883,1.4326062202453613,0.03348681703209877,0.08886611461639404,-0.0897476002573967,-6.477005958557129,-0.5472968816757202,-78.07015228271484,119.209716796875,49.58899688720703,-59.58137130737305,-1931.0,-8844.0,38.0,0,0,0,0,0
27265.965,1.5328396558761597,2.4047553539276123,1.431801676750183,0.05051487684249878,0.08885402977466583,-0.03371293470263481,-5.736402988433838,-0.8702558875083923,-78.56717681884766,-42.0312385559082,66.1926498413086,152.0119171142578,-3209.0,-7920.0,-340.0,0,0,0,0,0
27275.825,1.5334980487823486,2.4060683250427246,1.4313675165176392,0.0626814141869545,0.0877985805273056,-0.010576401837170124,-5.746348857879639,-1.3482940196990967,-78.92060852050781,157.56849670410156,28.183351516723633,59.260963439941406,-1766.0,-6885.0,-790.0,0,0,0,0,0
27285.719,1.5343269109725952,2.407379150390625,1.4311045408248901,0.07325267046689987,0.08625176548957825,-0.013162707909941673,-4.681811332702637,-1.761457920074463,-78.8084716796875,-139.0618133544922,22.882326126098633,116.57537841796875,-3051.0,-7058.0,-1050.0,0,0,0,0,0
27295.573,1.535097360610962,2.4084384441375732,1.430795669555664,0.07932797074317932,0.0829973816871643,-0.028150154277682304,-4.860833644866943,-2.077509641647339,-78.23917388916016,-64.84770202636719,11.975078582763672,-145.45591735839844,2288.0,-7553.0,-224.0,0,0,0,0,0
27305.45,1.5358201265335083,2.40962290763855,1.4302388429641724,0.08505013585090637,0.07979069650173187,-0.038545873016119,-5.923982620239258,-2.4427592754364014,-77.65685272216797,-106.49085998535156,20.903892517089844,120.66193389892578,5615.0,-8105.0,434.0,0,0,0,0,0
27315.333,1.5366010665893555,2.4107518196105957,1.429656982421875,0.09407958388328552,0.07576685398817062,-0.03642250597476959,-6.821278095245361,-2.4317708015441895,-78.58016204833984,72.22245025634766,8.979801177978516,-15.835436820983887,6356.0,-9232.0,541.0,0,0,0,0,0
27325.206,1.537575364112854,2.411836624145508,1.4291656017303467,0.10613959282636642,0.07229862362146378,-0.027749523520469666,-6.837826728820801,-2.580683946609497,-78.28629302978516,90.35344696044922,50.6123046875,100.86815643310547,1687.0,-9481.0,440.0,0,0,0,0,0
27335.071,1.5387771129608154,2.4128949642181396,1.4283994436264038,0.1118481233716011,0.07117324322462082,-0.08435750007629395,-5.85272741317749,-2.90498423576355,-78.14247131347656,115.22674560546875,28.473262786865234,-37.8784294128418,-2717.0,-8314.0,699.0,0,0,0,0,0
27344.947,1.5400989055633545,2.413754940032959,1.4277299642562866,0.12687748670578003,0.06518608331680298,-0.03178682178258896,-4.795341491699219,-3.072765588760376,-78.63847351074219,-19.86463165283203,55.47077941894531,94.80461120605469,-3272.0,-7963.0,89.0,0,0,0,0,0
27354.821,1.5417871475219727,2.4147403240203857,1.4273560047149658,0.13781702518463135,0.05989501625299454,-0.002729603089392185,-4.852831840515137,-3.387127161026001,-79.27056121826172,174.53306579589844,14.068717956542969,-7.2319464683532715,-1957.0,-7109.0,-979.0,0,0,0,0,0
27364.72,1.5436075925827026,2.4156687259674072,1.427086591720581,0.14660103619098663,0.055919814854860306,-0.010189435444772243,-3.58626651763916,-3.6747021675109863,-79.60226440429688,-144.9472198486328,12.059123039245605,178.42300415039062,-3047.0,-7206.0,-2284.0,0,0,0,0,0
27374.571,1.54530668258667,2.4164845943450928,1.4266536235809326,0.15059326589107513,0.0511157289147377,-0.02724633738398552,-3.9316189289093018,-3.8991737365722656,-78.69490051269531,-49.19499588012695,-5.396124362945557,-144.35772705078125,2748.0,-7495.0,-1806.0,0,0,0,0,0
27384.445,1.5468915700912476,2.4172210693359375,1.4261330366134644,0.1557224541902542,0.045386407524347305,-0.02663181908428669,-4.735324859619141,-4.130302906036377,-77.9486083984375,-89.60333251953125,3.0529544353485107,92.29853820800781,5636.0,-8146.0,-1027.0,0,0,0,0,0
27394.319,1.5485318899154663,2.4178466796875,1.4256490468978882,0.16300122439861298,0.038997355848550797,-0.019514987245202065,-5.460246562957764,-4.0176897048950195,-78.7219467163086,117.15322875976562,-9.228523254394531,-96.38790893554688,5635.0,-9444.0,-712.0,0,0,0,0,0
27404.204,1.5502716302871704,2.418316602706909,1.4253456592559814,0.17100457847118378,0.033611658960580826,-0.021827561780810356,-5.064083099365234,-3.9537012577056885,-78.66706848144531,90.49542236328125,34.487728118896484,113.30939483642578,206.0,-9981.0,-682.0,0,0,0,0,0
27414.083,1.5522313117980957,2.4188270568847656,1.4246464967727661,0.1763032078742981,0.031516849994659424,-0.062115367501974106,-3.849243402481079,-4.180391788482666,-78.04200744628906,113.8538818359375,19.5092830657959,-39.84303283691406,-3656.0,-8712.0,77.0,0,0,0,0,0
27423.942,1.5544718503952026,2.419297218322754,1.4240597486495972,0.1867896467447281,0.022839047014713287,-0.005059939343482256,-2.8118839263916016,-4.235409736633301,-78.5696029663086,33.65974044799805,50.76726150512695,249.0103759765625,-3418.0,-8100.0,-136.0,0,0,0,0,0
27433.822,1.5567538738250732,2.4196410179138184,1.4237678050994873,0.19156448543071747,0.01673949509859085,0.006174840964376926,-2.782501459121704,-4.512552261352539,-78.97207641601562,167.8191375732422,5.018387317657471,44.860191345214844,-2928.0,-6981.0,-848.0,0,0,0,0,0
27443.7,1.558897614479065,2.4198553562164307,1.4237157106399536,0.19613218307495117,0.010836874134838581,0.007601771503686905,-1.2651702165603638,-4.651667594909668,-79.73918914794922,-139.5933074951172,-1.7375799417495728,151.77809143066406,-3139.0,-7322.0,-1881.0,0,0,0,0,0
27453.573,1.5611039400100708,2.420029878616333,1.4234237670898438,0.19604149460792542,0.005124145653098822,-0.008795502595603466,-1.7224011421203613,-4.696277141571045,-78.3526840209961,-33.49762725830078,-29.709453582763672,-204.06301879882812,2675.0,-7955.0,-1045.0,0,0,0,0,0
27463.452,1.5631871223449707,2.420114040374756,1.4230598211288452,0.19692012667655945,-0.001284942147321999,-0.009263571351766586,-2.3573951721191406,-4.717292308807373,-77.9315414428711,-100.22761535644531,-8.6138277053833,-79.96900177001953,5274.0,-8913.0,-299.0,0,0,0,0,0
27473.314,1.565220832824707,2.4200494289398193,1.4227705001831055,0.1996128261089325,-0.00876765139400959,0.006079815328121185,-3.1706371307373047,-4.5486884117126465,-79.05528259277344,147.49578857421875,-25.956815719604492,-227.18496704101562,4940.0,-9625.0,-389.0,0,0,0,0,0
27483.198,1.5673166513442993,2.419933795928955,1.4223623275756836,0.20162516832351685,-0.011391377076506615,-0.03545615077018738,-2.225013256072998,-4.454104423522949,-78.67342376708984,66.570068359375,19.81279945373535,157.68817138671875,-1208.0,-9686.0,-488.0,0,0,0,0,0
27493.071,1.569419264793396,2.4197866916656494,1.4217742681503296,0.20362965762615204,-0.014800317585468292,-0.05445878952741623,-0.9774413108825684,-4.596749305725098,-77.3284912109375,73.20701599121094,1.5824494361877441,-151.27296447753906,-4325.0,-8555.0,838.0,0,0,0,0,0
27502.935,1.5717861652374268,2.4195668697357178,1.42133629322052,0.2059859335422516,-0.025706784799695015,0.016231650486588478,-0.06756746023893356,-4.546215534210205,-78.18629455566406,72.94762420654297,41.98323059082031,151.09689331054688,-3224.0,-8200.0,901.0,0,0,0,0,0
27512.81,1.5742130279541016,2.4192464351654053,1.421204924583435,0.20478039979934692,-0.029946092516183853,0.003586656181141734,0.063053198158741,-4.760138511657715,-78.71041107177734,128.28009033203125,-3.9382643699645996,123.78086853027344,-3441.0,-6958.0,10.0,0,0,0,0,0
27522.695,1.5765923261642456,2.418851137161255,1.4211399555206299,0.20422221720218658,-0.037347543984651566,0.02447943203151226,1.387807011604309,-4.856551170349121,-79.13502502441406,-118.78528594970703,-0.03901127725839615,176.4260711669922,-2909.0,-7265.0,-643.0,0,0,0,0,0
27532.562,1.5786548852920532,2.4183523654937744,1.4209283590316772,0.1991463303565979,-0.041555821895599365,-0.00940900668501854,0.705691933631897,-4.714988708496094,-77.56433868408203,-43.812721252441406,-29.918973922729492,-73.19522857666016,2920.0,-8295.0,296.0,0,0,0,0,0
27542.431,1.5807713270187378,2.4177112579345703,1.4205570220947266,0.194570854306221,-0.04821056127548218,-0.010043523274362087,-0.19751541316509247,-4.582620620727539,-77.9952392578125,-106.91924285888672,-20.026077270507812,23.188730239868164,5580.0,-9339.0,528.0,0,0,0,0,0
27552.304,1.5826187133789062,2.417071580886841,1.420284390449524,0.19174617528915405,-0.053844939917325974,-0.007159103639423847,-1.1696505546569824,-4.402799129486084,-79.29842376708984,198.88796997070312,-28.142616271972656,-87.1956558227539,4689.0,-9663.0,-301.0,0,0,0,0,0
27562.199,1.5845063924789429,2.416329860687256,1.4197421073913574,0.19182200729846954,-0.054864704608917236,-0.05345413088798523,0.21560922265052795,-4.302046298980713,-78.71832275390625,35.35765075683594,5.6419243812561035,147.8026123046875,-2443.0,-9282.0,-628.0,0,0,0,0,0
27572.054,1.5864956378936768,2.4155497550964355,1.419012427330017,0.19000934064388275,-0.06042829528450966,-0.038159098476171494,1.142259120941162,-4.335020542144775,-77.07576751708984,38.9600944519043,-1.2856734991073608,-286.6559143066406,-3993.0,-8527.0,687.0,0,0,0,0,0
27581.928,1.588590383529663,2.414677381515503,1.4188666343688965,0.1859653890132904,-0.07138891518115997,0.042842619121074677,1.4447541236877441,-4.289168834686279,-79.01945495605469,95.983642578125,12.603910446166992,-80.28318786621094,-2846.0,-8024.0,66.0,0,0,0,0,0
27591.802,1.5905345678329468,2.4138636589050293,1.4189099073410034,0.18317891657352448,-0.07067412883043289,-0.012363738380372524,2.1468496322631836,-4.441224098205566,-79.36106872558594,59.99152755737305,-9.40400218963623,317.4086608886719,-3706.0,-7228.0,-1408.0,0,0,0,0,0
27601.687,1.5923703908920288,2.4128634929656982,1.4188206195831299,0.17614974081516266,-0.08023248612880707,0.03947506099939346,3.000358819961548,-4.33770227432251,-78.1335220336914,-100.2707290649414,8.183124542236328,19.194229125976562,-2416.0,-7704.0,-1136.0,0,0,0,0,0
27611.565,1.594062328338623,2.411781072616577,1.4187411069869995,0.1695370078086853,-0.08075163513422012,-0.02041805163025856,2.2146739959716797,-4.239619255065918,-77.6761245727539,-72.17578887939453,-20.948944091796875,-73.24366760253906,2543.0,-8319.0,88.0,0,0,0,0,0
27621.432,1.595582365989685,2.4106392860412598,1.4184036254882812,0.16256773471832275,-0.08659043163061142,-0.0074142636731266975,1.2625831365585327,-4.0833611488342285,-78.52912139892578,-66.2848892211914,-15.519749641418457,244.2855987548828,5706.0,-9026.0,45.0,0,0,0,0,0
27631.3,1.5969626903533936,2.4093782901763916,1.4180604219436646,0.15704482793807983,-0.08955028653144836,-0.027958501130342484,0.5395459532737732,-3.9318506717681885,-78.6309585571289,205.70228576660156,-34.543251037597656,11.9668550491333,3294.0,-9173.0,-160.0,0,0,0,0,0
27641.183,1.5986539125442505,2.4082143306732178,1.41752290725708,0.15609891712665558,-0.08993753045797348,-0.0629124790430069,2.378730058670044,-3.7572240829467773,-77.95069885253906,15.47966480255127,-13.453845977783203,109.53485107421875,-3803.0,-9001.0,479.0,0,0,0,0,0
27651.048,1.6002508401870728,2.4068360328674316,1.417103886604309,0.1466633528470993,-0.0999719500541687,0.02323082834482193,2.7400190830230713,-3.5601999759674072,-77.33570861816406,33.7515869140625,2.0160324573516846,-255.06858825683594,-3976.0,-9239.0,1527.0,0,0,0,0,0
27660.935,1.6018496751785278,2.4053244590759277,1.417380928993225,0.13949774205684662,-0.1038060113787651,0.032808754593133926,3.132352352142334,-3.6615233421325684,-79.3244400024414,97.54862976074219,-4.414450168609619,-106.89382934570312,-3316.0,-8347.0,1006.0,0,0,0,0,0
27670.802,1.6033852100372314,2.4038476943969727,1.4176411628723145,0.1323615312576294,-0.10727419704198837,0.03398421034216881,4.038351058959961,-3.5787510871887207,-79.57884216308594,34.06199264526367,-14.473356246948242,314.4560546875,-3998.0,-7630.0,-885.0,0,0,0,0,0
27680.681,1.6045774221420288,2.4024136066436768,1.4180136919021606,0.12244613468647003,-0.11263508349657059,0.055058274418115616,4.267404079437256,-3.26035737991333,-77.57745361328125,-102.9073257446289,-21.240079879760742,-155.3198699951172,-2880.0,-8203.0,-1160.0,0,0,0,0,0
27690.555,1.6056863069534302,2.4010913372039795,1.4182196855545044,0.11516967415809631,-0.11137840151786804,-0.009725616313517094,3.10479998588562,-3.093127727508545,-77.86443328857422,-96.13140106201172,-12.805397033691406,-286.7276916503906,1932.0,-9379.0,122.0,0,0,0,0,0
27700.434,1.6065058708190918,2.3995585441589355,1.4180155992507935,0.10652419924736023,-0.11454217880964279,0.0018437121761962771,2.1369616985321045,-2.980245590209961,-79.71348571777344,5.986424446105957,-8.297816276550293,106.95478820800781,4518.0,-9320.0,-82.0,0,0,0,0,0
27710.294,1.6072031259536743,2.3979623317718506,1.4176807403564453,0.10278086364269257,-0.11298149824142456,-0.05612291395664215,2.7151246070861816,-2.8812777996063232,-78.5584487915039,167.19747924804688,-22.28604507446289,220.34938049316406,713.0,-8816.0,-1116.0,0,0,0,0,0
27720.188,1.608062505722046,2.3962810039520264,1.417160987854004,0.0942998081445694,-0.11707107722759247,-0.020187562331557274,3.9494354724884033,-2.607301950454712,-77.11149597167969,-57.58605194091797,-31.6965389251709,9.474325180053711,-4468.0,-8591.0,-146.0,0,0,0,0,0
27730.043,1.608765721321106,2.3946471214294434,1.4174903631210327,0.08061923086643219,-0.12439574301242828,0.08057219535112381,3.281916856765747,-2.4946184158325195,-78.30452728271484,78.99815368652344,2.70314359664917,-191.798095703125,-2533.0,-9204.0,1399.0,0,0,0,0,0
27739.923,1.6086821556091309,2.394444227218628,1.417445182800293,0.08034328371286392,-0.12493732571601868,0.08039946109056473,3.2823376655578613,-2.5011637210845947,-78.32408905029297,57.06480026245117,-18.98472785949707,147.0502166748047,-2886.0,-8524.0,246.0,0,0,0,0,0
27749.804,1.610123872756958,2.391552448272705,1.4183249473571777,0.06770162284374237,-0.12505914270877838,0.05411551892757416,4.271852493286133,-2.2822022438049316,-78.80413818359375,27.917612075805664,-17.876220703125,288.1920166015625,-3466.0,-7929.0,-1844.0,0,0,0,0,0
27759.676,1.6105657815933228,2.3898816108703613,1.4188196659088135,0.05918647721409798,-0.12633366882801056,0.05256190523505211,4.617595195770264,-2.0301191806793213,-77.86304473876953,-69.8527603149414,-28.23822593688965,-182.875,-3185.0,-9069.0,-1233.0,0,0,0,0,0
27769.54,1.6108424663543701,2.3881845474243164,1.4190701246261597,0.051173217594623566,-0.12508632242679596,0.0002802748931571841,3.3050003051757812,-1.9481571912765503,-78.64737701416016,-164.19989013671875,-9.202384948730469,-281.5738525390625,541.0,-9468.0,-459.0,0,0,0,0,0
27779.414,1.6109788417816162,2.3863329887390137,1.4187201261520386,0.04460100084543228,-0.12346217781305313,-0.050907108932733536,2.7243826389312744,-1.8228027820587158,-79.68866729736328,53.57543182373047,-22.88193702697754,-106.00752258300781,3475.0,-8914.0,-1169.0,0,0,0,0,0
27789.288,1.6107749938964844,2.3861162662506104,1.4187192916870117,0.04392220824956894,-0.12403085827827454,-0.05086871609091759,2.7284467220306396,-1.8277677297592163,-79.69869995117188,85.63789367675781,1.0840624570846558,360.3826904296875,-329.0,-8637.0,-2229.0,0,0,0,0,0
27799.181,1.6108747720718384,2.3842782974243164,1.4180984497070312,0.03696174547076225,-0.12433771789073944,-0.042691972106695175,3.5048916339874268,-1.6333637237548828,-77.38813018798828,-96.25955963134766,-18.583599090576172,7.119045734405518,-4029.0,-8927.0,-204.0,0,0,0,0,0
27809.037,1.6108890771865845,2.3826065063476562,1.418030858039856,0.02532638981938362,-0.12733067572116852,0.033052049577236176,3.656886577606201,-1.4036054611206055,-77.8599853515625,80.92786407470703,4.55478572845459,-270.1831359863281,-1305.0,-9028.0,1143.0,0,0,0,0,0
27818.911,1.6108505725860596,2.3809173107147217,1.4185457229614258,0.01633913442492485,-0.1274014562368393,0.05283902958035469,3.0810799598693848,-1.4741047620773315,-78.24801635742188,-33.45939636230469,-18.006206512451172,113.43499755859375,-2777.0,-8177.0,504.0,0,0,0,0,0
27828.784,1.6108826398849487,2.379438638687134,1.4191116094589233,0.010298285633325577,-0.12672770023345947,0.06618916988372803,3.793121814727783,-1.4468600749969482,-80.13738250732422,-17.289121627807617,-11.879205703735352,-48.354278564453125,-2038.0,-8294.0,-1087.0,0,0,0,0,0
27838.669,1.610683798789978,2.3777549266815186,1.4196916818618774,0.00290405354462564,-0.12663275003433228,0.054238948971033096,3.2182838916778564,-1.0881236791610718,-78.1683120727539,-19.80412483215332,-17.232526779174805,-79.79366302490234,-1620.0,-9471.0,-642.0,0,0,0,0,0
27848.542,1.610420823097229,2.3761138916015625,1.4201449155807495,-0.002956494688987732,-0.1253555566072464,0.046970900148153305,3.4880013465881348,-0.9295022487640381,-78.06770324707031,-179.39512634277344,-8.99023151397705,58.4683723449707,177.0,-9760.0,-303.0,0,0,0,0,0
27858.408,1.609961748123169,2.3744683265686035,1.4202326536178589,-0.009565582498908043,-0.12354631721973419,-0.01071117166429758,2.0159614086151123,-0.7493529319763184,-79.16954803466797,89.80716705322266,-17.0292911529541,-114.4522933959961,2908.0,-9479.0,-799.0,0,0,0,0,0
27868.283,1.609501600265503,2.3728668689727783,1.4197074174880981,-0.011954938992857933,-0.12028546631336212,-0.0863901898264885,1.893700361251831,-0.6416236758232117,-79.64462280273438,-7.96940279006958,10.823233604431152,256.8194580078125,-739.0,-9179.0,-1936.0,0,0,0,0,0
27878.167,1.6090389490127563,2.3713009357452393,1.4188752174377441,-0.016575448215007782,-0.11839763820171356,-0.07133986055850983,2.196563482284546,-0.5014823079109192,-78.29674530029297,-92.2301254272461,-21.15471649169922,-132.019287109375,-2196.0,-8939.0,-1075.0,0,0,0,0,0
27888.03,1.6086782217025757,2.3699326515197754,1.4187504053115845,-0.02478877082467079,-0.11747895926237106,0.050760574638843536,1.9359004497528076,-0.3479047417640686,-78.58964538574219,64.81565856933594,-1.2604079246520996,-239.9526824951172,-772.0,-8982.0,-591.0,0,0,0,0,0
27897.922,1.6081349849700928,2.3684098720550537,1.4191014766693115,-0.028021102771162987,-0.11445876955986023,0.015832731500267982,1.7659465074539185,-0.3688649833202362,-78.55811309814453,-59.68000411987305,-18.017518997192383,180.01612854003906,-2726.0,-8433.0,-980.0,0,0,0,0,0
27907.783,1.607594609260559,2.366973876953125,1.419532060623169,-0.032962024211883545,-0.11256468296051025,0.0654144436120987,2.2026848793029785,-0.2531324326992035,-79.3485107421875,-19.03990936279297,-19.9916934967041,22.130720138549805,-1749.0,-8765.0,-1270.0,0,0,0,0,0
27917.673,1.606993317604065,2.3655686378479004,1.4200540781021118,-0.03700088709592819,-0.11017554253339767,0.04106874018907547,1.6558421850204468,-0.07072822749614716,-78.3991928100586,20.865293502807617,-9.58155632019043,26.487199783325195,-1314.0,-9330.0,-1019.0,0,0,0,0,0
27927.533,1.606393814086914,2.3642163276672363,1.4202824831008911,-0.03928966820240021,-0.10722945630550385,0.01622951589524746,1.7838006019592285,0.06712769716978073,-78.2977066040039,-89.65058898925781,-28.50062370300293,36.85454177856445,-1182.0,-9812.0,-642.0,0,0,0,0,0
27937.402,1.6058343648910522,2.3630049228668213,1.4202224016189575,-0.04193272069096565,-0.10463268309831619,-0.024726705625653267,1.2048344612121582,0.37033265829086304,-79.16773986816406,55.23684310913086,-12.96883773803711,-46.64265823364258,276.0,-10541.0,-1079.0,0,0,0,0,0
27947.291,1.605122447013855,2.361706018447876,1.4194350242614746,-0.04278664290904999,-0.10182075947523117,-0.12062255293130875,1.044476866722107,0.5540866851806641,-78.92223358154297,-32.847999572753906,4.372107028961182,126.50640106201172,-1863.0,-10364.0,-1363.0,0,0,0,0,0
27957.161,1.6044061183929443,2.360459804534912,1.4183251857757568,-0.045451823621988297,-0.09788818657398224,-0.09890204668045044,1.2506422996520996,0.6924755573272705,-78.60970306396484,-43.524227142333984,-16.54396629333496,-18.505895614624023,-1331.0,-9755.0,-947.0,0,0,0,0,0
27967.026,1.6036475896835327,2.3593034744262695,1.4181383848190308,-0.05049484968185425,-0.09247603267431259,0.04464483633637428,0.6049622297286987,0.8200263381004333,-78.39005279541016,24.644161224365234,-15.2135648727417,-46.69050979614258,-806.0,-9646.0,-655.0,0,0,0,0,0
27976.9,1.6028977632522583,2.358213424682617,1.4184253215789795,-0.05087308585643768,-0.08915756642818451,-0.006570663768798113,0.7729911804199219,0.980441689491272,-79.0855941772461,-30.592178344726562,-13.602128028869629,60.959442138671875,-1775.0,-9802.0,-1128.0,0,0,0,0,0
27986.773,1.6022627353668213,2.357262134552002,1.4187144041061401,-0.053292032331228256,-0.08360931277275085,0.05936035141348839,0.6683130264282227,1.0638290643692017,-78.86686706542969,-50.29219055175781,-15.424117088317871,-3.6352648735046387,-1313.0,-9604.0,-1071.0,0,0,0,0,0
27996.666,1.60151207447052,2.3562893867492676,1.4193390607833862,-0.054797302931547165,-0.07965623587369919,0.04501677677035332,0.35536161065101624,1.16787588596344,-78.29405975341797,-17.34339141845703,-12.056506156921387,-33.94602966308594,-59.0,-9587.0,-293.0,0,0,0,0,0
28006.523,1.6007978916168213,2.35539174079895,1.419488549232483,-0.055758919566869736,-0.07621511071920395,9.09770024009049e-05,-0.09890791773796082,1.253145456314087,-77.90087890625,49.2476921081543,-29.186901092529297,-27.10984992980957,-547.0,-9842.0,480.0,0,0,0,0,0
28016.402,1.6000932455062866,2.354537010192871,1.4193705320358276,-0.05533900856971741,-0.07213317602872849,-0.01088553387671709,0.11729453504085541,1.5027673244476318,-78.21287536621094,-29.36358642578125,-7.703232765197754,113.67485046386719,-2246.0,-11065.0,806.0,0,0,0,0,0
28026.271,1.5992614030838013,2.353803873062134,1.4184060096740723,-0.05500103533267975,-0.07109823077917099,-0.13084283471107483,0.13259343802928925,1.80940580368042,-78.04312133789062,-57.97764205932617,-13.7348051071167,-182.14524841308594,-1817.0,-11575.0,1399.0,0,0,0,0,0
28036.155,1.5985944271087646,2.3530893325805664,1.4173829555511475,-0.05574414134025574,-0.06447984278202057,-0.08500202745199203,-0.10035225003957748,1.9923897981643677,-78.11444854736328,12.993728637695312,9.560304641723633,81.31777954101562,802.0,-11119.0,1339.0,0,0,0,0,0
28046.02,1.5977369546890259,2.352112054824829,1.4171040058135986,-0.05580051243305206,-0.05536777898669243,0.019691606983542442,-0.9717796444892883,2.009852886199951,-78.060546875,-9.31085205078125,-25.011741638183594,54.951114654541016,-258.0,-10358.0,881.0,0,0,0,0,0
28055.894,1.5969371795654297,2.351564884185791,1.4172117710113525,-0.05413973703980446,-0.05145307257771492,-0.013181137852370739,-0.4370349645614624,2.2985668182373047,-79.78294372558594,-24.591550827026367,-13.32259464263916,65.37421417236328,-405.0,-10793.0,-270.0,0,0,0,0,0
28065.768,1.5961270332336426,2.3511006832122803,1.417549967765808,-0.05394459515810013,-0.042754463851451874,0.05425800010561943,-1.2644411325454712,2.298295021057129,-77.77649688720703,-57.414947509765625,-22.235416412353516,28.565532684326172,38.0,-10704.0,136.0,0,0,0,0,0
28075.652,1.5954951047897339,2.3507132530212402,1.417986512184143,-0.052459657192230225,-0.03824309632182121,0.03201133385300636,-1.4231191873550415,2.4923794269561768,-77.40629577636719,-62.5124626159668,-10.741486549377441,-129.68994140625,1319.0,-10690.0,1483.0,0,0,0,0,0
28085.516,1.5947861671447754,2.3503899574279785,1.4181537628173828,-0.0521119087934494,-0.03372907266020775,-0.00048592573148198426,-2.1867480278015137,2.4515838623046875,-77.61538696289062,173.7585906982422,-32.44905090332031,-86.35224914550781,148.0,-10425.0,2052.0,0,0,0,0,0
28095.391,1.5941420793533325,2.35013747215271,1.417928695678711,-0.048164017498493195,-0.029895471408963203,-0.04373237118124962,-1.0268609523773193,2.704695463180542,-78.29676818847656,-101.12095642089844,-21.001861572265625,123.3358383178711,-4697.0,-11620.0,1780.0,0,0,0,0,0
28105.266,1.5935068130493164,2.349925994873047,1.417038083076477,-0.04742629826068878,-0.02848573587834835,-0.11921048909425735,-1.0812362432479858,2.9803779125213623,-77.43897247314453,-92.97136688232422,-22.834781646728516,-330.13995361328125,-1408.0,-12518.0,2425.0,0,0,0,0,0
28115.15,1.5928118228912354,2.3498196601867676,1.416236162185669,-0.04506886377930641,-0.016887713223695755,-0.026492875069379807,-1.9481632709503174,3.2157278060913086,-77.89141845703125,25.050861358642578,5.634252548217773,-8.01171588897705,2752.0,-12393.0,2034.0,0,0,0,0,0
28125.024,1.5921103954315186,2.349827766418457,1.4161407947540283,-0.042238809168338776,-0.007973769679665565,0.006552788894623518,-2.511568069458008,3.2179934978485107,-78.5588607788086,-36.89462661743164,-40.724700927734375,109.29910278320312,741.0,-11561.0,653.0,0,0,0,0,0
28134.889,1.591538667678833,2.3498568534851074,1.4163877964019775,-0.03766826167702675,-0.00018054197425954044,0.03215577453374863,-2.040703296661377,3.5331473350524902,-79.54169464111328,-19.39780616760254,-2.4053401947021484,153.81015014648438,914.0,-12398.0,-534.0,0,0,0,0,0
28144.775,1.5908178091049194,2.350059747695923,1.4170633554458618,-0.03465135022997856,0.009969846345484257,0.08033636212348938,-3.061833143234253,3.5069777965545654,-76.99711608886719,-30.12493896484375,-19.628026962280273,-20.316370010375977,1285.0,-12079.0,530.0,0,0,0,0,0
28154.647,1.5902135372161865,2.3503670692443848,1.4176225662231445,-0.03165075182914734,0.01498348917812109,0.05703781172633171,-3.1275594234466553,3.7198235988616943,-77.31312561035156,-9.927159309387207,-9.611371994018555,33.83335876464844,1715.0,-12070.0,1648.0,0,0,0,0,0
28164.511,1.5896823406219482,2.3507187366485596,1.4178736209869385,-0.029747089371085167,0.019295215606689453,0.01909670978784561,-3.5425655841827393,3.729090929031372,-77.8736343383789,214.70240783691406,-23.506118774414062,34.8796272277832,-792.0,-11908.0,1855.0,0,0,0,0,0
28174.389,1.5892724990844727,2.3511691093444824,1.4177404642105103,-0.02431846223771572,0.023314116522669792,-0.024417534470558167,-1.9796379804611206,3.928394079208374,-77.99309539794922,-70.05941772460938,-26.213970184326172,53.269309997558594,-6034.0,-12695.0,1853.0,0,0,0,0,0
28184.27,1.588934063911438,2.35151743888855,1.4170539379119873,-0.0226434413343668,0.023891426622867584,-0.09646939486265182,-1.6725292205810547,4.1352949142456055,-77.08329010009766,-96.12525939941406,-8.429712295532227,-313.9823303222656,-2158.0,-13279.0,2739.0,0,0,0,0,0
28194.151,1.5884829759597778,2.3520638942718506,1.416334629058838,-0.019702889025211334,0.037055470049381256,-0.015314624644815922,-2.5782806873321533,4.2438812255859375,-77.6624984741211,41.16483688354492,1.9334874153137207,-134.21234130859375,2404.0,-12722.0,2396.0,0,0,0,0,0
28204.009,1.587962031364441,2.3527214527130127,1.4160668849945068,-0.01703304424881935,0.04474221542477608,-0.008078581653535366,-2.6594231128692627,4.229366779327393,-78.88973999023438,-23.52932357788086,-26.947982788085938,36.868492126464844,182.0,-12179.0,748.0,0,0,0,0,0
28213.883,1.5874141454696655,2.3534724712371826,1.416102647781372,-0.013161372393369675,0.05454685539007187,0.032167091965675354,-2.145136594772339,4.425463676452637,-78.8392562866211,-40.23120880126953,6.606511116027832,197.2914276123047,252.0,-12954.0,8.0,0,0,0,0,0
28223.756,1.5870616436004639,2.354187250137329,1.416475534439087,-0.011196537874639034,0.06290441006422043,0.05659027025103569,-3.1128852367401123,4.341696262359619,-75.9745101928711,11.092936515808105,-1.9097422361373901,-62.6305046081543,1246.0,-12865.0,1941.0,0,0,0,0,0
28233.651,1.5865881443023682,2.355130195617676,1.416843295097351,-0.008322404697537422,0.06841738522052765,0.045898351818323135,-2.930410861968994,4.581183433532715,-76.91541290283203,-7.080180644989014,6.244652271270752,83.35504913330078,942.0,-13069.0,3018.0,0,0,0,0,0
28243.512,1.5862197875976562,2.3561151027679443,1.4168165922164917,-0.007324168458580971,0.07083805650472641,-0.004964638501405716,-3.0840442180633545,4.54474401473999,-77.82321166992188,200.45518493652344,-0.5468056201934814,74.55138397216797,-1097.0,-12701.0,2775.0,0,0,0,0,0
28253.38,1.5859630107879639,2.3572003841400146,1.4163870811462402,-0.0031666350550949574,0.07428763806819916,-0.046687670052051544,-1.666092038154602,4.564661979675293,-77.61536407470703,10.943357467651367,-8.281399726867676,13.217657089233398,-6625.0,-12707.0,2625.0,0,0,0,0,0
28263.264,1.585540533065796,2.3583624362945557,1.4152082204818726,-0.0017286721849814057,0.07561668753623962,-0.10713892430067062,-0.7475578188896179,4.6275763511657715,-77.01935577392578,-155.97378540039062,26.19247055053711,-60.106719970703125,-3530.0,-12863.0,2817.0,0,0,0,0,0
28273.138,1.5853385925292969,2.3593227863311768,1.4143201112747192,-0.002194000640884042,0.08561379462480545,-0.04752093553543091,-1.9592031240463257,4.5003862380981445,-77.89137268066406,33.301273345947266,20.79868507385254,-251.71340942382812,2429.0,-11807.0,2043.0,0,0,0,0,0
28283.012,1.5849024057388306,2.360541820526123,1.413548231124878,-0.0017880948726087809,0.08948665112257004,-0.07248149812221527,-1.9952141046524048,4.288111686706543,-79.51268768310547,17.157962799072266,2.1430137157440186,224.36941528320312,1186.0,-11051.0,-319.0,0,0,0,0,0
28292.877,1.58441162109375,2.361854314804077,1.413027286529541,0.0005305041559040546,0.10015568137168884,-0.00044110798626206815,-1.7569941282272339,4.1700849533081055,-78.31468963623047,-57.6201057434082,6.798629283905029,275.1708068847656,353.0,-11614.0,-913.0,0,0,0,0,0
28302.752,1.5838613510131836,2.3632547855377197,1.4128992557525635,0.0004640428815037012,0.10464315861463547,0.0008695792639628053,-2.3915114402770996,4.1310200691223145,-76.7326431274414,35.74413299560547,6.547176361083984,-166.26622009277344,1428.0,-12347.0,676.0,0,0,0,0,0
28312.636,1.5834410190582275,2.364718198776245,1.412855625152588,0.0028678998351097107,0.11113453656435013,0.025631658732891083,-2.264294147491455,4.195725440979004,-77.98733520507812,19.246761322021484,24.370128631591797,87.1383056640625,581.0,-12788.0,743.0,0,0,0,0,0
28322.499,1.583272099494934,2.3660266399383545,1.412841558456421,0.004152919631451368,0.11220306903123856,-0.014249231666326523,-2.1836624145507812,4.056227207183838,-78.90220642089844,207.73439025878906,9.715389251708984,82.43226623535156,-1953.0,-12346.0,-183.0,0,0,0,0,0
28332.374,1.5830127000808716,2.3675599098205566,1.412156581878662,0.0072066825814545155,0.11149921268224716,-0.0863785445690155,-0.7725048065185547,3.9588351249694824,-78.52789306640625,59.861289978027344,8.445290565490723,-72.052978515625,-7817.0,-12279.0,-396.0,0,0,0,0,0
28342.252,1.5828440189361572,2.369137763977051,1.4110713005065918,0.007960574701428413,0.11523666977882385,-0.08404289931058884,0.6358957290649414,3.911431312561035,-77.87274932861328,-181.32785034179688,69.35896301269531,103.8527603149414,-4936.0,-12124.0,-194.0,0,0,0,0,0
28352.133,1.5823124647140503,2.370840072631836,1.4099324941635132,0.0030547662172466516,0.1197986975312233,-0.06403107941150665,-0.7839996218681335,3.4751694202423096,-78.05134582519531,36.921142578125,34.17752456665039,-245.1278533935547,1825.0,-9985.0,-59.0,0,0,0,0,0
28361.997,1.5818029642105103,2.372443199157715,1.4091373682022095,0.0020618990529328585,0.12183912843465805,-0.07860186696052551,-0.6053667068481445,3.072866439819336,-80.01667785644531,-21.691736221313477,15.982147216796875,176.36302185058594,1553.0,-9349.0,-1679.0,0,0,0,0,0
28371.871,1.5814926624298096,2.373871326446533,1.4086804389953613,0.0018552043475210667,0.12677939236164093,-0.0012541043106466532,-0.8919792175292969,2.873983860015869,-78.65725708007812,-88.61031341552734,15.404051780700684,119.11971282958984,1252.0,-10623.0,-1826.0,0,0,0,0,0
28381.75,1.5808671712875366,2.3755781650543213,1.4085361957550049,0.0005477340309880674,0.12733614444732666,-0.008983716368675232,-1.479663372039795,2.8216989040374756,-77.55651092529297,5.738358020782471,4.558219909667969,-280.06805419921875,2468.0,-11738.0,-223.0,0,0,0,0,0
28391.645,1.5802714824676514,2.377249240875244,1.4085757732391357,0.0014145284658297896,0.13059671223163605,0.032659534364938736,-1.799677848815918,2.7017064094543457,-77.98896789550781,93.76832580566406,34.03900146484375,-147.81552124023438,292.0,-11987.0,409.0,0,0,0,0,0
28401.495,1.5798416137695312,2.3789641857147217,1.4083306789398193,0.0027148667722940445,0.12820957601070404,-0.05276114493608475,-0.9200376272201538,2.462736129760742,-78.94532012939453,148.96633911132812,8.064533233642578,125.57025909423828,-4580.0,-11115.0,-182.0,0,0,0,0,0
28411.374,1.5795140266418457,2.3806653022766113,1.4076530933380127,0.004354705102741718,0.12835226953029633,-0.06880348175764084,0.5115528702735901,2.2686736583709717,-78.23875427246094,-11.839998245239258,32.77528381347656,-143.75567626953125,-8669.0,-11147.0,-120.0,0,0,0,0,0
28421.242,1.5793958902359009,2.382197618484497,1.4072903394699097,0.0014164731837809086,0.12968003749847412,-0.0036677566822618246,1.5421139001846313,2.069432258605957,-78.3396987915039,-92.70612335205078,87.72240447998047,40.495906829833984,-3919.0,-10509.0,15.0,0,0,0,0,0
28431.128,1.5789029598236084,2.383897066116333,1.406809687614441,-0.003459264524281025,0.1279575228691101,-0.05571362003684044,0.18430019915103912,1.434882640838623,-77.71926879882812,-23.581655502319336,53.894989013671875,-153.87779235839844,902.0,-8035.0,339.0,0,0,0,0,0
28440.992,1.5782397985458374,2.3855764865875244,1.4064406156539917,-0.005932854022830725,0.12762731313705444,-0.010045238770544529,0.2197692096233368,0.8659623861312866,-79.41848754882812,-30.610563278198242,33.24143600463867,106.53678131103516,2297.0,-7451.0,-570.0,0,0,0,0,0
28450.875,1.5774275064468384,2.387207269668579,1.406529188156128,-0.008296065963804722,0.12552617490291595,0.04157381132245064,-0.5027056336402893,0.614673376083374,-78.25409698486328,-81.64402770996094,5.39150333404541,14.895527839660645,2224.0,-8872.0,-502.0,0,0,0,0,0
28460.742,1.5765808820724487,2.3887741565704346,1.40688157081604,-0.009490033611655235,0.12249825894832611,0.050062377005815506,-0.9880414605140686,0.5005138516426086,-77.96591186523438,70.16211700439453,25.579063415527344,42.0469856262207,2721.0,-10598.0,274.0,0,0,0,0,0
28470.632,1.5761570930480957,2.3901500701904297,1.4073790311813354,-0.008396519348025322,0.1193401962518692,0.054326143115758896,-1.2393633127212524,0.305695503950119,-77.60690307617188,140.5145263671875,44.51211929321289,-95.23987579345703,-1836.0,-10831.0,805.0,0,0,0,0,0
28480.489,1.5755820274353027,2.3917148113250732,1.4075618982315063,-0.005821263417601585,0.11703240871429443,-0.007709464058279991,0.27864864468574524,0.03427305072546005,-79.13561248779297,101.06456756591797,5.842294692993164,-7.301891326904297,-6798.0,-10143.0,76.0,0,0,0,0,0
28490.364,1.5751471519470215,2.393280029296875,1.407422423362732,-0.005939160007983446,0.11356489360332489,-0.007083754520863295,1.2913786172866821,-0.09964095801115036,-78.5235595703125,-38.9080696105957,39.773868560791016,19.336463928222656,-7662.0,-10563.0,-516.0,0,0,0,0,0
28500.238,1.5746456384658813,2.3947861194610596,1.407544732093811,-0.009951627813279629,0.10900542140007019,0.05041247978806496,1.5785540342330933,-0.32270750403404236,-78.51617431640625,-70.46975708007812,66.76371002197266,-147.15138244628906,-3556.0,-9797.0,-639.0,0,0,0,0,0
28510.128,1.5739526748657227,2.3961963653564453,1.407487154006958,-0.01309051364660263,0.10667970031499863,-0.034990761429071426,0.9801939129829407,-0.8870416879653931,-79.23065185546875,-100.93378448486328,41.49565887451172,-104.3729248046875,557.0,-7682.0,-1397.0,0,0,0,0,0
28519.985,1.5734493732452393,2.397395133972168,1.4073692560195923,-0.015539213083684444,0.10010635852813721,0.025309478864073753,0.25210145115852356,-1.399044394493103,-79.21979522705078,-85.36131286621094,39.044769287109375,109.76009368896484,3310.0,-7071.0,-2241.0,0,0,0,0,0
28529.861,1.5724704265594482,2.3986318111419678,1.4075909852981567,-0.01782045140862465,0.09414920955896378,0.03378206491470337,-0.665008544921875,-1.7021318674087524,-78.59027862548828,-103.10714721679688,-8.820435523986816,-131.67105102539062,3348.0,-8175.0,-1871.0,0,0,0,0,0
28539.735,1.5715159177780151,2.3998093605041504,1.4080127477645874,-0.01737002283334732,0.08734988421201706,0.05976230278611183,-1.1378487348556519,-1.6949512958526611,-78.41265106201172,81.28019714355469,26.37394905090332,-21.226947784423828,2616.0,-10131.0,-938.0,0,0,0,0,0
28549.629,1.5706919431686401,2.400932550430298,1.4082763195037842,-0.0170579943805933,0.0835144892334938,0.0137398736551404,-0.9714598059654236,-1.9167835712432861,-77.6044921875,84.27964782714844,26.709074020385742,64.10617065429688,-2977.0,-9959.0,140.0,0,0,0,0,0
28559.486,1.5700570344924927,2.4020209312438965,1.408273696899414,-0.01449133362621069,0.07847220450639725,0.012882500886917114,0.37080585956573486,-2.1716244220733643,-78.5909423828125,-8.215028762817383,17.65498161315918,-77.92697143554688,-5924.0,-9400.0,419.0,0,0,0,0,0
28569.367,1.5694960355758667,2.4030628204345703,1.4083791971206665,-0.01485272217541933,0.07174976915121078,0.02660459466278553,0.5382068753242493,-2.292895555496216,-78.73531341552734,81.57994079589844,40.45870590209961,84.32318878173828,-4074.0,-9306.0,24.0,0,0,0,0,0
28579.235,1.5691494941711426,2.4038989543914795,1.4087246656417847,-0.014946184121072292,0.0641465038061142,0.05811256170272827,0.7926173806190491,-2.603795051574707,-78.25847625732422,-118.59313201904297,38.318660736083984,-40.38372039794922,-3444.0,-8643.0,-207.0,0,0,0,0,0
28589.126,1.568459153175354,2.4047718048095703,1.4088594913482666,-0.016816813498735428,0.06070134416222572,-0.0009136698790825903,0.471468448638916,-2.8859195709228516,-79.54544067382812,-91.85958099365234,25.718429565429688,10.79996109008789,1602.0,-7940.0,-884.0,0,0,0,0,0
28598.993,1.5675859451293945,2.4055395126342773,1.408818244934082,-0.01836942695081234,0.05228373408317566,0.02988068200647831,-0.8528712391853333,-3.2253646850585938,-78.4521255493164,-158.36822509765625,1.4055945873260498,70.71211242675781,4900.0,-7823.0,-1050.0,0,0,0,0,0
28608.857,1.5666052103042603,2.406106472015381,1.4088191986083984,-0.019439812749624252,0.04561411216855049,0.013046176172792912,-2.1141653060913086,-3.293452501296997,-78.7590103149414,-37.88401412963867,-26.24329376220703,-107.43060302734375,6285.0,-9022.0,-740.0,0,0,0,0,0
28618.732,1.5660690069198608,2.406597137451172,1.409087061882019,-0.013184398412704468,0.03675141930580139,0.056885261088609695,-2.8482680320739746,-3.2669873237609863,-78.38812255859375,69.80744934082031,28.827638626098633,47.992671966552734,3279.0,-10444.0,-509.0,0,0,0,0,0
28628.616,1.5652862787246704,2.407092571258545,1.4090508222579956,-0.012607600539922714,0.034713394939899445,-0.01994175836443901,-2.4804742336273193,-3.351325511932373,-78.389404296875,65.72411346435547,4.621193885803223,16.685380935668945,-1898.0,-9902.0,-208.0,0,0,0,0,0
28638.48,1.564760446548462,2.4075498580932617,1.408930778503418,-0.005888185929507017,0.026949921622872353,0.02130873128771782,-1.7102196216583252,-3.517319679260254,-78.48792266845703,-3.2472758293151855,25.75519561767578,-125.99824523925781,-4113.0,-9228.0,-60.0,0,0,0,0,0
28648.355,1.5644259452819824,2.4079642295837402,1.4089807271957397,-0.0021523672621697187,0.02095549926161766,0.024717628955841064,-1.580055594444275,-3.702408790588379,-78.90997314453125,84.16311645507812,33.05012512207031,95.62129211425781,-2537.0,-8155.0,-544.0,0,0,0,0,0
28658.239,1.5641463994979858,2.4082448482513428,1.4090478420257568,0.002150203101336956,0.013598639518022537,0.05009732022881508,-1.3807122707366943,-4.1117119789123535,-78.56329345703125,-56.844520568847656,9.494976997375488,55.4246826171875,-3244.0,-7207.0,-896.0,0,0,0,0,0
28668.113,1.5639902353286743,2.408409357070923,1.409260869026184,0.004341523163020611,0.009429450146853924,0.01138033252209425,-1.0745705366134644,-4.2135844230651855,-79.0804214477539,-117.02954864501953,21.384431838989258,235.9798583984375,740.0,-7702.0,-884.0,0,0,0,0,0
28677.978,1.5635446310043335,2.4085161685943604,1.409040093421936,0.005507221445441246,0.00211699353531003,0.016819356009364128,-2.510136365890503,-4.476897239685059,-76.92826080322266,-113.18148803710938,-10.11361026763916,-109.27340698242188,4845.0,-7898.0,809.0,0,0,0,0,0
28687.852,1.5630362033843994,2.408512592315674,1.4088371992111206,0.00813880655914545,-0.004215925931930542,0.006223510019481182,-3.5270543098449707,-4.413426399230957,-78.09664916992188,-33.2030029296875,-10.938532829284668,-75.62504577636719,6218.0,-8873.0,1700.0,0,0,0,0,0
28697.727,1.5625929832458496,2.4083797931671143,1.408781886100769,0.017248502001166344,-0.013171223923563957,0.050651486963033676,-4.28557014465332,-4.467644214630127,-77.91614532470703,64.70812225341797,18.176971435546875,71.41835021972656,3922.0,-9423.0,1808.0,0,0,0,0,0
28707.611,1.5623635053634644,2.4082183837890625,1.4085203409194946,0.01815175637602806,-0.013906674459576607,-0.027689669281244278,-4.037692546844482,-4.489271640777588,-77.92859649658203,101.92428588867188,6.871249675750732,-50.12293243408203,-903.0,-8825.0,2008.0,0,0,0,0,0
28717.477,1.5624668598175049,2.408036470413208,1.408216953277588,0.028749769553542137,-0.02109021320939064,0.005707788281142712,-3.09652042388916,-4.690983772277832,-77.8082504272461,8.506270408630371,18.58582305908203,-140.45896911621094,-4063.0,-8053.0,2136.0,0,0,0,0,0
28727.349,1.5626648664474487,2.407783269882202,1.4079368114471436,0.035577915608882904,-0.02723558247089386,0.013789059594273567,-2.6872265338897705,-4.819094657897949,-78.0796890258789,77.00511932373047,30.7120418548584,120.94860076904297,-2561.0,-7223.0,1544.0,0,0,0,0,0
28737.224,1.5629777908325195,2.407457113265991,1.4077211618423462,0.04185277596116066,-0.033856987953186035,0.029034605249762535,-2.627598762512207,-5.1497111320495605,-78.5616683959961,-1.2188223600387573,-3.7371907234191895,29.661184310913086,-3256.0,-6621.0,598.0,0,0,0,0,0
28747.108,1.5632894039154053,2.4070770740509033,1.4074630737304688,0.04569840058684349,-0.03755846992135048,-0.0034621998202055693,-1.995341420173645,-5.127983570098877,-78.82232666015625,-122.367919921875,3.3827459812164307,258.9728698730469,-204.0,-7789.0,-148.0,0,0,0,0,0
28756.969,1.5634324550628662,2.4065968990325928,1.4069783687591553,0.048143479973077774,-0.04434127360582352,-0.002003515139222145,-3.2870490550994873,-5.198706150054932,-76.88529205322266,-77.18763732910156,-23.490074157714844,-297.446533203125,4138.0,-8494.0,1118.0,0,0,0,0,0
28766.843,1.5638048648834229,2.4060323238372803,1.4067109823226929,0.053024232387542725,-0.05017472803592682,-0.013099610805511475,-4.130148410797119,-4.946218013763428,-78.22357940673828,-45.4696044921875,-17.439250946044922,-83.10111999511719,5941.0,-9726.0,1225.0,0,0,0,0,0
28776.732,1.5640274286270142,2.405366897583008,1.4062687158584595,0.06342809647321701,-0.05819793790578842,0.029617387801408768,-4.885757923126221,-4.8189287185668945,-78.0064926147461,62.337894439697266,0.27151504158973694,15.932785034179688,4241.0,-10301.0,951.0,0,0,0,0,0
28786.602,1.5644134283065796,2.404649257659912,1.4056744575500488,0.06379310041666031,-0.05701950564980507,-0.055881109088659286,-4.429561138153076,-4.705333232879639,-77.9830322265625,105.70853424072266,4.668468475341797,-8.549948692321777,-346.0,-9313.0,961.0,0,0,0,0,0
28796.467,1.5650392770767212,2.4039201736450195,1.4047833681106567,0.07359400391578674,-0.06193489581346512,-0.03437644615769386,-3.4508094787597656,-4.901689052581787,-77.76838684082031,28.018648147583008,11.946734428405762,-125.66608428955078,-4168.0,-7661.0,1154.0,0,0,0,0,0
28806.348,1.565992832183838,2.4030661582946777,1.4041074514389038,0.08247219771146774,-0.06824052333831787,-0.008778480812907219,-2.9667797088623047,-5.061903953552246,-78.46605682373047,39.803245544433594,37.15827560424805,93.58463287353516,-2715.0,-6468.0,748.0,0,0,0,0,0
28816.224,1.5670808553695679,2.4021975994110107,1.4036883115768433,0.08900811523199081,-0.07285254448652267,-0.0042558093555271626,-2.35187029838562,-5.407249927520752,-77.93402099609375,70.08582305908203,-0.9379664659500122,-1.891558289527893,-3301.0,-5638.0,494.0,0,0,0,0,0
28826.108,1.568176031112671,2.4011971950531006,1.4030548334121704,0.09253281354904175,-0.07667481154203415,-0.028523925691843033,-2.0496745109558105,-5.324408531188965,-77.45545959472656,-155.62808227539062,2.623978853225708,238.3493194580078,-1353.0,-6738.0,988.0,0,0,0,0,0
28835.964,1.5690866708755493,2.4000539779663086,1.4022294282913208,0.09540857374668121,-0.08282158523797989,-0.025115367025136948,-3.134441614151001,-5.339935302734375,-76.23274230957031,-52.213584899902344,-33.046085357666016,-243.56210327148438,3549.0,-7889.0,2705.0,0,0,0,0,0
28845.838,1.56996488571167,2.3988475799560547,1.4014384746551514,0.09959383308887482,-0.08795206248760223,-0.028803862631320953,-4.085484027862549,-5.05079984664917,-77.45669555664062,-73.27175903320312,2.682403087615967,-165.32679748535156,5436.0,-8547.0,4000.0,0,0,0,0,0
28855.712,1.5698277950286865,2.3986427783966064,1.4011977910995483,0.09914768487215042,-0.0885213315486908,-0.02988051436841488,-4.083564281463623,-5.061875343322754,-77.4638442993164,79.67533111572266,-11.125423431396484,-135.179931640625,4188.0,-9024.0,3683.0,0,0,0,0,0
28865.596,1.5706857442855835,2.3974602222442627,1.4004778861999512,0.10516049712896347,-0.09224282950162888,-0.029944313690066338,-4.0074310302734375,-4.958559036254883,-77.64579772949219,95.20928955078125,-0.6325990557670593,39.60557556152344,-480.0,-8428.0,3077.0,0,0,0,0,0
28875.463,1.572914481163025,2.3953049182891846,1.3990622758865356,0.11680581420660019,-0.0983225405216217,-0.02435605227947235,-2.000080108642578,-5.009793758392334,-77.87223052978516,16.271240234375,-4.693842887878418,-149.54714965820312,-4201.0,-7376.0,2717.0,0,0,0,0,0
28885.335,1.5742963552474976,2.394045114517212,1.398566484451294,0.12137547880411148,-0.10408645868301392,0.0046453652903437614,-2.220848798751831,-5.1183977127075195,-78.43241882324219,72.23082733154297,20.85441780090332,9.060104370117188,-2751.0,-6872.0,1584.0,0,0,0,0,0
28895.21,1.5757033824920654,2.392693042755127,1.3980817794799805,0.1252726912498474,-0.1065564826130867,-0.008336176164448261,-0.9142078757286072,-5.16368293762207,-78.69403839111328,71.82136535644531,-7.962038993835449,15.76182746887207,-3182.0,-6318.0,208.0,0,0,0,0,0
28905.094,1.57721745967865,2.3912153244018555,1.3974864482879639,0.12509965896606445,-0.11013868451118469,-0.025771914049983025,-1.5310955047607422,-4.973757743835449,-77.64234924316406,-134.83326721191406,-9.545036315917969,262.8136291503906,-1684.0,-7097.0,-626.0,0,0,0,0,0
28914.958,1.577144742012024,2.3910343647003174,1.397260069847107,0.12488075345754623,-0.11060601472854614,-0.026796802878379822,-1.5314661264419556,-4.983056545257568,-77.63658905029297,-57.797767639160156,-38.68699264526367,-272.1966552734375,3625.0,-8333.0,296.0,0,0,0,0,0
28924.832,1.5782511234283447,2.389589786529541,1.3966177701950073,0.1256716251373291,-0.11504246294498444,-0.0215379036962986,-2.3590965270996094,-4.709364414215088,-78.000732421875,-19.1618709564209,-34.88035583496094,70.329345703125,5652.0,-9380.0,-224.0,0,0,0,0,0
28934.707,1.5793312788009644,2.388023853302002,1.396063208580017,0.128734290599823,-0.11989956349134445,-0.00029456292395479977,-3.247532606124878,-4.394491195678711,-79.19144439697266,110.79254913330078,-19.536144256591797,79.13607788085938,2904.0,-9935.0,-1341.0,0,0,0,0,0
28944.591,1.5806137323379517,2.3864879608154297,1.3954435586929321,0.130562886595726,-0.11882719397544861,-0.05302651226520538,-2.397280693054199,-4.099528789520264,-78.92899322509766,78.33683776855469,-21.98512077331543,-76.34215545654297,-2003.0,-9362.0,-1513.0,0,0,0,0,0
28954.456,1.581986904144287,2.3851118087768555,1.3948665857315063,0.13443778455257416,-0.12066034972667694,-0.03614379093050957,-1.459963083267212,-4.184549808502197,-77.05694580078125,-44.195499420166016,-8.371057510375977,-297.14056396484375,-4036.0,-7834.0,-133.0,0,0,0,0,0
28964.333,1.583702564239502,2.383380889892578,1.3945856094360352,0.13887105882167816,-0.1276179850101471,0.04069586098194122,-0.8991461396217346,-4.020905017852783,-78.71319580078125,120.6828842163086,8.483426094055176,-271.29986572265625,-1986.0,-7213.0,-644.0,0,0,0,0,0
28974.204,1.58543062210083,2.381582260131836,1.394486665725708,0.13874264061450958,-0.12696541845798492,0.010766182094812393,-0.5502001047134399,-4.194452285766602,-79.11679077148438,-38.21782684326172,-25.607168197631836,121.20317840576172,-3723.0,-6331.0,-1579.0,0,0,0,0,0
28984.088,1.5869319438934326,2.3798937797546387,1.394358515739441,0.13914090394973755,-0.1304369568824768,0.02793028950691223,0.3519122898578644,-4.052881240844727,-78.06346130371094,-134.2177276611328,1.9243718385696411,19.38311004638672,-329.0,-7525.0,-524.0,0,0,0,0,0
28993.953,1.588171124458313,2.378162145614624,1.3941315412521362,0.1345168948173523,-0.13140356540679932,-0.0012849093182012439,-0.9213898777961731,-3.8994922637939453,-76.68444061279297,-80.43280792236328,-32.78924560546875,-227.36550903320312,4798.0,-8375.0,1324.0,0,0,0,0,0
29003.827,1.5893266201019287,2.376364231109619,1.3939294815063477,0.13355949521064758,-0.133883997797966,0.004881087690591812,-1.792740821838379,-3.5153324604034424,-78.16155242919922,71.1646728515625,-21.425649642944336,287.2178649902344,6427.0,-9550.0,1355.0,0,0,0,0,0
29013.702,1.5905859470367432,2.3747658729553223,1.3938807249069214,0.13462214171886444,-0.13473348319530487,0.015107878483831882,-2.1655263900756836,-3.268547773361206,-77.72111511230469,99.91126251220703,-1.4611749649047852,258.49267578125,1518.0,-9824.0,1505.0,0,0,0,0,0
29023.596,1.5919058322906494,2.372995138168335,1.393448829650879,0.13559281826019287,-0.13183286786079407,-0.04223993048071861,-0.9550355076789856,-3.042745590209961,-77.52276611328125,93.35478973388672,-26.087507247924805,-131.46530151367188,-2889.0,-9044.0,2438.0,0,0,0,0,0
29033.45,1.5935401916503906,2.3710978031158447,1.3931384086608887,0.13719815015792847,-0.13526296615600586,0.036576155573129654,-0.25891363620758057,-2.926440715789795,-77.59188842773438,-25.836856842041016,3.6716182231903076,-45.28557205200195,-3200.0,-8484.0,2220.0,0,0,0,0,0
29043.324,1.5952162742614746,2.3691442012786865,1.3933897018432617,0.1361752599477768,-0.13576114177703857,0.05017291381955147,-0.345422625541687,-2.83058500289917,-79.05685424804688,151.79173278808594,-3.841235399246216,-58.06195068359375,-1808.0,-7613.0,548.0,0,0,0,0,0
29053.198,1.5968058109283447,2.3674046993255615,1.3939130306243896,0.1355879157781601,-0.13507962226867676,0.059236008673906326,0.9072557687759399,-2.792170763015747,-79.19192504882812,-105.54324340820312,-44.102882385253906,107.82723999023438,-3319.0,-7413.0,-995.0,0,0,0,0,0
29063.083,1.5983469486236572,2.3654937744140625,1.3942294120788574,0.13091014325618744,-0.13436660170555115,0.02530619502067566,0.06985429674386978,-2.4852967262268066,-77.52008056640625,-107.69646453857422,-46.63987350463867,-124.53722381591797,1748.0,-8419.0,-649.0,0,0,0,0,0
29072.947,1.5996301174163818,2.3635506629943848,1.3942797183990479,0.12710098922252655,-0.13402479887008667,0.019104033708572388,-1.101279616355896,-2.097209930419922,-78.52164459228516,-123.6321792602539,-31.522214889526367,-353.7929382324219,5624.0,-9523.0,-195.0,0,0,0,0,0
29082.821,1.6008434295654297,2.3615782260894775,1.3942716121673584,0.12555915117263794,-0.13274827599525452,0.018096692860126495,-1.9650944471359253,-1.7704461812973022,-79.03765106201172,150.94053649902344,-30.582294464111328,61.42375564575195,6166.0,-10176.0,-1255.0,0,0,0,0,0
29092.695,1.6020967960357666,2.359649658203125,1.3939528465270996,0.12653379142284393,-0.1289585381746292,-0.03810925781726837,-0.506616473197937,-1.4746030569076538,-77.95691680908203,39.35725402832031,1.9213132858276367,307.2515869140625,23.0,-9919.0,-1466.0,0,0,0,0,0
29102.58,1.6034945249557495,2.3577656745910645,1.3937225341796875,0.1255674660205841,-0.12807711958885193,0.04027055203914642,-0.057941026985645294,-1.298020362854004,-77.2114486694336,68.53850555419922,-30.955230712890625,-347.3356018066406,-2992.0,-9384.0,240.0,0,0,0,0,0
29112.443,1.6035548448562622,2.3575704097747803,1.3936707973480225,0.1257932037115097,-0.12857672572135925,0.04005736485123634,-0.061453841626644135,-1.3054139614105225,-77.21820068359375,49.873077392578125,4.0776777267456055,39.474945068359375,-2475.0,-8827.0,898.0,0,0,0,0,0
29122.324,1.6050941944122314,2.3557207584381104,1.3940552473068237,0.12413205951452255,-0.12601083517074585,0.05641245096921921,0.1532547026872635,-1.248246192932129,-79.27625274658203,105.230712890625,-21.169891357421875,237.40811157226562,-2558.0,-7846.0,-526.0,0,0,0,0,0
29132.193,1.6064188480377197,2.3540899753570557,1.3944605588912964,0.12261652946472168,-0.12327259033918381,0.050177447497844696,1.0815657377243042,-1.1756340265274048,-79.33467102050781,-93.07878875732422,-33.278865814208984,142.45025634765625,-2602.0,-8096.0,-1016.0,0,0,0,0,0
29142.08,1.6075396537780762,2.3524365425109863,1.394858479499817,0.11799795180559158,-0.12204761058092117,0.053605470806360245,0.9002609252929688,-0.8254244923591614,-77.19279479980469,-85.58960723876953,-36.328365325927734,20.38048553466797,2187.0,-9381.0,691.0,0,0,0,0,0
29151.946,1.6085997819900513,2.3509981632232666,1.3951786756515503,0.11256256699562073,-0.11898275464773178,0.013684707693755627,-0.2402796596288681,-0.6040959358215332,-77.55113983154297,-130.50758361816406,-39.41626739501953,-16.18065071105957,5654.0,-9945.0,1144.0,0,0,0,0,0
29161.821,1.6094967126846313,2.349348545074463,1.3953691720962524,0.10990174859762192,-0.11643928289413452,0.035404056310653687,-1.2199071645736694,-0.25237905979156494,-79.9073715209961,173.88754272460938,-29.38591194152832,97.4264907836914,5643.0,-10278.0,-484.0,0,0,0,0,0
29171.703,1.6105828285217285,2.3476178646087646,1.395447850227356,0.1088450476527214,-0.11240986734628677,-0.002881519263610244,-0.7967207431793213,-0.07198192924261093,-77.79235076904297,37.37297821044922,-7.140810012817383,136.50390625,-1327.0,-9827.0,271.0,0,0,0,0,0
29181.574,1.611739158630371,2.3459930419921875,1.3953027725219727,0.10815584659576416,-0.10771432518959045,-0.013694724068045616,0.21817438304424286,0.0750461220741272,-76.62930297851562,51.05524444580078,-23.359180450439453,-405.1614074707031,-3444.0,-9278.0,2228.0,0,0,0,0,0
29191.439,1.6130269765853882,2.3444278240203857,1.3957545757293701,0.10471200942993164,-0.10318361967802048,0.09176081418991089,0.6318144202232361,0.31307733058929443,-79.10552215576172,63.61253356933594,0.654790997505188,80.32872009277344,-2740.0,-9261.0,1136.0,0,0,0,0,0
29201.312,1.6142808198928833,2.3431193828582764,1.3964325189590454,0.10269556939601898,-0.09803657233715057,0.038373321294784546,1.1611814498901367,0.307727575302124,-79.44303131103516,82.92252349853516,-18.547664642333984,317.7851257324219,-3123.0,-8579.0,-804.0,0,0,0,0,0
29211.194,1.6153995990753174,2.3418025970458984,1.3970586061477661,0.09763939678668976,-0.09448428452014923,0.08544716238975525,1.746585488319397,0.5524879693984985,-77.77369689941406,-73.71648406982422,-16.14885711669922,88.53734588623047,-2803.0,-9109.0,-699.0,0,0,0,0,0
29221.081,1.616294026374817,2.340534210205078,1.3974777460098267,0.09277255088090897,-0.09178263694047928,0.018390851095318794,0.9805560111999512,0.7586308121681213,-77.58158874511719,-90.85400390625,-27.333412170410156,32.44462203979492,1642.0,-9644.0,457.0,0,0,0,0,0
29230.936,1.6170130968093872,2.3392677307128906,1.397620439529419,0.0875445082783699,-0.08823835104703903,0.011418643407523632,-0.0008277393644675612,1.01877760887146,-78.6282730102539,-108.88642120361328,-25.0226993560791,78.04753112792969,5408.0,-10396.0,183.0,0,0,0,0,0
29240.814,1.6176470518112183,2.338016986846924,1.3976761102676392,0.0836765468120575,-0.08436881750822067,-0.0066629028879106045,-0.8884205222129822,1.2019877433776855,-78.96914672851562,185.9451904296875,-22.44034194946289,118.80802917480469,4925.0,-10202.0,-609.0,0,0,0,0,0
29250.694,1.618431568145752,2.3370134830474854,1.3974552154541016,0.0839872807264328,-0.07932395488023758,-0.036259304732084274,0.4173837900161743,1.332720398902893,-77.87883758544922,28.99298095703125,-8.24624252319336,148.6861114501953,-2108.0,-9730.0,-120.0,0,0,0,0,0
29260.576,1.619195580482483,2.335949182510376,1.3971360921859741,0.08048353344202042,-0.0739452987909317,-0.013170398771762848,0.8185411095619202,1.3932832479476929,-76.69723510742188,13.050082206726074,-10.104218482971191,-337.25164794921875,-3190.0,-9323.0,1367.0,0,0,0,0,0
29270.445,1.620007872581482,2.3349313735961914,1.3974463939666748,0.0754486694931984,-0.06753724813461304,0.06940537691116333,0.961674690246582,1.4770710468292236,-79.17911529541016,82.49887084960938,-0.09931588172912598,-107.58685302734375,-2154.0,-9049.0,1009.0,0,0,0,0,0
29280.307,1.620909333229065,2.334007740020752,1.3977700471878052,0.07477259635925293,-0.06383514404296875,0.009282979182898998,1.6563318967819214,1.4651086330413818,-79.7321548461914,29.709598541259766,-6.173555850982666,298.0301818847656,-3079.0,-8780.0,-1069.0,0,0,0,0,0
29290.182,1.6216944456100464,2.333148241043091,1.3982305526733398,0.06812696158885956,-0.0586688257753849,0.06631118804216385,1.972504734992981,1.6518125534057617,-77.67555236816406,-38.62324142456055,-9.131455421447754,-16.429414749145508,-2755.0,-9295.0,-871.0,0,0,0,0,0
29300.065,1.6223622560501099,2.332446336746216,1.3986356258392334,0.06436151266098022,-0.05604865029454231,0.006989363580942154,1.5510286092758179,1.8513085842132568,-77.90049743652344,-124.09862518310547,-7.436463832855225,67.50057220458984,925.0,-10156.0,297.0,0,0,0,0,0
29309.93,1.6228528022766113,2.331639051437378,1.3987116813659668,0.05860624834895134,-0.051969632506370544,0.003923655953258276,0.38593459129333496,1.9853371381759644,-78.7930908203125,-74.87930297851562,-25.670772552490234,36.18672180175781,5123.0,-10386.0,-14.0,0,0,0,0,0
29319.804,1.623217225074768,2.3308584690093994,1.3985644578933716,0.05500783398747444,-0.04871213808655739,-0.02798895165324211,-0.29899296164512634,2.1742804050445557,-79.1344985961914,160.50413513183594,-2.4979774951934814,181.5626220703125,4418.0,-10302.0,-1028.0,0,0,0,0,0
29329.679,1.6236603260040283,2.3301632404327393,1.398254632949829,0.054317787289619446,-0.04352252930402756,-0.03735431656241417,0.8540154695510864,2.2011804580688477,-77.72733306884766,49.01217269897461,1.412145972251892,161.63162231445312,-2555.0,-9693.0,-550.0,0,0,0,0,0
29339.563,1.624155879020691,2.3295795917510986,1.3979257345199585,0.05025145784020424,-0.03759697824716568,-0.00907181017100811,1.3431999683380127,2.2095789909362793,-76.88452911376953,-35.56926345825195,4.966272830963135,-226.7159423828125,-3344.0,-9190.0,1232.0,0,0,0,0,0
29349.426,1.6246505975723267,2.329129457473755,1.3983266353607178,0.04377949982881546,-0.029894817620515823,0.07842164486646652,1.124618649482727,2.1424479484558105,-78.72936248779297,103.1837158203125,15.1846284866333,-233.84776306152344,-1724.0,-8526.0,1204.0,0,0,0,0,0
29359.309,1.6251047849655151,2.3287229537963867,1.3988276720046997,0.04306667670607567,-0.026351425796747208,0.028444381430745125,2.0255794525146484,1.9911372661590576,-79.76067352294922,2.501549482345581,7.640937805175781,158.91656494140625,-3354.0,-7924.0,-793.0,0,0,0,0,0
29369.176,1.6255759000778198,2.3283255100250244,1.3993957042694092,0.036255188286304474,-0.021383777260780334,0.07855776697397232,2.154076337814331,2.0162153244018555,-77.90426635742188,-3.289196491241455,-3.197653293609619,-40.260643005371094,-3116.0,-8171.0,-963.0,0,0,0,0,0
29379.06,1.6259161233901978,2.327996253967285,1.3999968767166138,0.0326499380171299,-0.019032400101423264,0.04355904087424278,2.092662811279297,2.105316638946533,-77.75627136230469,-142.243896484375,16.973215103149414,46.73470687866211,-241.0,-9167.0,108.0,0,0,0,0,0
29388.927,1.6260757446289062,2.327664613723755,1.4002723693847656,0.026982348412275314,-0.01671936735510826,0.01141416933387518,0.7985117435455322,2.03912615776062,-78.2603988647461,-17.490692138671875,-8.031067848205566,13.577098846435547,4392.0,-9102.0,221.0,0,0,0,0,0
29398.798,1.6262493133544922,2.327418565750122,1.400185227394104,0.024482177570462227,-0.014400011859834194,-0.027407074347138405,0.4430018961429596,2.081873893737793,-79.30964660644531,117.25785827636719,15.024566650390625,199.0177001953125,3006.0,-9015.0,-832.0,0,0,0,0,0
29408.685,1.6263350248336792,2.327176570892334,1.3998762369155884,0.022691460326313972,-0.010220753028988838,-0.023691952228546143,1.3772274255752563,1.9901193380355835,-77.66722106933594,40.979026794433594,-3.5435256958007812,-20.69632339477539,-2768.0,-8683.0,-881.0,0,0,0,0,0
29418.563,1.6265348196029663,2.327033042907715,1.3997052907943726,0.018173089250922203,-0.005989723838865757,0.01283805351704359,1.7899874448776245,2.027987480163574,-77.21128845214844,-76.03157806396484,14.00380802154541,-136.10842895507812,-2972.0,-8799.0,727.0,0,0,0,0,0
29428.422,1.6266995668411255,2.3269126415252686,1.4000648260116577,0.011948169209063053,-0.0010917000472545624,0.07794929295778275,1.3030204772949219,1.8934003114700317,-78.22811889648438,99.28730773925781,17.367765426635742,-243.19825744628906,-1385.0,-8250.0,980.0,0,0,0,0,0
29438.296,1.626931071281433,2.326871156692505,1.4005740880966187,0.011296618729829788,0.001742508844472468,0.049050237983465195,2.248445987701416,1.6409976482391357,-80.13562774658203,-38.37485122680664,-1.7393367290496826,193.0259552001953,-2897.0,-7482.0,-880.0,0,0,0,0,0
29448.169,1.6270484924316406,2.3268797397613525,1.4010827541351318,0.006280737463384867,0.0039802794344723225,0.06094040721654892,2.0478014945983887,1.6941719055175781,-78.52582550048828,59.0955924987793,-1.629546046257019,74.38339233398438,-2248.0,-8074.0,-1674.0,0,0,0,0,0
29458.055,1.6270776987075806,2.3268942832946777,1.4016156196594238,0.003020099364221096,0.005785368382930756,0.04966336116194725,2.42514967918396,1.729565143585205,-78.26277923583984,-165.36695861816406,1.1211762428283691,88.93704986572266,-1443.0,-9028.0,-1283.0,0,0,0,0,0
29467.931,1.6269928216934204,2.3269031047821045,1.4017342329025269,-0.0018745043780654669,0.006165832281112671,0.0018759346567094326,1.0180696249008179,1.7141814231872559,-78.6477279663086,-34.552059173583984,-12.087646484375,66.17842864990234,3962.0,-9244.0,-1179.0,0,0,0,0,0
29477.793,1.6267976760864258,2.3269145488739014,1.4013326168060303,-0.004183936398476362,0.006662920117378235,-0.0492311529815197,0.4603134095668793,1.7782490253448486,-79.15229034423828,48.73960876464844,10.81942081451416,115.49198150634766,3100.0,-9448.0,-1791.0,0,0,0,0,0
29487.667,1.6266313791275024,2.32696270942688,1.400516152381897,-0.004866864066570997,0.008849550038576126,-0.0691526010632515,0.9960477352142334,1.6903774738311768,-78.39754486083984,81.33871459960938,-20.08163070678711,-20.954803466796875,-1479.0,-8928.0,-1517.0,0,0,0,0,0
29497.561,1.6265398263931274,2.327082872390747,1.400126576423645,-0.008824559859931469,0.012642160058021545,0.00232952693477273,1.4532021284103394,1.7830934524536133,-78.20194244384766,-135.45156860351562,22.17934226989746,153.56321716308594,-2547.0,-9337.0,-584.0,0,0,0,0,0
29507.416,1.6263854503631592,2.32720947265625,1.4000699520111084,-0.012942605651915073,0.015478594228625298,0.03326094523072243,0.44702064990997314,1.618017315864563,-77.41871643066406,135.19190979003906,13.351340293884277,-315.3326416015625,-121.0,-8716.0,311.0,0,0,0,0,0
29517.291,1.6263350248336792,2.3274033069610596,1.4002470970153809,-0.012952188961207867,0.017997877672314644,0.035919833928346634,1.4386814832687378,1.4255390167236328,-79.9947738647461,-74.12894439697266,9.120570182800293,208.94081115722656,-1760.0,-7899.0,-164.0,0,0,0,0,0
29527.164,1.6262251138687134,2.327605724334717,1.4004595279693604,-0.015723280608654022,0.019303828477859497,0.03747740015387535,0.9199863076210022,1.3953382968902588,-78.72054290771484,56.38188934326172,10.685661315917969,62.558475494384766,-632.0,-7929.0,-1215.0,0,0,0,0,0
29537.056,1.6260604858398438,2.3278274536132812,1.4005084037780762,-0.016630426049232483,0.02052571438252926,0.02273041568696499,1.2719172239303589,1.3294086456298828,-78.28895568847656,-113.52792358398438,-6.598909378051758,-27.086484909057617,-1367.0,-8341.0,-870.0,0,0,0,0,0
29546.912,1.625875473022461,2.3280560970306396,1.4004368782043457,-0.019054336473345757,0.020422542467713356,-0.016347279772162437,0.34576815366744995,1.3649373054504395,-78.55801391601562,-110.53803253173828,10.145489692687988,133.11285400390625,3134.0,-8989.0,-611.0,0,0,0,0,0
29556.797,1.6255604028701782,2.3282439708709717,1.399715542793274,-0.021309979259967804,0.019778775051236153,-0.08402608335018158,-0.7773041129112244,1.3320494890213013,-78.57960510253906,79.2374496459961,2.6234216690063477,-130.7399444580078,3720.0,-9239.0,-776.0,0,0,0,0,0
29566.662,1.6252663135528564,2.328465223312378,1.3983979225158691,-0.019501561298966408,0.020621351897716522,-0.12069445103406906,-0.09084400534629822,1.3334511518478394,-79.42717742919922,67.2641372680664,6.906850337982178,152.12518310546875,-323.0,-9043.0,-1327.0,0,0,0,0,0
29576.546,1.6250208616256714,2.328742265701294,1.3974156379699707,-0.019963756203651428,0.02416859194636345,-0.024640321731567383,0.27346551418304443,1.324406385421753,-78.14283752441406,-107.62114715576172,9.478087425231934,182.09901428222656,-1860.0,-9290.0,-1146.0,0,0,0,0,0
29586.41,1.6247944831848145,2.329047918319702,1.3970615863800049,-0.02079528011381626,0.025917597115039825,0.001870586653240025,-0.4824797213077545,1.2896995544433594,-77.52554321289062,128.73565673828125,5.4602131843566895,-370.0863037109375,137.0,-8975.0,77.0,0,0,0,0,0
29596.293,1.6246404647827148,2.3293681144714355,1.397086501121521,-0.01936797983944416,0.028011644259095192,0.02716897241771221,0.4149826765060425,1.2022770643234253,-79.86321258544922,-71.41730499267578,6.09830904006958,101.45236206054688,-2118.0,-8620.0,-763.0,0,0,0,0,0
29606.16,1.6245232820510864,2.32973575592041,1.397240161895752,-0.019974729046225548,0.029123924672603607,0.03534778207540512,-0.06879889965057373,1.1556223630905151,-79.0754623413086,41.19905471801758,1.0385719537734985,-65.71990966796875,-843.0,-8680.0,-2132.0,0,0,0,0,0
29616.054,1.6243712902069092,2.3301126956939697,1.397212028503418,-0.018985308706760406,0.029628029093146324,0.0051394677720963955,0.2457076907157898,1.1275033950805664,-79.04469299316406,-56.998321533203125,-11.621099472045898,-8.279739379882812,-1453.0,-8825.0,-2421.0,0,0,0,0,0
29625.907,1.6242133378982544,2.330505132675171,1.3969696760177612,-0.019320456311106682,0.029781272634863853,-0.012654094025492668,-0.2058706283569336,1.234908938407898,-79.0291748046875,-125.78805541992188,14.68424129486084,183.31979370117188,1950.0,-9735.0,-2538.0,0,0,0,0,0
29635.782,1.6239858865737915,2.330864906311035,1.3960672616958618,-0.021406734362244606,0.02825893461704254,-0.10304224491119385,-1.369443655014038,1.2423650026321411,-78.29025268554688,108.5256118774414,-7.175703048706055,-174.1609344482422,3404.0,-10030.0,-2042.0,0,0,0,0,0
29645.656,1.623771071434021,2.3311989307403564,1.3947563171386719,-0.01843198761343956,0.028815776109695435,-0.12618695199489594,-0.5315611958503723,1.413270115852356,-79.36946105957031,48.82532501220703,19.59087371826172,293.0533447265625,-780.0,-10380.0,-1977.0,0,0,0,0,0
29655.54,1.6236271858215332,2.3315818309783936,1.3937807083129883,-0.017229758203029633,0.0332510881125927,-0.006133141461759806,-0.22107678651809692,1.369117021560669,-77.5533218383789,-89.58790588378906,-5.959613800048828,181.89044189453125,-1831.0,-10318.0,-1435.0,0,0,0,0,0
29665.405,1.6235164403915405,2.332029104232788,1.3934770822525024,-0.016872594133019447,0.03450452536344528,0.003282661084085703,-0.8382124304771423,1.458319902420044,-76.98007202148438,133.6597442626953,-3.4064087867736816,-324.5513000488281,-264.0,-9903.0,630.0,0,0,0,0,0
29675.279,1.6235244274139404,2.332515001296997,1.3933584690093994,-0.014339535497128963,0.03697624430060387,0.029488427564501762,0.18625789880752563,1.4426392316818237,-79.19414520263672,-73.96910858154297,5.632673740386963,66.08101654052734,-2560.0,-9738.0,605.0,0,0,0,0,0
29685.153,1.6235063076019287,2.333003282546997,1.39350163936615,-0.014464846812188625,0.03855814039707184,0.045628659427165985,-0.14577428996562958,1.3893654346466064,-79.05213928222656,30.838817596435547,1.4086177349090576,-19.355209350585938,-1003.0,-9376.0,-534.0,0,0,0,0,0
29695.036,1.6234104633331299,2.3334567546844482,1.3936480283737183,-0.013595442287623882,0.03885785490274429,0.010012820363044739,0.14087724685668945,1.3347176313400269,-78.82571411132812,-19.70012092590332,-4.322012901306152,-13.20688247680664,-1413.0,-9149.0,-1032.0,0,0,0,0,0
29704.902,1.623408555984497,2.333979368209839,1.3934470415115356,-0.013454421423375607,0.039488207548856735,0.004104161635041237,-0.11035704612731934,1.4038020372390747,-78.9356918334961,-88.61947631835938,15.26537799835205,91.46793365478516,830.0,-9745.0,-1292.0,0,0,0,0,0
29714.776,1.6233580112457275,2.3344650268554688,1.3926206827163696,-0.014680886641144753,0.03734910860657692,-0.10778574645519257,-0.9155892729759216,1.4042555093765259,-78.6108169555664,111.20150756835938,-6.87852144241333,-157.8070068359375,1832.0,-10108.0,-1467.0,0,0,0,0,0
29724.661,1.6232813596725464,2.334946870803833,1.3911305665969849,-0.012097160331904888,0.03816722705960274,-0.1210397481918335,0.01704414188861847,1.5318697690963745,-79.72931671142578,-3.093954086303711,14.53498363494873,202.04965209960938,-1639.0,-10546.0,-2121.0,0,0,0,0,0
29734.534,1.6231963634490967,2.335416555404663,1.3904407024383545,-0.012644997797906399,0.042513955384492874,0.006016866769641638,-0.040273163467645645,1.5371721982955933,-78.20996856689453,-20.659452438354492,-4.839770317077637,104.06913757324219,-1285.0,-10618.0,-1747.0,0,0,0,0,0
29744.4,1.6231651306152344,2.3359837532043457,1.3901519775390625,-0.012127171270549297,0.04265834763646126,-0.02478078566491604,-0.10524627566337585,1.6308300495147705,-77.87229919433594,88.3831558227539,-9.175914764404297,-181.8999481201172,-999.0,-10683.0,-401.0,0,0,0,0,0
29754.274,1.6231846809387207,2.336570978164673,1.3900002241134644,-0.011787272058427334,0.045339372009038925,0.024638554081320763,0.7083846926689148,1.6799887418746948,-79.44021606445312,-42.518856048583984,0.659761369228363,-24.318042755126953,-2463.0,-10632.0,-307.0,0,0,0,0,0
29764.15,1.6231838464736938,2.3371636867523193,1.3901969194412231,-0.013015974313020706,0.04693489149212837,0.04382121190428734,0.5113884806632996,1.666267991065979,-79.75863647460938,18.787322998046875,0.8855279088020325,-29.169816970825195,-1340.0,-10350.0,-1719.0,0,0,0,0,0
29774.034,1.6231633424758911,2.3377695083618164,1.3901394605636597,-0.012563006952404976,0.046733103692531586,-0.007377785164862871,0.6589284539222717,1.648016333580017,-79.73861694335938,4.799968242645264,-42.35539245605469,-88.09327697753906,-1446.0,-10289.0,-2789.0,0,0,0,0,0
29783.898,1.6231073141098022,2.3383426666259766,1.3900187015533447,-0.013383778743445873,0.047271233052015305,-0.0014867591671645641,0.7643097639083862,1.935186743736267,-79.70348358154297,-29.921245574951172,-13.20395565032959,26.779565811157227,-842.0,-11718.0,-3488.0,0,0,0,0,0
29793.781,1.6230217218399048,2.33901309967041,1.389032244682312,-0.012513009831309319,0.0444786511361599,-0.1283886581659317,0.5974820256233215,2.0471272468566895,-79.31562805175781,76.24323272705078,-34.32564163208008,-107.39740753173828,-749.0,-12191.0,-3609.0,0,0,0,0,0
29803.648,1.6229578256607056,2.339615821838379,1.3876656293869019,-0.013222805224359035,0.046327877789735794,-0.11325926333665848,1.2467994689941406,2.2539870738983154,-79.94595336914062,-87.55110168457031,-3.7471792697906494,146.3505096435547,-1899.0,-12128.0,-3692.0,0,0,0,0,0
29813.531,1.6228082180023193,2.3402693271636963,1.3871089220046997,-0.018463604152202606,0.05332213267683983,0.03293902054429054,0.6127766370773315,2.2990334033966064,-78.67341613769531,52.97199249267578,-24.348838806152344,-176.58029174804688,-138.0,-11940.0,-2970.0,0,0,0,0,0
29823.396,1.6226314306259155,2.340967893600464,1.3871430158615112,-0.017799105495214462,0.05280688777565956,-0.021000811830163002,1.0016006231307983,2.481724262237549,-78.94234466552734,-22.6323299407959,18.433984756469727,-16.20883560180664,-1348.0,-12199.0,-1974.0,0,0,0,0,0
29833.27,1.6224231719970703,2.3416786193847656,1.3872092962265015,-0.0212049912661314,0.05725675821304321,0.04137056693434715,0.9730011820793152,2.423251152038574,-78.90987396240234,17.079505920410156,18.308353424072266,-23.44282341003418,-1264.0,-11387.0,-1523.0,0,0,0,0,0
29843.153,1.6221977472305298,2.3423569202423096,1.3876433372497559,-0.022969866171479225,0.059069547802209854,0.04174165055155754,1.0063896179199219,2.312344789505005,-79.40889739990234,-38.97239303588867,3.472931385040283,131.32669067382812,-801.0,-10407.0,-1679.0,0,0,0,0,0
29853.035,1.621971607208252,2.3431074619293213,1.387833833694458,-0.024088159203529358,0.059115033596754074,0.002445036079734564,0.6571753621101379,2.2943103313446045,-78.58457946777344,53.06972885131836,6.752130031585693,67.64849853515625,-25.0,-10435.0,-1568.0,0,0,0,0,0
29862.893,1.6217358112335205,2.3438639640808105,1.3877232074737549,-0.024423597380518913,0.06022261455655098,-0.01076742634177208,1.0725703239440918,2.2894508838653564,-78.49000549316406,51.00733184814453,-2.1258859634399414,-2.498655080795288,-2253.0,-10939.0,-833.0,0,0,0,0,0
29872.768,1.6214408874511719,2.3446295261383057,1.3870381116867065,-0.021722909063100815,0.05739912390708923,-0.13332457840442657,1.5440945625305176,2.3027119636535645,-78.78131866455078,-14.870294570922852,5.936469078063965,44.4178466796875,-2928.0,-11197.0,-423.0,0,0,0,0,0
29882.651,1.6211014986038208,2.345412015914917,1.3859809637069702,-0.026460377499461174,0.06069393455982208,-0.07241789251565933,1.2358227968215942,2.267749071121216,-78.74128723144531,-99.39404296875,6.350813865661621,220.70298767089844,-263.0,-11152.0,-358.0,0,0,0,0,0
29892.531,1.6207010746002197,2.3461360931396484,1.3857039213180542,-0.030878571793437004,0.06476736068725586,0.017511799931526184,0.6299729943275452,2.2004544734954834,-77.85428619384766,85.3502426147461,-22.262651443481445,-340.33819580078125,645.0,-10864.0,343.0,0,0,0,0,0
29902.403,1.6202452182769775,2.346994638442993,1.3857961893081665,-0.03066944144666195,0.06486525386571884,-0.011611477471888065,1.407071828842163,2.2916972637176514,-79.82784271240234,-102.42621612548828,27.274011611938477,118.67218780517578,-1005.0,-11202.0,246.0,0,0,0,0,0
29912.265,1.6196675300598145,2.347862482070923,1.386111855506897,-0.03533846512436867,0.06838421523571014,0.054086536169052124,0.6828702092170715,2.1161224842071533,-78.76610565185547,2.066512107849121,-5.213377952575684,-21.630807876586914,-111.0,-10771.0,-503.0,0,0,0,0,0
29922.139,1.6191093921661377,2.34877610206604,1.3866435289382935,-0.03637309372425079,0.06871471554040909,0.03621336445212364,0.7007690668106079,2.1406972408294678,-79.04755401611328,-80.79959869384766,19.410228729248047,-40.39544677734375,485.0,-10853.0,-755.0,0,0,0,0,0
29932.023,1.618545413017273,2.3497090339660645,1.38699471950531,-0.0378040112555027,0.06879108399152756,0.007304336875677109,0.24455894529819489,2.059443950653076,-79.0584487915039,195.96795654296875,-9.910340309143066,-126.22563934326172,177.0,-11047.0,-1138.0,0,0,0,0,0
29941.888,1.6180914640426636,2.3505420684814453,1.386863350868225,-0.03451401740312576,0.06789297610521317,-0.04734346270561218,1.9694467782974243,2.1612651348114014,-79.6944808959961,-37.12932205200195,-0.5674595236778259,167.2561798095703,-5834.0,-11849.0,-2010.0,0,0,0,0,0
29951.778,1.6175936460494995,2.3514952659606934,1.3861987590789795,-0.035778846591711044,0.06660859286785126,-0.1067185029387474,1.7210545539855957,2.22131609916687,-78.49588775634766,-119.42069244384766,-8.78056812286377,-98.2614517211914,-3222.0,-12087.0,-1835.0,0,0,0,0,0
29961.636,1.6169536113739014,2.3524527549743652,1.385659098625183,-0.04160143807530403,0.07088148593902588,-0.003864697180688381,0.5379077792167664,2.1863772869110107,-78.98404693603516,22.828510284423828,22.406360626220703,90.32704162597656,2303.0,-11734.0,-1338.0,0,0,0,0,0
29971.527,1.6161718368530273,2.3534064292907715,1.3858675956726074,-0.043163370341062546,0.0724877417087555,0.007280374877154827,0.7925288677215576,2.0353031158447266,-79.15113067626953,-9.441446304321289,-15.063554763793945,-40.70052719116211,470.0,-11140.0,-1684.0,0,0,0,0,0
29981.392,1.615236520767212,2.3544740676879883,1.386339545249939,-0.04595273733139038,0.07373813539743423,0.033997226506471634,0.5151020884513855,2.1794142723083496,-78.50333404541016,-54.700233459472656,48.976234436035156,178.33958435058594,437.0,-11381.0,-1554.0,0,0,0,0,0
29991.266,1.614537239074707,2.3553619384765625,1.386979103088379,-0.047733206301927567,0.07582060992717743,0.06664200127124786,-0.051159217953681946,1.8890888690948486,-77.42823028564453,-20.642663955688477,20.032264709472656,6.721101760864258,1288.0,-10904.0,21.0,0,0,0,0,0
30001.135,1.6136568784713745,2.35640549659729,1.3877928256988525,-0.048620693385601044,0.07604297250509262,0.04879380390048027,-0.45992371439933777,1.749940276145935,-78.21105194091797,6.338321685791016,25.59485626220703,96.5248031616211,1753.0,-10152.0,1242.0,0,0,0,0,0
30011.015,1.6128389835357666,2.357327938079834,1.3881880044937134,-0.04736021161079407,0.07464675605297089,-0.018583107739686966,0.03734656050801277,1.6119295358657837,-78.56975555419922,225.5207061767578,21.81047821044922,42.479278564453125,-1381.0,-10334.0,1161.0,0,0,0,0,0
30020.88,1.6120591163635254,2.358449935913086,1.3880785703659058,-0.0447724349796772,0.07468930631875992,-0.04992484673857689,1.8957451581954956,1.485702633857727,-78.2135009765625,-73.8216781616211,-1.7557674646377563,115.30425262451172,-6609.0,-10607.0,893.0,0,0,0,0,0
30030.753,1.611380934715271,2.3594326972961426,1.3876758813858032,-0.04891790449619293,0.07359717786312103,-0.04258989170193672,0.7464078068733215,1.364686369895935,-77.4662857055664,-143.5119171142578,24.92371940612793,-155.79644775390625,-2474.0,-10643.0,1433.0,0,0,0,0,0
30040.627,1.6109697818756104,2.359718084335327,1.3878357410430908,-0.05008787289261818,0.07433263957500458,-0.04185137525200844,0.7497942447662354,1.3803291320800781,-77.47068786621094,55.20064926147461,13.999717712402344,-170.5933837890625,2457.0,-10082.0,1666.0,0,0,0,0,0
30050.525,1.6093083620071411,2.361600875854492,1.3877297639846802,-0.052650511264801025,0.07422451674938202,0.028777608647942543,0.6935670971870422,0.9952816367149353,-79.21399688720703,-47.296730041503906,-8.022857666015625,95.28897094726562,-71.0,-9695.0,95.0,0,0,0,0,0
30060.387,1.6081786155700684,2.362624168395996,1.388538122177124,-0.055168114602565765,0.0734080821275711,0.048860058188438416,-0.08056814223527908,0.9593774080276489,-77.03565979003906,-66.43629455566406,21.94460105895996,89.739013671875,-87.0,-10572.0,-406.0,0,0,0,0,0
30070.261,1.6069574356079102,2.3637373447418213,1.3897356986999512,-0.05582936480641365,0.07287482917308807,0.0760960727930069,-0.2782090902328491,0.8833779096603394,-77.68697357177734,1.1824612617492676,15.427797317504883,-134.7078094482422,1050.0,-11016.0,1402.0,0,0,0,0,0
30080.132,1.6058876514434814,2.3647632598876953,1.3906793594360352,-0.05607073754072189,0.0714239552617073,0.029910137876868248,-0.3680749833583832,0.80141282081604,-78.51596069335938,68.36251068115234,20.44280433654785,54.70237731933594,419.0,-11092.0,1398.0,0,0,0,0,0
30090.01,1.6056917905807495,2.3649139404296875,1.3907980918884277,-0.05665980651974678,0.07182595878839493,0.03046850487589836,-0.36576956510543823,0.8089604377746582,-78.52262878417969,205.25375366210938,-0.5407425761222839,155.16734313964844,-3564.0,-10916.0,589.0,0,0,0,0,0
30099.874,1.6048074960708618,2.365957021713257,1.391196846961975,-0.053671978414058685,0.07102186977863312,-0.017748240381479263,1.126051664352417,0.706261932849884,-78.57992553710938,-96.4656753540039,7.60848331451416,-69.6095962524414,-7961.0,-11094.0,369.0,0,0,0,0,0
30109.751,1.6038715839385986,2.3669967651367188,1.3913538455963135,-0.054450925439596176,0.06959851831197739,-0.026177890598773956,1.996969223022461,0.7553973197937012,-77.7302017211914,-86.71121978759766,40.11878967285156,103.95130157470703,-1654.0,-11047.0,700.0,0,0,0,0,0
30119.632,1.6021534204483032,2.3686442375183105,1.3915165662765503,-0.059311479330062866,0.0664227232336998,-0.012214822694659233,0.1984115093946457,0.07509907335042953,-79.8480453491211,-0.7309976816177368,21.210121154785156,56.44658660888672,2456.0,-9269.0,460.0,0,0,0,0,0
30129.507,1.6008878946304321,2.369540214538574,1.3920445442199707,-0.060423851013183594,0.06423379480838776,0.06381373852491379,-0.02909880504012108,-0.03334441035985947,-78.34939575195312,-38.143367767333984,-12.686720848083496,127.83927917480469,1200.0,-8741.0,-1523.0,0,0,0,0,0
30139.382,1.600550889968872,2.3696556091308594,1.3922039270401,-0.06149515137076378,0.06453238427639008,0.06456651538610458,-0.02345351129770279,-0.02568509615957737,-78.34447479248047,-79.33199310302734,20.89038848876953,145.208984375,1501.0,-10104.0,-818.0,0,0,0,0,0
30149.255,1.5991802215576172,2.3704776763916016,1.393004298210144,-0.06316749006509781,0.0618610680103302,0.0544414259493351,-0.8176255226135254,-0.05123686417937279,-76.84164428710938,4.9670844078063965,11.163823127746582,-266.8122863769531,2213.0,-10740.0,1276.0,0,0,0,0,0
30159.12,1.5979641675949097,2.371281147003174,1.3939900398254395,-0.06180061027407646,0.059882380068302155,0.09075327962636948,-1.156410574913025,-0.17130962014198303,-77.9229507446289,82.67878723144531,28.462644577026367,-110.90083312988281,114.0,-10355.0,1243.0,0,0,0,0,0
30169.012,1.5963033437728882,2.372668981552124,1.3946276903152466,-0.056962501257658005,0.05625394731760025,-0.02224508859217167,0.3427651524543762,-0.5292995572090149,-78.32443237304688,121.39414978027344,2.2996647357940674,138.86476135253906,-4215.0,-9642.0,120.0,0,0,0,0,0
30178.87,1.5961257219314575,2.3727798461914062,1.3947315216064453,-0.0574948713183403,0.05653835088014603,-0.021750641986727715,0.3427651524543762,-0.5292995572090149,-78.32443237304688,-53.98888397216797,27.91563606262207,-204.93589782714844,-7487.0,-9958.0,279.0,0,0,0,0,0
30188.753,1.5951296091079712,2.373619556427002,1.3947980403900146,-0.05727527290582657,0.05321680009365082,0.0018592451233416796,1.2772071361541748,-0.6635420918464661,-78.10192108154297,-104.29961395263672,80.35552978515625,105.23050689697266,-2180.0,-9144.0,175.0,0,0,0,0,0
30198.63,1.5939761400222778,2.3743834495544434,1.3948537111282349,-0.061285946518182755,0.05073936656117439,-0.021679339930415154,-0.4280439019203186,-1.3643405437469482,-78.07938385009766,-27.49028968811035,20.92257308959961,-42.01732635498047,2304.0,-6276.0,-174.0,0,0,0,0,0
30208.501,1.5926803350448608,2.375088930130005,1.3949034214019775,-0.06044290214776993,0.04617157205939293,0.0009295140043832362,-0.6030943393707275,-1.7364565134048462,-79.92060852050781,-23.511247634887695,13.444005966186523,244.0598602294922,2868.0,-6875.0,-1726.0,0,0,0,0,0
30218.366,1.5913491249084473,2.3756275177001953,1.3952947854995728,-0.05906769633293152,0.04027915745973587,0.050251368433237076,-1.2841506004333496,-1.868281364440918,-78.23400115966797,-71.1274185180664,-2.173020124435425,-5.551511764526367,2110.0,-8587.0,-1897.0,0,0,0,0,0
30228.24,1.5900627374649048,2.3761162757873535,1.3958274126052856,-0.057931892573833466,0.036043085157871246,0.03989114612340927,-1.7514127492904663,-1.9127482175827026,-78.084228515625,1.0128873586654663,2.118011713027954,-138.85984802246094,2434.0,-9652.0,-798.0,0,0,0,0,0
30238.119,1.589195966720581,2.376512050628662,1.3963432312011719,-0.05338163673877716,0.031249715015292168,0.06198209896683693,-2.098170518875122,-1.9987300634384155,-78.26566314697266,104.4488525390625,16.199724197387695,-75.19456481933594,-83.0,-9770.0,-378.0,0,0,0,0,0
30247.999,1.588211178779602,2.37695050239563,1.3966559171676636,-0.05108388513326645,0.030460869893431664,-0.02075926586985588,-1.197411298751831,-2.17177414894104,-78.96784973144531,100.7945785522461,-7.621715545654297,64.1087875366211,-4661.0,-9151.0,-841.0,0,0,0,0,0
30257.863,1.5873687267303467,2.377370834350586,1.3963780403137207,-0.04773417487740517,0.027247948572039604,-0.044118452817201614,-0.14213590323925018,-2.250722885131836,-78.60737609863281,52.39359664916992,16.248764038085938,-163.94082641601562,-7782.0,-9227.0,-951.0,0,0,0,0,0
30267.737,1.5865944623947144,2.3777482509613037,1.3962100744247437,-0.04624244570732117,0.020865442231297493,0.004397882614284754,0.649734616279602,-2.4297144412994385,-79.09530639648438,-116.17828369140625,57.495548248291016,95.75364685058594,-4670.0,-8578.0,-1395.0,0,0,0,0,0
30277.611,1.5859339237213135,2.3779807090759277,1.3958336114883423,-0.04851870611310005,0.01933176815509796,-0.060919493436813354,-0.548147439956665,-2.9078073501586914,-78.29969024658203,-13.642662048339844,24.29849624633789,-105.10343170166016,801.0,-6505.0,-1185.0,0,0,0,0,0
30287.499,1.5849852561950684,2.3782083988189697,1.3953887224197388,-0.046578653156757355,0.012587892822921276,-0.026030737906694412,-0.8326855301856995,-3.2595863342285156,-78.98278045654297,-99.79989624023438,15.72348690032959,164.79608154296875,2653.0,-6348.0,-1431.0,0,0,0,0,0
30297.373,1.5838862657546997,2.378293752670288,1.3952049016952515,-0.044858168810606,0.0053495923057198524,-0.0009593086433596909,-1.8503730297088623,-3.376375675201416,-78.29199981689453,-25.532697677612305,-10.665766716003418,-22.875120162963867,3295.0,-7478.0,-884.0,0,0,0,0,0
30307.235,1.5828341245651245,2.378286600112915,1.395214319229126,-0.04148475080728531,-0.0005777687765657902,0.00545675540342927,-2.083245038986206,-3.410022020339966,-77.99996948242188,-92.66383361816406,12.773361206054688,56.8035774230957,2864.0,-8885.0,189.0,0,0,0,0,0
30317.109,1.5819416046142578,2.378089666366577,1.3951925039291382,-0.03687422722578049,-0.007179718464612961,0.01395141240209341,-2.934415340423584,-3.5240142345428467,-77.14228820800781,160.08168029785156,16.387968063354492,-163.75018310546875,1697.0,-8935.0,1648.0,0,0,0,0,0
30327.002,1.581388235092163,2.377988576889038,1.3950321674346924,-0.032492488622665405,-0.008352963253855705,-0.04778943955898285,-1.817797303199768,-3.579775333404541,-78.67676544189453,62.01626968383789,0.038586292415857315,98.62566375732422,-4046.0,-8486.0,1459.0,0,0,0,0,0
30336.865,1.5808050632476807,2.377856969833374,1.3943796157836914,-0.028591301292181015,-0.01198536530137062,-0.06949512660503387,-1.02141535282135,-3.6719436645507812,-78.72118377685547,87.47469329833984,3.225590229034424,-39.6653938293457,-6297.0,-8438.0,543.0,0,0,0,0,0
30346.732,1.5803662538528442,2.3776702880859375,1.3939732313156128,-0.023994993418455124,-0.021355321630835533,-0.0024747319985181093,-0.220518097281456,-3.721212387084961,-78.65579986572266,-56.166114807128906,23.378772735595703,59.30173873901367,-5140.0,-8377.0,-39.0,0,0,0,0,0
30356.606,1.5798605680465698,2.3773953914642334,1.3935434818267822,-0.024959443137049675,-0.022322311997413635,-0.06957627087831497,-0.7259066104888916,-3.921557664871216,-78.54803466796875,-47.70945358276367,22.13941192626953,-8.057904243469238,-661.0,-7531.0,-559.0,0,0,0,0,0
30366.49,1.5791703462600708,2.377011299133301,1.3927526473999023,-0.022721324115991592,-0.030043242499232292,-0.042541809380054474,-1.5028268098831177,-4.152867317199707,-79.32245635986328,-100.90042877197266,-3.121669292449951,-50.36096954345703,2508.0,-7033.0,-1495.0,0,0,0,0,0
30376.362,1.5786775350570679,2.3766119480133057,1.392258882522583,-0.01986188068985939,-0.03607586398720741,-0.036488357931375504,-2.538658857345581,-4.137922763824463,-79.27106475830078,1.5640807151794434,-11.668941497802734,143.931396484375,4582.0,-7774.0,-2392.0,0,0,0,0,0
30386.239,1.5779188871383667,2.3760478496551514,1.3918536901474,-0.014111625961959362,-0.04325467720627785,-0.006736380513757467,-2.809251546859741,-4.038475513458252,-78.38764953613281,-83.1181411743164,-20.220352172851562,94.58729553222656,3605.0,-9250.0,-2126.0,0,0,0,0,0
30396.103,1.577332854270935,2.3755149841308594,1.391516923904419,-0.01177158672362566,-0.04643655940890312,-0.03434106707572937,-3.487929582595825,-3.928593158721924,-77.88565063476562,169.7588348388672,-16.59992790222168,-229.49359130859375,2134.0,-9642.0,-1070.0,0,0,0,0,0
30405.987,1.5768996477127075,2.374878406524658,1.3908671140670776,-0.006483100354671478,-0.04837598651647568,-0.06840254366397858,-2.304171562194824,-3.8269543647766113,-79.1998062133789,49.0744514465332,-26.167375564575195,25.297794342041016,-3900.0,-9542.0,-1056.0,0,0,0,0,0
30415.858,1.5766823291778564,2.3742129802703857,1.3899399042129517,-0.0017165468307211995,-0.05201265960931778,-0.07610706984996796,-1.5767159461975098,-3.717250347137451,-78.8951644897461,31.01947784423828,-0.8512236475944519,-132.52439880371094,-5466.0,-9587.0,-1535.0,0,0,0,0,0
30425.726,1.5766277313232422,2.3735668659210205,1.3894046545028687,0.004222393501549959,-0.05956457182765007,-0.009152584709227085,-1.2090725898742676,-3.719015121459961,-78.83174133300781,27.619327545166016,2.909205436706543,-124.10328674316406,-4371.0,-8983.0,-1616.0,0,0,0,0,0
30435.618,1.5765126943588257,2.372796058654785,1.3887885808944702,0.004675424192100763,-0.05915517359972,-0.07818064093589783,-1.0841072797775269,-3.7328040599823,-79.46480560302734,-137.9214630126953,16.89501190185547,136.96380615234375,-1624.0,-8384.0,-2014.0,0,0,0,0,0
30445.485,1.5762356519699097,2.371946096420288,1.3879824876785278,0.006852913182228804,-0.06471455097198486,-0.04983718693256378,-2.239351272583008,-3.833254814147949,-78.90775299072266,-75.11471557617188,-8.04337215423584,-48.35750961303711,3295.0,-7937.0,-2224.0,0,0,0,0,0
30455.355,1.5758497714996338,2.3709864616394043,1.3874585628509521,0.009895128197968006,-0.0692020133137703,-0.04115134850144386,-3.1565539836883545,-3.701460838317871,-79.10986328125,-46.01660919189453,-0.48521414399147034,260.26300048828125,5506.0,-8584.0,-2064.0,0,0,0,0,0
30465.223,1.5757392644882202,2.370089054107666,1.3872268199920654,0.01818876340985298,-0.07424329221248627,0.0036631564144045115,-3.754924774169922,-3.6658072471618652,-77.75605773925781,-45.53192138671875,-27.40924072265625,155.8201141357422,5042.0,-9330.0,-996.0,0,0,0,0,0
30475.097,1.5754814147949219,2.3690056800842285,1.3869216442108154,0.019757533445954323,-0.0751849040389061,-0.04331468418240547,-4.072096347808838,-3.4512033462524414,-77.58230590820312,174.95236206054688,-18.70956039428711,-244.97543334960938,2119.0,-9776.0,695.0,0,0,0,0,0
30484.995,1.5754454135894775,2.3679301738739014,1.386348843574524,0.027277978137135506,-0.07709131389856339,-0.045123327523469925,-2.662142276763916,-3.263848304748535,-79.01697540283203,43.50277328491211,-24.52218246459961,-0.19765950739383698,-3960.0,-9707.0,1090.0,0,0,0,0,0
30494.846,1.5756652355194092,2.3668506145477295,1.3856910467147827,0.03264842554926872,-0.07965297251939774,-0.03747045248746872,-2.0433239936828613,-3.08661150932312,-78.8225326538086,8.201859474182129,7.208729267120361,-104.52630615234375,-4949.0,-10036.0,256.0,0,0,0,0,0
30504.721,1.575964331626892,2.3657169342041016,1.385427474975586,0.038650963455438614,-0.08423345535993576,0.022506196051836014,-1.8077127933502197,-3.12117075920105,-79.20401000976562,58.970211029052734,-15.09007740020752,-207.3979034423828,-3925.0,-8968.0,-580.0,0,0,0,0,0
30514.595,1.5762536525726318,2.364564895629883,1.3852216005325317,0.03996283933520317,-0.08348145335912704,-0.0338594876229763,-1.3362174034118652,-3.0329360961914062,-80.12187194824219,-171.61766052246094,-1.102497935295105,214.87754821777344,-1764.0,-8609.0,-2214.0,0,0,0,0,0
30524.479,1.5765478610992432,2.363515615463257,1.3849380016326904,0.04265803471207619,-0.08675965666770935,0.0007531173760071397,-2.586836338043213,-3.0202550888061523,-79.12647247314453,-74.69674682617188,-26.36014747619629,-69.41644287109375,3546.0,-8610.0,-2940.0,0,0,0,0,0
30534.353,1.576621174812317,2.362281084060669,1.3847510814666748,0.044822268187999725,-0.08857665210962296,-0.004891390446573496,-3.390897274017334,-2.7514607906341553,-79.58702850341797,-40.43241500854492,-11.294623374938965,205.49752807617188,5550.0,-9397.0,-3007.0,0,0,0,0,0
30544.218,1.5767168998718262,2.3609888553619385,1.3847911357879639,0.05249899625778198,-0.09131507575511932,0.045197758823633194,-3.9665515422821045,-2.581630229949951,-78.76378631591797,11.391286849975586,-24.065326690673828,108.16312408447266,4810.0,-10533.0,-2724.0,0,0,0,0,0
30554.092,1.5769412517547607,2.3596699237823486,1.384580373764038,0.052088070660829544,-0.08981696516275406,-0.034148480743169785,-3.885047197341919,-2.3464150428771973,-78.58878326416016,150.78195190429688,-12.38180160522461,-80.01531219482422,856.0,-10508.0,-1829.0,0,0,0,0,0
30563.985,1.5774400234222412,2.358562707901001,1.3842294216156006,0.059975218027830124,-0.08963412791490555,-0.011763498187065125,-2.5920119285583496,-2.2297122478485107,-78.85941314697266,38.660484313964844,-12.425666809082031,63.6827507019043,-4304.0,-10037.0,-1301.0,0,0,0,0,0
30573.84,1.5780571699142456,2.357283115386963,1.3839106559753418,0.06477432698011398,-0.09024125337600708,0.0063343346118927,-2.197392225265503,-2.0462417602539062,-78.97930908203125,15.605623245239258,29.678861618041992,20.66953468322754,-3724.0,-9690.0,-1263.0,0,0,0,0,0
30583.729,1.5787227153778076,2.3560094833374023,1.383776307106018,0.06904479116201401,-0.09047012031078339,0.03750678524374962,-1.856493592262268,-2.2669129371643066,-79.01484680175781,67.83861541748047,-7.701216697692871,-131.50228881835938,-3339.0,-8213.0,-1502.0,0,0,0,0,0
30593.59,1.579422950744629,2.3547372817993164,1.3837405443191528,0.07062783092260361,-0.08927097171545029,-0.005075179971754551,-1.2597519159317017,-2.180637836456299,-79.86395263671875,-172.03860473632812,-1.3768455982208252,228.12155151367188,-1567.0,-7857.0,-2204.0,0,0,0,0,0
30603.474,1.579926609992981,2.35341739654541,1.3833926916122437,0.07116246968507767,-0.09051136672496796,0.013179127126932144,-2.578230142593384,-2.191861391067505,-77.97758483886719,-68.02334594726562,-31.25017547607422,-204.6800537109375,3709.0,-8245.0,-1514.0,0,0,0,0,0
30613.346,1.580358862876892,2.3520708084106445,1.3832240104675293,0.0726141557097435,-0.09076997637748718,0.0025196459610015154,-3.2919607162475586,-1.88662850856781,-78.82093811035156,-51.222694396972656,-7.867774486541748,29.458877563476562,5729.0,-9678.0,-623.0,0,0,0,0,0
30623.223,1.5809438228607178,2.3509328365325928,1.3833328485488892,0.07899173349142075,-0.09044764935970306,0.042815081775188446,-3.8546338081359863,-1.7060946226119995,-78.22335815429688,49.23164749145508,-26.138105392456055,-16.728517532348633,4424.0,-10382.0,-197.0,0,0,0,0,0
30633.087,1.5814765691757202,2.3495848178863525,1.3830536603927612,0.0784725472331047,-0.08848518878221512,-0.042811717838048935,-3.430034637451172,-1.4233770370483398,-78.31278991699219,122.46517181396484,-9.742670059204102,-25.28097152709961,165.0,-10409.0,396.0,0,0,0,0,0
30642.971,1.582236647605896,2.348294496536255,1.3824721574783325,0.08481331169605255,-0.08710139989852905,-0.015257563441991806,-2.2702062129974365,-1.303851842880249,-78.5762710571289,54.62796401977539,-13.236736297607422,-8.187163352966309,-4401.0,-10346.0,457.0,0,0,0,0,0
30652.835,1.5832016468048096,2.3470373153686523,1.38211190700531,0.08869557827711105,-0.08600042015314102,0.0061245448887348175,-1.70100998878479,-1.117630124092102,-79.1187973022461,13.444971084594727,17.40345573425293,21.797569274902344,-3645.0,-9884.0,-314.0,0,0,0,0,0
30662.709,1.5841466188430786,2.3459653854370117,1.382070541381836,0.09062934666872025,-0.08393269777297974,0.019814830273389816,-1.441300868988037,-1.216467261314392,-79.28170013427734,100.89945220947266,-11.025124549865723,-151.880615234375,-3424.0,-8665.0,-1469.0,0,0,0,0,0
30672.583,1.5851656198501587,2.344757556915283,1.3818373680114746,0.09191630780696869,-0.08218508958816528,-0.013712001964449883,-0.7021527886390686,-1.0683519840240479,-80.0181655883789,-170.9856719970703,-8.870857238769531,194.44778442382812,-2239.0,-8795.0,-2874.0,0,0,0,0,0
30682.478,1.5859590768814087,2.3435275554656982,1.3814641237258911,0.09033901244401932,-0.08156924694776535,-0.006758939009159803,-2.0455708503723145,-1.0049962997436523,-78.06053161621094,-57.9756965637207,-30.444259643554688,-238.42367553710938,2985.0,-9181.0,-2896.0,0,0,0,0,0
30692.332,1.5866451263427734,2.342302083969116,1.381129503250122,0.09074477106332779,-0.08040305972099304,-0.013679550029337406,-2.6775336265563965,-0.6812859773635864,-79.29447937011719,-89.11082458496094,-14.813691139221191,48.11985397338867,5671.0,-10336.0,-2379.0,0,0,0,0,0
30702.207,1.5873210430145264,2.3410537242889404,1.380961298942566,0.09454065561294556,-0.07848453521728516,0.025528986006975174,-3.419313907623291,-0.5103242993354797,-78.54424285888672,75.83719635009766,-41.84989547729492,-112.08076477050781,4821.0,-10975.0,-2007.0,0,0,0,0,0
30712.091,1.5881271362304688,2.339853525161743,1.3803799152374268,0.09443894773721695,-0.07673117518424988,-0.06592921912670135,-2.6720070838928223,-0.15641140937805176,-78.26544952392578,72.74874877929688,-5.647674560546875,10.023181915283203,-339.0,-11307.0,-981.0,0,0,0,0,0
30721.97,1.5890967845916748,2.338885545730591,1.3797686100006104,0.09868688136339188,-0.07280206680297852,-0.02696629799902439,-1.7026872634887695,-0.04344290494918823,-78.04177856445312,46.491249084472656,-16.95932960510254,-79.15879821777344,-4205.0,-10789.0,122.0,0,0,0,0,0
30731.83,1.590191125869751,2.33778715133667,1.379331350326538,0.10094331949949265,-0.06973668932914734,0.009598965756595135,-1.2081272602081299,0.14658023416996002,-79.19381713867188,17.21678924560547,17.065217971801758,188.58642578125,-2992.0,-10053.0,107.0,0,0,0,0,0
30741.71,1.5912978649139404,2.3367254734039307,1.379175066947937,0.10113072395324707,-0.0665016770362854,0.00346649088896811,-0.9884665012359619,0.0332227498292923,-79.0675048828125,123.02215576171875,-8.59614086151123,26.371784210205078,-2973.0,-9048.0,-828.0,0,0,0,0,0
30751.587,1.5923770666122437,2.335721254348755,1.3790082931518555,0.10169193148612976,-0.06378144025802612,-0.0007388578378595412,0.04717698320746422,0.13221801817417145,-79.30374908447266,-164.62600708007812,-14.231566429138184,173.65188598632812,-2550.0,-9145.0,-1497.0,0,0,0,0,0
30761.468,1.5932559967041016,2.334719657897949,1.3786588907241821,0.09773099422454834,-0.06208103150129318,-0.01750907301902771,-1.3055238723754883,0.2301473766565323,-77.58634185791016,-70.335693359375,-39.45675277709961,-259.6062927246094,3368.0,-9627.0,-637.0,0,0,0,0,0
30771.333,1.59414803981781,2.3339099884033203,1.3783599138259888,0.09698391705751419,-0.05937139317393303,-0.018591128289699554,-2.115018129348755,0.5788562893867493,-78.88238525390625,-105.62757873535156,-22.561220169067383,-101.77102661132812,6235.0,-10975.0,-281.0,0,0,0,0,0
30781.209,1.5948553085327148,2.3329193592071533,1.3781466484069824,0.09843883663415909,-0.05562799423933029,0.01358077209442854,-2.834304094314575,0.7706683278083801,-78.43170166015625,106.52471160888672,-41.0800666809082,-246.8318328857422,4689.0,-11516.0,-335.0,0,0,0,0,0
30791.084,1.595698595046997,2.3320083618164062,1.377644658088684,0.09940977394580841,-0.05353255197405815,-0.058703333139419556,-1.7646845579147339,1.0280141830444336,-78.4104232788086,40.6688117980957,-10.880892753601074,60.79482650756836,-1125.0,-11353.0,10.0,0,0,0,0,0
30800.969,1.596703052520752,2.3311524391174316,1.3770607709884644,0.10106390714645386,-0.04841567948460579,-0.014096084050834179,-1.0715209245681763,1.0844988822937012,-77.69920349121094,16.820526123046875,-22.00137710571289,-267.6722106933594,-4015.0,-10753.0,726.0,0,0,0,0,0
30810.837,1.5977990627288818,2.3305373191833496,1.3770991563796997,0.10151457041501999,-0.04294995591044426,0.04163507744669914,-0.6765605211257935,1.2474627494812012,-79.60952758789062,73.55836486816406,18.409685134887695,36.89775848388672,-2353.0,-10209.0,-78.0,0,0,0,0,0
30820.713,1.5989376306533813,2.329803228378296,1.3771559000015259,0.10122830420732498,-0.03916308656334877,0.020494265481829643,-0.021746356040239334,1.0861769914627075,-80.04554748535156,73.26777648925781,-8.65903091430664,78.78356170654297,-3475.0,-9042.0,-2149.0,0,0,0,0,0
30830.588,1.5999977588653564,2.329148292541504,1.3772873878479004,0.0993051677942276,-0.035676635801792145,0.03836321085691452,0.543393611907959,1.1824893951416016,-79.13529205322266,-141.9053955078125,12.788524627685547,227.10911560058594,-1767.0,-9195.0,-3266.0,0,0,0,0,0
30840.472,1.6008360385894775,2.3285024166107178,1.3773062229156494,0.09429227560758591,-0.03375222906470299,0.007291143294423819,-0.8233597874641418,1.2033766508102417,-77.58955383300781,-77.4442138671875,-26.84242057800293,-139.61044311523438,3955.0,-9709.0,-2030.0,0,0,0,0,0
30850.34,1.6015501022338867,2.3278701305389404,1.3772176504135132,0.09234711527824402,-0.030702413991093636,0.014360289089381695,-1.6892187595367432,1.488144040107727,-78.89546966552734,-55.86506652832031,-20.234556198120117,131.61843872070312,6777.0,-10915.0,-1458.0,0,0,0,0,0
30860.213,1.6022878885269165,2.3272488117218018,1.3772200345993042,0.0925302505493164,-0.02654504030942917,0.03158053010702133,-2.146090269088745,1.6379956007003784,-78.17888641357422,126.48412322998047,-27.02872657775879,-56.4555549621582,3575.0,-11515.0,-1100.0,0,0,0,0,0
30870.085,1.6031584739685059,2.326852798461914,1.3771138191223145,0.09375394135713577,-0.023875465616583824,-0.02829521708190441,-1.0206135511398315,1.7698289155960083,-77.59898376464844,32.97610092163086,-18.277713775634766,-16.333879470825195,-1891.0,-11058.0,305.0,0,0,0,0,0
30879.968,1.6040539741516113,2.3263895511627197,1.3769795894622803,0.09337911754846573,-0.017323294654488564,0.04471182823181152,-0.5408306121826172,1.8267098665237427,-77.2694320678711,-24.095355987548828,-8.49345588684082,-303.78570556640625,-3498.0,-10565.0,1810.0,0,0,0,0,0
30889.835,1.605058193206787,2.3260393142700195,1.3772146701812744,0.0923667922616005,-0.012057279236614704,0.07942602038383484,-0.3807569444179535,1.848496437072754,-79.43647003173828,86.91919708251953,17.978933334350586,-204.8447265625,-1612.0,-9818.0,1117.0,0,0,0,0,0
30899.709,1.605941891670227,2.325767993927002,1.377432942390442,0.09146161377429962,-0.008532669395208359,0.04773375391960144,0.40256768465042114,1.6396337747573853,-80.1040267944336,3.5590436458587646,-4.101343154907227,115.85665893554688,-3174.0,-8737.0,-1230.0,0,0,0,0,0
30909.581,1.6068803071975708,2.3256051540374756,1.3778713941574097,0.08861720561981201,-0.005100298672914505,0.05961424484848976,0.6020978093147278,1.709428071975708,-78.89905548095703,-149.38363647460938,24.044288635253906,112.63170623779297,-717.0,-9187.0,-2117.0,0,0,0,0,0
30919.468,1.6076160669326782,2.3253400325775146,1.3778784275054932,0.08361784368753433,-0.003933411091566086,0.01511868555098772,-0.7614557147026062,1.7012571096420288,-78.07732391357422,-85.16814422607422,-22.67486572265625,-128.17982482910156,4494.0,-9843.0,-1575.0,0,0,0,0,0
30929.333,1.6082127094268799,2.325087785720825,1.3778259754180908,0.08172508329153061,-0.0009569660178385675,0.023700516670942307,-1.655368685722351,1.9776145219802856,-79.5873794555664,-43.803245544433594,-6.516057014465332,297.4766540527344,7087.0,-10928.0,-1701.0,0,0,0,0,0
30939.203,1.6087876558303833,2.324836254119873,1.3777118921279907,0.0810682401061058,0.001914750668220222,0.011882027611136436,-2.0808072090148926,2.0453920364379883,-78.49603271484375,126.78192138671875,-15.16377067565918,-39.216426849365234,3599.0,-11566.0,-1866.0,0,0,0,0,0
30949.078,1.6094907522201538,2.3246660232543945,1.3772166967391968,0.0825108140707016,0.0036057783290743828,-0.049415409564971924,-0.9012370109558105,2.1092212200164795,-77.90812683105469,24.868453979492188,-10.896615028381348,7.334133148193359,-1750.0,-10885.0,-541.0,0,0,0,0,0
30958.96,1.6103211641311646,2.3246500492095947,1.37691068649292,0.08208532631397247,0.009940287098288536,0.014471174217760563,-0.5335067510604858,2.1080729961395264,-77.42858123779297,-14.856328964233398,8.022327423095703,-230.77664184570312,-3028.0,-10337.0,861.0,0,0,0,0,0
30968.822,1.6112574338912964,2.324610948562622,1.3769110441207886,0.08137167245149612,0.014347240328788757,0.0340864397585392,-0.29171687364578247,2.003467082977295,-79.20866394042969,87.68196868896484,16.347549438476562,-137.7526092529297,-1731.0,-9365.0,424.0,0,0,0,0,0
30978.701,1.6122334003448486,2.3246309757232666,1.376715064048767,0.08144745230674744,0.017013514414429665,0.004487290047109127,0.5605610013008118,1.7987899780273438,-79.75030517578125,1.1088504791259766,6.71027946472168,134.97915649414062,-2948.0,-8683.0,-1089.0,0,0,0,0,0
30988.574,1.613088846206665,2.324688196182251,1.3766248226165771,0.07853711396455765,0.01977863535284996,0.021415621042251587,0.7093175649642944,1.7667255401611328,-78.4109115600586,-124.08013916015625,30.766645431518555,25.405071258544922,-878.0,-8774.0,-1305.0,0,0,0,0,0
30998.458,1.6137351989746094,2.324735164642334,1.3763623237609863,0.07411208003759384,0.020271973684430122,-0.02807687409222126,-0.4147166609764099,1.65226411819458,-78.02875518798828,-88.31045532226562,-7.542629241943359,-112.34352111816406,4107.0,-9062.0,-473.0,0,0,0,0,0
31008.317,1.6143953800201416,2.3248720169067383,1.3760440349578857,0.07233767956495285,0.022625165060162544,-0.01574215292930603,-1.3460114002227783,1.7799992561340332,-79.28319549560547,-59.986900329589844,6.784295558929443,291.4178161621094,7017.0,-10123.0,-886.0,0,0,0,0,0
31018.194,1.6149075031280518,2.3249399662017822,1.3756883144378662,0.07182049751281738,0.024766720831394196,-0.0218599122017622,-1.7024039030075073,1.7412211894989014,-78.0914535522461,144.6698455810547,-14.676104545593262,-114.24214172363281,3641.0,-10385.0,-779.0,0,0,0,0,0
31028.064,1.6155437231063843,2.3250527381896973,1.374923586845398,0.07369615137577057,0.0256784837692976,-0.07694198191165924,-0.36559826135635376,1.786265254020691,-77.9623031616211,32.586551666259766,-8.810385704040527,29.163597106933594,-2033.0,-10130.0,315.0,0,0,0,0,0
31037.949,1.6163312196731567,2.3252086639404297,1.3742495775222778,0.07239969074726105,0.030054161325097084,-0.002766051795333624,0.10298801213502884,1.7821204662322998,-77.54457092285156,-12.536402702331543,7.3631157875061035,-192.4615936279297,-3762.0,-10181.0,1214.0,0,0,0,0,0
31047.812,1.6172070503234863,2.325420379638672,1.3741886615753174,0.07080741971731186,0.0331222265958786,0.03125797212123871,0.3519134223461151,1.6850017309188843,-79.35260772705078,93.75265502929688,19.045818328857422,-173.99815368652344,-2267.0,-9488.0,497.0,0,0,0,0,0
31057.684,1.6180133819580078,2.3257315158843994,1.3743114471435547,0.07004881650209427,0.034805767238140106,0.007993793115019798,1.211061954498291,1.4674937725067139,-79.90841674804688,7.747745990753174,7.650759220123291,69.47002410888672,-3761.0,-8644.0,-1444.0,0,0,0,0,0
31067.559,1.6188241243362427,2.3260252475738525,1.374377965927124,0.06661327928304672,0.03598995506763458,0.02153226174414158,1.3579777479171753,1.455970048904419,-79.06058502197266,-149.0303497314453,27.455995559692383,61.92835998535156,-1312.0,-8903.0,-2325.0,0,0,0,0,0
31077.443,1.6194021701812744,2.326274871826172,1.3741782903671265,0.061785370111465454,0.03556305915117264,-0.02786792814731598,0.007223305758088827,1.2889769077301025,-78.53520202636719,-101.49774932861328,-12.73379898071289,-116.17990112304688,4286.0,-9169.0,-2118.0,0,0,0,0,0
31087.308,1.6198688745498657,2.3265268802642822,1.374014973640442,0.05964498594403267,0.036706339567899704,0.0006178637268021703,-1.0842700004577637,1.4326080083847046,-79.67456817626953,-10.409960746765137,7.516050815582275,310.216064453125,7600.0,-10131.0,-2537.0,0,0,0,0,0
31097.191,1.6204556226730347,2.3268911838531494,1.3737577199935913,0.059665217995643616,0.037446677684783936,-0.02343500219285488,-1.2656222581863403,1.4340779781341553,-78.27810668945312,135.63206481933594,-4.008415222167969,-66.0545425415039,2748.0,-10616.0,-2222.0,0,0,0,0,0
31107.055,1.621057152748108,2.3272342681884766,1.3732538223266602,0.06146851181983948,0.03833477944135666,-0.056028224527835846,-0.01927848532795906,1.4435746669769287,-77.617919921875,6.035686492919922,-5.76235818862915,-18.19166374206543,-2758.0,-10289.0,-453.0,0,0,0,0,0
31116.951,1.6217049360275269,2.32753586769104,1.3731606006622314,0.05955711007118225,0.041825491935014725,0.05064421147108078,0.11720486730337143,1.4435255527496338,-77.75774383544922,18.808082580566406,23.364871978759766,-55.696922302246094,-2523.0,-10024.0,983.0,0,0,0,0,0
31126.804,1.622467041015625,2.3278696537017822,1.3735111951828003,0.05884476378560066,0.043021272867918015,0.04494768753647804,0.48702287673950195,1.2237513065338135,-79.01692962646484,95.43206024169922,16.48919105529785,-113.5542984008789,-2399.0,-8945.0,561.0,0,0,0,0,0
31136.679,1.6232409477233887,2.3282344341278076,1.373947024345398,0.057917270809412,0.04387873411178589,0.05052731931209564,1.4360921382904053,1.0388168096542358,-79.8116226196289,-39.26435852050781,7.516186714172363,69.94176483154297,-3669.0,-8267.0,-908.0,0,0,0,0,0
31146.554,1.6238700151443481,2.3286051750183105,1.3743915557861328,0.05451979860663414,0.04357367008924484,0.04679166525602341,1.236355185508728,0.965571939945221,-78.33638000488281,-135.2865753173828,25.959205627441406,-72.48695373535156,-249.0,-8417.0,-1090.0,0,0,0,0,0
31156.446,1.6243877410888672,2.3289954662323,1.374613881111145,0.05050131306052208,0.04273447394371033,0.003424422349780798,0.0650848001241684,0.780927836894989,-78.1675796508789,-117.46956634521484,0.7384493350982666,-356.9062805175781,4857.0,-8507.0,-432.0,0,0,0,0,0
31166.302,1.624848484992981,2.3293616771698,1.374749779701233,0.04870378226041794,0.04251285269856453,0.03082798421382904,-1.123303771018982,0.8688134551048279,-79.86279296875,87.03176879882812,20.494098663330078,157.5745391845703,6782.0,-9421.0,-1023.0,0,0,0,0,0
31176.175,1.6252838373184204,2.329700231552124,1.37472403049469,0.050719715654850006,0.04203641414642334,-0.021132444962859154,0.1488647758960724,0.8452808856964111,-78.76881408691406,81.20564270019531,17.721965789794922,146.02662658691406,508.0,-10064.0,-1839.0,0,0,0,0,0
31186.048,1.6258177757263184,2.3300209045410156,1.3744632005691528,0.04975847899913788,0.04216303303837776,-0.003122406080365181,0.6773322820663452,0.7227474451065063,-77.09591674804688,36.669212341308594,-24.135690689086914,-185.71661376953125,-3376.0,-9814.0,-854.0,0,0,0,0,0
31195.931,1.6264193058013916,2.330461263656616,1.3749841451644897,0.04580458626151085,0.04260552302002907,0.1026758998632431,1.0473145246505737,0.7345020174980164,-79.22401428222656,30.39026641845703,26.576562881469727,21.226137161254883,-2899.0,-9558.0,392.0,0,0,0,0,0
31205.796,1.6271083354949951,2.3308098316192627,1.375527024269104,0.04602934047579765,0.042227406054735184,0.04202411323785782,1.577436923980713,0.4706321954727173,-79.84222412109375,83.66749572753906,5.614071846008301,0.8590950965881348,-2712.0,-8981.0,-1063.0,0,0,0,0,0
31215.681,1.627803087234497,2.331184148788452,1.3760161399841309,0.04181044176220894,0.0411231555044651,0.09505587816238403,2.2140626907348633,0.44204965233802795,-78.64707946777344,-27.719467163085938,0.19603833556175232,52.05278015136719,-3369.0,-8429.0,-2323.0,0,0,0,0,0
31225.547,1.6283620595932007,2.331538200378418,1.376499891281128,0.03910975530743599,0.03960670530796051,0.03139202669262886,1.5475852489471436,0.3442915976047516,-78.3689956665039,-137.1033172607422,20.583168029785156,-120.52760314941406,-388.0,-8797.0,-1669.0,0,0,0,0,0
31235.434,1.6287028789520264,2.3318493366241455,1.3765581846237183,0.0350007601082325,0.03795521333813667,0.025066902860999107,0.3876676857471466,0.29383429884910583,-78.92269134521484,-115.89083099365234,-18.804134368896484,-303.3276672363281,4381.0,-8936.0,-1233.0,0,0,0,0,0
31245.293,1.6290143728256226,2.332139492034912,1.3765605688095093,0.03271717578172684,0.03593289479613304,-0.009253347292542458,-0.47880956530570984,0.3915901780128479,-78.8665771484375,63.0598258972168,16.026567459106445,120.9297866821289,6232.0,-9717.0,-1782.0,0,0,0,0,0
31255.167,1.6289724111557007,2.332068681716919,1.3764742612838745,0.032619815319776535,0.03575225546956062,-0.009643797762691975,-0.47880956530570984,0.3915901780128479,-78.8665771484375,90.6706314086914,9.863848686218262,14.741837501525879,477.0,-10086.0,-1356.0,0,0,0,0,0
31265.058,1.629379153251648,2.3323638439178467,1.376000165939331,0.03487425297498703,0.035188693553209305,-0.03879117965698242,1.1070584058761597,0.36864107847213745,-78.30522918701172,-21.486404418945312,-11.013985633850098,-194.93524169921875,-3741.0,-9789.0,-117.0,0,0,0,0,0
31274.926,1.6298437118530273,2.3326072692871094,1.3757246732711792,0.03211050108075142,0.034013357013463974,0.004069351591169834,1.196621060371399,0.34583646059036255,-77.05775451660156,60.04039001464844,25.882843017578125,-26.255720138549805,-2270.0,-9492.0,1117.0,0,0,0,0,0
31284.791,1.6303679943084717,2.3328800201416016,1.3757778406143188,0.029338452965021133,0.03309081867337227,0.0490543507039547,1.3621587753295898,0.18098348379135132,-79.00247955322266,55.6173095703125,5.788039207458496,40.323509216308594,-2596.0,-8565.0,313.0,0,0,0,0,0
31294.665,1.6308705806732178,2.3331222534179688,1.3759647607803345,0.029436230659484863,0.03220226988196373,0.00528380274772644,2.0629777908325195,0.014371860772371292,-79.73820495605469,30.54878807067871,4.650211334228516,66.33890533447266,-3108.0,-8122.0,-1154.0,0,0,0,0,0
31304.543,1.6312047243118286,2.333392858505249,1.3762764930725098,0.02388666570186615,0.02995903417468071,0.05929689481854439,2.374236583709717,-0.03074953705072403,-78.18199157714844,-130.69175720214844,11.847811698913574,-58.25046157836914,-1569.0,-8450.0,-645.0,0,0,0,0,0
31314.425,1.6314595937728882,2.3335683345794678,1.3764188289642334,0.021668480709195137,0.028471574187278748,-0.015858663246035576,1.859930396080017,-0.14408890902996063,-78.37898254394531,-128.78970336914062,-12.846068382263184,-253.95437622070312,3602.0,-8420.0,-237.0,0,0,0,0,0
31324.288,1.6316264867782593,2.33372163772583,1.376251220703125,0.016711311414837837,0.025860855355858803,-0.005257576238363981,0.3121928870677948,-0.24319860339164734,-78.92111206054688,41.02356719970703,13.88748550415039,62.951316833496094,6324.0,-8791.0,-1002.0,0,0,0,0,0
31334.163,1.6317230463027954,2.3338053226470947,1.3757731914520264,0.015531825833022594,0.02418576553463936,-0.06412474066019058,-0.027981039136648178,-0.28130021691322327,-78.94725799560547,108.53269958496094,4.508895397186279,1.6968233585357666,688.0,-8740.0,-1281.0,0,0,0,0,0
31344.046,1.6319539546966553,2.3339085578918457,1.375038981437683,0.016845662146806717,0.022859957069158554,-0.06124170124530792,1.4039205312728882,-0.37933051586151123,-78.2503662109375,-62.18714141845703,-10.662108421325684,-118.22024536132812,-3852.0,-8717.0,-541.0,0,0,0,0,0
31353.92,1.632165789604187,2.3340656757354736,1.3747652769088745,0.01318261306732893,0.01993965543806553,0.007548019289970398,1.3666349649429321,-0.34210461378097534,-77.6505126953125,72.30735778808594,25.11130714416504,-72.0435791015625,-1648.0,-9063.0,244.0,0,0,0,0,0
31363.789,1.632483959197998,2.334118127822876,1.3748968839645386,0.010938618332147598,0.017746293917298317,0.03535008057951927,1.4096027612686157,-0.5255684852600098,-79.04151153564453,57.4347038269043,-3.8179264068603516,107.29300689697266,-2520.0,-8303.0,-687.0,0,0,0,0,0
31373.66,1.6328600645065308,2.334240198135376,1.3750981092453003,0.011209143325686455,0.016434606164693832,0.007637079805135727,2.224303722381592,-0.6264438629150391,-79.9415283203125,55.891693115234375,-5.304543495178223,167.2409210205078,-3323.0,-8256.0,-2177.0,0,0,0,0,0
31383.534,1.6330708265304565,2.334271192550659,1.3754197359085083,0.006362427491694689,0.012871627695858479,0.05519339069724083,2.4993326663970947,-0.546303927898407,-78.23004913330078,-118.2592544555664,0.5318286418914795,-61.15284729003906,-2544.0,-9008.0,-1810.0,0,0,0,0,0
31393.427,1.6331243515014648,2.334254026412964,1.3754760026931763,0.004553084261715412,0.011463556438684464,-0.01817222312092781,2.1036758422851562,-0.5816817283630371,-78.84574127197266,-133.5684356689453,-30.89521598815918,-237.65911865234375,2684.0,-8952.0,-1434.0,0,0,0,0,0
31403.282,1.6331167221069336,2.334275245666504,1.3753480911254883,-0.0001203773426823318,0.008884734474122524,-0.01183862704783678,0.5726168155670166,-0.6056967973709106,-79.24514770507812,55.79201126098633,2.0673248767852783,25.98288345336914,5233.0,-9380.0,-2094.0,0,0,0,0,0
31413.153,1.6330652236938477,2.3341848850250244,1.3747589588165283,-0.0003681609232444316,0.007472872268408537,-0.0877351313829422,0.5333555936813354,-0.5099154114723206,-79.41803741455078,115.50613403320312,-4.242306709289551,85.89915466308594,-239.0,-9377.0,-2426.0,0,0,0,0,0
31423.031,1.633129358291626,2.334111213684082,1.3739454746246338,-0.0006683726678602397,0.00565817765891552,-0.05687810480594635,1.9013559818267822,-0.5520075559616089,-78.13153839111328,-113.90587615966797,3.022372245788574,5.2459635734558105,-4236.0,-9106.0,-1051.0,0,0,0,0,0
31432.925,1.633202075958252,2.333984613418579,1.3738021850585938,-0.0051468960009515285,0.002273316727951169,0.01601790450513363,1.5575039386749268,-0.5509397387504578,-77.42432403564453,112.01274108886719,27.888202667236328,-236.44351196289062,-924.0,-8648.0,612.0,0,0,0,0,0
31442.78,1.633370041847229,2.3338429927825928,1.3740520477294922,-0.006929435767233372,0.0005685149226337671,0.029057485982775688,1.6797198057174683,-0.8309375643730164,-78.7924575805664,12.049074172973633,11.557710647583008,167.73654174804688,-2591.0,-7376.0,59.0,0,0,0,0,0
31452.654,1.6333887577056885,2.3337554931640625,1.3743349313735962,-0.008381938561797142,-0.0011357865296304226,0.024739334359765053,2.3042163848876953,-1.020078420639038,-79.74179077148438,53.516510009765625,24.666574478149414,239.16656494140625,-2575.0,-6903.0,-1109.0,0,0,0,0,0
31462.529,1.6334130764007568,2.333555221557617,1.3747862577438354,-0.011911734938621521,-0.004195435903966427,0.042625244706869125,2.388792037963867,-1.1485923528671265,-78.28629302978516,-124.43194580078125,4.514682769775391,-34.23337173461914,-2191.0,-6897.0,-467.0,0,0,0,0,0
31472.412,1.6333247423171997,2.3333215713500977,1.3750373125076294,-0.013880894519388676,-0.005732445046305656,-0.006761250086128712,2.038234233856201,-1.2590160369873047,-78.27552795410156,-126.87046813964844,7.338877201080322,-96.66358184814453,2897.0,-7103.0,124.0,0,0,0,0,0
31482.277,1.633131742477417,2.333036184310913,1.3748480081558228,-0.018019691109657288,-0.008435673080384731,-0.02073933370411396,0.38663357496261597,-1.4711217880249023,-78.73516845703125,66.69888305664062,7.194964408874512,-44.69908142089844,4557.0,-7126.0,-317.0,0,0,0,0,0
31492.156,1.6329559087753296,2.332749843597412,1.3742024898529053,-0.017137140035629272,-0.00907917320728302,-0.09283250570297241,0.666772186756134,-1.5250654220581055,-79.72117614746094,97.0108642578125,2.472740411758423,111.076904296875,-565.0,-7204.0,-1219.0,0,0,0,0,0
31502.033,1.6328290700912476,2.3325555324554443,1.3735653162002563,-0.017942506819963455,-0.013338781893253326,-0.03154334798455238,1.6713014841079712,-1.6395089626312256,-77.70751953125,-138.5737762451172,7.25452995300293,100.0196762084961,-3172.0,-7540.0,-523.0,0,0,0,0,0
31511.91,1.632720708847046,2.332214117050171,1.373660922050476,-0.020768053829669952,-0.019037585705518723,0.04153021425008774,1.0445261001586914,-1.5984970331192017,-77.8726806640625,146.83851623535156,20.93441390991211,-376.133056640625,-67.0,-7683.0,446.0,0,0,0,0,0
31521.774,1.632712960243225,2.331855058670044,1.374191164970398,-0.02066068723797798,-0.0211234949529171,0.036613792181015015,1.3154699802398682,-1.8556654453277588,-79.75990295410156,-55.4481201171875,2.505577802658081,296.24017333984375,-2358.0,-6881.0,-1357.0,0,0,0,0,0
31531.657,1.6326552629470825,2.3314619064331055,1.3747581243515015,-0.02146042324602604,-0.024630004540085793,0.0501287579536438,1.536081314086914,-1.9237838983535767,-79.68428039550781,69.96632385253906,0.04455133154988289,60.23177719116211,-1242.0,-7137.0,-2507.0,0,0,0,0,0
31541.522,1.6324838399887085,2.3311169147491455,1.3753085136413574,-0.022772274911403656,-0.02759867161512375,0.0448724627494812,1.557476282119751,-1.847556710243225,-78.88666534423828,-124.40044403076172,-11.03625202178955,-12.999963760375977,-1870.0,-7948.0,-2650.0,0,0,0,0,0
31551.407,1.632379412651062,2.3306803703308105,1.3756155967712402,-0.02349247969686985,-0.02947084605693817,0.010908362455666065,1.3614060878753662,-1.7999693155288696,-79.25228881835938,-107.80088806152344,-5.474761486053467,179.98703002929688,2911.0,-8560.0,-2816.0,0,0,0,0,0
31561.285,1.632150650024414,2.330179214477539,1.3755197525024414,-0.026489252224564552,-0.031531624495983124,-0.03235415741801262,-0.35314464569091797,-1.7019493579864502,-78.90895080566406,80.21488189697266,1.0211257934570312,-87.3353271484375,4245.0,-8990.0,-2778.0,0,0,0,0,0
31571.146,1.631900429725647,2.3296260833740234,1.374747395515442,-0.02420651540160179,-0.032030850648880005,-0.09754668176174164,0.23606960475444794,-1.5730037689208984,-80.07024383544922,77.08068084716797,-8.690563201904297,125.65676879882812,-710.0,-8838.0,-3134.0,0,0,0,0,0
31581.024,1.6317977905273438,2.3290693759918213,1.3741453886032104,-0.02361489087343216,-0.036469221115112305,-0.009176590479910374,0.8141248822212219,-1.4903113842010498,-78.22533416748047,-125.4432373046875,6.784633159637451,271.7735595703125,-2167.0,-9050.0,-2077.0,0,0,0,0,0
31590.903,1.6315873861312866,2.3285722732543945,1.3742427825927734,-0.024441879242658615,-0.039335548877716064,0.027366355061531067,-0.10949733853340149,-1.3897205591201782,-77.4760971069336,139.91012573242188,-5.509269714355469,-313.4972229003906,304.0,-8523.0,-79.0,0,0,0,0,0
31600.769,1.6315633058547974,2.327979564666748,1.3745399713516235,-0.022219961509108543,-0.04045527055859566,0.028745925053954124,0.5339120626449585,-1.4608097076416016,-79.4621810913086,-77.80340576171875,-0.5428694486618042,148.84303283691406,-1901.0,-7920.0,-675.0,0,0,0,0,0
31610.644,1.6315218210220337,2.327345609664917,1.3750147819519043,-0.021914251148700714,-0.042528823018074036,0.04791456460952759,0.3285781145095825,-1.4728913307189941,-79.45050811767578,42.64228439331055,7.849051475524902,15.651164054870605,-442.0,-7690.0,-1515.0,0,0,0,0,0
31620.517,1.6314364671707153,2.326674222946167,1.3754839897155762,-0.021118996664881706,-0.04315106198191643,0.018642591312527657,0.4419589042663574,-1.5101208686828613,-78.98577117919922,-98.38441467285156,-13.400856018066406,-55.30638885498047,-1093.0,-7350.0,-1474.0,0,0,0,0,0
31630.401,1.631335735321045,2.325998067855835,1.3756821155548096,-0.02096438780426979,-0.04434969276189804,0.002946155611425638,0.14920289814472198,-1.507696509361267,-78.64388275146484,-100.10033416748047,8.384190559387207,87.23799896240234,2804.0,-7726.0,-1165.0,0,0,0,0,0
31640.275,1.6311637163162231,2.32541823387146,1.375374674797058,-0.023210300132632256,-0.044374410063028336,-0.0645795613527298,-1.2520599365234375,-1.4904704093933105,-78.4426498413086,84.60263061523438,-12.566040992736816,-95.8272705078125,3433.0,-7963.0,-902.0,0,0,0,0,0
31650.145,1.6310303211212158,2.324707508087158,1.374495506286621,-0.020075106993317604,-0.04453718662261963,-0.10798247903585434,-0.5632636547088623,-1.3428274393081665,-79.77596282958984,66.8731460571289,7.2796406745910645,200.55946350097656,-636.0,-8473.0,-1440.0,0,0,0,0,0
31660.028,1.6309833526611328,2.3239946365356445,1.373843789100647,-0.017194772139191628,-0.04719328507781029,-0.023811716586351395,-0.052911803126335144,-1.3614810705184937,-77.79425811767578,-95.10907745361328,4.556487083435059,192.8514862060547,-1684.0,-8522.0,-637.0,0,0,0,0,0
31669.898,1.6309596300125122,2.323254346847534,1.3738807439804077,-0.01574184000492096,-0.049270033836364746,0.016800323501229286,-0.7214740514755249,-1.212405800819397,-77.88070678710938,145.2811279296875,-9.351956367492676,-410.6361083984375,57.0,-8449.0,527.0,0,0,0,0,0
31679.763,1.6310489177703857,2.322519063949585,1.3743302822113037,-0.012519583106040955,-0.04996715486049652,0.0319981686770916,0.08858505636453629,-1.1775085926055908,-80.29800415039062,-77.79329681396484,-6.950740814208984,119.10885620117188,-2400.0,-8419.0,-1399.0,0,0,0,0,0
31689.636,1.6310476064682007,2.321903944015503,1.374756932258606,-0.011924204416573048,-0.050815168768167496,0.05147218704223633,-0.22180882096290588,-1.0732060670852661,-79.53614807128906,49.09111022949219,-11.36895751953125,-48.242401123046875,-648.0,-8536.0,-2839.0,0,0,0,0,0
31699.511,1.6311525106430054,2.321181535720825,1.3751157522201538,-0.010383015498518944,-0.05055919289588928,0.013271301053464413,-0.034042637795209885,-0.9554117321968079,-79.10686492919922,-75.15744018554688,-31.944658279418945,-76.99053192138672,-1328.0,-8853.0,-2922.0,0,0,0,0,0
31709.396,1.6312474012374878,2.3204662799835205,1.3753352165222168,-0.009349945932626724,-0.05085500702261925,0.005446187220513821,-0.12532247602939606,-0.7455846071243286,-79.03174591064453,-87.1415786743164,0.7722471952438354,137.32443237304688,2096.0,-9705.0,-2847.0,0,0,0,0,0
31719.26,1.631273627281189,2.319706916809082,1.3749964237213135,-0.011457382701337337,-0.05063537135720253,-0.07947123795747757,-1.348642110824585,-0.5873695611953735,-78.6264877319336,97.46833038330078,-19.043155670166016,-137.75863647460938,2755.0,-9865.0,-2411.0,0,0,0,0,0
31729.135,1.631317138671875,2.318942070007324,1.3740270137786865,-0.008116030134260654,-0.05000199377536774,-0.11347998678684235,-0.525716245174408,-0.2931462526321411,-79.76322174072266,53.16146469116211,0.8626180291175842,234.17874145507812,-1281.0,-10189.0,-2644.0,0,0,0,0,0
31739.008,1.631342887878418,2.3183305263519287,1.3734368085861206,-0.006323855370283127,-0.04898509383201599,-0.00693500367924571,-0.09252742677927017,-0.22324562072753906,-77.30952453613281,-65.66751861572266,-11.039350509643555,262.1064147949219,-1759.0,-9921.0,-1471.0,0,0,0,0,0
31748.899,1.6314777135849,2.317614793777466,1.37354576587677,-0.005530130118131638,-0.04834674671292305,0.019969763234257698,-0.5944287776947021,0.0532965250313282,-77.00706481933594,138.93365478515625,-17.498144149780273,-302.6750793457031,-391.0,-9956.0,1149.0,0,0,0,0,0
31758.77,1.6315257549285889,2.3167052268981934,1.3739858865737915,-0.0037832886446267366,-0.04728570953011513,0.03556109964847565,0.279937744140625,0.13196048140525818,-78.60707092285156,-64.16612243652344,-9.3875150680542,49.94477844238281,-2667.0,-9628.0,1087.0,0,0,0,0,0
31768.632,1.6317328214645386,2.316000461578369,1.3746867179870605,-0.0036771229933947325,-0.045850031077861786,0.06526463478803635,0.1571912318468094,0.22629845142364502,-79.00286102294922,35.48339080810547,-10.51933765411377,-46.039024353027344,-1076.0,-9269.0,183.0,0,0,0,0,0
31778.515,1.631922721862793,2.3153107166290283,1.3752652406692505,-0.002869320334866643,-0.04441738873720169,0.02171507105231285,0.3577868342399597,0.298595130443573,-78.90320587158203,-30.585615158081055,-21.095285415649414,-67.90767669677734,-1563.0,-8926.0,-405.0,0,0,0,0,0
31788.39,1.6320077180862427,2.3147690296173096,1.3756352663040161,-0.0032685850746929646,-0.04254886135458946,0.029838930815458298,0.45052310824394226,0.3916863203048706,-78.62806701660156,-56.62131881713867,-3.558014154434204,58.66161346435547,570.0,-9262.0,-731.0,0,0,0,0,0
31798.255,1.6321500539779663,2.314086675643921,1.3754247426986694,-0.004656337667256594,-0.04245613515377045,-0.08138593286275864,-0.35668402910232544,0.5384215116500854,-78.46082305908203,100.71549224853516,-20.045936584472656,-68.57566833496094,1015.0,-9643.0,-812.0,0,0,0,0,0
31808.131,1.632302165031433,2.3134303092956543,1.3744763135910034,-0.0027048008050769567,-0.04069790616631508,-0.10531944781541824,0.4854655861854553,0.7048341035842896,-79.42586517333984,-31.55484962463379,2.0620691776275635,130.92050170898438,-1895.0,-9995.0,-1534.0,0,0,0,0,0
31818.013,1.6324520111083984,2.3128039836883545,1.3739726543426514,-0.004279897548258305,-0.037469472736120224,-0.0017732075648382306,0.4424801170825958,0.7906701564788818,-78.2806167602539,14.637439727783203,-11.166495323181152,-7.232902526855469,-834.0,-9831.0,-1119.0,0,0,0,0,0
31827.887,1.6325725317001343,2.312222957611084,1.3740593194961548,-0.0048696002922952175,-0.03548915684223175,0.007193572819232941,0.3263082802295685,0.9857144951820374,-78.246337890625,57.50689697265625,-16.167381286621094,-149.02017211914062,-1204.0,-9998.0,-626.0,0,0,0,0,0
31837.753,1.6326276063919067,2.3117847442626953,1.374243140220642,-0.005082576535642147,-0.03271732106804848,0.0188304390758276,0.9562214016914368,1.130248785018921,-79.46708679199219,-24.274124145507812,-16.468366622924805,6.368494510650635,-2205.0,-10161.0,-1264.0,0,0,0,0,0
31847.632,1.6327595710754395,2.311289072036743,1.3747506141662598,-0.0071448287926614285,-0.029648875817656517,0.05895259976387024,0.9041973352432251,1.266824722290039,-79.40818786621094,-1.4718278646469116,-22.16562843322754,33.14445877075195,-1130.0,-10315.0,-2142.0,0,0,0,0,0
31857.514,1.6328688859939575,2.3108208179473877,1.375075340270996,-0.007228169124573469,-0.028616398572921753,-0.0021888853516429663,0.8371083736419678,1.4536247253417969,-78.906982421875,22.661062240600586,-43.00327682495117,-127.16761016845703,-830.0,-10665.0,-2170.0,0,0,0,0,0
31867.389,1.6329982280731201,2.310392379760742,1.3751784563064575,-0.00852026417851448,-0.025554971769452095,0.018570106476545334,1.078600525856018,1.7512476444244385,-79.23603820800781,-3.3968491554260254,-27.44617462158203,-45.69815444946289,-1265.0,-11561.0,-2493.0,0,0,0,0,0
31877.255,1.6330491304397583,2.309971809387207,1.3747581243515015,-0.006914990022778511,-0.026690952479839325,-0.11226469278335571,1.0979095697402954,1.9855337142944336,-79.61196899414062,47.16989517211914,-35.43727111816406,50.88899612426758,-1335.0,-11538.0,-3036.0,0,0,0,0,0
31887.123,1.6330511569976807,2.309634208679199,1.3734790086746216,-0.008106118068099022,-0.02392701245844364,-0.13094137609004974,1.407119870185852,2.2119221687316895,-79.2719497680664,-90.33517456054688,-15.828222274780273,63.04697036743164,-1793.0,-11606.0,-3227.0,0,0,0,0,0
31897.002,1.6330208778381348,2.3092732429504395,1.372594952583313,-0.013403858989477158,-0.016955379396677017,-0.03455448895692825,1.010910153388977,2.3759560585021973,-78.88867950439453,74.23673248291016,-27.604503631591797,-145.88917541503906,379.0,-11353.0,-2480.0,0,0,0,0,0
31906.882,1.6329004764556885,2.308969020843506,1.3723793029785156,-0.015943607315421104,-0.012479430995881557,-0.013719266280531883,1.150133728981018,2.5340631008148193,-78.90082550048828,-32.37678146362305,7.943440914154053,192.2291259765625,-1314.0,-11504.0,-2087.0,0,0,0,0,0
31916.747,1.632702350616455,2.308722734451294,1.3724377155303955,-0.018906492739915848,-0.008023095317184925,0.0038921914529055357,1.1897473335266113,2.6760787963867188,-78.33295440673828,36.25715637207031,-1.0243167877197266,-16.25639533996582,-877.0,-11030.0,-1001.0,0,0,0,0,0
31926.621,1.6324998140335083,2.308547258377075,1.3727152347564697,-0.022508354857563972,-0.0024172186385840178,0.04159555211663246,1.2631196975708008,2.7091503143310547,-78.36837005615234,-54.98496627807617,3.628087043762207,50.350425720214844,-890.0,-10419.0,-128.0,0,0,0,0,0
31936.497,1.6322790384292603,2.308462142944336,1.3728394508361816,-0.023959703743457794,-0.0008609349024482071,-0.014643115922808647,0.9091243743896484,2.703974962234497,-78.33795928955078,28.06855010986328,0.802055299282074,-44.749977111816406,462.0,-9997.0,422.0,0,0,0,0,0
31946.388,1.6320440769195557,2.308335542678833,1.3727012872695923,-0.025852791965007782,0.003020267467945814,-0.01260965783149004,0.8839178681373596,2.7116286754608154,-78.7536849975586,95.59864044189453,-27.0924129486084,-48.747371673583984,-1904.0,-10116.0,331.0,0,0,0,0,0
31956.244,1.6318330764770508,2.3082616329193115,1.3720154762268066,-0.02162744104862213,0.0017487644217908382,-0.12736037373542786,1.9816219806671143,2.8903121948242188,-78.99067687988281,-56.80899429321289,-3.639955997467041,156.91502380371094,-3835.0,-11105.0,-45.0,0,0,0,0,0
31966.129,1.6315425634384155,2.308201313018799,1.3706878423690796,-0.025247832760214806,0.0044680871069431305,-0.14107336103916168,1.5595148801803589,3.0038514137268066,-77.94908905029297,-125.10160064697266,-5.337820053100586,-106.83914184570312,-755.0,-11377.0,259.0,0,0,0,0,0
31975.993,1.6310555934906006,2.3081955909729004,1.3699796199798584,-0.03187611326575279,0.013232970610260963,-0.03384343162178993,0.7997670769691467,3.0498054027557373,-79.37541961669922,121.2275390625,-19.02880859375,-212.4188232421875,1723.0,-10833.0,-97.0,0,0,0,0,0
31985.877,1.6306573152542114,2.3083314895629883,1.3697903156280518,-0.03362617269158363,0.017922738566994667,-0.02285986766219139,1.3170839548110962,3.048959255218506,-79.68692779541016,-117.93811798095703,-3.4031760692596436,304.322509765625,-1064.0,-10933.0,-1632.0,0,0,0,0,0
31995.741,1.630021572113037,2.3085129261016846,1.3699098825454712,-0.03805452212691307,0.023011231794953346,0.010568169876933098,0.824462354183197,3.2181646823883057,-78.40847778320312,37.424713134765625,-8.225715637207031,-74.5421371459961,376.0,-11151.0,-1184.0,0,0,0,0,0
32005.615,1.629367470741272,2.3087620735168457,1.3703327178955078,-0.04126201197504997,0.028640972450375557,0.04222771152853966,0.783130407333374,3.2210805416107178,-78.16588592529297,-71.20896911621094,10.83767318725586,-29.474042892456055,50.0,-11161.0,-431.0,0,0,0,0,0
32015.49,1.6287181377410889,2.3090643882751465,1.3707201480865479,-0.04319994896650314,0.030683541670441628,0.0104814562946558,0.34471917152404785,3.237567663192749,-78.79745483398438,131.07928466796875,-7.634312152862549,16.250730514526367,939.0,-10884.0,-477.0,0,0,0,0,0
32025.374,1.6281170845031738,2.309391498565674,1.3706889152526855,-0.04238983988761902,0.03172500059008598,-0.04207348823547363,0.9688679575920105,3.3276259899139404,-78.84976196289062,114.48149871826172,-14.679893493652344,27.420612335205078,-4655.0,-11369.0,-879.0,0,0,0,0,0
32035.239,1.6276450157165527,2.309752941131592,1.3699924945831299,-0.03942669928073883,0.0322883166372776,-0.1038641408085823,2.6017513275146484,3.508394241333008,-78.8061752319336,-119.000732421875,9.33600902557373,118.12948608398438,-6116.0,-12245.0,-734.0,0,0,0,0,0
32045.113,1.6269800662994385,2.3101468086242676,1.3691136837005615,-0.045704398304224014,0.03588896617293358,-0.09434368461370468,1.5960546731948853,3.6173789501190186,-77.47516632080078,-68.36949157714844,18.50368881225586,3.6580615043640137,420.0,-12149.0,259.0,0,0,0,0,0
32054.989,1.6261224746704102,2.310587167739868,1.3685040473937988,-0.0518651083111763,0.04330991208553314,-0.0291702002286911,0.7214827537536621,3.5512893199920654,-78.77227020263672,103.77972412109375,-18.488126754760742,-41.011112213134766,1814.0,-11179.0,14.0,0,0,0,0,0
32064.871,1.6251660585403442,2.311110734939575,1.3684806823730469,-0.054499927908182144,0.04834732040762901,-0.0072790575213730335,1.4977530241012573,3.6010684967041016,-79.76236724853516,-116.61907958984375,-0.1419038325548172,365.5523681640625,-915.0,-11642.0,-1371.0,0,0,0,0,0
32074.739,1.6240589618682861,2.3116531372070312,1.3687314987182617,-0.05992201343178749,0.05312691256403923,0.021940503269433975,0.5829357504844666,3.7590367794036865,-77.61154174804688,-4.995744228363037,-11.305059432983398,-157.3921661376953,986.0,-11831.0,-512.0,0,0,0,0,0
32084.614,1.6232062578201294,2.3122401237487793,1.3691188097000122,-0.06224364787340164,0.05814360827207565,0.042982567101716995,0.28833797574043274,3.7236080169677734,-77.62488555908203,-65.71515655517578,-6.7893900871276855,-265.1449279785156,1062.0,-11674.0,794.0,0,0,0,0,0
32094.484,1.6221626996994019,2.312915086746216,1.3695979118347168,-0.06374002993106842,0.06027898192405701,0.01733408123254776,0.027056928724050522,3.6825616359710693,-79.07733917236328,149.76345825195312,0.6494246125221252,-123.00886535644531,11.0,-11321.0,245.0,0,0,0,0,0
32104.382,1.6211788654327393,2.313612222671509,1.3695133924484253,-0.061615511775016785,0.059872157871723175,-0.05536985397338867,1.0429118871688843,3.641319751739502,-79.1722183227539,81.3651123046875,-6.760838031768799,144.27658081054688,-6333.0,-11215.0,-715.0,0,0,0,0,0
32114.233,1.6202441453933716,2.314368486404419,1.3690135478973389,-0.06192152574658394,0.06233783811330795,-0.07381980121135712,2.3991379737854004,3.685697555541992,-77.98651123046875,-223.03952026367188,34.555667877197266,52.382347106933594,-5990.0,-11645.0,-253.0,0,0,0,0,0
32124.107,1.6190229654312134,2.3151652812957764,1.3685775995254517,-0.06962478160858154,0.06701339036226273,-0.037997301667928696,0.8978619575500488,3.5451345443725586,-77.8496322631836,5.093799114227295,38.48798751831055,-354.0469665527344,1983.0,-10613.0,518.0,0,0,0,0,0
32133.982,1.6180472373962402,2.315915822982788,1.3682342767715454,-0.07196791470050812,0.06982110440731049,-0.045567940920591354,0.3905287981033325,3.157168388366699,-79.61446380615234,19.923931121826172,13.221501350402832,127.08511352539062,2005.0,-9091.0,-920.0,0,0,0,0,0
32143.866,1.6166565418243408,2.316767930984497,1.36831796169281,-0.07527229934930801,0.0758359283208847,0.026891712099313736,0.6362721920013428,3.0513572692871094,-79.16856384277344,-110.40682983398438,8.899520874023438,195.38290405273438,224.0,-9910.0,-1620.0,0,0,0,0,0
32153.73,1.6151539087295532,2.3176887035369873,1.3687998056411743,-0.07856138050556183,0.07781246304512024,0.033780764788389206,-0.25225257873535156,3.11356258392334,-77.3601303100586,-0.8883858919143677,-0.22124357521533966,-178.29483032226562,2118.0,-11133.0,42.0,0,0,0,0,0
32163.605,1.6137253046035767,2.3186705112457275,1.3695112466812134,-0.07966514676809311,0.08197060227394104,0.06938821077346802,-0.5829794406890869,3.0675740242004395,-77.98651123046875,41.448062896728516,20.383310317993164,-9.461130142211914,1044.0,-11536.0,665.0,0,0,0,0,0
32173.485,1.6124207973480225,2.3196511268615723,1.3700605630874634,-0.0788792222738266,0.0809808298945427,0.0037115097511559725,-0.23256918787956238,2.9464409351348877,-79.22515106201172,147.11575317382812,1.8418126106262207,65.20775604248047,-2522.0,-11034.0,-174.0,0,0,0,0,0
32183.364,1.6114205121994019,2.3205652236938477,1.3698810338974,-0.07596168667078018,0.08048031479120255,-0.050239913165569305,0.9440106153488159,2.848712682723999,-79.10363006591797,78.47370910644531,5.502021789550781,-24.8448429107666,-7458.0,-10971.0,-883.0,0,0,0,0,0
32193.243,1.6102646589279175,2.3216395378112793,1.3695834875106812,-0.07793071866035461,0.08297915756702423,-0.02778973989188671,1.9936437606811523,2.850963592529297,-78.3185043334961,-229.34683227539062,68.54375457763672,39.36646270751953,-5243.0,-11050.0,-856.0,0,0,0,0,0
32203.105,1.6089015007019043,2.3226239681243896,1.3694466352462769,-0.08356902748346329,0.08442029356956482,-0.01893736608326435,0.29939034581184387,2.3972060680389404,-78.50218963623047,15.257686614990234,40.658817291259766,-373.62060546875,2280.0,-8688.0,-736.0,0,0,0,0,0
32212.979,1.6074022054672241,2.323711633682251,1.3693989515304565,-0.08521062880754471,0.08560668677091599,-0.024301238358020782,0.10126180946826935,1.946265459060669,-80.16355895996094,-77.27017211914062,24.361047744750977,149.6237030029297,2517.0,-7663.0,-2408.0,0,0,0,0,0
32222.863,1.60574209690094,2.324777603149414,1.3697782754898071,-0.0867568850517273,0.08809494972229004,0.051788248121738434,-0.6162429451942444,1.776394248008728,-78.57014465332031,-103.59831237792969,19.779273986816406,132.78099060058594,2193.0,-9030.0,-2642.0,0,0,0,0,0
32232.726,1.6044622659683228,2.3257501125335693,1.3703417778015137,-0.08632446825504303,0.08717647194862366,0.04048052430152893,-1.331943154335022,1.6918319463729858,-77.40795135498047,-43.07846450805664,7.497714519500732,-183.58177185058594,3237.0,-10044.0,-558.0,0,0,0,0,0
32242.613,1.6028623580932617,2.326829433441162,1.3711588382720947,-0.08437547832727432,0.08844161778688431,0.08061997592449188,-1.9296531677246094,1.569150447845459,-77.59024810791016,64.68954467773438,31.431245803833008,-100.66753387451172,1518.0,-10401.0,831.0,0,0,0,0,0
32252.477,1.6014437675476074,2.3279130458831787,1.3716710805892944,-0.08254602551460266,0.086402527987957,-0.002001589396968484,-1.3214257955551147,1.3761184215545654,-78.47320556640625,105.8572769165039,0.7348297834396362,114.71260833740234,-3232.0,-9791.0,726.0,0,0,0,0,0
32262.363,1.6001486778259277,2.3290183544158936,1.3716228008270264,-0.07944629341363907,0.08565089851617813,-0.028064612299203873,-0.20240122079849243,1.2393622398376465,-78.27059936523438,84.52503204345703,27.932313919067383,-45.08530044555664,-7242.0,-10017.0,730.0,0,0,0,0,0
32272.225,1.598969578742981,2.3301355838775635,1.371665596961975,-0.07889731228351593,0.08579001575708389,0.02268889732658863,0.8304551243782043,1.0620278120040894,-78.25761413574219,-172.0029754638672,80.28697967529297,166.53866577148438,-4769.0,-9648.0,556.0,0,0,0,0,0
32282.099,1.5978858470916748,2.3310837745666504,1.3717045783996582,-0.08128707110881805,0.08401624113321304,-0.011700298637151718,-0.62067049741745,0.49904972314834595,-78.106201171875,12.000483512878418,52.248146057128906,-305.9091796875,1494.0,-6899.0,523.0,0,0,0,0,0
32291.986,1.5964686870574951,2.3321409225463867,1.3717472553253174,-0.08057431876659393,0.08273106813430786,0.0018550647655501962,-0.8092381358146667,-0.05719631537795067,-79.91068267822266,-99.54368591308594,26.81856918334961,75.48833465576172,2584.0,-5954.0,-1254.0,0,0,0,0,0
32301.858,1.5949065685272217,2.3331353664398193,1.3720488548278809,-0.07889638841152191,0.07984526455402374,0.050984546542167664,-1.7376224994659424,-0.29920920729637146,-79.08348846435547,-60.30978775024414,12.124892234802246,-89.1173095703125,2760.0,-7259.0,-1988.0,0,0,0,0,0
32311.722,1.5933640003204346,2.3340940475463867,1.3726178407669067,-0.07680363953113556,0.07682999968528748,0.046989746391773224,-2.085252285003662,-0.4398311674594879,-78.50846862792969,-68.1010971069336,23.3164005279541,-80.87989044189453,2834.0,-8809.0,-1478.0,0,0,0,0,0
32321.597,1.5919605493545532,2.3349974155426025,1.3732298612594604,-0.07283912599086761,0.07384691387414932,0.06956974416971207,-2.7968266010284424,-0.6640086770057678,-77.84082794189453,112.26806640625,31.957117080688477,-145.20242309570312,1237.0,-9140.0,-561.0,0,0,0,0,0
32331.471,1.591005802154541,2.3358163833618164,1.3735344409942627,-0.06887897849082947,0.07157252728939056,-0.0029154641088098288,-1.9277894496917725,-0.8553738594055176,-78.6791000366211,80.53016662597656,8.643855094909668,80.18357849121094,-3815.0,-8540.0,-549.0,0,0,0,0,0
32341.355,1.589932918548584,2.3366992473602295,1.3732292652130127,-0.06488534063100815,0.0688861533999443,-0.03618376702070236,-0.9592671394348145,-1.0401420593261719,-78.66576385498047,113.90309143066406,18.59784698486328,-30.849287033081055,-6830.0,-8700.0,-656.0,0,0,0,0,0
32351.22,1.5889631509780884,2.3375632762908936,1.373006820678711,-0.061508938670158386,0.06436267495155334,0.005999661982059479,0.14212845265865326,-1.179469108581543,-78.58430480957031,-109.18165588378906,50.540184020996094,145.7563934326172,-5817.0,-8605.0,-750.0,0,0,0,0,0
32361.095,1.5879110097885132,2.338351249694824,1.3727257251739502,-0.06267193704843521,0.06145955249667168,-0.0402020700275898,-0.6580373048782349,-1.5856932401657104,-78.42606353759766,-13.658241271972656,42.12891387939453,-45.705142974853516,-165.0,-6966.0,-669.0,0,0,0,0,0
32370.969,1.5867427587509155,2.3390753269195557,1.3723138570785522,-0.06148650124669075,0.05696170777082443,-0.029518308117985725,-1.069240689277649,-2.052610158920288,-79.25436401367188,-116.96261596679688,10.836227416992188,92.40431213378906,2137.0,-6307.0,-1287.0,0,0,0,0,0
32380.853,1.5858019590377808,2.3396570682525635,1.3722001314163208,-0.057879045605659485,0.050281863659620285,0.008854798972606659,-2.062359571456909,-2.222888469696045,-79.26351928710938,5.327714443206787,0.957481324672699,80.10820770263672,3918.0,-6873.0,-1835.0,0,0,0,0,0
32390.716,1.584537386894226,2.340195655822754,1.372309684753418,-0.0540757030248642,0.044713396579027176,0.023147033527493477,-2.407254219055176,-2.3796184062957764,-78.49604797363281,-113.64053344726562,3.272313356399536,28.96210479736328,2994.0,-8181.0,-1387.0,0,0,0,0,0
32400.589,1.583366870880127,2.3406567573547363,1.3725016117095947,-0.05013958364725113,0.039175018668174744,0.029202086851000786,-3.2536814212799072,-2.4161295890808105,-78.0373764038086,144.7723846435547,2.223297595977783,-207.8426971435547,2863.0,-8866.0,-223.0,0,0,0,0,0
32410.472,1.5824323892593384,2.341095447540283,1.3723927736282349,-0.04610813781619072,0.036370135843753815,-0.01912977360188961,-2.573336124420166,-2.5090296268463135,-78.7986831665039,62.77047348022461,3.295869827270508,31.247350692749023,-3093.0,-8638.0,-420.0,0,0,0,0,0
32420.353,1.5818390846252441,2.341478109359741,1.3719967603683472,-0.040452130138874054,0.03259225934743881,-0.03892981633543968,-1.6359308958053589,-2.6578969955444336,-79.2423095703125,75.13529205322266,8.30539321899414,-115.98882293701172,-5559.0,-8476.0,-976.0,0,0,0,0,0
32430.211,1.5812097787857056,2.3418424129486084,1.3715097904205322,-0.035203803330659866,0.025914274156093597,-0.0012983034830540419,-0.9521243572235107,-2.745335817337036,-79.06668853759766,-30.258853912353516,32.09846496582031,25.330459594726562,-5208.0,-8292.0,-1445.0,0,0,0,0,0
32440.086,1.580574631690979,2.3421311378479004,1.3710800409317017,-0.033898670226335526,0.022555535659193993,-0.03668634593486786,-1.0614135265350342,-2.9900240898132324,-78.65641784667969,-86.10569763183594,47.86452102661133,-0.2862589657306671,-1450.0,-7404.0,-1603.0,0,0,0,0,0
32449.96,1.5798180103302002,2.3423497676849365,1.3703258037567139,-0.03308241441845894,0.01810501329600811,-0.051926322281360626,-1.910365343093872,-3.3310959339141846,-79.24256896972656,-97.06273651123047,11.67027759552002,-124.0542984008789,2520.0,-6403.0,-1891.0,0,0,0,0,0
32459.844,1.5789299011230469,2.3424501419067383,1.3697125911712646,-0.028848178684711456,0.010617506690323353,-0.02181061916053295,-2.885765552520752,-3.402271032333374,-79.70502471923828,-36.48910140991211,14.974459648132324,100.7420883178711,5011.0,-6906.0,-2617.0,0,0,0,0,0
32469.708,1.5783274173736572,2.3424878120422363,1.3694382905960083,-0.021635236218571663,0.003835428738966584,-0.0023194688837975264,-3.422309160232544,-3.565089225769043,-78.10366821289062,-106.29588317871094,-24.93429183959961,-58.08218002319336,4049.0,-7873.0,-1964.0,0,0,0,0,0
32479.583,1.5775302648544312,2.3423898220062256,1.3690119981765747,-0.017513735219836235,-0.0013589828740805387,-0.02430068328976631,-4.169973373413086,-3.4971184730529785,-77.52510070800781,119.35956573486328,-7.38848352432251,-197.59193420410156,3343.0,-8592.0,-99.0,0,0,0,0,0
32489.473,1.5769429206848145,2.3422625064849854,1.3683669567108154,-0.01173344999551773,-0.004215221386402845,-0.05864463001489639,-3.0891430377960205,-3.470754623413086,-78.91514587402344,57.77302932739258,-11.74067497253418,22.85771942138672,-2528.0,-8655.0,654.0,0,0,0,0,0
32499.341,1.5765968561172485,2.3421061038970947,1.3674111366271973,-0.005776859819889069,-0.008672666735947132,-0.0654178038239479,-2.35044002532959,-3.4429688453674316,-78.90216064453125,54.2396125793457,5.4909515380859375,-90.19602966308594,-5028.0,-8777.0,15.0,0,0,0,0,0
32509.207,1.5763933658599854,2.341898202896118,1.3667244911193848,0.001541570178233087,-0.0162216629832983,-0.01072428748011589,-1.8749444484710693,-3.5000240802764893,-78.94160461425781,46.192657470703125,17.41704750061035,13.787490844726562,-4388.0,-8439.0,-454.0,0,0,0,0,0
32519.08,1.5763216018676758,2.3416690826416016,1.3662420511245728,0.0036786021664738655,-0.018004408106207848,-0.059550054371356964,-1.625217318534851,-3.5896284580230713,-79.08916473388672,-118.07725524902344,29.243131637573242,-45.928165435791016,-2357.0,-7868.0,-1073.0,0,0,0,0,0
32528.965,1.5761029720306396,2.3413381576538086,1.3653793334960938,0.006765326019376516,-0.023778630420565605,-0.04265480861067772,-2.699075698852539,-3.75515079498291,-79.07823181152344,-77.48798370361328,-1.8433514833450317,-87.40596771240234,2779.0,-7135.0,-1712.0,0,0,0,0,0
32538.839,1.5757802724838257,2.3408663272857666,1.364759087562561,0.012271293438971043,-0.03031604178249836,-0.023204529657959938,-3.724165916442871,-3.6754555702209473,-79.35615539550781,-66.34449768066406,-3.7144694328308105,158.5575408935547,5306.0,-7720.0,-2174.0,0,0,0,0,0
32548.708,1.5754584074020386,2.3402724266052246,1.3645858764648438,0.022467350587248802,-0.03743363544344902,0.027243468910455704,-4.200631618499756,-3.6874852180480957,-77.80292510986328,-94.44347381591797,-35.846595764160156,-98.68254852294922,4857.0,-8631.0,-1980.0,0,0,0,0,0
32558.578,1.5753086805343628,2.3395957946777344,1.3644236326217651,0.025627832859754562,-0.039803992956876755,-0.017113836482167244,-4.537135601043701,-3.575371742248535,-77.49130249023438,135.4430389404297,-10.514226913452148,-138.5830078125,3323.0,-8828.0,-342.0,0,0,0,0,0
32568.452,1.5754079818725586,2.338900566101074,1.3638540506362915,0.03516676649451256,-0.043236762285232544,-0.017162933945655823,-2.912903308868408,-3.451570987701416,-78.62440490722656,69.99575805664062,-19.75089454650879,83.71514892578125,-2684.0,-8728.0,746.0,0,0,0,0,0
32578.336,1.575358271598816,2.338780164718628,1.3636311292648315,0.035010065883398056,-0.04354119300842285,-0.018181728199124336,-2.912903308868408,-3.451570987701416,-78.62440490722656,33.832435607910156,1.0935168266296387,-161.80186462402344,-5167.0,-8914.0,645.0,0,0,0,0,0
32588.201,1.575697898864746,2.338114023208618,1.362988829612732,0.04090782627463341,-0.047356877475976944,-0.012125019915401936,-2.430466413497925,-3.3380353450775146,-78.4357681274414,72.71329498291016,3.030400276184082,-134.55545043945312,-4055.0,-8516.0,404.0,0,0,0,0,0
32598.084,1.576084017753601,2.337371349334717,1.3626264333724976,0.04723639041185379,-0.05252984166145325,0.029343822970986366,-1.8544237613677979,-3.43703031539917,-78.46744537353516,-134.80618286132812,11.05318546295166,95.12000274658203,-2349.0,-7725.0,-277.0,0,0,0,0,0
32607.949,1.5763115882873535,2.3365440368652344,1.3622262477874756,0.04670504480600357,-0.05331806093454361,-0.02963949926197529,-2.1464285850524902,-3.376467227935791,-79.85685729980469,-56.509212493896484,-12.022021293640137,-14.114276885986328,2777.0,-7812.0,-1618.0,0,0,0,0,0
32617.833,1.5766332149505615,2.3358123302459717,1.362002968788147,0.05193028226494789,-0.05871954560279846,0.016265222802758217,-3.1546661853790283,-3.372448682785034,-78.90145111083984,-40.27880096435547,-13.87491226196289,229.2414093017578,5195.0,-8408.0,-1984.0,0,0,0,0,0
32627.699,1.5768516063690186,2.3347718715667725,1.3618342876434326,0.05635327473282814,-0.06264957040548325,0.020683839917182922,-3.946498394012451,-3.1687686443328857,-78.43946075439453,-45.21138381958008,-32.293514251708984,41.296875,4714.0,-9458.0,-1242.0,0,0,0,0,0
32637.575,1.5771937370300293,2.333671808242798,1.3617337942123413,0.06271889805793762,-0.06582052260637283,0.025976715609431267,-4.3372111320495605,-2.84963321685791,-78.4985122680664,163.79359436035156,-17.893217086791992,-172.2960205078125,2408.0,-10144.0,-614.0,0,0,0,0,0
32647.446,1.577763557434082,2.3325629234313965,1.3613438606262207,0.06770847737789154,-0.06566073000431061,-0.01773003302514553,-3.3043410778045654,-2.775304079055786,-78.59374237060547,65.46260833740234,-23.88320541381836,35.52766799926758,-3816.0,-9443.0,-539.0,0,0,0,0,0
32657.33,1.5784882307052612,2.3315446376800537,1.3606609106063843,0.07404402643442154,-0.06750435382127762,-0.00972171314060688,-2.1849560737609863,-2.6266329288482666,-78.39933013916016,7.5378851890563965,8.479228973388672,-157.6956329345703,-4758.0,-9144.0,-411.0,0,0,0,0,0
32667.195,1.5792648792266846,2.3306708335876465,1.360532283782959,0.07906236499547958,-0.0702676922082901,0.035632845014333725,-2.0017220973968506,-2.5706350803375244,-79.18418884277344,101.37977600097656,-13.627641677856445,-227.39466857910156,-3704.0,-8338.0,-792.0,0,0,0,0,0
32677.069,1.5800896883010864,2.3295905590057373,1.3601726293563843,0.08136329799890518,-0.07009904086589813,-0.0012805437436327338,-1.06113862991333,-2.588059902191162,-79.58285522460938,-169.73118591308594,-3.5339279174804688,238.34152221679688,-2634.0,-8020.0,-2165.0,0,0,0,0,0
32686.946,1.5807480812072754,2.328444242477417,1.3596317768096924,0.0805453360080719,-0.07196655124425888,-0.011356431990861893,-2.0270793437957764,-2.5526304244995117,-78.82684326171875,-43.84456253051758,-20.159950256347656,-52.97648620605469,3133.0,-8130.0,-2031.0,0,0,0,0,0
32696.828,1.5812872648239136,2.3272461891174316,1.3592041730880737,0.08245929330587387,-0.07434216141700745,0.0034759673289954662,-2.6779894828796387,-2.407439708709717,-78.35321807861328,-65.3426513671875,-12.442235946655273,202.54408264160156,5285.0,-9064.0,-1380.0,0,0,0,0,0
32706.693,1.5819200277328491,2.325918197631836,1.3589831590652466,0.08664391934871674,-0.0765470340847969,0.030524244531989098,-3.4436538219451904,-2.1761934757232666,-77.80931854248047,2.6978156566619873,-38.5565071105957,11.883228302001953,4866.0,-9920.0,-223.0,0,0,0,0,0
32716.566,1.5826324224472046,2.3248960971832275,1.358860969543457,0.08809696137905121,-0.0760858803987503,-0.011516316793859005,-3.455186128616333,-1.7756677865982056,-78.35186004638672,142.10975646972656,-12.951156616210938,-94.71398162841797,1335.0,-10469.0,489.0,0,0,0,0,0
32726.441,1.5833852291107178,2.323646306991577,1.358249545097351,0.09240982681512833,-0.07532484829425812,-0.024789292365312576,-2.2489898204803467,-1.6806386709213257,-78.515380859375,76.25334167480469,-18.410886764526367,27.278003692626953,-4089.0,-10097.0,502.0,0,0,0,0,0
32736.328,1.5843513011932373,2.322429656982422,1.3575941324234009,0.09603071957826614,-0.07557801157236099,-0.007628616876900196,-1.274627447128296,-1.483789324760437,-78.38275146484375,-5.465482711791992,13.978353500366211,-135.13853454589844,-4709.0,-9658.0,279.0,0,0,0,0,0
32746.19,1.5853639841079712,2.3211967945098877,1.3572335243225098,0.09791211783885956,-0.07622835040092468,0.03770233690738678,-1.157789945602417,-1.4999401569366455,-79.32897186279297,123.66278839111328,-19.31676483154297,-208.26470947265625,-3682.0,-8521.0,-554.0,0,0,0,0,0
32756.073,1.5863888263702393,2.319969892501831,1.3570548295974731,0.09908578544855118,-0.07522089034318924,0.0038370201364159584,-0.023868322372436523,-1.4194765090942383,-79.9655990600586,-176.21853637695312,-14.392247200012207,245.8892822265625,-3246.0,-8511.0,-2351.0,0,0,0,0,0
32765.938,1.5874111652374268,2.3188750743865967,1.356987476348877,0.09649680554866791,-0.07541736960411072,0.015485058538615704,-1.2410273551940918,-1.2687208652496338,-78.19450378417969,-56.338287353515625,-28.803308486938477,-159.12789916992188,2737.0,-8925.0,-2154.0,0,0,0,0,0
32775.822,1.588225245475769,2.3175249099731445,1.3567508459091187,0.09581010043621063,-0.07539872825145721,0.01776299998164177,-1.987055778503418,-0.9409302473068237,-78.95800018310547,-64.52938079833984,-17.37662124633789,119.45523834228516,5358.0,-10146.0,-1593.0,0,0,0,0,0
32785.687,1.5888280868530273,2.3162271976470947,1.3567430973052979,0.09779787063598633,-0.07496200501918793,0.060743384063243866,-2.4822020530700684,-0.6870588660240173,-78.59996032714844,49.04081344604492,-30.927133560180664,-44.14849853515625,4299.0,-10677.0,-1444.0,0,0,0,0,0
32795.561,1.5895071029663086,2.314936399459839,1.3564858436584473,0.0965985432267189,-0.07357867807149887,-0.029454588890075684,-1.902949333190918,-0.41648992896080017,-78.40032196044922,107.32363891601562,-3.767578601837158,28.488412857055664,-40.0,-10609.0,-921.0,0,0,0,0,0
32805.443,1.5903971195220947,2.313692808151245,1.3558944463729858,0.09880878031253815,-0.0714985653758049,0.00484998244792223,-0.751188337802887,-0.3531632721424103,-78.01353454589844,47.42783737182617,-9.67551040649414,-0.9319803714752197,-4380.0,-9994.0,-51.0,0,0,0,0,0
32815.319,1.5914177894592285,2.312727689743042,1.3559505939483643,0.09873013198375702,-0.06928994506597519,0.04573427885770798,-0.3583669662475586,-0.2226942628622055,-78.77034759521484,13.969908714294434,26.48284339904785,86.03838348388672,-3513.0,-9213.0,257.0,0,0,0,0,0
32825.197,1.5924628973007202,2.311525821685791,1.355806589126587,0.0977206900715828,-0.06706564873456955,0.030171116814017296,0.04201461747288704,-0.4047779142856598,-79.00318145751953,130.5153045654297,-9.136311531066895,4.812084674835205,-3504.0,-7901.0,-498.0,0,0,0,0,0
32835.059,1.5934303998947144,2.3103837966918945,1.355654001235962,0.09651883691549301,-0.0657515600323677,0.017106741666793823,0.9346859455108643,-0.29333266615867615,-79.22156524658203,-175.8332061767578,-19.288673400878906,193.03717041015625,-3011.0,-8093.0,-1250.0,0,0,0,0,0
32844.942,1.5941256284713745,2.309203624725342,1.3553880453109741,0.09106723219156265,-0.06540580838918686,0.008255508728325367,-0.4428651034832001,-0.16376541554927826,-77.22679901123047,-62.75699234008789,-40.834693908691406,-264.11248779296875,2549.0,-8966.0,-596.0,0,0,0,0,0
32854.817,1.5946815013885498,2.308035373687744,1.355133056640625,0.08828618377447128,-0.06444740295410156,0.0039047307800501585,-1.146510362625122,0.1854238510131836,-78.7584457397461,-113.78085327148438,-20.203609466552734,-128.98468017578125,5340.0,-10240.0,343.0,0,0,0,0,0
32864.681,1.5953872203826904,2.3071129322052,1.3550996780395508,0.08795742690563202,-0.06160837411880493,0.029390644282102585,-1.8072961568832397,0.39725255966186523,-78.48118591308594,99.01797485351562,-38.01502990722656,-256.8359069824219,4205.0,-10920.0,-20.0,0,0,0,0,0
32874.556,1.5959657430648804,2.3059749603271484,1.354693055152893,0.08795717358589172,-0.05981101840734482,-0.040961917489767075,-0.7969606518745422,0.5872234106063843,-78.35301971435547,35.71733856201172,0.3805990517139435,127.339111328125,-1062.0,-10552.0,47.0,0,0,0,0,0
32884.43,1.5966683626174927,2.3049118518829346,1.3541887998580933,0.08707483112812042,-0.056286755949258804,0.015192677266895771,-0.1509946584701538,0.6453740000724792,-77.75128173828125,31.339513778686523,-11.979438781738281,-176.66757202148438,-4082.0,-9833.0,686.0,0,0,0,0,0
32894.314,1.5975046157836914,2.3039135932922363,1.3542994260787964,0.08521862328052521,-0.05294344946742058,0.06972408294677734,0.08999734371900558,0.7225991487503052,-79.50411224365234,40.14433288574219,29.279218673706055,178.86842346191406,-2548.0,-9139.0,331.0,0,0,0,0,0
32904.179,1.5983446836471558,2.3029556274414062,1.3544609546661377,0.08368407934904099,-0.05002390965819359,0.03935682773590088,0.571300745010376,0.5009573698043823,-79.86486053466797,107.2850341796875,-9.811376571655273,95.38103485107422,-3092.0,-8027.0,-1558.0,0,0,0,0,0
32914.054,1.5991517305374146,2.302248001098633,1.3548080921173096,0.08085314929485321,-0.04754854366183281,0.05045844987034798,1.0517891645431519,0.6292044520378113,-79.0973892211914,-157.08084106445312,-0.3576678931713104,214.0343017578125,-2467.0,-8134.0,-2736.0,0,0,0,0,0
32923.932,1.5997310876846313,2.3013460636138916,1.3548616170883179,0.07524528354406357,-0.046359188854694366,0.018677925691008568,-0.4490332007408142,0.6562119722366333,-77.63732147216797,-87.71875762939453,-31.45649528503418,-114.76850891113281,3391.0,-8885.0,-1913.0,0,0,0,0,0
32933.811,1.600101351737976,2.3004517555236816,1.354768991470337,0.07247745245695114,-0.044397082179784775,0.025231685489416122,-1.443050742149353,0.9345160126686096,-78.99112701416016,-92.29730987548828,-27.56937599182129,65.29122924804688,6706.0,-9839.0,-1185.0,0,0,0,0,0
32943.676,1.6004223823547363,2.299556016921997,1.3546769618988037,0.07167147845029831,-0.04159580543637276,0.03256511688232422,-1.930049180984497,1.088553786277771,-78.34226989746094,122.02539825439453,-36.21491622924805,-124.68616485595703,4234.0,-10568.0,-1270.0,0,0,0,0,0
32953.55,1.600887417793274,2.2987427711486816,1.3543338775634766,0.07242386788129807,-0.039668843150138855,-0.0308822114020586,-0.8563053011894226,1.249631643295288,-77.8473892211914,11.581599235534668,-11.999859809875488,40.373741149902344,-1304.0,-10294.0,-217.0,0,0,0,0,0
32963.424,1.6015489101409912,2.298173189163208,1.354238748550415,0.07216336578130722,-0.03408690541982651,0.04162053391337395,-0.5074788331985474,1.3137733936309814,-77.28892517089844,-19.768848419189453,-6.031959056854248,-245.30540466308594,-3053.0,-9901.0,1237.0,0,0,0,0,0
32973.309,1.6022425889968872,2.297485828399658,1.3544361591339111,0.0711774080991745,-0.030118156224489212,0.06579753756523132,-0.48923900723457336,1.3266370296478271,-79.02754211425781,73.94673919677734,17.205059051513672,-120.97837829589844,-1506.0,-9188.0,1255.0,0,0,0,0,0
32983.173,1.6029512882232666,2.296830177307129,1.3545353412628174,0.07107839733362198,-0.027126314118504524,0.036611512303352356,0.3565744459629059,1.1554089784622192,-79.94512176513672,21.870508193969727,-4.1009416580200195,156.0194854736328,-2850.0,-8189.0,-587.0,0,0,0,0,0
32993.048,1.6035597324371338,2.2962474822998047,1.3546664714813232,0.06834486871957779,-0.024555832147598267,0.046764522790908813,0.4159887731075287,1.2338186502456665,-78.54935455322266,-145.21299743652344,16.033584594726562,89.0024185180664,-1224.0,-8294.0,-1606.0,0,0,0,0,0
33002.921,1.6041148900985718,2.2958335876464844,1.3547650575637817,0.06384396553039551,-0.0231560617685318,-0.0043144808150827885,-0.9481021165847778,1.2344409227371216,-78.04493713378906,-98.54601287841797,-23.420703887939453,-114.58267974853516,4167.0,-8894.0,-905.0,0,0,0,0,0
33012.806,1.604430079460144,2.295257091522217,1.3545150756835938,0.06256871670484543,-0.020438188686966896,0.01025110948830843,-2.033325672149658,1.5044608116149902,-79.62863159179688,-62.89723587036133,-10.534523963928223,281.43035888671875,7291.0,-9926.0,-1161.0,0,0,0,0,0
33022.671,1.6046907901763916,2.2946794033050537,1.3542567491531372,0.06260687857866287,-0.017871767282485962,-0.005886737257242203,-2.1563773155212402,1.568540096282959,-78.34200286865234,128.94580078125,-27.31064224243164,-68.24129486083984,3828.0,-10496.0,-1672.0,0,0,0,0,0
33032.545,1.6050910949707031,2.294191598892212,1.3536913394927979,0.06390491873025894,-0.015682518482208252,-0.05152517557144165,-1.1358762979507446,1.6532198190689087,-77.49368286132812,13.763819694519043,-18.25784683227539,46.49544906616211,-1615.0,-10047.0,-307.0,0,0,0,0,0
33042.422,1.6056532859802246,2.293767213821411,1.353308081626892,0.06452883034944534,-0.00989182572811842,0.024892691522836685,-0.7975234985351562,1.7758606672286987,-77.39606475830078,-16.146329879760742,0.24617955088615417,-203.92491149902344,-2961.0,-9967.0,1310.0,0,0,0,0,0
33052.306,1.6063263416290283,2.29341983795166,1.353438377380371,0.06442029029130936,-0.00568778533488512,0.04661335423588753,-0.6823859214782715,1.7535295486450195,-79.06105041503906,81.87818145751953,9.631123542785645,-134.4685516357422,-1692.0,-9429.0,1230.0,0,0,0,0,0
33062.167,1.6070114374160767,2.2932651042938232,1.353775143623352,0.0646757110953331,-0.0023118318058550358,0.03152572363615036,0.15416333079338074,1.6626644134521484,-79.54137420654297,-4.995708465576172,-4.173099994659424,117.67733001708984,-2981.0,-8760.0,-308.0,0,0,0,0,0
33072.042,1.6076571941375732,2.293031692504883,1.3538700342178345,0.06263480335474014,6.964996282476932e-05,0.027991853654384613,-0.043731410056352615,1.7440418004989624,-78.19905853271484,-144.24005126953125,18.265432357788086,-25.030805587768555,-722.0,-8942.0,-852.0,0,0,0,0,0
33081.917,1.608070731163025,2.2927725315093994,1.3537503480911255,0.05856335163116455,0.001149668823927641,-0.015666615217924118,-1.379123330116272,1.6910537481307983,-78.43638610839844,-105.2070083618164,-18.618932723999023,-148.30140686035156,4651.0,-9242.0,-356.0,0,0,0,0,0
33091.804,1.6083916425704956,2.292534828186035,1.3535829782485962,0.05865602195262909,0.0045090061612427235,0.009433940052986145,-2.5169026851654053,1.9471075534820557,-79.87144470214844,-11.419726371765137,-4.170678615570068,309.78863525390625,7639.0,-10065.0,-1139.0,0,0,0,0,0
33101.665,1.6087576150894165,2.292337656021118,1.3534694910049438,0.059774428606033325,0.006880899891257286,-0.014868352562189102,-2.4513566493988037,1.9869625568389893,-78.20884704589844,118.21320343017578,-7.059717655181885,-4.835912704467773,3160.0,-10696.0,-1736.0,0,0,0,0,0
33111.54,1.609304666519165,2.292311429977417,1.3531203269958496,0.06208684295415878,0.009961306117475033,-0.04070919752120972,-1.5274381637573242,1.971381425857544,-77.2052230834961,28.226924896240234,-15.312349319458008,-37.646080017089844,-1868.0,-10004.0,-186.0,0,0,0,0,0
33121.426,1.609890103340149,2.2922215461730957,1.3531205654144287,0.06425389647483826,0.016919123008847237,0.05667727813124657,-1.1348997354507446,2.083376407623291,-78.18111419677734,-16.690101623535156,11.171813011169434,-98.41177368164062,-2516.0,-9701.0,1177.0,0,0,0,0,0
33131.298,1.610637903213501,2.2921855449676514,1.3535411357879639,0.06483244895935059,0.020161492750048637,0.05339460447430611,-0.9623506665229797,1.9559286832809448,-79.10063171386719,98.32393646240234,12.7313871383667,-154.8702850341797,-1717.0,-9146.0,536.0,0,0,0,0,0
33141.162,1.6114133596420288,2.292222023010254,1.3540523052215576,0.06582257896661758,0.02371322736144066,0.06788109987974167,0.032701898366212845,1.8456504344940186,-79.56517791748047,-47.27875900268555,-0.5808163285255432,81.79981994628906,-3168.0,-8491.0,-813.0,0,0,0,0,0
33151.039,1.6121137142181396,2.292398691177368,1.3545423746109009,0.06391561031341553,0.025357550010085106,0.048436254262924194,-0.37920713424682617,1.8340965509414673,-78.19886016845703,-149.04873657226562,14.742077827453613,-93.42121124267578,112.0,-8579.0,-1139.0,0,0,0,0,0
33160.92,1.6126526594161987,2.292450428009033,1.354729413986206,0.06099797785282135,0.026293620467185974,0.017432723194360733,-1.6392779350280762,1.747010588645935,-78.24848175048828,-110.35540771484375,-13.0221586227417,-305.78369140625,5174.0,-8904.0,-485.0,0,0,0,0,0
33170.8,1.613071322441101,2.2925171852111816,1.354943037033081,0.06185724213719368,0.02908044122159481,0.04144999012351036,-2.6845433712005615,1.9725830554962158,-80.00017547607422,76.52423095703125,11.09533405303955,227.86465454101562,7289.0,-9818.0,-1119.0,0,0,0,0,0
33180.66,1.6136658191680908,2.2927212715148926,1.354982614517212,0.06430507451295853,0.03075532615184784,0.0036159635055810213,-1.9801712036132812,1.952690839767456,-78.59463500976562,85.12673950195312,14.811263084411621,210.34130859375,1435.0,-10450.0,-1955.0,0,0,0,0,0
33190.534,1.6142860651016235,2.292865753173828,1.3547899723052979,0.06626032292842865,0.03329922631382942,-0.006378750316798687,-1.2184343338012695,1.8461129665374756,-77.16653442382812,69.09687042236328,-17.627676010131836,-133.181640625,-2528.0,-9680.0,-520.0,0,0,0,0,0
33200.408,1.6150102615356445,2.293154001235962,1.3551634550094604,0.06760577112436295,0.03897036984562874,0.08779836446046829,-0.6409554481506348,1.940497875213623,-78.562255859375,-7.990773677825928,22.567134857177734,2.265068292617798,-2798.0,-9428.0,649.0,0,0,0,0,0
33210.295,1.6158839464187622,2.2934021949768066,1.3558107614517212,0.06767986714839935,0.04047587886452675,0.058252863585948944,-0.4483541250228882,1.7308839559555054,-79.03323364257812,112.61071014404297,8.90512752532959,-98.83049011230469,-2079.0,-8818.0,-116.0,0,0,0,0,0
33220.16,1.616779088973999,2.293715000152588,1.3564199209213257,0.06776013970375061,0.04319470748305321,0.0895567387342453,0.502870500087738,1.64070463180542,-78.9281997680664,-56.47849655151367,-2.595660448074341,66.60713195800781,-3164.0,-8352.0,-954.0,0,0,0,0,0
33230.031,1.6175196170806885,2.294018030166626,1.356980562210083,0.06527798622846603,0.04279037192463875,0.04378700628876686,-0.11218424886465073,1.6167047023773193,-77.93885040283203,-130.5751953125,16.06655502319336,-86.44940948486328,487.0,-8602.0,-663.0,0,0,0,0,0
33239.906,1.6180760860443115,2.2942957878112793,1.3571304082870483,0.06227824091911316,0.042875926941633224,0.013358608819544315,-1.2634799480438232,1.5275731086730957,-78.17797088623047,-113.56471252441406,-10.813411712646484,-282.1628112792969,5234.0,-8968.0,61.0,0,0,0,0,0
33249.789,1.6186603307724,2.294663667678833,1.3573212623596191,0.0627606138586998,0.04459478333592415,0.03304615989327431,-2.3440797328948975,1.7091987133026123,-79.48277282714844,79.75773620605469,15.738016128540039,160.14877319335938,7262.0,-9808.0,-380.0,0,0,0,0,0
33259.664,1.6191720962524414,2.2949166297912598,1.3571851253509521,0.06447917968034744,0.04474656656384468,-0.01621202751994133,-1.557603359222412,1.6686644554138184,-78.35008239746094,92.09593963623047,16.6660213470459,162.1912841796875,1226.0,-10263.0,-956.0,0,0,0,0,0
33269.529,1.619856834411621,2.2952494621276855,1.3567478656768799,0.06621871888637543,0.04621050879359245,-0.028344489634037018,-0.7158138751983643,1.5889091491699219,-77.3564453125,49.07261276245117,-12.769084930419922,-122.22443389892578,-2736.0,-9626.0,152.0,0,0,0,0,0
33279.403,1.6206464767456055,2.2956273555755615,1.356826901435852,0.06657423824071884,0.0500420443713665,0.06350994855165482,-0.26406270265579224,1.6423933506011963,-78.6971206665039,12.401000022888184,25.84210968017578,46.47587966918945,-2675.0,-9412.0,785.0,0,0,0,0,0
33289.296,1.621567726135254,2.296027898788452,1.3571186065673828,0.06671539694070816,0.0507124699652195,0.03161095082759857,0.046043820679187775,1.4176431894302368,-79.12284851074219,95.7567367553711,13.600175857543945,-79.28689575195312,-2158.0,-8719.0,-302.0,0,0,0,0,0
33299.151,1.6223652362823486,2.2965149879455566,1.357496738433838,0.06563474237918854,0.052227385342121124,0.06131558492779732,0.9469079375267029,1.2779499292373657,-79.21733856201172,-32.67119216918945,0.7091953158378601,43.01183319091797,-3117.0,-8120.0,-1398.0,0,0,0,0,0
33309.03,1.6231790781021118,2.2969603538513184,1.3578872680664062,0.0634424164891243,0.05157186836004257,0.030683333054184914,0.6296308040618896,1.2433559894561768,-78.2611312866211,-132.8776397705078,18.130298614501953,-42.597530364990234,-47.0,-8355.0,-1444.0,0,0,0,0,0
33318.9,1.6238150596618652,2.2973732948303223,1.3578174114227295,0.06009158119559288,0.050682831555604935,-0.004548638593405485,-0.5138871669769287,1.1528865098953247,-78.15255737304688,-115.36654663085938,-12.107810974121094,-259.8227233886719,4748.0,-8790.0,-683.0,0,0,0,0,0
33328.789,1.6243170499801636,2.297757148742676,1.357696294784546,0.0590776726603508,0.05091269314289093,0.014494136907160282,-1.6612590551376343,1.2961430549621582,-79.73744201660156,52.95772933959961,18.31971549987793,157.016845703125,7241.0,-9563.0,-920.0,0,0,0,0,0
33338.652,1.6248483657836914,2.2981388568878174,1.357427954673767,0.06041736900806427,0.05069385841488838,-0.02877208963036537,-0.9933481812477112,1.2131685018539429,-78.49909210205078,107.29782104492188,12.344752311706543,47.09397506713867,1413.0,-9867.0,-1528.0,0,0,0,0,0
33348.523,1.6255006790161133,2.2985572814941406,1.3569319248199463,0.06180594488978386,0.051082197576761246,-0.04295656830072403,0.007206866983324289,1.1530892848968506,-77.46574401855469,17.065271377563477,-10.487968444824219,-106.0194091796875,-2962.0,-9326.0,-312.0,0,0,0,0,0
33358.399,1.6262145042419434,2.2990612983703613,1.3569564819335938,0.060143522918224335,0.05314961448311806,0.05731251835823059,0.24894507229328156,1.154700756072998,-78.66755676269531,31.658920288085938,28.233598709106445,39.11601638793945,-2531.0,-9181.0,619.0,0,0,0,0,0
33368.281,1.6270549297332764,2.299523115158081,1.357028841972351,0.06037592887878418,0.052946534007787704,0.007996685802936554,0.7720277905464172,0.898931086063385,-79.2977294921875,87.66658782958984,12.325006484985352,-45.476890563964844,-2445.0,-8398.0,-333.0,0,0,0,0,0
33378.146,1.6278965473175049,2.3000035285949707,1.357201337814331,0.058111999183893204,0.052946534007787704,0.04930540919303894,1.571340560913086,0.7676761150360107,-79.11515045166016,-5.2850494384765625,1.3458009958267212,59.83464813232422,-3327.0,-7837.0,-1390.0,0,0,0,0,0
33388.024,1.6285957098007202,2.3004815578460693,1.3575468063354492,0.055278390645980835,0.05169050395488739,0.031210793182253838,1.4477946758270264,0.7362520098686218,-77.98065185546875,-128.82913208007812,17.524768829345703,-66.61888122558594,-772.0,-8183.0,-1137.0,0,0,0,0,0
33397.902,1.6291122436523438,2.3009095191955566,1.3574670553207397,0.051244739443063736,0.04993324726819992,-0.0234892126172781,0.27695393562316895,0.6082574725151062,-78.02062225341797,-111.670654296875,-12.572003364562988,-273.7106018066406,4198.0,-8534.0,-153.0,0,0,0,0,0
33407.79,1.6296048164367676,2.30137300491333,1.3573057651519775,0.04934598505496979,0.049050137400627136,0.0014294693246483803,-0.8084571361541748,0.7218636870384216,-79.3477783203125,43.64472579956055,15.596480369567871,158.86184692382812,6792.0,-9263.0,-397.0,0,0,0,0,0
33417.646,1.630021095275879,2.3017427921295166,1.3569104671478271,0.05048774182796478,0.048217907547950745,-0.04561857506632805,0.11904964596033096,0.6493944525718689,-78.2413558959961,126.41996002197266,8.263110160827637,-10.241371154785156,1010.0,-9522.0,-845.0,0,0,0,0,0
33427.521,1.630587100982666,2.3021411895751953,1.3562328815460205,0.05058377608656883,0.04758056253194809,-0.0521705187857151,1.19838285446167,0.606192409992218,-77.2691879272461,-15.799164772033691,-9.58357048034668,-96.0399398803711,-3870.0,-9126.0,316.0,0,0,0,0,0
33437.395,1.6312403678894043,2.302574872970581,1.3561612367630005,0.045762818306684494,0.047109201550483704,0.058289289474487305,1.2002524137496948,0.6067480444908142,-78.13631439208984,59.29227828979492,27.02932357788086,5.864618301391602,-2765.0,-9035.0,1288.0,0,0,0,0,0
33447.277,1.631814956665039,2.3030128479003906,1.3564049005508423,0.045147739350795746,0.046501535922288895,0.01326730102300644,1.8218598365783691,0.35954105854034424,-79.17292022705078,80.31144714355469,13.291239738464355,18.01750373840332,-2963.0,-8289.0,394.0,0,0,0,0,0
33457.143,1.6325032711029053,2.303436756134033,1.3565587997436523,0.0414283387362957,0.045031312853097916,0.041215114295482635,2.5144832134246826,0.22912946343421936,-78.83306121826172,18.408899307250977,-0.00697249174118042,71.5085678100586,-3696.0,-7683.0,-806.0,0,0,0,0,0
33467.018,1.633046269416809,2.303839683532715,1.3567842245101929,0.03798038512468338,0.04305880516767502,0.01801525056362152,2.440286159515381,0.20262613892555237,-77.91431427001953,-131.90939331054688,9.059640884399414,-44.24357986450195,-1534.0,-8008.0,-614.0,0,0,0,0,0
33476.892,1.6333749294281006,2.304176092147827,1.3566012382507324,0.03351077809929848,0.040896881371736526,-0.043818335980176926,1.1601026058197021,0.10221756994724274,-77.7124252319336,-118.14051818847656,-16.001243591308594,-297.61968994140625,3752.0,-8363.0,299.0,0,0,0,0,0
33486.776,1.6336166858673096,2.3044798374176025,1.3561116456985474,0.03010542504489422,0.03875086456537247,-0.03282338008284569,0.09506458044052124,0.16000743210315704,-79.35663604736328,58.957557678222656,15.321330070495605,47.10593032836914,6043.0,-8883.0,62.0,0,0,0,0,0
33496.639,1.6338794231414795,2.3048062324523926,1.3554816246032715,0.030675986781716347,0.03786320239305496,-0.07969754934310913,0.8694477081298828,0.03148820996284485,-78.64771270751953,106.8074951171875,6.665836334228516,60.648406982421875,156.0,-8768.0,-867.0,0,0,0,0,0
33506.515,1.6342120170593262,2.305115222930908,1.354609727859497,0.02923985943198204,0.036208994686603546,-0.06573452800512314,1.7831212282180786,0.022167334333062172,-77.44140625,-69.36885070800781,-8.140629768371582,-100.19225311279297,-3775.0,-8538.0,-159.0,0,0,0,0,0
33516.393,1.634578824043274,2.3054018020629883,1.3544715642929077,0.023298274725675583,0.03360290452837944,0.0500338152050972,1.3496379852294922,-0.018579281866550446,-78.44258880615234,83.54912567138672,25.923336029052734,-70.45565032958984,-1541.0,-8630.0,713.0,0,0,0,0,0
33526.273,1.634985327720642,2.3056702613830566,1.3546228408813477,0.023989958688616753,0.03302696719765663,-0.007808238733559847,2.1590168476104736,-0.29060807824134827,-79.9771728515625,50.590232849121094,5.620170593261719,92.97735595703125,-2569.0,-7866.0,-599.0,0,0,0,0,0
33536.138,1.6353553533554077,2.3059349060058594,1.3546454906463623,0.019782263785600662,0.030332006514072418,0.020363714545965195,2.61944580078125,-0.34318456053733826,-79.20650482177734,62.87385177612305,-2.795414924621582,145.2305908203125,-3230.0,-7513.0,-2120.0,0,0,0,0,0
33546.011,1.635561466217041,2.306203603744507,1.3548994064331055,0.015485599637031555,0.0276928897947073,0.023722723126411438,2.9525363445281982,-0.31925100088119507,-78.23147583007812,-138.51034545898438,7.725493431091309,-18.971004486083984,-2331.0,-8147.0,-1913.0,0,0,0,0,0
33555.887,1.635685682296753,2.3064162731170654,1.3548845052719116,0.010861439630389214,0.025772230699658394,-0.03258338198065758,1.5857024192810059,-0.45722660422325134,-78.2386245727539,-121.87965393066406,-29.723478317260742,-237.2462158203125,3294.0,-8224.0,-1120.0,0,0,0,0,0
33565.77,1.6356627941131592,2.306565046310425,1.3544971942901611,0.007457485422492027,0.023021921515464783,-0.046498335897922516,0.6696847677230835,-0.326215922832489,-79.63453674316406,88.53650665283203,4.751227378845215,41.26866149902344,5059.0,-8771.0,-1351.0,0,0,0,0,0
33575.635,1.6356446743011475,2.3066868782043457,1.353830337524414,0.0077649434097111225,0.021757539361715317,-0.07837600260972977,1.6347434520721436,-0.36688244342803955,-78.9223861694336,81.7258071899414,-6.891469955444336,-2.9005165100097656,-1058.0,-8988.0,-1912.0,0,0,0,0,0
33585.52,1.6357308626174927,2.3068292140960693,1.35324227809906,0.0042215813882648945,0.019125323742628098,-0.036277685314416885,2.360903263092041,-0.3108175992965698,-77.81047058105469,-124.72274017333984,3.0014185905456543,-72.77780151367188,-3651.0,-8913.0,-918.0,0,0,0,0,0
33595.385,1.6357502937316895,2.3069701194763184,1.3533674478530884,-0.0023415915202349424,0.015889205038547516,0.051813650876283646,1.556972622871399,-0.40437406301498413,-78.06527709960938,117.53147888183594,23.01725959777832,-276.38397216796875,-833.0,-8434.0,318.0,0,0,0,0,0
33605.268,1.6358102560043335,2.3070433139801025,1.35377037525177,-0.002221866510808468,0.01518156100064516,0.013409137725830078,2.4832000732421875,-0.6814388632774353,-80.09346008300781,-3.9358155727386475,8.120413780212402,249.18679809570312,-2631.0,-7406.0,-537.0,0,0,0,0,0
33615.132,1.6358376741409302,2.307124614715576,1.354221224784851,-0.007232890464365482,0.011867091991007328,0.04052327945828438,2.542729139328003,-0.7498236298561096,-78.6780776977539,67.72593688964844,6.906096458435059,235.4726104736328,-2726.0,-6964.0,-1763.0,0,0,0,0,0
33625.004,1.6357303857803345,2.307159185409546,1.3546278476715088,-0.00985775887966156,0.009782114997506142,0.005875567439943552,2.6821298599243164,-0.8248865604400635,-78.33698272705078,-153.10760498046875,10.276619911193848,86.87135314941406,-1810.0,-7439.0,-1162.0,0,0,0,0,0
33634.878,1.6354881525039673,2.307143211364746,1.3546420335769653,-0.015062123537063599,0.0074672698974609375,-0.025718674063682556,1.0091217756271362,-0.9783542156219482,-78.60506439208984,-56.502479553222656,-11.82111644744873,-17.032546997070312,3402.0,-7534.0,-663.0,0,0,0,0,0
33644.771,1.6352564096450806,2.307145833969116,1.3540643453598022,-0.01535224448889494,0.006249123718589544,-0.10210278630256653,0.9395440220832825,-0.9083873629570007,-79.60224151611328,93.86529541015625,8.10924243927002,106.87532806396484,3584.0,-7825.0,-1124.0,0,0,0,0,0
33654.633,1.634976863861084,2.307060718536377,1.3533278703689575,-0.01724604330956936,0.003053446998819709,-0.05595692992210388,2.017045736312866,-0.9329601526260376,-77.68033599853516,33.98976516723633,-16.371606826782227,-70.99594116210938,-2033.0,-8265.0,-1556.0,0,0,0,0,0
33664.501,1.6347233057022095,2.3069918155670166,1.3533097505569458,-0.021978167816996574,-0.0012557129375636578,0.016381025314331055,1.530037522315979,-0.8085188269615173,-77.40666961669922,-112.33879089355469,14.435894966125488,52.263607025146484,-2242.0,-8645.0,129.0,0,0,0,0,0
33674.386,1.6344547271728516,2.3068654537200928,1.3536949157714844,-0.02377278357744217,-0.003136333543807268,0.01641268841922283,1.729115605354309,-0.9749438166618347,-78.970947265625,126.4788589477539,6.95578145980835,-327.6150817871094,-516.0,-8562.0,1266.0,0,0,0,0,0
33684.269,1.6342235803604126,2.3067336082458496,1.3541734218597412,-0.026118377223610878,-0.005879401694983244,0.028417792171239853,2.010258197784424,-0.9903322458267212,-79.21208190917969,-67.3421630859375,-12.48263931274414,192.8804931640625,-2455.0,-7815.0,-352.0,0,0,0,0,0
33694.124,1.634224772453308,2.3066999912261963,1.3542406558990479,-0.02607901394367218,-0.005933402106165886,0.028721651062369347,2.010258197784424,-0.9903322458267212,-79.21208190917969,77.34687042236328,-10.17369270324707,77.59378814697266,-1568.0,-8128.0,-1138.0,0,0,0,0,0
33704.003,1.6338778734207153,2.3065366744995117,1.354842185974121,-0.028775915503501892,-0.008627058938145638,0.02727298066020012,2.1565499305725098,-0.8815274238586426,-78.64993286132812,-192.6721954345703,-26.72993278503418,-1.5082143545150757,-1359.0,-8825.0,-1269.0,0,0,0,0,0
33713.873,1.6334869861602783,2.3063502311706543,1.3551721572875977,-0.03126969188451767,-0.01038727629929781,-0.008085725829005241,1.6327406167984009,-0.7888515591621399,-79.0678482055664,0.29908502101898193,-32.694664001464844,-82.59717559814453,4145.0,-9331.0,-1708.0,0,0,0,0,0
33723.757,1.633018970489502,2.3061118125915527,1.3550318479537964,-0.03474860638380051,-0.012101278640329838,-0.06292049586772919,0.1576869785785675,-0.6451060771942139,-78.94180297851562,48.3557014465332,-6.456101417541504,191.0684356689453,2694.0,-9768.0,-2402.0,0,0,0,0,0
33733.621,1.632613182067871,2.305924654006958,1.3543076515197754,-0.03329094871878624,-0.012735576368868351,-0.10484083741903305,0.8190250396728516,-0.5014196634292603,-80.10721588134766,-14.723201751708984,-30.624622344970703,-96.25040435791016,-1840.0,-9641.0,-3021.0,0,0,0,0,0
33743.495,1.6321921348571777,2.305675983428955,1.3541003465652466,-0.035884808748960495,-0.014934802427887917,0.002249730285257101,1.2622615098953247,-0.37787261605262756,-78.33428955078125,-44.58109664916992,25.137666702270508,164.4546356201172,-700.0,-9836.0,-1904.0,0,0,0,0,0
33753.384,1.6317787170410156,2.3053815364837646,1.354651927947998,-0.038133926689624786,-0.016407014802098274,0.03286103159189224,0.26216864585876465,-0.2697851359844208,-77.23107147216797,89.67539978027344,3.7432973384857178,-254.204833984375,-340.0,-9286.0,18.0,0,0,0,0,0
33763.254,1.6314030885696411,2.3050835132598877,1.3554612398147583,-0.03729787841439247,-0.016801470890641212,0.0537053681910038,1.2370089292526245,-0.31326067447662354,-79.91532135009766,-45.91194534301758,-1.5845133066177368,44.16096878051758,-1984.0,-8634.0,-1320.0,0,0,0,0,0
33773.119,1.6310263872146606,2.3047738075256348,1.356326699256897,-0.038991134613752365,-0.017611587420105934,0.05632852017879486,0.7442826628684998,-0.2972492277622223,-79.20980834960938,62.29617691040039,22.342262268066406,127.05171966552734,-885.0,-8398.0,-1973.0,0,0,0,0,0
33782.992,1.6306343078613281,2.3045291900634766,1.3568869829177856,-0.03880449756979942,-0.017458369955420494,0.030484037473797798,1.0675327777862549,-0.3907870948314667,-78.61544036865234,-183.90713500976562,-19.468711853027344,-81.14899444580078,-636.0,-7947.0,-1507.0,0,0,0,0,0
33792.877,1.6301929950714111,2.304210901260376,1.357359766960144,-0.040612805634737015,-0.018351156264543533,0.003914802800863981,0.10359672456979752,-0.3300381302833557,-78.78618621826172,41.5848274230957,-21.1343936920166,-145.46713256835938,3923.0,-8460.0,-1080.0,0,0,0,0,0
33802.766,1.6297097206115723,2.3038523197174072,1.3571584224700928,-0.04175728186964989,-0.018756495788693428,-0.08236902952194214,-0.6350504755973816,-0.2808549106121063,-78.78484344482422,42.069915771484375,-20.391996383666992,183.5379180908203,1416.0,-9173.0,-1302.0,0,0,0,0,0
33812.616,1.629216194152832,2.3034799098968506,1.3564984798431396,-0.03920961171388626,-0.019000139087438583,-0.0753522738814354,0.1107037365436554,-0.09746905416250229,-78.7368392944336,-60.84183120727539,-36.80194091796875,-206.58203125,-2107.0,-9663.0,-691.0,0,0,0,0,0
33822.5,1.6287974119186401,2.3031458854675293,1.3566336631774902,-0.03852899372577667,-0.018977565690875053,0.04213394969701767,-0.04959021136164665,0.04966713488101959,-78.27042388916016,30.802165985107422,7.420012474060059,-66.61270141601562,-73.0,-10043.0,164.0,0,0,0,0,0
33832.364,1.6283878087997437,2.302870512008667,1.3571281433105469,-0.037658073008060455,-0.018405485898256302,0.022722957655787468,-0.042818740010261536,0.06280869990587234,-78.68675994873047,39.19880676269531,-11.644482612609863,-18.911556243896484,-1601.0,-9513.0,-36.0,0,0,0,0,0
33842.249,1.6280980110168457,2.302572727203369,1.357958197593689,-0.03640011325478554,-0.017886416986584663,0.06503412872552872,0.3066257834434509,0.1858881115913391,-79.7271499633789,-30.248062133789062,-6.482280731201172,93.21480560302734,-1519.0,-9472.0,-1346.0,0,0,0,0,0
33852.114,1.6278207302093506,2.3022847175598145,1.3587909936904907,-0.036038871854543686,-0.01755281165242195,0.02974201738834381,0.10611129552125931,0.2447199821472168,-79.17069244384766,56.554351806640625,-6.794325351715088,67.08491516113281,-713.0,-9408.0,-2279.0,0,0,0,0,0
33861.988,1.6275553703308105,2.3020195960998535,1.359392523765564,-0.035099804401397705,-0.016899798065423965,0.03618694841861725,0.37356337904930115,0.3609215319156647,-78.6669692993164,-157.57009887695312,-43.333736419677734,-100.22590637207031,-576.0,-9785.0,-2247.0,0,0,0,0,0
33871.862,1.627239465713501,2.3017358779907227,1.3596116304397583,-0.0370662696659565,-0.017934173345565796,-0.03811578452587128,-0.9704412221908569,0.6554754376411438,-78.83722686767578,49.254844665527344,-34.998634338378906,-26.919404983520508,3121.0,-10620.0,-1847.0,0,0,0,0,0
33881.746,1.6269179582595825,2.3014276027679443,1.359094500541687,-0.03489729017019272,-0.017692754045128822,-0.09746599197387695,-0.6108817458152771,0.9104652404785156,-79.15469360351562,14.8922700881958,-27.205053329467773,111.5322265625,916.0,-11475.0,-1839.0,0,0,0,0,0
33891.61,1.6265987157821655,2.301189661026001,1.3584059476852417,-0.03316516429185867,-0.014947454445064068,-0.052131205797195435,-0.3790735602378845,1.0524777173995972,-77.81246185302734,-21.80044937133789,-39.94379806518555,-158.97482299804688,-1389.0,-11432.0,-907.0,0,0,0,0,0
33901.486,1.626366376876831,2.3009536266326904,1.358544111251831,-0.03153807297348976,-0.011407782323658466,0.02569822408258915,-0.7130057215690613,1.303704857826233,-78.03467559814453,14.886512756347656,-10.494997024536133,22.460460662841797,-90.0,-11226.0,533.0,0,0,0,0,0
33911.359,1.6261805295944214,2.300732135772705,1.3590049743652344,-0.029484892264008522,-0.009610016830265522,0.004796306136995554,-0.39201024174690247,1.4302691221237183,-78.33704376220703,56.45016098022461,-9.264615058898926,-99.69319152832031,-1099.0,-11126.0,1045.0,0,0,0,0,0
33921.243,1.6260935068130493,2.3005547523498535,1.3595505952835083,-0.027940072119235992,-0.0056647686287760735,0.06065597012639046,-0.04789993539452553,1.5123919248580933,-79.17654418945312,-21.9993839263916,0.3545128405094147,29.495887756347656,-1560.0,-10621.0,379.0,0,0,0,0,0
33931.118,1.6259697675704956,2.3003921508789062,1.3602638244628906,-0.027351059019565582,-0.004366003442555666,0.0191196221858263,-0.2647237479686737,1.5296242237091064,-78.84062194824219,43.8314094543457,0.14923754334449768,69.28089141845703,-777.0,-10125.0,-470.0,0,0,0,0,0
33940.982,1.6257678270339966,2.300306797027588,1.3605393171310425,-0.026327192783355713,-0.0019893189892172813,0.008996031247079372,0.06815695017576218,1.5530474185943604,-78.2378158569336,-89.07056427001953,-31.656986236572266,-82.14065551757812,-1089.0,-9974.0,-483.0,0,0,0,0,0
33950.86,1.625676155090332,2.3001906871795654,1.360532283782959,-0.02673678658902645,-0.0024664096999913454,-0.0651874840259552,-0.6748883724212646,1.7385027408599854,-78.51188659667969,8.760669708251953,-14.980599403381348,-50.98196029663086,1372.0,-10469.0,-179.0,0,0,0,0,0
33960.741,1.6255578994750977,2.3000471591949463,1.3596137762069702,-0.025119202211499214,-0.0022481002379208803,-0.13784542679786682,-0.5116997957229614,1.8404375314712524,-78.91281127929688,39.41139602661133,-21.421249389648438,29.77474021911621,185.0,-10995.0,-422.0,0,0,0,0,0
33970.605,1.625456690788269,2.2999372482299805,1.3586153984069824,-0.023666104301810265,0.0016509018605574965,-0.10177477449178696,-0.19796279072761536,1.964019775390625,-78.24437713623047,-26.645061492919922,-16.247703552246094,9.9522705078125,-1219.0,-11072.0,-473.0,0,0,0,0,0
33980.479,1.625295877456665,2.2999494075775146,1.3582507371902466,-0.023280169814825058,0.00827803835272789,0.002888811519369483,-0.5329363942146301,2.0986881256103516,-78.08631134033203,40.15187072753906,-10.942254066467285,-50.767478942871094,-157.0,-11190.0,176.0,0,0,0,0,0
33990.353,1.625225305557251,2.2999672889709473,1.3582466840744019,-0.021553365513682365,0.009535261429846287,-0.04198664426803589,-0.19630369544029236,2.2025601863861084,-78.7838134765625,44.997493743896484,-3.7665250301361084,-41.721431732177734,-1101.0,-11232.0,138.0,0,0,0,0,0
34000.24,1.6252007484436035,2.300046682357788,1.3584449291229248,-0.021088555455207825,0.015138151124119759,0.023240651935338974,0.018137332051992416,2.2627060413360596,-79.07805633544922,-20.18490219116211,-7.8498101234436035,28.93338394165039,-1485.0,-11033.0,-714.0,0,0,0,0,0
34010.103,1.6251806020736694,2.3001692295074463,1.3588390350341797,-0.020632842555642128,0.016470296308398247,-0.015063171274960041,-0.22367097437381744,2.3344247341156006,-78.66722106933594,10.919352531433105,-7.671894073486328,0.35406795144081116,-345.0,-10945.0,-1196.0,0,0,0,0,0
34019.977,1.6251883506774902,2.300323724746704,1.3588167428970337,-0.019453618675470352,0.01881333626806736,-0.030375663191080093,-0.07097563147544861,2.4644269943237305,-78.5201187133789,8.684040069580078,-29.15157699584961,-61.96628189086914,-715.0,-11394.0,-1149.0,0,0,0,0,0
34029.856,1.6252003908157349,2.300503730773926,1.3584145307540894,-0.01816358044743538,0.01875481568276882,-0.09221237152814865,0.01724741980433464,2.7223219871520996,-78.8970718383789,-17.497541427612305,-8.591291427612305,29.365062713623047,-745.0,-12191.0,-1226.0,0,0,0,0,0
34039.738,1.6251027584075928,2.3006772994995117,1.3571304082870483,-0.017522267997264862,0.018058380112051964,-0.17432434856891632,-0.023416662588715553,2.843803644180298,-78.49764251708984,34.54755783081055,-15.759176254272461,-67.39466094970703,-834.0,-12464.0,-1226.0,0,0,0,0,0
34049.606,1.6250799894332886,2.300901412963867,1.3559513092041016,-0.017797641456127167,0.024047160521149635,-0.12434466928243637,0.1442830115556717,2.966613531112671,-78.6139907836914,-67.92268371582031,-1.6957993507385254,79.78495025634766,-533.0,-12098.0,-952.0,0,0,0,0,0
34059.474,1.625012755393982,2.3011882305145264,1.355682611465454,-0.019006721675395966,0.03353523463010788,-0.009353527799248695,-0.28251975774765015,2.977315902709961,-77.95525360107422,54.03684997558594,-31.610694885253906,-185.06153869628906,180.0,-11655.0,-488.0,0,0,0,0,0
34069.349,1.6249481439590454,2.3015668392181396,1.3557931184768677,-0.017564939334988594,0.034789133816957474,-0.049910496920347214,0.1567053198814392,3.163956880569458,-78.64830780029297,-32.626705169677734,9.867545127868652,64.01981353759766,-739.0,-11718.0,-18.0,0,0,0,0,0
34079.232,1.62479829788208,2.30198073387146,1.3559406995773315,-0.019230160862207413,0.04290665313601494,0.031744103878736496,-0.018507860600948334,3.0649795532226562,-78.11708068847656,5.9683003425598145,6.681042194366455,36.56111526489258,-711.0,-11310.0,238.0,0,0,0,0,0
34089.098,1.624715805053711,2.3024752140045166,1.3565274477005005,-0.018979888409376144,0.04503204673528671,0.0017312094569206238,-0.04114384576678276,2.9802298545837402,-78.06604766845703,-32.4798469543457,12.681794166564941,30.844955444335938,10.0,-10549.0,785.0,0,0,0,0,0
34098.972,1.6246049404144287,2.3030142784118652,1.3570995330810547,-0.019094370305538177,0.048391155898571014,0.0022694773506373167,-0.22374530136585236,2.924290180206299,-78.372802734375,104.03067779541016,-1.2533189058303833,51.07078170776367,203.0,-10427.0,991.0,0,0,0,0,0
34108.846,1.62456476688385,2.3035645484924316,1.357080101966858,-0.01583462581038475,0.047110605984926224,-0.0883447453379631,0.655014157295227,2.9901859760284424,-78.49203491210938,-9.980031967163086,10.701022148132324,68.98823547363281,-2512.0,-11086.0,696.0,0,0,0,0,0
34118.731,1.6244829893112183,2.3041274547576904,1.3562275171279907,-0.015603971667587757,0.04670895263552666,-0.15663790702819824,0.5604047179222107,2.9658737182617188,-77.69014739990234,-24.66364097595215,2.5411922931671143,-179.5041961669922,-1884.0,-11343.0,865.0,0,0,0,0,0
34128.595,1.6243599653244019,2.304697036743164,1.355285406112671,-0.01830235868692398,0.0542616993188858,-0.057434432208538055,0.13705001771450043,2.939852714538574,-78.78087615966797,-15.965693473815918,20.64741325378418,159.124267578125,1074.0,-11177.0,877.0,0,0,0,0,0
34138.481,1.6241505146026611,2.3053789138793945,1.355288028717041,-0.019397687166929245,0.05954097583889961,-0.008978248573839664,0.1220812052488327,2.827018976211548,-78.47177124023438,28.3389892578125,-9.474600791931152,-155.1491241455078,295.0,-10895.0,-43.0,0,0,0,0,0
34148.345,1.6239286661148071,2.3061296939849854,1.3556629419326782,-0.019854068756103516,0.06198229268193245,-0.010336962528526783,0.11653974652290344,2.8269102573394775,-78.58892059326172,-42.20746994018555,17.97884750366211,50.72822952270508,57.0,-10784.0,-617.0,0,0,0,0,0
34158.228,1.6236381530761719,2.3069138526916504,1.3563647270202637,-0.02113119699060917,0.06728930026292801,0.04801856726408005,-0.15082412958145142,2.6634721755981445,-77.93950653076172,-21.728986740112305,0.8537012338638306,19.563501358032227,474.0,-10555.0,-292.0,0,0,0,0,0
34168.092,1.6233785152435303,2.307745933532715,1.3570550680160522,-0.021207857877016068,0.06759170442819595,0.005352367646992207,-0.3808998763561249,2.580528974533081,-77.83243560791016,-46.89537811279297,10.861743927001953,-111.43157196044922,1215.0,-10244.0,464.0,0,0,0,0,0
34177.966,1.62314772605896,2.308530807495117,1.3572874069213867,-0.020832262933254242,0.06894604861736298,-0.009133398532867432,-0.46355780959129333,2.4796369075775146,-78.17976379394531,179.72576904296875,-6.565230846405029,-116.29846954345703,-142.0,-10484.0,777.0,0,0,0,0,0
34187.841,1.6229476928710938,2.309366464614868,1.3572372198104858,-0.016728593036532402,0.06762629747390747,-0.08865504711866379,1.0610724687576294,2.547731399536133,-78.72669219970703,-79.57386016845703,8.271920204162598,191.70318603515625,-4424.0,-11291.0,385.0,0,0,0,0,0
34197.739,1.6227725744247437,2.3102657794952393,1.3565542697906494,-0.018594805151224136,0.06833752244710922,-0.1073889285326004,0.4648755192756653,2.518101215362549,-77.26250457763672,-90.57752227783203,-3.39509654045105,-285.53887939453125,-1675.0,-11600.0,696.0,0,0,0,0,0
34207.589,1.6224616765975952,2.3111913204193115,1.3563684225082397,-0.02060360461473465,0.07456490397453308,0.0009914507390931249,-0.4027612507343292,2.4709153175354004,-79.23299407958984,60.71589660644531,21.99056625366211,24.063810348510742,2711.0,-11220.0,903.0,0,0,0,0,0
34217.473,1.6220933198928833,2.312089681625366,1.356816053390503,-0.0200932789593935,0.07673939317464828,0.010593031533062458,0.1556660383939743,2.3236777782440186,-79.71468353271484,-31.310810089111328,-16.4078426361084,135.06497192382812,194.0,-10858.0,-959.0,0,0,0,0,0
34227.338,1.6217678785324097,2.312986135482788,1.3572224378585815,-0.02105068974196911,0.07836491614580154,0.03162042051553726,-0.2929697036743164,2.379887104034424,-78.57276916503906,1.5519355535507202,27.562721252441406,79.4324722290039,820.0,-10953.0,-1861.0,0,0,0,0,0
34237.236,1.6212646961212158,2.313990831375122,1.3581950664520264,-0.021597394719719887,0.08151433616876602,0.06817358732223511,-0.49148809909820557,2.1172449588775635,-77.71235656738281,-23.99668312072754,10.591300964355469,-46.976097106933594,1008.0,-10610.0,-860.0,0,0,0,0,0
34247.087,1.6208313703536987,2.315007209777832,1.3590277433395386,-0.021832076832652092,0.08144010603427887,0.03448944538831711,-0.7720879912376404,1.937650442123413,-78.0542984008789,0.6897526979446411,13.931715965270996,48.516510009765625,1562.0,-9833.0,156.0,0,0,0,0,0
34256.963,1.6204273700714111,2.3160040378570557,1.3595470190048218,-0.0208674818277359,0.0808466225862503,-0.012625397183001041,-0.5171427726745605,1.7556114196777344,-78.04753875732422,226.992431640625,6.987734317779541,23.715696334838867,-1148.0,-9781.0,591.0,0,0,0,0,0
34266.836,1.620150089263916,2.3170571327209473,1.3594874143600464,-0.01706598326563835,0.0803338810801506,-0.0659710168838501,1.303303599357605,1.69211745262146,-78.12786102294922,-76.95380401611328,4.342789173126221,108.86865997314453,-6056.0,-10297.0,993.0,0,0,0,0,0
34276.729,1.6198779344558716,2.317983627319336,1.358847737312317,-0.019172050058841705,0.07886088639497757,-0.09888817369937897,0.6746728420257568,1.5934422016143799,-76.89342498779297,-90.1279296875,10.966110229492188,-320.0030822753906,-2237.0,-10587.0,1988.0,0,0,0,0,0
34286.584,1.6194344758987427,2.319007158279419,1.3584647178649902,-0.021622667089104652,0.08043520152568817,-0.025820640847086906,-0.09030081331729889,1.3849700689315796,-78.43354034423828,51.98866653442383,17.54288673400879,-142.08099365234375,2244.0,-10139.0,2355.0,0,0,0,0,0
34296.476,1.618864893913269,2.3200244903564453,1.358526349067688,-0.02182229980826378,0.08038622885942459,-0.01515435241162777,0.5824350714683533,1.2673758268356323,-79.10186004638672,-22.770915985107422,-6.057633399963379,50.38375473022461,-88.0,-10030.0,848.0,0,0,0,0,0
34306.333,1.6182159185409546,2.3210442066192627,1.3589518070220947,-0.024147002026438713,0.0800553485751152,0.01707446575164795,0.2093966007232666,1.292155146598816,-77.68207550048828,-27.69498062133789,26.57042694091797,129.7610626220703,17.0,-10598.0,281.0,0,0,0,0,0
34316.217,1.6175227165222168,2.3220529556274414,1.3596360683441162,-0.025753360241651535,0.07998120039701462,0.041927091777324677,-0.0842742845416069,1.1411598920822144,-76.97463989257812,2.4918203353881836,26.202686309814453,8.27669906616211,712.0,-10802.0,1504.0,0,0,0,0,0
34326.086,1.617072582244873,2.3229641914367676,1.36012601852417,-0.025819797068834305,0.07873145490884781,0.023872435092926025,-0.16184403002262115,1.0051977634429932,-77.73057556152344,4.96826696395874,22.116636276245117,137.7128448486328,917.0,-10422.0,2180.0,0,0,0,0,0
34335.962,1.6164852380752563,2.323957920074463,1.360341191291809,-0.0254211463034153,0.0769803524017334,-0.045366935431957245,0.11002226918935776,0.8629651665687561,-77.77363586425781,217.2526092529297,11.552032470703125,64.11833190917969,-1664.0,-10152.0,2010.0,0,0,0,0,0
34345.837,1.616016149520874,2.324954032897949,1.3599528074264526,-0.023327341303229332,0.07599478960037231,-0.06986945867538452,1.9545475244522095,0.7879538536071777,-77.71116638183594,-11.22075366973877,3.0398051738739014,39.36569595336914,-6965.0,-10341.0,1972.0,0,0,0,0,0
34355.715,1.6155242919921875,2.3259332180023193,1.3592557907104492,-0.02561972476541996,0.07386542111635208,-0.10869855433702469,1.719334363937378,0.7022618651390076,-77.55597686767578,-148.66236877441406,21.87104606628418,-0.9332168102264404,-3473.0,-10429.0,2079.0,0,0,0,0,0
34365.579,1.6148251295089722,2.326841115951538,1.3586794137954712,-0.03071846254169941,0.0722813531756401,-0.04338211193680763,0.5253579616546631,0.4206751883029938,-77.97294616699219,20.752077102661133,24.720335006713867,-212.41409301757812,2090.0,-9666.0,1751.0,0,0,0,0,0
34375.456,1.6142774820327759,2.327652931213379,1.358332633972168,-0.03145044669508934,0.07042208313941956,-0.045770347118377686,0.7417358160018921,0.14688318967819214,-79.32424926757812,11.765957832336426,-0.22598491609096527,181.2842254638672,1001.0,-8985.0,321.0,0,0,0,0,0
34385.328,1.6133846044540405,2.3284947872161865,1.358397126197815,-0.034122034907341,0.06775582581758499,0.004817930515855551,0.7034400105476379,0.14552676677703857,-78.18019104003906,-79.67741394042969,19.036008834838867,296.5629577636719,214.0,-9680.0,-648.0,0,0,0,0,0
34395.212,1.61240816116333,2.329277515411377,1.3586905002593994,-0.0366755947470665,0.06513195484876633,0.01507197879254818,0.09530475735664368,0.0447455532848835,-76.73930358886719,19.082826614379883,14.935381889343262,-183.02452087402344,1319.0,-10345.0,595.0,0,0,0,0,0
34405.076,1.6115038394927979,2.3300347328186035,1.3592185974121094,-0.037603411823511124,0.06281537562608719,0.032302066683769226,0.10184469074010849,-0.10253994911909103,-78.65497589111328,22.96598243713379,25.680639266967773,54.41357421875,752.0,-10142.0,1217.0,0,0,0,0,0
34414.951,1.6107032299041748,2.3307645320892334,1.359208345413208,-0.03712257742881775,0.06116030365228653,-0.06701543927192688,0.4603970944881439,-0.2946264445781708,-78.89736938476562,187.52601623535156,13.00096607208252,91.49189758300781,-2263.0,-9630.0,2.0,0,0,0,0,0
34424.834,1.6101462841033936,2.331441640853882,1.3585408926010132,-0.03598625957965851,0.058488935232162476,-0.06833075731992722,2.194218873977661,-0.3769891560077667,-77.96253967285156,43.5889892578125,10.407941818237305,-19.558412551879883,-7556.0,-9698.0,-387.0,0,0,0,0,0
34434.71,1.609453558921814,2.332167863845825,1.3579370975494385,-0.03942718356847763,0.055269964039325714,-0.07223952561616898,2.0974440574645996,-0.5325512290000916,-78.28121948242188,-199.4223175048828,67.02530670166016,113.36869049072266,-4352.0,-9586.0,-60.0,0,0,0,0,0
34444.575,1.6085180044174194,2.332796812057495,1.3573811054229736,-0.04461493343114853,0.052072249352931976,-0.06610073149204254,0.6163699626922607,-1.0956976413726807,-77.85889434814453,23.512584686279297,26.900100708007812,-291.3366394042969,2084.0,-7799.0,-76.0,0,0,0,0,0
34454.448,1.6074700355529785,2.3333683013916016,1.3569432497024536,-0.04627023637294769,0.04795091599225998,-0.05231267958879471,0.5992864370346069,-1.3371541500091553,-79.55006408691406,-43.15541076660156,10.526000022888184,186.0934295654297,2256.0,-7185.0,-792.0,0,0,0,0,0
34464.322,1.6066431999206543,2.3338429927825928,1.3567684888839722,-0.04701611399650574,0.04196109622716904,0.008726730942726135,0.24876700341701508,-1.3371150493621826,-77.90899658203125,-93.21550750732422,8.667954444885254,97.265380859375,1534.0,-8708.0,-1186.0,0,0,0,0,0
34474.207,1.6054378747940063,2.334277391433716,1.3570014238357544,-0.04865558445453644,0.03776106610894203,0.007125854957848787,-0.48260945081710815,-1.4132540225982666,-76.93275451660156,-23.764923095703125,1.6591261625289917,-263.8394775390625,2329.0,-9773.0,493.0,0,0,0,0,0
34484.088,1.6042892932891846,2.3346564769744873,1.3572540283203125,-0.04825437441468239,0.033756911754608154,0.012938611209392548,-0.5208322405815125,-1.4833498001098633,-78.14701843261719,68.87700653076172,21.83878517150879,-141.38758850097656,682.0,-9822.0,1476.0,0,0,0,0,0
34493.945,1.603329062461853,2.3350071907043457,1.3569755554199219,-0.046722814440727234,0.033186931163072586,-0.07883574068546295,0.32907354831695557,-1.7184944152832031,-78.82263946533203,120.5848388671875,-2.6302106380462646,96.32833099365234,-3652.0,-9123.0,755.0,0,0,0,0,0
34503.82,1.6024868488311768,2.3353664875030518,1.3562074899673462,-0.04592418298125267,0.028822198510169983,-0.0717880129814148,1.6576287746429443,-1.731397271156311,-78.06023406982422,61.89118957519531,19.02533531188965,-71.29618835449219,-7742.0,-9075.0,288.0,0,0,0,0,0
34513.704,1.601646900177002,2.335672616958618,1.3557265996932983,-0.04898875951766968,0.023097530007362366,-0.035923510789871216,1.8698948621749878,-1.9219671487808228,-78.59652709960938,-161.99131774902344,72.3926773071289,188.69908142089844,-4569.0,-8807.0,173.0,0,0,0,0,0
34523.569,1.6009057760238647,2.3358395099639893,1.3550856113433838,-0.05224074050784111,0.02109375409781933,-0.08729938417673111,0.5868182182312012,-2.5052578449249268,-78.08036804199219,9.002575874328613,36.795326232910156,-240.69276428222656,1050.0,-6742.0,-179.0,0,0,0,0,0
34533.449,1.5998079776763916,2.3360202312469482,1.3544851541519165,-0.05318117141723633,0.013885519467294216,-0.041515052318573,0.21745571494102478,-2.7473385334014893,-79.15913391113281,-78.7936019897461,19.065563201904297,110.81828308105469,2486.0,-6055.0,-856.0,0,0,0,0,0
34543.317,1.5985462665557861,2.336047410964966,1.3543967008590698,-0.05350405350327492,0.00613474240526557,0.00536425830796361,-0.26467618346214294,-2.84915828704834,-77.7540283203125,-83.86470031738281,-1.0322357416152954,-40.53556823730469,2311.0,-7325.0,-1046.0,0,0,0,0,0
34553.207,1.5972895622253418,2.335991144180298,1.3545362949371338,-0.05367785319685936,0.00040315050864592195,0.007384833879768848,-0.9543877243995667,-2.8321444988250732,-77.18302154541016,-42.30168533325195,6.860143184661865,-104.64682006835938,2805.0,-8704.0,363.0,0,0,0,0,0
34563.066,1.5961570739746094,2.3358707427978516,1.3547346591949463,-0.051883213222026825,-0.004703394137322903,0.011957960203289986,-1.100348949432373,-2.8875179290771484,-77.5273666381836,121.21407318115234,16.139137268066406,-105.26463317871094,445.0,-9147.0,1555.0,0,0,0,0,0
34572.94,1.5954134464263916,2.3357791900634766,1.3545143604278564,-0.04862304404377937,-0.0055437758564949036,-0.05392857640981674,0.03240616247057915,-3.021235942840576,-78.71672821044922,84.47042083740234,-21.96988868713379,95.63172912597656,-4662.0,-8694.0,1342.0,0,0,0,0,0
34582.829,1.5945864915847778,2.3356330394744873,1.353831171989441,-0.047061771154403687,-0.01100405678153038,-0.047948893159627914,1.0498850345611572,-2.935507297515869,-78.22908020019531,39.68736267089844,2.1374189853668213,-64.44043731689453,-7394.0,-8982.0,603.0,0,0,0,0,0
34592.699,1.593786358833313,2.3354175090789795,1.3536303043365479,-0.048466090112924576,-0.01935122162103653,0.01340545155107975,1.0375511646270752,-3.0376431941986084,-78.7458724975586,-90.74244689941406,36.37428665161133,5.310251712799072,-4400.0,-8798.0,163.0,0,0,0,0,0
34602.573,1.5928553342819214,2.335102081298828,1.3532580137252808,-0.051158107817173004,-0.019391437992453575,-0.06503715366125107,0.17461659014225006,-3.4213151931762695,-79.00704193115234,-39.16556167602539,16.964399337768555,-66.15589141845703,255.0,-7099.0,-793.0,0,0,0,0,0
34612.447,1.5917528867721558,2.3347299098968506,1.3529112339019775,-0.05070209503173828,-0.028339754790067673,-0.0034479561727494,-0.4602132737636566,-3.6016652584075928,-79.61618041992188,-103.06292724609375,-1.169958472251892,174.61207580566406,2766.0,-6384.0,-2140.0,0,0,0,0,0
34622.315,1.5909006595611572,2.334320068359375,1.3529906272888184,-0.048857200890779495,-0.03493967652320862,0.01984451338648796,-1.3082512617111206,-3.653188467025757,-78.51901245117188,-34.282779693603516,-28.60820198059082,42.834228515625,3443.0,-7265.0,-2677.0,0,0,0,0,0
34632.214,1.5897454023361206,2.3337597846984863,1.3532253503799438,-0.046597398817539215,-0.04097644239664078,0.03044985421001911,-1.8550431728363037,-3.4477696418762207,-78.12163543701172,-46.61239242553711,15.878300666809082,199.44134521484375,3269.0,-8943.0,-1753.0,0,0,0,0,0
34642.064,1.5887020826339722,2.333115577697754,1.3532613515853882,-0.04505802318453789,-0.04338278993964195,-0.006225293502211571,-1.9061863422393799,-3.480445384979248,-77.5267105102539,174.39820861816406,9.329903602600098,-152.99948120117188,355.0,-9471.0,-436.0,0,0,0,0,0
34651.938,1.5878896713256836,2.3324990272521973,1.3529052734375,-0.04071757569909096,-0.045846305787563324,-0.03152460232377052,-0.5907918810844421,-3.4563000202178955,-78.84815979003906,44.237152099609375,-20.899188995361328,134.8154296875,-4959.0,-8921.0,79.0,0,0,0,0,0
34661.812,1.587361216545105,2.3319225311279297,1.3524352312088013,-0.037908319383859634,-0.05029876157641411,-0.027983777225017548,-0.07619360089302063,-3.302049398422241,-78.15180206298828,20.012521743774414,-2.7175958156585693,86.29679107666016,-5817.0,-9113.0,-51.0,0,0,0,0,0
34671.707,1.586740255355835,2.3312113285064697,1.3521921634674072,-0.03629181161522865,-0.05674878507852554,0.01672259531915188,0.09677677601575851,-3.335712194442749,-78.02325439453125,-47.493656158447266,-1.3337682485580444,-173.0447998046875,-3875.0,-8806.0,410.0,0,0,0,0,0
34681.574,1.5860726833343506,2.3304405212402344,1.3518269062042236,-0.03785201162099838,-0.056536801159381866,-0.0552273690700531,-0.5916234850883484,-3.4530372619628906,-79.11077117919922,-114.80610656738281,0.703453004360199,70.7274169921875,103.0,-7827.0,58.0,0,0,0,0,0
34691.436,1.5852116346359253,2.329604387283325,1.351281762123108,-0.035606808960437775,-0.06332815438508987,-0.005140357185155153,-1.6774693727493286,-3.462524890899658,-78.93074035644531,-119.47820281982422,-15.793237686157227,45.3079719543457,3801.0,-7649.0,-969.0,0,0,0,0,0
34701.31,1.584268569946289,2.328667163848877,1.3510812520980835,-0.03351462259888649,-0.06754161417484283,0.00031226983992382884,-2.6939852237701416,-3.3463313579559326,-78.49470520019531,-34.840301513671875,-22.767724990844727,115.161865234375,5066.0,-8483.0,-1158.0,0,0,0,0,0
34711.194,1.5834141969680786,2.3276779651641846,1.3510198593139648,-0.027677791193127632,-0.07209660112857819,0.028325140476226807,-3.3085405826568604,-3.0930984020233154,-78.33012390136719,-18.191333770751953,2.9736111164093018,196.49424743652344,4526.0,-9788.0,-674.0,0,0,0,0,0
34721.058,1.5829498767852783,2.3268518447875977,1.3509111404418945,-0.02502785436809063,-0.07162599265575409,-0.025611573830246925,-3.319912910461426,-3.027022361755371,-77.59210205078125,166.12318420410156,-5.803012371063232,-131.48696899414062,835.0,-9971.0,63.0,0,0,0,0,0
34730.933,1.5823874473571777,2.3258237838745117,1.3503624200820923,-0.018280453979969025,-0.0736050233244896,-0.022965658456087112,-2.1455466747283936,-2.8620784282684326,-78.2236099243164,26.51324462890625,-25.5041561126709,57.53159713745117,-4119.0,-9612.0,626.0,0,0,0,0,0
34740.807,1.5820558071136475,2.324798583984375,1.3497817516326904,-0.01400860957801342,-0.07553113251924515,-0.027018273249268532,-1.8373035192489624,-2.643247604370117,-78.04383087158203,15.516201972961426,3.593703508377075,2.9486751556396484,-4395.0,-9797.0,692.0,0,0,0,0,0
34750.692,1.5817972421646118,2.323739767074585,1.3495067358016968,-0.008335494436323643,-0.0790221244096756,0.02783387340605259,-1.5152736902236938,-2.6586830615997314,-78.23023223876953,-10.44699764251709,-18.160327911376953,-223.83599853515625,-3476.0,-9218.0,619.0,0,0,0,0,0
34760.556,1.5815098285675049,2.3226566314697266,1.349138855934143,-0.008659140206873417,-0.07815805822610855,-0.04287831485271454,-1.8490523099899292,-2.528684616088867,-79.75323486328125,-150.51502990722656,-8.746176719665527,215.5626983642578,-138.0,-8751.0,-467.0,0,0,0,0,0
34770.43,1.5812727212905884,2.321659564971924,1.3486741781234741,-0.0037387481424957514,-0.08074676990509033,9.778662206372246e-05,-3.1027767658233643,-2.5078988075256348,-78.44953155517578,-103.04857635498047,-27.583831787109375,-42.24130630493164,4300.0,-8926.0,-1494.0,0,0,0,0,0
34780.32,1.5808318853378296,2.3204832077026367,1.348402738571167,0.00020821754878852516,-0.08203262090682983,0.0002727984101511538,-4.0438737869262695,-2.2715132236480713,-78.25921630859375,-15.663016319274902,-17.230627059936523,110.11888885498047,5810.0,-9518.0,-1072.0,0,0,0,0,0
34790.189,1.580445408821106,2.3192856311798096,1.3482526540756226,0.00906123872846365,-0.08326944708824158,0.03817028924822807,-4.5221848487854,-2.002474308013916,-78.50765991210938,-12.305427551269531,-6.268512725830078,194.0465545654297,4807.0,-10431.0,-583.0,0,0,0,0,0
34800.054,1.5802091360092163,2.3180761337280273,1.347928762435913,0.010191175155341625,-0.08160397410392761,-0.029655730351805687,-4.519639015197754,-1.959580898284912,-77.7685546875,172.56748962402344,-9.757164001464844,-94.44840240478516,1298.0,-10135.0,-121.0,0,0,0,0,0
34809.928,1.5802488327026367,2.316908121109009,1.3472645282745361,0.0192556269466877,-0.08088009804487228,-0.019782880321145058,-3.160881280899048,-1.8350465297698975,-78.15885162353516,35.241172790527344,-21.37688636779785,76.24919128417969,-3798.0,-9475.0,522.0,0,0,0,0,0
34819.802,1.580501675605774,2.315828561782837,1.3468542098999023,0.02563958801329136,-0.08002457767724991,-0.014740600250661373,-2.762617826461792,-1.6637729406356812,-78.31572723388672,31.168079376220703,19.456472396850586,-16.81573486328125,-4091.0,-9359.0,648.0,0,0,0,0,0
34829.69,1.580806851387024,2.314666986465454,1.346362590789795,0.03173205628991127,-0.07962259650230408,0.013472066260874271,-2.1950297355651855,-1.8025702238082886,-78.58683013916016,10.134869575500488,-15.910033226013184,-152.633056640625,-3626.0,-8497.0,203.0,0,0,0,0,0
34839.547,1.5811331272125244,2.313561201095581,1.345736026763916,0.032131366431713104,-0.07841216027736664,-0.04434824362397194,-2.5394680500030518,-1.6511609554290771,-79.17951965332031,-146.8079833984375,-11.182489395141602,173.4483642578125,-403.0,-8229.0,-583.0,0,0,0,0,0
34849.422,1.5813359022140503,2.3122992515563965,1.3450684547424316,0.037883736193180084,-0.07868414372205734,-0.003362039104104042,-3.657350540161133,-1.550823450088501,-77.90353393554688,-79.46674346923828,-28.81497573852539,-122.83485412597656,4064.0,-9096.0,-820.0,0,0,0,0,0
34859.295,1.5816134214401245,2.3113138675689697,1.3448584079742432,0.04303770884871483,-0.07774527370929718,0.0016842212062329054,-4.45224142074585,-1.233792781829834,-78.24002838134766,-6.3562331199646,-20.303524017333984,80.63371276855469,5469.0,-9911.0,-117.0,0,0,0,0,0
34869.18,1.581815242767334,2.3101351261138916,1.3445565700531006,0.0507485456764698,-0.0765005499124527,0.02335456572473049,-4.879567623138428,-0.8949177861213684,-78.79159545898438,2.5905983448028564,-8.796822547912598,192.2635498046875,4692.0,-10878.0,40.0,0,0,0,0,0
34879.047,1.5821245908737183,2.308952569961548,1.3441144227981567,0.0534975565969944,-0.07402694970369339,-0.03206890821456909,-4.363121032714844,-0.8959566354751587,-78.13044738769531,180.9146728515625,-11.403977394104004,-36.94533157348633,1328.0,-10744.0,-100.0,0,0,0,0,0
34888.919,1.5826994180679321,2.30784010887146,1.3433160781860352,0.061271123588085175,-0.07160955667495728,-0.02354883961379528,-3.070129632949829,-0.7813618183135986,-77.87196350097656,55.66481399536133,-15.783525466918945,16.579986572265625,-3839.0,-9650.0,322.0,0,0,0,0,0
34898.793,1.583539605140686,2.306770086288452,1.3427680730819702,0.06799854338169098,-0.06957177817821503,0.013533764518797398,-2.7257184982299805,-0.7143740057945251,-78.79157257080078,41.03117370605469,16.475765228271484,-3.530832529067993,-4094.0,-9245.0,637.0,0,0,0,0,0
34908.678,1.5844566822052002,2.3056514263153076,1.3423486948013306,0.07210411876440048,-0.06693509221076965,-0.006124047562479973,-1.815189242362976,-0.7554336786270142,-79.1659164428711,23.458271026611328,-15.703449249267578,-146.97767639160156,-3661.0,-8597.0,-195.0,0,0,0,0,0
34918.542,1.5845204591751099,2.305488348007202,1.342109203338623,0.07231837511062622,-0.06731916218996048,-0.007203251123428345,-1.8191155195236206,-0.761327862739563,-79.16716003417969,-131.20750427246094,-10.817605972290039,205.5014190673828,-696.0,-8607.0,-1313.0,0,0,0,0,0
34928.432,1.5851672887802124,2.3044371604919434,1.341500163078308,0.07280807197093964,-0.0662381574511528,-0.01277131773531437,-2.7390542030334473,-0.6800358891487122,-78.28760528564453,-72.01548767089844,-30.89288330078125,-170.7062225341797,4078.0,-9202.0,-596.0,0,0,0,0,0
34938.291,1.5858283042907715,2.3033196926116943,1.341082215309143,0.07669393718242645,-0.06444523483514786,0.010365263558924198,-3.4645159244537354,-0.5047184228897095,-77.75489044189453,4.559545993804932,-22.295873641967773,-1.546130895614624,5280.0,-10219.0,326.0,0,0,0,0,0
34948.179,1.5864771604537964,2.3022677898406982,1.3408528566360474,0.08211325109004974,-0.06234312430024147,0.03766830638051033,-3.9535317420959473,-0.2550331950187683,-77.41382598876953,34.306907653808594,-13.490968704223633,124.024169921875,4068.0,-11097.0,1275.0,0,0,0,0,0
34958.039,1.5872533321380615,2.301441192626953,1.340790867805481,0.08377891033887863,-0.06030922755599022,-0.006552182603627443,-4.120914936065674,0.11310222744941711,-77.76039123535156,187.7015380859375,-13.673532485961914,-9.707249641418457,201.0,-11254.0,1843.0,0,0,0,0,0
34967.914,1.588218331336975,2.3004910945892334,1.3400837182998657,0.08932764083147049,-0.05678024888038635,-0.02446800097823143,-2.8061866760253906,0.19220687448978424,-78.08536529541016,41.10986328125,-18.4842586517334,-29.518451690673828,-4980.0,-10510.0,1796.0,0,0,0,0,0
34977.801,1.5894629955291748,2.2995316982269287,1.339408278465271,0.09431739151477814,-0.053095411509275436,-0.01014801673591137,-1.765824794769287,0.38467639684677124,-77.90327453613281,85.0538558959961,14.193887710571289,86.6944580078125,-4115.0,-10140.0,1419.0,0,0,0,0,0
34987.672,1.590769648551941,2.298625946044922,1.3390870094299316,0.09737472236156464,-0.04893036186695099,0.03623724356293678,-1.2971723079681396,0.329080194234848,-78.56877136230469,14.360468864440918,-12.02894115447998,-158.83213806152344,-4158.0,-9122.0,457.0,0,0,0,0,0
34997.537,1.5919948816299438,2.29777193069458,1.338755488395691,0.09802334010601044,-0.04658607020974159,-0.018065061420202255,-0.6501227617263794,0.49458345770835876,-79.92849731445312,-116.9118881225586,-16.06902313232422,226.2639923095703,-609.0,-9586.0,-1473.0,0,0,0,0,0
35007.416,1.593026041984558,2.2969202995300293,1.3383530378341675,0.0968172550201416,-0.04374758526682854,0.014373443089425564,-1.9500855207443237,0.6185564398765564,-77.69815826416016,-86.38542938232422,-38.56931686401367,-171.99334716796875,4081.0,-10220.0,-1512.0,0,0,0,0,0
35017.289,1.5940487384796143,2.296266794204712,1.338332176208496,0.09713294357061386,-0.04057862609624863,0.010573379695415497,-2.7788846492767334,0.9789333939552307,-78.18038940429688,-5.02740478515625,-28.9659481048584,-83.21705627441406,5870.0,-11383.0,-687.0,0,0,0,0,0
35027.179,1.5950074195861816,2.2954509258270264,1.3380845785140991,0.09944315254688263,-0.036833446472883224,0.011507733725011349,-2.83394193649292,1.314545750617981,-78.33283233642578,81.62962341308594,-13.771611213684082,55.95625305175781,3526.0,-12001.0,-350.0,0,0,0,0,0
35037.042,1.5960415601730347,2.294699192047119,1.3374311923980713,0.10108876973390579,-0.03356151655316353,-0.04147011414170265,-1.8537614345550537,1.3695148229599,-77.7119140625,136.4796142578125,-21.889848709106445,2.0778937339782715,-1132.0,-11436.0,67.0,0,0,0,0,0
35046.909,1.597347617149353,2.29404616355896,1.3367294073104858,0.10335264354944229,-0.027997782453894615,-0.005263207014650106,-0.698162317276001,1.5462837219238281,-77.61841583251953,2.1342403888702393,-17.097728729248047,-179.04737854003906,-4522.0,-10677.0,1004.0,0,0,0,0,0
35056.782,1.5974637269973755,2.293905258178711,1.3365644216537476,0.10376555472612381,-0.028336506336927414,-0.0060278126038610935,-0.7038808465003967,1.5411009788513184,-77.6213607788086,135.65658569335938,14.132978439331055,46.794124603271484,-2964.0,-10099.0,1251.0,0,0,0,0,0
35066.677,1.599727988243103,2.293119192123413,1.336319088935852,0.10333014279603958,-0.01978038251399994,-0.0010423781350255013,0.7065271139144897,1.456708550453186,-79.32814025878906,-19.813493728637695,-16.57086181640625,78.29530334472656,-4018.0,-9123.0,382.0,0,0,0,0,0
35076.532,1.6008671522140503,2.2926623821258545,1.3360300064086914,0.09922049194574356,-0.0176082830876112,-0.008865724317729473,-0.46185970306396484,1.5897088050842285,-77.6187744140625,-84.97697448730469,-3.957477331161499,230.640869140625,-436.0,-9617.0,-579.0,0,0,0,0,0
35086.406,1.6017417907714844,2.2922003269195557,1.3356506824493408,0.09680403023958206,-0.01445693802088499,-0.0021912443917244673,-1.128078818321228,1.7869317531585693,-78.10528564453125,-85.0713882446289,-38.08262634277344,-139.16815185546875,4294.0,-10552.0,580.0,0,0,0,0,0
35096.28,1.6025315523147583,2.291768789291382,1.3355756998062134,0.09624127298593521,-0.009570147842168808,0.03873526677489281,-1.7836430072784424,2.0199148654937744,-78.52639770507812,42.99318313598633,-31.531949996948242,103.45137786865234,5443.0,-11516.0,443.0,0,0,0,0,0
35106.163,1.6024460792541504,2.2916181087493896,1.3355002403259277,0.09597738832235336,-0.009962484240531921,0.03837689384818077,-1.7836430072784424,2.0199148654937744,-78.52639770507812,102.85550689697266,4.572833061218262,168.73486328125,1995.0,-11953.0,-27.0,0,0,0,0,0
35116.038,1.604292631149292,2.2911291122436523,1.3349347114562988,0.09570589661598206,-0.003248445689678192,-0.009504005312919617,-0.19042304158210754,2.2226011753082275,-77.39323425292969,129.93040466308594,-12.669355392456055,-75.232177734375,-2676.0,-11482.0,63.0,0,0,0,0,0
35125.903,1.6053693294525146,2.2909135818481445,1.33484947681427,0.09355655312538147,0.0026122687850147486,0.039999622851610184,0.5343220829963684,2.2786855697631836,-78.26004028320312,-51.02241134643555,16.02521324157715,-167.00653076171875,-4531.0,-10529.0,973.0,0,0,0,0,0
35135.782,1.606448769569397,2.290750503540039,1.3350597620010376,0.0906560868024826,0.0068179029040038586,0.040766265243291855,0.6827723979949951,1.9713237285614014,-78.6021728515625,171.26776123046875,7.693031311035156,-186.0860595703125,-2494.0,-9367.0,441.0,0,0,0,0,0
35145.666,1.6076008081436157,2.2906923294067383,1.3352549076080322,0.08869320899248123,0.009991546161472797,0.027811577543616295,1.8097178936004639,1.9620376825332642,-79.01007843017578,-100.87930297851562,-17.59737205505371,201.1101837158203,-4134.0,-8420.0,-609.0,0,0,0,0,0
35155.535,1.607605218887329,2.29061222076416,1.3352181911468506,0.08876252919435501,0.00981377623975277,0.027641985565423965,1.8097178936004639,1.9620376825332642,-79.01007843017578,-98.1225357055664,-4.463779926300049,23.923105239868164,452.0,-9275.0,-757.0,0,0,0,0,0
35165.403,1.6084208488464355,2.290546178817749,1.335310697555542,0.08148006349802017,0.011596661061048508,0.01701018027961254,0.17420102655887604,1.9790990352630615,-76.8351058959961,-98.23019409179688,-15.11794662475586,-68.43428039550781,5219.0,-10235.0,776.0,0,0,0,0,0
35175.279,1.6090960502624512,2.290496349334717,1.3353676795959473,0.07764258980751038,0.01453371811658144,0.025042898952960968,-0.7029204964637756,2.2083098888397217,-78.58341979980469,108.38983154296875,-13.711265563964844,111.98179626464844,5796.0,-11468.0,345.0,0,0,0,0,0
35185.159,1.6097548007965088,2.290522336959839,1.3355062007904053,0.07614612579345703,0.017625080421566963,0.015304014086723328,-0.5543891191482544,2.3665223121643066,-78.4255142211914,60.035762786865234,21.604150772094727,261.99053955078125,168.0,-11795.0,-75.0,0,0,0,0,0
35195.024,1.610400915145874,2.290609836578369,1.3354898691177368,0.07556869089603424,0.020232947543263435,-0.013459616340696812,0.22605443000793457,2.351285219192505,-77.48673248291016,100.75419616699219,3.31426739692688,-57.7920036315918,-2963.0,-10828.0,742.0,0,0,0,0,0
35204.907,1.6111913919448853,2.2908055782318115,1.3356152772903442,0.07203023880720139,0.02619859203696251,0.05520180985331535,0.92873215675354,2.3684422969818115,-77.77503967285156,-26.054075241088867,42.99183654785156,96.62877655029297,-2833.0,-10280.0,1038.0,0,0,0,0,0
35214.779,1.6119661331176758,2.2910022735595703,1.3360782861709595,0.06827840209007263,0.029731228947639465,0.06336198002099991,0.677599310874939,2.1577839851379395,-78.77801513671875,153.725830078125,5.488829612731934,2.8165831565856934,-1823.0,-8769.0,68.0,0,0,0,0,0
35224.656,1.6127018928527832,2.291281223297119,1.33661687374115,0.06640741229057312,0.032809097319841385,0.062307991087436676,1.8542314767837524,1.961950659751892,-79.7247314453125,-132.5118408203125,-11.891263961791992,177.04925537109375,-3338.0,-8575.0,-1647.0,0,0,0,0,0
35234.524,1.613226056098938,2.291572093963623,1.3370776176452637,0.061356279999017715,0.03357715159654617,0.041281189769506454,1.1872369050979614,2.044898748397827,-78.4040756225586,-114.97681427001953,-19.827003479003906,-43.296573638916016,2313.0,-9543.0,-1477.0,0,0,0,0,0
35244.398,1.6137264966964722,2.291898250579834,1.3373644351959229,0.05644598230719566,0.034917641431093216,0.03021138533949852,-0.15761055052280426,2.0443830490112305,-78.04945373535156,-139.35049438476562,-16.851022720336914,-125.48316192626953,6654.0,-10569.0,-919.0,0,0,0,0,0
35254.269,1.6139731407165527,2.292203187942505,1.3377394676208496,0.05374962463974953,0.03778829053044319,0.054596882313489914,-1.3412476778030396,2.208075523376465,-79.50328826904297,143.06275939941406,-14.750207901000977,-123.12889862060547,6347.0,-11463.0,-1443.0,0,0,0,0,0
35264.154,1.6142592430114746,2.292541027069092,1.3380193710327148,0.0541573129594326,0.0386870875954628,0.009923295117914677,-0.635942816734314,2.2970733642578125,-78.99085235595703,4.067509174346924,35.079776763916016,311.84149169921875,-435.0,-11451.0,-1775.0,0,0,0,0,0
35274.018,1.6147066354751587,2.2929043769836426,1.3379312753677368,0.05366390943527222,0.041635654866695404,0.006376005709171295,-0.20706462860107422,2.108325242996216,-77.10438537597656,62.195457458496094,19.277408599853516,-153.8536834716797,-2445.0,-10016.0,93.0,0,0,0,0,0
35283.894,1.6152831315994263,2.2933812141418457,1.3383477926254272,0.052123263478279114,0.04671430215239525,0.08008205890655518,0.24441158771514893,2.0324814319610596,-78.29924011230469,24.056612014770508,49.277793884277344,140.3123016357422,-1727.0,-9219.0,526.0,0,0,0,0,0
35293.767,1.6158195734024048,2.2938930988311768,1.338900089263916,0.05048657953739166,0.04830937832593918,0.046273063868284225,0.1704603135585785,1.689070463180542,-78.66581726074219,111.29771423339844,18.37862205505371,146.4055633544922,-1804.0,-7982.0,-43.0,0,0,0,0,0
35303.66,1.6163246631622314,2.2944095134735107,1.3394103050231934,0.04922904446721077,0.05043645575642586,0.0627121552824974,1.1453189849853516,1.4319015741348267,-78.90467834472656,-122.39305114746094,5.7466206550598145,185.00196838378906,-2025.0,-7744.0,-374.0,0,0,0,0,0
35313.518,1.6167012453079224,2.294962167739868,1.3398315906524658,0.045579005032777786,0.04995615780353546,0.02320813201367855,0.2593660056591034,1.3485435247421265,-77.40349578857422,-93.99473571777344,-6.864344120025635,-44.10608673095703,3278.0,-8184.0,812.0,0,0,0,0,0
35323.39,1.616923451423645,2.2954957485198975,1.3398706912994385,0.04223281517624855,0.05001918599009514,0.00430027861148119,-0.9552434086799622,1.2154778242111206,-77.6732177734375,-127.6856460571289,-4.789144992828369,-94.79679107666016,6772.0,-9074.0,1422.0,0,0,0,0,0
35333.274,1.6170576810836792,2.2960221767425537,1.3400681018829346,0.04171092435717583,0.05091886222362518,0.021184656769037247,-2.0172040462493896,1.252245306968689,-78.74037170410156,135.54518127441406,-3.25331449508667,-116.60236358642578,5976.0,-9816.0,966.0,0,0,0,0,0
35343.148,1.6173200607299805,2.296577215194702,1.340025782585144,0.043551407754421234,0.050938304513692856,-0.03549707308411598,-1.092904806137085,1.165907621383667,-78.31057739257812,14.595492362976074,26.243263244628906,140.84237670898438,-438.0,-9649.0,715.0,0,0,0,0,0
35353.012,1.6177204847335815,2.2971251010894775,1.3397161960601807,0.04464856535196304,0.052052900195121765,-0.03388475254178047,-0.5859536528587341,0.9004820585250854,-76.83406829833984,62.317134857177734,11.641410827636719,-256.09515380859375,-2914.0,-8649.0,2087.0,0,0,0,0,0
35362.89,1.618273138999939,2.2977724075317383,1.3398077487945557,0.04529275372624397,0.05353838577866554,0.03951810300350189,0.05011391639709473,0.828953206539154,-78.19937133789062,34.20042037963867,48.60388946533203,170.1036834716797,-2118.0,-8459.0,1818.0,0,0,0,0,0
35372.762,1.6188766956329346,2.2984156608581543,1.3401131629943848,0.04481125250458717,0.053715940564870834,0.013862217776477337,-0.006687687709927559,0.4788219630718231,-78.24393463134766,115.71444702148438,3.341109275817871,105.6475830078125,-2267.0,-7429.0,911.0,0,0,0,0,0
35382.646,1.6194323301315308,2.2991058826446533,1.3404277563095093,0.04471807926893234,0.0534798726439476,0.0414838045835495,0.9932649731636047,0.3372887969017029,-78.63268280029297,-126.47201538085938,10.087388038635254,120.76629638671875,-2371.0,-7940.0,195.0,0,0,0,0,0
35392.519,1.6197857856750488,2.2997543811798096,1.3407269716262817,0.041422415524721146,0.05186790972948074,-0.007504899054765701,-0.06483037024736404,0.23823298513889313,-77.54936981201172,-94.37187194824219,-17.922048568725586,-90.02912902832031,3466.0,-8452.0,711.0,0,0,0,0,0
35402.385,1.6200997829437256,2.30031681060791,1.340687870979309,0.03963552787899971,0.05030614510178566,-0.01234404742717743,-1.2251306772232056,0.23396070301532745,-78.06202697753906,-124.73037719726562,-13.149754524230957,-1.927564263343811,7204.0,-9509.0,652.0,0,0,0,0,0
35412.259,1.6203062534332275,2.3008909225463867,1.3408516645431519,0.04078947380185127,0.049504730850458145,0.015567497350275517,-2.407315969467163,0.343450665473938,-78.7420654296875,133.579833984375,-9.004715919494629,-166.85928344726562,6039.0,-10338.0,157.0,0,0,0,0,0
35422.143,1.6206400394439697,2.3014776706695557,1.3408147096633911,0.043266572058200836,0.0488436184823513,-0.04371915012598038,-1.4774858951568604,0.3387923240661621,-78.52304077148438,8.569711685180664,27.63291358947754,123.35952758789062,-483.0,-9948.0,-198.0,0,0,0,0,0
35432.008,1.621152639389038,2.3020739555358887,1.3406009674072266,0.04596243053674698,0.049120739102363586,-0.02240072935819626,-1.0114827156066895,0.051841769367456436,-77.32354736328125,37.60270309448242,22.814231872558594,-181.9571075439453,-2579.0,-8435.0,603.0,0,0,0,0,0
35441.881,1.6217288970947266,2.3026294708251953,1.3408023118972778,0.048309698700904846,0.04840357229113579,0.048957545310258865,-0.46642008423805237,-0.09826216101646423,-78.7440414428711,53.62163162231445,42.67958068847656,112.59221649169922,-1483.0,-7658.0,426.0,0,0,0,0,0
35451.756,1.622432827949524,2.3032050132751465,1.34128737449646,0.04898602515459061,0.047867387533187866,0.020421259105205536,-0.3785998225212097,-0.4803745448589325,-78.30558776855469,95.029541015625,13.087303161621094,126.18653106689453,-2376.0,-6711.0,-193.0,0,0,0,0,0
35461.648,1.623124122619629,2.3037960529327393,1.3418296575546265,0.050255488604307175,0.04598439484834671,0.051830243319272995,0.7157924175262451,-0.6978365778923035,-78.20379638671875,-141.10585021972656,28.910736083984375,161.36795043945312,-1929.0,-6739.0,146.0,0,0,0,0,0
35471.505,1.6236355304718018,2.304335355758667,1.3423086404800415,0.04748905077576637,0.0439123772084713,0.005893361754715443,-0.36574897170066833,-0.8764672875404358,-76.87448120117188,-76.1335678100586,-4.134450435638428,-66.77018737792969,3993.0,-7187.0,1716.0,0,0,0,0,0
35481.379,1.624066948890686,2.304821014404297,1.342532753944397,0.04682484641671181,0.04122389480471611,0.0028064437210559845,-1.3961236476898193,-0.9221890568733215,-77.4636459350586,-85.2975082397461,8.370110511779785,95.99823760986328,7039.0,-8226.0,2245.0,0,0,0,0,0
35491.254,1.624433159828186,2.3050875663757324,1.3427941799163818,0.04878739267587662,0.038096461445093155,0.02863876335322857,-2.355391502380371,-0.9882826209068298,-78.19332885742188,120.04447937011719,1.6803871393203735,-153.34286499023438,4739.0,-8583.0,2122.0,0,0,0,0,0
35501.147,1.6249529123306274,2.3055028915405273,1.3427964448928833,0.0514979213476181,0.037272464483976364,-0.039617449045181274,-1.297424077987671,-1.055220365524292,-78.36786651611328,32.17613983154297,11.503586769104004,18.62323570251465,-1013.0,-8198.0,1680.0,0,0,0,0,0
35511.016,1.625644564628601,2.3059608936309814,1.3427128791809082,0.05477716028690338,0.03495127707719803,-0.006366936024278402,-0.7217485904693604,-1.321908712387085,-77.09639739990234,8.013744354248047,9.027477264404297,-242.4149169921875,-3215.0,-7448.0,2137.0,0,0,0,0,0
35520.877,1.6265249252319336,2.3063886165618896,1.343102216720581,0.05757144093513489,0.03101690113544464,0.05746448040008545,-0.20383618772029877,-1.408069372177124,-78.7360610961914,79.01803588867188,34.04535675048828,-77.52439880371094,-1728.0,-7159.0,1154.0,0,0,0,0,0
35530.751,1.6273396015167236,2.306864023208618,1.3434699773788452,0.05829041078686714,0.029829591512680054,0.025817442685365677,0.14029188454151154,-1.7342921495437622,-79.13511657714844,51.29757308959961,3.9193549156188965,82.74850463867188,-2892.0,-6457.0,-655.0,0,0,0,0,0
35540.635,1.6281819343566895,2.3072404861450195,1.3440190553665161,0.05905596911907196,0.025639886036515236,0.05143905058503151,1.0625548362731934,-1.7895762920379639,-78.81971740722656,-137.288818359375,19.310529708862305,195.41159057617188,-1304.0,-7254.0,-1629.0,0,0,0,0,0
35550.5,1.6287983655929565,2.3075106143951416,1.344380497932434,0.055865515023469925,0.02288810722529888,0.005667423363775015,-0.03924613818526268,-1.864888072013855,-77.68761444091797,-92.71791076660156,-15.232138633728027,-173.88381958007812,4222.0,-7819.0,-888.0,0,0,0,0,0
35560.374,1.6293869018554688,2.3077728748321533,1.3445855379104614,0.05500597879290581,0.019110070541501045,0.0025846257340162992,-1.063389778137207,-1.7706412076950073,-78.50081634521484,-72.308349609375,-14.789358139038086,42.9271240234375,7297.0,-8973.0,-905.0,0,0,0,0,0
35570.248,1.6299571990966797,2.307957887649536,1.3448646068572998,0.056932590901851654,0.015204327180981636,0.026883279904723167,-1.851552963256836,-1.659893274307251,-78.2540283203125,118.47245788574219,-4.930563926696777,-128.25733947753906,4629.0,-9643.0,-726.0,0,0,0,0,0
35580.135,1.6306641101837158,2.3081302642822266,1.3447508811950684,0.05960169434547424,0.014934227801859379,-0.05202453210949898,-0.6999760866165161,-1.6273449659347534,-78.29522705078125,21.159543991088867,5.0260539054870605,-25.454509735107422,-1180.0,-8984.0,-275.0,0,0,0,0,0
35590.004,1.6313905715942383,2.3082754611968994,1.3445183038711548,0.06156875193119049,0.011127978563308716,-0.000570690433960408,-0.3006897568702698,-1.810811996459961,-77.4864501953125,17.41905403137207,13.241137504577637,-186.691650390625,-2968.0,-7795.0,358.0,0,0,0,0,0
35599.871,1.6324131488800049,2.3084146976470947,1.344829797744751,0.0634583830833435,0.006897105369716883,0.05179525539278984,0.2456458956003189,-1.9584853649139404,-78.91643524169922,71.02922821044922,27.28092384338379,4.063668727874756,-1663.0,-6650.0,-151.0,0,0,0,0,0
35609.746,1.633239507675171,2.308473587036133,1.345192790031433,0.0632905438542366,0.005492782220244408,0.016901584342122078,0.4722248911857605,-2.261427164077759,-78.57125091552734,60.865047454833984,4.72592830657959,100.21360778808594,-2647.0,-5856.0,-720.0,0,0,0,0,0
35619.63,1.6344085931777954,2.3085384368896484,1.3455783128738403,0.0643228217959404,0.0012707507703453302,0.03745635598897934,1.4362101554870605,-2.3512182235717773,-78.119873046875,-138.13818359375,25.61637306213379,173.9201202392578,-1362.0,-6561.0,-145.0,0,0,0,0,0
35629.495,1.6351990699768066,2.3085062503814697,1.345771074295044,0.061195820569992065,-0.0012290519662201405,-0.005526992958039045,0.3251112401485443,-2.4326186180114746,-76.80113983154297,-71.97779083251953,-11.510062217712402,-39.07870864868164,4193.0,-7132.0,1675.0,0,0,0,0,0
35639.369,1.6358623504638672,2.308415174484253,1.3457432985305786,0.05994923412799835,-0.005228829570114613,-0.010868903249502182,-0.5491695404052734,-2.3121063709259033,-77.5877914428711,-95.40139770507812,-1.146175742149353,61.18800354003906,6734.0,-8175.0,2517.0,0,0,0,0,0
35649.243,1.6364789009094238,2.308274507522583,1.3457419872283936,0.06048496812582016,-0.009340052492916584,0.00786625687032938,-1.5695955753326416,-2.2902920246124268,-78.1192855834961,122.2206039428711,-6.269028663635254,-181.2197265625,4912.0,-8458.0,2405.0,0,0,0,0,0
35659.127,1.6372382640838623,2.308135747909546,1.3454127311706543,0.06296965479850769,-0.009426974691450596,-0.05912615731358528,-0.49368390440940857,-2.2572975158691406,-78.35353088378906,27.9516544342041,-1.7602473497390747,-35.776283264160156,-1049.0,-7987.0,1995.0,0,0,0,0,0
35668.992,1.6381516456604004,2.3079771995544434,1.3449337482452393,0.06486336886882782,-0.012989085167646408,-0.03337792679667473,0.1059606745839119,-2.40535569190979,-77.3989028930664,30.239351272583008,-0.675751805305481,-225.4799346923828,-3427.0,-7277.0,2129.0,0,0,0,0,0
35678.866,1.6392213106155396,2.3077752590179443,1.3448512554168701,0.0658852607011795,-0.018239198252558708,0.018132949247956276,0.6535659432411194,-2.4369380474090576,-78.84805297851562,60.18009948730469,25.454559326171875,47.194950103759766,-1966.0,-6897.0,972.0,0,0,0,0,0
35688.75,1.6400972604751587,2.3075666427612305,1.3448479175567627,0.06522500514984131,-0.01956144906580448,-0.0114661930128932,0.82899409532547,-2.6970956325531006,-78.4715576171875,90.1624755859375,-6.539828300476074,46.93119812011719,-2579.0,-6059.0,-265.0,0,0,0,0,0
35698.631,1.6411343812942505,2.307307481765747,1.3449231386184692,0.06487352401018143,-0.024548092857003212,0.017794907093048096,1.9332048892974854,-2.702684164047241,-78.68989562988281,-138.13400268554688,8.486684799194336,178.66513061523438,-2025.0,-6760.0,-823.0,0,0,0,0,0
35708.489,1.641960859298706,2.306978702545166,1.344860315322876,0.061483025550842285,-0.02676934190094471,-0.024554593488574028,0.9528892636299133,-2.6566379070281982,-77.35749053955078,-78.69976043701172,-24.162282943725586,-80.35460662841797,3779.0,-7473.0,137.0,0,0,0,0,0
35718.363,1.642653226852417,2.3065836429595947,1.344604253768921,0.059196457266807556,-0.030646659433841705,-0.025296323001384735,-0.0627593919634819,-2.5191895961761475,-77.80921173095703,-101.92948913574219,-22.3698673248291,-13.513559341430664,6891.0,-8473.0,559.0,0,0,0,0,0
35728.247,1.6433185338974,2.306171417236328,1.3444632291793823,0.05905181169509888,-0.03461594879627228,-0.0038814153522253036,-1.1015111207962036,-2.350722551345825,-78.44503784179688,128.44357299804688,-21.26923179626465,-193.12591552734375,5172.0,-9016.0,401.0,0,0,0,0,0
35738.121,1.6439942121505737,2.305779218673706,1.3441145420074463,0.061039481312036514,-0.03433550149202347,-0.06499654054641724,-0.05486663803458214,-2.207453966140747,-78.51285552978516,19.527090072631836,1.9911912679672241,87.35159301757812,-874.0,-8609.0,193.0,0,0,0,0,0
35747.987,1.6448395252227783,2.30527663230896,1.3434693813323975,0.06175582483410835,-0.03746555373072624,-0.036160483956336975,0.5507639050483704,-2.2991085052490234,-77.0481185913086,31.76241111755371,5.574064254760742,-170.93768310546875,-3203.0,-7686.0,1171.0,0,0,0,0,0
35757.861,1.645643949508667,2.3048181533813477,1.3433703184127808,0.06068255752325058,-0.04223549738526344,0.025512663647532463,1.1216270923614502,-2.3164267539978027,-78.3736572265625,65.38557434082031,28.570695877075195,61.453224182128906,-1926.0,-6909.0,933.0,0,0,0,0,0
35767.735,1.64680814743042,2.304224729537964,1.3433330059051514,0.06064355745911598,-0.04264748841524124,-0.009970718994736671,1.2593059539794922,-2.539146900177002,-78.38236236572266,89.77621459960938,-9.938756942749023,111.0872573852539,-2845.0,-5912.0,105.0,0,0,0,0,0
35777.62,1.6477277278900146,2.3036396503448486,1.3433899879455566,0.059096504002809525,-0.04671938344836235,0.0165037140250206,2.266624927520752,-2.5138916969299316,-78.36554718017578,-144.376953125,3.657514810562134,200.93141174316406,-2020.0,-6710.0,-18.0,0,0,0,0,0
35787.483,1.6483628749847412,2.3030779361724854,1.3432636260986328,0.054692141711711884,-0.04797285422682762,-0.03373857960104942,1.115416169166565,-2.3894481658935547,-76.75186920166016,-73.20283508300781,-29.121856689453125,-62.77748107910156,3823.0,-7576.0,1228.0,0,0,0,0,0
35797.358,1.6489989757537842,2.302400827407837,1.3427619934082031,0.052127763628959656,-0.05076426640152931,-0.03863854706287384,0.1409302055835724,-2.204909086227417,-77.2634048461914,-101.13502502441406,-16.35740089416504,59.562896728515625,6973.0,-8699.0,2000.0,0,0,0,0,0
35807.235,1.6496168375015259,2.30173659324646,1.3424490690231323,0.05159708112478256,-0.053474217653274536,-0.01687726005911827,-0.9254375696182251,-2.0591742992401123,-78.14913177490234,124.57665252685547,-22.699357986450195,-166.26699829101562,5108.0,-8850.0,1843.0,0,0,0,0,0
35817.126,1.6502763032913208,2.3010013103485107,1.34182870388031,0.05361789092421532,-0.05245417356491089,-0.0828704684972763,0.14129182696342468,-1.9172879457473755,-78.0889892578125,24.093873977661133,-7.201449394226074,31.419923782348633,-1000.0,-8422.0,1685.0,0,0,0,0,0
35826.981,1.6510814428329468,2.3002641201019287,1.3411173820495605,0.053835928440093994,-0.05506424605846405,-0.03878955915570259,0.6844685077667236,-1.9408578872680664,-76.75834655761719,14.55472469329834,-9.439796447753906,-256.24090576171875,-3214.0,-7739.0,2598.0,0,0,0,0,0
35836.856,1.6516166925430298,2.2996842861175537,1.34105384349823,0.05168481543660164,-0.058394838124513626,0.026488296687602997,1.1877342462539673,-1.8767268657684326,-78.54022979736328,69.77173614501953,17.603771209716797,-47.31291198730469,-1798.0,-7287.0,1780.0,0,0,0,0,0
35846.735,1.6526731252670288,2.298888921737671,1.3410924673080444,0.05152422934770584,-0.058069273829460144,-0.00436959695070982,1.377622365951538,-2.066603899002075,-78.78543853759766,64.74087524414062,-19.55989646911621,137.89205932617188,-2813.0,-6417.0,149.0,0,0,0,0,0
35856.63,1.6534870862960815,2.298123836517334,1.34116530418396,0.04926036670804024,-0.061131712049245834,0.0303714070469141,2.4167819023132324,-1.9601190090179443,-78.57278442382812,-151.20269775390625,4.204312324523926,189.4593048095703,-1710.0,-7193.0,-471.0,0,0,0,0,0
35866.488,1.6540913581848145,2.2972991466522217,1.3411619663238525,0.04495781660079956,-0.06198558211326599,-0.014253780245780945,1.2604612112045288,-1.7853995561599731,-77.21710968017578,-89.23406982421875,-31.275476455688477,-94.4283218383789,4369.0,-8216.0,501.0,0,0,0,0,0
35876.35,1.65457022190094,2.296436071395874,1.3409004211425781,0.04182093217968941,-0.06384222954511642,-0.01205228641629219,0.15766768157482147,-1.5193896293640137,-78.1776351928711,-61.42836380004883,-25.579374313354492,204.1706085205078,7391.0,-9367.0,334.0,0,0,0,0,0
35886.23,1.655002236366272,2.295413017272949,1.3407701253890991,0.04077772796154022,-0.06553308665752411,0.008414013311266899,-0.6978610754013062,-1.2880151271820068,-78.40142822265625,116.226318359375,-21.75694465637207,-73.40422058105469,4246.0,-9545.0,7.0,0,0,0,0,0
35896.116,1.6554828882217407,2.2946557998657227,1.3403860330581665,0.04275893047451973,-0.06355944275856018,-0.06284215301275253,0.4331534206867218,-1.0818994045257568,-78.38921356201172,28.948902130126953,-15.922688484191895,-14.325462341308594,-1325.0,-9162.0,200.0,0,0,0,0,0
35905.979,1.6560956239700317,2.2937850952148438,1.3398958444595337,0.04174565523862839,-0.06413034349679947,-0.016542214900255203,0.8928734660148621,-1.0694046020507812,-76.83016204833984,-16.71892547607422,-7.792217254638672,-238.0928497314453,-3044.0,-8292.0,1367.0,0,0,0,0,0
35915.852,1.6568523645401,2.292928457260132,1.339884638786316,0.04008042439818382,-0.06499668210744858,0.03635379672050476,1.169529676437378,-1.0436161756515503,-78.65351867675781,90.28001403808594,11.266057014465332,-172.75900268554688,-1487.0,-7422.0,878.0,0,0,0,0,0
35925.728,1.6574374437332153,2.2921853065490723,1.3399640321731567,0.03939199447631836,-0.06302434206008911,-0.0042275371961295605,1.6872894763946533,-1.2122145891189575,-78.90116882324219,2.3972973823547363,-18.469863891601562,160.05809020996094,-3040.0,-6578.0,-404.0,0,0,0,0,0
35935.618,1.6581261157989502,2.291360378265381,1.3399780988693237,0.03629523143172264,-0.06419016420841217,0.027665965259075165,2.4166908264160156,-1.0607277154922485,-77.95608520507812,-145.96624755859375,12.35678482055664,114.18863677978516,-705.0,-7418.0,-264.0,0,0,0,0,0
35945.476,1.658591389656067,2.290487766265869,1.3398640155792236,0.03189742937684059,-0.06407970190048218,-0.02178962156176567,1.1591417789459229,-0.914470911026001,-76.79229736328125,-92.25980377197266,-26.87508773803711,-107.85411071777344,4622.0,-8456.0,1294.0,0,0,0,0,0
35955.35,1.6589146852493286,2.289583444595337,1.3395360708236694,0.02887634187936783,-0.06443925946950912,-0.022729801014065742,0.19844849407672882,-0.6410704851150513,-77.9788818359375,-26.320343017578125,-16.346799850463867,310.42974853515625,7165.0,-9478.0,1254.0,0,0,0,0,0
35965.225,1.6592031717300415,2.288644552230835,1.3392962217330933,0.0277263056486845,-0.06408226490020752,0.00324860867112875,-0.5442933440208435,-0.45849525928497314,-77.85308837890625,105.24909210205078,-13.050969123840332,46.89078140258789,3526.0,-9584.0,1261.0,0,0,0,0,0
35975.109,1.6596113443374634,2.2877583503723145,1.3388009071350098,0.029771002009510994,-0.06200651824474335,-0.06333447247743607,0.5498226284980774,-0.31463730335235596,-77.46002197265625,53.85936737060547,-24.470794677734375,-65.76166534423828,-1600.0,-8845.0,2081.0,0,0,0,0,0
35984.972,1.6600151062011719,2.287024736404419,1.3383666276931763,0.02781703695654869,-0.06082131341099739,-0.0024433729704469442,1.0029937028884888,-0.2508966326713562,-76.74263763427734,-35.05449295043945,-6.397486686706543,-273.30572509765625,-3343.0,-8368.0,2870.0,0,0,0,0,0
35994.847,1.660618782043457,2.286203622817993,1.3384345769882202,0.025662118569016457,-0.059885423630476,0.05004529282450676,1.3323003053665161,-0.22217747569084167,-78.86368560791016,96.41433715820312,7.119670391082764,-258.7973327636719,-1576.0,-7651.0,1733.0,0,0,0,0,0
36004.722,1.6611111164093018,2.2854888439178467,1.338385820388794,0.0247674360871315,-0.05750571936368942,0.01584988832473755,1.7926244735717773,-0.3797866404056549,-79.13285064697266,-10.972079277038574,-19.972213745117188,125.41548919677734,-3301.0,-6867.0,-194.0,0,0,0,0,0
36014.607,1.6615819931030273,2.284705638885498,1.3385035991668701,0.021801983937621117,-0.057082489132881165,0.029293809086084366,2.3130393028259277,-0.17396381497383118,-78.15669250488281,-159.35337829589844,5.740741729736328,99.50385284423828,-486.0,-8028.0,-399.0,0,0,0,0,0
36024.471,1.661838412284851,2.2839014530181885,1.3384150266647339,0.017095346003770828,-0.05657704174518585,-0.014412318356335163,0.8843408823013306,-0.041362661868333817,-77.30660247802734,-99.45954132080078,-30.451967239379883,-185.35667419433594,5287.0,-8953.0,543.0,0,0,0,0,0
36034.344,1.662000298500061,2.283216714859009,1.338194489479065,0.014454402960836887,-0.055542394518852234,-0.008216887712478638,-0.08671564608812332,0.29357433319091797,-78.8054428100586,8.926069259643555,-13.707870483398438,292.9066467285156,7524.0,-10106.0,-208.0,0,0,0,0,0
36044.217,1.662113070487976,2.282390832901001,1.337966799736023,0.013627522625029087,-0.05366721749305725,0.003122169291600585,-0.6482797265052795,0.49548104405403137,-78.26752471923828,92.91360473632812,-1.6457329988479614,151.65757751464844,3151.0,-10182.0,-517.0,0,0,0,0,0
36054.101,1.6623508930206299,2.2816543579101562,1.3375093936920166,0.015729453414678574,-0.051416490226984024,-0.06101696193218231,0.3902761936187744,0.6250458359718323,-77.96283721923828,64.03805541992188,-17.40497589111328,-80.43152618408203,-1546.0,-9171.0,369.0,0,0,0,0,0
36063.965,1.6627707481384277,2.2809605598449707,1.3370472192764282,0.01441526971757412,-0.04819117859005928,0.0025448270607739687,0.8254895806312561,0.645002543926239,-77.20526885986328,-50.519283294677734,3.4409830570220947,-196.98472595214844,-2899.0,-8432.0,1256.0,0,0,0,0,0
36073.84,1.6632215976715088,2.280303955078125,1.336975336074829,0.012776275165379047,-0.045349474996328354,0.03859484940767288,0.9283226728439331,0.5761326551437378,-78.79151916503906,115.22393798828125,8.441372871398926,-277.7713928222656,-1271.0,-7322.0,642.0,0,0,0,0,0
36083.715,1.663516879081726,2.279771566390991,1.3371591567993164,0.012607589364051819,-0.042483873665332794,0.010303175076842308,1.7443382740020752,0.3892415761947632,-79.28701782226562,-60.10816192626953,-12.935667037963867,123.09748077392578,-3212.0,-6765.0,-664.0,0,0,0,0,0
36093.598,1.6638754606246948,2.2791671752929688,1.3371425867080688,0.009878759272396564,-0.04119694232940674,0.01431176345795393,1.9029548168182373,0.5512686967849731,-77.93741607666016,-140.8922576904297,10.836294174194336,-2.2994225025177,372.0,-7716.0,-473.0,0,0,0,0,0
36103.463,1.6640070676803589,2.278546094894409,1.3369534015655518,0.005731095559895039,-0.04030000790953636,-0.021366972476243973,0.5772719383239746,0.6051520109176636,-77.35009765625,-113.0714340209961,-19.63444709777832,-206.9398651123047,5202.0,-8647.0,647.0,0,0,0,0,0
36113.338,1.6640124320983887,2.2779197692871094,1.3366796970367432,0.0035605377051979303,-0.038740430027246475,-0.009687609039247036,-0.4288710057735443,0.8481181263923645,-78.9407958984375,56.28645706176758,-7.90999698638916,231.974609375,7255.0,-9511.0,393.0,0,0,0,0,0
36123.221,1.6640650033950806,2.277284622192383,1.3364179134368896,0.0038666261825710535,-0.03612830862402916,-0.014058886095881462,-0.38717716932296753,1.0214444398880005,-78.07536315917969,83.80469512939453,8.638455390930176,227.1780548095703,2346.0,-9858.0,76.0,0,0,0,0,0
36133.096,1.6641438007354736,2.2768096923828125,1.3360508680343628,0.004851809237152338,-0.03292090445756912,-0.04345451295375824,0.3905433714389801,0.9935023188591003,-76.75086975097656,103.54988098144531,-15.060129165649414,-101.7685317993164,-1764.0,-8853.0,1485.0,0,0,0,0,0
36142.969,1.6644282341003418,2.276303291320801,1.3357949256896973,0.0030816912185400724,-0.029090018942952156,0.02974306046962738,1.210914134979248,1.0910367965698242,-78.00711822509766,-60.1142578125,8.174800872802734,-148.18496704101562,-3137.0,-8450.0,2417.0,0,0,0,0,0
36152.834,1.6647757291793823,2.2758264541625977,1.3358354568481445,0.001521865138784051,-0.02639308013021946,0.013577375560998917,1.1252305507659912,0.9082711338996887,-78.4456558227539,131.61683654785156,7.929325580596924,-232.02059936523438,-1530.0,-7666.0,1532.0,0,0,0,0,0
36162.709,1.6650959253311157,2.275438070297241,1.3359806537628174,0.00025475729489699006,-0.024014374241232872,0.035267945379018784,2.372600555419922,0.8884365558624268,-79.0359115600586,-82.36222839355469,-16.745128631591797,129.0694122314453,-3106.0,-7262.0,328.0,0,0,0,0,0
36172.603,1.6652330160140991,2.2750630378723145,1.3360079526901245,-0.0034487845841795206,-0.023428156971931458,-0.0007353780092671514,1.360549807548523,1.01813542842865,-77.74726867675781,-143.3455352783203,-3.512085199356079,-14.827478408813477,630.0,-7922.0,-225.0,0,0,0,0,0
36182.457,1.6652263402938843,2.2746963500976562,1.3358008861541748,-0.006789032369852066,-0.022123508155345917,-0.0031823525205254555,0.16837234795093536,1.17118239402771,-78.22564697265625,-123.39830780029297,-18.571138381958008,-231.38497924804688,5883.0,-9100.0,278.0,0,0,0,0,0
36192.332,1.6651172637939453,2.274327516555786,1.33578622341156,-0.007942874915897846,-0.019526099786162376,0.021659258753061295,-0.8552372455596924,1.3750823736190796,-79.02103424072266,89.12873077392578,-9.892054557800293,138.31419372558594,7396.0,-9939.0,-433.0,0,0,0,0,0
36202.206,1.6650402545928955,2.2739670276641846,1.3354965448379517,-0.005685431882739067,-0.018366001546382904,-0.04344255477190018,0.0843256413936615,1.5383927822113037,-78.93170166015625,61.8231086730957,16.295251846313477,311.8691101074219,1793.0,-10142.0,-1169.0,0,0,0,0,0
36212.09,1.665097951889038,2.2736546993255615,1.335085391998291,-0.00624513253569603,-0.013990008272230625,-0.004417681600898504,0.5371435880661011,1.500440239906311,-77.29610443115234,100.82030487060547,-6.448659420013428,-79.89640045166016,-1957.0,-9315.0,-748.0,0,0,0,0,0
36221.965,1.6653300523757935,2.2734298706054688,1.3351688385009766,-0.007629474624991417,-0.009599147364497185,0.053576502948999405,0.9093738198280334,1.5015671253204346,-79.16493225097656,-35.57725524902344,22.249576568603516,-7.430957794189453,-2486.0,-8623.0,217.0,0,0,0,0,0
36231.828,1.665477991104126,2.2733981609344482,1.334967851638794,-0.0070884753949940205,-0.009635969996452332,0.05264224857091904,0.9031426310539246,1.5008198022842407,-79.17127990722656,139.2913818359375,10.912568092346191,-74.5211410522461,-1505.0,-7819.0,-911.0,0,0,0,0,0
36241.71,1.6655406951904297,2.273292303085327,1.3349822759628296,-0.007392040453851223,-0.006618041545152664,0.021042438223958015,1.5945382118225098,1.2629367113113403,-79.45479583740234,-112.98912811279297,-18.309789657592773,134.23219299316406,-3074.0,-7241.0,-1977.0,0,0,0,0,0
36251.588,1.6656237840652466,2.273144245147705,1.3351134061813354,-0.00958357471972704,-0.00500648096203804,0.021777315065264702,1.790372610092163,1.3680591583251953,-78.1925277709961,-116.84347534179688,-15.946459770202637,-68.37425231933594,1799.0,-8174.0,-1171.0,0,0,0,0,0
36261.452,1.6655439138412476,2.2729835510253906,1.334962010383606,-0.013424904085695744,-0.00447798753157258,-0.016196051612496376,0.3874675929546356,1.3642301559448242,-77.20684051513672,-125.16043853759766,-22.68258285522461,-129.49427795410156,6323.0,-8927.0,400.0,0,0,0,0,0
36271.329,1.6653835773468018,2.2728893756866455,1.334743618965149,-0.015047428198158741,-0.0027864014264196157,-0.011844084598124027,-0.6492724418640137,1.5839803218841553,-78.48938751220703,105.69380950927734,-18.822595596313477,21.196224212646484,6850.0,-10051.0,413.0,0,0,0,0,0
36281.2,1.6652549505233765,2.2727510929107666,1.3345088958740234,-0.014132051728665829,-0.0001670887431828305,-0.0029034216422587633,-0.8307588696479797,1.7532902956008911,-77.70460510253906,40.96788787841797,22.770339965820312,250.42127990722656,1238.0,-10281.0,1069.0,0,0,0,0,0
36291.086,1.665244698524475,2.2726705074310303,1.3340171575546265,-0.011632753536105156,0.0011135152308270335,-0.0656852200627327,-0.02144882082939148,1.7703479528427124,-77.16959381103516,122.45983123779297,3.1409459114074707,-43.1411247253418,-2141.0,-9395.0,2595.0,0,0,0,0,0
36300.95,1.6654397249221802,2.272698402404785,1.333512783050537,-0.01165526732802391,0.006167041137814522,0.00035753275733441114,0.7579951286315918,1.8275641202926636,-77.37332153320312,-43.14581298828125,34.15851974487305,81.72372436523438,-2933.0,-9111.0,2769.0,0,0,0,0,0
36310.824,1.6655619144439697,2.2728147506713867,1.3332726955413818,-0.01304109301418066,0.009854702278971672,0.019007433205842972,0.6614634990692139,1.6854305267333984,-78.53323364257812,158.8839874267578,-5.777349948883057,7.989782333374023,-1517.0,-7847.0,1755.0,0,0,0,0,0
36320.698,1.6656121015548706,2.272930145263672,1.333441138267517,-0.01288587972521782,0.012416946701705456,0.018870312720537186,1.815935492515564,1.6001237630844116,-79.17620086669922,-137.58517456054688,-14.761133193969727,131.91323852539062,-3074.0,-8004.0,122.0,0,0,0,0,0
36330.583,1.665725827217102,2.273069143295288,1.3334169387817383,-0.01503771636635065,0.01331622339785099,-0.0012601546477526426,1.3060317039489746,1.7275954484939575,-78.4582748413086,-103.50064849853516,-27.65228271484375,-64.67601013183594,2282.0,-8767.0,-407.0,0,0,0,0,0
36340.453,1.6656043529510498,2.273190975189209,1.3332983255386353,-0.018126199021935463,0.014384612441062927,-0.015921656042337418,0.00716365734115243,1.7962852716445923,-77.94825744628906,-124.21755981445312,-16.742013931274414,-27.523427963256836,6519.0,-9912.0,-360.0,0,0,0,0,0
36350.321,1.665407419204712,2.2732784748077393,1.3331397771835327,-0.018776316195726395,0.01677684858441353,0.00496595399454236,-1.0441592931747437,2.028445243835449,-78.98078918457031,99.81346130371094,-19.89192008972168,-91.97949981689453,6672.0,-10771.0,-797.0,0,0,0,0,0
36360.196,1.665311336517334,2.2734451293945312,1.3328496217727661,-0.016668058931827545,0.01785562001168728,-0.038413405418395996,-0.6093342900276184,2.1976044178009033,-78.62786102294922,41.12649917602539,26.468568801879883,172.54122924804688,792.0,-10747.0,-1039.0,0,0,0,0,0
36370.079,1.6652476787567139,2.273642063140869,1.332382082939148,-0.015210311859846115,0.021262213587760925,-0.04100258648395538,0.006991026923060417,2.0311548709869385,-77.32381439208984,86.84575653076172,16.327178955078125,-56.312007904052734,-2461.0,-9192.0,-143.0,0,0,0,0,0
36379.944,1.6653988361358643,2.2739293575286865,1.3322827816009521,-0.01527346670627594,0.02617431804537773,0.025577059015631676,0.800762951374054,1.9684401750564575,-78.11346435546875,6.4178361892700195,44.03598403930664,289.3565979003906,-2341.0,-8157.0,245.0,0,0,0,0,0
36389.82,1.6656101942062378,2.274226188659668,1.332401156425476,-0.015839409083127975,0.028797434642910957,0.02858869358897209,0.6571328639984131,1.7000625133514404,-78.06742858886719,136.2763214111328,8.44548511505127,139.53758239746094,-2068.0,-6913.0,226.0,0,0,0,0,0
36399.693,1.6657538414001465,2.274587869644165,1.3327054977416992,-0.01541892345994711,0.031069466844201088,0.03440055996179581,1.8475404977798462,1.5306962728500366,-78.4416275024414,-156.23629760742188,-9.85513973236084,117.21456909179688,-2516.0,-7151.0,272.0,0,0,0,0,0
36409.577,1.6656838655471802,2.2749650478363037,1.3328298330307007,-0.018714353442192078,0.030896488577127457,0.00029579774127341807,0.6952114105224609,1.5396513938903809,-77.02914428710938,-85.91099548339844,-27.53179359436035,-276.8315734863281,3682.0,-8117.0,1705.0,0,0,0,0,0
36419.442,1.6654963493347168,2.2753024101257324,1.3327810764312744,-0.020566405728459358,0.031604375690221786,-0.002644007094204426,-0.3204043507575989,1.6138468980789185,-78.01231384277344,-79.38459777832031,-3.582127094268799,-132.98497009277344,6725.0,-9429.0,2062.0,0,0,0,0,0
36429.316,1.6652809381484985,2.2756311893463135,1.3329555988311768,-0.020052986219525337,0.03423076122999191,0.04163111001253128,-1.044180989265442,1.6841546297073364,-78.51287078857422,71.06954193115234,-4.968876361846924,-176.11395263671875,5047.0,-9928.0,1391.0,0,0,0,0,0
36439.204,1.6651908159255981,2.2760097980499268,1.3328784704208374,-0.017388705164194107,0.033684149384498596,-0.03999968618154526,-0.35886213183403015,1.7221996784210205,-78.53943634033203,54.2431640625,11.072649955749512,105.07426452636719,134.0,-9539.0,695.0,0,0,0,0,0
36449.082,1.6652580499649048,2.2764458656311035,1.3326135873794556,-0.015997176989912987,0.03680111840367317,-0.0038214819505810738,0.2789344787597656,1.5926722288131714,-77.61930847167969,26.135616302490234,3.256664991378784,-159.61709594726562,-3117.0,-8789.0,705.0,0,0,0,0,0
36458.94,1.665389895439148,2.277006149291992,1.3330634832382202,-0.01611373946070671,0.039863478392362595,0.05226987600326538,0.814842939376831,1.5050983428955078,-79.22589111328125,51.28102493286133,42.11088943481445,115.02957153320312,-1876.0,-8064.0,-166.0,0,0,0,0,0
36468.806,1.6653897762298584,2.2774882316589355,1.3333274126052856,-0.01623866707086563,0.04105604067444801,0.030325673520565033,1.181064248085022,1.1625524759292603,-79.27685546875,96.73432922363281,4.482059955596924,-23.566877365112305,0.0,0.0,0.0,21302,0,65535,60000,1
36478.68,1.6655629873275757,2.278045177459717,1.3336783647537231,-0.01633376255631447,0.04144066572189331,0.02606610395014286,1.843483805656433,1.155811071395874,-79.26614379882812,-165.6742401123047,9.938851356506348,178.67251586914062,0.0,0.0,0.0,29114,60000,65535,25340,1
36488.564,1.6655193567276,2.2785637378692627,1.333789348602295,-0.01968441531062126,0.0407354012131691,-0.00023265193158295006,0.33623823523521423,1.118787407875061,-77.80284118652344,-96.24333953857422,-28.263696670532227,-248.81350708007812,0.0,0.0,0.0,0,20113,39692,16479,1
36498.429,1.6653435230255127,2.2790768146514893,1.3338719606399536,-0.02051241137087345,0.041080281138420105,0.021454451605677605,-0.7241548895835876,1.32575523853302,-78.90486907958984,-218.4330596923828,-7.790947437286377,186.22071838378906,0.0,0.0,0.0,0,20113,39692,16479,1
36508.303,1.6651086807250977,2.2795283794403076,1.3340027332305908,-0.020707225427031517,0.041530758142471313,0.015675026923418045,-2.457343816757202,1.2503324747085571,-76.73790740966797,187.59359741210938,8.832878112792969,-184.24925231933594,0.0,0.0,0.0,13942,60000,21155,6419,1
36518.188,1.6649760007858276,2.279987096786499,1.3339098691940308,-0.01607544720172882,0.042835451662540436,-0.03137006610631943,-1.0642690658569336,0.9128227233886719,-77.1615982055664,-126.57942199707031,135.9340057373047,228.82318115234375,0.0,0.0,0.0,56233,34973,65535,56285,1
36528.062,1.66502845287323,2.280425548553467,1.3338170051574707,-0.012512702494859695,0.04523608461022377,0.03216640651226044,-1.8638993501663208,-0.4037949740886688,-75.74758911132812,155.3633270263672,169.44778442382812,-307.655517578125,0.0,0.0,0.0,0,0,65535,60000,1
36537.926,1.6653220653533936,2.2808196544647217,1.3338366746902466,-0.007944582030177116,0.04815239831805229,-0.01838749088346958,-0.6353563666343689,-2.0289740562438965,-78.66507720947266,118.05816650390625,231.12171936035156,257.2386474609375,0.0,0.0,0.0,65535,0,65535,60000,1
36547.801,1.6657906770706177,2.2811715602874756,1.3334187269210815,-0.004010378383100033,0.049164656549692154,-0.04512811452150345,0.7471333146095276,-4.285889148712158,-76.8171157836914,-198.06117248535156,310.2456970214844,143.89434814453125,0.0,0.0,0.0,0,3948,54036,60000,1
36557.675,1.6661591529846191,2.2814035415649414,1.3332774639129639,-0.0019269590266048908,0.038085855543613434,0.007764850277453661,-0.6390964388847351,-7.23875617980957,-75.0054702758789,-211.1570587158203,335.9574279785156,399.6175537109375,0.0,0.0,0.0,0,3948,54036,60000,1
36567.56,1.6663291454315186,2.2815897464752197,1.3334025144577026,0.00012723593681585044,0.030555984005331993,0.004969633184373379,-2.2860474586486816,-10.676827430725098,-71.67935180664062,-433.85601806640625,424.7608947753906,68.01419830322266,0.0,0.0,0.0,0,57787,25653,39015,1
36577.424,1.6666638851165771,2.2815027236938477,1.3337844610214233,0.012946785427629948,0.01054572407156229,0.0426640547811985,-6.406341552734375,-14.888392448425293,-70.99171447753906,-289.07958984375,325.7923889160156,413.00714111328125,0.0,0.0,0.0,0,48740,9830,25438,1
36587.298,1.6669362783432007,2.2813494205474854,1.3332809209823608,-0.01735592447221279,0.037373293191194534,-0.12969233095645905,-8.675408363342285,-18.62369155883789,-68.4275131225586,-189.56187438964844,316.29925537109375,-254.23826599121094,0.0,0.0,0.0,0,12643,65535,38741,1
36597.173,1.6670653820037842,2.28131103515625,1.331998348236084,0.001013749511912465,0.019396422430872917,-0.14218096435070038,-11.796769142150879,-21.582284927368164,-70.87175750732422,-739.3648071289062,526.1821899414062,121.73545837402344,0.0,0.0,0.0,0,12643,65535,38741,1
36607.057,1.6674644947052002,2.280815601348877,1.3308807611465454,0.04982254281640053,-0.018467996269464493,-0.09998699277639389,-19.296432495117188,-26.621116638183594,-72.2484130859375,-360.47796630859375,483.95086669921875,-375.1095275878906,0.0,0.0,0.0,0,60000,9830,0,1
36616.92,1.6679407358169556,2.280416250228882,1.329421043395996,0.0189579576253891,0.0006017761770635843,-0.21020285785198212,-26.32921028137207,-29.82701873779297,-77.90840148925781,-717.017333984375,674.7459716796875,139.38668823242188,0.0,0.0,0.0,0,21602,65535,21513,1
36626.796,1.6683342456817627,2.2797107696533203,1.3273624181747437,0.05137329548597336,-0.014737504534423351,-0.24062231183052063,-34.474891662597656,-36.11357116699219,-80.41397857666016,-641.1654663085938,584.2027587890625,-152.6063995361328,0.0,0.0,0.0,0,60000,9830,0,1
36636.67,1.6685867309570312,2.2788212299346924,1.3250322341918945,0.050628699362277985,-0.013448193669319153,-0.30796071887016296,-44.17515182495117,-40.22529983520508,-85.68893432617188,-568.6758422851562,473.2100524902344,-359.0582275390625,0.0,0.0,0.0,0,60000,9830,0,1
36646.554,1.6687208414077759,2.2778947353363037,1.3220117092132568,0.04494871199131012,-0.010892103426158428,-0.3821962773799896,-54.12726974487305,-41.88593292236328,-92.2581787109375,-412.5599670410156,564.2395629882812,-28.55840301513672,0.0,0.0,0.0,0,60000,9830,0,1
36656.419,1.6691633462905884,2.276840925216675,1.3183636665344238,0.09337137639522552,-0.031508609652519226,-0.43615299463272095,-63.06431579589844,-44.39408874511719,-99.13408660888672,-363.0175476074219,559.6563110351562,-75.25948333740234,0.0,0.0,0.0,0,60000,9830,0,1
36666.292,1.6704272031784058,2.275892496109009,1.3138535022735596,0.15360568463802338,-0.058175817131996155,-0.4955100417137146,-72.28484344482422,-45.560302734375,-107.16339111328125,-159.2185821533203,636.5595092773438,-469.1958312988281,0.0,0.0,0.0,3829,60000,9830,0,1
36676.168,1.6723510026931763,2.2742390632629395,1.309234619140625,0.22432711720466614,-0.09867594391107559,-0.5587025880813599,-81.09397888183594,-43.49154281616211,-117.1864242553711,-87.22660827636719,720.292724609375,-374.63739013671875,0.0,0.0,0.0,0,0,65535,60000,1
36686.052,1.6751198768615723,2.272151470184326,1.3039284944534302,0.2737158238887787,-0.12804429233074188,-0.6305851340293884,-88.85960388183594,-40.632266998291016,-127.25169372558594,-264.5731506347656,664.6082153320312,261.79888916015625,0.0,0.0,0.0,7942,60000,9898,631,1
36695.917,1.6780205965042114,2.270354986190796,1.2974058389663696,0.2767685353755951,-0.11529272794723511,-0.7037285566329956,-97.17720031738281,-41.31765365600586,-136.22259521484375,31.3007755279541,761.3292846679688,17.98997688293457,0.0,0.0,0.0,20300,15995,50223,8176,1
36705.793,1.6820805072784424,2.267150640487671,1.2901467084884644,0.3425499498844147,-0.17202800512313843,-0.7958360314369202,-103.94061279296875,-39.57335662841797,-146.83961486816406,-84.06573486328125,698.2141723632812,-241.64682006835938,0.0,0.0,0.0,20300,15995,50223,8176,1
36715.665,1.6859620809555054,2.2647387981414795,1.2818149328231812,0.362072229385376,-0.18328958749771118,-0.8753670454025269,-109.50733947753906,-36.4569206237793,-154.8439178466797,-58.271141052246094,698.7615356445312,163.72021484375,0.0,0.0,0.0,65535,0,65535,43678,1
36725.55,1.6905083656311035,2.26155161857605,1.273039698600769,0.39039602875709534,-0.21015875041484833,-0.95914226770401,-114.81998443603516,-34.99306106567383,-163.36061096191406,100.12449645996094,678.6981201171875,238.87457275390625,0.0,0.0,0.0,0,17730,9830,29661,1
36735.428,1.6953858137130737,2.258124589920044,1.2637184858322144,0.4128350615501404,-0.2321992963552475,-1.0391496419906616,-118.74837493896484,-33.75788116455078,-171.87542724609375,82.95801544189453,657.4034423828125,6.456035614013672,0.0,0.0,0.0,23018,11159,27563,29812,1
36745.289,1.7008589506149292,2.2543182373046875,1.2533906698226929,0.4347892999649048,-0.2686414122581482,-1.1280399560928345,-121.44474792480469,-30.439836502075195,-178.62796020507812,138.55291748046875,665.1051635742188,-448.4842834472656,0.0,0.0,0.0,23018,11159,27563,29812,1
36755.163,1.7067598104476929,2.2500863075256348,1.2416633367538452,0.4515016973018646,-0.31709665060043335,-1.2311817407608032,-122.13311767578125,-23.87975311279297,177.08323669433594,78.64628601074219,690.3966064453125,74.72924041748047,0.0,0.0,0.0,0,0,65535,60000,1
36765.051,1.712165117263794,2.246114492416382,1.228653907775879,0.4582776427268982,-0.3361820578575134,-1.3163760900497437,-123.85932922363281,-20.197425842285156,170.5651092529297,59.84510040283203,749.09375,308.23388671875,0.0,0.0,0.0,0,46775,9830,14968,1
36774.913,1.7185219526290894,2.2412056922912598,1.2147365808486938,0.4671604037284851,-0.3449139893054962,-1.3908690214157104,-125.87049102783203,-17.824981689453125,162.47293090820312,198.585205078125,747.042724609375,-65.5905532836914,0.0,0.0,0.0,0,0,9830,30472,1
36784.786,1.7248733043670654,2.236069440841675,1.200170874595642,0.4628845155239105,-0.3870968222618103,-1.493287205696106,-125.43521881103516,-11.967716217041016,157.11471557617188,194.19692993164062,754.9051513671875,-237.1484375,0.0,0.0,0.0,0,25727,9830,36499,1
36794.661,1.7311934232711792,2.230480909347534,1.184161901473999,0.4465925693511963,-0.4300597608089447,-1.6046727895736694,-124.3526840209961,-4.760796070098877,152.7574920654297,131.4370880126953,718.5784912109375,-87.01422119140625,0.0,0.0,0.0,26209,0,65535,60000,1
36804.554,1.7372044324874878,2.2243974208831787,1.1667736768722534,0.4241090714931488,-0.4634261131286621,-1.7066750526428223,-123.27985382080078,0.6689198017120361,147.53053283691406,96.94107818603516,726.3612670898438,79.9070053100586,0.0,0.0,0.0,8033,6397,35044,23390,1
36814.408,1.741937279701233,2.2183494567871094,1.1481860876083374,0.3375686705112457,-0.551337718963623,-1.8547919988632202,-122.20123291015625,4.765018463134766,141.31930541992188,-65.793212890625,787.0520629882812,40.778568267822266,0.0,0.0,0.0,0,58928,9830,23289,1
36824.292,1.746619701385498,2.2106311321258545,1.1279187202453613,0.2720782160758972,-0.5995415449142456,-1.9723583459854126,-121.85663604736328,9.002591133117676,134.40228271484375,-31.797122955322266,878.296630859375,173.47561645507812,0.0,0.0,0.0,65535,19124,9830,12421,1
36834.157,1.7503622770309448,2.2025012969970703,1.1071006059646606,0.20027609169483185,-0.6369726061820984,-2.0817112922668457,-120.77921295166016,12.420276641845703,126.07001495361328,-118.90715789794922,863.2835693359375,319.097900390625,0.0,0.0,0.0,2622,60000,9830,0,1
36844.041,1.7533183097839355,2.1937222480773926,1.0850064754486084,0.13787253201007843,-0.6552069187164307,-2.1761536598205566,-119.90584564208984,14.705299377441406,117.2490463256836,-77.25361633300781,824.3001708984375,31.943126678466797,0.0,0.0,0.0,2080,23184,9830,2386,1
36853.906,1.7557647228240967,2.184725284576416,1.0618367195129395,0.107136070728302,-0.6525681614875793,-2.2504665851593018,-118.47550201416016,18.619976043701172,109.7526626586914,-16.915803909301758,815.3944702148438,-45.01588439941406,0.0,0.0,0.0,19284,60000,9830,0,1
36863.78,1.7573834657669067,2.176879644393921,1.0381109714508057,0.10240092873573303,-0.6394640207290649,-2.308757781982422,-115.95034790039062,22.328357696533203,101.95000457763672,14.486588478088379,867.541015625,317.0301818847656,0.0,0.0,0.0,65535,0,36864,41753,1
36873.654,1.7588452100753784,2.167726516723633,1.013075590133667,0.015489261597394943,-0.6272789835929871,-2.4009623527526855,-111.81803894042969,22.86261749267578,91.96856689453125,169.2740478515625,794.1763305664062,312.3448181152344,0.0,0.0,0.0,0,0,9830,18226,1
36883.538,1.7592933177947998,2.158612012863159,0.9866922497749329,-0.0594753697514534,-0.604905903339386,-2.4860877990722656,-106.76417541503906,22.665061950683594,82.69954681396484,102.13343811035156,775.7080688476562,155.39877319335938,0.0,0.0,0.0,0,8246,9830,36860,1
36893.403,1.759283185005188,2.14974308013916,0.9601883888244629,-0.08550529927015305,-0.5882676243782043,-2.5507729053497314,-102.11418151855469,23.22399139404297,73.86215209960938,305.8947448730469,910.6820678710938,261.8162536621094,0.0,0.0,0.0,0,8246,9830,36860,1
36903.277,1.7583633661270142,2.141167402267456,0.9324758052825928,-0.18522021174430847,-0.5365618467330933,-2.6302242279052734,-95.47583770751953,22.932220458984375,63.84257507324219,85.83504486083984,889.6591796875,440.40081787109375,0.0,0.0,0.0,0,0,9830,60000,1
36913.151,1.756256103515625,2.1344876289367676,0.904416024684906,-0.24385876953601837,-0.4895872473716736,-2.6922688484191895,-90.83311462402344,20.52101707458496,54.113182067871094,143.24990844726562,822.3662719726562,166.9949493408203,0.0,0.0,0.0,0,0,9830,35649,1
36923.039,1.753769040107727,2.1269538402557373,0.8748767971992493,-0.300910621881485,-0.4308910369873047,-2.7476582527160645,-86.28240203857422,20.129924774169922,45.05632400512695,-12.270133972167969,923.59521484375,-72.08163452148438,0.0,0.0,0.0,0,23804,9830,51558,1
36932.898,1.750334620475769,2.1208248138427734,0.8447422385215759,-0.42532140016555786,-0.26023003458976746,-2.778843641281128,-83.74134826660156,18.98785400390625,35.33226776123047,-146.3201446533203,924.3101196289062,130.13320922851562,0.0,0.0,0.0,34480,0,65535,60000,1
36942.772,1.7460201978683472,2.1164019107818604,0.815323531627655,-0.4702942967414856,-0.16255779564380646,-2.815110206604004,-82.62387084960938,15.861812591552734,25.882678985595703,-177.50975036621094,986.8563232421875,767.6832275390625,0.0,0.0,0.0,0,3430,9830,13346,1
36952.647,1.7410272359848022,2.113001585006714,0.7855405807495117,-0.49273693561553955,-0.11192444711923599,-2.8839690685272217,-82.9051284790039,6.980947017669678,16.957496643066406,-244.18423461914062,956.6160278320312,149.0211639404297,0.0,0.0,0.0,25262,0,9830,29709,1
36962.531,1.7358399629592896,2.1109883785247803,0.755401074886322,-0.4913654625415802,-0.10082177817821503,-2.9377849102020264,-84.53338623046875,2.0368683338165283,7.755442142486572,-38.74907302856445,988.1500854492188,16.96796226501465,0.0,0.0,0.0,0,43299,9830,2215,1
36972.395,1.7305735349655151,2.1077823638916016,0.7242036461830139,-0.49641498923301697,-0.13235406577587128,-2.9902496337890625,-84.91382598876953,-0.14308646321296692,-2.022273063659668,-28.7979679107666,970.1586303710938,113.49903106689453,0.0,0.0,0.0,0,28429,9830,17210,1
36982.27,1.7253599166870117,2.104816436767578,0.6934922933578491,-0.5000966191291809,-0.1309676617383957,-3.0370614528656006,-85.61154174804688,-2.5244171619415283,-11.720552444458008,-103.83617401123047,984.6368408203125,312.0777587890625,0.0,0.0,0.0,5563,8295,32420,794,1
36992.154,1.7198402881622314,2.102257490158081,0.6620771884918213,-0.49824032187461853,-0.1088738963007927,-3.087968587875366,-87.40460968017578,-6.632619857788086,-21.563568115234375,-50.37250518798828,1012.5178833007812,314.76434326171875,0.0,0.0,0.0,0,4964,9830,24444,1
37002.036,1.714497447013855,2.100574254989624,0.6301162838935852,-0.51410311460495,-0.11381231248378754,-3.137251138687134,-89.40747833251953,-10.243169784545898,-31.82032585144043,-5.5128254890441895,1006.5171508789062,170.23837280273438,0.0,0.0,0.0,0,0,9830,31508,1
37011.893,1.7086652517318726,2.098419189453125,0.5974687337875366,-0.5236908197402954,-0.1052122712135315,-3.180370569229126,-91.5204849243164,-12.020879745483398,-42.13090133666992,-26.548152923583984,983.310791015625,188.83432006835938,0.0,0.0,0.0,7740,24662,9830,5171,1
37021.769,1.7030291557312012,2.096857786178589,0.5642579793930054,-0.4994066655635834,-0.06879962980747223,-3.225353956222534,-94.20954895019531,-13.483471870422363,-52.418121337890625,-90.51433563232422,1009.7901611328125,161.14898681640625,0.0,0.0,0.0,12737,14931,9830,7885,1
37031.644,1.6978203058242798,2.095865249633789,0.5314927101135254,-0.4724164307117462,-0.03934060037136078,-3.2684316635131836,-97.66297149658203,-14.160459518432617,-62.95170593261719,-64.61372375488281,984.6925659179688,267.156005859375,0.0,0.0,0.0,18894,26440,9830,6187,1
37041.535,1.6928536891937256,2.0953903198242188,0.49811235070228577,-0.4645581543445587,-0.01875416934490204,-3.3092563152313232,-101.0107421875,-15.334304809570312,-73.5349349975586,-19.762771606445312,986.0225219726562,265.7469482421875,0.0,0.0,0.0,0,1988,9830,18349,1
37051.4,1.6881235837936401,2.0954947471618652,0.4641399681568146,-0.4482281804084778,0.006620022933930159,-3.3486950397491455,-104.06517028808594,-15.920121192932129,-84.17147827148438,13.957661628723145,973.772705078125,104.1450424194336,0.0,0.0,0.0,3134,7466,9830,20007,1
37061.272,1.6838163137435913,2.095811128616333,0.4295496344566345,-0.3898876905441284,0.03073647990822792,-3.395792007446289,-106.6233901977539,-14.36868667602539,-94.27509307861328,-4.55932092666626,1036.318603515625,0.4634421765804291,0.0,0.0,0.0,11343,34050,9830,2267,1
37071.143,1.6802122592926025,2.0967583656311035,0.3943612575531006,-0.3350665271282196,0.04638189449906349,-3.4437320232391357,-108.96837615966797,-11.327731132507324,-104.50020599365234,-24.795366287231445,1065.359375,109.38838195800781,0.0,0.0,0.0,16193,5283,51457,4282,1
37081.029,1.6771434545516968,2.097597122192383,0.3592064380645752,-0.29313328862190247,0.05498716980218887,-3.487039804458618,-111.09807586669922,-8.982170104980469,-115.06100463867188,-30.696210861206055,1016.5380859375,303.8758544921875,0.0,0.0,0.0,13278,24167,12079,593,1
37090.892,1.674256443977356,2.0981295108795166,0.3238273859024048,-0.262108713388443,0.06115191429853439,-3.526906967163086,-112.92066192626953,-8.044928550720215,-125.76512908935547,34.46632766723633,1013.6517944335938,88.69842529296875,0.0,0.0,0.0,13205,17366,9830,10268,1
37100.766,1.672281265258789,2.099357843399048,0.28749561309814453,-0.21441657841205597,0.058493852615356445,-3.571648597717285,-113.67440795898438,-5.676529407501221,-135.8252410888672,107.14814758300781,990.49658203125,6.725876331329346,0.0,0.0,0.0,6722,38347,9830,737,1
37110.641,1.6716707944869995,2.101016044616699,0.25036942958831787,-0.1498953253030777,0.0339660719037056,-3.628309726715088,-113.23881530761719,-2.198491096496582,-145.16331481933594,102.08845520019531,1024.401611328125,-22.28660774230957,0.0,0.0,0.0,0,9144,59552,17172,1
37120.526,1.671846866607666,2.1021878719329834,0.2123715579509735,-0.0868917778134346,-0.001340445945970714,-3.6856725215911865,-111.51581573486328,-0.7293660640716553,-155.5149383544922,1084.193115234375,480.59637451171875,509.13153076171875,0.0,0.0,0.0,20477,12832,31047,13660,1
37130.391,1.6720422506332397,2.101266622543335,0.1742480993270874,0.06487475335597992,-0.24084481596946716,-3.855705738067627,-100.07595825195312,-5.063631534576416,-161.37283325195312,1774.3358154296875,-80.17871856689453,104.3720703125,0.0,0.0,0.0,65535,0,65535,51401,1
37140.264,1.672929286956787,2.0981860160827637,0.13507434725761414,0.16151003539562225,-0.42020314931869507,-4.046538352966309,-82.87921142578125,-7.586993217468262,-161.38607788085938,1368.250244140625,267.81646728515625,-161.93580627441406,0.0,0.0,0.0,0,0,65535,60000,1
37150.138,1.6769944429397583,2.094907760620117,0.09451361000537872,0.19818143546581268,-0.2591833770275116,-4.245627403259277,-69.88099670410156,-7.2052812576293945,-164.8026123046875,922.618896484375,870.294189453125,-382.89630126953125,0.0,0.0,0.0,0,0,65535,60000,1
37160.032,1.6849490404129028,2.0928144454956055,0.054209887981414795,0.30405300855636597,-0.2006750851869583,-4.344303131103516,-62.047115325927734,-6.777139663696289,-174.64463806152344,20.108522415161133,630.4523315429688,260.07110595703125,0.0,0.0,0.0,0,0,65535,60000,1
37169.887,1.694218635559082,2.0882351398468018,0.016391586512327194,0.3149683475494385,-0.7989627122879028,-4.0663323402404785,-63.60422134399414,-10.642322540283203,-176.81356811523438,-226.28221130371094,-573.7169799804688,-1400.7655029296875,0.0,0.0,0.0,65535,0,18073,8217,1
37179.762,1.6973012685775757,2.078371524810791,-0.023851387202739716,0.3279862701892853,-1.1528294086456299,-4.011602401733398,-66.17859649658203,1.050010085105896,-176.82968139648438,-563.1781005859375,-195.77896118164062,408.48529052734375,0.0,0.0,0.0,0,60000,65535,0,1
37189.636,1.704343557357788,2.0688250064849854,-0.05684342607855797,0.337368905544281,-1.2008850574493408,-4.007566452026367,-71.77526092529297,0.5335584878921509,-174.78802490234375,-765.4302978515625,253.07139587402344,-355.5008544921875,0.0,0.0,0.0,65535,60000,65535,0,1
37199.526,1.7146885395050049,2.061572551727295,-0.08145757764577866,0.34461021423339844,-1.2478140592575073,-4.005906105041504,-79.19971466064453,2.262561321258545,-177.93576049804688,-418.67291259765625,539.5506591796875,-138.03701782226562,0.0,0.0,0.0,0,60000,9830,0,1
37209.385,1.7217673063278198,2.051165819168091,-0.11364006996154785,0.33298128843307495,-1.3179243803024292,-4.006072521209717,-83.47866821289062,2.8610923290252686,176.58001708984375,-420.7384033203125,594.128662109375,-719.7522583007812,0.0,0.0,0.0,65535,60000,9830,0,1
37219.26,1.7317715883255005,2.044113874435425,-0.13292841613292694,0.3177137076854706,-1.3718734979629517,-3.9978606700897217,-87.27650451660156,8.022558212280273,169.7899627685547,-575.0930786132812,649.833740234375,-889.7119750976562,0.0,0.0,0.0,59005,18575,35640,14936,1
37229.134,1.7414934635162354,2.037287950515747,-0.15037283301353455,0.3058496117591858,-1.3295069932937622,-4.0070295333862305,-91.71501922607422,15.733161926269531,162.9604949951172,-689.6754150390625,533.4635620117188,-262.4433288574219,0.0,0.0,0.0,0,46323,65535,7116,1
37239.018,1.7510229349136353,2.030817747116089,-0.16614781320095062,0.2634570598602295,-1.3069206476211548,-3.968827486038208,-96.98103332519531,18.514949798583984,157.64674377441406,-594.0484619140625,383.23126220703125,346.8198547363281,0.0,0.0,0.0,58398,60000,9830,0,1
37248.887,1.7568809986114502,2.0207648277282715,-0.19379092752933502,0.18994970619678497,-1.317514181137085,-3.968095541000366,-101.58309936523438,16.284671783447266,153.09078979492188,-499.1159362792969,478.0378112792969,138.74368286132812,0.0,0.0,0.0,65535,60000,9830,0,1
37258.76,1.7654047012329102,2.0147178173065186,-0.20671331882476807,0.1521860659122467,-1.2815985679626465,-3.9160282611846924,-105.33682250976562,16.304471969604492,148.02581787109375,-529.0992431640625,533.0372314453125,-163.50784301757812,0.0,0.0,0.0,65535,60000,9830,0,1
37268.629,1.7732106447219849,2.009058713912964,-0.2178470343351364,0.11064904183149338,-1.2479692697525024,-3.869276762008667,-109.26795196533203,19.498445510864258,143.3434295654297,-475.1927490234375,475.69073486328125,-47.95590591430664,0.0,0.0,0.0,65535,60000,9830,0,1
37278.513,1.7801134586334229,2.0042271614074707,-0.22582095861434937,0.022021718323230743,-1.2405356168746948,-3.827655792236328,-112.19309997558594,20.600854873657227,138.47120666503906,-416.42095947265625,466.5686340332031,454.4927062988281,0.0,0.0,0.0,65535,60000,9830,0,1
37288.377,1.7863507270812988,1.9982303380966187,-0.23640352487564087,-0.04727819189429283,-1.204608678817749,-3.7839109897613525,-114.26598358154297,18.06226348876953,131.37513732910156,-279.0684814453125,505.8027648925781,394.1376647949219,0.0,0.0,0.0,65535,60000,12084,0,1
37298.251,1.7919496297836304,1.9927587509155273,-0.24567987024784088,-0.10526004433631897,-1.1633141040802002,-3.739692449569702,-114.85346221923828,16.333784103393555,124.26876831054688,-162.24273681640625,504.99676513671875,296.68365478515625,0.0,0.0,0.0,65535,35692,19506,0,1
37308.124,1.7938868999481201,1.9847259521484375,-0.26732057332992554,-0.17658483982086182,-1.1355730295181274,-3.7485523223876953,-114.86708068847656,15.100244522094727,118.05302429199219,-163.99583435058594,483.9821472167969,684.5045166015625,0.0,0.0,0.0,65535,60000,28723,0,1
37318.024,1.7986124753952026,1.9809057712554932,-0.2712864279747009,-0.19983133673667908,-1.0875427722930908,-3.711824417114258,-114.79987335205078,10.35322380065918,110.6922607421875,-138.6420135498047,436.0437316894531,749.8323364257812,0.0,0.0,0.0,65535,0,65535,0,1
37327.874,1.8035317659378052,1.9769915342330933,-0.2745022475719452,-0.17967715859413147,-1.0336687564849854,-3.6625664234161377,-115.21955871582031,5.216235160827637,103.68060302734375,-129.02005004882812,410.7153015136719,606.5211181640625,0.0,0.0,0.0,65535,0,65535,5595,1
37337.748,1.8087660074234009,1.9724889993667603,-0.2808350622653961,-0.18378499150276184,-0.9791429042816162,-3.625460386276245,-116.30789947509766,1.5226478576660156,97.22360229492188,-130.64553833007812,367.7275085449219,536.956298828125,0.0,0.0,0.0,65535,0,65535,271,1
37347.623,1.8140119314193726,1.9692447185516357,-0.28254979848861694,-0.20024895668029785,-0.9321722388267517,-3.5971696376800537,-117.57921600341797,-2.5841562747955322,91.26370239257812,-92.12276458740234,358.11767578125,679.2765502929688,0.0,0.0,0.0,65535,32021,65535,0,1
37357.507,1.8176758289337158,1.972515344619751,-0.2648850977420807,-0.1857394427061081,-0.9208780527114868,-3.5444211959838867,-117.57801055908203,-2.7365260124206543,91.2782974243164,18.35923957824707,402.59124755859375,676.7967529296875,0.0,0.0,0.0,65535,0,65535,0,1
37367.384,1.8232094049453735,1.9698165655136108,-0.26435229182243347,-0.1698286086320877,-0.8795000314712524,-3.5005791187286377,-118.56968688964844,-7.596595764160156,84.58405303955078,96.62077331542969,438.39752197265625,546.0547485351562,0.0,0.0,0.0,65535,0,65535,24997,1
37377.245,1.8290812969207764,1.9673645496368408,-0.2634972631931305,-0.14740252494812012,-0.8448818325996399,-3.4475717544555664,-119.09153747558594,-11.359338760375977,77.78327941894531,114.98466491699219,466.8008117675781,304.3779296875,0.0,0.0,0.0,65535,0,65535,25271,1
37387.12,1.8354897499084473,1.9651521444320679,-0.26232853531837463,-0.13244295120239258,-0.8089997172355652,-3.3897061347961426,-119.3167724609375,-13.03091812133789,71.73497009277344,124.61243438720703,497.58453369140625,152.6111297607422,0.0,0.0,0.0,65535,0,65535,16092,1
37397.003,1.8380695581436157,1.96027410030365,-0.2782241404056549,-0.1292531043291092,-0.7864173054695129,-3.3779685497283936,-119.31381225585938,-12.729110717773438,66.2991714477539,131.09378051757812,500.7565002441406,63.89272689819336,0.0,0.0,0.0,58217,43243,65535,22885,1
37406.882,1.844344139099121,1.95741605758667,-0.2793802320957184,-0.11128094792366028,-0.7482510805130005,-3.317939519882202,-119.07952117919922,-11.285884857177734,60.82041931152344,157.62442016601562,501.34649658203125,53.09696960449219,0.0,0.0,0.0,33142,0,35625,35314,1
37416.757,1.8516404628753662,1.9563884735107422,-0.2750900089740753,-0.07765530049800873,-0.7081424593925476,-3.2442140579223633,-118.46928405761719,-9.640420913696289,56.045230865478516,183.25326538085938,511.14483642578125,-38.56462478637695,0.0,0.0,0.0,553,13938,11217,53740,1
37426.618,1.859296441078186,1.9554916620254517,-0.2707035541534424,-0.03614635020494461,-0.6723225116729736,-3.1699981689453125,-117.47821044921875,-7.832102298736572,51.37495803833008,184.24893188476562,560.2295532226562,-214.65365600585938,0.0,0.0,0.0,0,0,18317,60000,1
37436.502,1.867391586303711,1.9548168182373047,-0.26633328199386597,0.017447909340262413,-0.6460299491882324,-3.0951709747314453,-116.03018188476562,-4.4753642082214355,47.1142692565918,126.27745819091797,620.4734497070312,-416.35888671875,0.0,0.0,0.0,0,0,29390,60000,1
37446.363,1.8719465732574463,1.9515089988708496,-0.2793213129043579,0.04021177813410759,-0.6249222755432129,-3.090235471725464,-114.60769653320312,1.1444835662841797,43.2824821472168,43.95467758178711,663.5880126953125,-537.2581176757812,0.0,0.0,0.0,0,0,65535,60000,1
37456.239,1.881190299987793,1.951172947883606,-0.2747809886932373,0.09855116903781891,-0.5965309739112854,-3.0333104133605957,-113.41403198242188,7.968320846557617,39.24678039550781,-91.69990539550781,648.2367553710938,-337.3288879394531,0.0,0.0,0.0,26849,0,65535,60000,1
37466.118,1.8912568092346191,1.9503061771392822,-0.27326780557632446,0.16798758506774902,-0.5759199261665344,-2.975747585296631,-112.80473327636719,15.138666152954102,34.39120864868164,-217.93360900878906,579.3103637695312,-163.24334716796875,0.0,0.0,0.0,65535,0,49548,32245,1
37475.997,1.902042269706726,1.9494515657424927,-0.2712481915950775,0.2474714070558548,-0.574683427810669,-2.897700786590576,-113.19468688964844,19.91261100769043,29.00199317932129,-272.4596862792969,487.4443054199219,-82.80012512207031,0.0,0.0,0.0,65535,60000,9830,0,1
37485.862,1.9136406183242798,1.9486193656921387,-0.26877665519714355,0.32451069355010986,-0.5752151608467102,-2.817962884902954,-114.23219299316406,22.836925506591797,23.918041229248047,-384.5497741699219,380.7072448730469,-149.31459045410156,0.0,0.0,0.0,65535,60000,9830,0,1
37495.735,1.9215099811553955,1.9456719160079956,-0.2788832187652588,0.37316712737083435,-0.586118221282959,-2.785720109939575,-116.52904510498047,25.87263298034668,20.654220581054688,-506.8192138671875,272.3339538574219,-130.72528076171875,0.0,0.0,0.0,65535,60000,9830,0,1
37505.614,1.9340287446975708,1.9452590942382812,-0.27149686217308044,0.44421613216400146,-0.5832830667495728,-2.708665609359741,-120.46723937988281,28.5532283782959,18.584537506103516,-448.93157958984375,230.96490478515625,211.09397888183594,0.0,0.0,0.0,65535,60000,9830,0,1
37515.505,1.9466395378112793,1.944630742073059,-0.26448696851730347,0.5061864852905273,-0.5589240789413452,-2.6486399173736572,-123.54041290283203,28.40335464477539,15.356242179870605,-327.1581115722656,276.6234130859375,489.4999694824219,0.0,0.0,0.0,65535,60000,9830,0,1
37525.359,1.9590755701065063,1.9442239999771118,-0.25785404443740845,0.5567975640296936,-0.5364665389060974,-2.600726842880249,-124.56910705566406,26.176071166992188,10.008493423461914,-301.1435546875,239.75448608398438,490.011962890625,0.0,0.0,0.0,65535,35700,65535,0,1
37535.233,1.9711943864822388,1.9439399242401123,-0.25162220001220703,0.5961252450942993,-0.5186380743980408,-2.5578181743621826,-125.52838134765625,24.178022384643555,5.131747245788574,-307.3683776855469,135.83575439453125,434.6954040527344,0.0,0.0,0.0,65535,49731,65535,0,1
37545.106,1.980177640914917,1.941328525543213,-0.26050254702568054,0.6110849976539612,-0.5162458419799805,-2.555351972579956,-127.05496978759766,21.774648666381836,1.1475619077682495,-343.95721435546875,143.96800231933594,728.9398193359375,0.0,0.0,0.0,65535,60000,65535,0,1
37555.005,1.992270588874817,1.9416202306747437,-0.25311043858528137,0.6401851773262024,-0.5022898316383362,-2.5293824672698975,-128.5607147216797,17.146324157714844,-4.5088677406311035,-309.30615234375,129.13902282714844,798.970458984375,0.0,0.0,0.0,65535,28646,65535,0,1
37564.865,2.0027658939361572,1.9421021938323975,-0.24705497920513153,0.6541516780853271,-0.4870739281177521,-2.517164468765259,-130.18801879882812,11.70394229888916,-10.824091911315918,-325.8689270019531,105.6774673461914,700.1049194335938,0.0,0.0,0.0,65535,60000,65535,0,1
37574.73,2.0127837657928467,1.9431490898132324,-0.24142473936080933,0.6570767760276794,-0.4689294099807739,-2.5037412643432617,-132.50242614746094,6.914897441864014,-16.4987850189209,-332.4290771484375,101.80821990966797,729.55517578125,0.0,0.0,0.0,65535,60000,65535,0,1
37584.605,2.0227291584014893,1.9442667961120605,-0.23877544701099396,0.6474238634109497,-0.4532855749130249,-2.495990753173828,-135.67759704589844,1.794634461402893,-22.972312927246094,-321.3206481933594,125.234375,768.5192260742188,0.0,0.0,0.0,65535,60000,65535,0,1
37594.488,2.0301973819732666,1.94308340549469,-0.24791760742664337,0.6272314786911011,-0.4419763684272766,-2.514084815979004,-138.94317626953125,-2.4565508365631104,-29.414453506469727,-279.93463134765625,191.53781127929688,646.80322265625,0.0,0.0,0.0,65535,60000,65535,0,1
37604.354,2.0374577045440674,1.9421253204345703,-0.2578943967819214,0.6082087159156799,-0.4148592948913574,-2.5397605895996094,-142.2212677001953,-4.923707008361816,-35.36091995239258,-286.67620849609375,248.99729919433594,258.1212463378906,0.0,0.0,0.0,65535,60000,65535,0,1
37614.226,2.0435550212860107,1.9380043745040894,-0.28382283449172974,0.5892350673675537,-0.3805013597011566,-2.6166603565216064,-145.38819885253906,-4.553544521331787,-39.034061431884766,-298.7492370605469,279.1495666503906,71.82998657226562,32767.0,19825.0,29626.0,65535,60000,23379,0,1
