timestamp,stateEstimate.x,stateEstimate.y,stateEstimate.z,stateEstimate.vx,stateEstimate.vy,stateEstimate.vz,stateEstimate.roll,stateEstimate.pitch,stateEstimate.yaw,gyro.x,gyro.y,gyro.z,controller.cmd_roll,controller.cmd_pitch,controller.cmd_yaw,rlapp.pwmM1,rlapp.pwmM2,rlapp.pwmM3,rlapp.pwmM4,rlapp.tgtGate
31555.416,1.7849690914154053,2.4770684242248535,0.13300999999046326,0.005680187605321407,0.004406326916068792,0.0016294667730107903,0.8268075585365295,-0.5368931293487549,-79.93687438964844,-0.10180791467428207,-0.021152721717953682,-0.00011472426558611915,-325.0,312.0,-29.0,0,0,0,0,0
31565.291,1.7849550247192383,2.4770560264587402,0.13300412893295288,0.005628359969705343,0.004363520536571741,0.0016738533740863204,0.8257057666778564,-0.536370038986206,-79.94610595703125,0.46660569310188293,-0.15709972381591797,0.9894107580184937,-310.0,297.0,-11.0,0,0,0,0,0
31575.175,1.7849814891815186,2.4770750999450684,0.13301344215869904,0.005815126001834869,0.004460887052118778,0.0018022999865934253,0.8257110118865967,-0.5335997343063354,-79.90190887451172,0.4508269429206848,-0.9236869215965271,12.254405975341797,-321.0,282.0,29.0,0,0,0,0,0
31585.041,1.784967303276062,2.4770619869232178,0.1330089569091797,0.004183699376881123,0.002877870574593544,0.0017637504497542977,0.8300018906593323,-0.5285990834236145,-79.89508819580078,-0.543091893196106,-0.3029283285140991,-5.978476524353027,-327.0,253.0,105.0,0,0,0,0,0
31594.921,1.7849421501159668,2.477038860321045,0.13302190601825714,0.0025766990147531033,0.0013873211573809385,0.0020787178073078394,0.8260431885719299,-0.5224456787109375,-80.03140258789062,-0.39878395199775696,-0.44981592893600464,-6.2433366775512695,-306.0,237.0,20.0,0,0,0,0,0
31604.79,1.7848995923995972,2.476996898651123,0.13303148746490479,0.0010114647448062897,-2.14641222555656e-05,0.0017169385682791471,0.8196553587913513,-0.5163305401802063,-80.16667938232422,-0.33435866236686707,0.059521980583667755,-0.47163254022598267,-301.0,246.0,-189.0,0,0,0,0,0
31614.674,1.784839153289795,2.476937770843506,0.1330133080482483,-0.0005317183677107096,-0.0013547353446483612,0.0014928597956895828,0.8160579800605774,-0.518449604511261,-80.26795196533203,0.2571486830711365,0.728046178817749,0.9177031517028809,-310.0,299.0,-454.0,0,0,0,0,0
31624.539,1.7847743034362793,2.4768707752227783,0.13300561904907227,-0.002005289075896144,-0.0025999685749411583,0.0015846212627366185,0.8148890137672424,-0.5276896953582764,-80.34812927246094,-0.10849098116159439,1.8157923221588135,0.6414420008659363,-340.0,372.0,-715.0,0,0,0,0,0
31634.414,1.7847192287445068,2.4768178462982178,0.133017897605896,-0.00338861090131104,-0.003731511067599058,0.0013978352071717381,0.8140008449554443,-0.5429893136024475,-80.37803649902344,0.1267566680908203,1.1509407758712769,2.695511817932129,-366.0,451.0,-960.0,0,0,0,0,0
31644.3,1.7846235036849976,2.476728916168213,0.1330178678035736,-0.0047990018501877785,-0.004896920174360275,0.001369363977573812,0.8133523464202881,-0.5550584197044373,-80.4411849975586,-0.013872062787413597,1.0291982889175415,2.098355531692505,-395.0,479.0,-1169.0,0,0,0,0,0
31654.173,1.784529209136963,2.4766387939453125,0.13301391899585724,-0.006133676506578922,-0.006010224111378193,0.0014058343367651105,0.8134400248527527,-0.5655850172042847,-80.4885482788086,0.44924113154411316,1.0002130270004272,-8.173771858215332,-427.0,494.0,-1342.0,0,0,0,0,0
31664.037,1.7844276428222656,2.4765453338623047,0.13301044702529907,-0.007310719229280949,-0.0070223514921963215,0.0007225824519991875,0.8172299861907959,-0.5535503625869751,-80.55522918701172,3.426086187362671,5.896249771118164,57.99884033203125,-468.0,436.0,-1501.0,0,0,0,0,0
31673.922,1.7843247652053833,2.476454019546509,0.1330074816942215,-0.008462721481919289,-0.007925484329462051,0.0010522245429456234,0.8256896138191223,-0.5577677488327026,-80.60005187988281,-3.131270170211792,0.2242261916399002,-39.62474822998047,-519.0,383.0,-1577.0,0,0,0,0,0
31683.795,1.784224510192871,2.476363182067871,0.13300098478794098,-0.00959076639264822,-0.00872357189655304,4.712915324489586e-05,0.8172979354858398,-0.5956230759620667,-80.67167663574219,0.3809799253940582,-10.259077072143555,-23.1948184967041,-507.0,497.0,-1768.0,0,0,0,0,0
31693.671,1.784117579460144,2.476262092590332,0.13298287987709045,-0.010607386939227581,-0.009666324593126774,-0.0009924732148647308,0.8213503956794739,-0.5581996440887451,-80.67213439941406,3.0043294429779053,2.20300555229187,7.144869327545166,-546.0,525.0,-1916.0,0,0,0,0,0
31703.536,1.7840003967285156,2.476151704788208,0.13295471668243408,-0.011654719710350037,-0.010465438477694988,-0.0003058361471630633,0.8223817348480225,-0.5585654973983765,-80.73877716064453,1.5418909788131714,0.9193424582481384,6.134328365325928,-583.0,406.0,-1957.0,0,0,0,0,0
31713.411,1.7838820219039917,2.476046323776245,0.13294436037540436,-0.012663119472563267,-0.011179299093782902,0.00032507997821085155,0.8304725885391235,-0.5702144503593445,-80.7874984741211,-1.725408911705017,-0.38031741976737976,2.8055999279022217,-615.0,458.0,-2023.0,0,0,0,0,0
31723.284,1.7837541103363037,2.4759275913238525,0.13291791081428528,-0.013634146191179752,-0.011921601369976997,-0.0026055092457681894,0.8275716304779053,-0.5568976402282715,-80.62166595458984,4.622570514678955,1.2246068716049194,4.055121421813965,-623.0,508.0,-2019.0,0,0,0,0,0
31733.17,1.7836271524429321,2.4757938385009766,0.13302280008792877,-0.014921141788363457,-0.013016585260629654,0.02836817130446434,0.9122260212898254,-0.5225276350975037,-80.51721954345703,23.615346908569336,-16.193233489990234,43.67668151855469,-891.0,363.0,-1784.0,0,0,0,0,0
31743.035,1.7835034132003784,2.475627899169922,0.13416320085525513,-0.01872052252292633,-0.015478798188269138,0.1994757056236267,1.0931484699249268,-0.31188997626304626,-80.07815551757812,-47.36228561401367,-12.593408584594727,-29.517305374145508,-1342.0,-310.0,-1240.0,0,0,0,0,0
31752.919,1.7833014726638794,2.475466012954712,0.1364944875240326,-0.021236365661025047,-0.01640145108103752,0.2650148272514343,0.6083402633666992,-0.2519304156303406,-80.00390625,20.78273582458496,-1.3299229145050049,-22.0211124420166,42.0,-816.0,-402.0,0,0,0,0,0
31762.784,1.783064603805542,2.4752891063690186,0.13978098332881927,-0.023352820426225662,-0.017179640009999275,0.3591267764568329,1.2409732341766357,0.04017239809036255,-79.88322448730469,65.58011627197266,-101.28861999511719,112.00651550292969,-1279.0,-1172.0,194.0,0,0,0,0,0
31772.668,1.782851219177246,2.4751291275024414,0.14426802098751068,-0.026638276875019073,-0.016271192580461502,0.5039556622505188,0.27947601675987244,0.9677600860595703,-80.46125030517578,-153.22532653808594,-29.864532470703125,222.0168914794922,63.0,-4072.0,650.0,0,0,0,0,0
31782.544,1.7825853824615479,2.4749653339385986,0.14875034987926483,-0.027406001463532448,-0.016636483371257782,0.38799425959587097,-0.20315879583358765,1.177514672279358,-81.11923217773438,314.5110778808594,-66.20619201660156,-44.50775909423828,2266.0,-5699.0,210.0,0,0,0,0,0
31792.408,1.7823518514633179,2.4748735427856445,0.15501320362091064,-0.03736310824751854,-0.0014292396372184157,0.8030915260314941,1.3776392936706543,2.1078712940216064,-82.3979721069336,-204.1636962890625,-76.45394897460938,509.58154296875,-3058.0,-6120.0,-1713.0,0,0,0,0,0
31802.289,1.7819640636444092,2.4748756885528564,0.163047656416893,-0.04065970703959465,0.00028463167836889625,0.7969934344291687,-0.18521185219287872,2.9922053813934326,-79.59481048583984,194.6284637451172,-95.53893280029297,-256.8724670410156,55.0,-8611.0,-2840.0,0,0,0,0,0
31812.167,1.7815719842910767,2.4749367237091064,0.17177651822566986,-0.044109754264354706,0.013668606989085674,0.9301270842552185,1.5625135898590088,4.140772342681885,-81.10628509521484,-92.05213165283203,-131.54539489746094,-49.43491744995117,-2924.0,-10935.0,-2103.0,0,0,0,0,0
31822.042,1.7814580202102661,2.4753692150115967,0.18188117444515228,-0.04304484650492668,0.0223601832985878,0.9691427946090698,-0.9037401676177979,5.438436508178711,-74.92781829833984,-192.3725128173828,-96.81608581542969,92.78450012207031,1930.0,-13479.0,-178.0,0,0,0,0,0
31831.907,1.778238296508789,2.4763710498809814,0.19271135330200195,-0.05090929940342903,0.025774681940674782,0.868353009223938,-1.084301233291626,6.397618770599365,-74.79642486572266,296.5111083984375,-109.86459350585938,-232.40457153320312,4085.0,-14253.0,5281.0,0,0,0,0,0
31841.784,1.7779639959335327,2.476785659790039,0.2038087546825409,-0.061089642345905304,0.08231184631586075,1.2252286672592163,0.07491180300712585,7.3959641456604,-75.85871124267578,-235.47703552246094,-38.78871154785156,372.52789306640625,-1616.0,-13581.0,9122.0,0,0,0,0,0
31851.666,1.7775284051895142,2.4774744510650635,0.216785728931427,-0.06295977532863617,0.08646317571401596,1.1627556085586548,-1.2734113931655884,7.906231880187988,-75.17091369628906,180.6514434814453,-47.29410171508789,-408.6269836425781,1486.0,-12591.0,11658.0,0,0,0,0,0
31861.531,1.7770878076553345,2.478285551071167,0.23007793724536896,-0.06452904641628265,0.1136251762509346,1.2511143684387207,0.3125988841056824,8.264925003051758,-77.23993682861328,-82.31787109375,7.3613505363464355,-16.31597900390625,-1729.0,-10731.0,12274.0,0,0,0,0,0
31871.404,1.77660071849823,2.4793930053710938,0.242905393242836,-0.06881102919578552,0.1237587183713913,1.2220202684402466,-1.9007580280303955,8.645092964172363,-77.05343627929688,-189.2275848388672,-47.31324005126953,139.93186950683594,2267.0,-9685.0,10818.0,0,0,0,0,0
31881.28,1.7761082649230957,2.4803314208984375,0.25512203574180603,-0.06816787272691727,0.11875191330909729,1.0986624956130981,-2.458592653274536,9.183375358581543,-78.02376556396484,260.8035583496094,-8.350296974182129,-248.96266174316406,5635.0,-10512.0,9382.0,0,0,0,0,0
31891.164,1.7757576704025269,2.481562852859497,0.26779550313949585,-0.06638322025537491,0.16783694922924042,1.2958179712295532,-0.31933802366256714,9.429009437561035,-81.60607147216797,-218.61802673339844,-77.10140228271484,16.052148818969727,-1211.0,-10988.0,5300.0,0,0,0,0,0
31901.029,1.7755508422851562,2.4831879138946533,0.2818409502506256,-0.06666436046361923,0.1804766207933426,1.281596302986145,-2.118394136428833,10.26902961730957,-81.41447448730469,82.00048828125,-107.9660873413086,59.097381591796875,1541.0,-12400.0,-905.0,0,0,0,0,0
31910.904,1.7754970788955688,2.4849820137023926,0.2950763404369354,-0.060302942991256714,0.19698768854141235,1.267714500427246,-0.6592511534690857,10.76442813873291,-81.5348129272461,16.471763610839844,-19.05036163330078,273.1146545410156,-640.0,-14603.0,-4969.0,0,0,0,0,0
31920.779,1.775420904159546,2.486999034881592,0.3087349832057953,-0.05993779003620148,0.2205015867948532,1.289588212966919,-1.299474835395813,10.862662315368652,-79.58290100097656,-109.21119689941406,-86.19184112548828,-80.8971176147461,-1740.0,-13461.0,-6555.0,0,0,0,0,0
31930.663,1.7751123905181885,2.4892895221710205,0.32195520401000977,-0.06017328053712845,0.22743800282478333,1.234292984008789,-2.5254571437835693,11.510016441345215,-79.70160675048828,-38.73008346557617,-3.2337732315063477,-2.985522508621216,3050.0,-13072.0,-5505.0,0,0,0,0,0
31940.54,1.775044322013855,2.491595983505249,0.3349849581718445,-0.0558345764875412,0.23044076561927795,1.150025725364685,-2.1424672603607178,11.659944534301758,-81.02685546875,191.4734649658203,4.208455562591553,237.90658569335938,2825.0,-13500.0,-4864.0,0,0,0,0,0
31950.403,1.77516508102417,2.494159460067749,0.34833431243896484,-0.053264815360307693,0.2754977345466614,1.2666664123535156,-1.2860287427902222,11.775908470153809,-79.04155731201172,-134.04737854003906,-34.146575927734375,192.73191833496094,-3042.0,-12815.0,-4403.0,0,0,0,0,0
31960.285,1.775402307510376,2.4971797466278076,0.362517774105072,-0.05307905748486519,0.29333391785621643,1.2646886110305786,-3.577289581298828,11.633524894714355,-75.64261627197266,58.05171585083008,36.194644927978516,103.3369140625,1051.0,-12250.0,-416.0,0,0,0,0,0
31970.162,1.775270938873291,2.50022029876709,0.37568262219429016,-0.04608668386936188,0.3066236972808838,1.237309455871582,-1.3085449934005737,11.614296913146973,-79.32878875732422,105.02051544189453,11.860894203186035,-133.80001831054688,147.0,-10648.0,4832.0,0,0,0,0,0
31980.027,1.7757275104522705,2.50354266166687,0.38937100768089294,-0.04300490394234657,0.3296298682689667,1.2606879472732544,-0.8249257802963257,11.429322242736816,-80.24857330322266,-48.747779846191406,18.5487003326416,58.53718566894531,-2876.0,-10427.0,4132.0,0,0,0,0,0
31989.911,1.776170253753662,2.5071380138397217,0.4032953083515167,-0.041032902896404266,0.3408180773258209,1.2339001893997192,-1.5968745946884155,11.336152076721191,-79.15325927734375,-113.50468444824219,12.968587875366211,-60.000335693359375,96.0,-10602.0,3083.0,0,0,0,0,0
31999.776,1.7766170501708984,2.5108156204223633,0.41685768961906433,-0.037898674607276917,0.3408421277999878,1.1549556255340576,-2.1579699516296387,11.275137901306152,-79.2093505859375,65.95983123779297,0.8745586276054382,-344.4770812988281,3220.0,-11388.0,3225.0,0,0,0,0,0
32009.66,1.7771822214126587,2.5145211219787598,0.4296971559524536,-0.03152520954608917,0.3607090711593628,1.1804707050323486,-0.2729276716709137,11.40172004699707,-82.50033569335938,143.9877166748047,26.279447555541992,27.454776763916016,-647.0,-12357.0,1703.0,0,0,0,0,0
32019.534,1.7773759365081787,2.518523931503296,0.4429701864719391,-0.03393396735191345,0.4013831615447998,1.3105226755142212,0.07807456701993942,11.372010231018066,-83.16619110107422,-181.98109436035156,-13.771566390991211,461.1024475097656,-2920.0,-13329.0,-2713.0,0,0,0,0,0
32029.4,1.7781535387039185,2.522998094558716,0.45757341384887695,-0.03153272345662117,0.4060831069946289,1.266599178314209,-1.0209144353866577,11.480215072631836,-81.22862243652344,208.6779022216797,-15.543304443359375,-318.380126953125,534.0,-13982.0,-5531.0,0,0,0,0,0
32039.274,1.7790101766586304,2.527637481689453,0.47211259603500366,-0.02626859024167061,0.42411676049232483,1.2854362726211548,0.8192415237426758,11.36882209777832,-83.12899780273438,-44.948692321777344,36.83816909790039,138.07818603515625,-2501.0,-14018.0,-6865.0,0,0,0,0,0
32049.159,1.7798491716384888,2.5325162410736084,0.48710906505584717,-0.02618582360446453,0.44025468826293945,1.2998138666152954,0.1187773048877716,11.15398120880127,-82.15518951416016,-27.67991065979004,-43.73765563964844,280.7616271972656,-1625.0,-12992.0,-8580.0,0,0,0,0,0
32059.034,1.780785322189331,2.5373666286468506,0.5012794733047485,-0.0226516742259264,0.43636447191238403,1.2215311527252197,-0.6609523296356201,11.264727592468262,-81.12079620361328,-0.6210704445838928,-8.058509826660156,181.28857421875,1648.0,-13626.0,-7961.0,0,0,0,0,0
32068.897,1.7811402082443237,2.5420124530792236,0.5141013860702515,-0.019523020833730698,0.43450286984443665,1.1517868041992188,-0.39101600646972656,11.233508110046387,-80.85118865966797,145.4320831298828,1.0113558769226074,122.54368591308594,1143.0,-14824.0,-6080.0,0,0,0,0,0
32078.772,1.7821261882781982,2.5470664501190186,0.5281602740287781,-0.02189294435083866,0.4735598862171173,1.291144609451294,0.2151242196559906,11.223048210144043,-79.01984405517578,-77.95272827148438,-3.0100908279418945,24.297466278076172,-2386.0,-15291.0,-3609.0,0,0,0,0,0
32088.657,1.7832040786743164,2.5524799823760986,0.5432379245758057,-0.021100200712680817,0.4844786524772644,1.2936146259307861,-1.047380805015564,11.171310424804688,-77.10403442382812,68.13712310791016,55.672035217285156,159.15682983398438,422.0,-15470.0,950.0,0,0,0,0,0
32098.522,1.7842589616775513,2.5579941272735596,0.5584172606468201,-0.015593020245432854,0.49356740713119507,1.2817007303237915,0.3665364980697632,10.860499382019043,-78.9742660522461,64.70135498046875,56.18336486816406,-342.3705139160156,-531.0,-14687.0,5649.0,0,0,0,0,0
32108.397,1.7854126691818237,2.5634942054748535,0.5732995271682739,-0.01478394865989685,0.507762610912323,1.3066960573196411,0.6305718421936035,10.317559242248535,-79.77130126953125,-28.665624618530273,44.59480667114258,-229.14508056640625,-1938.0,-13139.0,5765.0,0,0,0,0,0
32118.275,1.786557674407959,2.569178342819214,0.5884528160095215,-0.012785915285348892,0.5134772658348083,1.2954390048980713,0.5763182044029236,9.954581260681152,-79.67069244384766,-53.88763427734375,29.178194046020508,-4.066032886505127,-332.0,-12177.0,4841.0,0,0,0,0,0
32128.156,1.7870796918869019,2.5746421813964844,0.6020581126213074,-0.009412657469511032,0.49878406524658203,1.1711479425430298,0.2852177321910858,9.657537460327148,-79.14226531982422,62.22703170776367,29.163429260253906,-141.8711395263672,1218.0,-12831.0,4422.0,0,0,0,0,0
32138.021,1.78822922706604,2.5803117752075195,0.6161741018295288,-0.006470142398029566,0.5054927468299866,1.1786056756973267,1.581843614578247,9.3421049118042,-81.63534545898438,48.95516586303711,51.78867721557617,-143.68057250976562,-878.0,-13650.0,3215.0,0,0,0,0,0
32147.896,1.7894034385681152,2.5862557888031006,0.6312839388847351,-0.013692336156964302,0.5328425168991089,1.3290263414382935,1.6466597318649292,8.997381210327148,-81.9590072631836,-61.20729446411133,28.259695053100586,144.25892639160156,-1667.0,-13858.0,-550.0,0,0,0,0,0
32157.77,1.7905453443527222,2.592163562774658,0.6463300585746765,-0.008126307278871536,0.5211063027381897,1.2281488180160522,1.5826510190963745,8.688568115234375,-81.48762512207031,105.43006896972656,54.691932678222656,-30.769079208374023,-166.0,-13940.0,-3164.0,0,0,0,0,0
32167.654,1.7910882234573364,2.5978667736053467,0.6602577567100525,-0.012440880760550499,0.5298437476158142,1.2748816013336182,2.361015796661377,8.066458702087402,-81.73800659179688,-20.886995315551758,83.60166931152344,63.33890151977539,-1546.0,-13135.0,-4685.0,0,0,0,0,0
32177.519,1.7922157049179077,2.60394549369812,0.675717294216156,-0.013714083470404148,0.531743586063385,1.2809972763061523,2.1160473823547363,7.401007175445557,-81.4189224243164,65.49922180175781,11.726393699645996,139.4493408203125,-820.0,-11615.0,-5618.0,0,0,0,0,0
32187.394,1.7933045625686646,2.6100409030914307,0.6911407709121704,-0.010617443360388279,0.5255135893821716,1.236993432044983,2.441498041152954,7.15477991104126,-80.71885681152344,37.8925666809082,32.4110107421875,17.85312843322754,-964.0,-12057.0,-5388.0,0,0,0,0,0
32197.269,1.7944034337997437,2.616100549697876,0.7059800028800964,-0.00504183117300272,0.5144730806350708,1.1473265886306763,2.744537115097046,6.723715782165527,-80.11422729492188,79.62984466552734,33.217529296875,-19.002235412597656,-1614.0,-13264.0,-4110.0,0,0,0,0,0
32207.163,1.7954835891723633,2.6220180988311768,0.7207492589950562,-0.01676080748438835,0.5265249013900757,1.2985140085220337,2.8345487117767334,6.328425884246826,-79.39714813232422,-9.623088836669922,43.515506744384766,147.31460571289062,-1609.0,-13384.0,-2086.0,0,0,0,0,0
32217.017,1.795799732208252,2.62776517868042,0.7354713678359985,-0.023144079372286797,0.5250863432884216,1.3320776224136353,2.869503974914551,5.958312511444092,-78.70964050292969,76.05390167236328,46.103729248046875,-16.58602523803711,-749.0,-13434.0,627.0,0,0,0,0,0
32226.893,1.7966392040252686,2.6337594985961914,0.7515892386436462,-0.022336211055517197,0.518751859664917,1.302361249923706,3.232938289642334,5.245567798614502,-78.75062561035156,-26.23084259033203,79.69539642333984,-114.07857513427734,-1060.0,-12649.0,2958.0,0,0,0,0,0
32236.767,1.7973849773406982,2.6397197246551514,0.7680039405822754,-0.02810298278927803,0.5166832208633423,1.3512935638427734,3.0757384300231934,4.317156791687012,-80.14009094238281,-1.3949522972106934,64.7474136352539,209.92678833007812,245.0,-10504.0,3800.0,0,0,0,0,0
32246.652,1.7980520725250244,2.6456832885742188,0.7847484946250916,-0.02922574058175087,0.5084509253501892,1.3451825380325317,3.134774923324585,3.724329948425293,-79.78816223144531,97.72689056396484,59.85245895385742,110.17467498779297,569.0,-9505.0,3131.0,0,0,0,0,0
32256.516,1.7987093925476074,2.6513428688049316,0.8003397583961487,-0.019940543919801712,0.4933628737926483,1.2126879692077637,3.911909580230713,3.1495521068573,-79.83470153808594,23.383668899536133,73.26097106933594,-27.727083206176758,-1610.0,-10366.0,2693.0,0,0,0,0,0
32266.39,1.7989145517349243,2.656642436981201,0.8140551447868347,-0.02525864727795124,0.48185306787490845,1.2132987976074219,3.9125139713287354,2.4607245922088623,-79.92186737060547,-79.99172973632812,51.66633987426758,-305.4149169921875,-1432.0,-10686.0,2026.0,0,0,0,0,0
32276.27,1.799407958984375,2.662170648574829,0.830030083656311,-0.03942415863275528,0.4734419882297516,1.3762614727020264,3.4392082691192627,1.8966143131256104,-80.51547241210938,117.55252075195312,50.16812515258789,-57.553955078125,883.0,-10668.0,841.0,0,0,0,0,0
32286.15,1.7996951341629028,2.6675617694854736,0.8466289043426514,-0.03383128345012665,0.45973971486091614,1.2835975885391235,4.362052917480469,1.2575610876083374,-81.96184539794922,-54.048377990722656,106.20442962646484,190.7335205078125,-1071.0,-10731.0,-955.0,0,0,0,0,0
32296.015,1.7998853921890259,2.672825813293457,0.8631866574287415,-0.0431511215865612,0.44592592120170593,1.348342776298523,3.685438871383667,0.32738375663757324,-80.30477905273438,-30.581132888793945,78.38993072509766,-140.00807189941406,198.0,-9000.0,-2808.0,0,0,0,0,0
32305.892,1.800005555152893,2.677788734436035,0.8796365857124329,-0.04558417573571205,0.43040338158607483,1.3400365114212036,3.555039882659912,-0.49834173917770386,-80.1221923828125,20.12609100341797,49.25120544433594,17.034116744995117,1463.0,-7422.0,-2555.0,0,0,0,0,0
32315.767,1.7997828722000122,2.6824018955230713,0.8944200277328491,-0.04459325224161148,0.41370895504951477,1.2808518409729004,4.142621040344238,-0.9833979606628418,-80.06404876708984,139.50282287597656,48.9585075378418,-5.268608093261719,-909.0,-8043.0,-1801.0,0,0,0,0,0
32325.669,1.7998844385147095,2.6870625019073486,0.9099700450897217,-0.039492469280958176,0.39918866753578186,1.190807819366455,5.02974271774292,-1.494289755821228,-80.10980224609375,-44.466087341308594,60.058837890625,200.00782775878906,-4060.0,-9528.0,-1161.0,0,0,0,0,0
32335.516,1.799834966659546,2.6915552616119385,0.9256952404975891,-0.05084127560257912,0.37557896971702576,1.2777122259140015,4.181562900543213,-1.876420259475708,-79.24691772460938,-85.23282623291016,65.4404525756836,43.64516830444336,-697.0,-10121.0,-189.0,0,0,0,0,0
32345.391,1.7994959354400635,2.6956634521484375,0.9418683052062988,-0.05891809239983559,0.35246914625167847,1.3435453176498413,4.479065895080566,-2.4397823810577393,-78.9898910522461,157.03421020507812,37.091278076171875,-418.1625671386719,225.0,-10132.0,1281.0,0,0,0,0,0
32355.266,1.7991286516189575,2.6995363235473633,0.9582377672195435,-0.05884707719087601,0.3357623219490051,1.2922983169555664,5.015467166900635,-3.068747043609619,-80.62957763671875,-150.73594665527344,102.3172378540039,268.6902770996094,-2369.0,-9378.0,1487.0,0,0,0,0,0
32365.158,1.7985039949417114,2.703044891357422,0.9733172059059143,-0.06958570331335068,0.30912989377975464,1.3542587757110596,4.093225955963135,-3.868943691253662,-79.5591049194336,-5.830470561981201,62.69133758544922,-10.600107192993164,801.0,-7495.0,1003.0,0,0,0,0,0
32375.028,1.7978764772415161,2.706465482711792,0.9902051687240601,-0.07092957198619843,0.2906119227409363,1.3195496797561646,4.174254894256592,-4.532168388366699,-79.01229858398438,66.92852783203125,46.39388656616211,-104.0314712524414,1142.0,-6282.0,1490.0,0,0,0,0,0
32384.889,1.7971992492675781,2.7096450328826904,1.0065995454788208,-0.06803211569786072,0.27468961477279663,1.2488744258880615,5.258395195007324,-5.045800685882568,-80.02796936035156,119.48873901367188,40.264892578125,-13.898852348327637,-3197.0,-6805.0,1915.0,0,0,0,0,0
32394.764,1.7964836359024048,2.7126405239105225,1.022568941116333,-0.07072160392999649,0.25436633825302124,1.2165807485580444,5.618354797363281,-5.439467906951904,-79.86310577392578,-179.10601806640625,30.352975845336914,147.58839416503906,-5068.0,-7707.0,1278.0,0,0,0,0,0
32404.648,1.795507788658142,2.715244770050049,1.038562536239624,-0.08454970270395279,0.21607886254787445,1.3338308334350586,3.918715715408325,-5.624591827392578,-79.19012451171875,24.215003967285156,59.82373046875,-20.475740432739258,1505.0,-8627.0,1354.0,0,0,0,0,0
32414.512,1.7944639921188354,2.7174391746520996,1.0537197589874268,-0.08641017973423004,0.19369496405124664,1.3192007541656494,4.97298526763916,-6.17733097076416,-80.77555084228516,86.92279052734375,40.57773971557617,-347.985107421875,-396.0,-8898.0,1128.0,0,0,0,0,0
32424.401,1.7932960987091064,2.719426393508911,1.0704278945922852,-0.09295385330915451,0.1691034436225891,1.3219232559204102,4.648158550262451,-6.613519191741943,-80.93827056884766,-169.8135986328125,64.39828491210938,193.63768005371094,-1882.0,-7645.0,-1040.0,0,0,0,0,0
32434.261,1.7918881177902222,2.7211248874664307,1.0875201225280762,-0.10098598152399063,0.13841065764427185,1.366393804550171,3.774052381515503,-6.859264373779297,-79.48320770263672,30.663097381591797,20.23447036743164,-139.39535522460938,1952.0,-7186.0,-1559.0,0,0,0,0,0
32444.147,1.7904444932937622,2.722525119781494,1.104537010192871,-0.10019266605377197,0.12427777051925659,1.2960070371627808,4.3742523193359375,-7.248298168182373,-79.69464111328125,162.2642059326172,18.56102180480957,-285.70111083984375,-333.0,-7513.0,-756.0,0,0,0,0,0
32454.019,1.789047360420227,2.7236669063568115,1.1204967498779297,-0.09972716867923737,0.10597880929708481,1.2500883340835571,5.916060924530029,-7.562117576599121,-81.2464828491211,51.37970733642578,0.5481133460998535,118.71092224121094,-6759.0,-7477.0,-970.0,0,0,0,0,0
32463.892,1.788843035697937,2.723639965057373,1.1222232580184937,-0.1006094440817833,0.10552706569433212,1.2573224306106567,5.921830654144287,-7.5658793449401855,-81.27265167236328,-234.9763946533203,13.933952331542969,302.72705078125,-4837.0,-8027.0,-1918.0,0,0,0,0,0
32473.761,1.786014199256897,2.725165605545044,1.1513888835906982,-0.1181207001209259,0.04911915585398674,1.2944846153259277,4.137850284576416,-7.665354251861572,-79.41495513916016,167.8917236328125,22.99513053894043,-244.575927734375,1792.0,-8690.0,-1151.0,0,0,0,0,0
32483.645,1.7840397357940674,2.7254130840301514,1.1679738759994507,-0.12481800466775894,0.020863020792603493,1.3256250619888306,5.329148292541504,-7.960382461547852,-81.74444580078125,-85.34701538085938,6.971667289733887,-55.99909591674805,-2778.0,-8371.0,-1094.0,0,0,0,0,0
32493.519,1.781952977180481,2.7253568172454834,1.184755802154541,-0.13317298889160156,-0.00214929087087512,1.3165644407272339,3.9370198249816895,-7.93525505065918,-79.532958984375,-165.57931518554688,14.189427375793457,184.1650390625,-675.0,-7695.0,-2442.0,0,0,0,0,0
32503.385,1.7795947790145874,2.724987030029297,1.203075647354126,-0.13882359862327576,-0.02870732545852661,1.3274716138839722,3.361865997314453,-7.942777156829834,-79.12732696533203,79.41934204101562,21.08456802368164,-206.063232421875,3000.0,-8170.0,-562.0,0,0,0,0,0
32513.257,1.7792019844055176,2.7248454093933105,1.204676628112793,-0.14046621322631836,-0.02959132008254528,1.3344591856002808,3.374056816101074,-7.946258068084717,-79.1568832397461,175.12112426757812,7.9485392570495605,-155.1566162109375,-2479.0,-7908.0,460.0,0,0,0,0,0
32523.143,1.7768914699554443,2.7241947650909424,1.222366213798523,-0.1367987096309662,-0.03664488345384598,1.2301353216171265,4.738622665405273,-8.321867942810059,-80.93763732910156,-140.9669647216797,-19.188337326049805,133.18685913085938,-8735.0,-6694.0,-531.0,0,0,0,0,0
32533.005,1.774674654006958,2.723375082015991,1.2381017208099365,-0.14607812464237213,-0.06641217321157455,1.280289649963379,5.733693599700928,-8.316170692443848,-80.52899169921875,-110.66564178466797,19.164270401000977,170.29849243164062,-2260.0,-7065.0,-295.0,0,0,0,0,0
32542.88,1.772114872932434,2.722266912460327,1.2541612386703491,-0.15680979192256927,-0.09058930724859238,1.2882384061813354,3.839914560317993,-8.219697952270508,-78.21654510498047,96.6723403930664,11.94563102722168,-262.1961975097656,830.0,-7447.0,1715.0,0,0,0,0,0
32552.755,1.7693819999694824,2.7209014892578125,1.2702319622039795,-0.1612316519021988,-0.10678866505622864,1.2639883756637573,4.02074670791626,-8.455211639404297,-80.67100524902344,-165.5986785888672,-5.471987724304199,43.913970947265625,-2426.0,-6942.0,450.0,0,0,0,0,0
32562.64,1.7671512365341187,2.7195212841033936,1.284783124923706,-0.16796834766864777,-0.13456735014915466,1.3147587776184082,3.8756279945373535,-8.422600746154785,-81.24382019042969,-84.182861328125,-11.640876770019531,9.02924633026123,1211.0,-7447.0,-516.0,0,0,0,0,0
32572.508,1.7642531394958496,2.717679738998413,1.3013724088668823,-0.1744820773601532,-0.15135148167610168,1.2928105592727661,2.580965995788574,-8.157936096191406,-79.13737487792969,93.64570617675781,11.129746437072754,-135.47943115234375,710.0,-8504.0,539.0,0,0,0,0,0
32582.378,1.7615031003952026,2.7156972885131836,1.3171815872192383,-0.17570123076438904,-0.16337472200393677,1.2563250064849854,3.0697989463806152,-8.108266830444336,-80.35253143310547,39.74298858642578,-10.82077693939209,126.91388702392578,-4438.0,-7651.0,-269.0,0,0,0,0,0
32592.253,1.758794903755188,2.7136037349700928,1.3325823545455933,-0.17666110396385193,-0.17013071477413177,1.1945656538009644,3.50641131401062,-8.290262222290039,-81.78632354736328,-24.7992000579834,-22.231590270996094,49.670257568359375,-6507.0,-6586.0,-2059.0,0,0,0,0,0
32602.14,1.756538987159729,2.711615800857544,1.346174716949463,-0.18009497225284576,-0.18907888233661652,1.2126435041427612,3.9730043411254883,-8.058649063110352,-81.1384048461914,-121.58573913574219,1.629097819328308,15.804214477539062,-3594.0,-7396.0,-2668.0,0,0,0,0,0
32612.002,1.7536392211914062,2.7092113494873047,1.3613659143447876,-0.18537810444831848,-0.19675050675868988,1.1564302444458008,2.9141829013824463,-7.892890930175781,-80.36216735839844,-9.313182830810547,-4.870392322540283,-169.014404296875,-224.0,-7253.0,-2512.0,0,0,0,0,0
32621.887,1.7503972053527832,2.7065513134002686,1.37706458568573,-0.18882529437541962,-0.2022571712732315,1.0903682708740234,2.409379243850708,-7.993646621704102,-81.95049285888672,-136.178466796875,-17.758329391479492,154.91416931152344,-223.0,-6400.0,-4030.0,0,0,0,0,0
32631.751,1.7471603155136108,2.7039787769317627,1.391205072402954,-0.193526491522789,-0.21509864926338196,1.0841044187545776,1.5801119804382324,-7.815896987915039,-81.56394958496094,-58.551666259765625,-1.8041740655899048,45.78211975097656,1758.0,-6677.0,-4397.0,0,0,0,0,0
32641.636,1.74385666847229,2.7013721466064453,1.4047008752822876,-0.19728600978851318,-0.22194340825080872,1.0436432361602783,0.7498883605003357,-7.745975494384766,-80.73916625976562,-110.82825469970703,-33.33185958862305,-18.656496047973633,1402.0,-6560.0,-3744.0,0,0,0,0,0
32651.506,1.7405112981796265,2.6987032890319824,1.4177309274673462,-0.20005743205547333,-0.22547690570354462,0.9812393188476562,0.06855902820825577,-7.534627914428711,-80.81480407714844,-53.98699951171875,-24.23206329345703,-112.55907440185547,1884.0,-7428.0,-3060.0,0,0,0,0,0
32661.375,1.7378554344177246,2.6962358951568604,1.4285646677017212,-0.20024071633815765,-0.2270933836698532,0.9091935157775879,-0.851222038269043,-7.222471237182617,-81.2336654663086,-12.587812423706055,-17.966690063476562,-31.56012725830078,602.0,-7980.0,-3235.0,0,0,0,0,0
32671.262,1.7345926761627197,2.693523645401001,1.4403173923492432,-0.20021899044513702,-0.2289077788591385,0.8505212664604187,-0.9435459971427917,-7.050318241119385,-81.74083709716797,-39.45594787597656,-17.98404312133789,101.69441223144531,-1173.0,-7893.0,-3908.0,0,0,0,0,0
32681.134,1.731261968612671,2.6905629634857178,1.4522366523742676,-0.199433833360672,-0.23085393011569977,0.7893639802932739,-1.1984349489212036,-6.78376579284668,-81.15666198730469,-44.07999801635742,-16.701374053955078,-101.69779205322266,-1270.0,-7611.0,-3736.0,0,0,0,0,0
32691.008,1.7280431985855103,2.6875998973846436,1.4633599519729614,-0.19922760128974915,-0.23026825487613678,0.7147988080978394,-1.7016615867614746,-6.617283821105957,-81.71073150634766,9.577205657958984,-9.460803985595703,1.4159573316574097,-1085.0,-7162.0,-4127.0,0,0,0,0,0
32700.88,1.724915623664856,2.6846578121185303,1.47354257106781,-0.19785349071025848,-0.22779600322246552,0.6319434642791748,-1.7555843591690063,-6.500360488891602,-82.35128021240234,-65.173583984375,-16.187519073486328,93.95121002197266,-1999.0,-6606.0,-5089.0,0,0,0,0,0
32710.747,1.722278118133545,2.6819067001342773,1.4815760850906372,-0.19478824734687805,-0.22704051434993744,0.5698158740997314,-2.3250539302825928,-6.399672508239746,-81.65948486328125,-44.65657043457031,-20.72284507751465,71.17118072509766,-421.0,-6381.0,-5349.0,0,0,0,0,0
32720.633,1.7194894552230835,2.6793277263641357,1.48927640914917,-0.19391660392284393,-0.2245827615261078,0.49915558099746704,-2.6777267456054688,-6.265549182891846,-81.02690887451172,-45.43568420410156,-11.32294750213623,46.65266799926758,-182.0,-6415.0,-4582.0,0,0,0,0,0
32730.497,1.716664433479309,2.6767308712005615,1.4963871240615845,-0.19309696555137634,-0.2222263067960739,0.43325209617614746,-3.1645188331604004,-6.1902079582214355,-80.75230407714844,-96.25272369384766,-10.886857986450195,29.88429832458496,458.0,-6257.0,-3329.0,0,0,0,0,0
32740.372,1.7137457132339478,2.6741254329681396,1.5029913187026978,-0.19044728577136993,-0.2229459136724472,0.3995487689971924,-4.0547943115234375,-6.066910266876221,-80.48287963867188,-86.98363494873047,-22.70677375793457,57.93193435668945,1945.0,-6397.0,-1987.0,0,0,0,0,0
32750.246,1.710744857788086,2.671515703201294,1.5090872049331665,-0.18990084528923035,-0.22108083963394165,0.3387618362903595,-4.9080891609191895,-5.853723049163818,-80.2966537475586,-113.86576843261719,-26.26704216003418,-40.99617004394531,3038.0,-6889.0,-768.0,0,0,0,0,0
32760.131,1.7080624103546143,2.6688804626464844,1.5135369300842285,-0.18934743106365204,-0.2169867604970932,0.25111061334609985,-6.178119659423828,-5.522678375244141,-80.6524429321289,-94.38624572753906,-38.65113830566406,27.832612991333008,4285.0,-7638.0,-145.0,0,0,0,0,0
32770.008,1.7049907445907593,2.666337728500366,1.518156886100769,-0.18501518666744232,-0.215792715549469,0.21078938245773315,-6.926344394683838,-5.208147048950195,-80.56367492675781,-68.19989776611328,-35.61082458496094,-75.98542785644531,4055.0,-8401.0,-62.0,0,0,0,0,0
32779.879,1.7018120288848877,2.663594961166382,1.5224521160125732,-0.18131257593631744,-0.21292714774608612,0.1514599621295929,-7.750962257385254,-4.843906879425049,-80.95140075683594,-54.427490234375,-34.52619934082031,-33.268821716308594,3540.0,-8672.0,-352.0,0,0,0,0,0
32789.745,1.6989721059799194,2.6611733436584473,1.525786280632019,-0.17702826857566833,-0.20982977747917175,0.09479475021362305,-8.027657508850098,-4.349609851837158,-81.85750579833984,31.803693771362305,-35.44303512573242,-6.393693447113037,2040.0,-8804.0,-1361.0,0,0,0,0,0
32799.628,1.696761131286621,2.658903121948242,1.5275095701217651,-0.16839201748371124,-0.20589284598827362,0.04670795053243637,-7.875020503997803,-4.0359954833984375,-81.79476165771484,-10.78654956817627,-19.462385177612305,36.04130172729492,-216.0,-9411.0,-3089.0,0,0,0,0,0
32809.494,1.6943578720092773,2.656545877456665,1.5297447443008423,-0.16165047883987427,-0.2018147110939026,0.0020027372520416975,-7.985448837280273,-3.8854434490203857,-81.32129669189453,-20.31798553466797,-24.639728546142578,71.97667694091797,-547.0,-8978.0,-4028.0,0,0,0,0,0
32819.38,1.6921703815460205,2.654222011566162,1.531297206878662,-0.15803521871566772,-0.196880042552948,-0.06664332002401352,-8.122563362121582,-3.627577304840088,-81.38753509521484,29.105876922607422,-21.07981300354004,21.073585510253906,-190.0,-8305.0,-4122.0,0,0,0,0,0
32829.253,1.6901392936706543,2.6519277095794678,1.5319712162017822,-0.15434680879116058,-0.19104185700416565,-0.14527347683906555,-7.638546943664551,-3.4585213661193848,-81.26972961425781,54.017696380615234,-22.64693260192871,27.981340408325195,-1732.0,-8322.0,-4168.0,0,0,0,0,0
32839.127,1.6883715391159058,2.6497206687927246,1.5321409702301025,-0.14185234904289246,-0.18758340179920197,-0.15752452611923218,-7.319762229919434,-3.3339343070983887,-80.63915252685547,-62.783355712890625,-22.51268196105957,73.93218231201172,-2651.0,-8014.0,-3719.0,0,0,0,0,0
32848.992,1.6866670846939087,2.647524118423462,1.53188157081604,-0.1366128772497177,-0.1832263320684433,-0.20814800262451172,-7.86781644821167,-3.1582231521606445,-80.01390838623047,-42.85214614868164,-24.15652084350586,16.409292221069336,-308.0,-8003.0,-2364.0,0,0,0,0,0
32858.867,1.685151219367981,2.6455039978027344,1.5303754806518555,-0.12712666392326355,-0.17902764678001404,-0.23926009237766266,-8.33597469329834,-2.882878541946411,-80.23365783691406,-84.18574523925781,-24.553953170776367,65.5121841430664,1664.0,-8288.0,-874.0,0,0,0,0,0
32868.741,1.6834776401519775,2.643336057662964,1.5295426845550537,-0.11287666112184525,-0.17579756677150726,-0.23180027306079865,-9.237443923950195,-2.6220438480377197,-80.05857849121094,-106.34381866455078,-42.19679641723633,81.71424102783203,3813.0,-9147.0,24.0,0,0,0,0,0
32878.625,1.6817657947540283,2.6411843299865723,1.5284428596496582,-0.10907534509897232,-0.17160822451114655,-0.2840704619884491,-10.330434799194336,-2.3468105792999268,-79.71528625488281,-70.84622192382812,-40.32121658325195,6.430475234985352,5851.0,-9658.0,931.0,0,0,0,0,0
32888.49,1.6800884008407593,2.6390953063964844,1.5271117687225342,-0.09337856620550156,-0.16715142130851746,-0.2826163172721863,-10.677249908447266,-2.004288911819458,-79.61405944824219,-41.3912353515625,-54.30416488647461,-139.3668975830078,4841.0,-9700.0,1711.0,0,0,0,0,0
32898.368,1.6789199113845825,2.637237548828125,1.5249388217926025,-0.07690981775522232,-0.16207803785800934,-0.28601956367492676,-11.303168296813965,-1.4629803895950317,-79.99515533447266,-63.81527328491211,-37.71154022216797,-44.1498908996582,4006.0,-10446.0,1884.0,0,0,0,0,0
32908.252,1.6776366233825684,2.6352438926696777,1.5234057903289795,-0.06318145990371704,-0.15691512823104858,-0.3030380606651306,-11.13165283203125,-0.9561728835105896,-80.32322692871094,140.13442993164062,-33.78411102294922,-97.32462310791016,2235.0,-11503.0,1397.0,0,0,0,0,0
32918.124,1.6766798496246338,2.6332945823669434,1.5213860273361206,-0.052243672311306,-0.15147888660430908,-0.3435801863670349,-9.881601333618164,-0.5340619683265686,-80.52985382080078,71.4085464477539,-26.392044067382812,75.5780029296875,-2584.0,-11901.0,413.0,0,0,0,0,0
32927.991,1.675954818725586,2.631235122680664,1.5184175968170166,-0.04020523279905319,-0.1450820416212082,-0.38108667731285095,-8.676175117492676,-0.24343164265155792,-79.84654998779297,195.6666717529297,-47.04484176635742,-7.264168739318848,-5268.0,-11720.0,-128.0,0,0,0,0,0
32937.873,1.675595760345459,2.6294214725494385,1.5158060789108276,-0.01888859085738659,-0.13743646442890167,-0.3275357484817505,-7.31998348236084,0.2492336928844452,-80.61164855957031,-45.70952224731445,-27.319215774536133,-28.420841217041016,-7548.0,-11515.0,-196.0,0,0,0,0,0
32947.737,1.6755787134170532,2.6292378902435303,1.516347050666809,-0.018826309591531754,-0.13787829875946045,-0.32511284947395325,-7.320083141326904,0.246244415640831,-80.6296615600586,-51.815452575683594,-20.896459579467773,-40.786224365234375,-2695.0,-11284.0,-851.0,0,0,0,0,0
32957.638,1.6751561164855957,2.626159429550171,1.5101087093353271,0.002466875594109297,-0.12367428094148636,-0.3336103856563568,-8.404290199279785,0.5811499953269958,-80.04631042480469,-93.5707015991211,-30.185415267944336,42.085662841796875,1940.0,-10216.0,-760.0,0,0,0,0,0
32967.487,1.6749391555786133,2.624511241912842,1.5078295469284058,0.014713027514517307,-0.11638106405735016,-0.3222898542881012,-9.509551048278809,0.6521910429000854,-79.17738342285156,-72.96636199951172,-9.933817863464355,109.98224639892578,5091.0,-10405.0,-345.0,0,0,0,0,0
32977.362,1.6747406721115112,2.62290096282959,1.505656361579895,0.03145818039774895,-0.10804202407598495,-0.29548367857933044,-9.680685997009277,0.8038052320480347,-78.62178039550781,-62.23552703857422,-21.7799015045166,-35.06708908081055,5191.0,-10078.0,1263.0,0,0,0,0,0
32987.246,1.67485511302948,2.6213183403015137,1.5033382177352905,0.04810118302702904,-0.09869550913572311,-0.277653306722641,-10.56290340423584,0.8262463808059692,-77.69368743896484,-1.368942141532898,-17.807804107666016,13.80002498626709,5099.0,-10100.0,3206.0,0,0,0,0,0
32997.119,1.6746814250946045,2.6210877895355225,1.5037468671798706,0.047641877084970474,-0.09926697611808777,-0.275898814201355,-10.558075904846191,0.8219387531280518,-77.71498107910156,182.2302703857422,-20.797225952148438,-78.5171127319336,1563.0,-9873.0,5217.0,0,0,0,0,0
33006.995,1.6750637292861938,2.6196694374084473,1.5013978481292725,0.05675568804144859,-0.09405585378408432,-0.3207787871360779,-9.019048690795898,1.244346261024475,-78.67094421386719,114.80695343017578,-25.45220947265625,55.66569900512695,-4372.0,-11042.0,5476.0,0,0,0,0,0
33016.86,1.6756490468978882,2.6183338165283203,1.4987914562225342,0.06781123578548431,-0.08733431994915009,-0.33590394258499146,-7.854751110076904,1.412370204925537,-78.29609680175781,57.22486114501953,-15.925186157226562,-47.35112380981445,-6066.0,-11392.0,5569.0,0,0,0,0,0
33026.735,1.6764030456542969,2.6171157360076904,1.4964407682418823,0.0884755402803421,-0.07564584165811539,-0.24794013798236847,-6.608480930328369,1.7849634885787964,-78.93342590332031,-57.10216522216797,-3.6339492797851562,-245.58816528320312,-3882.0,-11607.0,4718.0,0,0,0,0,0
33036.623,1.6771554946899414,2.6159932613372803,1.4941469430923462,0.08908548206090927,-0.07246163487434387,-0.31624236702919006,-6.486809730529785,2.0105321407318115,-79.91029357910156,-48.66899108886719,-17.58077621459961,-15.894353866577148,742.0,-11196.0,2425.0,0,0,0,0,0
33046.483,1.6779760122299194,2.6151225566864014,1.491568684577942,0.10268688946962357,-0.061907194554805756,-0.2590048611164093,-6.862522125244141,2.1826395988464355,-80.59441375732422,-31.438880920410156,-23.20688819885254,138.9136199951172,3589.0,-11219.0,9.0,0,0,0,0,0
33056.36,1.6786830425262451,2.6141233444213867,1.4895782470703125,0.11248962581157684,-0.05382330343127251,-0.23399150371551514,-7.316283226013184,2.3851349353790283,-80.22895812988281,-56.82962417602539,-19.650245666503906,-68.99066162109375,3505.0,-11618.0,-995.0,0,0,0,0,0
33066.233,1.6795008182525635,2.613236427307129,1.4879287481307983,0.1239728108048439,-0.04483626410365105,-0.20186613500118256,-7.243676662445068,2.592042922973633,-79.81608581542969,77.9703140258789,-17.92407989501953,-26.294816970825195,3547.0,-11682.0,-1060.0,0,0,0,0,0
33076.117,1.6805003881454468,2.6124091148376465,1.486191987991333,0.13051249086856842,-0.03804745152592659,-0.20738427340984344,-7.634543418884277,2.6186628341674805,-79.11827850341797,157.812255859375,-13.669694900512695,51.11968994140625,-1010.0,-11249.0,-395.0,0,0,0,0,0
33085.987,1.683130145072937,2.6113576889038086,1.48176908493042,0.14456014335155487,-0.024789100512862206,-0.2361496239900589,-4.639510154724121,3.0238969326019287,-78.91077423095703,89.97605895996094,-5.192699432373047,-16.718910217285156,-5698.0,-11779.0,131.0,0,0,0,0,0
33095.864,1.6831053495407104,2.611168622970581,1.4818949699401855,0.1444946825504303,-0.025235874578356743,-0.23564115166664124,-4.637843132019043,3.019479990005493,-78.92814636230469,101.47279357910156,4.903130531311035,89.42539978027344,-5606.0,-11198.0,1060.0,0,0,0,0,0
33105.731,1.6845357418060303,2.6105868816375732,1.480069875717163,0.15285979211330414,-0.013418029993772507,-0.15869827568531036,-3.691148519515991,3.016510248184204,-79.16841125488281,-86.76383209228516,-2.28320050239563,58.10116958618164,-3630.0,-10623.0,1391.0,0,0,0,0,0
33115.625,1.685815691947937,2.6100552082061768,1.4783661365509033,0.1513710618019104,-0.012003856711089611,-0.2237798273563385,-3.4581403732299805,3.2416889667510986,-80.14153289794922,-26.558406829833984,-19.090240478515625,-4.791830062866211,1630.0,-11094.0,1071.0,0,0,0,0,0
33125.48,1.686949610710144,2.609574556350708,1.4766401052474976,0.1555837243795395,-0.0014302593190222979,-0.15506306290626526,-4.303467273712158,3.1901509761810303,-79.00241088867188,-36.8472785949707,-7.364075183868408,132.1349334716797,4316.0,-11189.0,1755.0,0,0,0,0,0
33135.355,1.6880528926849365,2.6091654300689697,1.4751683473587036,0.15678438544273376,0.0038688143249601126,-0.15783575177192688,-4.691229820251465,3.4125401973724365,-78.8902359008789,-58.26694107055664,-25.40453338623047,-111.7700424194336,4252.0,-11568.0,2709.0,0,0,0,0,0
33145.229,1.6894209384918213,2.6090497970581055,1.4738740921020508,0.1629733443260193,0.014115957543253899,-0.11117760092020035,-4.864983081817627,3.4806251525878906,-79.22796630859375,159.18788146972656,-23.938270568847656,-172.35421752929688,2971.0,-11617.0,2902.0,0,0,0,0,0
33155.122,1.6907159090042114,2.6088128089904785,1.4725127220153809,0.16302599012851715,0.016445046290755272,-0.15983237326145172,-4.460813522338867,3.5856053829193115,-78.99956512451172,118.52826690673828,-10.684051513671875,29.01066780090332,-3297.0,-11755.0,2830.0,0,0,0,0,0
33164.979,1.6921234130859375,2.60866117477417,1.4710009098052979,0.16737787425518036,0.023267636075615883,-0.15178841352462769,-2.4310340881347656,3.7225258350372314,-79.23748779296875,35.98060607910156,-0.8930748105049133,-136.16763305664062,-6047.0,-11929.0,2670.0,0,0,0,0,0
33174.853,1.6936230659484863,2.60860276222229,1.4695693254470825,0.16766442358493805,0.03048649989068508,-0.12673623859882355,-1.7020280361175537,3.85602068901062,-79.49047088623047,158.47247314453125,-9.143230438232422,-187.37564086914062,-5134.0,-11697.0,1942.0,0,0,0,0,0
33184.735,1.6950989961624146,2.6086792945861816,1.4683222770690918,0.16644509136676788,0.03865385428071022,-0.09026449173688889,-0.5885335206985474,3.8055002689361572,-79.77629852294922,-146.50892639160156,1.185145616531372,292.4763488769531,-4632.0,-11279.0,489.0,0,0,0,0,0
33194.615,1.6965599060058594,2.6089305877685547,1.4671834707260132,0.16345375776290894,0.04103429988026619,-0.12872715294361115,-0.20611219108104706,3.915476083755493,-81.08157348632812,-20.547189712524414,-18.888710021972656,-80.59091186523438,1392.0,-11338.0,-746.0,0,0,0,0,0
33204.485,1.6976308822631836,2.6090855598449707,1.4660687446594238,0.15781347453594208,0.0486123152077198,-0.08180943131446838,-1.3410531282424927,3.8611412048339844,-79.25645446777344,-71.90203094482422,6.097359657287598,122.76386260986328,4243.0,-11586.0,-556.0,0,0,0,0,0
33214.352,1.698570966720581,2.609283685684204,1.4650158882141113,0.15359897911548615,0.05170777440071106,-0.09588318318128586,-1.7902566194534302,4.061240196228027,-79.93836975097656,22.370006561279297,-23.792360305786133,-25.66524314880371,4481.0,-12163.0,-377.0,0,0,0,0,0
33224.233,1.6995404958724976,2.6095566749572754,1.4640347957611084,0.15151681005954742,0.05918461084365845,-0.05963027849793434,-2.102907419204712,4.113390922546387,-79.67736053466797,128.59103393554688,9.483776092529297,35.916587829589844,972.0,-12312.0,26.0,0,0,0,0,0
33234.11,1.7008140087127686,2.6100311279296875,1.4630030393600464,0.1505974680185318,0.060347188264131546,-0.11558319628238678,-1.260680913925171,4.118191242218018,-79.1140365600586,81.17850494384766,25.211143493652344,25.64862632751465,-4132.0,-11650.0,1065.0,0,0,0,0,0
33243.975,1.7020057439804077,2.6104440689086914,1.4616937637329102,0.14823144674301147,0.06810598820447922,-0.07525856792926788,-0.009051091969013214,4.030117988586426,-79.00721740722656,-5.75611686706543,47.015865325927734,58.7476806640625,-4419.0,-10749.0,1696.0,0,0,0,0,0
33253.866,1.7031391859054565,2.6109237670898438,1.4608476161956787,0.14282767474651337,0.0755508616566658,-0.0263239536434412,0.1015719473361969,3.84885573387146,-80.04473876953125,162.57347106933594,5.546563625335693,-66.98143005371094,-3391.0,-9669.0,1268.0,0,0,0,0,0
33263.725,1.704243540763855,2.6114954948425293,1.4601283073425293,0.13938435912132263,0.078403040766716,-0.044912103563547134,1.130189061164856,3.605259656906128,-80.04768371582031,-168.6703338623047,7.938903331756592,162.4060516357422,-4141.0,-9764.0,658.0,0,0,0,0,0
33273.619,1.7051079273223877,2.612093687057495,1.4592441320419312,0.13280430436134338,0.08060883730649948,-0.04909507557749748,1.2674509286880493,3.613954544067383,-79.37268829345703,-64.48783874511719,-18.292980194091797,-168.6930389404297,1830.0,-10527.0,1652.0,0,0,0,0,0
33283.482,1.706101417541504,2.612820863723755,1.4585038423538208,0.12543870508670807,0.08267119526863098,-0.05631454288959503,-0.10580750554800034,3.4913203716278076,-78.00032043457031,-142.11404418945312,14.072892189025879,-40.21381378173828,5084.0,-11166.0,2967.0,0,0,0,0,0
33293.357,1.7066688537597656,2.6134722232818604,1.4574775695800781,0.1198829710483551,0.08487547934055328,-0.05819159373641014,-0.8251388072967529,3.5708320140838623,-79.62770080566406,98.2071762084961,4.174960136413574,-146.00914001464844,5676.0,-11426.0,2662.0,0,0,0,0,0
33303.235,1.7072465419769287,2.6141953468322754,1.4564299583435059,0.11617463827133179,0.0878855437040329,-0.057520948350429535,-1.0525195598602295,3.422504186630249,-79.10054779052734,49.01097869873047,37.78714370727539,218.2967071533203,182.0,-10734.0,2470.0,0,0,0,0,0
33313.108,1.7078313827514648,2.6149370670318604,1.4550813436508179,0.11452234536409378,0.0879392921924591,-0.111810103058815,-0.01450855191797018,3.208373546600342,-78.91345977783203,103.47193145751953,34.23279571533203,-77.23567199707031,-3498.0,-9696.0,2988.0,0,0,0,0,0
33322.978,1.7086023092269897,2.615760087966919,1.4537396430969238,0.10982422530651093,0.09310143440961838,-0.05425747111439705,0.6835424304008484,2.9687490463256836,-79.0292739868164,-18.08151626586914,65.95306396484375,214.17527770996094,-3684.0,-9092.0,2529.0,0,0,0,0,0
33332.846,1.7094982862472534,2.6166772842407227,1.4531512260437012,0.10463416576385498,0.09671622514724731,-0.013968967832624912,0.8182333707809448,2.6280179023742676,-80.23941802978516,149.33566284179688,20.67318344116211,53.0236701965332,-2648.0,-8056.0,1156.0,0,0,0,0,0
33342.723,1.7102173566818237,2.617610216140747,1.4524359703063965,0.10081187635660172,0.09767704457044601,-0.02570796012878418,1.6365108489990234,2.2151377201080322,-80.38458251953125,-124.23773193359375,8.562649726867676,125.06842803955078,-3900.0,-7995.0,-95.0,0,0,0,0,0
33352.606,1.7107630968093872,2.618584632873535,1.4516997337341309,0.094320148229599,0.09765864163637161,-0.018915580585598946,1.6252334117889404,2.1031153202056885,-79.27933502197266,-105.11966705322266,-0.7589014172554016,-110.87012481689453,1499.0,-8904.0,553.0,0,0,0,0,0
33362.471,1.7110298871994019,2.6195151805877686,1.4506933689117432,0.08672133088111877,0.09570115059614182,-0.0637088194489479,0.17335708439350128,1.8532050848007202,-78.7301025390625,-161.09234619140625,16.7264347076416,-189.51593017578125,5678.0,-9418.0,1234.0,0,0,0,0,0
33372.346,1.7111939191818237,2.620445489883423,1.4495391845703125,0.08185520023107529,0.09549332410097122,-0.051125507801771164,-0.7905047535896301,1.7914979457855225,-80.27715301513672,116.10875701904297,24.646121978759766,64.91130828857422,6881.0,-9741.0,359.0,0,0,0,0,0
33382.219,1.711761474609375,2.621469736099243,1.4486888647079468,0.07993480563163757,0.09532547742128372,-0.05840561166405678,-1.5888375043869019,1.5255358219146729,-79.47698211669922,43.77558517456055,48.46756362915039,309.6083984375,737.0,-9107.0,446.0,0,0,0,0,0
33392.104,1.7120267152786255,2.6224522590637207,1.447283148765564,0.08005783706903458,0.09457781910896301,-0.09682993590831757,-0.4443555176258087,1.247979760169983,-78.81986999511719,60.680667877197266,37.843631744384766,-248.76821899414062,-2648.0,-8129.0,1782.0,0,0,0,0,0
33401.969,1.7124111652374268,2.623441696166992,1.4460339546203613,0.07814332097768784,0.09524798393249512,-0.015794293954968452,-0.2477530688047409,0.8819354176521301,-78.81635284423828,34.51823043823242,59.562164306640625,125.09003448486328,-2473.0,-7236.0,1955.0,0,0,0,0,0
33411.844,1.7128671407699585,2.6244404315948486,1.4453628063201904,0.0761912390589714,0.09445220232009888,0.015345261432230473,-0.05489937216043472,0.43135735392570496,-80.13628387451172,101.20772552490234,30.132644653320312,125.49331665039062,-2462.0,-6378.0,1046.0,0,0,0,0,0
33421.718,1.7132996320724487,2.625438928604126,1.4448115825653076,0.07459636777639389,0.09260571748018265,-0.0005655576824210584,0.6120641827583313,0.007967522367835045,-80.2242660522461,-79.21041870117188,18.535114288330078,85.69910430908203,-3030.0,-6580.0,676.0,0,0,0,0,0
33431.602,1.713812232017517,2.6263811588287354,1.4445877075195312,0.07168056070804596,0.08921527117490768,0.024456819519400597,0.7746170163154602,-0.20735864341259003,-78.55243682861328,-116.80809783935547,19.020858764648438,-2.7463722229003906,1357.0,-7258.0,2044.0,0,0,0,0,0
33441.476,1.7139898538589478,2.627317190170288,1.4438241720199585,0.06625727564096451,0.08617191761732101,-0.03615204989910126,-0.46927720308303833,-0.5296619534492493,-78.72108459472656,-164.07296752929688,14.717354774475098,-131.2182159423828,5772.0,-7502.0,2616.0,0,0,0,0,0
33451.343,1.7140862941741943,2.6282243728637695,1.442859172821045,0.06458602100610733,0.08225603401660919,-0.007506139576435089,-1.7422099113464355,-0.6646583080291748,-80.43345642089844,149.10496520996094,23.093509674072266,21.888822555541992,6794.0,-7879.0,1433.0,0,0,0,0,0
33461.216,1.7141964435577393,2.6291229724884033,1.4419373273849487,0.0638945922255516,0.0795159563422203,-0.03355073556303978,-2.042043924331665,-1.0290910005569458,-78.97335815429688,25.03359031677246,42.25638198852539,272.4914245605469,-20.0,-7226.0,1637.0,0,0,0,0,0
33471.109,1.7144784927368164,2.6299831867218018,1.440589427947998,0.06579675525426865,0.07717283070087433,-0.07785621285438538,-0.8126489520072937,-1.3164663314819336,-78.64408111572266,50.98597717285156,24.34610366821289,-290.1722106933594,-2946.0,-6725.0,2694.0,0,0,0,0,0
33480.976,1.7149500846862793,2.630815267562866,1.4395296573638916,0.06754796952009201,0.07090836018323898,0.00952394213527441,-0.6071160435676575,-1.598109483718872,-79.03413391113281,42.04344177246094,48.44814682006836,113.90061950683594,-2365.0,-6545.0,2294.0,0,0,0,0,0
33490.845,1.7155627012252808,2.6315512657165527,1.4393082857131958,0.06813869625329971,0.06600279361009598,0.026962028816342354,-0.5032046437263489,-1.9678928852081299,-79.66470336914062,94.80975341796875,17.40383529663086,169.77305603027344,-2498.0,-5998.0,1548.0,0,0,0,0,0
33500.715,1.7160757780075073,2.632272958755493,1.4388161897659302,0.06850717216730118,0.061451107263565063,0.019017597660422325,0.24440395832061768,-2.2634665966033936,-79.8870620727539,-78.92371368408203,18.781641006469727,66.07135772705078,-2941.0,-6397.0,1254.0,0,0,0,0,0
33510.599,1.716469407081604,2.6329240798950195,1.4383997917175293,0.0670759379863739,0.05480147898197174,0.038280099630355835,0.3873046636581421,-2.3942017555236816,-78.59004974365234,-122.52935028076172,13.107303619384766,12.969483375549316,1494.0,-6952.0,2158.0,0,0,0,0,0
33520.464,1.716752529144287,2.633498191833496,1.4376611709594727,0.062317393720149994,0.051936518400907516,-0.03394743800163269,-0.8806974291801453,-2.6376426219940186,-78.94878387451172,-159.5719757080078,6.107872009277344,-47.01730728149414,6043.0,-7136.0,2291.0,0,0,0,0,0
33530.338,1.7171660661697388,2.633995532989502,1.4370927810668945,0.0632447674870491,0.04479511082172394,-0.006497001741081476,-2.2115015983581543,-2.670194387435913,-80.17072296142578,169.08648681640625,9.75801944732666,3.5328099727630615,6696.0,-7573.0,1311.0,0,0,0,0,0
33540.213,1.7174683809280396,2.6344587802886963,1.4361522197723389,0.06372164934873581,0.04155914485454559,-0.04969927668571472,-2.2589468955993652,-2.8988850116729736,-79.21949768066406,22.120765686035156,23.652334213256836,221.74342346191406,-622.0,-7105.0,1285.0,0,0,0,0,0
33550.109,1.7179116010665894,2.634888172149658,1.434759497642517,0.06694960594177246,0.03809547796845436,-0.080594502389431,-0.9864405989646912,-3.076129198074341,-78.89745330810547,28.673234939575195,10.736369132995605,-292.9766540527344,-3005.0,-6710.0,2051.0,0,0,0,0,0
33559.963,1.7185307741165161,2.635225534439087,1.4337360858917236,0.07083439081907272,0.027293477207422256,0.016358621418476105,-0.9384515285491943,-3.219355583190918,-79.386474609375,68.16392517089844,27.025772094726562,-24.23390007019043,-2182.0,-6623.0,1464.0,0,0,0,0,0
33569.849,1.7192931175231934,2.635483503341675,1.4331705570220947,0.0724194124341011,0.022006528452038765,0.01154900062829256,-0.6797489523887634,-3.456387519836426,-79.89917755126953,70.91304016113281,10.109925270080566,234.11013793945312,-2839.0,-6159.0,549.0,0,0,0,0,0
33579.715,1.7200204133987427,2.6356685161590576,1.4327025413513184,0.07394789904356003,0.015739016234874725,0.017355190590023994,0.07111089676618576,-3.633903741836548,-80.08472442626953,-80.97720336914062,11.96962833404541,59.60810089111328,-2743.0,-6469.0,397.0,0,0,0,0,0
33589.599,1.7206943035125732,2.635768175125122,1.4326300621032715,0.07368696480989456,0.008381389081478119,0.029499711468815804,0.15301109850406647,-3.6681904792785645,-78.66735076904297,-121.54609680175781,7.0380072593688965,70.09359741210938,1807.0,-6922.0,1537.0,0,0,0,0,0
33599.476,1.7211949825286865,2.6357645988464355,1.431915283203125,0.0695669874548912,0.005896016955375671,-0.03616146370768547,-1.1100174188613892,-3.8125815391540527,-78.7525634765625,-126.45161437988281,3.8817708492279053,83.21902465820312,6374.0,-6956.0,2080.0,0,0,0,0,0
33609.339,1.7216689586639404,2.6356711387634277,1.4311435222625732,0.07153113186359406,-0.0025306600145995617,-0.0017073837807402015,-2.5357534885406494,-3.77044939994812,-80.33721160888672,191.25485229492188,-7.273223400115967,-44.51546096801758,5663.0,-7179.0,1211.0,0,0,0,0,0
33619.212,1.7222813367843628,2.6355369091033936,1.4303010702133179,0.07338153570890427,-0.005069025792181492,-0.045293211936950684,-2.1315927505493164,-3.9482312202453613,-79.27417755126953,3.4826200008392334,5.416605472564697,134.9435577392578,-1644.0,-6810.0,1402.0,0,0,0,0,0
33629.095,1.723025918006897,2.6354000568389893,1.4294618368148804,0.0773254930973053,-0.009442081674933434,-0.05870771035552025,-0.9731755256652832,-4.002526760101318,-78.29425811767578,10.151415824890137,4.033880710601807,-275.7071228027344,-2933.0,-6910.0,2770.0,0,0,0,0,0
33638.962,1.7239363193511963,2.6351253986358643,1.4289193153381348,0.08256393671035767,-0.022764509543776512,0.056562744081020355,-1.018319845199585,-3.9544081687927246,-79.5975341796875,93.0428237915039,4.835514545440674,-139.06072998046875,-2107.0,-7078.0,2021.0,0,0,0,0,0
33648.849,1.7249397039413452,2.6347806453704834,1.4286044836044312,0.0836695209145546,-0.024337023496627808,0.004061988089233637,-0.5376477241516113,-4.101138114929199,-79.96669006347656,39.241615295410156,-12.276392936706543,286.9302062988281,-3429.0,-6724.0,765.0,0,0,0,0,0
33658.711,1.7259116172790527,2.6343541145324707,1.4284014701843262,0.08555895835161209,-0.03320256993174553,0.0482000894844532,0.3126204311847687,-4.059532165527344,-79.71112060546875,-111.5163345336914,-3.625389814376831,-43.4078483581543,-2450.0,-7439.0,929.0,0,0,0,0,0
33668.595,1.726749300956726,2.633821725845337,1.4283219575881958,0.08432787656784058,-0.03797066956758499,0.027450501918792725,0.13141603767871857,-3.909884452819824,-78.40927124023438,-100.77503204345703,-12.948943138122559,-131.0853271484375,2750.0,-7987.0,2077.0,0,0,0,0,0
33678.461,1.7275490760803223,2.633324146270752,1.428119421005249,0.08104916661977768,-0.04041954129934311,-0.017965707927942276,-1.201002597808838,-3.869347095489502,-78.7919921875,-35.09483337402344,3.8190059661865234,203.77261352539062,6450.0,-8024.0,1997.0,0,0,0,0,0
33688.335,1.7283153533935547,2.632664680480957,1.4275909662246704,0.0822821632027626,-0.04600683972239494,-0.007787277922034264,-2.277984142303467,-3.705185651779175,-80.06640625,165.25640869140625,-17.956682205200195,-11.14792251586914,3234.0,-7890.0,1218.0,0,0,0,0,0
33698.209,1.7291920185089111,2.631983995437622,1.4270074367523193,0.08558688312768936,-0.04752768203616142,-0.041956573724746704,-1.0386836528778076,-3.7391066551208496,-79.22660064697266,-35.04453659057617,-4.524723529815674,-2.0247299671173096,-3152.0,-7371.0,1722.0,0,0,0,0,0
33708.104,1.730224370956421,2.6312482357025146,1.4263466596603394,0.08824709802865982,-0.05274007469415665,-0.02286086045205593,-0.25124263763427734,-3.7264857292175293,-77.79424285888672,47.937217712402344,10.228583335876465,-127.24115753173828,-2422.0,-7111.0,3144.0,0,0,0,0,0
33717.959,1.7313637733459473,2.6303884983062744,1.4263389110565186,0.09088832885026932,-0.06385341286659241,0.08775918930768967,-0.5021989941596985,-3.6972391605377197,-79.76296997070312,88.97111511230469,-0.9461008906364441,14.7935791015625,-2545.0,-6755.0,1920.0,0,0,0,0,0
33727.842,1.7324165105819702,2.629601240158081,1.426768183708191,0.09176693111658096,-0.06347628682851791,0.03041197918355465,0.33567187190055847,-3.775007724761963,-80.7292709350586,20.50693702697754,-26.036571502685547,241.25457763671875,-3735.0,-6497.0,228.0,0,0,0,0,0
33737.708,1.7335439920425415,2.6286237239837646,1.4271475076675415,0.09128102660179138,-0.07198244333267212,0.09250040352344513,0.980177104473114,-3.6740353107452393,-78.7420883178711,-124.83112335205078,-23.459766387939453,-96.07217407226562,-1888.0,-7307.0,1459.0,0,0,0,0,0
33747.592,1.7345011234283447,2.6275815963745117,1.4274747371673584,0.08850659430027008,-0.07260973006486893,0.0279629435390234,0.5120027661323547,-3.48976469039917,-78.48307800292969,-107.93548583984375,-9.52971363067627,-434.862548828125,3306.0,-7782.0,2659.0,0,0,0,0,0
33757.456,1.7353848218917847,2.6264896392822266,1.4274312257766724,0.08544720709323883,-0.07538016885519028,0.010358934290707111,-0.8015909790992737,-3.482557535171509,-79.46940612792969,64.2596206665039,14.83410930633545,11.618404388427734,5496.0,-7240.0,1700.0,0,0,0,0,0
33767.331,1.7362653017044067,2.6253576278686523,1.427221655845642,0.08488579094409943,-0.07735521346330643,-0.011925986036658287,-1.3234939575195312,-3.4545159339904785,-80.36814880371094,99.73828887939453,10.975187301635742,153.92247009277344,279.0,-6556.0,657.0,0,0,0,0,0
33777.203,1.7371832132339478,2.624396800994873,1.4270168542861938,0.08746372908353806,-0.07933711260557175,-0.012407888658344746,0.08621151745319366,-3.506159782409668,-79.00855255126953,-70.46813201904297,-13.85072135925293,-121.8796157836914,-3460.0,-6234.0,1554.0,0,0,0,0,0
33787.096,1.7382605075836182,2.623188018798828,1.4271564483642578,0.08787013590335846,-0.08713844418525696,0.0640396773815155,0.16500376164913177,-3.449192523956299,-78.59800720214844,103.79669189453125,12.982575416564941,-156.7478485107422,-1388.0,-6469.0,1981.0,0,0,0,0,0
33796.952,1.7394368648529053,2.621971607208252,1.4278204441070557,0.08797718584537506,-0.09183584898710251,0.09718726575374603,0.1340201497077942,-3.510010004043579,-80.62740325927734,31.41787338256836,-16.301631927490234,166.8396759033203,-2829.0,-5871.0,-67.0,0,0,0,0,0
33806.827,1.7405959367752075,2.620680332183838,1.4285097122192383,0.08873402327299118,-0.09223738312721252,0.06083613261580467,1.0450527667999268,-3.588688373565674,-81.25926971435547,57.45520782470703,-26.902666091918945,117.61897277832031,-3194.0,-6047.0,-1285.0,0,0,0,0,0
33816.702,1.7416939735412598,2.619354009628296,1.429358720779419,0.08647744357585907,-0.09902594238519669,0.10963227599859238,1.45460045337677,-3.3413689136505127,-78.63153839111328,-132.47085571289062,7.671139240264893,97.93331909179688,-1858.0,-7392.0,206.0,0,0,0,0,0
33826.581,1.7425873279571533,2.6181576251983643,1.4300583600997925,0.083646260201931,-0.09769783169031143,0.03899425268173218,1.113635778427124,-3.1770029067993164,-79.40428161621094,-62.86137390136719,-26.732065200805664,-97.86917877197266,3349.0,-7282.0,657.0,0,0,0,0,0
33836.455,1.7434815168380737,2.616748809814453,1.4303754568099976,0.07997962087392807,-0.10004729777574539,0.03541335463523865,-0.2887374758720398,-3.1960034370422363,-80.78008270263672,99.39118194580078,10.142218589782715,150.41580200195312,4041.0,-6603.0,-783.0,0,0,0,0,0
33846.339,1.7443221807479858,2.6153533458709717,1.4302915334701538,0.07906808704137802,-0.09783251583576202,-0.04020655155181885,-0.03627730533480644,-3.2045207023620605,-80.61347198486328,72.30752563476562,-13.114059448242188,-92.11214447021484,-1746.0,-5824.0,-1015.0,0,0,0,0,0
33856.2,1.7452895641326904,2.613966941833496,1.4300533533096313,0.07938145846128464,-0.10164273530244827,-0.0054187779314816,1.3265957832336426,-3.211284637451172,-78.6749267578125,-100.34304809570312,6.944690227508545,-130.6674041748047,-3622.0,-5860.0,760.0,0,0,0,0,0
33866.084,1.7462681531906128,2.6124868392944336,1.4304355382919312,0.07625158131122589,-0.10827465355396271,0.06648576259613037,0.9979697465896606,-3.1509270668029785,-78.75444793701172,119.28260040283203,4.598348140716553,-288.5369873046875,-1171.0,-5722.0,1757.0,0,0,0,0,0
33875.949,1.747192144393921,2.611198663711548,1.4310849905014038,0.07472838461399078,-0.10883504897356033,0.05704549700021744,1.3507875204086304,-3.3061680793762207,-80.66127014160156,-22.419097900390625,-18.05070686340332,298.1781921386719,-3003.0,-5090.0,169.0,0,0,0,0,0
33885.83,1.7482762336730957,2.609532117843628,1.431852102279663,0.07253279536962509,-0.11159821599721909,0.058753602206707,1.8628793954849243,-3.2069544792175293,-79.679931640625,65.9893798828125,-22.152408599853516,127.27852630615234,-2450.0,-5991.0,559.0,0,0,0,0,0
33895.698,1.7491949796676636,2.607947826385498,1.432627558708191,0.06933974474668503,-0.11483443528413773,0.06743568927049637,2.188896417617798,-2.958465576171875,-78.30919647216797,-139.67515563964844,-6.12366247177124,7.947221755981445,-1967.0,-7250.0,2336.0,0,0,0,0,0
33905.582,1.7500563859939575,2.6062123775482178,1.4332160949707031,0.06518688797950745,-0.11386174708604813,0.003909754566848278,1.4003829956054688,-2.825976848602295,-79.01000213623047,-38.712581634521484,-7.675565719604492,25.766294479370117,3353.0,-6903.0,2828.0,0,0,0,0,0
33915.447,1.7508047819137573,2.604464292526245,1.4332538843154907,0.06096126511693001,-0.11357938498258591,-0.03288676589727402,0.3106476962566376,-2.8403100967407227,-80.26221466064453,53.49052429199219,1.1074825525283813,91.68684387207031,3157.0,-5981.0,1555.0,0,0,0,0,0
33925.321,1.7515090703964233,2.602961540222168,1.4328047037124634,0.06034129858016968,-0.11228766292333603,-0.06226392090320587,0.9911891222000122,-2.8938465118408203,-79.65135955810547,78.5188980102539,-21.48464012145996,-84.65216064453125,-1423.0,-5071.0,1010.0,0,0,0,0,0
33935.197,1.7522156238555908,2.6013894081115723,1.4329817295074463,0.05731840059161186,-0.11792927980422974,0.021662719547748566,1.557629108428955,-2.781531810760498,-79.6885757446289,-120.1127700805664,14.078553199768066,139.38638305664062,-2203.0,-5492.0,928.0,0,0,0,0,0
33945.081,1.752885341644287,2.5997297763824463,1.433664083480835,0.05360981076955795,-0.12093394249677658,0.056308843195438385,0.7260240316390991,-2.8239595890045166,-79.4229965209961,142.0880889892578,-9.40653133392334,-217.0926971435547,-558.0,-5388.0,676.0,0,0,0,0,0
33954.946,1.7536635398864746,2.598090648651123,1.4346108436584473,0.05310389772057533,-0.12259546667337418,0.07215414941310883,1.6689826250076294,-2.804140567779541,-81.34087371826172,-68.90877532958984,-23.425390243530273,319.43414306640625,-2382.0,-5435.0,-700.0,0,0,0,0,0
33964.819,1.754286289215088,2.5966062545776367,1.4355220794677734,0.04974398761987686,-0.12394021451473236,0.07170452177524567,1.318791151046753,-2.503518581390381,-79.02535247802734,72.42369079589844,-29.058921813964844,-20.913698196411133,-1039.0,-6658.0,-640.0,0,0,0,0,0
33974.695,1.7550019025802612,2.5947558879852295,1.4366196393966675,0.04810735583305359,-0.12402953207492828,0.0544966459274292,1.8281898498535156,-2.2450177669525146,-79.0933837890625,-133.34877014160156,-31.59934425354004,-145.5343017578125,-1751.0,-7623.0,596.0,0,0,0,0,0
33984.579,1.755669116973877,2.5929336547851562,1.4372512102127075,0.04334947094321251,-0.12293710559606552,0.004729946609586477,0.3021802604198456,-2.014505386352539,-80.10660552978516,-40.988525390625,-8.380210876464844,22.920949935913086,2905.0,-7475.0,842.0,0,0,0,0,0
33994.444,1.7561657428741455,2.5910911560058594,1.4372131824493408,0.042387451976537704,-0.11964798718690872,-0.07489188015460968,0.39787042140960693,-1.9052693843841553,-80.76033020019531,62.81036376953125,-6.8049116134643555,41.36233901977539,2309.0,-6950.0,-100.0,0,0,0,0,0
34004.319,1.756654977798462,2.5892865657806396,1.4369184970855713,0.040779825299978256,-0.12036662548780441,-0.029242539778351784,0.9370405673980713,-1.8430308103561401,-79.0864486694336,56.516624450683594,-26.206165313720703,-3.5326449871063232,-1395.0,-6169.0,-720.0,0,0,0,0,0
34014.194,1.7572393417358398,2.5875048637390137,1.4374666213989258,0.038161151111125946,-0.12226574122905731,0.05245552584528923,0.6362727880477905,-1.5727808475494385,-79.61238098144531,-74.60831451416016,3.175116539001465,250.28433227539062,-1750.0,-6353.0,335.0,0,0,0,0,0
34024.087,1.7572729587554932,2.587282419204712,1.4376661777496338,0.03831087052822113,-0.12284446507692337,0.05340009927749634,0.6322261691093445,-1.5794042348861694,-79.62397766113281,137.46141052246094,-20.41581916809082,-229.37074279785156,-685.0,-6555.0,828.0,0,0,0,0,0
34033.952,1.7578709125518799,2.5856523513793945,1.4385393857955933,0.03772376477718353,-0.12117648124694824,0.0437590554356575,1.0187735557556152,-1.5578194856643677,-80.24656677246094,-67.9239501953125,-18.686338424682617,98.73860168457031,-2654.0,-6386.0,91.0,0,0,0,0,0
34043.817,1.7584162950515747,2.5840015411376953,1.4396413564682007,0.03547784686088562,-0.12146230787038803,0.08363182842731476,1.2427382469177246,-1.339626669883728,-79.83433532714844,49.09761047363281,-24.623741149902344,-50.1514892578125,-1154.0,-6992.0,356.0,0,0,0,0,0
34053.691,1.7592663764953613,2.5811569690704346,1.4410983324050903,0.03157901018857956,-0.11703360825777054,0.037170376628637314,1.4554866552352905,-0.8475520610809326,-79.02883911132812,-61.44280242919922,-38.94426727294922,-140.35023498535156,-1781.0,-7634.0,1076.0,0,0,0,0,0
34063.585,1.7597661018371582,2.5795679092407227,1.441514253616333,0.028507623821496964,-0.11493823677301407,-0.03660769760608673,0.3225473165512085,-0.5310535430908203,-79.24645233154297,-64.25907897949219,-13.839701652526855,55.05197525024414,830.0,-8091.0,1780.0,0,0,0,0,0
34073.441,1.7598098516464233,2.579357862472534,1.44167160987854,0.028671754524111748,-0.11546004563570023,-0.035870540887117386,0.31900036334991455,-0.5372179746627808,-79.25946044921875,89.4463882446289,-12.451143264770508,-29.59099578857422,1400.0,-7983.0,1879.0,0,0,0,0,0
34083.315,1.7600868940353394,2.577786922454834,1.4413987398147583,0.028326597064733505,-0.1123821958899498,-0.09229985624551773,0.749639630317688,-0.3783646821975708,-80.4247817993164,-28.38723373413086,-18.92047882080078,43.61631774902344,-1592.0,-7217.0,827.0,0,0,0,0,0
34093.19,1.7604793310165405,2.5763092041015625,1.4410510063171387,0.026428068056702614,-0.10963763296604156,-0.06588996946811676,0.9372339248657227,-0.2916659116744995,-79.6773910522461,-16.685665130615234,-15.390338897705078,60.17409896850586,-1047.0,-7015.0,721.0,0,0,0,0,0
34103.084,1.7608705759048462,2.57485294342041,1.441370964050293,0.023204516619443893,-0.10741348564624786,0.04199768230319023,0.6394649147987366,-0.02248872071504593,-79.62225341796875,61.58268356323242,-14.223987579345703,-63.069969177246094,-833.0,-7573.0,738.0,0,0,0,0,0
34112.939,1.7615110874176025,2.572397232055664,1.4424253702163696,0.019244493916630745,-0.10002020001411438,0.07352583855390549,1.114353895187378,0.34857168793678284,-79.68954467773438,-32.53878402709961,-25.407190322875977,124.8094482421875,-2080.0,-7701.0,185.0,0,0,0,0,0
34122.813,1.7616024017333984,2.572230100631714,1.4426498413085938,0.01957920379936695,-0.10041871666908264,0.07455238699913025,1.1095755100250244,0.34418371319770813,-79.69709014892578,-10.336263656616211,-31.07695770263672,17.233139038085938,-1060.0,-8000.0,664.0,0,0,0,0,0
34132.697,1.7619773149490356,2.570915460586548,1.4436229467391968,0.01793675124645233,-0.09760639071464539,0.03926979750394821,0.8456912636756897,0.6494232416152954,-78.90647888183594,20.12787628173828,-41.74345779418945,-90.57128143310547,-471.0,-8494.0,1821.0,0,0,0,0,0
34142.572,1.762355089187622,2.569648504257202,1.4442331790924072,0.01688612811267376,-0.09419513493776321,0.011353245005011559,0.8768953084945679,0.9079852104187012,-78.82980346679688,-28.19485855102539,-45.04718017578125,-18.278093338012695,-748.0,-9190.0,2431.0,0,0,0,0,0
34152.437,1.7626928091049194,2.5684242248535156,1.4444738626480103,0.015867037698626518,-0.09123003482818604,-0.0254831500351429,0.8191176652908325,1.3463549613952637,-79.60209655761719,36.843841552734375,-27.93231964111328,57.21232223510742,-431.0,-10079.0,2058.0,0,0,0,0,0
34162.311,1.7629228830337524,2.5673859119415283,1.4438931941986084,0.015583723783493042,-0.08908625692129135,-0.12752948701381683,0.7473083138465881,1.6979165077209473,-79.66719055175781,-59.42271423339844,-25.890748977661133,-81.6961441040039,-1373.0,-10062.0,1646.0,0,0,0,0,0
34172.186,1.7632015943527222,2.5661838054656982,1.4430475234985352,0.012926672585308552,-0.08222043514251709,-0.09276905655860901,0.9057197570800781,2.0114006996154785,-79.78245544433594,35.29602813720703,-18.769458770751953,102.35787200927734,348.0,-9742.0,1014.0,0,0,0,0,0
34182.074,1.7634775638580322,2.565129041671753,1.4429619312286377,0.008757563307881355,-0.07173985242843628,0.02168073132634163,0.3307909667491913,2.271216630935669,-79.5725326538086,7.072463512420654,-19.077709197998047,149.7437744140625,-588.0,-9788.0,451.0,0,0,0,0,0
34191.936,1.7636635303497314,2.5642032623291016,1.443299412727356,0.009038609452545643,-0.06806280463933945,-0.023904964327812195,0.835624635219574,2.645177125930786,-80.5563735961914,1.6501061916351318,-25.92806053161621,46.16098403930664,-900.0,-9970.0,-243.0,0,0,0,0,0
34201.818,1.7638349533081055,2.563382625579834,1.4438077211380005,0.005314488895237446,-0.058505669236183167,0.04800400882959366,0.4179458022117615,2.8458008766174316,-79.11832427978516,-38.03272247314453,-28.04013442993164,24.76942253112793,-694.0,-9647.0,546.0,0,0,0,0,0
34211.685,1.7639930248260498,2.5626461505889893,1.444478154182434,0.004396512173116207,-0.0538148358464241,0.016117766499519348,0.3908696472644806,3.093684434890747,-78.40239715576172,-19.888410568237305,-16.30573272705078,-73.29552459716797,613.0,-9639.0,2291.0,0,0,0,0,0
34221.578,1.7640973329544067,2.562047004699707,1.4446269273757935,0.0026603543665260077,-0.04919580742716789,-0.023095041513442993,-0.10818890482187271,3.2417125701904297,-78.47877502441406,113.13721466064453,-44.22385787963867,-14.187685012817383,270.0,-9575.0,3336.0,0,0,0,0,0
34231.446,1.7642943859100342,2.5614278316497803,1.444576382637024,0.003147291950881481,-0.04361528158187866,-0.04201429337263107,0.5235769152641296,3.549854040145874,-79.15792846679688,-47.4254264831543,-27.055028915405273,118.00493621826172,-2923.0,-10752.0,3454.0,0,0,0,0,0
34241.309,1.7644407749176025,2.5608839988708496,1.4436824321746826,0.004120656289160252,-0.043757904320955276,-0.14477726817131042,0.6517029404640198,3.975055456161499,-78.61978149414062,-7.9434051513671875,-40.907230377197266,-148.37940979003906,-1572.0,-11699.0,4026.0,0,0,0,0,0
34251.183,1.764580488204956,2.5604028701782227,1.4426263570785522,0.0007555163465440273,-0.03269067406654358,-0.09003344923257828,0.3972064256668091,4.313396453857422,-78.91365051269531,-58.8211555480957,-7.696310997009277,158.30445861816406,961.0,-11850.0,3558.0,0,0,0,0,0
34261.068,1.7645512819290161,2.5600497722625732,1.4423407316207886,-0.002377081895247102,-0.019221877679228783,-0.015604957938194275,-0.38847360014915466,4.465830326080322,-79.94817352294922,54.813011169433594,-43.21730422973633,-123.55697631835938,818.0,-11071.0,2052.0,0,0,0,0,0
34270.932,1.7645339965820312,2.5598769187927246,1.442265272140503,-0.001976889790967107,-0.012098034843802452,-0.024879898875951767,0.43540653586387634,4.795991897583008,-81.4024658203125,-77.27247619628906,-4.617093086242676,211.6372833251953,-499.0,-11350.0,-172.0,0,0,0,0,0
34280.82,1.7644299268722534,2.5597805976867676,1.4424889087677002,-0.005360638257116079,0.0006083646439947188,0.03047657012939453,-0.49643686413764954,4.924322605133057,-78.71971893310547,11.521682739257812,-18.160459518432617,17.805130004882812,520.0,-11100.0,358.0,0,0,0,0,0
34290.681,1.7643438577651978,2.5598268508911133,1.4429311752319336,-0.005790066905319691,0.00799664668738842,0.022284574806690216,-0.3630959391593933,5.1896796226501465,-78.51728820800781,-60.532413482666016,2.067702293395996,-114.03739929199219,661.0,-11241.0,1832.0,0,0,0,0,0
34300.566,1.764289379119873,2.5599560737609863,1.4430400133132935,-0.006907888222485781,0.012666570954024792,-0.019178373739123344,-0.8887056708335876,5.270321846008301,-79.0616226196289,161.94390869140625,-21.72823715209961,-20.67127227783203,781.0,-10861.0,2356.0,0,0,0,0,0
34310.431,1.7643139362335205,2.56026029586792,1.442772388458252,-0.00550603773444891,0.018670976161956787,-0.04950181022286415,-0.20045773684978485,5.469498634338379,-79.1118392944336,17.70688247680664,-24.609878540039062,161.18075561523438,-4412.0,-11617.0,2439.0,0,0,0,0,0
34320.305,1.764278769493103,2.5604891777038574,1.4419680833816528,-0.002754035172984004,0.018525099381804466,-0.13177992403507233,0.860670268535614,5.860598087310791,-78.72686767578125,-48.083091735839844,-23.71432113647461,34.648284912109375,-3591.0,-12780.0,3220.0,0,0,0,0,0
34330.192,1.7642453908920288,2.5608115196228027,1.4406394958496094,-0.006425441708415747,0.027325943112373352,-0.12465309351682663,0.13124731183052063,6.097842693328857,-77.91703033447266,-78.24480438232422,3.2199206352233887,127.87939453125,779.0,-12935.0,3810.0,0,0,0,0,0
34340.064,1.7640594244003296,2.5612545013427734,1.439759373664856,-0.009695940650999546,0.04261430352926254,-0.06239807605743408,-0.4463675022125244,6.213076114654541,-79.43376922607422,101.8406753540039,-36.27447509765625,-55.298667907714844,1659.0,-12100.0,3109.0,0,0,0,0,0
34349.929,1.7638224363327026,2.5618715286254883,1.4393366575241089,-0.010418828576803207,0.05301044508814812,-0.04707007482647896,0.38312169909477234,6.431822299957275,-80.3190689086914,-110.91588592529297,9.745711326599121,345.8188171386719,-755.0,-12510.0,1549.0,0,0,0,0,0
34359.803,1.763569951057434,2.5625195503234863,1.4390820264816284,-0.014016532339155674,0.06453115493059158,-0.01699502393603325,-0.45058712363243103,6.578004837036133,-78.14397430419922,30.30940818786621,-23.818994522094727,-140.69847106933594,1032.0,-12288.0,2577.0,0,0,0,0,0
34369.678,1.763207197189331,2.5633797645568848,1.439131259918213,-0.015672355890274048,0.0745263621211052,-0.005240858532488346,-0.4826737642288208,6.717991828918457,-78.37080383300781,-71.98866271972656,5.444926738739014,-193.24777221679688,648.0,-12229.0,3580.0,0,0,0,0,0
34379.562,1.7629013061523438,2.5643417835235596,1.4389654397964478,-0.01663682796061039,0.0790340006351471,-0.04241548851132393,-0.7325971126556396,6.696954250335693,-78.98272705078125,121.47978973388672,-3.986192464828491,-89.7527084350586,985.0,-11612.0,3535.0,0,0,0,0,0
34389.427,1.762660026550293,2.565378189086914,1.438295841217041,-0.01588485948741436,0.0811975821852684,-0.09799371659755707,-0.40106451511383057,6.728911399841309,-78.79438781738281,122.29132080078125,-7.7238569259643555,37.340904235839844,-4250.0,-11787.0,3414.0,0,0,0,0,0
34399.302,1.7624784708023071,2.56648850440979,1.4372678995132446,-0.01388762891292572,0.08613449335098267,-0.1283421814441681,1.2899715900421143,6.865747451782227,-78.45088195800781,-130.19093322753906,-0.3030952513217926,-35.41255569458008,-5999.0,-12414.0,3750.0,0,0,0,0,0
34409.176,1.76227605342865,2.5675244331359863,1.435871958732605,-0.017069892957806587,0.09033052623271942,-0.15385466814041138,0.7647307515144348,6.906871795654297,-78.4565200805664,-46.82467269897461,22.4775390625,-58.88092041015625,391.0,-12356.0,3730.0,0,0,0,0,0
34419.061,1.7619340419769287,2.568882942199707,1.4348151683807373,-0.022028006613254547,0.10619598627090454,-0.08596527576446533,-0.13479208946228027,6.799738883972168,-79.5185546875,79.5936508178711,5.275271415710449,85.43576049804688,2146.0,-11508.0,2419.0,0,0,0,0,0
34428.939,1.7613739967346191,2.5702974796295166,1.4341233968734741,-0.024038726463913918,0.11599104851484299,-0.06680957227945328,0.37627530097961426,6.741944313049316,-80.11311340332031,-76.3978042602539,6.138669967651367,227.07553100585938,-550.0,-11425.0,1082.0,0,0,0,0,0
34438.801,1.760702133178711,2.5718541145324707,1.4338009357452393,-0.02801593206822872,0.12705759704113007,-0.030969727784395218,-0.06757541000843048,6.736420154571533,-78.40200805664062,3.3245840072631836,0.5127672553062439,-167.09764099121094,843.0,-11600.0,1909.0,0,0,0,0,0
34448.675,1.7600326538085938,2.5735034942626953,1.4337562322616577,-0.030755087733268738,0.13622857630252838,-0.010583811439573765,-0.43446412682533264,6.65075159072876,-78.46658325195312,-49.959049224853516,11.728751182556152,-132.99546813964844,739.0,-11469.0,2546.0,0,0,0,0,0
34458.559,1.7594375610351562,2.5752663612365723,1.4337273836135864,-0.031796906143426895,0.14286033809185028,-0.01272737979888916,-0.35679754614830017,6.490994930267334,-79.80168914794922,137.36676025390625,11.128276824951172,-6.2417144775390625,88.0,-11084.0,1947.0,0,0,0,0,0
34468.424,1.7590280771255493,2.576887607574463,1.4331592321395874,-0.029814423993229866,0.13902868330478668,-0.10226119309663773,0.1233467161655426,6.344831943511963,-79.13664245605469,160.5891876220703,3.520193576812744,65.19622039794922,-5568.0,-11192.0,1860.0,0,0,0,0,0
34478.309,1.7585722208023071,2.5787575244903564,1.432281732559204,-0.030636733397841454,0.14644205570220947,-0.08678028732538223,1.9734159708023071,6.3223371505737305,-78.18657684326172,-214.09793090820312,25.35340690612793,-147.28256225585938,-7437.0,-11968.0,2762.0,0,0,0,0,0
34488.174,1.7579556703567505,2.5807108879089355,1.431536078453064,-0.036650098860263824,0.15261408686637878,-0.07252222299575806,1.189996361732483,6.204659461975098,-79.05010223388672,7.860116958618164,32.06489944458008,-321.7191162109375,960.0,-11447.0,2967.0,0,0,0,0,0
34498.058,1.7571731805801392,2.582676887512207,1.4308314323425293,-0.041052572429180145,0.1571919173002243,-0.07628846168518066,0.35712742805480957,5.827103137969971,-79.44720458984375,-18.369972229003906,27.169322967529297,157.264404296875,2070.0,-10320.0,1780.0,0,0,0,0,0
34507.933,1.7562414407730103,2.5847392082214355,1.4304543733596802,-0.04487040266394615,0.1667901575565338,-0.01993194967508316,0.5294524431228638,5.6271843910217285,-79.76471710205078,-87.735595703125,9.56017780303955,94.68024444580078,925.0,-10412.0,1222.0,0,0,0,0,0
34517.797,1.7554877996444702,2.5866658687591553,1.4304752349853516,-0.04767391458153725,0.17187274992465973,0.0034588431008160114,-0.09345141053199768,5.53140926361084,-78.49437713623047,-26.150325775146484,34.10940170288086,-81.9180908203125,2199.0,-11088.0,2094.0,0,0,0,0,0
34527.681,1.754476547241211,2.588878870010376,1.4307693243026733,-0.0499914325773716,0.17836299538612366,0.03426486626267433,-0.7251327633857727,5.2298150062561035,-78.2091293334961,32.63288497924805,38.88829040527344,63.996055603027344,1799.0,-10627.0,2892.0,0,0,0,0,0
34537.556,1.7536344528198242,2.591193199157715,1.4309771060943604,-0.04944333806633949,0.17850154638290405,-0.004662380088120699,-0.5248053073883057,4.955680847167969,-78.91766357421875,141.37989807128906,28.142080307006836,109.28191375732422,-1425.0,-10054.0,2984.0,0,0,0,0,0
34547.421,1.752714991569519,2.5935568809509277,1.43030846118927,-0.04727472364902496,0.1762440949678421,-0.07626087218523026,0.538263738155365,4.651907444000244,-78.70001983642578,136.2930450439453,13.110812187194824,8.81472110748291,-6474.0,-10066.0,3339.0,0,0,0,0,0
34557.295,1.752147912979126,2.5956029891967773,1.4298062324523926,-0.04907166585326195,0.18015709519386292,-0.03605928644537926,1.9235548973083496,4.506887912750244,-78.05023193359375,-207.57662963867188,57.46430206298828,40.8353271484375,-6285.0,-10829.0,3831.0,0,0,0,0,0
34567.17,1.7512967586517334,2.5979132652282715,1.4294849634170532,-0.05379309877753258,0.18098331987857819,-0.03732864558696747,0.9718012809753418,4.1752142906188965,-78.949951171875,28.34522247314453,31.242279052734375,-314.391845703125,1116.0,-9783.0,3826.0,0,0,0,0,0
34577.068,1.7503187656402588,2.600224494934082,1.42904794216156,-0.05656398460268974,0.1813553422689438,-0.04741901531815529,0.4540642201900482,3.6761910915374756,-79.57727813720703,-104.66796112060547,42.32929992675781,79.53382110595703,2175.0,-9132.0,2362.0,0,0,0,0,0
34586.919,1.7491339445114136,2.6025352478027344,1.428938627243042,-0.059391386806964874,0.18469248712062836,0.013333386741578579,-0.14521116018295288,3.4256746768951416,-79.4031753540039,-49.78617477416992,21.660493850708008,-143.32131958007812,2408.0,-9525.0,1758.0,0,0,0,0,0
34596.794,1.7479209899902344,2.60483717918396,1.4292505979537964,-0.060470689088106155,0.1848820596933365,0.026365378871560097,-0.4308740198612213,3.2340986728668213,-78.80731201171875,-75.29512786865234,44.34823989868164,-122.90984344482422,2283.0,-10370.0,1925.0,0,0,0,0,0
34606.678,1.7467877864837646,2.6071550846099854,1.4297043085098267,-0.06085328385233879,0.18564046919345856,0.0524330660700798,-1.1340758800506592,2.9398481845855713,-78.53996276855469,98.0280532836914,48.46664047241211,-61.33047103881836,1517.0,-10105.0,2441.0,0,0,0,0,0
34616.563,1.7459791898727417,2.6092405319213867,1.430008053779602,-0.058385033160448074,0.18222340941429138,0.004242194350808859,-0.6283783316612244,2.5943217277526855,-78.73371887207031,103.58181762695312,42.00568771362305,121.9395523071289,-3190.0,-9358.0,2618.0,0,0,0,0,0
34626.419,1.7450629472732544,2.611523389816284,1.4297362565994263,-0.05575450882315636,0.1794605851173401,-0.04445262253284454,0.4877328872680664,2.166921615600586,-78.72193908691406,121.11434173583984,22.582244873046875,-16.860340118408203,-7013.0,-8862.0,2892.0,0,0,0,0,0
34636.293,1.7442255020141602,2.613835573196411,1.4295382499694824,-0.05694697052240372,0.1784483641386032,0.0024120600428432226,1.6794408559799194,1.9333585500717163,-78.74822998046875,-116.38204956054688,51.95989990234375,219.759521484375,-6395.0,-9443.0,2873.0,0,0,0,0,0
34646.167,1.7432926893234253,2.6160409450531006,1.4293760061264038,-0.059710897505283356,0.17463943362236023,-0.019885757938027382,0.9317290782928467,1.5946482419967651,-78.33306884765625,-5.0329508781433105,24.845470428466797,-52.9659309387207,-509.0,-9102.0,3317.0,0,0,0,0,0
34656.051,1.7424712181091309,2.617988348007202,1.4290603399276733,-0.060853082686662674,0.17035119235515594,-0.03626668080687523,0.4661855697631836,1.2058593034744263,-78.81185913085938,-110.4576187133789,33.25576400756836,87.18038177490234,1834.0,-9061.0,3132.0,0,0,0,0,0
34665.916,1.7412642240524292,2.6200807094573975,1.4288320541381836,-0.06246345862746239,0.1669187992811203,0.005266714375466108,-0.3550323247909546,0.9612249732017517,-78.92253112792969,7.050382614135742,6.168894290924072,-35.975486755371094,3154.0,-9309.0,3017.0,0,0,0,0,0
34675.791,1.7400163412094116,2.622124433517456,1.4289672374725342,-0.06225062906742096,0.16306275129318237,0.023982100188732147,-0.6599363684654236,0.7498418688774109,-78.63202667236328,-120.31611633300781,33.44779968261719,67.61004638671875,2440.0,-9878.0,3055.0,0,0,0,0,0
34685.672,1.7388091087341309,2.6241095066070557,1.4292100667953491,-0.061730995774269104,0.15892022848129272,0.03246461972594261,-1.5328352451324463,0.4771159589290619,-78.2508773803711,152.86636352539062,36.09315872192383,-119.54431915283203,2465.0,-9534.0,3548.0,0,0,0,0,0
34695.55,1.737809419631958,2.6260337829589844,1.4291096925735474,-0.05909617990255356,0.15468528866767883,-0.021291568875312805,-0.8931666016578674,0.16190887987613678,-79.23149871826172,48.018341064453125,35.051822662353516,79.072509765625,-3277.0,-8799.0,2944.0,0,0,0,0,0
34705.415,1.736964464187622,2.6279265880584717,1.4286257028579712,-0.055914606899023056,0.15054811537265778,-0.055470969527959824,0.10995160043239594,-0.2356402575969696,-79.25985717773438,72.52641296386719,22.30280303955078,-145.3922119140625,-5754.0,-8100.0,2338.0,0,0,0,0,0
34715.289,1.736308217048645,2.6296050548553467,1.4281597137451172,-0.05446140095591545,0.14461053907871246,-0.030362050980329514,0.813040554523468,-0.612733006477356,-79.33158111572266,-16.435056686401367,35.82489776611328,88.17948913574219,-5487.0,-8090.0,1800.0,0,0,0,0,0
34725.164,1.7354930639266968,2.6314005851745605,1.4277571439743042,-0.054762039333581924,0.1384943127632141,-0.020624244585633278,0.9291373491287231,-0.904252827167511,-78.69898223876953,-89.4403305053711,37.631744384765625,118.12374114990234,-1991.0,-8195.0,1788.0,0,0,0,0,0
34735.048,1.734527826309204,2.6330935955047607,1.4272512197494507,-0.05631031468510628,0.1328536868095398,-0.05711834505200386,0.15781250596046448,-1.2528609037399292,-78.9385986328125,-89.86468505859375,29.929033279418945,-73.9630355834961,2218.0,-8145.0,2111.0,0,0,0,0,0
34744.913,1.7334010601043701,2.634639263153076,1.4268219470977783,-0.056254614144563675,0.12495254725217819,-0.015307254157960415,-0.8065872192382812,-1.5113784074783325,-78.83675384521484,-26.599071502685547,34.46059036254883,60.83662033081055,4410.0,-8336.0,2372.0,0,0,0,0,0
34754.788,1.732541799545288,2.6359739303588867,1.4266666173934937,-0.054101381450891495,0.11777966469526291,-0.007529713679105043,-1.550877571105957,-1.817955493927002,-78.41468811035156,-102.95482635498047,14.819149017333984,66.87076568603516,3689.0,-8518.0,3009.0,0,0,0,0,0
34764.671,1.7314563989639282,2.637359380722046,1.4266083240509033,-0.05091966688632965,0.11044717580080032,0.006447299849241972,-2.2424867153167725,-1.9127635955810547,-78.61581420898438,134.256103515625,35.14986038208008,-222.14971923828125,2895.0,-8804.0,3583.0,0,0,0,0,0
34774.546,1.7305724620819092,2.6386830806732178,1.426274299621582,-0.04803679510951042,0.10604780167341232,-0.04108734801411629,-1.9241008758544922,-2.302833318710327,-78.92386627197266,41.30421829223633,33.84142303466797,98.79427337646484,-2993.0,-7715.0,3072.0,0,0,0,0,0
34784.411,1.729879379272461,2.639963388442993,1.4258002042770386,-0.04277273640036583,0.09987723082304001,-0.04326068237423897,-0.874507486820221,-2.713883638381958,-79.04278564453125,18.256671905517578,35.83857345581055,-126.18516540527344,-4936.0,-6733.0,2712.0,0,0,0,0,0
34794.286,1.729293704032898,2.6411399841308594,1.425465703010559,-0.0390242338180542,0.09115830063819885,-0.013758894056081772,-0.6137831211090088,-3.118657112121582,-79.2658462524414,73.07133483886719,25.062192916870117,-53.73827362060547,-4058.0,-6503.0,2335.0,0,0,0,0,0
34804.162,1.7288697957992554,2.6421146392822266,1.42537522315979,-0.035453472286462784,0.08244805037975311,-0.0032725639175623655,-0.0713246762752533,-3.3893332481384277,-78.61235809326172,-155.94677734375,41.52284240722656,135.94854736328125,-2913.0,-7055.0,2167.0,0,0,0,0,0
34814.046,1.7282135486602783,2.6430819034576416,1.4249497652053833,-0.03590014576911926,0.07677643746137619,-0.049782492220401764,-0.7939518094062805,-3.6552770137786865,-79.29932403564453,-73.30474090576172,21.9012393951416,-73.41400909423828,2723.0,-7088.0,2332.0,0,0,0,0,0
34823.913,1.727422833442688,2.6439340114593506,1.4244626760482788,-0.03313666582107544,0.06647341698408127,-0.01917472667992115,-1.936895489692688,-3.963489294052124,-78.32281494140625,-82.10787963867188,29.931392669677734,103.97412109375,5296.0,-7127.0,2729.0,0,0,0,0,0
34833.788,1.7266231775283813,2.6446444988250732,1.4241969585418701,-0.02910548821091652,0.05739597976207733,-0.008812355808913708,-2.8255739212036133,-4.180544853210449,-78.34273529052734,-69.4615707397461,1.2567405700683594,-7.752224922180176,5259.0,-7374.0,3391.0,0,0,0,0,0
34843.662,1.7259125709533691,2.64522123336792,1.4240344762802124,-0.023434486240148544,0.04826704412698746,-4.8533296649111435e-05,-3.5605220794677734,-4.183425426483154,-78.92301940917969,124.5460205078125,33.56026840209961,-150.074462890625,3147.0,-7976.0,3378.0,0,0,0,0,0
34853.546,1.7255592346191406,2.6457180976867676,1.4237321615219116,-0.018811462447047234,0.04435771703720093,-0.04877318814396858,-3.032527446746826,-4.52809476852417,-79.24296569824219,38.6524658203125,27.630521774291992,113.68489074707031,-2694.0,-6928.0,2590.0,0,0,0,0,0
34863.423,1.7252659797668457,2.646183729171753,1.4232598543167114,-0.010354742407798767,0.03507120907306671,-0.026240963488817215,-2.0175013542175293,-4.850271701812744,-78.96035766601562,8.097431182861328,36.230995178222656,-101.61613464355469,-4172.0,-6022.0,2365.0,0,0,0,0,0
34873.286,1.7251237630844116,2.64652943611145,1.422993779182434,-0.003939781337976456,0.02465846948325634,-5.2203038649167866e-05,-1.8704478740692139,-5.166869640350342,-79.2935791015625,106.63480377197266,10.241884231567383,-124.4984359741211,-3324.0,-5603.0,2039.0,0,0,0,0,0
34883.16,1.7250607013702393,2.646758794784546,1.4228042364120483,0.0016027680831030011,0.015971165150403976,0.0010090757859870791,-1.0373737812042236,-5.369962692260742,-78.9560775756836,-169.4261932373047,15.618354797363281,178.94944763183594,-3130.0,-6302.0,1686.0,0,0,0,0,0
34893.054,1.724841594696045,2.646836042404175,1.4224729537963867,0.002340753795579076,0.009701080620288849,-0.035442203283309937,-1.625316858291626,-5.455742835998535,-78.95619201660156,-57.02924346923828,3.4217689037323,-10.283689498901367,2790.0,-6882.0,2352.0,0,0,0,0,0
34902.908,1.7247273921966553,2.646846055984497,1.4221705198287964,0.007301663048565388,-0.0012883942108601332,-0.010509926825761795,-2.657518148422241,-5.649182319641113,-77.49154663085938,-92.34899139404297,15.509699821472168,140.15037536621094,5346.0,-7057.0,3623.0,0,0,0,0,0
34912.784,1.7244619131088257,2.6466739177703857,1.4219528436660767,0.011755475774407387,-0.00999055802822113,-0.011689760722219944,-3.6132190227508545,-5.678835868835449,-78.18350982666016,-33.48847961425781,-10.409639358520508,-24.12159538269043,5529.0,-7331.0,4475.0,0,0,0,0,0
34922.659,1.7243317365646362,2.646388053894043,1.4218400716781616,0.01974150910973549,-0.01969311572611332,0.004506205674260855,-4.154972076416016,-5.594115734100342,-78.76727294921875,114.5838394165039,26.878427505493164,-62.83001708984375,2852.0,-7813.0,4291.0,0,0,0,0,0
34932.544,1.724399447441101,2.6460161209106445,1.4214427471160889,0.02416369691491127,-0.022479012608528137,-0.04513612017035484,-3.5166525840759277,-5.800759315490723,-78.82669067382812,65.18647003173828,16.070770263671875,66.61819458007812,-2640.0,-6774.0,3747.0,0,0,0,0,0
34942.408,1.724717140197754,2.6455862522125244,1.420911192893982,0.033954281359910965,-0.03226221352815628,-0.019157759845256805,-2.415051221847534,-5.955357074737549,-78.60912322998047,-11.01032543182373,31.251794815063477,-103.19695281982422,-4021.0,-6008.0,3526.0,0,0,0,0,0
34952.286,1.7251262664794922,2.645111560821533,1.4208016395568848,0.041366707533597946,-0.04314820468425751,0.014979965053498745,-2.365753173828125,-6.145096302032471,-79.17274475097656,137.0321807861328,-11.053601264953613,-145.49746704101562,-2931.0,-5473.0,2898.0,0,0,0,0,0
34962.158,1.725664734840393,2.644456148147583,1.4207735061645508,0.04762587323784828,-0.05149168148636818,0.019396720454096794,-1.4011460542678833,-6.221840858459473,-79.12645721435547,-168.44615173339844,-3.8913817405700684,209.66017150878906,-3354.0,-6301.0,2156.0,0,0,0,0,0
34972.042,1.7260918617248535,2.6436638832092285,1.4206660985946655,0.04943712800741196,-0.058209724724292755,0.0003428318304941058,-1.90376615524292,-6.170386791229248,-78.36019897460938,-42.66693115234375,-15.590165138244629,-43.769508361816406,2611.0,-7017.0,3073.0,0,0,0,0,0
34981.906,1.726483941078186,2.6426825523376465,1.420498251914978,0.05361472815275192,-0.06792253255844116,0.010437318123877048,-2.792053699493408,-6.131060600280762,-77.75145721435547,-89.8243179321289,-0.47147130966186523,100.32977294921875,5014.0,-7553.0,4101.0,0,0,0,0,0
34991.791,1.726883053779602,2.6415388584136963,1.420493721961975,0.06058122217655182,-0.07840441167354584,0.03603427857160568,-3.703982353210449,-6.016575813293457,-78.58194732666016,-3.8226442337036133,-18.911788940429688,-18.068212509155273,5231.0,-7698.0,4338.0,0,0,0,0,0
35001.663,1.7274874448776245,2.6404621601104736,1.4205149412155151,0.06433777511119843,-0.08146557956933975,-0.006866960786283016,-3.6901333332061768,-5.865384578704834,-78.74420928955078,111.624267578125,15.213716506958008,23.87192726135254,2165.0,-7737.0,3925.0,0,0,0,0,0
35011.549,1.7281672954559326,2.639143228530884,1.4201613664627075,0.07281337678432465,-0.0882934182882309,0.0013603423722088337,-2.3980419635772705,-5.9963274002075195,-78.29132843017578,92.59257507324219,8.92016315460205,11.694689750671387,-2906.0,-6797.0,3818.0,0,0,0,0,0
35021.404,1.7291085720062256,2.6377439498901367,1.4199151992797852,0.07934106886386871,-0.09673768281936646,0.0199954304844141,-1.684725284576416,-6.045522212982178,-78.66973114013672,-10.86319351196289,27.019309997558594,-68.3307113647461,-4450.0,-5857.0,3866.0,0,0,0,0,0
35031.288,1.7300779819488525,2.6363656520843506,1.4198228120803833,0.08393500000238419,-0.10477705299854279,0.040008168667554855,-1.3457257747650146,-6.227768898010254,-78.64544677734375,158.19921875,-30.254240036010742,-79.9177474975586,-3109.0,-5332.0,3401.0,0,0,0,0,0
35041.154,1.7311898469924927,2.634831428527832,1.4196832180023193,0.08721426874399185,-0.10917136818170547,0.009727160446345806,-0.31339219212532043,-5.910387992858887,-78.91255950927734,-135.16217041015625,-29.307342529296875,159.64862060546875,-3662.0,-6016.0,3074.0,0,0,0,0,0
35051.035,1.732088565826416,2.633485794067383,1.4195917844772339,0.08728224784135818,-0.11577124148607254,0.014697007834911346,-1.3281151056289673,-5.755390644073486,-77.11302947998047,-35.77725601196289,-31.65379524230957,-68.64175415039062,1205.0,-7630.0,3549.0,0,0,0,0,0
35060.907,1.7328674793243408,2.6318609714508057,1.419215202331543,0.08785084635019302,-0.12005717307329178,-0.005129910074174404,-1.954757809638977,-5.376786708831787,-79.1552734375,-107.91204833984375,-13.0170259475708,66.22653198242188,3955.0,-8188.0,4844.0,0,0,0,0,0
35070.774,1.7335970401763916,2.6301307678222656,1.4188859462738037,0.09176119416952133,-0.12746281921863556,0.02680717036128044,-2.7106235027313232,-5.198464393615723,-79.185302734375,42.184234619140625,-34.54045104980469,85.7027816772461,5070.0,-8560.0,3684.0,0,0,0,0,0
35080.648,1.7343897819519043,2.6283552646636963,1.418352484703064,0.0918959528207779,-0.12529046833515167,-0.050035856664180756,-2.075162172317505,-5.024913311004639,-79.07913208007812,86.67008209228516,11.092864036560059,119.562255859375,1864.0,-8123.0,2741.0,0,0,0,0,0
35090.536,1.735459566116333,2.6264376640319824,1.417502760887146,0.0969986543059349,-0.13144239783287048,-0.016981352120637894,-0.9719159007072449,-5.020236492156982,-78.66812133789062,131.56105041503906,-2.023206949234009,-65.0036849975586,-2552.0,-7135.0,2536.0,0,0,0,0,0
35100.397,1.7355334758758545,2.6262102127075195,1.417273759841919,0.09722008556127548,-0.13198357820510864,-0.017976192757487297,-0.9748384952545166,-5.029456615447998,-78.67146301269531,-41.97267532348633,15.588071823120117,-1.239351749420166,-4426.0,-6284.0,2398.0,0,0,0,0,0
35110.272,1.7368483543395996,2.6241915225982666,1.4169039726257324,0.10030950605869293,-0.13920506834983826,0.022661088034510612,-0.6304502487182617,-4.999630451202393,-79.58494567871094,159.29159545898438,-18.22614860534668,-38.56501388549805,-2199.0,-5543.0,1596.0,0,0,0,0,0
35120.147,1.7380565404891968,2.6223018169403076,1.4164313077926636,0.1010640487074852,-0.14037328958511353,-0.0015834938967600465,-0.09268457442522049,-5.0934648513793945,-79.1539077758789,-78.25761413574219,-36.98052978515625,134.14071655273438,-4063.0,-5709.0,1368.0,0,0,0,0,0
35130.031,1.739151954650879,2.6203453540802,1.4159481525421143,0.10140688717365265,-0.14515399932861328,0.0054754577577114105,0.7295740842819214,-4.803334712982178,-78.41106414794922,-93.63211822509766,-17.143930435180664,22.729398727416992,88.0,-7233.0,2740.0,0,0,0,0,0
35139.896,1.7400567531585693,2.618313789367676,1.4153974056243896,0.09752481430768967,-0.1477595865726471,-0.014927987940609455,-0.488678514957428,-4.611013412475586,-76.79984283447266,-98.59651184082031,-14.853255271911621,-135.78700256347656,4259.0,-7997.0,5071.0,0,0,0,0,0
35149.78,1.7409600019454956,2.6165239810943604,1.4149175882339478,0.09647614508867264,-0.14958806335926056,-0.02544136717915535,-1.2682236433029175,-4.221248149871826,-78.3108139038086,48.677066802978516,-9.816065788269043,218.8981170654297,6199.0,-8266.0,5092.0,0,0,0,0,0
35159.645,1.7418451309204102,2.6144485473632812,1.414298415184021,0.09776221215724945,-0.15275181829929352,-0.0035535111092031,-2.1380856037139893,-4.136524200439453,-78.24015808105469,101.86318969726562,-0.8678946495056152,252.6310577392578,2242.0,-7386.0,5027.0,0,0,0,0,0
35169.53,1.7427750825881958,2.6123733520507812,1.4134316444396973,0.09882184863090515,-0.14962153136730194,-0.06828305125236511,-1.091888189315796,-3.9996774196624756,-78.24980926513672,117.65003967285156,-14.268205642700195,-108.45854187011719,-2219.0,-6497.0,5408.0,0,0,0,0,0
35179.404,1.7439087629318237,2.610297918319702,1.4124997854232788,0.10122690349817276,-0.1532861292362213,-0.02725757658481598,-0.4673086106777191,-3.9841036796569824,-77.8435287475586,-49.44145584106445,-5.476813316345215,-70.83527374267578,-4019.0,-6215.0,5259.0,0,0,0,0,0
35189.269,1.7451282739639282,2.608177661895752,1.411950945854187,0.10266859829425812,-0.15825161337852478,0.027424832805991173,-0.18473435938358307,-3.8500165939331055,-79.49881744384766,136.4454803466797,-17.614959716796875,-199.32452392578125,-2108.0,-6101.0,3654.0,0,0,0,0,0
35199.144,1.7462650537490845,2.6063313484191895,1.4117536544799805,0.10200415551662445,-0.1560029536485672,-0.008828290738165379,0.2666563093662262,-3.8423850536346436,-79.4184799194336,-76.63138580322266,-34.782466888427734,98.3782730102539,-3825.0,-6273.0,2325.0,0,0,0,0,0
35209.028,1.747511863708496,2.604027032852173,1.4112622737884521,0.10091210901737213,-0.158858984708786,0.009525902569293976,0.9583306908607483,-3.483018398284912,-78.12938690185547,-121.71627044677734,-34.636722564697266,-103.44998931884766,162.0,-7699.0,3098.0,0,0,0,0,0
35218.893,1.748538851737976,2.6016921997070312,1.4105736017227173,0.09557044506072998,-0.15809601545333862,-0.03323832154273987,-0.45492157340049744,-3.1639459133148193,-77.7974853515625,-116.93620300292969,-22.277057647705078,-319.00714111328125,4861.0,-8489.0,3767.0,0,0,0,0,0
35228.768,1.7494583129882812,2.59934401512146,1.4097177982330322,0.09420248121023178,-0.15887920558452606,-0.022657830268144608,-1.686057209968567,-2.7976670265197754,-80.01063537597656,66.69916534423828,-19.70805549621582,112.35600280761719,7176.0,-8604.0,2311.0,0,0,0,0,0
35238.641,1.7504494190216064,2.597266674041748,1.409130573272705,0.0948602482676506,-0.1563173085451126,-0.042472973465919495,-1.5081112384796143,-2.58012056350708,-78.76438903808594,81.43867492675781,-1.2024047374725342,324.6059265136719,1671.0,-8062.0,1532.0,0,0,0,0,0
35248.525,1.7515060901641846,2.5949928760528564,1.4080735445022583,0.09615689516067505,-0.15386834740638733,-0.05357559025287628,-0.6195946931838989,-2.5279831886291504,-77.04169464111328,75.62787628173828,-25.85209846496582,-162.46731567382812,-2265.0,-6931.0,3242.0,0,0,0,0,0
35258.397,1.7526321411132812,2.5929312705993652,1.40754234790802,0.09760480374097824,-0.15600784122943878,0.03532351553440094,-0.21957334876060486,-2.3229196071624756,-78.77217102050781,-3.1797683238983154,4.628807544708252,97.58238983154297,-2638.0,-6576.0,4231.0,0,0,0,0,0
35268.265,1.753819465637207,2.590851068496704,1.4072901010513306,0.09674912691116333,-0.15314644575119019,0.0043045165948569775,-0.08392500877380371,-2.3167710304260254,-78.66123962402344,127.3481674194336,-13.878461837768555,13.456321716308594,-2095.0,-6311.0,3506.0,0,0,0,0,0
35278.14,1.7550300359725952,2.588792324066162,1.407105565071106,0.09641236811876297,-0.1533515602350235,0.04375012591481209,0.9451249241828918,-2.1006226539611816,-78.03372192382812,-87.63842010498047,-49.76568603515625,57.566062927246094,-3235.0,-6719.0,3685.0,0,0,0,0,0
35288.025,1.7560611963272095,2.586726188659668,1.406934380531311,0.092624232172966,-0.15165245532989502,0.006917485501617193,0.14981475472450256,-1.7290380001068115,-76.9051742553711,-118.96646118164062,-48.475711822509766,-121.78875732421875,1156.0,-7955.0,5144.0,0,0,0,0,0
35297.896,1.7569745779037476,2.5849075317382812,1.406703233718872,0.08948912471532822,-0.1491660177707672,-0.008137705735862255,-1.0152777433395386,-1.3678628206253052,-77.87953186035156,-129.7458038330078,-12.669132232666016,-310.156982421875,5677.0,-9156.0,5830.0,0,0,0,0,0
35307.773,1.7579002380371094,2.5826876163482666,1.4061875343322754,0.08878479152917862,-0.14605700969696045,-0.000629482208751142,-2.1254730224609375,-1.184462070465088,-79.08110046386719,114.97041320800781,-13.916526794433594,16.153507232666016,6450.0,-8216.0,4808.0,0,0,0,0,0
35317.638,1.7588694095611572,2.5805203914642334,1.4055862426757812,0.09048431366682053,-0.14131087064743042,-0.04724888503551483,-0.976173460483551,-1.0249818563461304,-78.32760620117188,42.944766998291016,2.342944622039795,284.625244140625,616.0,-7465.0,3944.0,0,0,0,0,0
35327.523,1.7598358392715454,2.5788486003875732,1.405161738395691,0.09115640074014664,-0.1378442645072937,0.001968283671885729,-0.5749933123588562,-0.9683152437210083,-77.26327514648438,68.05671691894531,-28.887285232543945,-333.4771423339844,-2477.0,-6842.0,4611.0,0,0,0,0,0
35337.387,1.7610831260681152,2.5767526626586914,1.4049193859100342,0.09227234125137329,-0.13601942360401154,0.06664987653493881,-0.36925479769706726,-0.8039289116859436,-79.78539276123047,39.29392623901367,-1.613312005996704,205.58462524414062,-2123.0,-6630.0,4546.0,0,0,0,0,0
35347.262,1.7621780633926392,2.575153112411499,1.4051215648651123,0.09208528697490692,-0.131353959441185,0.01961037516593933,0.26973381638526917,-0.7059921026229858,-79.76885223388672,120.21102142333984,-31.610031127929688,286.0364074707031,-2297.0,-6788.0,2398.0,0,0,0,0,0
35357.137,1.7634307146072388,2.5733838081359863,1.405198335647583,0.09053590148687363,-0.12898339331150055,0.0638304352760315,0.7449749112129211,-0.35150712728500366,-77.60700988769531,-90.6824951171875,-38.1102409362793,89.04920959472656,-2743.0,-7840.0,2093.0,0,0,0,0,0
35367.021,1.7646043300628662,2.5715174674987793,1.405195951461792,0.0860472023487091,-0.1257142573595047,-0.002145859645679593,-0.5022631883621216,0.029834304004907608,-77.81279754638672,-89.10356140136719,-43.43182373046875,-84.74849700927734,1970.0,-8713.0,3790.0,0,0,0,0,0
35376.886,1.7656110525131226,2.569671392440796,1.4049289226531982,0.084897480905056,-0.12096495181322098,0.017581667751073837,-1.6172963380813599,0.387251615524292,-80.3117904663086,-125.69754028320312,-22.01844596862793,58.03706741333008,5919.0,-9278.0,3627.0,0,0,0,0,0
35386.759,1.7655954360961914,2.5694477558135986,1.4047391414642334,0.08488551527261734,-0.12154277414083481,0.01673123985528946,-1.6198502779006958,0.37912052869796753,-80.32483673095703,156.7756805419922,-27.780179977416992,30.47509002685547,5627.0,-8868.0,1433.0,0,0,0,0,0
35396.644,1.7666490077972412,2.5676913261413574,1.4045147895812988,0.08545782417058945,-0.11604966968297958,-0.007351622451096773,-1.4186733961105347,0.49961572885513306,-78.65067291259766,12.001297950744629,-0.2566365599632263,109.06845092773438,-774.0,-7894.0,1793.0,0,0,0,0,0
35406.519,1.7678210735321045,2.5660226345062256,1.4040677547454834,0.08673236519098282,-0.11005337536334991,-0.020209643989801407,-0.5538685321807861,0.5447953939437866,-76.95152282714844,46.177520751953125,-15.494124412536621,-415.3341064453125,-2712.0,-7105.0,4098.0,0,0,0,0,0
35416.384,1.7690677642822266,2.564584970474243,1.4040993452072144,0.08713703602552414,-0.10381785780191422,0.07664772123098373,-0.11038188636302948,0.7175706028938293,-79.09607696533203,61.31937789916992,-5.0615410804748535,86.52027893066406,-2178.0,-7054.0,3518.0,0,0,0,0,0
35426.259,1.7703710794448853,2.563218116760254,1.4043614864349365,0.0868782252073288,-0.0988859087228775,0.04321044310927391,0.1711568683385849,0.6731535196304321,-79.10225677490234,79.67298126220703,-25.89986801147461,375.80950927734375,-2752.0,-6726.0,2552.0,0,0,0,0,0
35436.132,1.7714310884475708,2.5620810985565186,1.4048447608947754,0.08485084772109985,-0.09348388016223907,0.08115258812904358,1.0232312679290771,0.8469436168670654,-77.94451904296875,-96.75191497802734,-16.94013023376465,89.9281005859375,-2236.0,-7654.0,3664.0,0,0,0,0,0
35446.028,1.772549033164978,2.560822010040283,1.4052470922470093,0.08174958825111389,-0.09015294164419174,0.04947774484753609,0.4576299488544464,1.153997778892517,-76.88028717041016,-74.96121978759766,-19.709808349609375,-92.1056137084961,2728.0,-8833.0,5500.0,0,0,0,0,0
35455.888,1.7735307216644287,2.559572458267212,1.4053587913513184,0.07845426350831985,-0.08637317270040512,0.022146958857774734,-0.5903001427650452,1.4183552265167236,-77.9757308959961,-98.03181457519531,-5.9375457763671875,225.39088439941406,6018.0,-9122.0,5078.0,0,0,0,0,0
35465.757,1.7744364738464355,2.5583717823028564,1.4054057598114014,0.07705040276050568,-0.0808158740401268,0.02417522482573986,-1.5159839391708374,1.4875552654266357,-79.1368179321289,161.5673065185547,-18.477035522460938,7.217402458190918,4781.0,-7897.0,4130.0,0,0,0,0,0
35475.632,1.775439739227295,2.5573272705078125,1.4054006338119507,0.07873503863811493,-0.0753069818019867,-0.00252439989708364,-0.5737704038619995,1.5079388618469238,-78.32794952392578,19.602880477905273,-2.5566508769989014,-47.551353454589844,-1623.0,-7061.0,4177.0,0,0,0,0,0
35485.524,1.7763441801071167,2.556469440460205,1.4052942991256714,0.0782443955540657,-0.06934550404548645,-0.007454118691384792,0.09487179666757584,1.4561535120010376,-77.08031463623047,20.125402450561523,-9.19648265838623,-357.616455078125,-3020.0,-6732.0,5076.0,0,0,0,0,0
35495.381,1.777579426765442,2.5555577278137207,1.4054763317108154,0.07658227533102036,-0.06182747334241867,0.09097622334957123,0.47323858737945557,1.570452094078064,-79.5674819946289,78.86518859863281,-10.786246299743652,55.015933990478516,-2264.0,-6986.0,3572.0,0,0,0,0,0
35505.255,1.7788820266723633,2.55472469329834,1.4059251546859741,0.07692744582891464,-0.05792717635631561,0.03540145605802536,0.9209567308425903,1.5303069353103638,-79.13448333740234,48.828426361083984,-22.66156005859375,417.6347961425781,-3160.0,-7118.0,2263.0,0,0,0,0,0
35515.139,1.7801008224487305,2.553985595703125,1.4063105583190918,0.07377564162015915,-0.052394356578588486,0.08197169750928879,1.5981510877609253,1.7434784173965454,-77.65799713134766,-77.26143646240234,-18.58502960205078,11.907570838928223,-2231.0,-8273.0,3397.0,0,0,0,0,0
35525.014,1.781126618385315,2.5532870292663574,1.4066797494888306,0.07098988443613052,-0.04978920891880989,0.03318306803703308,1.1685694456100464,2.012251853942871,-77.24020385742188,-87.7379150390625,-15.35412883758545,-147.5501251220703,2217.0,-9360.0,4711.0,0,0,0,0,0
35534.878,1.7819324731826782,2.552699565887451,1.4067554473876953,0.06683287769556046,-0.046291135251522064,0.0030695716850459576,0.18584169447422028,2.253222942352295,-78.63677215576172,-86.31733703613281,-0.8569062948226929,178.4727020263672,5730.0,-9428.0,3974.0,0,0,0,0,0
35544.758,1.7827904224395752,2.552076578140259,1.4066241979599,0.06442791223526001,-0.0408267006278038,0.004824965260922909,-0.8310427069664001,2.312394142150879,-79.43670654296875,181.60845947265625,-12.88976001739502,40.84803771972656,4334.0,-8329.0,2874.0,0,0,0,0,0
35554.628,1.7837190628051758,2.5515458583831787,1.4064096212387085,0.06580664962530136,-0.03621385991573334,-0.032966498285532,0.16786710917949677,2.296924114227295,-78.48432159423828,3.8346059322357178,-0.7454597353935242,-30.33940887451172,-2228.0,-7366.0,3013.0,0,0,0,0,0
35564.512,1.7847152948379517,2.551089286804199,1.406053066253662,0.06490340083837509,-0.030476205050945282,-0.028763387352228165,0.7450458407402039,2.224759101867676,-77.43086242675781,24.445816040039062,5.894692897796631,-283.34722900390625,-2792.0,-6932.0,3913.0,0,0,0,0,0
35574.377,1.7858644723892212,2.550720453262329,1.4061044454574585,0.06135920435190201,-0.022147949784994125,0.06727103143930435,0.9926358461380005,2.1979873180389404,-79.66719818115234,75.97499084472656,0.9922682642936707,-8.53696346282959,-2129.0,-6725.0,2717.0,0,0,0,0,0
35584.251,1.786781907081604,2.55049467086792,1.4064416885375977,0.06116456165909767,-0.018987562507390976,0.007419744040817022,1.5300188064575195,2.0976691246032715,-79.50254821777344,38.15908432006836,0.38170039653778076,360.9537353515625,-2958.0,-6768.0,1501.0,0,0,0,0,0
35594.126,1.787907361984253,2.5502748489379883,1.4066869020462036,0.056999851018190384,-0.013625655323266983,0.052158061414957047,2.023683547973633,2.202298641204834,-77.77780151367188,-64.4584732055664,-9.696395874023438,-42.71742630004883,-2391.0,-7688.0,2855.0,0,0,0,0,0
35604.011,1.788863182067871,2.550102710723877,1.4069523811340332,0.05447080731391907,-0.011309481225907803,0.014400113373994827,1.817542314529419,2.378422975540161,-77.30180358886719,-110.50406646728516,6.290107250213623,-158.37161254882812,1711.0,-8706.0,4585.0,0,0,0,0,0
35613.876,1.7896902561187744,2.5499470233917236,1.4068716764450073,0.050456732511520386,-0.008684229105710983,-0.016774244606494904,0.6971367597579956,2.4282658100128174,-78.2675552368164,-64.85919952392578,8.918045997619629,133.24127197265625,5600.0,-8395.0,4538.0,0,0,0,0,0
35623.75,1.7904458045959473,2.5498757362365723,1.4066798686981201,0.04785223677754402,-0.004491911269724369,-0.02384522743523121,-0.18960189819335938,2.386286973953247,-79.05270385742188,186.53076171875,-1.4827967882156372,145.59371948242188,4159.0,-7428.0,3773.0,0,0,0,0,0
35633.624,1.7911005020141602,2.5498602390289307,1.4062951803207397,0.04818349704146385,-0.0004140592645853758,-0.04585922509431839,0.7084241509437561,2.2849063873291016,-78.26020050048828,17.197956085205078,0.08652160316705704,49.348419189453125,-2667.0,-6707.0,3923.0,0,0,0,0,0
35643.51,1.7919882535934448,2.54990553855896,1.4058486223220825,0.046887293457984924,0.004276749212294817,-0.03375419229269028,1.5078020095825195,2.1751601696014404,-77.62980651855469,6.7396650314331055,10.514042854309082,-178.89013671875,-2625.0,-6642.0,4435.0,0,0,0,0,0
35653.374,1.7929012775421143,2.5500199794769287,1.4061232805252075,0.04113113135099411,0.011291014961898327,0.07624008506536484,1.2854688167572021,2.0984835624694824,-79.41897583007812,101.9847640991211,16.454574584960938,-95.24838256835938,-1950.0,-6527.0,3148.0,0,0,0,0,0
35663.248,1.7938700914382935,2.550232172012329,1.406651258468628,0.042479004710912704,0.013755934312939644,0.022865183651447296,2.1969211101531982,1.9074196815490723,-80.01240539550781,22.69649314880371,5.3575825691223145,277.183349609375,-3398.0,-6226.0,1295.0,0,0,0,0,0
35673.123,1.7947099208831787,2.5504684448242188,1.4072377681732178,0.0366087444126606,0.017624370753765106,0.07649268954992294,2.4890410900115967,1.9458123445510864,-78.17951965332031,-35.54081344604492,-10.9299955368042,-109.4749755859375,-3101.0,-7134.0,1947.0,0,0,0,0,0
35683.008,1.7952508926391602,2.5507047176361084,1.407903790473938,0.03331979364156723,0.01890699565410614,0.051110077649354935,2.670261859893799,2.092305898666382,-77.83193969726562,-147.14096069335938,18.085058212280273,-134.94277954101562,626.0,-8195.0,3129.0,0,0,0,0,0
35692.872,1.795850396156311,2.550969362258911,1.4081686735153198,0.029017947614192963,0.019790910184383392,0.0036857668310403824,1.3519530296325684,2.0088236331939697,-78.25091552734375,0.6330888271331787,20.819849014282227,16.57278823852539,5208.0,-7814.0,3283.0,0,0,0,0,0
35702.747,1.7963560819625854,2.5512568950653076,1.408146619796753,0.0263742133975029,0.021796148270368576,-0.014603628776967525,0.7390743494033813,1.9654860496520996,-79.21294403076172,165.80760192871094,6.6752753257751465,223.32015991210938,2505.0,-7103.0,2605.0,0,0,0,0,0
35712.625,1.796932578086853,2.5516409873962402,1.4079667329788208,0.026051590219140053,0.02489307150244713,-0.016937091946601868,1.831539273262024,1.85005784034729,-78.2602767944336,-16.713998794555664,-9.722841262817383,76.79692077636719,-3485.0,-6761.0,3045.0,0,0,0,0,0
35722.506,1.7975568771362305,2.5520553588867188,1.4079792499542236,0.02214524708688259,0.02785002626478672,0.017766684293746948,2.245388984680176,1.8633698225021362,-77.85643768310547,26.607664108276367,16.032289505004883,-95.83317565917969,-1885.0,-7229.0,3833.0,0,0,0,0,0
35732.371,1.7979395389556885,2.5524380207061768,1.4084959030151367,0.014841025695204735,0.03153686970472336,0.09735102951526642,1.8289285898208618,1.7268227338790894,-79.04790496826172,88.56033325195312,14.975659370422363,-61.27463912963867,-1748.0,-6737.0,2989.0,0,0,0,0,0
35742.25,1.7984265089035034,2.5530190467834473,1.409070372581482,0.015096312388777733,0.03343889117240906,0.055678483098745346,2.862456798553467,1.4845542907714844,-80.45915222167969,1.5174362659454346,2.4778857231140137,94.38426208496094,-3040.0,-6122.0,1113.0,0,0,0,0,0
35752.12,1.7989743947982788,2.553532361984253,1.409775733947754,0.009769161231815815,0.03485429659485817,0.08155424892902374,2.8846864700317383,1.5110920667648315,-78.90432739257812,1.5476994514465332,-9.9055814743042,-148.87608337402344,-2860.0,-7065.0,1150.0,0,0,0,0,0
35762.004,1.7994043827056885,2.554060459136963,1.410449743270874,0.007046838756650686,0.03525398671627045,0.06456907093524933,3.291120767593384,1.678586721420288,-78.32005310058594,-173.01080322265625,26.269445419311523,-128.45367431640625,-167.0,-8247.0,1997.0,0,0,0,0,0
35771.879,1.7996761798858643,2.554555892944336,1.4107043743133545,0.0027954066172242165,0.035003527998924255,0.008360234089195728,1.9191596508026123,1.544935703277588,-78.7750473022461,40.11192321777344,13.616633415222168,-130.26654052734375,4562.0,-7713.0,2178.0,0,0,0,0,0
35781.742,1.799796462059021,2.5549910068511963,1.4105355739593506,0.00044495525071397424,0.03495893254876137,-0.03320180997252464,1.4806640148162842,1.5050487518310547,-79.54267883300781,85.1719970703125,22.562231063842773,267.6770935058594,1993.0,-7192.0,1412.0,0,0,0,0,0
35791.618,1.8000315427780151,2.5555319786071777,1.4099489450454712,-0.000576652295421809,0.03624177351593971,-0.04672778770327568,2.065068006515503,1.372728943824768,-78.74441528320312,-10.577619552612305,-14.057964324951172,-68.2686996459961,-2801.0,-6852.0,1848.0,0,0,0,0,0
35801.502,1.8003249168395996,2.5561282634735107,1.4097000360488892,-0.005676329135894775,0.03793555125594139,0.012624919414520264,2.689966917037964,1.4286296367645264,-78.67479705810547,-17.80572509765625,31.335023880004883,2.591344118118286,-1304.0,-7482.0,2435.0,0,0,0,0,0
35811.371,1.8005986213684082,2.556748390197754,1.4099185466766357,-0.011259648017585278,0.03938326984643936,0.052497003227472305,1.8208786249160767,1.262714147567749,-78.48945617675781,70.24237823486328,12.958197593688965,-121.3812026977539,-1050.0,-6721.0,2409.0,0,0,0,0,0
35821.245,1.8008750677108765,2.557353973388672,1.4103606939315796,-0.012008776888251305,0.04047209396958351,0.04896000027656555,2.8900818824768066,1.0018057823181152,-80.68115997314453,-41.20214080810547,0.5628969669342041,74.48182678222656,-2127.0,-5950.0,970.0,0,0,0,0,0
35831.118,1.800894021987915,2.557854652404785,1.4107927083969116,-0.016377493739128113,0.03996780887246132,0.045055028051137924,2.494152307510376,0.9663696885108948,-78.88290405273438,67.93659210205078,-2.0952465534210205,23.607030868530273,-1441.0,-6592.0,998.0,0,0,0,0,0
35841.009,1.8009986877441406,2.5584537982940674,1.411095380783081,-0.01848231442272663,0.03963455930352211,0.035138506442308426,2.99924635887146,1.0205578804016113,-78.34976196289062,-184.6297607421875,10.837959289550781,-35.6524658203125,-1194.0,-7596.0,2058.0,0,0,0,0,0
35850.865,1.8010013103485107,2.5590479373931885,1.4110685586929321,-0.021708538755774498,0.038757894188165665,-0.011748883873224258,1.9354569911956787,0.9515696167945862,-78.82852172851562,1.0709649324417114,6.78818941116333,-94.36771392822266,4391.0,-7447.0,2638.0,0,0,0,0,0
35860.745,1.8009759187698364,2.559664487838745,1.410538911819458,-0.0235285647213459,0.03800995647907257,-0.07650811225175858,0.9232059121131897,0.8547809720039368,-78.7416763305664,33.87458038330078,18.48743438720703,183.52273559570312,2822.0,-7061.0,2484.0,0,0,0,0,0
35870.623,1.8008406162261963,2.5601484775543213,1.4094740152359009,-0.02287297137081623,0.03778964281082153,-0.11214491724967957,1.545531988143921,0.7269740700721741,-79.3698959350586,33.680545806884766,-22.39164924621582,-88.71795654296875,-1225.0,-6652.0,2463.0,0,0,0,0,0
35880.5,1.8008158206939697,2.560784339904785,1.4087090492248535,-0.027297211810946465,0.038157351315021515,-0.019546689465641975,1.9944738149642944,0.7441142797470093,-78.68314361572266,-71.1411361694336,26.276473999023438,214.3065948486328,-1138.0,-7460.0,2550.0,0,0,0,0,0
35890.373,1.80075204372406,2.5613784790039062,1.4085054397583008,-0.030547307804226875,0.03781498968601227,0.007249573711305857,1.1689190864562988,0.7160938382148743,-78.11967468261719,116.77455139160156,7.678649425506592,-198.24481201171875,-343.0,-7299.0,3074.0,0,0,0,0,0
35900.238,1.800765872001648,2.5620033740997314,1.4085657596588135,-0.03051801584661007,0.03812095522880554,0.015008431859314442,2.1423988342285156,0.5393214821815491,-80.37224578857422,-62.18670654296875,10.956255912780762,112.57819366455078,-2183.0,-6811.0,1723.0,0,0,0,0,0
35910.116,1.8007144927978516,2.5626120567321777,1.4087748527526855,-0.03327719494700432,0.037523120641708374,0.0288081131875515,1.7997231483459473,0.4976028501987457,-79.16560363769531,73.69627380371094,-6.266080856323242,-1.586463451385498,-901.0,-7014.0,1316.0,0,0,0,0,0
35919.996,1.80049467086792,2.563098907470703,1.4089159965515137,-0.03367309272289276,0.03628624230623245,-0.0047878301702439785,2.111492395401001,0.5701018571853638,-78.94587707519531,-137.16690063476562,-12.918740272521973,-112.98089599609375,-1699.0,-7994.0,1660.0,0,0,0,0,0
35929.863,1.800391674041748,2.5637121200561523,1.4087368249893188,-0.035432446748018265,0.03533391281962395,-0.019712289795279503,1.7887455224990845,0.683408796787262,-79.17400360107422,-43.65462875366211,5.559803009033203,35.995208740234375,2904.0,-8636.0,1768.0,0,0,0,0,0
35939.736,1.8001734018325806,2.564274787902832,1.40803861618042,-0.03741787001490593,0.033885229378938675,-0.10263729840517044,0.452798992395401,0.6826447248458862,-78.58645629882812,63.74945831298828,9.041866302490234,-18.272663116455078,2528.0,-8490.0,1982.0,0,0,0,0,0
35949.611,1.7999669313430786,2.564847707748413,1.4066872596740723,-0.0354873463511467,0.03365921601653099,-0.138173907995224,1.251934289932251,0.720177412033081,-79.779052734375,29.84227752685547,-23.12430763244629,-89.33094024658203,-1374.0,-8097.0,1701.0,0,0,0,0,0
35959.496,1.799815058708191,2.565436363220215,1.4058345556259155,-0.03917761892080307,0.0344797745347023,-0.025849832221865654,1.5768811702728271,0.7587812542915344,-79.00531005859375,-40.93425750732422,12.626253128051758,256.2378234863281,-1200.0,-8565.0,1605.0,0,0,0,0,0
35969.36,1.7996405363082886,2.5660219192504883,1.4056575298309326,-0.04108772799372673,0.03424621745944023,-0.009123497642576694,0.950285017490387,0.8738837838172913,-78.15890502929688,122.21156311035156,8.177650451660156,-192.8346710205078,-781.0,-8495.0,2469.0,0,0,0,0,0
35979.243,1.7993800640106201,2.56648588180542,1.4056798219680786,-0.04183236137032509,0.03467061370611191,0.019629204645752907,1.908456802368164,0.7313864827156067,-80.03284454345703,-54.16992950439453,14.671697616577148,54.677555084228516,-2507.0,-7582.0,1749.0,0,0,0,0,0
35989.123,1.7992058992385864,2.5670418739318848,1.4059721231460571,-0.044241975992918015,0.0346723310649395,0.03900083526968956,1.6102153062820435,0.6027498841285706,-79.17337799072266,60.24440383911133,2.8374695777893066,5.913620471954346,-1076.0,-7021.0,1596.0,0,0,0,0,0
35998.994,1.7989925146102905,2.567593574523926,1.4061675071716309,-0.04396123066544533,0.03408174216747284,0.004816765896975994,1.8890968561172485,0.5993573665618896,-78.71475219726562,-89.03474426269531,-7.950162410736084,-130.1688995361328,-1894.0,-7429.0,2242.0,0,0,0,0,0
36008.861,1.7987792491912842,2.5681474208831787,1.4062111377716064,-0.045563384890556335,0.03350844606757164,0.005356429144740105,1.7589337825775146,0.5961716771125793,-78.94615173339844,-29.88507843017578,5.3769850730896,-56.10673141479492,1271.0,-7907.0,2639.0,0,0,0,0,0
36018.732,1.798427939414978,2.568570852279663,1.4056174755096436,-0.04618040472269058,0.03179645910859108,-0.11366444081068039,0.8250430226325989,0.54290372133255,-78.68388366699219,64.85733795166016,9.479325294494629,43.190975189208984,901.0,-7974.0,2764.0,0,0,0,0,0
36028.608,1.7981626987457275,2.5690977573394775,1.4043117761611938,-0.045017994940280914,0.03150572255253792,-0.12802553176879883,1.5868902206420898,0.5535797476768494,-79.16368865966797,-22.497385025024414,-16.880931854248047,-40.50333786010742,-1652.0,-7914.0,2711.0,0,0,0,0,0
36038.492,1.797892451286316,2.5696396827697754,1.4037258625030518,-0.04984475299715996,0.03161761537194252,0.005492500029504299,1.5332632064819336,0.5611335635185242,-78.9202651977539,24.654600143432617,-5.498405456542969,-18.414501190185547,-610.0,-8398.0,2654.0,0,0,0,0,0
36048.357,1.797582983970642,2.570169448852539,1.4037176370620728,-0.05058681219816208,0.03089446760714054,-0.007594625931233168,1.3504016399383545,0.6437792181968689,-78.97938537597656,79.69023895263672,1.374411702156067,-47.51302719116211,-1561.0,-8693.0,2269.0,0,0,0,0,0
36058.241,1.797326922416687,2.5707032680511475,1.4039632081985474,-0.05238807201385498,0.03105239011347294,0.042869243770837784,2.174506187438965,0.6020901203155518,-80.23697662353516,-27.442955017089844,-4.764490127563477,91.9292984008789,-2719.0,-8319.0,1123.0,0,0,0,0,0
36068.107,1.797010064125061,2.57124400138855,1.4045642614364624,-0.055096156895160675,0.030702054500579834,0.060687556862831116,1.9480798244476318,0.6182823777198792,-79.20860290527344,30.4057674407959,-12.590672492980957,-21.522130966186523,-1390.0,-8344.0,1101.0,0,0,0,0,0
36078.003,1.7965668439865112,2.571662664413452,1.4049097299575806,-0.05495341494679451,0.029514141380786896,0.008120952174067497,2.0260400772094727,0.7284266948699951,-78.65592193603516,-11.033915519714355,-25.7606201171875,-45.24403762817383,-1790.0,-9314.0,1727.0,0,0,0,0,0
36087.863,1.7962217330932617,2.5721936225891113,1.405119776725769,-0.05687445402145386,0.028961578384041786,0.020066119730472565,2.2246510982513428,0.9894556999206543,-79.33611297607422,-10.445334434509277,-5.519542694091797,-0.5795907378196716,-1251.0,-10368.0,1715.0,0,0,0,0,0
36097.733,1.7958109378814697,2.5727286338806152,1.4046858549118042,-0.05431466922163963,0.02743324264883995,-0.10818452388048172,2.0367584228515625,1.0968576669692993,-79.40010070800781,26.889625549316406,-9.351922988891602,-26.947673797607422,-1476.0,-10313.0,1580.0,0,0,0,0,0
36107.607,1.795387864112854,2.5732581615448,1.4038894176483154,-0.056710269302129745,0.027922309935092926,-0.08977358788251877,2.4240846633911133,1.2711540460586548,-78.87301635742188,-74.26786041259766,-5.696220397949219,51.60319900512695,-1166.0,-10078.0,1738.0,0,0,0,0,0
36117.49,1.7948240041732788,2.5736501216888428,1.4036554098129272,-0.06493417918682098,0.030148945748806,0.04674215987324715,1.7799687385559082,1.292978286743164,-79.13165283203125,48.6235466003418,-31.30311393737793,-207.76626586914062,-178.0,-9765.0,1905.0,0,0,0,0,0
36127.356,1.7942900657653809,2.5741610527038574,1.403910756111145,-0.06440071761608124,0.02979929931461811,0.002550858771428466,2.1510772705078125,1.4535471200942993,-79.98576354980469,-43.69631576538086,9.778671264648438,103.11612701416016,-1256.0,-9968.0,1236.0,0,0,0,0,0
36137.238,1.7937060594558716,2.5746653079986572,1.4042006731033325,-0.06893008947372437,0.03161666542291641,0.05476643517613411,1.8856080770492554,1.4319568872451782,-78.5811767578125,1.5477330684661865,8.463933944702148,92.48230743408203,-892.0,-9199.0,1870.0,0,0,0,0,0
36147.105,1.7930915355682373,2.575178384780884,1.4048117399215698,-0.0710812583565712,0.03258019685745239,0.062163546681404114,1.9017465114593506,1.3667775392532349,-78.1117935180664,-56.6940803527832,20.379070281982422,-4.235233783721924,-155.0,-8498.0,3362.0,0,0,0,0,0
36156.99,1.7924778461456299,2.575695276260376,1.405218243598938,-0.07188035547733307,0.032296545803546906,0.00409685866907239,1.2687532901763916,1.231860876083374,-78.00491333007812,114.10028839111328,-10.90472412109375,27.405895233154297,523.0,-8153.0,4501.0,0,0,0,0,0
36166.865,1.791886806488037,2.5762243270874023,1.4052422046661377,-0.07199150323867798,0.03272904455661774,0.0006723073893226683,1.666157603263855,1.2936900854110718,-78.22859954833984,-19.320907592773438,-7.673228740692139,78.58621215820312,-3228.0,-9267.0,5051.0,0,0,0,0,0
36176.733,1.791199803352356,2.5766587257385254,1.4047362804412842,-0.0678018182516098,0.030687203630805016,-0.11689253151416779,2.269684314727783,1.484450340270996,-78.1115493774414,-30.956846237182617,-15.231369972229004,-49.928672790527344,-2415.0,-10300.0,5687.0,0,0,0,0,0
36186.615,1.7905609607696533,2.577183961868286,1.4036329984664917,-0.07161538302898407,0.03158018738031387,-0.09018798172473907,1.6979515552520752,1.5744293928146362,-77.58260345458984,-93.68175506591797,11.456775665283203,176.6970977783203,829.0,-10524.0,5681.0,0,0,0,0,0
36196.488,1.7897390127182007,2.5777201652526855,1.4031059741973877,-0.07592379301786423,0.03425296023488045,-0.007599210832268,0.8540612459182739,1.5476053953170776,-79.0028305053711,73.79893493652344,-23.434385299682617,-224.33966064453125,1233.0,-9776.0,4514.0,0,0,0,0,0
36206.353,1.7889000177383423,2.5782783031463623,1.4031258821487427,-0.07560747116804123,0.03520029038190842,-0.013168946839869022,1.6769630908966064,1.6206079721450806,-80.79442596435547,-106.45120239257812,29.146509170532227,227.2738494873047,-813.0,-9929.0,1860.0,0,0,0,0,0
36216.235,1.7880425453186035,2.5787394046783447,1.4032535552978516,-0.07926063984632492,0.037179578095674515,0.03831550106406212,0.8736631274223328,1.6074522733688354,-78.53482055664062,17.163484573364258,0.5754838585853577,-6.042275905609131,318.0,-9531.0,1692.0,0,0,0,0,0
36226.102,1.7871251106262207,2.5793206691741943,1.403740406036377,-0.07987911999225616,0.03827981278300285,0.040988557040691376,0.9648048281669617,1.6432191133499146,-78.37568664550781,-78.16873168945312,26.920154571533203,-38.33299255371094,234.0,-9446.0,2524.0,0,0,0,0,0
36235.985,1.7862151861190796,2.5799026489257812,1.403983235359192,-0.08077076077461243,0.03864026069641113,0.004662490449845791,0.3432171046733856,1.46642005443573,-78.42011260986328,173.0369873046875,-14.090004920959473,-90.67140197753906,394.0,-8862.0,3109.0,0,0,0,0,0
36245.854,1.7853716611862183,2.580502510070801,1.403836727142334,-0.07837347686290741,0.03869328275322914,-0.03227662295103073,1.3310365676879883,1.5830726623535156,-78.69695281982422,19.088897705078125,-9.4724760055542,146.13668823242188,-5395.0,-9964.0,3222.0,0,0,0,0,0
36255.726,1.7845587730407715,2.581109046936035,1.4031809568405151,-0.07517063617706299,0.0378122553229332,-0.10362418740987778,2.387967586517334,1.7909533977508545,-78.06475830078125,-99.22193908691406,-14.788591384887695,37.649295806884766,-4454.0,-11096.0,4067.0,0,0,0,0,0
36265.601,1.783591866493225,2.5816924571990967,1.4024529457092285,-0.08028680831193924,0.03898842632770538,-0.06966831535100937,1.4587100744247437,1.9361801147460938,-77.59679412841797,-51.53759002685547,23.88587188720703,75.99246215820312,1102.0,-11288.0,4648.0,0,0,0,0,0
36275.484,1.782698392868042,2.582232713699341,1.4019510746002197,-0.0832013189792633,0.041175827383995056,-0.03009401634335518,0.6558739542961121,1.8357340097427368,-79.00534057617188,73.51482391357422,-22.911415100097656,-33.07634353637695,1403.0,-10281.0,3740.0,0,0,0,0,0
36285.354,1.7815924882888794,2.5828475952148438,1.4018646478652954,-0.08423661440610886,0.043196868151426315,2.6157887987210415e-05,1.3918899297714233,1.9528075456619263,-80.10738372802734,-116.23180389404297,20.26557159423828,303.771728515625,-501.0,-10652.0,2062.0,0,0,0,0,0
36295.231,1.7803659439086914,2.5834453105926514,1.4021025896072388,-0.08780444413423538,0.045328836888074875,0.035965025424957275,0.3132443428039551,1.9802510738372803,-77.48638916015625,8.082250595092773,-1.1511794328689575,-79.67961883544922,1451.0,-10508.0,3157.0,0,0,0,0,0
36305.095,1.7791953086853027,2.584075450897217,1.4025993347167969,-0.08820223808288574,0.046891313046216965,0.043743882328271866,0.20013196766376495,1.9946892261505127,-77.9489517211914,-73.28010559082031,1.9165892601013184,-163.4301300048828,1181.0,-10139.0,4343.0,0,0,0,0,0
36314.979,1.7781928777694702,2.5846309661865234,1.402872085571289,-0.08808404952287674,0.04672368988394737,-0.0010853629792109132,-0.2933405041694641,1.8748172521591187,-78.68067169189453,163.6111602783203,-3.052765369415283,-89.36117553710938,10.0,-9683.0,4380.0,0,0,0,0,0
36324.845,1.7770190238952637,2.5853970050811768,1.4023921489715576,-0.08512143045663834,0.04700528830289841,-0.061328522861003876,0.8722533583641052,1.8453251123428345,-78.66654968261719,36.588523864746094,-11.664307594299316,107.404052734375,-6222.0,-9859.0,4049.0,0,0,0,0,0
36334.731,1.776017665863037,2.5860512256622314,1.4016809463500977,-0.0836813673377037,0.04715206101536751,-0.09106823056936264,1.9504830837249756,1.9566304683685303,-77.7245101928711,-194.89486694335938,8.903029441833496,-78.78076934814453,-4909.0,-10765.0,4610.0,0,0,0,0,0
36344.601,1.7748440504074097,2.5866875648498535,1.4010258913040161,-0.08842743933200836,0.0487351194024086,-0.049200158566236496,0.5186953544616699,1.938922643661499,-78.34622955322266,6.6662116050720215,19.610179901123047,-317.7347106933594,2413.0,-10452.0,4521.0,0,0,0,0,0
36354.479,1.7734655141830444,2.5873756408691406,1.4004939794540405,-0.08961869031190872,0.049745671451091766,-0.058377236127853394,0.10493387281894684,1.740303874015808,-80.14823913574219,31.54766082763672,-1.1948142051696777,182.99050903320312,1747.0,-9547.0,2255.0,0,0,0,0,0
36364.343,1.7723414897918701,2.5879557132720947,1.400363802909851,-0.08976093679666519,0.05240930616855621,0.01318374089896679,0.32505905628204346,1.7696479558944702,-79.17686462402344,-91.23340606689453,6.079104423522949,255.68142700195312,200.0,-10130.0,1139.0,0,0,0,0,0
36374.217,1.7709085941314697,2.588613510131836,1.4007171392440796,-0.09133941680192947,0.05302220582962036,0.016978535801172256,-0.5676583051681519,1.7802445888519287,-77.38162231445312,8.655939102172852,3.6199331283569336,-154.55067443847656,1698.0,-10438.0,2460.0,0,0,0,0,0
36384.093,1.7695297002792358,2.589282512664795,1.4012057781219482,-0.09051288664340973,0.05488637462258339,0.04642951861023903,-0.7259979248046875,1.7172776460647583,-78.49224853515625,-14.532737731933594,12.694342613220215,65.94831848144531,1269.0,-10174.0,3200.0,0,0,0,0,0
36393.977,1.7682592868804932,2.5899622440338135,1.4015278816223145,-0.0898057296872139,0.05415690317749977,-0.011991388164460659,-0.8682584166526794,1.588355541229248,-78.8917007446289,173.3021240234375,6.3008012771606445,67.49740600585938,-928.0,-9693.0,2966.0,0,0,0,0,0
36403.842,1.7670812606811523,2.5906660556793213,1.4012856483459473,-0.08618029206991196,0.05412491410970688,-0.05825838819146156,0.49538180232048035,1.5197744369506836,-78.26380157470703,71.43057250976562,-9.584121704101562,-1.115809440612793,-6949.0,-9840.0,3506.0,0,0,0,0,0
36413.716,1.7661248445510864,2.5913021564483643,1.4007710218429565,-0.08525311201810837,0.05418628081679344,-0.05399800091981888,1.435848355293274,1.6012861728668213,-77.74242401123047,-231.416015625,38.46359634399414,-10.80660629272461,-4953.0,-10552.0,4221.0,0,0,0,0,0
36423.601,1.7648969888687134,2.591961622238159,1.4004669189453125,-0.08888321369886398,0.054617561399936676,-0.03240483999252319,-0.36672765016555786,1.3371187448501587,-78.29331970214844,19.84004020690918,9.017948150634766,-371.6798095703125,2545.0,-9428.0,4478.0,0,0,0,0,0
36433.488,1.7635513544082642,2.59261417388916,1.40021550655365,-0.08853991329669952,0.05451754853129387,-0.0423843078315258,-0.4908996522426605,1.1957048177719116,-80.17407989501953,-31.94247817993164,9.584759712219238,195.13792419433594,2424.0,-9155.0,2839.0,0,0,0,0,0
36443.34,1.762083649635315,2.5932552814483643,1.4004191160202026,-0.08756463974714279,0.056074924767017365,0.037831861525774,-0.7749438285827637,1.1824889183044434,-78.57725524902344,-103.51182556152344,2.5971367359161377,158.74659729003906,1747.0,-9948.0,2193.0,0,0,0,0,0
36453.214,1.760496973991394,2.5939290523529053,1.4009419679641724,-0.08741012215614319,0.05533468350768089,0.029751917347311974,-1.7132256031036377,1.1669442653656006,-77.435546875,-13.49766731262207,4.160256862640381,-236.37808227539062,2882.0,-10331.0,3544.0,0,0,0,0,0
36463.088,1.7592853307724,2.594594717025757,1.4015207290649414,-0.08287079632282257,0.056052904576063156,0.05693701654672623,-1.8712712526321411,1.1138933897018433,-78.72026824951172,42.14597702026367,15.838883399963379,-89.20903778076172,1454.0,-10215.0,3997.0,0,0,0,0,0
36472.973,1.757930040359497,2.595264434814453,1.4017677307128906,-0.08037205785512924,0.05462517589330673,-0.03402526676654816,-1.2101624011993408,0.9207601547241211,-78.66194915771484,136.353515625,9.540384292602539,70.58954620361328,-2312.0,-9732.0,3577.0,0,0,0,0,0
36482.851,1.7567118406295776,2.5959553718566895,1.4016592502593994,-0.07659447938203812,0.054640378803014755,-0.016236545518040657,0.3617544174194336,0.8873385787010193,-77.8492660522461,79.06771850585938,0.32536378502845764,-87.0506591796875,-7056.0,-9703.0,3864.0,0,0,0,0,0
36492.713,1.7556270360946655,2.5966742038726807,1.4016051292419434,-0.07693418115377426,0.053797997534275055,-0.007794128265231848,-0.20664499700069427,0.7617747187614441,-79.11798095703125,-191.8355712890625,56.0120849609375,235.95655822753906,-4470.0,-10009.0,4111.0,0,0,0,0,0
36502.587,1.7543877363204956,2.5973119735717773,1.4015170335769653,-0.07718760520219803,0.05294986069202423,-0.02713223174214363,-0.979548990726471,0.37038275599479675,-79.43048858642578,26.649953842163086,10.573280334472656,-254.69078063964844,1889.0,-8863.0,3280.0,0,0,0,0,0
36512.472,1.7541788816452026,2.5973258018493652,1.4015835523605347,-0.0778680369257927,0.05298091098666191,-0.026823747903108597,-0.9750877618789673,0.3732903003692627,-79.43648529052734,-57.415733337402344,26.277090072631836,122.26874542236328,2448.0,-8399.0,1734.0,0,0,0,0,0
36522.337,1.7528373003005981,2.5978362560272217,1.4017478227615356,-0.07551336288452148,0.051913030445575714,0.032776929438114166,-1.4783198833465576,0.3054400086402893,-79.19174194335938,-62.887725830078125,-8.86502742767334,-57.692543029785156,2044.0,-9288.0,1607.0,0,0,0,0,0
36532.211,1.7514899969100952,2.598322629928589,1.4022477865219116,-0.07323276251554489,0.05049373582005501,0.04744919016957283,-1.7278095483779907,0.26905667781829834,-78.2509994506836,-41.91505432128906,17.4542293548584,-189.07411193847656,2221.0,-9939.0,2593.0,0,0,0,0,0
36542.09,1.750291347503662,2.598806142807007,1.4029123783111572,-0.07016059011220932,0.04938168823719025,0.06683790683746338,-2.388056516647339,0.11982971429824829,-77.84974670410156,93.98623657226562,16.86055564880371,-98.41690063476562,1013.0,-9442.0,3609.0,0,0,0,0,0
36551.97,1.7485893964767456,2.5997796058654785,1.4033924341201782,-0.062340933829545975,0.0469459630548954,-0.03730145841836929,-0.9131500124931335,-0.19721028208732605,-78.58090209960938,116.75650787353516,9.046704292297363,96.03487396240234,-3500.0,-8899.0,3757.0,0,0,0,0,0
36561.835,1.7484780550003052,2.5997800827026367,1.4033993482589722,-0.06269480288028717,0.04694761335849762,-0.03726791962981224,-0.9131500124931335,-0.19721028208732605,-78.58090209960938,102.80030822753906,2.2540488243103027,-82.42315673828125,-7421.0,-8798.0,3743.0,0,0,0,0,0
36571.715,1.7476228475570679,2.600304126739502,1.4032479524612427,-0.059633877128362656,0.045018598437309265,-0.008323644287884235,0.499444842338562,-0.2230534851551056,-78.37271118164062,-145.00099182128906,43.976783752441406,202.79696655273438,-5753.0,-9356.0,3521.0,0,0,0,0,0
36581.584,1.7464826107025146,2.600969076156616,1.4027761220932007,-0.06133286654949188,0.04317494481801987,-0.007252509705722332,-0.041263990104198456,-0.3686755299568176,-78.81311798095703,24.177013397216797,3.257859706878662,-170.83114624023438,278.0,-8557.0,3263.0,0,0,0,0,0
36591.468,1.745490312576294,2.6013436317443848,1.4026083946228027,-0.06196235492825508,0.04113111272454262,-0.04052511230111122,-0.5906602740287781,-0.6729236245155334,-79.04156494140625,-94.61844635009766,17.207143783569336,134.29930114746094,1778.0,-8291.0,2281.0,0,0,0,0,0
36601.341,1.7437520027160645,2.6020078659057617,1.4027154445648193,-0.05667543038725853,0.03478483855724335,0.028447560966014862,-1.476906180381775,-0.765059232711792,-78.56759643554688,-15.476057052612305,-15.17375373840332,-141.9409942626953,2475.0,-8921.0,1980.0,0,0,0,0,0
36611.207,1.743501901626587,2.6019551753997803,1.4027526378631592,-0.057495951652526855,0.03462596610188484,0.02860693447291851,-1.4707645177841187,-0.7644554972648621,-78.5658950805664,-88.1683578491211,25.241878509521484,-8.642952919006348,2155.0,-9470.0,2388.0,0,0,0,0,0
36621.082,1.742442011833191,2.6021640300750732,1.403163194656372,-0.055205073207616806,0.03176207095384598,0.03873133286833763,-2.165780544281006,-0.8779361248016357,-78.30306243896484,148.04522705078125,15.428509712219238,-82.08370971679688,1407.0,-9068.0,2988.0,0,0,0,0,0
36630.967,1.741614580154419,2.6023762226104736,1.4033361673355103,-0.052181582897901535,0.029801666736602783,-0.0058595482259988785,-1.7379021644592285,-0.9485243558883667,-79.09468078613281,72.0180892944336,16.399580001831055,112.90977478027344,-3798.0,-8876.0,2510.0,0,0,0,0,0
36640.832,1.740943431854248,2.602573871612549,1.403037428855896,-0.04811810329556465,0.028265925124287605,-0.050473663955926895,-0.5965056419372559,-1.1011300086975098,-79.07735443115234,78.53607177734375,-5.452365875244141,-127.52197265625,-6455.0,-8581.0,2295.0,0,0,0,0,0
36650.706,1.7404334545135498,2.6028082370758057,1.402659296989441,-0.045196209102869034,0.025140397250652313,-0.03369175270199776,0.31243976950645447,-1.1937662363052368,-79.00556182861328,-37.88211441040039,18.17595100402832,64.10956573486328,-5652.0,-8708.0,2047.0,0,0,0,0,0
36660.58,1.7398148775100708,2.602950096130371,1.4024289846420288,-0.044854771345853806,0.02149582840502262,-0.019755780696868896,0.36643582582473755,-1.3205444812774658,-78.82128143310547,-58.15007400512695,10.43459415435791,115.62633514404297,-1440.0,-8339.0,1917.0,0,0,0,0,0
36670.465,1.7390443086624146,2.603022336959839,1.4020211696624756,-0.04606521502137184,0.019072121009230614,-0.06419255584478378,-0.29549118876457214,-1.5056202411651611,-79.38674926757812,-93.31507110595703,3.7757396697998047,-16.838560104370117,2092.0,-8172.0,1578.0,0,0,0,0,0
36680.33,1.738116979598999,2.6030120849609375,1.401654839515686,-0.045127447694540024,0.014061866328120232,-0.016139155253767967,-1.1368430852890015,-1.5455952882766724,-79.05380249023438,3.517791509628296,3.1612515449523926,101.1352767944336,4035.0,-8611.0,1701.0,0,0,0,0,0
36690.205,1.7371808290481567,2.60295033454895,1.4015636444091797,-0.04380005970597267,0.010459576733410358,-0.010411271825432777,-1.9260220527648926,-1.632278561592102,-78.5606460571289,-91.72547149658203,-0.27623605728149414,176.87673950195312,3210.0,-8938.0,2335.0,0,0,0,0,0
36700.079,1.7359507083892822,2.602952718734741,1.4012877941131592,-0.037380218505859375,0.005856201983988285,-0.04949437081813812,-2.4629592895507812,-1.694740891456604,-78.58954620361328,158.90130615234375,-3.317456007003784,-189.7743682861328,2377.0,-9145.0,2816.0,0,0,0,0,0
36709.963,1.735790729522705,2.6028592586517334,1.4012824296951294,-0.0379270538687706,0.0055931806564331055,-0.04951699823141098,-2.4629592895507812,-1.694740891456604,-78.58954620361328,37.30169677734375,-5.349833011627197,74.6895751953125,-3139.0,-8631.0,2877.0,0,0,0,0,0
36719.828,1.7352122068405151,2.6027157306671143,1.40073823928833,-0.03240995109081268,0.003074985696002841,-0.050712328404188156,-1.2718608379364014,-1.7762771844863892,-78.8956527709961,24.737260818481445,4.323899269104004,-157.70213317871094,-4969.0,-8353.0,2859.0,0,0,0,0,0
36729.703,1.7347667217254639,2.6025569438934326,1.400294303894043,-0.029061326757073402,-0.0001720435539027676,-0.041109904646873474,-0.8971757292747498,-1.8893781900405884,-79.082763671875,53.82398986816406,1.3377779722213745,-62.46162033081055,-4135.0,-8140.0,2503.0,0,0,0,0,0
36739.577,1.734094262123108,2.6023128032684326,1.399872064590454,-0.025442618876695633,-0.006296743173152208,-0.04955016076564789,-0.9018268585205078,-1.959135890007019,-79.79460906982422,-154.6453094482422,17.884170532226562,190.36520385742188,-2402.0,-8339.0,2182.0,0,0,0,0,0
36749.466,1.7337566614151,2.60208797454834,1.3998411893844604,-0.026429498568177223,-0.00688411109149456,-0.049685388803482056,-0.9018268585205078,-1.959135890007019,-79.79460906982422,-80.55239868164062,-0.21025621891021729,-77.16187286376953,2928.0,-8548.0,1602.0,0,0,0,0,0
36759.326,1.7332910299301147,2.6018805503845215,1.3995323181152344,-0.023545339703559875,-0.011234746314585209,-0.004735059570521116,-2.1845498085021973,-2.072239875793457,-78.42011260986328,-65.15192413330078,14.18753719329834,146.3419647216797,5455.0,-8549.0,2095.0,0,0,0,0,0
36769.201,1.7326008081436157,2.6014907360076904,1.3995022773742676,-0.020522454753518105,-0.014649536460638046,0.0019252814818173647,-3.10195255279541,-2.0526695251464844,-78.56310272216797,-49.39125061035156,-12.174851417541504,118.36133575439453,5175.0,-8792.0,2719.0,0,0,0,0,0
36779.076,1.7320142984390259,2.601067304611206,1.3996543884277344,-0.014394450932741165,-0.01803874969482422,0.025925412774086,-3.762770175933838,-1.9480063915252686,-78.9852066040039,137.3242950439453,-0.2554689943790436,-124.81527709960938,2626.0,-9129.0,2902.0,0,0,0,0,0
36788.969,1.7316335439682007,2.60062575340271,1.3995124101638794,-0.011507184244692326,-0.018572136759757996,-0.030320774763822556,-3.4262454509735107,-2.0533390045166016,-78.63534545898438,39.834312438964844,-0.03930387273430824,55.415401458740234,-3025.0,-8421.0,2938.0,0,0,0,0,0
36798.824,1.7315165996551514,2.60029935836792,1.3992761373519897,-0.0030680738855153322,-0.020886972546577454,-0.00537074264138937,-2.279677629470825,-2.104860544204712,-78.83219146728516,0.1502484828233719,21.431537628173828,-126.86363220214844,-4222.0,-8054.0,2946.0,0,0,0,0,0
36808.707,1.731471300125122,2.5998220443725586,1.399227499961853,0.0026108950842171907,-0.024118665605783463,0.02215077541768551,-2.106787919998169,-2.1767146587371826,-79.25833892822266,93.70877075195312,-9.672410011291504,-176.099609375,-3526.0,-7669.0,2473.0,0,0,0,0,0
36818.582,1.7312135696411133,2.599151849746704,1.3992851972579956,0.00628616102039814,-0.027128517627716064,0.025745999068021774,-1.2702112197875977,-2.2746312618255615,-78.89131927490234,-190.60040283203125,6.047873020172119,231.87930297851562,-2726.0,-8098.0,2168.0,0,0,0,0,0
36828.458,1.7310675382614136,2.5985803604125977,1.399196743965149,0.006405966356396675,-0.029225360602140427,-0.016118278726935387,-1.7885711193084717,-2.1493029594421387,-78.90608215332031,-50.748252868652344,-16.448516845703125,-129.03375244140625,3088.0,-8782.0,2809.0,0,0,0,0,0
36838.323,1.7308235168457031,2.5979666709899902,1.3990601301193237,0.009690679609775543,-0.03269584849476814,0.013262090273201466,-2.9286599159240723,-2.1898326873779297,-77.61212158203125,-69.54122924804688,4.329353332519531,110.86048889160156,5171.0,-8996.0,3859.0,0,0,0,0,0
36848.197,1.7307463884353638,2.5974533557891846,1.3990346193313599,0.012966659851372242,-0.03457982465624809,5.653168045682833e-06,-3.7311110496520996,-2.0017919540405273,-78.51136779785156,-17.706777572631836,-16.229488372802734,52.91864013671875,4898.0,-9432.0,4056.0,0,0,0,0,0
36858.071,1.7306089401245117,2.5967671871185303,1.399001955986023,0.01933392696082592,-0.03654582053422928,0.013048285618424416,-4.172381401062012,-1.8763136863708496,-78.73006439208984,125.70024108886719,1.8218916654586792,-67.18392944335938,2069.0,-9406.0,3856.0,0,0,0,0,0
36867.972,1.7306591272354126,2.5960705280303955,1.3986839056015015,0.022782089188694954,-0.036207545548677444,-0.04054083675146103,-3.554135799407959,-1.9549025297164917,-78.59999084472656,61.5070915222168,-0.25839999318122864,22.9803524017334,-3138.0,-8369.0,3685.0,0,0,0,0,0
36877.821,1.7309471368789673,2.5953986644744873,1.3981751203536987,0.03078051283955574,-0.03769197687506676,-0.01919448748230934,-2.4014744758605957,-2.0013153553009033,-78.51433563232422,-0.8239863514900208,26.464996337890625,-122.17214965820312,-4391.0,-7806.0,3606.0,0,0,0,0,0
36887.696,1.731346607208252,2.5946874618530273,1.397863507270813,0.03575718775391579,-0.03951651602983475,-0.0066442908719182014,-2.0695037841796875,-2.080524206161499,-78.97318267822266,132.0225830078125,-17.00101661682129,-133.9631805419922,-3302.0,-7203.0,3017.0,0,0,0,0,0
36897.581,1.7318024635314941,2.5939781665802,1.3976645469665527,0.04023103788495064,-0.04141158610582352,0.007949731312692165,-1.4208310842514038,-2.2208261489868164,-78.63689422607422,-157.41880798339844,-12.91754150390625,184.1043243408203,-3468.0,-7703.0,2716.0,0,0,0,0,0
36907.455,1.732157588005066,2.593377113342285,1.3974220752716064,0.04140058532357216,-0.042441464960575104,-0.03247377648949623,-1.237048625946045,-1.9836905002593994,-78.79107666015625,-40.54798126220703,-18.80385398864746,-53.00008773803711,2022.0,-8965.0,3346.0,0,0,0,0,0
36917.332,1.7323458194732666,2.592583179473877,1.3970024585723877,0.042340610176324844,-0.04496338963508606,-0.015694784000515938,-2.4482345581054688,-2.00907301902771,-76.9163818359375,-108.72779083251953,-1.679846167564392,91.57592010498047,4617.0,-9079.0,4901.0,0,0,0,0,0
36927.194,1.732483983039856,2.591733455657959,1.3965206146240234,0.04353483393788338,-0.04644666612148285,-0.03736219182610512,-3.1315689086914062,-1.7703014612197876,-78.421875,9.447901725769043,-21.381732940673828,-4.043048858642578,5255.0,-9381.0,4829.0,0,0,0,0,0
36937.069,1.7327021360397339,2.590857982635498,1.3961611986160278,0.049984682351350784,-0.048146527260541916,0.0040854644030332565,-3.7130088806152344,-1.6955500841140747,-78.5556869506836,89.5066909790039,15.453001976013184,60.50490951538086,2241.0,-9132.0,4342.0,0,0,0,0,0
36946.953,1.7331360578536987,2.59018611907959,1.395724892616272,0.051190637052059174,-0.04656137526035309,-0.07218271493911743,-3.1861696243286133,-1.7038542032241821,-78.29029846191406,114.197509765625,10.621050834655762,4.94209623336792,-2542.0,-8150.0,4452.0,0,0,0,0,0
36956.818,1.7337154150009155,2.589369058609009,1.3950285911560059,0.058028627187013626,-0.04726244881749153,-0.04323524236679077,-2.0590407848358154,-1.7899096012115479,-78.01751708984375,-19.729949951171875,31.66977310180664,-54.89532470703125,-4608.0,-7422.0,4615.0,0,0,0,0,0
36966.695,1.7344342470169067,2.588548421859741,1.3946715593338013,0.06243346631526947,-0.04860452190041542,-0.016304556280374527,-1.5906795263290405,-1.85189688205719,-78.72779083251953,164.2388458251953,-17.812347412109375,-38.862060546875,-2973.0,-6771.0,3968.0,0,0,0,0,0
36976.567,1.735205888748169,2.5876855850219727,1.394327998161316,0.06515230983495712,-0.0494835190474987,-0.011641660705208778,-1.121874213218689,-2.0572702884674072,-78.44000244140625,-106.86845397949219,-29.28282928466797,149.2255401611328,-4172.0,-7102.0,3604.0,0,0,0,0,0
36986.452,1.7358311414718628,2.586815595626831,1.3939909934997559,0.06678211688995361,-0.05104244500398636,-0.024167373776435852,-0.3454223573207855,-1.8166078329086304,-78.38650512695312,-56.899208068847656,-23.206928253173828,-5.368616580963135,653.0,-8718.0,4172.0,0,0,0,0,0
36996.316,1.7364073991775513,2.5861077308654785,1.3936446905136108,0.0652056336402893,-0.05239040032029152,-0.026040969416499138,-1.6130846738815308,-1.741452932357788,-76.68838500976562,-101.11643981933594,-9.901521682739258,-36.01862716674805,4154.0,-9328.0,5620.0,0,0,0,0,0
37006.191,1.736846923828125,2.58518385887146,1.3931467533111572,0.06546493619680405,-0.05354151502251625,-0.03913813456892967,-2.2729177474975586,-1.4360295534133911,-78.45051574707031,57.777732849121094,-20.124982833862305,136.94871520996094,5272.0,-9749.0,4973.0,0,0,0,0,0
37016.066,1.7372784614562988,2.5842416286468506,1.3928285837173462,0.06951557099819183,-0.05453123152256012,0.007453150115907192,-2.850322723388672,-1.3669692277908325,-78.28840637207031,84.82584381103516,22.983110427856445,149.05043029785156,1619.0,-9145.0,4378.0,0,0,0,0,0
37025.95,1.7379008531570435,2.5833325386047363,1.3923486471176147,0.07047268003225327,-0.0529126413166523,-0.06945256888866425,-2.0853047370910645,-1.347952961921692,-78.32117462158203,135.97569274902344,13.605728149414062,-64.77872467041016,-2631.0,-7869.0,4271.0,0,0,0,0,0
37035.814,1.7387418746948242,2.5824525356292725,1.3916893005371094,0.07481929659843445,-0.05318421870470047,-0.029256729409098625,-1.1915438175201416,-1.4934656620025635,-78.08582305908203,-56.18110656738281,33.67390441894531,90.92015838623047,-4082.0,-6788.0,3875.0,0,0,0,0,0
37045.688,1.7395586967468262,2.5817201137542725,1.391578197479248,0.07717899233102798,-0.05423600599169731,0.0245441235601902,-0.9036388993263245,-1.5992882251739502,-79.28414154052734,166.015380859375,-5.101661682128906,-13.551020622253418,-2096.0,-5958.0,2768.0,0,0,0,0,0
37055.564,1.7404541969299316,2.5808379650115967,1.3914188146591187,0.07795915007591248,-0.05368266999721527,0.0015714133623987436,-0.3588622212409973,-1.8411298990249634,-78.96150970458984,-115.89954376220703,-20.314374923706055,156.52552795410156,-3959.0,-6124.0,2232.0,0,0,0,0,0
37065.458,1.7412458658218384,2.5799291133880615,1.3913068771362305,0.07814131677150726,-0.055645257234573364,0.018876340240240097,0.36206310987472534,-1.723146677017212,-77.87140655517578,-92.00049591064453,-25.56679916381836,-103.96331024169922,750.0,-7541.0,3627.0,0,0,0,0,0
37075.313,1.7418402433395386,2.5789783000946045,1.3911473751068115,0.07422517985105515,-0.05677877739071846,-0.007505126763135195,-0.9909722208976746,-1.6837621927261353,-76.49348449707031,-113.50121307373047,10.619897842407227,-316.86883544921875,4673.0,-8361.0,5535.0,0,0,0,0,0
37085.187,1.7423478364944458,2.5779924392700195,1.3908213376998901,0.07357309013605118,-0.05801081657409668,-0.011501584202051163,-1.7255668640136719,-1.4355536699295044,-78.4296875,97.01994323730469,4.579789161682129,10.246384620666504,5739.0,-8509.0,4849.0,0,0,0,0,0
37095.061,1.7429865598678589,2.577200412750244,1.3906805515289307,0.07515775412321091,-0.05788443982601166,0.0051658060401678085,-2.356265068054199,-1.5166598558425903,-78.33248138427734,62.90932846069336,25.41428565979004,328.1083679199219,957.0,-7530.0,4260.0,0,0,0,0,0
37104.946,1.7436473369598389,2.57625150680542,1.3902065753936768,0.07680536806583405,-0.056320808827877045,-0.04969707503914833,-1.3370710611343384,-1.5888185501098633,-77.83446502685547,113.04971313476562,6.11051082611084,-143.71856689453125,-2595.0,-6439.0,4936.0,0,0,0,0,0
37114.825,1.7444924116134644,2.575348138809204,1.3897457122802734,0.07950633764266968,-0.05766633525490761,0.005694397259503603,-0.8019256591796875,-1.7549153566360474,-77.71051025390625,-21.25946617126465,32.58488464355469,179.47268676757812,-3123.0,-5879.0,4594.0,0,0,0,0,0
37124.686,1.7454001903533936,2.5744075775146484,1.3898035287857056,0.08107290416955948,-0.059743400663137436,0.05566825717687607,-0.6575608253479004,-1.8542166948318481,-79.694091796875,141.43698120117188,-2.284233808517456,66.54653930664062,-1949.0,-5403.0,2707.0,0,0,0,0,0
37134.56,1.7463111877441406,2.5735011100769043,1.3898998498916626,0.08140043914318085,-0.05884585529565811,0.019851243123412132,-0.07488826662302017,-2.098701000213623,-79.88377380371094,-102.97356414794922,-22.37586784362793,96.93082427978516,-3182.0,-5681.0,1242.0,0,0,0,0,0
37144.444,1.7471157312393188,2.5727286338806152,1.390107274055481,0.08083061128854752,-0.0612829364836216,0.04803813248872757,0.41732969880104065,-1.9360488653182983,-78.14503479003906,-95.1775131225586,-29.70126724243164,-140.8046875,1289.0,-7194.0,2282.0,0,0,0,0,0
37154.309,1.7477723360061646,2.571769952774048,1.3901147842407227,0.07685727626085281,-0.06189790740609169,0.006111030001193285,-0.809883177280426,-1.827939748764038,-77.75413513183594,-132.71017456054688,6.430791854858398,-316.5484924316406,5126.0,-8075.0,3070.0,0,0,0,0,0
37164.184,1.7482953071594238,2.5707907676696777,1.3898502588272095,0.07600369304418564,-0.06323598325252533,0.010427017696201801,-1.7084815502166748,-1.614038109779358,-79.92231750488281,118.15861511230469,-0.7827808856964111,32.902462005615234,6187.0,-8067.0,1487.0,0,0,0,0,0
37174.058,1.748900294303894,2.5698273181915283,1.389633059501648,0.07643236219882965,-0.06319724023342133,0.00400318019092083,-2.258042812347412,-1.6860958337783813,-79.24163818359375,37.03162384033203,25.11701202392578,321.9586181640625,593.0,-7110.0,1111.0,0,0,0,0,0
37183.943,1.7496180534362793,2.568875312805176,1.38905930519104,0.0785808190703392,-0.06161856651306152,-0.04797951132059097,-1.0576690435409546,-1.7271442413330078,-78.23066711425781,87.97663116455078,0.30286934971809387,-220.25344848632812,-2473.0,-6099.0,2520.0,0,0,0,0,0
37193.807,1.750472068786621,2.5681004524230957,1.3886892795562744,0.08061543852090836,-0.0628887340426445,0.009291824884712696,-0.7149115800857544,-1.869502067565918,-77.99806213378906,4.848527431488037,32.290897369384766,211.27023315429688,-2550.0,-5429.0,2770.0,0,0,0,0,0
37203.69,1.7514026165008545,2.567121744155884,1.3885955810546875,0.08173491805791855,-0.06443777680397034,0.04288973659276962,-0.5858983397483826,-2.031403064727783,-79.6441879272461,110.41106414794922,1.1991124153137207,143.33912658691406,-1893.0,-4845.0,1795.0,0,0,0,0,0
37213.557,1.7523587942123413,2.566171169281006,1.3884835243225098,0.08230014890432358,-0.06355548650026321,0.0010567812714725733,0.09788060933351517,-2.1620852947235107,-79.60672760009766,-73.17426300048828,-22.17250633239746,49.00142288208008,-2865.0,-5415.0,1648.0,0,0,0,0,0
37223.441,1.7531657218933105,2.5651769638061523,1.3883349895477295,0.08133146166801453,-0.06638980656862259,0.029642783105373383,0.5192239880561829,-2.0415093898773193,-77.48522186279297,-105.2370376586914,-22.224464416503906,-123.98955535888672,966.0,-6677.0,3662.0,0,0,0,0,0
37233.306,1.7538303136825562,2.5641443729400635,1.387951374053955,0.07701826840639114,-0.06609711796045303,-0.0356573686003685,-0.5758878588676453,-1.977831244468689,-77.6031265258789,-128.87440490722656,0.13095687329769135,-272.5560607910156,4944.0,-7134.0,4730.0,0,0,0,0,0
37243.18,1.754515528678894,2.5632903575897217,1.3875101804733276,0.07638292014598846,-0.06717178225517273,-0.024158870801329613,-1.5411523580551147,-1.841139316558838,-79.3858871459961,99.98883056640625,8.26036548614502,57.69198989868164,6518.0,-6959.0,3585.0,0,0,0,0,0
37253.055,1.7551442384719849,2.562244176864624,1.3869248628616333,0.07641585171222687,-0.06716237962245941,-0.03726344555616379,-2.0993382930755615,-1.950554609298706,-78.47388458251953,67.0806884765625,22.540918350219727,272.5338439941406,782.0,-6043.0,3605.0,0,0,0,0,0
37262.939,1.7558947801589966,2.5612356662750244,1.386060118675232,0.07912606745958328,-0.06590148061513901,-0.07532448321580887,-0.7006315588951111,-1.9855409860610962,-78.05598449707031,69.42083740234375,-10.506692886352539,-227.16795349121094,-2917.0,-5499.0,4541.0,0,0,0,0,0
37272.804,1.756801724433899,2.560236930847168,1.3853261470794678,0.08050753176212311,-0.06827452033758163,-0.01873954012989998,-0.37265992164611816,-2.059598207473755,-77.84784698486328,17.41084098815918,26.18963623046875,200.5909423828125,-2788.0,-5555.0,4285.0,0,0,0,0,0
37282.678,1.7578151226043701,2.559199571609497,1.3851795196533203,0.08146344870328903,-0.07108107209205627,0.03764408081769943,-0.1676478534936905,-2.0610427856445312,-79.82661437988281,104.01763916015625,-11.385246276855469,77.91893005371094,-2137.0,-5492.0,2652.0,0,0,0,0,0
37292.552,1.758715271949768,2.5583090782165527,1.3852391242980957,0.08130812644958496,-0.07015477120876312,0.0005808691494166851,0.42850250005722046,-2.107431173324585,-79.62615203857422,-56.05047607421875,-28.85074234008789,62.03028106689453,-3036.0,-6140.0,1920.0,0,0,0,0,0
37302.438,1.7596261501312256,2.557234764099121,1.3852237462997437,0.07985281944274902,-0.07334474474191666,0.04275163263082504,0.8429639339447021,-1.8416850566864014,-77.85395812988281,-123.65379333496094,-32.899044036865234,-74.04170989990234,587.0,-7554.0,3255.0,0,0,0,0,0
37312.311,1.7603542804718018,2.5561296939849854,1.3850386142730713,0.07558601349592209,-0.07299928367137909,-0.02533864788711071,-0.2686923146247864,-1.6463550329208374,-78.02775573730469,-132.32818603515625,-11.661870956420898,-201.84530639648438,5171.0,-8086.0,3771.0,0,0,0,0,0
37322.18,1.761057734489441,2.5550425052642822,1.3846380710601807,0.07463151961565018,-0.07402203977108002,-0.005170024000108242,-1.382454752922058,-1.4201942682266235,-79.70671844482422,133.5528106689453,-1.2271933555603027,68.7034683227539,6352.0,-7737.0,2356.0,0,0,0,0,0
37332.055,1.761775016784668,2.553920269012451,1.384323239326477,0.07445511966943741,-0.07323163747787476,-0.02558893896639347,-1.818278193473816,-1.4400042295455933,-79.021240234375,54.613487243652344,11.547910690307617,304.3547058105469,9.0,-6675.0,2092.0,0,0,0,0,0
37341.932,1.762540578842163,2.5529887676239014,1.383763074874878,0.07698746770620346,-0.07127046585083008,-0.05773971974849701,-0.40448227524757385,-1.4172683954238892,-78.0507583618164,25.367155075073242,-10.267581939697266,-279.75103759765625,-2942.0,-5995.0,3399.0,0,0,0,0,0
37351.813,1.7634778022766113,2.5518717765808105,1.3833982944488525,0.07775162160396576,-0.07300132513046265,0.026843125000596046,-0.2490021139383316,-1.4147818088531494,-78.28707122802734,78.48815155029297,14.753801345825195,54.5976676940918,-2102.0,-5777.0,3273.0,0,0,0,0,0
37361.678,1.764510154724121,2.550758123397827,1.3835057020187378,0.07797949761152267,-0.07290253788232803,0.03694228455424309,0.00874737836420536,-1.4999902248382568,-79.5165023803711,70.58399963378906,-6.319211006164551,253.49191284179688,-2821.0,-5369.0,2113.0,0,0,0,0,0
37371.563,1.7655110359191895,2.549633741378784,1.3835564851760864,0.07830923050642014,-0.07222697138786316,0.01138088945299387,0.8404304385185242,-1.4943232536315918,-79.54987335205078,-46.64877700805664,-24.002517700195312,84.58409881591797,-3050.0,-5955.0,2149.0,0,0,0,0,0
37381.437,1.7664016485214233,2.548483371734619,1.3836926221847534,0.07573563605546951,-0.0742005854845047,0.051803190261125565,1.0891063213348389,-1.2613619565963745,-77.17740631103516,-105.72069549560547,-12.54371166229248,73.56509399414062,655.0,-7312.0,4284.0,0,0,0,0,0
37391.3,1.7671585083007812,2.5475120544433594,1.3837025165557861,0.07180827111005783,-0.07300983369350433,-0.02483433112502098,0.1304350048303604,-1.061907410621643,-77.47476196289062,-104.9750747680664,-7.895998954772949,8.78104305267334,4649.0,-7555.0,5130.0,0,0,0,0,0
37401.176,1.7678743600845337,2.546314001083374,1.3833509683609009,0.0700543150305748,-0.07307036966085434,-0.005597803741693497,-0.8625614047050476,-1.0045043230056763,-79.60131072998047,152.0806427001953,-2.242069721221924,92.83340454101562,4992.0,-6611.0,3668.0,0,0,0,0,0
37411.051,1.7686353921890259,2.5451903343200684,1.3829878568649292,0.06959069520235062,-0.07132113724946976,-0.04431986063718796,-0.85265052318573,-1.121296763420105,-78.45332336425781,51.23464584350586,9.154187202453613,99.4859848022461,-1408.0,-5423.0,3776.0,0,0,0,0,0
37420.935,1.7694977521896362,2.5440804958343506,1.3823329210281372,0.07137375324964523,-0.06994344294071198,-0.05705629289150238,0.5570669174194336,-1.1788849830627441,-77.10505676269531,8.559538841247559,-6.0432281494140625,-342.9247741699219,-3541.0,-5103.0,5313.0,0,0,0,0,0
37430.8,1.7704664468765259,2.5429601669311523,1.3821454048156738,0.06956759840250015,-0.07175567746162415,0.0316963791847229,0.6109270453453064,-1.1471914052963257,-77.97171783447266,88.60713958740234,13.264825820922852,-47.85866165161133,-2316.0,-5427.0,4783.0,0,0,0,0,0
37440.674,1.7713322639465332,2.5420591831207275,1.382400393486023,0.06808669120073318,-0.07097641378641129,0.03815735876560211,0.953239381313324,-1.2308076620101929,-79.36312103271484,44.02268600463867,-19.258520126342773,288.6967468261719,-3185.0,-5318.0,3126.0,0,0,0,0,0
37450.562,1.7722934484481812,2.5409533977508545,1.382605791091919,0.06707128137350082,-0.07091629505157471,0.029377907514572144,1.716237187385559,-1.1351033449172974,-79.0412368774414,-25.37055206298828,-12.42585563659668,-2.194387197494507,-3224.0,-6410.0,3161.0,0,0,0,0,0
37460.434,1.7731112241744995,2.539841413497925,1.3829472064971924,0.06271352618932724,-0.07250845432281494,0.0664946436882019,1.9809132814407349,-0.8103765249252319,-76.92960357666016,-122.6237564086914,-2.2130703926086426,-10.081012725830078,29.0,-7791.0,4729.0,0,0,0,0,0
37470.298,1.773787260055542,2.5387096405029297,1.3830597400665283,0.058935850858688354,-0.07173392176628113,-0.00864211842417717,1.0587104558944702,-0.6252749562263489,-77.73096466064453,-48.617855072021484,-3.9529924392700195,71.38526916503906,4436.0,-7657.0,4680.0,0,0,0,0,0
37480.185,1.7743650674819946,2.5377697944641113,1.3830084800720215,0.05529695749282837,-0.07089737057685852,0.01078120805323124,0.004078671336174011,-0.5522776246070862,-79.73680877685547,156.27239990234375,0.8081790804862976,171.09576416015625,3670.0,-6502.0,2779.0,0,0,0,0,0
37490.046,1.7749782800674438,2.536680221557617,1.3827768564224243,0.05463728308677673,-0.06884284317493439,-0.031098559498786926,0.3021446764469147,-0.6640802025794983,-79.1476821899414,30.003564834594727,-9.308045387268066,13.20905590057373,-2514.0,-5215.0,2321.0,0,0,0,0,0
37499.931,1.775713324546814,2.5356204509735107,1.3824220895767212,0.05405736342072487,-0.06788766384124756,-0.013992608524858952,1.4499255418777466,-0.6844041347503662,-77.9136734008789,-29.515226364135742,3.8100106716156006,-217.4805908203125,-2682.0,-5239.0,3027.0,0,0,0,0,0
37509.796,1.7764568328857422,2.5345442295074463,1.38276207447052,0.04948253557085991,-0.06911883503198624,0.09817758947610855,0.8521295785903931,-0.6389870643615723,-78.97206115722656,103.61868286132812,11.670151710510254,-159.44642639160156,-1280.0,-5384.0,2121.0,0,0,0,0,0
37519.671,1.7772492170333862,2.5335264205932617,1.3833482265472412,0.049261413514614105,-0.0672651082277298,0.06317823380231857,1.4447022676467896,-0.7732565999031067,-80.37722778320312,-10.89029312133789,-10.513592720031738,203.35557556152344,-2914.0,-4963.0,304.0,0,0,0,0,0
37529.546,1.7779598236083984,2.5324625968933105,1.383911371231079,0.046653490513563156,-0.06725960224866867,0.07304088026285172,1.9172824621200562,-0.6902775168418884,-78.87062072753906,12.560280799865723,-26.451374053955078,-153.0342559814453,-2865.0,-5952.0,1242.0,0,0,0,0,0
37539.428,1.7785195112228394,2.531616449356079,1.3846770524978638,0.042384445667266846,-0.067298024892807,0.09435714781284332,2.2970991134643555,-0.4052875339984894,-77.32190704345703,-158.36524963378906,19.747814178466797,-145.20458984375,-709.0,-7305.0,3173.0,0,0,0,0,0
37549.308,1.7790403366088867,2.530552625656128,1.3850913047790527,0.0388341099023819,-0.06634825468063354,0.023811453953385353,1.3769093751907349,-0.3370489776134491,-78.27477264404297,18.259044647216797,4.402331352233887,43.57564926147461,4067.0,-6586.0,3315.0,0,0,0,0,0
37559.166,1.779470682144165,2.5295069217681885,1.3850820064544678,0.03514230623841286,-0.0654681846499443,0.01931903325021267,0.4339348077774048,-0.35424527525901794,-79.69005584716797,100.81909942626953,8.786454200744629,331.9519958496094,2419.0,-5508.0,2045.0,0,0,0,0,0
37569.041,1.7799485921859741,2.528517484664917,1.3847142457962036,0.03502395376563072,-0.063336580991745,-0.036293014883995056,0.873316764831543,-0.4651501178741455,-79.28671264648438,34.57616424560547,-13.15630054473877,-66.1883773803711,-2855.0,-4705.0,2195.0,0,0,0,0,0
37578.935,1.7804856300354004,2.527557849884033,1.3843412399291992,0.03302083909511566,-0.062770776450634,0.0022737416438758373,1.943442702293396,-0.4720865786075592,-78.26386260986328,-64.49986267089844,15.75810432434082,-80.90721893310547,-2544.0,-5106.0,2820.0,0,0,0,0,0
37588.79,1.7808949947357178,2.526764154434204,1.3846807479858398,0.027446523308753967,-0.06286454945802689,0.07430915534496307,1.223952293395996,-0.4616270065307617,-78.97872161865234,93.8144760131836,-1.605955719947815,-120.8868408203125,-1019.0,-4967.0,2196.0,0,0,0,0,0
37598.677,1.781477451324463,2.525829792022705,1.3851442337036133,0.02689613774418831,-0.061421845108270645,0.054652754217386246,1.8957527875900269,-0.6021490693092346,-80.48843383789062,-50.90306091308594,-23.971921920776367,176.55316162109375,-2452.0,-4721.0,498.0,0,0,0,0,0
37608.532,1.781967282295227,2.5248897075653076,1.3854894638061523,0.023753697052598,-0.06154414266347885,0.05931875482201576,1.9082083702087402,-0.45022690296173096,-78.14412689208984,67.88836669921875,-31.180084228515625,-54.25775909423828,0.0,0.0,0.0,65535,27647,65535,55890,1
37618.415,1.7822892665863037,2.524118661880493,1.385918378829956,0.02075696550309658,-0.06114650145173073,0.05450533330440521,2.202547073364258,-0.14931625127792358,-77.50806427001953,-148.16455078125,5.740055084228516,-86.32411193847656,0.0,0.0,0.0,13210,36221,65535,59053,1
37628.281,1.7826794385910034,2.523022413253784,1.3856151103973389,0.019300317391753197,-0.06043471768498421,-0.030763329938054085,1.7244595289230347,-0.06315872818231583,-79.4080581665039,-78.3199234008789,-9.81762409210205,102.11605834960938,0.0,0.0,0.0,0,58015,9830,0,1
37638.156,1.7829666137695312,2.5223312377929688,1.3850198984146118,0.015060028061270714,-0.058721162378787994,-0.06177842617034912,0.17461131513118744,-0.120369553565979,-79.34600830078125,0.940348744392395,47.594764709472656,140.95387268066406,0.0,0.0,0.0,19924,60000,65535,36591,1
37648.043,1.7832242250442505,2.521350622177124,1.3837149143218994,0.014424620196223259,-0.05662534013390541,-0.12193639576435089,0.08664944022893906,-0.23796574771404266,-78.66219329833984,-9.347522735595703,94.82231140136719,-9.542584419250488,0.0,0.0,0.0,47955,34107,65535,40889,1
37657.914,1.7835274934768677,2.520374298095703,1.3829147815704346,0.01484398078173399,-0.05644455552101135,0.001558964024297893,-0.26604968309402466,-1.265666127204895,-78.32327270507812,45.81929397583008,95.00300598144531,510.4468994140625,0.0,0.0,0.0,6396,54342,65535,38859,1
37667.789,1.7839301824569702,2.5193700790405273,1.3830946683883667,0.01651209406554699,-0.05835198611021042,0.07760918885469437,-0.11571348458528519,-2.223712682723999,-76.44657897949219,144.3436279296875,198.15269470214844,-16.492013931274414,0.0,0.0,0.0,65535,2164,65535,35932,1
37677.654,1.784440517425537,2.518364906311035,1.384063720703125,0.018082270398736,-0.06060768663883209,0.12301860004663467,0.9960951805114746,-4.0343241691589355,-74.4951171875,103.7376480102539,201.81298828125,-44.36180114746094,0.0,0.0,0.0,0,24152,65535,60000,1
37687.532,1.7847626209259033,2.517507314682007,1.385556936264038,0.017470167949795723,-0.06853852421045303,0.17963099479675293,2.3234448432922363,-6.158271312713623,-73.27448272705078,-114.20455932617188,244.41189575195312,464.1385803222656,0.0,0.0,0.0,1061,15376,65535,60000,1
37697.421,1.7851462364196777,2.5163497924804688,1.3871570825576782,0.015039489604532719,-0.06883863359689713,0.13226492702960968,2.038992404937744,-8.066779136657715,-72.078857421875,-186.702880859375,256.2124328613281,181.3105926513672,0.0,0.0,0.0,59855,0,65535,49442,1
37707.277,1.7854868173599243,2.515083074569702,1.3885583877563477,0.012644640170037746,-0.07676388323307037,0.11466927081346512,0.6192067265510559,-10.532477378845215,-69.14501953125,94.29280090332031,244.48977661132812,280.5177307128906,0.0,0.0,0.0,0,46655,53801,32691,1
37717.152,1.7858649492263794,2.5138909816741943,1.3892816305160522,0.011406500823795795,-0.0668301060795784,0.013431990519165993,1.8902177810668945,-13.083280563354492,-65.55091857910156,-455.56732177734375,443.3464050292969,289.22076416015625,0.0,0.0,0.0,65535,9357,65535,43383,1
37727.027,1.786169171333313,2.512349843978882,1.3903756141662598,0.033614255487918854,-0.11842187494039536,0.1408655345439911,-0.6408566832542419,-17.78824806213379,-61.820003509521484,-195.0148468017578,318.0419006347656,373.5111389160156,0.0,0.0,0.0,0,31154,45039,54826,1
37736.911,1.7865992784500122,2.5107409954071045,1.3915482759475708,0.026112275198101997,-0.11257009208202362,0.056406524032354355,-1.9627032279968262,-21.878660202026367,-59.00137710571289,-328.6145324707031,360.1948547363281,-261.227294921875,0.0,0.0,0.0,0,19723,9830,49226,1
37746.789,1.7870945930480957,2.5086588859558105,1.3925821781158447,0.05830414593219757,-0.15494492650032043,0.09695986658334732,-6.130821228027344,-26.27591323852539,-60.37671661376953,-480.17169189453125,525.09375,6.310001373291016,0.0,0.0,0.0,0,27763,65535,20928,1
37756.65,1.7878363132476807,2.506197929382324,1.3935251235961914,0.05531925708055496,-0.15802930295467377,0.0359581783413887,-12.034148216247559,-31.96701431274414,-62.564571380615234,-282.218994140625,487.7490539550781,-7.704440593719482,0.0,0.0,0.0,0,60000,21217,10624,1
37766.528,1.7883188724517822,2.5040805339813232,1.3933415412902832,0.02359367534518242,-0.12886948883533478,-0.0822620540857315,-14.218549728393555,-37.15738296508789,-62.19949722290039,-341.0164489746094,560.9767456054688,-195.096435546875,0.0,0.0,0.0,0,53210,49513,18890,1
37776.41,1.7890411615371704,2.5021488666534424,1.3926513195037842,0.09373234957456589,-0.178693488240242,-0.0643855556845665,-18.915897369384766,-43.2192497253418,-63.086265563964844,-446.19732666015625,640.3751220703125,137.75791931152344,0.0,0.0,0.0,0,28147,65535,15906,1
37786.275,1.7903560400009155,2.499525547027588,1.391825556755066,0.10234017670154572,-0.18240465223789215,-0.12433494627475739,-24.924461364746094,-48.93729019165039,-66.63938903808594,-130.09466552734375,592.1842041015625,-180.31712341308594,0.0,0.0,0.0,0,60000,9830,8861,1
37796.161,1.7916537523269653,2.496957302093506,1.3900820016860962,0.06249915063381195,-0.15087628364562988,-0.22480928897857666,-32.8466796875,-53.11732864379883,-74.3931655883789,-391.9688415527344,661.5272216796875,333.28228759765625,0.0,0.0,0.0,9621,26903,35836,27703,1
37806.024,1.793253779411316,2.493940830230713,1.3875621557235718,0.1410273164510727,-0.19565840065479279,-0.26397693157196045,-41.30800247192383,-60.691226959228516,-79.622314453125,-324.9932556152344,673.7955322265625,150.83840942382812,0.0,0.0,0.0,0,49654,9830,32617,1
37815.917,1.7955302000045776,2.4904391765594482,1.3846477270126343,0.17746107280254364,-0.21278151869773865,-0.32991743087768555,-53.80887222290039,-66.71915435791016,-90.09190368652344,-197.5631103515625,721.7225952148438,165.48655700683594,0.0,0.0,0.0,0,60000,9830,6437,1
37825.772,1.7957713603973389,2.489837408065796,1.3849945068359375,0.17844471335411072,-0.2150164097547531,-0.32806822657585144,-53.831851959228516,-66.74932098388672,-90.12054443359375,-64.59326171875,733.755859375,-280.5138244628906,0.0,0.0,0.0,0,29821,9830,22735,1
37835.647,1.7991968393325806,2.4857594966888428,1.381616473197937,0.29561278223991394,-0.29596495628356934,-0.3903003931045532,-75.7142333984375,-67.46699523925781,-112.71800231933594,-80.46414184570312,794.4121704101562,-299.7059631347656,0.0,0.0,0.0,588,0,65535,40590,1
37845.522,1.8037748336791992,2.4809374809265137,1.3776110410690308,0.361751914024353,-0.34224116802215576,-0.46982505917549133,-96.54856872558594,-64.88206481933594,-134.538818359375,56.97230911254883,856.5162963867188,-229.21922302246094,0.0,0.0,0.0,38005,0,65535,47521,1
37855.408,1.808625340461731,2.4761500358581543,1.3735100030899048,0.4033036231994629,-0.3719836473464966,-0.5467668771743774,-110.41844940185547,-59.71738052368164,-150.6183319091797,-66.77293395996094,779.9588623046875,130.42909240722656,0.0,0.0,0.0,2405,0,65535,45425,1
37865.272,1.8139326572418213,2.470994234085083,1.368614673614502,0.41771629452705383,-0.37507984042167664,-0.617326557636261,-122.21072387695312,-56.074886322021484,-164.3231658935547,-193.60096740722656,831.7719116210938,385.1186218261719,0.0,0.0,0.0,7409,58751,9830,9529,1
37875.145,1.818818211555481,2.46642804145813,1.36251962184906,0.44021928310394287,-0.38907742500305176,-0.6999187469482422,-134.6853485107422,-53.17496871948242,-177.85035705566406,-58.21031951904297,890.9450073242188,18.299850463867188,0.0,0.0,0.0,10871,25781,9830,16052,1
37885.032,1.8247746229171753,2.4607653617858887,1.3560832738876343,0.46954789757728577,-0.41787463426589966,-0.7920740246772766,-144.22994995117188,-47.30287170410156,171.32518005371094,4.912295341491699,820.4656982421875,13.452869415283203,0.0,0.0,0.0,16760,54637,9830,1872,1
37894.906,1.8313685655593872,2.454835891723633,1.3483942747116089,0.4862569272518158,-0.43326982855796814,-0.8789383769035339,-148.11097717285156,-39.78453826904297,165.92018127441406,-65.15658569335938,828.814453125,170.62814331054688,0.0,0.0,0.0,30549,0,44351,25176,1
37904.77,1.838229775428772,2.4486799240112305,1.3398374319076538,0.5076726675033569,-0.4651244282722473,-0.9895470142364502,-151.06787109375,-32.19883728027344,161.5911407470703,-158.947998046875,781.2362670898438,27.993179321289062,0.0,0.0,0.0,19066,60000,9830,0,1
37914.644,1.8443758487701416,2.443014144897461,1.3297128677368164,0.5205703973770142,-0.49794816970825195,-1.1185901165008545,-154.25425720214844,-24.877485275268555,157.75885009765625,81.83258056640625,808.6578979492188,-145.998291015625,0.0,0.0,0.0,30392,60000,9830,0,1
37924.519,1.8520146608352661,2.435859203338623,1.3180371522903442,0.5314508676528931,-0.550921618938446,-1.2858638763427734,-155.51087951660156,-17.337106704711914,154.27964782714844,10.13334846496582,722.5132446289062,-188.76760864257812,0.0,0.0,0.0,56597,0,65535,60000,1
37934.404,1.8600114583969116,2.4282262325286865,1.30449640750885,0.5291943550109863,-0.58235764503479,-1.4312927722930908,-155.29388427734375,-9.701830863952637,152.6470184326172,151.8499298095703,709.4769287109375,22.108110427856445,0.0,0.0,0.0,65535,0,65535,30979,1
37944.268,1.8682678937911987,2.4201724529266357,1.2890352010726929,0.511667013168335,-0.6191175580024719,-1.5978548526763916,-154.77532958984375,-3.055882215499878,149.66099548339844,197.49261474609375,673.5333862304688,123.4525146484375,0.0,0.0,0.0,0,60000,9830,12558,1
37954.143,1.8769938945770264,2.410956621170044,1.2698493003845215,0.4736325144767761,-0.656275749206543,-1.7817802429199219,-152.50376892089844,3.259459972381592,145.0111541748047,180.344970703125,645.5744018554688,-237.06704711914062,0.0,0.0,0.0,0,0,9830,59834,1
37964.024,1.8850754499435425,2.4019269943237305,1.250499963760376,0.43924981355667114,-0.6699135303497314,-1.917770504951477,-150.33892822265625,9.574761390686035,142.61550903320312,193.1901397705078,662.9562377929688,-348.7518005371094,0.0,0.0,0.0,23370,0,64086,60000,1
37973.912,1.8926589488983154,2.392751455307007,1.2299253940582275,0.3474179208278656,-0.6961414813995361,-2.128725290298462,-148.6233673095703,17.662673950195312,143.39910888671875,-49.87051010131836,796.74072265625,-159.3248291015625,0.0,0.0,0.0,30986,0,65535,60000,1
37983.767,1.8974043130874634,2.3844008445739746,1.2075637578964233,0.22899888455867767,-0.7104725241661072,-2.32564377784729,-147.74180603027344,25.72828483581543,141.70553588867188,-98.79016876220703,806.9248657226562,233.47164916992188,0.0,0.0,0.0,65535,0,65535,39064,1
37993.652,1.9025737047195435,2.37455415725708,1.1828581094741821,0.13349485397338867,-0.7202719449996948,-2.467562437057495,-144.90737915039062,30.968847274780273,133.7450408935547,-252.34933471679688,718.7037963867188,410.396728515625,0.0,0.0,0.0,3247,60000,9830,0,1
38003.514,1.9065691232681274,2.3646390438079834,1.156577229499817,0.028501994907855988,-0.7116039991378784,-2.5942225456237793,-142.35089111328125,35.04002380371094,124.93409729003906,-207.9633026123047,653.74462890625,12.171701431274414,0.0,0.0,0.0,65535,60000,9830,0,1
38013.399,1.9095327854156494,2.354224920272827,1.126514196395874,-0.045529600232839584,-0.6788527369499207,-2.6813666820526123,-141.25430297851562,40.10711669921875,118.76343536376953,-97.01299285888672,675.9136352539062,-141.27157592773438,0.0,0.0,0.0,65535,60000,9830,0,1
38023.264,1.9114935398101807,2.3444175720214844,1.0954564809799194,-0.1337089240550995,-0.6302410960197449,-2.7701849937438965,-138.1576385498047,45.58417510986328,112.23323059082031,-297.4322204589844,614.4208984375,241.17422485351562,0.0,0.0,0.0,65535,60000,9830,5645,1
38033.138,1.9111028909683228,2.336966037750244,1.0664037466049194,-0.21840810775756836,-0.5734986662864685,-2.835587739944458,-134.90965270996094,48.62771987915039,103.77688598632812,-174.8052215576172,597.0338745117188,177.20254516601562,0.0,0.0,0.0,65535,60000,9830,0,1
38043.013,1.9117040634155273,2.3291218280792236,1.0379679203033447,-0.22532273828983307,-0.5441718101501465,-2.8552651405334473,-130.59681701660156,51.8658447265625,95.60572814941406,-207.85340881347656,551.7039794921875,-41.88446044921875,0.0,0.0,0.0,65535,60000,9830,0,1
38052.897,1.9120843410491943,2.3216707706451416,1.0089325904846191,-0.23432795703411102,-0.5073229074478149,-2.8729002475738525,-127.0051040649414,55.66694259643555,88.55414581298828,-242.70132446289062,506.7087097167969,-480.7911682128906,0.0,0.0,0.0,65535,60000,9830,0,1
38062.762,1.9119484424591064,2.3149795532226562,0.9792091846466064,-0.31677958369255066,-0.40805286169052124,-2.9178223609924316,-125.77700805664062,61.28696823120117,84.3455810546875,-81.7511215209961,444.8971862792969,-425.79486083984375,0.0,0.0,0.0,65535,3071,9830,13559,1
38072.635,1.9094219207763672,2.3106229305267334,0.9486392736434937,-0.4438369870185852,-0.26086920499801636,-2.96278977394104,-122.36389923095703,66.10655975341797,79.3377685546875,-166.9449462890625,410.748291015625,194.86660766601562,0.0,0.0,0.0,65535,20840,9830,34973,1
38082.519,1.907647728919983,2.3068935871124268,0.9190119504928589,-0.46965116262435913,-0.19887690246105194,-2.966243267059326,-113.50345611572266,66.35501861572266,67.91697692871094,-27.875513076782227,404.6979675292969,297.1233825683594,0.0,0.0,0.0,65535,60000,9830,0,1
38092.4,1.9056801795959473,2.3038978576660156,0.889065682888031,-0.46223413944244385,-0.16290931403636932,-2.965177536010742,-103.40118408203125,65.2821044921875,56.373661041259766,56.226043701171875,373.51611328125,-353.6250915527344,0.0,0.0,0.0,65535,0,65535,13369,1
38102.263,1.903838038444519,2.3016624450683594,0.8586183786392212,-0.45956921577453613,-0.11181282252073288,-2.9647343158721924,-95.14604187011719,69.11590576171875,47.92483901977539,-74.31930541992188,344.4356384277344,-400.39892578125,0.0,0.0,0.0,0,0,65535,60000,1
38112.132,1.902036190032959,2.3000643253326416,0.8277777433395386,-0.4486439526081085,-0.07576677203178406,-2.959044933319092,-85.73986053466797,72.67086029052734,37.397003173828125,-61.56429672241211,356.120849609375,-45.986148834228516,0.0,0.0,0.0,0,0,65535,60000,1
38122.006,1.8986302614212036,2.2993574142456055,0.7969212532043457,-0.4694790244102478,-0.011060201562941074,-2.943506956100464,-75.21725463867188,72.4298324584961,25.55426788330078,-56.9931526184082,385.2431640625,-0.024441566318273544,0.0,0.0,0.0,108,60000,9830,8662,1
38131.905,1.8969852924346924,2.2989704608917236,0.7670499086380005,-0.445624440908432,0.005689706653356552,-2.930389881134033,-64.83064270019531,71.37000274658203,13.987065315246582,-33.76828384399414,381.8128967285156,-487.5872497558594,0.0,0.0,0.0,0,55624,9830,41827,1
38141.756,1.8954864740371704,2.2989375591278076,0.7368954420089722,-0.42500942945480347,0.023205647245049477,-2.925457000732422,-47.525604248046875,72.968505859375,-4.649913311004639,-54.117862701416016,387.8852844238281,-589.050048828125,0.0,0.0,0.0,0,0,65535,60000,1
38151.63,1.8943445682525635,2.2992849349975586,0.7063838839530945,-0.40356940031051636,0.03135551139712334,-2.924832820892334,-26.405794143676758,73.00253295898438,-27.23503875732422,-107.66411590576172,363.03021240234375,-353.1928405761719,0.0,0.0,0.0,621,11793,65535,52661,1
38161.505,1.893150806427002,2.3000998497009277,0.6757208704948425,-0.4173099100589752,0.08181125670671463,-2.896749496459961,-14.145262718200684,70.5402603149414,-41.20574188232422,-68.68327331542969,395.22918701171875,-49.874900817871094,0.0,0.0,0.0,59515,966,65535,22495,1
38171.39,1.8902822732925415,2.3013205528259277,0.645519495010376,-0.41939854621887207,0.1069333553314209,-2.8746001720428467,-10.722861289978027,66.7683334350586,-45.57315444946289,-34.50996780395508,456.69183349609375,43.25425338745117,0.0,0.0,0.0,51576,54253,27504,17922,1
38181.264,1.8893572092056274,2.3028757572174072,0.6162512302398682,-0.4046088457107544,0.11669203639030457,-2.8601458072662354,-9.614665031433105,62.283164978027344,-47.1826171875,21.38254737854004,387.2136535644531,-137.8163299560547,0.0,0.0,0.0,42755,24424,62043,13345,1
38191.132,1.8885867595672607,2.3046176433563232,0.5868645906448364,-0.3763859272003174,0.10635237395763397,-2.856139898300171,-6.5682597160339355,58.68244171142578,-50.39051055908203,-5.038444519042969,254.67156982421875,-297.50738525390625,0.0,0.0,0.0,65535,20458,65535,43381,1
38201.014,1.8879666328430176,2.306523084640503,0.557218611240387,-0.35670676827430725,0.104057677090168,-2.8427083492279053,-2.359523296356201,56.34599685668945,-55.38604736328125,-37.1697883605957,199.482666015625,-250.27880859375,0.0,0.0,0.0,31859,7627,65535,52465,1
38210.897,1.8858312368392944,2.3081564903259277,0.5276637673377991,-0.3423244059085846,0.09579363465309143,-2.8313539028167725,0.6874756813049316,54.439632415771484,-59.47024917602539,-53.2596435546875,149.20191955566406,-256.8590393066406,0.0,0.0,0.0,49585,39523,65535,30365,1
38220.753,1.8853907585144043,2.310324192047119,0.4976629316806793,-0.32993006706237793,0.09589435905218124,-2.8129725456237793,2.933971405029297,52.803993225097656,-62.814727783203125,-100.02293395996094,175.9420166015625,-5.217782497406006,0.0,0.0,0.0,22868,22366,65535,35442,1
38230.644,1.8851581811904907,2.3125343322753906,0.4682875871658325,-0.30336907505989075,0.07086347043514252,-2.8180317878723145,1.8824542760849,50.951446533203125,-62.610557556152344,-96.2298583984375,233.27210998535156,138.33262634277344,0.0,0.0,0.0,52417,60000,30563,9720,1
38240.503,1.8849188089370728,2.314680814743042,0.43840232491493225,-0.27374890446662903,0.04112434759736061,-2.8358702659606934,-0.4219004213809967,48.585784912109375,-60.74662780761719,-10.224220275878906,288.35638427734375,5.6080851554870605,0.0,0.0,0.0,65535,60000,65535,22801,1
38250.397,1.8848350048065186,2.3167293071746826,0.40793052315711975,-0.2453085482120514,0.017803559079766273,-2.8543694019317627,-1.0570530891418457,45.672401428222656,-60.01822280883789,-5.199347019195557,263.0889587402344,-116.92308807373047,0.0,0.0,0.0,42869,21642,65535,30083,1
38260.253,1.8849645853042603,2.318748712539673,0.3768267333507538,-0.219879150390625,-0.0020686921197921038,-2.8716280460357666,-0.3517341613769531,42.990150451660156,-61.10775375366211,-73.27617645263672,226.00379943847656,-95.69893646240234,0.0,0.0,0.0,48018,39414,65535,33946,1
38270.134,1.8839726448059082,2.3197498321533203,0.3462289571762085,-0.20225535333156586,-0.02302164025604725,-2.885967254638672,0.37866470217704773,40.76640701293945,-63.120635986328125,40.373756408691406,207.15782165527344,-284.58447265625,0.0,0.0,0.0,42144,33800,58966,20896,1
38280.013,1.8845819234848022,2.321660041809082,0.31511300802230835,-0.1808033138513565,-0.03933797776699066,-2.903921365737915,2.744767904281616,38.5609016418457,-66.23395538330078,29.44611930847168,283.01324462890625,-202.48341369628906,0.0,0.0,0.0,2008,5865,65535,60000,1
38289.891,1.885375738143921,2.3234167098999023,0.2833031713962555,-0.15328289568424225,-0.0692574605345726,-2.9498181343078613,4.437456130981445,35.636348724365234,-68.35369110107422,64.96407318115234,352.0269470214844,-138.5506134033203,0.0,0.0,0.0,65535,25821,65535,39706,1
38299.765,1.8864645957946777,2.324979066848755,0.2506300210952759,-0.1265459507703781,-0.09647945314645767,-3.0044827461242676,6.013155937194824,32.01214599609375,-69.91173553466797,57.827064514160156,323.5193176269531,-26.678171157836914,0.0,0.0,0.0,24756,10401,65535,55367,1
38309.64,1.8864789009094238,2.325139284133911,0.2184177041053772,-0.10719897598028183,-0.11975342035293579,-3.0507400035858154,6.743321895599365,28.6876163482666,-70.09307098388672,103.1312484741211,254.80429077148438,-0.002272659447044134,0.0,0.0,0.0,29261,25205,49953,28809,1
38319.509,1.8880029916763306,2.326291561126709,0.1843656748533249,-0.0904197245836258,-0.1283271312713623,-3.0739762783050537,7.859440326690674,26.126157760620117,-70.02175903320312,402.3160095214844,-281.7438659667969,-403.1077575683594,0.0,0.0,0.0,65535,43739,65535,51385,1
38329.397,1.8895461559295654,2.327862024307251,0.1518629938364029,-0.1616060882806778,-0.04214251786470413,-2.869297742843628,12.630552291870117,28.19712257385254,-72.47611999511719,96.20684051513672,-472.6457214355469,347.63299560546875,0.0,0.0,0.0,0,0,65535,60000,1
38339.259,1.8867729902267456,2.328685998916626,0.12554427981376648,-0.4022827744483948,0.19699004292488098,-2.380977153778076,13.135543823242188,33.414024353027344,-70.50432586669922,58.53617858886719,-205.71255493164062,-535.0762329101562,0.0,0.0,0.0,65535,0,65535,60000,1
38349.141,1.8832100629806519,2.3326101303100586,0.10767703503370285,-0.9676663279533386,0.8118319511413574,-1.2861868143081665,17.01621437072754,34.45952224731445,-76.02812957763672,236.0530548095703,-253.6982879638672,412.3814697265625,0.0,0.0,0.0,0,28702,65535,60000,1
38359.007,1.8701533079147339,2.344432830810547,0.10075212270021439,-1.6876895427703857,1.5345170497894287,-0.11173862218856812,17.82927894592285,37.798683166503906,-73.54048919677734,175.0835418701172,-190.59207153320312,-134.49952697753906,0.0,0.0,0.0,65535,0,65535,60000,1
38368.897,1.8515756130218506,2.361530065536499,0.10193187743425369,-2.0173428058624268,1.839667797088623,0.36647099256515503,20.757854461669922,39.29698944091797,-75.32749938964844,129.4058837890625,-82.00885772705078,96.85787963867188,0.0,0.0,0.0,0,0,65535,60000,1
38378.761,1.8379613161087036,2.378495693206787,0.10919589549303055,-2.122544527053833,1.9257339239120483,0.5395357012748718,21.697965621948242,40.163516998291016,-74.69442749023438,106.32183074951172,75.64725494384766,43.0192756652832,0.0,0.0,0.0,65535,2617,65535,60000,1
38388.64,1.8230156898498535,2.3964991569519043,0.11747676879167557,-2.166623115539551,1.9546396732330322,0.6171426773071289,21.70851707458496,39.758113861083984,-73.1507568359375,-25.2363224029541,96.09339141845703,169.66079711914062,0.0,0.0,0.0,65535,31526,65535,60000,1
38398.512,1.8078099489212036,2.414839267730713,0.12476959824562073,-2.1375129222869873,1.9192003011703491,0.5855473279953003,20.263381958007812,39.2125129699707,-71.04924011230469,-9.993292808532715,26.786914825439453,50.70124816894531,0.0,0.0,0.0,20024,0,65535,60000,1
38408.397,1.7895441055297852,2.433464527130127,0.13123349845409393,-2.09072208404541,1.863774299621582,0.518780529499054,19.252716064453125,39.17817687988281,-69.81869506835938,-52.259281158447266,9.595155715942383,-21.81737518310547,0.0,0.0,0.0,52682,15541,65535,60000,1
38418.26,1.776920199394226,2.448965311050415,0.1388307362794876,-2.026343584060669,1.7991071939468384,0.46529921889305115,18.55385971069336,38.863826751708984,-69.71949005126953,-31.032636642456055,3.828615665435791,177.40032958984375,0.0,0.0,0.0,0,35846,65535,60000,1
38428.133,1.7646281719207764,2.464038133621216,0.14546769857406616,-1.962325930595398,1.7375435829162598,0.40935757756233215,17.003158569335938,39.00099182128906,-68.02267456054688,-27.17568016052246,34.21464920043945,184.9222869873047,0.0,0.0,0.0,65535,10155,65535,60000,1
38438.011,1.75290846824646,2.4785118103027344,0.1522207260131836,-1.8964968919754028,1.6781762838363647,0.35491588711738586,15.318343162536621,38.855224609375,-66.06949615478516,-85.71624755859375,96.54823303222656,137.05433654785156,0.0,0.0,0.0,65535,0,65535,60000,1
38447.895,1.741786241531372,2.491995334625244,0.15983441472053528,-1.842603087425232,1.6295220851898193,0.3250199854373932,13.3859224319458,37.88783264160156,-64.5057373046875,-220.02574157714844,66.46195983886719,205.24295043945312,0.0,0.0,0.0,0,26771,65535,60000,1
38457.757,1.73081636428833,2.505178928375244,0.1675981730222702,-1.8040239810943604,1.594760775566101,0.32322317361831665,10.098710060119629,37.266963958740234,-62.80140686035156,-209.1307830810547,-86.84854125976562,68.26251220703125,0.0,0.0,0.0,0,49934,65535,48373,1
38467.634,1.7161154747009277,2.5200884342193604,0.17257525026798248,-1.7709745168685913,1.5594415664672852,0.29741325974464417,6.771060943603516,37.892677307128906,-60.962493896484375,-199.24949645996094,12.61609172821045,15.974464416503906,0.0,0.0,0.0,7839,60000,65535,29728,1
38477.503,1.7066272497177124,2.5324227809906006,0.17938844859600067,-1.7386906147003174,1.5502769947052002,0.3252827525138855,2.7447450160980225,37.19977569580078,-58.21715545654297,-474.52252197265625,213.01455688476562,200.40260314941406,0.0,0.0,0.0,1397,44757,34332,5200,1
38487.391,1.696591854095459,2.545393705368042,0.18750348687171936,-1.7466126680374146,1.6143958568572998,0.46882355213165283,-3.6742734909057617,34.6975212097168,-54.77587890625,-65.13846588134766,161.0961456298828,169.32215881347656,0.0,0.0,0.0,0,60000,27613,44559,1
38497.254,1.686609148979187,2.558757781982422,0.1965586394071579,-1.6898835897445679,1.5951815843582153,0.4694772958755493,-5.636181831359863,32.36749267578125,-53.31633758544922,-121.94678497314453,337.4132995605469,-771.0142822265625,0.0,0.0,0.0,23330,0,65535,60000,1
38507.127,1.6730213165283203,2.57373309135437,0.2037276327610016,-1.657861590385437,1.5999369621276855,0.4829196333885193,-3.748366117477417,29.529741287231445,-58.96546936035156,-141.29638671875,413.393310546875,-172.94679260253906,0.0,0.0,0.0,0,10483,65535,47537,1
38516.997,1.6635544300079346,2.5870680809020996,0.21321052312850952,-1.5962343215942383,1.5559699535369873,0.43276116251945496,-5.380926132202148,25.421127319335938,-59.30237579345703,-356.1955871582031,294.9425964355469,682.5560302734375,0.0,0.0,0.0,0,0,65535,21382,1
38526.886,1.655195713043213,2.599456310272217,0.22218182682991028,-1.5433109998703003,1.5190035104751587,0.4140092432498932,-11.267149925231934,21.276905059814453,-53.068294525146484,-56.88823318481445,249.12338256835938,324.3014831542969,0.0,0.0,0.0,21411,0,65535,60000,1
38536.748,1.6469920873641968,2.61186146736145,0.23136620223522186,-1.4691851139068604,1.4789152145385742,0.3892504572868347,-12.991861343383789,18.016721725463867,-50.87960433959961,-205.47511291503906,384.5186767578125,6.640260219573975,0.0,0.0,0.0,65535,0,65535,60000,1
38546.626,1.6390306949615479,2.624342203140259,0.24048544466495514,-1.3977032899856567,1.4560521841049194,0.4047207236289978,-14.924850463867188,13.971805572509766,-51.3668327331543,-461.60467529296875,449.33062744140625,416.84808349609375,0.0,0.0,0.0,0,20886,65535,60000,1
38556.494,1.6280338764190674,2.638093948364258,0.2471451610326767,-1.351167917251587,1.431419849395752,0.39258474111557007,-19.9282169342041,8.1690673828125,-48.00211715698242,-317.0814514160156,362.5054931640625,271.5286560058594,0.0,0.0,0.0,0,10384,9830,60000,1
38566.379,1.6211330890655518,2.649890899658203,0.25626707077026367,-1.2751834392547607,1.3902887105941772,0.3642106056213379,-23.557998657226562,3.526400089263916,-47.26053237915039,-592.4874877929688,600.3675537109375,-104.38539123535156,0.0,0.0,0.0,0,25159,31604,60000,1
38576.251,1.6145340204238892,2.66180419921875,0.2656022906303406,-1.1668939590454102,1.3845411539077759,0.4374373257160187,-29.233802795410156,-0.6694102883338928,-51.97146224975586,-532.8167114257812,612.1218872070312,-98.23725128173828,0.0,0.0,0.0,0,60000,65535,9311,1
38586.117,1.6081106662750244,2.673863410949707,0.2747645378112793,-1.1500792503356934,1.3248918056488037,0.3319634795188904,-35.141056060791016,-4.967663288116455,-57.03702926635742,-416.28985595703125,620.8095092773438,182.8499298095703,0.0,0.0,0.0,0,60000,65535,34859,1
38595.993,1.6017186641693115,2.685753107070923,0.28333422541618347,-1.0941282510757446,1.2908719778060913,0.2775668799877167,-40.09966278076172,-11.746163368225098,-58.818695068359375,-834.7011108398438,891.632568359375,602.8993530273438,0.0,0.0,0.0,0,57694,32155,30267,1
38605.877,1.5935901403427124,2.6983416080474854,0.28932493925094604,-0.9793912172317505,1.2904187440872192,0.2927609086036682,-48.384124755859375,-22.071001052856445,-60.90734100341797,-288.3706970214844,715.0660400390625,-13.747668266296387,0.0,0.0,0.0,0,51575,9830,32734,1
38615.74,1.5890239477157593,2.7096011638641357,0.2975941300392151,-0.9165089130401611,1.2552686929702759,0.22796621918678284,-54.29207229614258,-27.050756454467773,-67.39926147460938,-265.50970458984375,890.772216796875,-444.2638244628906,0.0,0.0,0.0,0,55918,38308,17081,1
38625.614,1.5853595733642578,2.7211930751800537,0.3056385815143585,-0.802180826663971,1.2195230722427368,0.19376417994499207,-61.865909576416016,-28.74846649169922,-78.04400634765625,-353.44146728515625,981.2764282226562,-136.8112335205078,0.0,0.0,0.0,0,0,65535,20377,1
38635.489,1.5824475288391113,2.732779026031494,0.3133135735988617,-0.726033091545105,1.1872684955596924,0.13988450169563293,-71.2188491821289,-31.129009246826172,-89.47699737548828,-254.38771057128906,988.1231689453125,-61.82276916503906,0.0,0.0,0.0,0,54711,65535,20061,1
38645.373,1.5804380178451538,2.7442173957824707,0.32061079144477844,-0.6208282709121704,1.1431366205215454,0.0832989364862442,-80.5146484375,-31.826152801513672,-101.65145874023438,-227.10885620117188,1007.7681884765625,412.48004150390625,0.0,0.0,0.0,0,20948,52898,8228,1
38655.247,1.5746837854385376,2.7555127143859863,0.32102030515670776,-0.5557876825332642,1.1107922792434692,-0.010773012414574623,-89.68292999267578,-35.023616790771484,-113.62741088867188,-54.59968566894531,1013.2821044921875,34.50002670288086,0.0,0.0,0.0,0,0,9830,60000,1
38665.113,1.5695455074310303,2.766435384750366,0.3204241394996643,-0.496491938829422,1.0682965517044067,-0.1093883067369461,-97.75373840332031,-34.585289001464844,-126.28524780273438,-48.21713638305664,1076.2510986328125,-313.4874267578125,0.0,0.0,0.0,0,30938,36881,10218,1
38674.987,1.5714070796966553,2.776859998703003,0.32686325907707214,-0.42716550827026367,1.026540756225586,-0.17902427911758423,-105.23477935791016,-30.357027053833008,-138.53933715820312,-104.79727172851562,1111.5748291015625,-196.4520721435547,0.0,0.0,0.0,0,0,65535,36710,1
38684.873,1.5736795663833618,2.786890983581543,0.3317367136478424,-0.3666895031929016,0.982267439365387,-0.25565820932388306,-111.70297241210938,-24.668411254882812,-149.63079833984375,-127.9432601928711,1104.7342529296875,-89.36128234863281,0.0,0.0,0.0,38054,0,65535,28124,1
38694.737,1.5701223611831665,2.796581983566284,0.3286284804344177,-0.3527766168117523,0.9602259397506714,-0.348070353269577,-116.75634002685547,-18.86557388305664,-159.77757263183594,-76.87346649169922,1066.9405517578125,68.6542739868164,0.0,0.0,0.0,21123,26279,55211,19127,1
38704.61,1.5666404962539673,2.806103229522705,0.32461339235305786,-0.33974361419677734,0.9501257538795471,-0.4363241493701935,-120.4417495727539,-14.350409507751465,-169.92469787597656,-51.67945861816406,1040.616943359375,134.9025421142578,0.0,0.0,0.0,3119,5601,60499,17302,1
