timestamp,stateEstimate.x,stateEstimate.y,stateEstimate.z,stateEstimate.vx,stateEstimate.vy,stateEstimate.vz,stateEstimate.roll,stateEstimate.pitch,stateEstimate.yaw,gyro.x,gyro.y,gyro.z,controller.cmd_roll,controller.cmd_pitch,controller.cmd_yaw,rlapp.pwmM1,rlapp.pwmM2,rlapp.pwmM3,rlapp.pwmM4,rlapp.tgtGate
127083.638,1.5376883745193481,2.4204258918762207,0.13186952471733093,-0.0015920308651402593,0.00212439289316535,0.0015148561215028167,0.08654697984457016,-0.5061118006706238,-73.37349700927734,-0.16408857703208923,0.007989197969436646,1.0300450325012207,-47.0,295.0,-645.0,0,0,0,0,0
127093.326,1.5376900434494019,2.4204440116882324,0.1318730264902115,-0.0011978516122326255,0.002183194737881422,0.0015741260722279549,0.08580415695905685,-0.5065972805023193,-73.38200378417969,0.21951881051063538,-0.0046445694752037525,-0.7745012640953064,-44.0,296.0,-757.0,0,0,0,0,0
127103.449,1.537678599357605,2.420461416244507,0.13188941776752472,-0.0010550664737820625,0.0012231535511091352,0.0016896309098228812,0.08582792431116104,-0.5070120692253113,-73.38692474365234,0.19597867131233215,-0.5043731927871704,1.526931881904602,-47.0,297.0,-806.0,0,0,0,0,0
127113.132,1.5376685857772827,2.420469284057617,0.13190723955631256,-0.0009183104848489165,0.0002931516501121223,0.00185813894495368,0.08641187101602554,-0.5045294761657715,-73.38172149658203,-0.025032944977283478,-0.0461869053542614,-0.06595908850431442,-49.0,289.0,-816.0,0,0,0,0,0
127123.28,1.5376957654953003,2.420452833175659,0.1318971961736679,-0.0007937829941511154,-0.000652325339615345,0.0018145808717235923,0.08855203539133072,-0.5056011080741882,-73.54896545410156,-0.3672716021537781,-0.10880481451749802,-2.0179741382598877,-47.0,288.0,-830.0,0,0,0,0,0
127132.958,1.537733554840088,2.420405149459839,0.13188736140727997,-0.0006986384396441281,-0.0016158913495019078,0.001780928228981793,0.0906781479716301,-0.5079235434532166,-73.80038452148438,0.09209928661584854,0.004057825077325106,1.2524038553237915,-47.0,307.0,-1062.0,0,0,0,0,0
127143.085,1.5377486944198608,2.4203691482543945,0.13188906013965607,-0.0006329100579023361,-0.002497928449884057,0.0018521849997341633,0.09358873963356018,-0.5083810687065125,-73.95547485351562,-0.1688556671142578,-0.04635688662528992,1.0943589210510254,-51.0,317.0,-1438.0,0,0,0,0,0
127152.764,1.5377655029296875,2.4203596115112305,0.13186293840408325,-0.0005687913508154452,-0.0032756838481873274,0.001648617209866643,0.09307339042425156,-0.5067655444145203,-74.11021423339844,0.038191717118024826,-0.25650525093078613,-1.1328096389770508,-44.0,316.0,-1850.0,0,0,0,0,0
127162.9,1.5377835035324097,2.4203243255615234,0.13186539709568024,-0.0005147496121935546,-0.004068408161401749,0.0015959060983732343,0.09497565031051636,-0.5057911276817322,-74.265380859375,-0.04062864929437637,-0.18564772605895996,-0.753391683101654,-47.0,323.0,-2283.0,0,0,0,0,0
127172.591,1.5378000736236572,2.420261859893799,0.13186945021152496,-0.0004711645597126335,-0.004866721108555794,0.0017950021428987384,0.09620774537324905,-0.5050835609436035,-74.41580200195312,0.027288760989904404,0.2023411989212036,-0.7184141278266907,-49.0,333.0,-2695.0,0,0,0,0,0
127182.717,1.537810206413269,2.4202160835266113,0.1318650245666504,-0.0004574268823489547,-0.005580019671469927,0.0017462203977629542,0.09676914662122726,-0.5053820610046387,-74.57969665527344,0.34178149700164795,3.1234614849090576,-0.8501067757606506,-48.0,344.0,-3114.0,0,0,0,0,0
127192.401,1.537814974784851,2.4201571941375732,0.13187572360038757,-0.000429635401815176,-0.006243142299354076,0.0015662569785490632,0.09777062386274338,-0.5208078622817993,-74.5768051147461,1.1447596549987793,-3.153275728225708,-14.38041877746582,-54.0,389.0,-3460.0,0,0,0,0,0
127202.539,1.5378284454345703,2.420104742050171,0.13186733424663544,-0.00040337888640351593,-0.006908126641064882,0.0009415059466846287,0.1020428016781807,-0.5147604942321777,-74.78263092041016,-1.2419836521148682,-4.640829086303711,5.7816572189331055,-58.0,461.0,-3777.0,0,0,0,0,0
127212.227,1.537851333618164,2.420060396194458,0.13182424008846283,-0.0003571153210941702,-0.0075670569203794,0.0003451718366704881,0.09910646080970764,-0.49722445011138916,-74.96588134765625,0.6503087878227234,4.8233160972595215,25.1878719329834,-54.0,374.0,-4176.0,0,0,0,0,0
127222.351,1.5378587245941162,2.419990301132202,0.13181552290916443,-0.0003691289166454226,-0.008147190324962139,0.0004966332344338298,0.11381885409355164,-0.5039412975311279,-74.87220001220703,3.485281467437744,5.010005950927734,10.191269874572754,-102.0,348.0,-4444.0,0,0,0,0,0
127232.036,1.5378597974777222,2.4199159145355225,0.13180860877037048,-0.00040427022031508386,-0.008687927387654781,0.00037548705586232245,0.16224908828735352,-0.5242043733596802,-74.89473724365234,4.2194695472717285,0.5335894227027893,9.360177993774414,-267.0,478.0,-4428.0,0,0,0,0,0
127242.168,1.5378539562225342,2.4198336601257324,0.1318332999944687,-0.000504692958202213,-0.009348886087536812,0.006910506170243025,0.19168634712696075,-0.5306156873703003,-74.95907592773438,3.2755868434906006,5.516038417816162,13.28862190246582,-264.0,563.0,-4407.0,0,0,0,0,0
127251.859,1.5378525257110596,2.4197709560394287,0.13191144168376923,-0.0006684803520329297,-0.0098692886531353,0.011138340458273888,0.2517242133617401,-0.5783458352088928,-74.96566772460938,5.896165370941162,-4.65278959274292,-15.90070629119873,-428.0,707.0,-4401.0,0,0,0,0,0
127261.996,1.5378144979476929,2.419668197631836,0.13205991685390472,-0.0010284252930432558,-0.01071727555245161,0.017921455204486847,0.26941967010498047,-0.5413340330123901,-75.13172149658203,8.659577369689941,1.3605984449386597,8.821283340454102,-321.0,553.0,-4425.0,0,0,0,0,0
127271.667,1.5377447605133057,2.419607639312744,0.13251838088035583,-0.001744691631756723,-0.011886941269040108,0.07974839955568314,0.5886862277984619,-0.5527278780937195,-74.91513061523438,113.470458984375,-9.756636619567871,-64.40791320800781,-1731.0,491.0,-4349.0,0,0,0,0,0
127281.808,1.5377098321914673,2.4194960594177246,0.13379929959774017,-0.0040033054538071156,-0.014010042883455753,0.1817123144865036,1.3069363832473755,-0.47487112879753113,-75.11250305175781,-207.85231018066406,-37.43256378173828,-52.352054595947266,-2259.0,13.0,-4199.0,0,0,0,0,0
127291.502,1.5378191471099854,2.419509172439575,0.13627023994922638,-0.0055339341051876545,-0.015340146608650684,0.29907339811325073,-0.5387721657752991,-0.057296525686979294,-75.51533508300781,210.70144653320312,-35.44822692871094,84.006103515625,3363.0,-1759.0,-4462.0,0,0,0,0,0
127301.619,1.538103699684143,2.4194765090942383,0.13956817984580994,-0.0030185829382389784,-0.014549605548381805,0.35202863812446594,1.4766815900802612,0.47315049171447754,-74.62761688232422,101.39837646484375,-20.77787208557129,-83.58858489990234,-4378.0,-4041.0,-4397.0,0,0,0,0,0
127311.3,1.5385468006134033,2.419464588165283,0.1442374587059021,-0.0076260496862232685,-0.012856594286859035,0.4919818639755249,1.1693859100341797,0.8094386458396912,-74.93541717529297,-366.1592102050781,54.8415412902832,296.0838928222656,-1591.0,-4282.0,-3762.0,0,0,0,0,0
127321.436,1.5386254787445068,2.4195079803466797,0.15007834136486053,-0.008287549018859863,-0.008899709209799767,0.6299716234207153,-1.5341485738754272,0.7523563504219055,-74.06364440917969,259.9342041015625,-84.04280853271484,-421.84423828125,6426.0,-2742.0,-2988.0,0,0,0,0,0
127331.128,1.538925051689148,2.4195683002471924,0.15758287906646729,-0.003928897436708212,-0.0038180577103048563,0.7686111330986023,-0.07516895234584808,1.5002936124801636,-76.7156982421875,-337.1835021972656,-51.86217498779297,147.08139038085938,2918.0,-3687.0,-3653.0,0,0,0,0,0
127341.262,1.539232611656189,2.4197351932525635,0.1662263572216034,-0.0006201329524628818,0.002743246266618371,0.8697755336761475,-3.048553943634033,2.086467742919922,-74.58387756347656,271.341552734375,-131.4226837158203,-103.75126647949219,7670.0,-6706.0,-4585.0,0,0,0,0,0
127350.934,1.539426326751709,2.4198355674743652,0.17502251267433167,0.007686378434300423,0.003894080640748143,0.8034029006958008,-0.39137503504753113,3.3279459476470947,-74.30622863769531,204.72543334960938,-124.94536590576172,-355.80609130859375,-4964.0,-11467.0,-3592.0,0,0,0,0,0
127361.079,1.5400890111923218,2.4200544357299805,0.1849404275417328,0.007227398920804262,0.015754906460642815,0.874398410320282,0.42545658349990845,4.358834266662598,-75.18310546875,-404.570068359375,7.147741794586182,520.0001831054688,-5101.0,-11897.0,-3344.0,0,0,0,0,0
127370.762,1.5405679941177368,2.4203431606292725,0.1961444467306137,0.00471794418990612,0.03462256118655205,0.999171793460846,-2.009476661682129,4.656907558441162,-72.86333465576172,319.0766296386719,-86.85516357421875,-395.3284606933594,4518.0,-9560.0,-1868.0,0,0,0,0,0
127380.897,1.541060447692871,2.4209794998168945,0.20851963758468628,0.007547358516603708,0.051377806812524796,1.06979238986969,-0.42431288957595825,5.515325546264648,-75.87317657470703,-287.8284912109375,-47.93146514892578,28.9090633392334,827.0,-8070.0,-985.0,0,0,0,0,0
127390.568,1.5413025617599487,2.421038866043091,0.2088036984205246,0.00862001534551382,0.051601000130176544,1.0710303783416748,-0.43306586146354675,5.514780521392822,-75.92455291748047,170.33323669433594,-75.93880462646484,228.43121337890625,4951.0,-9936.0,-2967.0,0,0,0,0,0
127400.706,1.541849136352539,2.421550750732422,0.2204929143190384,0.008145713247358799,0.06732461601495743,1.1290119886398315,-2.6673409938812256,6.473934173583984,-75.22140502929688,332.0681457519531,-92.52288818359375,-82.85205078125,-2019.0,-12285.0,-3276.0,0,0,0,0,0
127410.404,1.5427290201187134,2.4231626987457275,0.2429160624742508,0.01137694250792265,0.09017516672611237,1.0852129459381104,0.6642853021621704,7.892604351043701,-74.71976470947266,-343.96661376953125,32.78145217895508,180.53591918945312,-7393.0,-12901.0,-2658.0,0,0,0,0,0
127420.525,1.5433305501937866,2.424253463745117,0.255033403635025,0.0053452616557478905,0.1101110577583313,1.1253621578216553,-1.5357108116149902,7.693078994750977,-74.1156234741211,208.50479125976562,-34.759483337402344,-105.01656341552734,2868.0,-9885.0,-2305.0,0,0,0,0,0
127430.203,1.5438505411148071,2.4256105422973633,0.2678805887699127,0.004350835457444191,0.13370074331760406,1.196913480758667,0.9800207018852234,8.451204299926758,-75.93568420410156,-59.378047943115234,-81.98210144042969,-116.7047119140625,-755.0,-8172.0,-2514.0,0,0,0,0,0
127440.349,1.544405460357666,2.4272964000701904,0.28258758783340454,-0.001867791055701673,0.1490548700094223,1.2047836780548096,-1.3343276977539062,9.259675979614258,-74.5642318725586,-200.6170196533203,-83.91390228271484,108.60742950439453,817.0,-11596.0,-4210.0,0,0,0,0,0
127450.029,1.5446950197219849,2.4273576736450195,0.2831849753856659,-0.0006254382897168398,0.14936000108718872,1.2074501514434814,-1.3428354263305664,9.258560180664062,-74.60871887207031,243.69337463378906,-69.89456939697266,133.93386840820312,5019.0,-13589.0,-3652.0,0,0,0,0,0
127460.163,1.5453592538833618,2.4292385578155518,0.297808438539505,0.0009918012656271458,0.1609443724155426,1.1671879291534424,-1.0132054090499878,9.894232749938965,-74.06725311279297,174.86465454101562,-33.85038757324219,-34.4838981628418,-4346.0,-13764.0,-2566.0,0,0,0,0,0
127469.847,1.5461523532867432,2.4310834407806396,0.3101962208747864,0.00903556402772665,0.16619490087032318,1.0899120569229126,1.7137234210968018,10.383830070495605,-74.64155578613281,-229.5836639404297,-5.091917514801025,57.7327766418457,-7053.0,-12561.0,-2427.0,0,0,0,0,0
127479.973,1.5469069480895996,2.433185338973999,0.3225608468055725,-5.471700933412649e-05,0.19125325977802277,1.1306487321853638,1.2844830751419067,10.433904647827148,-74.91493225097656,138.3057098388672,-44.02717971801758,-167.0311279296875,1224.0,-10910.0,-2541.0,0,0,0,0,0
127489.667,1.5473129749298096,2.4355273246765137,0.33531880378723145,-0.00617526238784194,0.20542487502098083,1.1159353256225586,0.23939496278762817,10.814125061035156,-74.83598327636719,21.114681243896484,-47.56257629394531,82.97998809814453,-1919.0,-12369.0,-3124.0,0,0,0,0,0
127499.791,1.5474588871002197,2.4379165172576904,0.34759703278541565,-0.014736928977072239,0.2341119945049286,1.1754101514816284,2.313516616821289,11.413126945495605,-75.31507873535156,-198.61276245117188,-1.201865553855896,308.5140686035156,-1787.0,-14354.0,-3457.0,0,0,0,0,0
127509.474,1.5477291345596313,2.4407052993774414,0.36114582419395447,-0.022816121578216553,0.2475031614303589,1.160163402557373,0.4754960238933563,11.81530475616455,-73.18098449707031,186.55563354492188,-18.737422943115234,57.54472351074219,4023.0,-14459.0,-1444.0,0,0,0,0,0
127519.619,1.5480434894561768,2.4436464309692383,0.37438470125198364,-0.028371989727020264,0.26863187551498413,1.1717740297317505,0.2872624099254608,12.234537124633789,-74.3570785522461,244.33148193359375,8.302000045776367,-110.72803497314453,-2706.0,-14446.0,-1041.0,0,0,0,0,0
127529.299,1.5484288930892944,2.4467713832855225,0.38731321692466736,-0.020131606608629227,0.2699907422065735,1.0791672468185425,2.786675214767456,12.45040512084961,-75.21846771240234,-172.54104614257812,-11.370643615722656,-129.83314514160156,-9324.0,-13171.0,-1919.0,0,0,0,0,0
127539.424,1.5486503839492798,2.4500839710235596,0.40018659830093384,-0.031660228967666626,0.29430392384529114,1.106419324874878,3.657505512237549,12.4345121383667,-74.64964294433594,-29.186119079589844,-42.32040786743164,25.265933990478516,-1759.0,-12254.0,-1921.0,0,0,0,0,0
127549.105,1.5484344959259033,2.4533872604370117,0.4122350513935089,-0.04646763950586319,0.3125183582305908,1.1179693937301636,1.5946547985076904,12.59714412689209,-73.04509735107422,168.64126586914062,-8.060803413391113,113.73265075683594,654.0,-13200.0,-873.0,0,0,0,0,0
127559.241,1.5481873750686646,2.457273244857788,0.4258592128753662,-0.05762292072176933,0.33966517448425293,1.1625248193740845,3.143840789794922,12.710235595703125,-74.8542251586914,-197.04246520996094,-8.386590957641602,113.55638885498047,-2546.0,-13710.0,-1299.0,0,0,0,0,0
127568.948,1.547851324081421,2.4613490104675293,0.43946030735969543,-0.06971154361963272,0.36012890934944153,1.180096983909607,2.5631864070892334,12.87209415435791,-74.1065902709961,14.285323143005371,-23.061817169189453,-1.707311749458313,3167.0,-14239.0,-744.0,0,0,0,0,0
127579.058,1.5475189685821533,2.465695381164551,0.45343706011772156,-0.0800517350435257,0.37786808609962463,1.187397837638855,0.6684573292732239,13.025694847106934,-72.90606689453125,239.14381408691406,10.807973861694336,-42.95614242553711,696.0,-14894.0,197.0,0,0,0,0,0
127588.749,1.5472086668014526,2.470275640487671,0.46709346771240234,-0.07488057017326355,0.38134410977363586,1.116763710975647,2.7920589447021484,13.090204238891602,-74.45951843261719,16.590946197509766,19.915660858154297,42.03594207763672,-7992.0,-14213.0,-616.0,0,0,0,0,0
127598.875,1.5466468334197998,2.4746034145355225,0.47942087054252625,-0.08595416694879532,0.40237969160079956,1.1367987394332886,4.480579376220703,12.830142974853516,-74.49656677246094,-84.3373031616211,26.73052215576172,221.80690002441406,-4995.0,-13148.0,-1409.0,0,0,0,0,0
127608.566,1.545976996421814,2.4796345233917236,0.49335089325904846,-0.10033891350030899,0.4200228750705719,1.152043104171753,3.1122725009918213,12.774334907531738,-73.82235717773438,96.60581970214844,31.558727264404297,-186.8429412841797,307.0,-13380.0,-1489.0,0,0,0,0,0
127618.701,1.5451159477233887,2.484663724899292,0.5068405866622925,-0.10494349151849747,0.42846915125846863,1.1175224781036377,3.6942052841186523,12.508267402648926,-75.81329345703125,-75.2285385131836,17.833770751953125,-49.52370071411133,-1727.0,-12928.0,-3378.0,0,0,0,0,0
127628.374,1.5440661907196045,2.4900403022766113,0.5209829211235046,-0.12849070131778717,0.464539110660553,1.2312796115875244,3.8930277824401855,12.27562141418457,-74.80572509765625,-111.02473449707031,41.54460906982422,136.33084106445312,1095.0,-13037.0,-3703.0,0,0,0,0,0
127638.509,1.5430594682693481,2.495565176010132,0.5357274413108826,-0.13739490509033203,0.47304242849349976,1.216280460357666,2.129470109939575,12.110869407653809,-73.53910827636719,244.65321350097656,30.207284927368164,-196.20538330078125,1966.0,-13515.0,-2092.0,0,0,0,0,0
127648.209,1.5418243408203125,2.5008158683776855,0.5488378405570984,-0.1379694640636444,0.47493353486061096,1.1630383729934692,2.8272788524627686,11.911847114562988,-73.6531753540039,74.98087310791016,54.948585510253906,109.99691772460938,-6194.0,-13739.0,-1598.0,0,0,0,0,0
127658.332,1.5407288074493408,2.5067670345306396,0.5631726980209351,-0.14256013929843903,0.48716050386428833,1.1609430313110352,4.753214359283447,11.451078414916992,-74.21905517578125,-93.18388366699219,37.54487228393555,146.48876953125,-7084.0,-12582.0,-1520.0,0,0,0,0,0
127668.022,1.5393791198730469,2.51278018951416,0.5775907039642334,-0.16429664194583893,0.5108584761619568,1.2476413249969482,4.277668476104736,10.982760429382324,-73.76315307617188,15.160985946655273,36.25971984863281,-152.0620574951172,-2058.0,-12231.0,-825.0,0,0,0,0,0
127678.143,1.5378022193908691,2.518939971923828,0.5920796394348145,-0.1628381460905075,0.5041441917419434,1.155286431312561,3.9142305850982666,10.626206398010254,-73.60635375976562,-51.089996337890625,73.66918182373047,184.30657958984375,-45.0,-12654.0,-786.0,0,0,0,0,0
127687.835,1.535982608795166,2.5252256393432617,0.6066926717758179,-0.18143804371356964,0.5250524282455444,1.2424060106277466,3.6810081005096436,10.092080116271973,-74.25093078613281,-131.804931640625,46.231014251708984,-6.7936015129089355,1057.0,-12183.0,-962.0,0,0,0,0,0
127697.96,1.5340473651885986,2.5317201614379883,0.6221241354942322,-0.19359090924263,0.537420392036438,1.2850154638290405,3.116009473800659,9.599647521972656,-74.09588623046875,98.15385437011719,55.06385040283203,-34.204811096191406,2248.0,-11819.0,-815.0,0,0,0,0,0
127707.642,1.5321760177612305,2.5376546382904053,0.6358668804168701,-0.1935252547264099,0.5302953124046326,1.2062768936157227,2.4216699600219727,8.93651008605957,-72.69225311279297,146.81101989746094,98.29503631591797,160.36868286132812,-3065.0,-11404.0,71.0,0,0,0,0,0
127717.79,1.5304625034332275,2.5440804958343506,0.6502649784088135,-0.19418290257453918,0.5334838628768921,1.2007378339767456,4.393184185028076,8.26386833190918,-74.33999633789062,-37.235801696777344,83.64710998535156,154.00125122070312,-6836.0,-10605.0,-420.0,0,0,0,0,0
127727.469,1.5285444259643555,2.5506277084350586,0.6653274893760681,-0.21048322319984436,0.5440051555633545,1.287042498588562,4.539172649383545,7.526461601257324,-73.97303771972656,-2.344627857208252,56.95463180541992,-252.11996459960938,-4143.0,-10425.0,-362.0,0,0,0,0,0
127737.599,1.5264149904251099,2.5571587085723877,0.6806374192237854,-0.20875096321105957,0.5355697870254517,1.2095410823822021,4.37912130355835,7.011639595031738,-73.01614379882812,-144.041015625,66.76508331298828,1.9704375267028809,-1500.0,-11251.0,-51.0,0,0,0,0,0
127747.275,1.5239624977111816,2.5636017322540283,0.6952852606773376,-0.21804386377334595,0.5323638319969177,1.2222256660461426,3.9602420330047607,6.229770183563232,-73.63190460205078,-9.851181030273438,60.17668151855469,100.12979888916016,2315.0,-10653.0,-294.0,0,0,0,0,0
127757.414,1.5214475393295288,2.570157527923584,0.7106870412826538,-0.22991642355918884,0.5344598293304443,1.2930750846862793,3.0208466053009033,5.474883556365967,-73.75379943847656,-18.745758056640625,79.35497283935547,194.26583862304688,2242.0,-10558.0,-730.0,0,0,0,0,0
127767.103,1.5189071893692017,2.5765457153320312,0.7265087366104126,-0.22965967655181885,0.5258088707923889,1.2436681985855103,2.7563977241516113,4.9060163497924805,-73.94222259521484,113.2464599609375,63.4880485534668,-92.11041259765625,-234.0,-10544.0,-975.0,0,0,0,0,0
127777.231,1.5163049697875977,2.583534002304077,0.74309241771698,-0.22830228507518768,0.5184499621391296,1.2120401859283447,3.434703826904297,3.9975426197052,-73.91398620605469,3.885887384414673,103.10307312011719,52.43339157104492,-5039.0,-9248.0,-1462.0,0,0,0,0,0
127786.91,1.5140527486801147,2.589768648147583,0.7580978870391846,-0.23471911251544952,0.5130959153175354,1.2744897603988647,4.207427978515625,3.0039854049682617,-73.88652801513672,77.73719787597656,98.45179748535156,249.24864196777344,-4462.0,-8044.0,-1648.0,0,0,0,0,0
127797.045,1.5116422176361084,2.5953516960144043,0.772124707698822,-0.23851178586483002,0.5011476278305054,1.279424786567688,4.162643909454346,2.1423065662384033,-73.05667114257812,-42.3533935546875,125.78667449951172,-69.34426879882812,-3811.0,-7734.0,-1127.0,0,0,0,0,0
127806.737,1.5091278553009033,2.601243257522583,0.7875896096229553,-0.23491701483726501,0.48916786909103394,1.198573350906372,4.248133659362793,1.1527148485183716,-74.38592529296875,-172.17100524902344,107.33014678955078,-166.26046752929688,178.0,-6726.0,-1396.0,0,0,0,0,0
127816.869,1.5063412189483643,2.6070332527160645,0.8027305603027344,-0.24214421212673187,0.47427457571029663,1.2529600858688354,2.6283299922943115,0.125647634267807,-73.85218811035156,10.831180572509766,71.99224090576172,-15.9717378616333,4641.0,-5510.0,-1619.0,0,0,0,0,0
127826.544,1.5035021305084229,2.6126410961151123,0.8187386393547058,-0.24404031038284302,0.45765921473503113,1.313496470451355,2.1030075550079346,-0.8045543432235718,-73.4928970336914,28.34803581237793,80.94451141357422,59.185325622558594,2258.0,-6393.0,-1294.0,0,0,0,0,0
127836.68,1.500868558883667,2.617938280105591,0.8340193629264832,-0.2380380481481552,0.4443676173686981,1.2074847221374512,2.233538866043091,-1.526625156402588,-73.53409576416016,71.271240234375,74.10758972167969,35.779266357421875,-1315.0,-7542.0,-910.0,0,0,0,0,0
127846.372,1.4984413385391235,2.622690439224243,0.8476012349128723,-0.2357717603445053,0.42258962988853455,1.2485443353652954,2.638026475906372,-2.359868049621582,-73.62117767333984,-58.90617752075195,84.17113494873047,60.438480377197266,-3874.0,-7158.0,-780.0,0,0,0,0,0
127856.497,1.4959982633590698,2.627572536468506,0.8635370135307312,-0.23496279120445251,0.39825838804244995,1.3194223642349243,2.9237942695617676,-3.147538423538208,-73.71662902832031,97.96684265136719,89.8465805053711,-27.342254638671875,-2925.0,-6806.0,-672.0,0,0,0,0,0
127866.194,1.4934899806976318,2.632204055786133,0.8796505928039551,-0.2311783879995346,0.37986910343170166,1.290087103843689,3.2296931743621826,-3.9474146366119385,-73.32674407958984,-126.62846374511719,104.77372741699219,9.29211711883545,-3377.0,-6279.0,-785.0,0,0,0,0,0
127876.316,1.490919589996338,2.636446714401245,0.8949272036552429,-0.22870877385139465,0.36211252212524414,1.2394651174545288,2.8933298587799072,-4.931944370269775,-74.96012878417969,-158.266845703125,101.64569091796875,-233.04971313476562,2352.0,-5166.0,-1951.0,0,0,0,0,0
127886.008,1.4882128238677979,2.6403989791870117,0.9102349281311035,-0.22858291864395142,0.3341032564640045,1.2720586061477661,0.9096028208732605,-5.884739398956299,-75.18761444091797,18.915327072143555,52.706172943115234,-79.78485107421875,5902.0,-3869.0,-3598.0,0,0,0,0,0
127896.132,1.48577082157135,2.64380145072937,0.9245038032531738,-0.22108802199363708,0.30356261134147644,1.3094260692596436,0.4749317467212677,-6.73723030090332,-74.73454284667969,0.8865605592727661,94.19169616699219,140.06591796875,2723.0,-4041.0,-4195.0,0,0,0,0,0
127905.811,1.4832919836044312,2.647151470184326,0.940071165561676,-0.21549126505851746,0.29030561447143555,1.2096933126449585,0.6489183306694031,-7.382741451263428,-74.03205108642578,58.82305145263672,72.82601928710938,134.23326110839844,-351.0,-4518.0,-3377.0,0,0,0,0,0
127915.952,1.481040120124817,2.650212526321411,0.9554585218429565,-0.2054315209388733,0.25653892755508423,1.261783242225647,0.9518263936042786,-8.218924522399902,-73.0733871459961,-67.00541687011719,76.6136245727539,209.7257080078125,-2083.0,-4036.0,-1651.0,0,0,0,0,0
127925.639,1.4789155721664429,2.652822494506836,0.9715626835823059,-0.19518928229808807,0.2199135571718216,1.3172746896743774,0.876295804977417,-9.010857582092285,-72.78809356689453,100.05664825439453,44.176815032958984,-120.29469299316406,-1831.0,-3443.0,426.0,0,0,0,0,0
127935.764,1.4768412113189697,2.6550211906433105,0.9871371388435364,-0.1872158795595169,0.20174820721149445,1.2523179054260254,1.5882883071899414,-9.684259414672852,-72.57161712646484,-188.35040283203125,92.18487548828125,56.02241897583008,-2819.0,-3872.0,1748.0,0,0,0,0,0
127945.446,1.4747024774551392,2.656876564025879,1.0022666454315186,-0.18166865408420563,0.17777445912361145,1.2141247987747192,1.1463112831115723,-10.42025089263916,-72.86283874511719,-100.1551742553711,67.59651947021484,-161.54588317871094,3291.0,-2673.0,2320.0,0,0,0,0,0
127955.581,1.4727468490600586,2.6584386825561523,1.0158674716949463,-0.1733873337507248,0.14199571311473846,1.2332638502120972,-0.7805141806602478,-11.131827354431152,-73.67878723144531,8.012335777282715,33.068992614746094,-41.830501556396484,5352.0,-2646.0,1411.0,0,0,0,0,0
127965.285,1.4708675146102905,2.659649610519409,1.0301092863082886,-0.1586596667766571,0.10338736325502396,1.2685171365737915,-0.9764857292175293,-11.508152961730957,-74.05706024169922,27.754465103149414,63.8341178894043,6.307904243469238,2120.0,-3646.0,62.0,0,0,0,0,0
127975.398,1.4691261053085327,2.6602671146392822,1.0457870960235596,-0.15423859655857086,0.09274758398532867,1.1679768562316895,-0.8610438704490662,-12.141161918640137,-74.26700592041016,77.03805541992188,32.39949417114258,107.68553924560547,-1187.0,-3197.0,-1015.0,0,0,0,0,0
127985.079,1.4676941633224487,2.660717487335205,1.0605515241622925,-0.13703685998916626,0.048824943602085114,1.2264169454574585,-0.10868586599826813,-12.620477676391602,-73.54393768310547,-40.88022232055664,39.414268493652344,105.77539825439453,-2680.0,-2611.0,-1104.0,0,0,0,0,0
127995.221,1.4663745164871216,2.660634994506836,1.0759594440460205,-0.12258463352918625,0.006566478405147791,1.2715132236480713,-0.0967746376991272,-13.157215118408203,-73.20243835449219,71.05305480957031,30.64963722229004,-173.11785888671875,-2375.0,-2079.0,-412.0,0,0,0,0,0
128004.906,1.46515953540802,2.6604130268096924,1.0897470712661743,-0.11447861045598984,-0.010187889449298382,1.2014918327331543,0.5137555599212646,-13.474828720092773,-73.49562072753906,-198.77267456054688,45.946651458740234,155.46475219726562,-2084.0,-2296.0,-758.0,0,0,0,0,0
128015.039,1.4638386964797974,2.6596148014068604,1.1047471761703491,-0.10726028680801392,-0.03991148620843887,1.1878083944320679,-0.40644127130508423,-13.967657089233398,-74.02552795410156,-79.58565521240234,29.580591201782227,-32.09097671508789,4578.0,-1509.0,-1346.0,0,0,0,0,0
128024.713,1.4624602794647217,2.6582765579223633,1.121122121810913,-0.09301387518644333,-0.08565713465213776,1.2273221015930176,-2.140110731124878,-14.381382942199707,-74.48130798339844,1.7551724910736084,0.9184545874595642,-54.60728073120117,5626.0,-1376.0,-2270.0,0,0,0,0,0
128034.853,1.4614251852035522,2.6565232276916504,1.136435866355896,-0.0804276317358017,-0.11511310189962387,1.2156965732574463,-2.082925319671631,-14.538213729858398,-74.54705047607422,24.202388763427734,4.383708953857422,54.430301666259766,2095.0,-2415.0,-3011.0,0,0,0,0,0
128044.55,1.4606928825378418,2.6545228958129883,1.1509181261062622,-0.07190196216106415,-0.13205474615097046,1.1559293270111084,-1.6944948434829712,-14.703100204467773,-73.81442260742188,85.18989562988281,-2.4588661193847656,73.20260620117188,-1431.0,-3022.0,-2676.0,0,0,0,0,0
128054.665,1.4601361751556396,2.6525943279266357,1.164017915725708,-0.051901474595069885,-0.17601490020751953,1.210303783416748,-0.7578010559082031,-14.639487266540527,-73.14156341552734,16.66278076171875,6.634844779968262,65.80213928222656,-2850.0,-3324.0,-1522.0,0,0,0,0,0
128064.347,1.4597558975219727,2.6497254371643066,1.179295301437378,-0.03633423522114754,-0.2172888070344925,1.2541251182556152,-0.7933835387229919,-14.737573623657227,-73.11392974853516,-9.170382499694824,-20.313264846801758,-233.1536865234375,-2857.0,-2812.0,-302.0,0,0,0,0,0
128074.491,1.459399938583374,2.646482467651367,1.1943857669830322,-0.03277822211384773,-0.22383318841457367,1.1588170528411865,-0.4638308584690094,-14.659676551818848,-73.97059631347656,-206.53298950195312,-8.868128776550293,-7.409745693206787,-119.0,-2658.0,-535.0,0,0,0,0,0
128084.174,1.4589341878890991,2.642676591873169,1.2102782726287842,-0.020004304125905037,-0.26447615027427673,1.193259596824646,-1.9367698431015015,-14.752446174621582,-73.60540771484375,22.18305778503418,-6.318119049072266,120.17849731445312,5426.0,-1855.0,-761.0,0,0,0,0,0
128094.304,1.4587022066116333,2.6382699012756348,1.2268530130386353,0.0012830920750275254,-0.31286343932151794,1.2678519487380981,-2.3778257369995117,-14.727581024169922,-73.84407043457031,2.8394522666931152,-6.272231101989746,115.64632415771484,3956.0,-1875.0,-1039.0,0,0,0,0,0
128103.98,1.4586936235427856,2.634154796600342,1.241780161857605,0.002374230418354273,-0.3120938837528229,1.1467057466506958,-2.2978360652923584,-14.549703598022461,-73.52436065673828,96.24893188476562,-32.728267669677734,3.541440963745117,872.0,-2085.0,-875.0,0,0,0,0,0
128114.116,1.458898663520813,2.6291933059692383,1.2576333284378052,0.022555796429514885,-0.35336071252822876,1.2056721448898315,-1.2255394458770752,-14.28507137298584,-73.25027465820312,27.545604705810547,-31.710988998413086,-14.52336597442627,-3523.0,-2695.0,-273.0,0,0,0,0,0
128123.812,1.4593936204910278,2.624239206314087,1.272443175315857,0.03873547911643982,-0.3926430642604828,1.2694278955459595,-1.0588908195495605,-14.008546829223633,-73.51008605957031,79.49201202392578,-17.431087493896484,257.9403076171875,-3092.0,-2611.0,129.0,0,0,0,0,0
128133.936,1.4599370956420898,2.6189465522766113,1.2873563766479492,0.041838958859443665,-0.3968251347541809,1.1879022121429443,-0.6029232144355774,-13.748634338378906,-73.22549438476562,-42.84619140625,-25.083539962768555,67.88299560546875,-2063.0,-2524.0,203.0,0,0,0,0,0
128143.614,1.4603819847106934,2.6141610145568848,1.300681471824646,0.049099862575531006,-0.41713470220565796,1.1863033771514893,-1.2944817543029785,-13.42330265045166,-73.15735626220703,-142.0433349609375,-44.41523742675781,-223.69845581054688,2054.0,-2343.0,368.0,0,0,0,0,0
128153.757,1.4608221054077148,2.608363389968872,1.3155814409255981,0.06244048476219177,-0.4506293535232544,1.2478842735290527,-2.6132962703704834,-13.010602951049805,-73.9045181274414,16.976177215576172,-64.89558410644531,-107.28687286376953,4763.0,-2417.0,109.0,0,0,0,0,0
128163.45,1.4613690376281738,2.602257013320923,1.3308436870574951,0.0695900097489357,-0.4648607671260834,1.2263213396072388,-2.6229867935180664,-12.445263862609863,-74.41678619384766,38.13833236694336,-41.99956130981445,78.21470642089844,2820.0,-3651.0,-1109.0,0,0,0,0,0
128173.571,1.4621814489364624,2.5955402851104736,1.3469090461730957,0.0754237174987793,-0.4719054400920868,1.1730608940124512,-2.0144946575164795,-11.955907821655273,-73.99427032470703,128.65945434570312,-53.764060974121094,24.97475814819336,-819.0,-3349.0,-2057.0,0,0,0,0,0
128183.248,1.46314537525177,2.589345693588257,1.361222743988037,0.08844389021396637,-0.49603185057640076,1.226624608039856,-0.8457116484642029,-11.436068534851074,-73.4072036743164,-39.87979507446289,-49.950782775878906,-91.27771759033203,-3888.0,-2755.0,-2126.0,0,0,0,0,0
128193.385,1.4642375707626343,2.5828816890716553,1.3761155605316162,0.09567520022392273,-0.5138342380523682,1.2515108585357666,-0.9531108140945435,-10.96426773071289,-73.59651184082031,53.94915771484375,-60.93524932861328,-61.54264450073242,-2894.0,-2508.0,-1628.0,0,0,0,0,0
128203.081,1.4652401208877563,2.576995611190796,1.3894214630126953,0.09305517375469208,-0.5020809173583984,1.123820424079895,-0.7655544877052307,-10.36571979522705,-74.5007553100586,-76.46987915039062,-64.48726654052734,186.51495361328125,-1604.0,-3123.0,-1810.0,0,0,0,0,0
128213.211,1.466195821762085,2.570352792739868,1.4034745693206787,0.0985569953918457,-0.5181108713150024,1.1578251123428345,-1.3381718397140503,-9.833172798156738,-73.31741333007812,-56.96272277832031,-66.03130340576172,-181.1803436279297,2128.0,-3252.0,-1979.0,0,0,0,0,0
128222.894,1.4669824838638306,2.5637505054473877,1.4172377586364746,0.10049165040254593,-0.5245524048805237,1.1450231075286865,-2.000279426574707,-9.206095695495605,-73.94163513183594,23.549100875854492,-79.9930648803711,-64.59417724609375,3302.0,-3273.0,-1528.0,0,0,0,0,0
128233.018,1.467787742614746,2.5570411682128906,1.4310100078582764,0.10313452780246735,-0.5285994410514832,1.1257871389389038,-2.0829575061798096,-8.38620662689209,-74.37164306640625,-15.288097381591797,-51.911251068115234,85.86280059814453,2244.0,-4244.0,-1938.0,0,0,0,0,0
128242.721,1.4686694145202637,2.5503342151641846,1.4442721605300903,0.09972202032804489,-0.5211760997772217,1.0294103622436523,-2.1897637844085693,-7.729742527008057,-74.14920806884766,101.67021179199219,-80.53587341308594,-103.53866577148438,846.0,-4806.0,-2504.0,0,0,0,0,0
128252.843,1.46969473361969,2.54433012008667,1.4559507369995117,0.10439510643482208,-0.5205584168434143,1.020546555519104,-1.4393073320388794,-6.913337707519531,-74.1705322265625,-7.763022422790527,-84.64399719238281,-11.10355281829834,-1813.0,-4932.0,-2672.0,0,0,0,0,0
128262.516,1.4708284139633179,2.537728786468506,1.4686167240142822,0.10489866137504578,-0.5173386335372925,0.9804858565330505,-1.3082213401794434,-6.143530368804932,-73.89554595947266,88.33547973632812,-96.38712310791016,-29.57792854309082,-2218.0,-5302.0,-2528.0,0,0,0,0,0
128272.661,1.4720516204833984,2.5311882495880127,1.480911135673523,0.10574304312467575,-0.5120924115180969,0.9332825541496277,-0.71608966588974,-5.349554538726807,-74.41476440429688,-4.457831382751465,-60.443145751953125,-29.24319076538086,-2841.0,-5433.0,-2593.0,0,0,0,0,0
128282.343,1.4732180833816528,2.524900436401367,1.4923292398452759,0.10404419153928757,-0.5044093728065491,0.8764907717704773,-0.6713778972625732,-4.7478156089782715,-74.52113342285156,38.66608428955078,-92.16690063476562,-52.64506149291992,-2081.0,-4959.0,-3159.0,0,0,0,0,0
128292.478,1.4743404388427734,2.518679618835449,1.5030651092529297,0.1018800437450409,-0.4948648512363434,0.7891790866851807,-0.420044481754303,-3.8794515132904053,-74.51725006103516,-63.516136169433594,-85.32176971435547,81.22899627685547,-1288.0,-5474.0,-3504.0,0,0,0,0,0
128302.149,1.4753707647323608,2.5130980014801025,1.5121300220489502,0.09918741136789322,-0.48629799485206604,0.7539191246032715,-0.9318600296974182,-2.9597458839416504,-74.02417755126953,-28.524032592773438,-100.96259307861328,28.4893798828125,946.0,-6831.0,-3313.0,0,0,0,0,0
128312.285,1.4762446880340576,2.50704026222229,1.521959900856018,0.0960964486002922,-0.4778694808483124,0.7077268362045288,-1.2561941146850586,-1.9946407079696655,-73.7605209350586,-43.0042610168457,-102.147705078125,-154.76161193847656,2021.0,-7839.0,-2675.0,0,0,0,0,0
128321.991,1.476945400238037,2.5010793209075928,1.5312105417251587,0.09132206439971924,-0.4682087004184723,0.6336895823478699,-1.7683534622192383,-1.0285102128982544,-73.98643493652344,-91.79540252685547,-108.4510726928711,-124.71586608886719,2842.0,-8599.0,-2198.0,0,0,0,0,0
128332.105,1.47748601436615,2.4953901767730713,1.5394560098648071,0.08608880639076233,-0.45795345306396484,0.5661033987998962,-2.5580248832702637,0.01805706135928631,-74.06895446777344,3.3552629947662354,-74.27269744873047,-136.9742431640625,3801.0,-9278.0,-1970.0,0,0,0,0,0
128341.783,1.4779809713363647,2.4897959232330322,1.5471487045288086,0.08333515375852585,-0.44539254903793335,0.5170739889144897,-2.6031670570373535,0.8010448813438416,-74.43382263183594,-40.31306838989258,-83.14286041259766,61.8997688293457,2492.0,-8948.0,-2117.0,0,0,0,0,0
128351.92,1.4785076379776,2.4843578338623047,1.5542415380477905,0.07912316918373108,-0.43381744623184204,0.4417179524898529,-2.913313627243042,1.6463531255722046,-74.00003814697266,18.89280128479004,-110.28473663330078,-0.15697355568408966,1848.0,-8828.0,-2227.0,0,0,0,0,0
128361.61,1.4791899919509888,2.479526996612549,1.559590458869934,0.07796499878168106,-0.41922080516815186,0.39096370339393616,-2.7148468494415283,2.6771507263183594,-74.0300521850586,38.208213806152344,-94.77903747558594,-4.425094127655029,259.0,-9665.0,-2047.0,0,0,0,0,0
128371.741,1.4798792600631714,2.4744322299957275,1.5655397176742554,0.07676268368959427,-0.4050525426864624,0.3454788327217102,-2.3151988983154297,3.645291805267334,-74.2647705078125,30.655302047729492,-124.5099868774414,4.710260391235352,-1256.0,-10777.0,-2140.0,0,0,0,0,0
128381.417,1.4806443452835083,2.4696362018585205,1.570770502090454,0.07509200274944305,-0.3928622603416443,0.2752174139022827,-2.001699686050415,4.782070636749268,-74.33011627197266,56.38701629638672,-125.75841522216797,-1.823981523513794,-1802.0,-12065.0,-2482.0,0,0,0,0,0
128391.552,1.481536626815796,2.464996576309204,1.5752280950546265,0.0743226706981659,-0.3815310597419739,0.19472569227218628,-1.400192379951477,5.936556339263916,-74.40657043457031,62.79302978515625,-106.06123352050781,-22.22027587890625,-2986.0,-13405.0,-2841.0,0,0,0,0,0
128401.246,1.4824937582015991,2.4605138301849365,1.5790048837661743,0.07269487529993057,-0.3652414083480835,0.15220698714256287,-0.839909553527832,6.899942398071289,-74.4994125366211,-12.548974990844727,-61.72417449951172,14.567203521728516,-3185.0,-13270.0,-3171.0,0,0,0,0,0
128411.369,1.4833306074142456,2.4565205574035645,1.5813372135162354,0.06917286664247513,-0.34774163365364075,0.10433246195316315,-0.79778653383255,7.549661159515381,-74.27393341064453,22.623899459838867,-104.12074279785156,-82.8023910522461,-2240.0,-12006.0,-3307.0,0,0,0,0,0
128421.051,1.4841969013214111,2.4523820877075195,1.5841364860534668,0.06669200956821442,-0.334331750869751,0.04519809037446976,-0.6328510642051697,8.561549186706543,-74.40869140625,-68.31836700439453,-82.33003234863281,37.06609344482422,-1210.0,-12251.0,-3279.0,0,0,0,0,0
128431.186,1.4848735332489014,2.448477029800415,1.5864812135696411,0.06104831025004387,-0.3144571781158447,0.0256637092679739,-1.2972573041915894,9.417207717895508,-73.9774169921875,-35.77888870239258,-115.49575805664062,71.55223846435547,1149.0,-13309.0,-2915.0,0,0,0,0,0
128440.877,1.485331654548645,2.444751739501953,1.5884853601455688,0.05632569640874863,-0.2982271611690521,-0.013112260028719902,-1.7832636833190918,10.526848793029785,-73.34375,-47.374446868896484,-113.9826431274414,-101.49723815917969,2313.0,-14766.0,-1914.0,0,0,0,0,0
128451.007,1.48562490940094,2.4411678314208984,1.5898468494415283,0.05224134027957916,-0.2881324589252472,-0.08266720175743103,-2.28550124168396,11.683581352233887,-73.68138885498047,-96.90928649902344,-102.57493591308594,-43.82373046875,3448.0,-16498.0,-954.0,0,0,0,0,0
128460.688,1.485981822013855,2.438018560409546,1.5896859169006348,0.047707449644804,-0.26859912276268005,-0.117611825466156,-3.123748540878296,12.671463012695312,-73.67153930664062,11.872055053710938,-52.7642822265625,-143.00099182128906,4328.0,-17757.0,-644.0,0,0,0,0,0
128470.822,1.486170768737793,2.4345579147338867,1.5899786949157715,0.044267263263463974,-0.2450455278158188,-0.14811696112155914,-3.0971174240112305,13.447975158691406,-74.30386352539062,4.5196213722229,-82.33551025390625,67.1421127319336,2765.0,-15660.0,-934.0,0,0,0,0,0
128480.511,1.4864015579223633,2.4314029216766357,1.589817762374878,0.04131682962179184,-0.223403662443161,-0.18365173041820526,-2.9719526767730713,14.428420066833496,-73.6955795288086,117.96232604980469,-64.76737213134766,12.04526424407959,280.0,-15809.0,-1222.0,0,0,0,0,0
128490.643,1.4867777824401855,2.4285993576049805,1.5893478393554688,0.038592223078012466,-0.19397082924842834,-0.19418081641197205,-1.9532830715179443,15.13495922088623,-73.70323181152344,66.19895935058594,-82.85814666748047,0.7826954126358032,-2975.0,-15455.0,-1001.0,0,0,0,0,0
128500.317,1.486812949180603,2.428406000137329,1.590162992477417,0.0386301651597023,-0.1941753476858139,-0.19080816209316254,-1.951157808303833,15.132744789123535,-73.71733093261719,129.04872131347656,-79.80962371826172,4.886436939239502,-4719.0,-15455.0,-972.0,0,0,0,0,0
128510.455,1.4873714447021484,2.4261796474456787,1.5895627737045288,0.03847471997141838,-0.18135032057762146,-0.24736899137496948,-1.0191473960876465,15.949750900268555,-73.9787826538086,0.7698920965194702,-25.449562072753906,41.359214782714844,-5903.0,-15913.0,-1322.0,0,0,0,0,0
128520.145,1.4882718324661255,2.4227797985076904,1.58596932888031,0.026813670992851257,-0.12784503400325775,-0.26855194568634033,0.17815087735652924,16.844276428222656,-73.77484893798828,36.64704132080078,-83.37715148925781,-156.2557830810547,-4552.0,-15159.0,-1630.0,0,0,0,0,0
128530.273,1.4887272119522095,2.421325922012329,1.5845431089401245,0.021740078926086426,-0.10896234214305878,-0.2970535159111023,0.09999274462461472,17.53091812133789,-74.1949691772461,-137.72027587890625,-45.77854919433594,99.48356628417969,-2136.0,-15212.0,-1869.0,0,0,0,0,0
128539.952,1.4889224767684937,2.420124053955078,1.5829863548278809,0.011899868957698345,-0.07680908590555191,-0.2831360399723053,-1.1864244937896729,18.013782501220703,-73.99791717529297,-54.397422790527344,-46.726383209228516,60.475345611572266,2702.0,-16033.0,-2088.0,0,0,0,0,0
128550.098,1.4888958930969238,2.4191055297851562,1.5808138847351074,0.006748525891453028,-0.06324521452188492,-0.3347163796424866,-2.36344051361084,18.6599063873291,-73.8450927734375,-163.2721710205078,-43.29045867919922,49.56217956542969,5310.0,-16566.0,-2037.0,0,0,0,0,0
128559.777,1.488782286643982,2.41898250579834,1.5814521312713623,0.006383981555700302,-0.06323384493589401,-0.33203577995300293,-2.3598835468292236,18.658411026000977,-73.85948944091797,-36.50092697143555,-23.353235244750977,50.116214752197266,7231.0,-16783.0,-1924.0,0,0,0,0,0
128569.909,1.4886000156402588,2.4183449745178223,1.5791289806365967,-0.001090572215616703,-0.016004271805286407,-0.28859516978263855,-3.5047101974487305,18.97144317626953,-74.05430603027344,66.02103424072266,-39.58967590332031,113.14070129394531,4979.0,-15897.0,-2021.0,0,0,0,0,0
128579.585,1.4884535074234009,2.418071746826172,1.5770268440246582,-0.001256092800758779,-0.013244127854704857,-0.3627665340900421,-3.495612859725952,19.29282569885254,-73.96685028076172,117.65103912353516,-11.859295845031738,13.272945404052734,-175.0,-16078.0,-1728.0,0,0,0,0,0
128589.721,1.4884895086288452,2.4180831909179688,1.5745829343795776,-0.004408702254295349,0.025061072781682014,-0.33626437187194824,-2.7875301837921143,19.632946014404297,-73.40323638916016,104.38250732421875,-21.48935890197754,-32.74436569213867,-4102.0,-16203.0,-1077.0,0,0,0,0,0
128599.413,1.4885149002075195,2.4184787273406982,1.5716794729232788,-0.006779768038541079,0.051735445857048035,-0.3426756262779236,-1.7864830493927002,19.856861114501953,-73.61386108398438,75.38050842285156,28.364580154418945,121.76646423339844,-5294.0,-15745.0,-943.0,0,0,0,0,0
128609.538,1.4886114597320557,2.419243097305298,1.5692938566207886,-0.013046742416918278,0.08940736949443817,-0.3148922622203827,-0.9892813563346863,19.83746337890625,-73.79660034179688,18.92829132080078,-19.08167839050293,-139.9303741455078,-5484.0,-14149.0,-875.0,0,0,0,0,0
128619.222,1.4886410236358643,2.420367956161499,1.566939353942871,-0.016689825803041458,0.1120694950222969,-0.3267865777015686,-0.025343069806694984,19.784189224243164,-74.1349105834961,-172.76698303222656,-1.0236539840698242,106.78927612304688,-2169.0,-14008.0,-1346.0,0,0,0,0,0
128629.358,1.4884090423583984,2.4216887950897217,1.5645394325256348,-0.024644646793603897,0.13619020581245422,-0.32815244793891907,-1.2471938133239746,19.7813663482666,-73.55016326904297,-79.75971221923828,-7.486887454986572,-42.127262115478516,3924.0,-14505.0,-952.0,0,0,0,0,0
128639.043,1.4879868030548096,2.4232962131500244,1.562045693397522,-0.031487032771110535,0.1636725515127182,-0.3192300796508789,-2.250903844833374,19.812196731567383,-73.47615051269531,-82.80132293701172,22.582416534423828,-77.16767883300781,5789.0,-15008.0,-514.0,0,0,0,0,0
128649.174,1.4874898195266724,2.425273895263672,1.5596505403518677,-0.03738539293408394,0.1976809799671173,-0.29234620928764343,-3.247255563735962,19.700014114379883,-73.07118225097656,45.36439895629883,26.263620376586914,44.21441650390625,5656.0,-14617.0,-86.0,0,0,0,0,0
128658.852,1.4870576858520508,2.4274556636810303,1.5569336414337158,-0.039140790700912476,0.21715667843818665,-0.3051075339317322,-3.583073854446411,19.57909393310547,-73.68920135498047,152.65017700195312,20.452272415161133,-68.2525863647461,784.0,-14476.0,-354.0,0,0,0,0,0
128668.995,1.4867403507232666,2.430026054382324,1.5542811155319214,-0.038356002420186996,0.2385074943304062,-0.31206464767456055,-2.2158164978027344,19.48678970336914,-74.35120391845703,74.53870391845703,11.5039644241333,-20.40795135498047,-4704.0,-14536.0,-1352.0,0,0,0,0,0
128678.68,1.48659086227417,2.4328839778900146,1.5517596006393433,-0.04127401486039162,0.268746554851532,-0.28922539949417114,-1.4533355236053467,19.186201095581055,-73.8682861328125,101.6510009765625,43.00653076171875,134.16546630859375,-5278.0,-14162.0,-1947.0,0,0,0,0,0
128688.813,1.486398696899414,2.4361164569854736,1.5494085550308228,-0.04656568914651871,0.302182137966156,-0.25194060802459717,-0.6056152582168579,18.925125122070312,-74.53010559082031,-1.3836276531219482,35.6004638671875,-185.00241088867188,-5792.0,-13730.0,-2705.0,0,0,0,0,0
128698.496,1.4860897064208984,2.43965482711792,1.547178864479065,-0.04847172275185585,0.31802454590797424,-0.2644154727458954,0.5349233746528625,18.55330467224121,-74.92091369628906,-170.85325622558594,61.623722076416016,161.83428955078125,-1995.0,-13188.0,-3971.0,0,0,0,0,0
128708.625,1.4855639934539795,2.4431469440460205,1.5446836948394775,-0.055915962904691696,0.33706995844841003,-0.25901806354522705,-0.7871224284172058,18.020395278930664,-74.2196044921875,-93.53153991699219,69.47046661376953,43.052024841308594,4032.0,-12430.0,-4110.0,0,0,0,0,0
128718.325,1.4849097728729248,2.4470207691192627,1.542231798171997,-0.06044602021574974,0.35524916648864746,-0.2548229694366455,-1.4407355785369873,17.54909896850586,-75.07489776611328,-103.43798065185547,16.09660530090332,50.59018325805664,5892.0,-11886.0,-4681.0,0,0,0,0,0
128728.439,1.4841853380203247,2.451111078262329,1.5401219129562378,-0.0656985491514206,0.38827061653137207,-0.19877420365810394,-2.8099749088287354,16.852521896362305,-74.02576446533203,74.44782257080078,46.651100158691406,179.9874267578125,5607.0,-12041.0,-3937.0,0,0,0,0,0
128738.12,1.4835411310195923,2.4554076194763184,1.5379223823547363,-0.06436602771282196,0.38804951310157776,-0.24751555919647217,-3.286395311355591,16.523563385009766,-73.49021911621094,130.5657196044922,52.12290954589844,-86.75833892822266,87.0,-12972.0,-2300.0,0,0,0,0,0
128748.256,1.4830988645553589,2.4598681926727295,1.5354397296905518,-0.062157776206731796,0.40523561835289,-0.23825523257255554,-2.0469918251037598,16.048568725585938,-73.53294372558594,55.708595275878906,55.99544906616211,-181.0141143798828,-4686.0,-12893.0,-1359.0,0,0,0,0,0
128757.946,1.4826117753982544,2.464313507080078,1.5331255197525024,-0.06317903846502304,0.42431801557540894,-0.21323055028915405,-1.0710573196411133,15.43991470336914,-73.84603881835938,135.12655639648438,82.3226089477539,170.76458740234375,-4878.0,-12115.0,-1235.0,0,0,0,0,0
128768.074,1.4822299480438232,2.469278335571289,1.5311113595962524,-0.06652187556028366,0.4466570019721985,-0.16995291411876678,-0.501117467880249,14.764082908630371,-73.6500015258789,-22.44729995727539,76.72386932373047,-86.78118133544922,-5309.0,-11526.0,-868.0,0,0,0,0,0
128777.754,1.4817767143249512,2.4743199348449707,1.529304027557373,-0.06558798998594284,0.45044487714767456,-0.19271621108055115,0.5667049288749695,14.225975036621094,-74.45567321777344,-131.54583740234375,83.48078918457031,17.978452682495117,-806.0,-11217.0,-1415.0,0,0,0,0,0
128787.898,1.481087565422058,2.479379892349243,1.5272676944732666,-0.07135464996099472,0.4624796509742737,-0.1734113097190857,-0.927920401096344,13.30270767211914,-73.76968383789062,-102.17832946777344,108.45073699951172,94.77786254882812,4590.0,-9699.0,-1732.0,0,0,0,0,0
128797.581,1.4802734851837158,2.4845480918884277,1.5252814292907715,-0.07314649224281311,0.4694209694862366,-0.17202329635620117,-1.4887446165084839,12.431731224060059,-74.97432708740234,-82.32933807373047,32.79348373413086,-47.371395111083984,5965.0,-8774.0,-2550.0,0,0,0,0,0
128807.711,1.4794950485229492,2.489612102508545,1.5237321853637695,-0.07410989701747894,0.4861205816268921,-0.11351288110017776,-2.62121844291687,11.546557426452637,-73.96395111083984,100.04594421386719,76.78800964355469,29.867843627929688,4416.0,-9504.0,-2215.0,0,0,0,0,0
128817.388,1.4787580966949463,2.495450258255005,1.5217705965042114,-0.06987999379634857,0.4771573841571808,-0.18057887256145477,-2.5189404487609863,10.82934284210205,-73.4957275390625,107.8696517944336,82.07835388183594,43.031768798828125,-1499.0,-9997.0,-1531.0,0,0,0,0,0
128827.532,1.4782085418701172,2.501382350921631,1.5196466445922852,-0.0665171891450882,0.48899635672569275,-0.13237445056438446,-1.0089402198791504,10.012269020080566,-74.26742553710938,30.827373504638672,78.37060546875,-30.91516876220703,-5171.0,-9623.0,-1676.0,0,0,0,0,0
128837.215,1.4777628183364868,2.507446527481079,1.5179657936096191,-0.06544250249862671,0.4950534999370575,-0.10070385783910751,-0.4074007272720337,9.126410484313965,-74.37344360351562,156.68896484375,80.15088653564453,74.08177185058594,-4779.0,-9258.0,-1825.0,0,0,0,0,0
128847.34,1.477370023727417,2.5130393505096436,1.5166780948638916,-0.0637555867433548,0.4951818287372589,-0.09632410854101181,0.5512996912002563,8.363327026367188,-73.65438079833984,-90.77857208251953,115.5413589477539,54.0985221862793,-5169.0,-9067.0,-1548.0,0,0,0,0,0
128857.021,1.476789951324463,2.5182127952575684,1.5154011249542236,-0.06450645625591278,0.4898386299610138,-0.11292415857315063,0.24014730751514435,7.418806076049805,-74.11280822753906,-56.82130813598633,96.06061553955078,-258.64068603515625,1052.0,-8152.0,-1270.0,0,0,0,0,0
128867.157,1.4761298894882202,2.5235509872436523,1.5138921737670898,-0.06610403954982758,0.4879384934902191,-0.09410537034273148,-0.9116279482841492,6.354910373687744,-74.71063232421875,-98.41277313232422,129.52154541015625,67.64945220947266,4936.0,-5652.0,-2257.0,0,0,0,0,0
128876.862,1.475359320640564,2.5288426876068115,1.5124353170394897,-0.06513230502605438,0.48321887850761414,-0.09428384155035019,-1.8158072233200073,5.075734615325928,-74.436279296875,-34.67058181762695,65.0773696899414,14.464972496032715,5962.0,-4548.0,-2546.0,0,0,0,0,0
128886.977,1.4746384620666504,2.53409481048584,1.511071801185608,-0.06135568022727966,0.4766421616077423,-0.08839412778615952,-2.4000449180603027,4.417222023010254,-73.7125244140625,112.49807739257812,107.60367584228516,-3.8436667919158936,3195.0,-6462.0,-1834.0,0,0,0,0,0
128896.665,1.4740650653839111,2.5397565364837646,1.5093790292739868,-0.05481480062007904,0.4671802222728729,-0.119727224111557,-1.4696555137634277,3.366628646850586,-73.5215835571289,90.045166015625,97.76582336425781,84.85327911376953,-2738.0,-6343.0,-1148.0,0,0,0,0,0
128906.792,1.4735736846923828,2.5451714992523193,1.5079336166381836,-0.04936879873275757,0.45834439992904663,-0.0929369255900383,-0.3501487970352173,2.3761632442474365,-73.68702697753906,40.189353942871094,85.2899169921875,34.35485076904297,-5100.0,-6143.0,-744.0,0,0,0,0,0
128916.481,1.4733017683029175,2.5506749153137207,1.5066523551940918,-0.04569999873638153,0.4477977454662323,-0.04958593472838402,0.20978134870529175,1.4618148803710938,-73.40869903564453,135.90777587890625,69.13135528564453,-29.202653884887695,-4878.0,-5647.0,-165.0,0,0,0,0,0
128926.616,1.4731024503707886,2.5554380416870117,1.505669116973877,-0.04161836951971054,0.43555375933647156,-0.07429002225399017,1.2162814140319824,0.7263656854629517,-73.51228332519531,-111.06745910644531,121.19760131835938,72.02587890625,-4526.0,-6559.0,258.0,0,0,0,0,0
128936.289,1.4727355241775513,2.560004711151123,1.5044047832489014,-0.04189606010913849,0.4220745861530304,-0.0661202147603035,0.11990467458963394,-0.409574031829834,-73.13871002197266,-49.82160568237305,104.20846557617188,-297.77154541015625,1358.0,-5115.0,482.0,0,0,0,0,0
128946.426,1.4722239971160889,2.5643837451934814,1.5031707286834717,-0.04057486355304718,0.4077073335647583,-0.06582587212324142,-0.7401797771453857,-1.504844307899475,-74.48151397705078,-99.31501007080078,118.20109558105469,61.880531311035156,5049.0,-2922.0,-57.0,0,0,0,0,0
128956.116,1.4716346263885498,2.5689663887023926,1.5021193027496338,-0.034835200756788254,0.38898664712905884,-0.019755063578486443,-1.7120305299758911,-2.6281352043151855,-73.51974487304688,-2.9983952045440674,72.8816909790039,38.16632080078125,5798.0,-2511.0,-880.0,0,0,0,0,0
128966.245,1.471235990524292,2.5729191303253174,1.5013031959533691,-0.030982574447989464,0.37537097930908203,-0.08124290406703949,-1.6137646436691284,-3.3301615715026855,-73.21942901611328,103.98892974853516,101.90931701660156,-125.01123809814453,2497.0,-3181.0,-498.0,0,0,0,0,0
128975.927,1.4709559679031372,2.5767359733581543,1.500027060508728,-0.02294190600514412,0.3563329875469208,-0.04698062315583229,-0.6127870082855225,-4.195332050323486,-74.04476165771484,88.43225860595703,89.04150390625,138.80795288085938,-2732.0,-3613.0,-497.0,0,0,0,0,0
128986.065,1.4709280729293823,2.5802791118621826,1.4989805221557617,-0.01658339984714985,0.3375858664512634,-0.040915653109550476,0.22331376373767853,-5.035379886627197,-73.5495376586914,20.616424560546875,67.43181610107422,147.33265686035156,-4661.0,-3242.0,-833.0,0,0,0,0,0
128995.752,1.4709831476211548,2.5835986137390137,1.4981508255004883,-0.01081140898168087,0.31431955099105835,-0.004006820265203714,0.7316751480102539,-5.71462345123291,-72.62041473388672,129.33909606933594,42.23928451538086,-88.87069702148438,-4475.0,-3316.0,-47.0,0,0,0,0,0
129005.886,1.4710290431976318,2.586679697036743,1.4974098205566406,-0.006608222611248493,0.29773029685020447,-0.037988755851984024,1.6736869812011719,-6.264894008636475,-72.99408721923828,-142.8183135986328,93.86162567138672,106.08955383300781,-4244.0,-3882.0,939.0,0,0,0,0,0
129015.559,1.4709454774856567,2.589573383331299,1.4967257976531982,-0.005541233345866203,0.2762938141822815,-0.03376598656177521,0.48599129915237427,-7.152443885803223,-72.48783111572266,-45.454933166503906,77.57769012451172,-312.2548522949219,1646.0,-2955.0,1481.0,0,0,0,0,0
129025.708,1.470740556716919,2.592156410217285,1.4956738948822021,-0.0035397084429860115,0.2564028203487396,-0.046350400894880295,-0.448122501373291,-7.965213298797607,-73.71846008300781,-94.02517700195312,70.76200866699219,46.58775329589844,4959.0,-1412.0,1231.0,0,0,0,0,0
129035.386,1.4704856872558594,2.59435772895813,1.4947634935379028,0.004182332195341587,0.22682854533195496,0.004649128299206495,-1.2141902446746826,-8.461462020874023,-73.30838775634766,10.43630599975586,58.44715118408203,22.228900909423828,5433.0,-2110.0,395.0,0,0,0,0,0
129045.52,1.4703519344329834,2.596329689025879,1.4936996698379517,0.005527969915419817,0.21695032715797424,-0.07955971360206604,-1.0628248453140259,-8.931553840637207,-73.20516967773438,101.49415588378906,74.29512023925781,-153.05604553222656,1870.0,-2947.0,191.0,0,0,0,0,0
129055.2,1.470444679260254,2.598128080368042,1.4923937320709229,0.01432946790009737,0.19002462923526764,-0.04699015989899635,-0.18492552638053894,-9.554777145385742,-73.88957977294922,73.29893493652344,61.346309661865234,162.6216583251953,-2926.0,-2601.0,-261.0,0,0,0,0,0
129065.334,1.470648169517517,2.599818468093872,1.4915916919708252,0.020403584465384483,0.16830982267856598,-0.04759344831109047,0.6633021831512451,-10.10107135772705,-73.20802307128906,19.429819107055664,40.00941848754883,148.53155517578125,-4440.0,-1857.0,-637.0,0,0,0,0,0
129075.032,1.4710206985473633,2.6010704040527344,1.4906032085418701,0.026461906731128693,0.1400599628686905,-0.020127994939684868,1.3084341287612915,-10.51523494720459,-72.40615844726562,113.87871551513672,14.112125396728516,-84.60625457763672,-4384.0,-1977.0,113.0,0,0,0,0,0
129085.152,1.4713611602783203,2.601982831954956,1.489628791809082,0.02940826304256916,0.1235160231590271,-0.05811833590269089,2.051203727722168,-10.787397384643555,-73.113037109375,-156.54026794433594,54.83477020263672,118.32642364501953,-4134.0,-2637.0,885.0,0,0,0,0,0
129094.831,1.4715120792388916,2.602599620819092,1.4883416891098022,0.03000129945576191,0.09925670921802521,-0.05768376961350441,0.9076703786849976,-11.296472549438477,-72.26744842529297,-62.069515228271484,36.89289093017578,-243.64414978027344,1863.0,-2208.0,1393.0,0,0,0,0,0
129104.968,1.4715383052825928,2.6029107570648193,1.4869927167892456,0.03117418847978115,0.07830178737640381,-0.07273966073989868,-0.1364884078502655,-11.692801475524902,-73.27884674072266,-106.60192108154297,36.2818489074707,-1.9618558883666992,5271.0,-1380.0,1690.0,0,0,0,0,0
129114.658,1.4717376232147217,2.6032299995422363,1.4861506223678589,0.03956376388669014,0.04615458846092224,-0.0234442837536335,-1.0977109670639038,-11.90041732788086,-73.25538635253906,29.373287200927734,26.958269119262695,-62.06304931640625,5777.0,-1948.0,1117.0,0,0,0,0,0
129124.789,1.4718427658081055,2.6030025482177734,1.4847643375396729,0.039197515696287155,0.041486017405986786,-0.1115124374628067,-0.7585945725440979,-12.122638702392578,-73.24842071533203,91.10490417480469,32.401241302490234,-94.32586669921875,1640.0,-2305.0,586.0,0,0,0,0,0
129134.47,1.4721571207046509,2.602569103240967,1.4832066297531128,0.048527270555496216,0.008630121126770973,-0.06015751138329506,0.06506719440221786,-12.378296852111816,-73.73251342773438,72.5188217163086,25.475215911865234,131.3798370361328,-3052.0,-2043.0,-63.0,0,0,0,0,0
129144.598,1.4727054834365845,2.6018178462982178,1.482006311416626,0.05435285344719887,-0.016425421461462975,-0.046918801963329315,0.7807363867759705,-12.598112106323242,-73.43690490722656,14.014321327209473,12.299678802490234,122.36698913574219,-4086.0,-1689.0,-664.0,0,0,0,0,0
129154.3,1.4732990264892578,2.600743532180786,1.4809926748275757,0.059178389608860016,-0.043013568967580795,-0.02764149196445942,1.4322136640548706,-12.736406326293945,-72.64301300048828,95.55301666259766,-19.537343978881836,-137.01968383789062,-4373.0,-1768.0,-392.0,0,0,0,0,0
129164.426,1.4739151000976562,2.5997989177703857,1.48037850856781,0.06125417724251747,-0.058501094579696655,-0.05222366005182266,1.9863606691360474,-12.711713790893555,-73.4967041015625,-195.66378784179688,13.63875675201416,172.36953735351562,-3541.0,-2260.0,-14.0,0,0,0,0,0
129174.104,1.474371314048767,2.598188638687134,1.4791725873947144,0.06121671199798584,-0.08089243620634079,-0.05148176848888397,0.7392604947090149,-12.83275032043457,-72.49122619628906,-87.85125732421875,-2.2838401794433594,-232.69656372070312,2726.0,-2125.0,275.0,0,0,0,0,0
129184.233,1.47463858127594,2.596290349960327,1.4779703617095947,0.062175553292036057,-0.10139670222997665,-0.055205173790454865,-0.46491557359695435,-12.893765449523926,-73.81658172607422,-85.28112030029297,-23.143795013427734,-58.825965881347656,5794.0,-1681.0,364.0,0,0,0,0,0
129193.936,1.4749027490615845,2.59411358833313,1.476993203163147,0.0689159482717514,-0.13096140325069427,-0.011849327012896538,-1.215699315071106,-12.730130195617676,-74.0238037109375,57.086299896240234,5.196223258972168,-12.792455673217773,5157.0,-2319.0,-722.0,0,0,0,0,0
129204.058,1.4753484725952148,2.591750144958496,1.47573721408844,0.06778819113969803,-0.13037876784801483,-0.10129718482494354,-0.6194274425506592,-12.762436866760254,-73.97206115722656,93.05780029296875,-13.038578033447266,4.981553077697754,248.0,-2362.0,-1653.0,0,0,0,0,0
129213.74,1.476030945777893,2.5897510051727295,1.4746867418289185,0.07628421485424042,-0.1592957079410553,-0.04490667209029198,0.3519517779350281,-12.64687728881836,-73.80029296875,33.28742599487305,-5.679311752319336,-3.15252947807312,-3897.0,-2084.0,-2039.0,0,0,0,0,0
129223.874,1.476918339729309,2.5867578983306885,1.4737467765808105,0.08100821077823639,-0.1848638355731964,-0.016793016344308853,0.6330268383026123,-12.580281257629395,-73.99564361572266,90.25952911376953,-0.43476733565330505,196.6656494140625,-3671.0,-1902.0,-2163.0,0,0,0,0,0
129233.564,1.477748990058899,2.5836684703826904,1.4729695320129395,0.08370240777730942,-0.20098823308944702,-0.022560058161616325,1.7442891597747803,-12.446732521057129,-73.5693588256836,17.20108413696289,-34.7696647644043,-93.95680236816406,-4772.0,-1972.0,-2113.0,0,0,0,0,0
129243.696,1.4784938097000122,2.5803959369659424,1.4721715450286865,0.0826118215918541,-0.2146058976650238,-0.04146449267864227,1.3983407020568848,-12.181350708007812,-73.52177429199219,-181.83575439453125,-17.123992919921875,113.44381713867188,-1585.0,-2225.0,-1782.0,0,0,0,0,0
129253.369,1.4790172576904297,2.5769174098968506,1.4712203741073608,0.08169456571340561,-0.23289854824543,-0.033482540398836136,-0.004318648483604193,-11.978142738342285,-73.6181411743164,-106.81803131103516,-27.043581008911133,10.406112670898438,4001.0,-2487.0,-1281.0,0,0,0,0,0
129263.505,1.4796960353851318,2.573796033859253,1.4707902669906616,0.08623215556144714,-0.25380441546440125,0.005442549008876085,-0.999085009098053,-11.693822860717773,-73.92609405517578,-53.696922302246094,-69.9870376586914,-22.901878356933594,6125.0,-2860.0,-1415.0,0,0,0,0,0
129273.201,1.4802122116088867,2.5698869228363037,1.470037817955017,0.085492342710495,-0.2589978873729706,-0.04189489781856537,-1.2264235019683838,-11.265363693237305,-74.26240539550781,83.94010162353516,-32.24201965332031,103.5500717163086,3612.0,-3326.0,-1893.0,0,0,0,0,0
129283.313,1.4809831380844116,2.5656065940856934,1.4690483808517456,0.09080822765827179,-0.27450045943260193,-0.027829647064208984,-0.1904897838830948,-10.968474388122559,-73.82286071777344,95.19269561767578,-50.17015838623047,18.329118728637695,-1698.0,-3239.0,-2155.0,0,0,0,0,0
129292.996,1.4819964170455933,2.5611658096313477,1.4684087038040161,0.09534032642841339,-0.29431313276290894,0.013087271712720394,0.5490148663520813,-10.576067924499512,-73.8013687133789,-16.60392951965332,-31.218460083007812,-109.34590911865234,-4343.0,-2724.0,-1977.0,0,0,0,0,0
129303.128,1.4831424951553345,2.556476354598999,1.4682300090789795,0.09722612798213959,-0.308761328458786,0.029722534120082855,1.206512451171875,-10.31040096282959,-73.46011352539062,145.56829833984375,-52.43180465698242,-67.44837188720703,-3859.0,-2452.0,-1848.0,0,0,0,0,0
129312.817,1.4831386804580688,2.555851697921753,1.4679875373840332,0.0969681590795517,-0.31048253178596497,0.028902944177389145,1.2151174545288086,-10.33415699005127,-73.4719009399414,-123.3526611328125,-52.35532760620117,160.80055236816406,-4687.0,-2635.0,-1602.0,0,0,0,0,0
129322.954,1.4840952157974243,2.5510265827178955,1.4676309823989868,0.09554782509803772,-0.3171634078025818,7.594611815875396e-05,1.4723994731903076,-9.726421356201172,-74.10997009277344,-75.75523376464844,-60.352088928222656,-215.69119262695312,1333.0,-3725.0,-1384.0,0,0,0,0,0
129332.625,1.4847462177276611,2.5464529991149902,1.467187762260437,0.09238630533218384,-0.3287627100944519,0.01069465558975935,-0.00362540315836668,-9.283393859863281,-73.09945678710938,-83.4029541015625,-42.529144287109375,-0.9159162044525146,5376.0,-4098.0,-984.0,0,0,0,0,0
129342.769,1.4853092432022095,2.54174542427063,1.4668498039245605,0.0917661041021347,-0.3378564417362213,0.017204944044351578,-1.002918004989624,-8.726754188537598,-74.02684020996094,33.35834884643555,-37.73974609375,-55.03660202026367,5667.0,-4555.0,-1333.0,0,0,0,0,0
129352.463,1.4859747886657715,2.5369980335235596,1.4665915966033936,0.09385902434587479,-0.34670546650886536,0.03647977486252785,-1.5929569005966187,-8.096351623535156,-74.25923919677734,90.17466735839844,-59.98863220214844,-10.638561248779297,1507.0,-4846.0,-1872.0,0,0,0,0,0
129362.583,1.4868602752685547,2.5328757762908936,1.4664816856384277,0.0945693701505661,-0.34287211298942566,-0.012899546884000301,-0.8201192021369934,-7.589082717895508,-73.80043029785156,68.5292739868164,-57.478843688964844,71.5325698852539,-3297.0,-4772.0,-1883.0,0,0,0,0,0
129372.275,1.4878203868865967,2.528120517730713,1.466113567352295,0.09795422852039337,-0.35187822580337524,0.034050073474645615,0.05832509696483612,-6.9970703125,-73.86064147949219,15.98588752746582,-44.72589111328125,42.20918273925781,-3991.0,-4869.0,-2001.0,0,0,0,0,0
129382.397,1.4888238906860352,2.5233540534973145,1.4661611318588257,0.0984630361199379,-0.35834044218063354,0.06793622672557831,0.04405958950519562,-6.4998273849487305,-74.705810546875,93.6952133178711,-88.34909057617188,-167.5249481201172,-3943.0,-4412.0,-2670.0,0,0,0,0,0
129392.088,1.4898258447647095,2.518522024154663,1.4664939641952515,0.09826117753982544,-0.3582533895969391,0.052528731524944305,1.140575885772705,-6.022838115692139,-74.38392639160156,-215.1396484375,-71.6464614868164,182.3253631591797,-3325.0,-4856.0,-3282.0,0,0,0,0,0
129402.214,1.4905686378479004,2.513686418533325,1.4664853811264038,0.09407345205545425,-0.35828909277915955,0.03138333559036255,0.7223959565162659,-5.298181533813477,-74.14879608154297,-83.28380584716797,-86.05791473388672,-162.3678741455078,3080.0,-5741.0,-2983.0,0,0,0,0,0
129411.903,1.4911717176437378,2.508850574493408,1.466392159461975,0.08967112749814987,-0.3591700792312622,0.03665847331285477,-0.6275619864463806,-4.666212558746338,-74.47962188720703,-111.62469482421875,-66.77226257324219,31.997129440307617,5962.0,-6062.0,-3396.0,0,0,0,0,0
129422.028,1.491881012916565,2.504638195037842,1.466671347618103,0.08913131058216095,-0.35757172107696533,0.06224803254008293,-1.6703473329544067,-4.050049304962158,-74.6226806640625,51.55038833618164,-64.58566284179688,52.420684814453125,5206.0,-5956.0,-3697.0,0,0,0,0,0
129431.732,1.492522120475769,2.4998106956481934,1.4667716026306152,0.08781204372644424,-0.3534027338027954,0.0317462682723999,-1.8393505811691284,-3.413586378097534,-74.50138092041016,69.48409271240234,-61.65256118774414,-10.932303428649902,294.0,-6180.0,-3490.0,0,0,0,0,0
129441.845,1.4933321475982666,2.4952194690704346,1.4667410850524902,0.08908890187740326,-0.3487037718296051,0.029724033549427986,-1.045764446258545,-2.7651891708374023,-73.66775512695312,44.18057632446289,-67.50599670410156,-29.1679744720459,-3716.0,-6608.0,-2706.0,0,0,0,0,0
129451.526,1.494266390800476,2.4907984733581543,1.466858148574829,0.08993496745824814,-0.34441810846328735,0.06885885447263718,-0.20903627574443817,-2.041853189468384,-74.04593658447266,61.19666290283203,-38.08750915527344,194.11997985839844,-3766.0,-7038.0,-2573.0,0,0,0,0,0
129461.664,1.4951566457748413,2.4868993759155273,1.4674623012542725,0.08820565789937973,-0.33753764629364014,0.0933690220117569,-0.10365928709506989,-1.3937022686004639,-74.6888427734375,49.82390213012695,-87.95003509521484,-147.76405334472656,-4192.0,-6674.0,-2831.0,0,0,0,0,0
129471.361,1.4960416555404663,2.4826412200927734,1.467968225479126,0.08659514039754868,-0.3299005925655365,0.07432112842798233,0.9102582931518555,-0.7817078232765198,-74.74043273925781,-182.76083374023438,-82.75743865966797,18.339393615722656,-2181.0,-7169.0,-3376.0,0,0,0,0,0
129481.487,1.4966844320297241,2.478456497192383,1.4682387113571167,0.08051709830760956,-0.32303258776664734,0.061454638838768005,-0.19753552973270416,-0.016374103724956512,-74.21257781982422,-96.29217529296875,-88.09611511230469,-31.550600051879883,3800.0,-7950.0,-3344.0,0,0,0,0,0
129491.159,1.497123122215271,2.4744558334350586,1.4683650732040405,0.0759071558713913,-0.3142169117927551,0.058911047875881195,-1.154402494430542,0.6973068714141846,-75.27213287353516,-94.21880340576172,-81.93486785888672,39.710731506347656,6124.0,-8194.0,-4068.0,0,0,0,0,0
129501.295,1.4975254535675049,2.4705989360809326,1.468611717224121,0.07341130077838898,-0.3029448091983795,0.08795163035392761,-2.2769603729248047,1.367452621459961,-74.84524536132812,60.74124526977539,-69.19172668457031,49.57071304321289,5027.0,-8755.0,-4333.0,0,0,0,0,0
129510.985,1.4981204271316528,2.46724796295166,1.468966007232666,0.0716332495212555,-0.29291486740112305,0.02783297188580036,-2.2947914600372314,2.091053009033203,-74.6759262084961,71.42833709716797,-65.43465423583984,-62.4622688293457,-18.0,-8977.0,-4067.0,0,0,0,0,0
129521.112,1.4987245798110962,2.463742256164551,1.468843698501587,0.0719871073961258,-0.27891024947166443,0.043008264154195786,-1.542417049407959,2.7781193256378174,-74.26521301269531,37.965946197509766,-73.9616928100586,-72.3121109008789,-3653.0,-9204.0,-3611.0,0,0,0,0,0
129530.793,1.4994616508483887,2.460541009902954,1.4688681364059448,0.07116100937128067,-0.2639288306236267,0.05981605872511864,-0.7203075885772705,3.5080580711364746,-74.39797973632812,62.7170524597168,-36.13846206665039,162.32240295410156,-3532.0,-9414.0,-3482.0,0,0,0,0,0
129540.929,1.5001777410507202,2.457529067993164,1.4690907001495361,0.0681006982922554,-0.24804836511611938,0.07966045290231705,-0.5322019457817078,4.100668907165527,-74.77651977539062,54.9702033996582,-69.24588012695312,-189.06210327148438,-4046.0,-8733.0,-3583.0,0,0,0,0,0
129550.619,1.5008604526519775,2.454906702041626,1.4695889949798584,0.06643907725811005,-0.234457328915596,0.050694540143013,0.5546388626098633,4.581729888916016,-75.14505767822266,-173.0084991455078,-74.73761749267578,32.60247039794922,-2142.0,-8564.0,-4313.0,0,0,0,0,0
129560.754,1.5013331174850464,2.452220916748047,1.4694695472717285,0.06014852225780487,-0.22198854386806488,0.028061924502253532,-0.4246232211589813,5.189650535583496,-74.78788757324219,-82.16728973388672,-85.01773071289062,-9.309595108032227,3550.0,-9313.0,-4365.0,0,0,0,0,0
129570.427,1.5016562938690186,2.449479341506958,1.4692438840866089,0.05443770810961723,-0.2062920331954956,0.015573397278785706,-1.3395127058029175,5.926995277404785,-75.23632049560547,-111.16242980957031,-49.15419006347656,25.543676376342773,6065.0,-10587.0,-4724.0,0,0,0,0,0
129580.573,1.5018153190612793,2.447180986404419,1.4690778255462646,0.05045633763074875,-0.18597306311130524,0.046114422380924225,-2.5619781017303467,6.503364086151123,-74.81754302978516,51.2241096496582,-49.42327117919922,-61.928619384765625,5492.0,-10625.0,-4571.0,0,0,0,0,0
129590.253,1.5020846128463745,2.444973945617676,1.4686617851257324,0.0487365759909153,-0.1764165163040161,-0.033096473664045334,-2.3289365768432617,7.1378912925720215,-75.08168029785156,67.79023742675781,-47.859619140625,41.769527435302734,260.0,-10874.0,-4505.0,0,0,0,0,0
129600.379,1.5024915933609009,2.443024158477783,1.4679423570632935,0.04746389761567116,-0.15286265313625336,-0.011412613093852997,-1.5496621131896973,7.751077651977539,-74.35292053222656,72.10897827148438,-53.64738082885742,43.118717193603516,-3681.0,-11078.0,-3983.0,0,0,0,0,0
129610.06,1.5029613971710205,2.4416162967681885,1.4676398038864136,0.0455220490694046,-0.1331149786710739,-0.005493842996656895,-0.6616965532302856,8.342371940612793,-74.58645629882812,22.54718589782715,-28.23870849609375,74.72189331054688,-4269.0,-11157.0,-3677.0,0,0,0,0,0
129620.197,1.5034306049346924,2.4404678344726562,1.4672234058380127,0.04130883887410164,-0.11173737049102783,0.008303984068334103,-0.304369181394577,8.724369049072266,-74.89568328857422,87.04190826416016,-46.0151252746582,-160.3595733642578,-4384.0,-10664.0,-3782.0,0,0,0,0,0
129629.887,1.503845453262329,2.4395711421966553,1.4668692350387573,0.03902453929185867,-0.09619537740945816,-0.01796325482428074,0.8391738533973694,9.012470245361328,-75.7393798828125,-191.74449157714844,-44.83283996582031,80.48170471191406,-3445.0,-10142.0,-4826.0,0,0,0,0,0
129640.016,1.504003882408142,2.438838481903076,1.4661810398101807,0.03164741396903992,-0.08066555112600327,-0.034339539706707,-0.4176952838897705,9.39764404296875,-75.00843811035156,-80.69539642333984,-49.15740966796875,-128.80001831054688,3131.0,-10532.0,-5040.0,0,0,0,0,0
129649.694,1.5040031671524048,2.4382505416870117,1.4652620553970337,0.02561846934258938,-0.06271052360534668,-0.04953358322381973,-1.4153764247894287,9.892833709716797,-75.42048645019531,-123.67475891113281,-16.812904357910156,22.830101013183594,6210.0,-11569.0,-5337.0,0,0,0,0,0
129659.835,1.503893256187439,2.4379947185516357,1.464573621749878,0.020730432122945786,-0.032520320266485214,-0.002642757957801223,-2.6690123081207275,10.259363174438477,-75.0215835571289,48.04450988769531,-32.438472747802734,-82.03433990478516,5958.0,-11690.0,-5337.0,0,0,0,0,0
129669.52,1.50395929813385,2.437833309173584,1.4638278484344482,0.0211075097322464,-0.028350016102194786,-0.09324732422828674,-2.166022777557373,10.702651977539062,-74.8369369506836,66.75857543945312,-35.08607864379883,55.06534194946289,835.0,-12291.0,-4908.0,0,0,0,0,0
129679.658,1.5040061473846436,2.4381520748138428,1.4626752138137817,0.01788516528904438,0.004979405086487532,-0.036780375987291336,-1.2329933643341064,11.160126686096191,-74.88885498046875,76.67473602294922,-32.69783020019531,61.39826965332031,-3355.0,-12533.0,-4400.0,0,0,0,0,0
129689.328,1.5041624307632446,2.43888521194458,1.4620434045791626,0.014461947605013847,0.029675500467419624,-0.014649810269474983,-0.5228773355484009,11.527422904968262,-75.47956848144531,33.56214141845703,-5.445050239562988,120.07090759277344,-4211.0,-12869.0,-4542.0,0,0,0,0,0
129699.463,1.5042932033538818,2.4398975372314453,1.4615849256515503,0.01105317659676075,0.04869223013520241,-0.021970784291625023,0.08901287615299225,11.566242218017578,-75.00580596923828,84.58213806152344,-24.98064422607422,-176.61337280273438,-4472.0,-11878.0,-5008.0,0,0,0,0,0
129709.156,1.504315733909607,2.4411580562591553,1.4610676765441895,0.007431708741933107,0.06468825042247772,-0.039438944309949875,0.7757923007011414,11.736523628234863,-76.00817108154297,-196.3384246826172,-9.585535049438477,104.57551574707031,-3030.0,-11152.0,-5441.0,0,0,0,0,0
129719.279,1.504231572151184,2.4422521591186523,1.4605028629302979,-0.00024099550500977784,0.0818183496594429,-0.04058374837040901,-1.0234569311141968,11.800497055053711,-74.67170715332031,-87.29422760009766,-16.399290084838867,-154.52841186523438,3096.0,-11287.0,-5637.0,0,0,0,0,0
129728.973,1.503853440284729,2.4438893795013428,1.4597927331924438,-0.005076208151876926,0.10133577138185501,-0.03700268641114235,-1.92391836643219,11.913875579833984,-74.93640899658203,-95.54962158203125,-15.412911415100098,44.01148986816406,6367.0,-11517.0,-4936.0,0,0,0,0,0
129739.102,1.5033810138702393,2.4457952976226807,1.4594058990478516,-0.008703178726136684,0.12924523651599884,0.005574561655521393,-2.69095778465271,12.122415542602539,-74.57342529296875,71.85269165039062,-15.58541488647461,86.8455581665039,5365.0,-12463.0,-4252.0,0,0,0,0,0
129748.791,1.5030425786972046,2.447906732559204,1.458739161491394,-0.007389221806079149,0.13164781033992767,-0.07008703798055649,-2.084062099456787,12.32995891571045,-74.06690216064453,91.71549987792969,-18.279651641845703,-66.88414764404297,93.0,-13474.0,-3216.0,0,0,0,0,0
129758.921,1.5028538703918457,2.45033597946167,1.4580532312393188,-0.01069690939038992,0.16403362154960632,-0.00864790752530098,-1.015504240989685,12.560489654541016,-74.61116027832031,37.457157135009766,-14.045611381530762,-126.63298034667969,-4005.0,-13962.0,-2451.0,0,0,0,0,0
129768.596,1.5027313232421875,2.452643394470215,1.457972764968872,-0.014605207368731499,0.18773892521858215,0.022012924775481224,-0.4367385804653168,12.655800819396973,-75.49398803710938,111.45584106445312,26.619203567504883,144.920654296875,-3932.0,-13844.0,-2963.0,0,0,0,0,0
129778.732,1.5025519132614136,2.4556849002838135,1.4578492641448975,-0.01686786860227585,0.20405519008636475,0.012824187986552715,0.59221351146698,12.551149368286133,-75.42768859863281,21.67291259765625,12.34179401397705,-117.31001281738281,-5216.0,-12969.0,-4089.0,0,0,0,0,0
129788.422,1.5022774934768677,2.458892822265625,1.4577114582061768,-0.021184533834457397,0.21680989861488342,-0.0062090614810585976,0.42881548404693604,12.423748970031738,-75.58155059814453,-170.27017211914062,28.21561050415039,115.27271270751953,-1586.0,-12056.0,-5063.0,0,0,0,0,0
129798.55,1.5017218589782715,2.462209463119507,1.4573510885238647,-0.02801051363348961,0.23333388566970825,-0.0021790172904729843,-1.1296703815460205,12.272072792053223,-75.06204223632812,-105.19612121582031,20.813737869262695,16.380319595336914,4297.0,-11872.0,-5441.0,0,0,0,0,0
129808.228,1.5010195970535278,2.4657342433929443,1.4571025371551514,-0.03222757950425148,0.2529890835285187,0.016192233189940453,-2.148210048675537,12.064332962036133,-74.73793029785156,-47.57902145385742,0.7679094076156616,7.870165824890137,6532.0,-11857.0,-5048.0,0,0,0,0,0
129818.373,1.5005007982254028,2.468928337097168,1.4570903778076172,-0.03296902775764465,0.2645055651664734,0.006706776097416878,-2.5173826217651367,11.995553016662598,-74.47549438476562,92.63877868652344,20.345050811767578,183.72450256347656,3991.0,-12557.0,-4101.0,0,0,0,0,0
129828.06,1.499891996383667,2.4728283882141113,1.4567393064498901,-0.03243424370884895,0.27726489305496216,-0.0048989057540893555,-1.8652153015136719,11.854437828063965,-73.66521453857422,96.71855926513672,18.96954917907715,-105.55960083007812,-1090.0,-13174.0,-2694.0,0,0,0,0,0
129838.182,1.499467134475708,2.4769327640533447,1.4565688371658325,-0.03412169963121414,0.29966336488723755,0.034748997539281845,-0.8777631521224976,11.691622734069824,-74.07295989990234,12.781346321105957,21.761066436767578,-234.6099853515625,-4038.0,-13156.0,-1587.0,0,0,0,0,0
129847.863,1.4991087913513184,2.4813156127929688,1.4566744565963745,-0.03679998591542244,0.3181423544883728,0.06068643927574158,-0.43245404958724976,11.46397876739502,-75.01193237304688,144.1995086669922,46.50524139404297,-21.569948196411133,-3677.0,-12641.0,-1730.0,0,0,0,0,0
129857.998,1.4987297058105469,2.4858736991882324,1.4568477869033813,-0.036654356867074966,0.3264390230178833,0.03688451275229454,0.7526278495788574,11.08082389831543,-75.13557434082031,-53.61650848388672,62.70344924926758,81.63423919677734,-4851.0,-11942.0,-2728.0,0,0,0,0,0
129867.687,1.4982730150222778,2.4898898601531982,1.45698881149292,-0.04087114706635475,0.3331701457500458,0.024296816438436508,0.020976703613996506,10.532305717468262,-74.89337158203125,-83.31968688964844,34.50216293334961,-30.501956939697266,56.0,-10783.0,-3480.0,0,0,0,0,0
129877.821,1.497552752494812,2.4945716857910156,1.4568122625350952,-0.044802673161029816,0.34275689721107483,0.02420722506940365,-0.8386871814727783,10.065162658691406,-75.73992919921875,-108.70958709716797,58.61094665527344,90.73085021972656,4475.0,-10306.0,-4339.0,0,0,0,0,0
129887.495,1.4967032670974731,2.4993913173675537,1.4568049907684326,-0.04759259521961212,0.35685744881629944,0.05482488125562668,-1.9839521646499634,9.491320610046387,-74.821044921875,-2.0593087673187256,26.941043853759766,50.56486892700195,5986.0,-10182.0,-5007.0,0,0,0,0,0
129897.636,1.495917558670044,2.504034996032715,1.4567328691482544,-0.0461600162088871,0.3526000380516052,-0.014421085827052593,-1.930091142654419,9.189528465270996,-74.5983657836914,100.94920349121094,61.39483642578125,26.427410125732422,2813.0,-10817.0,-4446.0,0,0,0,0,0
129907.322,1.4952820539474487,2.5089080333709717,1.4561859369277954,-0.04450106620788574,0.3608171045780182,-0.00989464484155178,-1.0498241186141968,8.694550514221191,-74.58071899414062,102.65557098388672,72.73011779785156,19.64681625366211,-2183.0,-11165.0,-3893.0,0,0,0,0,0
129917.447,1.4947929382324219,2.513305187225342,1.4560331106185913,-0.044673994183540344,0.36947473883628845,0.020054467022418976,-0.1522640436887741,8.111844062805176,-74.54114532470703,17.462108612060547,67.57308197021484,-18.371126174926758,-4596.0,-10593.0,-3590.0,0,0,0,0,0
129927.143,1.494361400604248,2.5184648036956787,1.4559985399246216,-0.046177882701158524,0.37767142057418823,0.047194208949804306,0.06018853187561035,7.538546085357666,-74.31993865966797,135.2161102294922,69.29151153564453,-4.976531028747559,-3767.0,-9859.0,-3063.0,0,0,0,0,0
129937.265,1.4938687086105347,2.523682117462158,1.4560123682022095,-0.04531950131058693,0.37909135222435,0.026495110243558884,1.1209322214126587,6.9358954429626465,-74.37468719482422,-67.9321517944336,90.1207046508789,56.008827209472656,-4550.0,-9445.0,-2486.0,0,0,0,0,0
129946.957,1.4932680130004883,2.528775215148926,1.4557751417160034,-0.04859950393438339,0.3795706629753113,0.015041850507259369,0.17224937677383423,6.118053436279297,-74.2507553100586,-78.9144515991211,68.40770721435547,-50.96198654174805,483.0,-8379.0,-2237.0,0,0,0,0,0
129957.083,1.4924691915512085,2.533838987350464,1.4554640054702759,-0.05077702924609184,0.3798536956310272,0.012184138409793377,-0.7039362788200378,5.318885326385498,-75.24958038330078,-132.98605346679688,88.23872375488281,87.35699462890625,4775.0,-7296.0,-2688.0,0,0,0,0,0
129966.763,1.4917830228805542,2.5383074283599854,1.4554553031921387,-0.05052942782640457,0.3794766068458557,0.03335930034518242,-1.9687364101409912,4.433577060699463,-74.46268463134766,12.178630828857422,46.216949462890625,103.6253662109375,6638.0,-6908.0,-3315.0,0,0,0,0,0
129976.898,1.490916132926941,2.543330669403076,1.4551228284835815,-0.048139698803424835,0.37440747022628784,-0.010032848455011845,-1.9225642681121826,3.960120439529419,-74.32695770263672,91.91362762451172,95.41990661621094,44.31321334838867,3183.0,-7303.0,-2895.0,0,0,0,0,0
129986.604,1.490168571472168,2.548625946044922,1.4546785354614258,-0.04379943758249283,0.3719271123409271,-0.00715125584974885,-1.0956944227218628,3.110982656478882,-74.28155517578125,111.20340728759766,82.47067260742188,25.981115341186523,-1605.0,-8099.0,-2540.0,0,0,0,0,0
129996.72,1.4897221326828003,2.553539991378784,1.454246997833252,-0.04029766842722893,0.3691974878311157,0.014977018348872662,-0.18068185448646545,2.4061386585235596,-74.11625671386719,16.132043838500977,79.093017578125,-31.010868072509766,-4142.0,-8100.0,-2292.0,0,0,0,0,0
130006.396,1.4893754720687866,2.558441162109375,1.454091191291809,-0.03834301233291626,0.36467260122299194,0.035549893975257874,0.05554744973778725,1.6758333444595337,-73.62408447265625,147.50099182128906,68.54078674316406,-34.9586296081543,-3631.0,-7615.0,-1781.0,0,0,0,0,0
130016.535,1.489014744758606,2.563263416290283,1.45400869846344,-0.03534150868654251,0.35826176404953003,0.016865020617842674,1.2625811100006104,1.0223557949066162,-74.15504455566406,-62.0621337890625,99.8070297241211,61.181766510009766,-4810.0,-6616.0,-1204.0,0,0,0,0,0
130026.223,1.4885824918746948,2.567431688308716,1.453888177871704,-0.03660811856389046,0.3490045666694641,0.0026503296103328466,0.2754064202308655,0.04611977934837341,-73.99390411376953,-76.28392028808594,75.52812194824219,-57.532413482666016,226.0,-5456.0,-1256.0,0,0,0,0,0
130036.363,1.4879848957061768,2.5719871520996094,1.4534531831741333,-0.0364651158452034,0.3401521146297455,-0.0014474861091002822,-0.611625611782074,-0.8586817979812622,-75.10823822021484,-124.0439453125,104.13106536865234,63.329803466796875,4710.0,-4228.0,-1948.0,0,0,0,0,0
130046.029,1.4872491359710693,2.576737642288208,1.453165888786316,-0.032781731337308884,0.3280416429042816,0.03716488555073738,-1.7240890264511108,-1.807814598083496,-74.21371459960938,-1.012826919555664,42.856571197509766,82.6583480834961,6392.0,-3901.0,-2846.0,0,0,0,0,0
130056.168,1.4865919351577759,2.5813205242156982,1.4526715278625488,-0.02967069484293461,0.31852951645851135,-0.04393552616238594,-1.383051872253418,-2.4048633575439453,-73.75558471679688,90.58051300048828,92.07349395751953,72.52845764160156,3212.0,-5525.0,-2504.0,0,0,0,0,0
130065.866,1.4861698150634766,2.5857646465301514,1.4519840478897095,-0.02232293039560318,0.303414523601532,0.0038923146203160286,-0.4419349730014801,-3.155646562576294,-73.9946517944336,109.67867279052734,69.0985336303711,9.372668266296387,-1708.0,-6034.0,-1813.0,0,0,0,0,0
130075.983,1.486175775527954,2.5861904621124268,1.4517444372177124,-0.022266263142228127,0.304561048746109,0.0028721303679049015,-0.4439883232116699,-3.138781785964966,-73.9962158203125,23.15530014038086,65.77874755859375,-64.58719635009766,-4454.0,-5718.0,-1507.0,0,0,0,0,0
130085.664,1.4860445261001587,2.5903420448303223,1.4513949155807495,-0.01674875058233738,0.28967317938804626,0.01351960189640522,0.3918612599372864,-3.9029970169067383,-74.01850891113281,152.50717163085938,55.18447494506836,0.5215293169021606,-3849.0,-5191.0,-1232.0,0,0,0,0,0
130095.799,1.4859693050384521,2.5939831733703613,1.4512650966644287,-0.012909803539514542,0.27446675300598145,0.02837933599948883,0.9498944282531738,-4.520096778869629,-73.10652923583984,-51.29872131347656,88.91548919677734,14.552668571472168,-5073.0,-5281.0,-451.0,0,0,0,0,0
130105.493,1.4857935905456543,2.59739089012146,1.450966715812683,-0.010115304961800575,0.2621575593948364,-0.0023549674078822136,1.8315690755844116,-5.075263023376465,-74.02778625488281,-81.427734375,66.8051986694336,-29.154247283935547,-371.0,-4545.0,-577.0,0,0,0,0,0
130115.617,1.4855890274047852,2.600259780883789,1.4506864547729492,-0.010901608504354954,0.24572120606899261,-0.007877310737967491,0.4793287217617035,-5.981740474700928,-73.55416107177734,-120.13548278808594,87.7219467163086,64.25723266601562,4333.0,-2960.0,-924.0,0,0,0,0,0
130125.302,1.4852087497711182,2.6032629013061523,1.4501065015792847,-0.009748348034918308,0.2302660495042801,-0.018765311688184738,-0.4508228302001953,-6.759160041809082,-74.60285949707031,1.5919313430786133,28.802526473999023,112.78520202636719,6212.0,-2489.0,-1730.0,0,0,0,0,0
130135.442,1.4848535060882568,2.6059486865997314,1.449756383895874,-0.0031034015119075775,0.2067226767539978,0.03225283697247505,-1.1807366609573364,-7.291813850402832,-73.6034164428711,91.68345642089844,75.22137451171875,65.18404388427734,3062.0,-3833.0,-1387.0,0,0,0,0,0
130145.126,1.4847102165222168,2.6084725856781006,1.4491945505142212,-0.0007304532337002456,0.20069314539432526,-0.05482613295316696,-0.6027528047561646,-7.795754432678223,-73.03477478027344,108.33336639404297,52.13975524902344,19.92331314086914,-1886.0,-3994.0,-474.0,0,0,0,0,0
130155.255,1.4848071336746216,2.6107990741729736,1.4484789371490479,0.007678117137402296,0.175922691822052,-0.004385274834930897,0.19478118419647217,-8.36467170715332,-73.34691619873047,13.161504745483398,48.867332458496094,-53.75154113769531,-4498.0,-3663.0,25.0,0,0,0,0,0
130164.931,1.4850224256515503,2.612848997116089,1.4481064081192017,0.013366052880883217,0.1551199108362198,0.010656270198523998,0.899932861328125,-8.912932395935059,-73.4467544555664,146.3116912841797,32.537086486816406,-31.72894287109375,-3795.0,-3376.0,331.0,0,0,0,0,0
130175.065,1.485223412513733,2.6144728660583496,1.4480518102645874,0.017589392140507698,0.13434289395809174,0.017739035189151764,1.523268699645996,-9.372017860412598,-72.52815246582031,-51.86611557006836,59.19112777709961,24.871829986572266,-5131.0,-3736.0,1113.0,0,0,0,0,0
130184.77,1.4854151010513306,2.616001605987549,1.4477640390396118,0.02023446373641491,0.11836898326873779,-0.005232030525803566,2.225735902786255,-9.748390197753906,-73.1948471069336,-89.01074981689453,38.447811126708984,-1.8975356817245483,-451.0,-3458.0,1241.0,0,0,0,0,0
130194.882,1.4854180812835693,2.6172409057617188,1.4471871852874756,0.019292373210191727,0.09998375922441483,-0.01904449425637722,0.8340567946434021,-10.299115180969238,-72.71646881103516,-118.88134765625,44.13386535644531,44.73785400390625,4551.0,-2732.0,1126.0,0,0,0,0,0
130204.564,1.4853665828704834,2.618218421936035,1.4464671611785889,0.02062777429819107,0.08149895071983337,-0.03137444704771042,-0.27966681122779846,-10.699658393859863,-73.88453674316406,10.16879653930664,7.304173469543457,95.51561737060547,6472.0,-2978.0,79.0,0,0,0,0,0
130214.705,1.4853999614715576,2.6189208030700684,1.445924162864685,0.028174007311463356,0.05299938842654228,0.013262007385492325,-1.0921043157577515,-10.887765884399414,-73.62554931640625,88.7999038696289,44.61444091796875,-35.849388122558594,3029.0,-3891.0,-637.0,0,0,0,0,0
130224.39,1.4856384992599487,2.619450807571411,1.4453117847442627,0.028894104063510895,0.052144382148981094,-0.0835515633225441,-0.5316758751869202,-11.21088695526123,-73.66917419433594,96.28623962402344,24.282428741455078,66.32511901855469,-1821.0,-3405.0,-1280.0,0,0,0,0,0
130234.522,1.4860155582427979,2.6197967529296875,1.4443042278289795,0.03808761015534401,0.022091513499617577,-0.029154153540730476,0.21253305673599243,-11.503212928771973,-73.82532501220703,-3.297466278076172,26.409332275390625,27.931100845336914,-3918.0,-3084.0,-1681.0,0,0,0,0,0
130244.197,1.4865535497665405,2.6198267936706543,1.4436982870101929,0.04409433528780937,-0.001655587344430387,-0.008988704532384872,0.7402055859565735,-11.775927543640137,-73.8660659790039,145.91941833496094,4.1149773597717285,-123.43555450439453,-3288.0,-2822.0,-1674.0,0,0,0,0,0
130254.333,1.4871351718902588,2.619516134262085,1.443276047706604,0.048416536301374435,-0.02133559249341488,-0.009979289956390858,1.4899686574935913,-11.99262523651123,-72.9416732788086,-96.24323272705078,32.048370361328125,55.82524108886719,-4822.0,-3110.0,-1083.0,0,0,0,0,0
130264.031,1.4876271486282349,2.6190762519836426,1.4429160356521606,0.050916578620672226,-0.038973499089479446,-0.019810989499092102,2.142442226409912,-12.134713172912598,-73.53207397460938,-89.35909271240234,9.925443649291992,31.439855575561523,351.0,-2960.0,-647.0,0,0,0,0,0
130274.152,1.4880015850067139,2.618234157562256,1.4421977996826172,0.050043828785419464,-0.056517232209444046,-0.03450769931077957,0.8906184434890747,-12.350102424621582,-72.59606170654297,-125.82594299316406,31.832918167114258,80.51146697998047,4993.0,-2662.0,200.0,0,0,0,0,0
130283.831,1.4882874488830566,2.6171376705169678,1.441380500793457,0.05166389420628548,-0.07590515911579132,-0.036650151014328,-0.28284233808517456,-12.536375045776367,-73.30288696289062,27.515869140625,-3.6069021224975586,-7.834769248962402,6516.0,-2429.0,317.0,0,0,0,0,0
130293.966,1.4886415004730225,2.615750551223755,1.4407925605773926,0.05920284613966942,-0.10443253815174103,0.008210241794586182,-1.010966420173645,-12.571574211120605,-73.36001586914062,81.294921875,8.279658317565918,-28.565425872802734,2448.0,-2936.0,25.0,0,0,0,0,0
130303.657,1.4892014265060425,2.614198923110962,1.4399664402008057,0.05927804857492447,-0.10307646542787552,-0.08191090077161789,-0.3768685460090637,-12.654093742370605,-73.61237335205078,93.99725341796875,-10.614242553710938,49.20466232299805,-2325.0,-2937.0,-436.0,0,0,0,0,0
130313.782,1.4898874759674072,2.6127538681030273,1.4392222166061401,0.0682440847158432,-0.1333751231431961,-0.020202847197651863,0.37976735830307007,-12.636134147644043,-73.72969055175781,-5.7380242347717285,-4.177428245544434,-7.717649936676025,-3853.0,-3153.0,-953.0,0,0,0,0,0
130323.472,1.4908441305160522,2.6105785369873047,1.4387497901916504,0.07423350214958191,-0.16005881130695343,0.013907534070312977,0.6669741868972778,-12.609831809997559,-74.05247497558594,135.56649780273438,-34.94056701660156,-120.1052017211914,-3504.0,-3147.0,-1547.0,0,0,0,0,0
130333.605,1.4917564392089844,2.608250141143799,1.4384937286376953,0.07754968851804733,-0.1749817430973053,0.003627683036029339,1.6888794898986816,-12.516037940979004,-73.85467529296875,-166.32786560058594,-18.079322814941406,119.82941436767578,-4268.0,-3726.0,-2128.0,0,0,0,0,0
130343.291,1.4925721883773804,2.6055195331573486,1.437951922416687,0.07725725322961807,-0.18963168561458588,-0.016769537702202797,1.4145342111587524,-12.301606178283691,-73.86100006103516,-76.48001098632812,-28.301668167114258,-288.2720642089844,2103.0,-4031.0,-2109.0,0,0,0,0,0
130353.416,1.4932763576507568,2.6025445461273193,1.4372634887695312,0.07618999481201172,-0.2059665471315384,-0.02536555379629135,-0.08785362541675568,-12.1245698928833,-74.59876251220703,-100.59485626220703,-18.67255973815918,-36.28655242919922,5830.0,-3898.0,-3093.0,0,0,0,0,0
130363.097,1.493976354598999,2.5992562770843506,1.4367996454238892,0.08218223601579666,-0.2327633947134018,0.026696771383285522,-1.2238798141479492,-11.918523788452148,-74.86107635498047,50.338134765625,-18.11328125,-54.76106643676758,5968.0,-4212.0,-4189.0,0,0,0,0,0
130373.232,1.4948347806930542,2.5962331295013428,1.4363679885864258,0.08164029568433762,-0.22950144112110138,-0.05988149717450142,-0.8039024472236633,-11.60066032409668,-74.3376693725586,69.41726684570312,-20.290071487426758,-7.103485107421875,948.0,-4119.0,-4447.0,0,0,0,0,0
130382.935,1.4956867694854736,2.5930073261260986,1.4354820251464844,0.08854766935110092,-0.2507988214492798,-0.013642372563481331,0.08926743268966675,-11.41157341003418,-73.90704345703125,72.52008056640625,-19.330347061157227,2.8971846103668213,-3235.0,-3698.0,-3913.0,0,0,0,0,0
130393.053,1.4967657327651978,2.5895402431488037,1.4350597858428955,0.09286472201347351,-0.2684685289859772,0.015316453762352467,0.7276825308799744,-11.224653244018555,-74.17510986328125,39.16560745239258,-7.225502014160156,136.7427978515625,-3986.0,-3385.0,-3431.0,0,0,0,0,0
130402.731,1.4978861808776855,2.5858702659606934,1.4347823858261108,0.09475099295377731,-0.28115415573120117,0.021010437980294228,1.2957878112792969,-11.167436599731445,-73.67344665527344,84.97891235351562,-53.486167907714844,-128.94879150390625,-4599.0,-2574.0,-2767.0,0,0,0,0,0
130412.869,1.4989261627197266,2.5824930667877197,1.4347286224365234,0.09509541094303131,-0.28789713978767395,0.00137949432246387,1.9472403526306152,-10.794809341430664,-74.35888671875,-196.21316528320312,-40.8732795715332,142.3530731201172,-2997.0,-3259.0,-2346.0,0,0,0,0,0
130422.557,1.4998785257339478,2.578500270843506,1.4342554807662964,0.09261322021484375,-0.2993569076061249,-0.0006682954845018685,0.71710604429245,-10.489462852478027,-72.9408187866211,-81.50408172607422,-61.24534225463867,-103.69022369384766,3155.0,-3857.0,-1420.0,0,0,0,0,0
130432.683,1.5006320476531982,2.574416399002075,1.4337480068206787,0.09172197431325912,-0.3090439736843109,-0.004693113267421722,-0.2492092251777649,-10.040780067443848,-73.94877624511719,-92.45260620117188,-51.05704879760742,23.07533836364746,5499.0,-4088.0,-671.0,0,0,0,0,0
130442.364,1.501379370689392,2.5701582431793213,1.4334644079208374,0.09533540904521942,-0.32537737488746643,0.043034497648477554,-0.9882550835609436,-9.628597259521484,-73.92556762695312,62.368003845214844,-27.2058048248291,51.50957107543945,4427.0,-4420.0,-918.0,0,0,0,0,0
130452.501,1.5022506713867188,2.5658657550811768,1.432962417602539,0.09406498074531555,-0.31991201639175415,-0.03602144122123718,-0.3850422501564026,-9.352936744689941,-73.9754638671875,91.453369140625,-41.080379486083984,-36.76593017578125,-520.0,-4411.0,-1112.0,0,0,0,0,0
130462.204,1.503304362297058,2.5615530014038086,1.4324742555618286,0.09833633154630661,-0.33488568663597107,0.019660139456391335,0.5373120903968811,-8.916752815246582,-74.3089599609375,26.295066833496094,-46.94363784790039,-21.05855369567871,-4505.0,-4468.0,-1541.0,0,0,0,0,0
130472.316,1.5044091939926147,2.5575952529907227,1.4325824975967407,0.09929953515529633,-0.34330934286117554,0.045666322112083435,0.9164246916770935,-8.467300415039062,-74.43028259277344,98.60105895996094,-27.622892379760742,158.84605407714844,-3762.0,-4590.0,-2244.0,0,0,0,0,0
130482.001,1.5055618286132812,2.553154468536377,1.432572603225708,0.0990217849612236,-0.34799787402153015,0.04444728046655655,1.6717220544815063,-8.15403938293457,-74.0214614868164,35.7840576171875,-57.08970260620117,-78.45198822021484,-4981.0,-4320.0,-2679.0,0,0,0,0,0
130492.149,1.5066394805908203,2.548616647720337,1.4325740337371826,0.0971783995628357,-0.35019174218177795,0.023622700944542885,2.1815831661224365,-7.634644031524658,-74.92864990234375,-175.5240936279297,-47.40964126586914,94.59415435791016,-1954.0,-4859.0,-3221.0,0,0,0,0,0
130501.828,1.5074876546859741,2.5440118312835693,1.4323228597640991,0.0918368324637413,-0.35505765676498413,0.023708365857601166,0.6932993531227112,-7.115993499755859,-74.05265808105469,-106.98971557617188,-54.33469009399414,9.102744102478027,3999.0,-5480.0,-3580.0,0,0,0,0,0
130511.952,1.5083043575286865,2.5398569107055664,1.4323432445526123,0.0895732194185257,-0.3568783104419708,0.026968449354171753,-0.367439329624176,-6.5667243003845215,-74.84832763671875,-44.74599838256836,-80.74559783935547,47.19843673706055,6425.0,-5610.0,-3923.0,0,0,0,0,0
130521.633,1.5089752674102783,2.535151720046997,1.4321433305740356,0.08903222531080246,-0.3594987392425537,0.037881240248680115,-0.8340362310409546,-5.9637837409973145,-74.70156860351562,82.10063934326172,-75.34622955322266,157.49681091308594,3730.0,-6167.0,-4349.0,0,0,0,0,0
130531.768,1.5097362995147705,2.530567169189453,1.431711196899414,0.08821611106395721,-0.35402414202690125,-0.022613974288105965,-0.05598791688680649,-5.298247337341309,-74.02803039550781,82.13941192626953,-88.09278106689453,-100.0527114868164,-1393.0,-6900.0,-3873.0,0,0,0,0,0
130541.458,1.5106687545776367,2.5260508060455322,1.4313151836395264,0.08865173161029816,-0.3577415943145752,0.037632059305906296,0.6795854568481445,-4.592392921447754,-74.20979309082031,-9.812289237976074,-71.61087036132812,-190.11021423339844,-4298.0,-7649.0,-3303.0,0,0,0,0,0
130551.585,1.5116736888885498,2.5215566158294678,1.4313832521438599,0.08689053356647491,-0.3576807379722595,0.06502904742956161,0.8559841513633728,-3.9344141483306885,-74.9845962524414,116.80223846435547,-51.315673828125,44.39814758300781,-3252.0,-7689.0,-3570.0,0,0,0,0,0
130561.264,1.5126073360443115,2.517477035522461,1.4317082166671753,0.08503075689077377,-0.3519916236400604,0.04498276486992836,1.745019793510437,-3.3636555671691895,-74.57731628417969,-31.060565948486328,-72.54966735839844,4.29167366027832,-4843.0,-7432.0,-3947.0,0,0,0,0,0
130571.405,1.5135225057601929,2.5130362510681152,1.4316778182983398,0.08059853315353394,-0.3481943607330322,0.032617561519145966,1.6064139604568481,-2.637625217437744,-74.59288024902344,-129.08135986328125,-49.126953125,29.046377182006836,-619.0,-7864.0,-3875.0,0,0,0,0,0
130581.104,1.5141363143920898,2.5086734294891357,1.4314614534378052,0.07411620765924454,-0.34349361062049866,0.01867721974849701,0.18392519652843475,-2.0004005432128906,-74.63912963867188,-131.19741821289062,-73.49200439453125,51.985286712646484,4624.0,-8282.0,-3953.0,0,0,0,0,0
130591.233,1.5146102905273438,2.504359245300293,1.431145429611206,0.06996364891529083,-0.33778050541877747,0.018250059336423874,-0.9720717072486877,-1.2658697366714478,-75.05369567871094,-2.5279171466827393,-69.69734954833984,120.95195007324219,7141.0,-8634.0,-4171.0,0,0,0,0,0
130600.898,1.5150835514068604,2.500128984451294,1.4309492111206055,0.06816236674785614,-0.3302759826183319,0.024933716282248497,-1.4569265842437744,-0.6294505596160889,-74.3460922241211,84.99737548828125,-69.70738220214844,123.7500991821289,3636.0,-8880.0,-4003.0,0,0,0,0,0
130611.034,1.5156652927398682,2.4960312843322754,1.430556297302246,0.06745630502700806,-0.32162395119667053,-0.027187004685401917,-0.7675448656082153,0.05751342326402664,-74.01769256591797,91.54627227783203,-85.01362609863281,-125.70051574707031,-1232.0,-9091.0,-3105.0,0,0,0,0,0
130620.724,1.5163788795471191,2.4924356937408447,1.4303401708602905,0.06641337275505066,-0.31034964323043823,0.026091892272233963,-0.04843088239431381,0.7732835412025452,-74.09537506103516,-0.05394540727138519,-74.94463348388672,-175.09432983398438,-3978.0,-9606.0,-2461.0,0,0,0,0,0
130630.85,1.5171538591384888,2.4887540340423584,1.4303092956542969,0.06382635980844498,-0.2993794083595276,0.050617754459381104,0.16686801612377167,1.4810724258422852,-75.00819396972656,118.42426300048828,-45.534263610839844,21.305456161499023,-3166.0,-9731.0,-2694.0,0,0,0,0,0
130640.532,1.517890453338623,2.4851958751678467,1.430359959602356,0.06162477284669876,-0.2883872389793396,0.027925744652748108,0.9940891265869141,1.9466296434402466,-74.62799835205078,-50.04589080810547,-64.34773254394531,29.1688232421875,-4531.0,-9088.0,-3328.0,0,0,0,0,0
130650.667,1.5185065269470215,2.4817419052124023,1.4302438497543335,0.057065270841121674,-0.2777487337589264,0.014175043441355228,1.0102286338806152,2.5732312202453613,-75.0993881225586,-120.27889251708984,-47.2495231628418,-10.420411109924316,-77.0,-9289.0,-3776.0,0,0,0,0,0
130660.358,1.5188877582550049,2.478403091430664,1.4299602508544922,0.05038744956254959,-0.2666985094547272,0.004322319757193327,-0.3858543634414673,3.1834170818328857,-75.1944808959961,-121.93019104003906,-61.354183197021484,25.77106285095215,4854.0,-9941.0,-4514.0,0,0,0,0,0
130670.49,1.5191261768341064,2.4752025604248047,1.4296802282333374,0.045977335423231125,-0.2531149089336395,0.014852583408355713,-1.506571888923645,3.827322006225586,-75.27513885498047,12.263583183288574,-55.141910552978516,105.91989135742188,6936.0,-10347.0,-5026.0,0,0,0,0,0
130680.169,1.5194787979125977,2.4724924564361572,1.4295610189437866,0.04397488012909889,-0.23966719210147858,-0.004469236824661493,-1.8121440410614014,4.379591941833496,-74.69332122802734,85.4017562866211,-64.19828796386719,134.88429260253906,3243.0,-10454.0,-5026.0,0,0,0,0,0
130690.309,1.5198109149932861,2.4697391986846924,1.4289335012435913,0.04332203045487404,-0.22802956402301788,-0.04557123780250549,-1.1600714921951294,4.9859819412231445,-74.31239318847656,103.74325561523438,-68.14198303222656,-70.24034881591797,-1501.0,-10747.0,-4274.0,0,0,0,0,0
130699.992,1.5203155279159546,2.4672443866729736,1.4283968210220337,0.04107004404067993,-0.20797061920166016,-0.0013237310340628028,-0.35332244634628296,5.593554496765137,-74.44622039794922,-6.201683521270752,-54.332725524902344,-118.38646697998047,-4012.0,-11284.0,-3666.0,0,0,0,0,0
130710.124,1.5208547115325928,2.4649899005889893,1.4282386302947998,0.03742867708206177,-0.18903852999210358,0.027108559384942055,-0.09756697714328766,6.181755542755127,-75.04827117919922,126.8392333984375,-27.709848403930664,-36.70705032348633,-3233.0,-11218.0,-3658.0,0,0,0,0,0
130719.798,1.5212812423706055,2.4630277156829834,1.4282842874526978,0.03497077524662018,-0.17427608370780945,0.006214816123247147,0.8332433104515076,6.505886077880859,-74.86370849609375,-87.36605834960938,-36.63772201538086,116.61921691894531,-4469.0,-10444.0,-4148.0,0,0,0,0,0
130729.934,1.5216442346572876,2.4612016677856445,1.428026556968689,0.029643679037690163,-0.15955336391925812,-0.0054275887086987495,0.5762699842453003,6.950709819793701,-75.13883972167969,-99.84080505371094,-34.146915435791016,-60.73940658569336,626.0,-10335.0,-4429.0,0,0,0,0,0
130739.635,1.5217616558074951,2.4595208168029785,1.427666425704956,0.0232437402009964,-0.14434456825256348,-0.012675816193223,-0.6689273118972778,7.387813091278076,-75.49253845214844,-121.587890625,-36.695220947265625,38.1403694152832,5128.0,-10874.0,-5096.0,0,0,0,0,0
130749.751,1.5217305421829224,2.4580461978912354,1.427370548248291,0.018490025773644447,-0.12439965456724167,0.008904660120606422,-1.8399685621261597,7.811129570007324,-75.23313903808594,24.059213638305664,-51.05735397338867,-4.153759002685547,6713.0,-11274.0,-5414.0,0,0,0,0,0
130759.432,1.5217137336730957,2.4568424224853516,1.4270864725112915,0.016615893691778183,-0.10960017144680023,-0.011091060936450958,-2.0446677207946777,8.299764633178711,-75.10787963867188,87.66730499267578,-53.78909683227539,123.4238510131836,2679.0,-11957.0,-5368.0,0,0,0,0,0
130769.577,1.521849513053894,2.455899715423584,1.4266704320907593,0.016059856861829758,-0.09216616302728653,-0.018258647993206978,-1.3857547044754028,8.765381813049316,-74.49224090576172,104.86648559570312,-45.16056823730469,33.24571990966797,-2093.0,-12572.0,-4761.0,0,0,0,0,0
130779.258,1.522047996520996,2.455188035964966,1.4265530109405518,0.013282453641295433,-0.06762824952602386,0.02039593644440174,-0.45675089955329895,9.228758811950684,-74.66555786132812,-3.5295634269714355,-32.46187210083008,-71.95501708984375,-4138.0,-12947.0,-4182.0,0,0,0,0,0
130789.404,1.5223267078399658,2.454857349395752,1.4267102479934692,0.009288566187024117,-0.04522530734539032,0.0439361147582531,-0.17381978034973145,9.617502212524414,-75.26378631591797,136.50735473632812,-18.484134674072266,-115.35216522216797,-3611.0,-12522.0,-4158.0,0,0,0,0,0
130799.066,1.5225493907928467,2.4547605514526367,1.4269284009933472,0.007791205774992704,-0.030338848009705544,0.018772663548588753,0.9699813723564148,9.788043975830078,-75.48237609863281,-132.7390594482422,-11.477211952209473,175.31044006347656,-4472.0,-11776.0,-4929.0,0,0,0,0,0
130809.208,1.5225461721420288,2.4548189640045166,1.426830768585205,0.0017953069182112813,-0.015467419289052486,0.0023025362752377987,0.23322485387325287,10.020963668823242,-75.32470703125,-81.17538452148438,-23.226932525634766,-109.71892547607422,1733.0,-11569.0,-5238.0,0,0,0,0,0
130818.891,1.5224509239196777,2.454901695251465,1.4266802072525024,-0.004375872202217579,0.0027484497986733913,-0.00157952553126961,-0.9796809554100037,10.270735740661621,-75.72543334960938,-106.0365982055664,-6.956593036651611,125.01140594482422,5647.0,-11803.0,-5680.0,0,0,0,0,0
130829.017,1.5221447944641113,2.4554290771484375,1.4266300201416016,-0.009314469061791897,0.03131305053830147,0.04513181000947952,-2.24980092048645,10.474674224853516,-74.84607696533203,40.52924346923828,-35.771339416503906,-87.45010375976562,6407.0,-12298.0,-5469.0,0,0,0,0,0
130838.699,1.5218522548675537,2.456214189529419,1.4263648986816406,-0.008414475247263908,0.03390040993690491,-0.04542288929224014,-1.8226221799850464,10.878162384033203,-74.72453308105469,76.85340118408203,-35.649925231933594,47.184852600097656,1820.0,-13111.0,-4741.0,0,0,0,0,0
130848.835,1.521730899810791,2.4572129249572754,1.4258333444595337,-0.011133109219372272,0.06317900866270065,0.008872251957654953,-1.030755877494812,11.230367660522461,-74.63764953613281,84.69647979736328,-23.018083572387695,108.5884780883789,-2784.0,-14182.0,-3993.0,0,0,0,0,0
130858.528,1.5217472314834595,2.45857572555542,1.4257632493972778,-0.013900366611778736,0.08636113256216049,0.032346222549676895,-0.27046656608581543,11.563422203063965,-75.01782989501953,18.339710235595703,-4.779605388641357,42.682716369628906,-3892.0,-14615.0,-3772.0,0,0,0,0,0
130868.66,1.5217267274856567,2.4602086544036865,1.4258381128311157,-0.0172484889626503,0.10524196922779083,0.03392648324370384,0.13630816340446472,11.618769645690918,-74.86080169677734,120.0096435546875,-7.276033401489258,-181.59848022460938,-4071.0,-13768.0,-3946.0,0,0,0,0,0
130878.335,1.5215990543365479,2.4617202281951904,1.4260398149490356,-0.01951007731258869,0.11909592896699905,0.017506642267107964,1.3263992071151733,11.628874778747559,-76.18627166748047,-174.3251190185547,8.456435203552246,117.06627655029297,-3862.0,-12736.0,-4698.0,0,0,0,0,0
130888.472,1.5213422775268555,2.4637062549591064,1.425840139389038,-0.02632381208240986,0.13335205614566803,0.005929352715611458,-0.2648571729660034,11.591132164001465,-75.1318359375,-72.19622802734375,0.8580198884010315,-163.6959686279297,2122.0,-12306.0,-5547.0,0,0,0,0,0
130898.162,1.5208603143692017,2.465808153152466,1.4255179166793823,-0.030540788546204567,0.14750930666923523,-0.00543291075155139,-1.0369385480880737,11.631064414978027,-75.6047134399414,-110.74202728271484,24.601858139038086,126.5720443725586,5762.0,-12514.0,-5518.0,0,0,0,0,0
130908.295,1.5202692747116089,2.468156576156616,1.425358533859253,-0.035042304545640945,0.17555184662342072,0.050509337335824966,-2.148512601852417,11.564215660095215,-74.73140716552734,47.53139877319336,-7.992869853973389,-59.02922058105469,5811.0,-12941.0,-5210.0,0,0,0,0,0
130917.965,1.519827961921692,2.4703149795532227,1.4252957105636597,-0.032744888216257095,0.17181727290153503,-0.04119659215211868,-1.7053990364074707,11.646632194519043,-74.43966674804688,75.62395477294922,-10.858983039855957,5.177380084991455,1187.0,-13584.0,-4162.0,0,0,0,0,0
130928.105,1.519421100616455,2.473053216934204,1.4247702360153198,-0.03550456464290619,0.19943927228450775,0.015586434863507748,-0.8094975352287292,11.754205703735352,-74.56360626220703,82.96697998046875,2.0825796127319336,73.63394165039062,-3209.0,-14370.0,-3233.0,0,0,0,0,0
130937.793,1.5191599130630493,2.4761180877685547,1.4246309995651245,-0.03775935247540474,0.2187010943889618,0.03358990326523781,0.0022884756326675415,11.785138130187988,-75.26295471191406,27.003833770751953,26.155521392822266,100.6110610961914,-4223.0,-14582.0,-3220.0,0,0,0,0,0
130947.918,1.5189145803451538,2.47934889793396,1.4245001077651978,-0.040218379348516464,0.23331619799137115,0.03025197610259056,0.4469533860683441,11.521531105041504,-74.66423034667969,108.91276550292969,17.71332359313965,-165.86778259277344,-4452.0,-13468.0,-3662.0,0,0,0,0,0
130957.6,1.518612027168274,2.482764482498169,1.4242669343948364,-0.041468363255262375,0.24316447973251343,0.006952272728085518,1.4788731336593628,11.282432556152344,-75.86727905273438,-183.2980194091797,42.91024398803711,78.16986083984375,-3585.0,-12303.0,-4244.0,0,0,0,0,0
130967.737,1.518043041229248,2.4862260818481445,1.4238578081130981,-0.048000797629356384,0.2538783550262451,-0.0017391301225870848,-0.16128021478652954,10.898797035217285,-74.87886810302734,-68.31468200683594,36.3956184387207,-179.2242889404297,2425.0,-11634.0,-4964.0,0,0,0,0,0
130977.435,1.5174351930618286,2.4893453121185303,1.423575520515442,-0.05103249475359917,0.26238301396369934,-0.012564282864332199,-0.9004064202308655,10.621356010437012,-75.44242095947266,-121.16582489013672,52.56026077270508,175.22869873046875,5876.0,-11539.0,-4996.0,0,0,0,0,0
130987.552,1.5166468620300293,2.493074417114258,1.4232511520385742,-0.05421050265431404,0.2835013270378113,0.04055462032556534,-2.089742660522461,10.262189865112305,-74.27185821533203,56.31391143798828,17.788867950439453,-44.80501174926758,5859.0,-11942.0,-4578.0,0,0,0,0,0
130997.233,1.5159212350845337,2.4969217777252197,1.4227715730667114,-0.051196783781051636,0.2790772020816803,-0.04621901363134384,-1.5187269449234009,10.05702018737793,-73.89683532714844,65.57903289794922,24.42138671875,0.34544166922569275,1021.0,-12422.0,-3202.0,0,0,0,0,0
131007.368,1.5153911113739014,2.5008699893951416,1.4220837354660034,-0.05243033170700073,0.2993836998939514,0.013338548131287098,-0.6700789332389832,9.836859703063965,-74.2447509765625,78.49952697753906,30.284353256225586,27.568496704101562,-3204.0,-12853.0,-2070.0,0,0,0,0,0
131017.06,1.5149903297424316,2.5050747394561768,1.4218957424163818,-0.05325949192047119,0.3121413290500641,0.034057117998600006,0.13358521461486816,9.569397926330566,-75.0006103515625,32.6236686706543,56.096012115478516,148.17315673828125,-4020.0,-12925.0,-2153.0,0,0,0,0,0
131027.185,1.5144926309585571,2.5088601112365723,1.4219986200332642,-0.05484289303421974,0.3192889392375946,0.03480985388159752,0.6296575665473938,9.05789852142334,-74.46754455566406,103.6473159790039,46.75305938720703,-182.43995666503906,-4454.0,-12009.0,-2656.0,0,0,0,0,0
131036.868,1.5140537023544312,2.5132811069488525,1.4218223094940186,-0.055588386952877045,0.32423797249794006,0.017798827961087227,1.3563473224639893,8.534128189086914,-75.29993438720703,-186.49778747558594,77.47932434082031,31.13587188720703,-3353.0,-10826.0,-3268.0,0,0,0,0,0
131047.002,1.5133885145187378,2.517700672149658,1.4214448928833008,-0.06004922091960907,0.3281770646572113,0.006989495363086462,-0.1880386471748352,7.889461517333984,-74.67765808105469,-80.16505432128906,69.92461395263672,-177.796142578125,2771.0,-9864.0,-3955.0,0,0,0,0,0
131056.693,1.5125535726547241,2.522036552429199,1.420843243598938,-0.06182011589407921,0.330990195274353,-0.0067810253240168095,-1.0104862451553345,7.296254634857178,-75.49528503417969,-106.02618408203125,66.74957275390625,107.92952728271484,6235.0,-9359.0,-4381.0,0,0,0,0,0
131066.826,1.511682152748108,2.52645206451416,1.4204868078231812,-0.06189146265387535,0.34031376242637634,0.039225343614816666,-1.989452600479126,6.734329700469971,-74.44430541992188,57.590576171875,47.743614196777344,-38.82274627685547,5751.0,-9765.0,-4507.0,0,0,0,0,0
131076.499,1.510969638824463,2.530395746231079,1.420138955116272,-0.058188531547784805,0.3317369818687439,-0.054824456572532654,-1.4202817678451538,6.2255330085754395,-73.99496459960938,72.43498992919922,46.69911193847656,-32.35615539550781,802.0,-10180.0,-3516.0,0,0,0,0,0
131086.641,1.5103482007980347,2.5348777770996094,1.4192893505096436,-0.05643076449632645,0.33934471011161804,-0.0003322122211102396,-0.5281056761741638,5.716190814971924,-74.27635955810547,75.89521789550781,57.877193450927734,-11.640034675598145,-3418.0,-10269.0,-2556.0,0,0,0,0,0
131096.326,1.5099248886108398,2.5393877029418945,1.418818712234497,-0.05495961382985115,0.3417753279209137,0.015901895239949226,0.199933722615242,5.140902519226074,-74.85084533691406,39.51972961425781,74.52410888671875,168.22486877441406,-4078.0,-9942.0,-2498.0,0,0,0,0,0
131106.452,1.5095102787017822,2.543916940689087,1.4184629917144775,-0.05413553863763809,0.3420366048812866,0.020226027816534042,0.7710577845573425,4.462425708770752,-73.97713470458984,100.64116668701172,57.31607437133789,-163.6817169189453,-4601.0,-9216.0,-2481.0,0,0,0,0,0
131116.143,1.5090360641479492,2.548426628112793,1.4181588888168335,-0.05326319485902786,0.33929264545440674,4.236463428242132e-05,1.5424470901489258,3.816547393798828,-74.83319854736328,-188.5640411376953,100.10912322998047,20.875732421875,-3286.0,-8444.0,-2406.0,0,0,0,0,0
131126.268,1.508435606956482,2.552363157272339,1.4178440570831299,-0.05618438124656677,0.33434391021728516,-0.008220060728490353,0.07803188264369965,2.91561222076416,-74.3242416381836,-76.07927703857422,92.78047943115234,-189.23165893554688,2669.0,-7325.0,-2820.0,0,0,0,0,0
131135.978,1.5076802968978882,2.5566868782043457,1.4172053337097168,-0.056445881724357605,0.3296770453453064,-0.022858567535877228,-0.7405281066894531,2.109344720840454,-75.26394653320312,-94.17752075195312,67.019287109375,104.65989685058594,6145.0,-5551.0,-3484.0,0,0,0,0,0
131146.097,1.5068151950836182,2.561284303665161,1.416606068611145,-0.05372237786650658,0.324730783700943,0.011646237224340439,-1.503989577293396,1.440831184387207,-74.08637237548828,64.4369888305664,63.13241195678711,-1.8156596422195435,5247.0,-7124.0,-3647.0,0,0,0,0,0
131155.767,1.506142020225525,2.565402030944824,1.4158079624176025,-0.04986603930592537,0.3179967701435089,-0.06818652153015137,-0.7560596466064453,0.7514712810516357,-73.68437957763672,82.51505279541016,57.573097229003906,-55.77608108520508,313.0,-8173.0,-2680.0,0,0,0,0,0
131165.905,1.5057071447372437,2.569500684738159,1.4149620532989502,-0.04586489871144295,0.3113710880279541,-0.00830195751041174,0.2065623253583908,0.1025223508477211,-74.09257507324219,68.39998626708984,66.60325622558594,-51.34148025512695,-4104.0,-7166.0,-1865.0,0,0,0,0,0
131175.602,1.5053229331970215,2.573096752166748,1.4147944450378418,-0.043695371598005295,0.301929235458374,0.020757563412189484,0.7424904704093933,-0.5995264649391174,-74.48571014404297,62.663970947265625,81.64440155029297,175.0250701904297,-4441.0,-6619.0,-1838.0,0,0,0,0,0
131185.724,1.5050365924835205,2.5770342350006104,1.4145256280899048,-0.04094899445772171,0.29334601759910583,0.013729232363402843,1.6898174285888672,-1.2911674976348877,-73.68014526367188,75.78084564208984,64.22976684570312,-144.51388549804688,-5109.0,-6304.0,-1683.0,0,0,0,0,0
131195.409,1.5047492980957031,2.5807976722717285,1.4142227172851562,-0.04009539633989334,0.2838352918624878,-0.008130287751555443,1.8867709636688232,-2.0382468700408936,-74.16926574707031,-192.58450317382812,105.70524597167969,39.59404373168945,-3002.0,-5720.0,-1449.0,0,0,0,0,0
131205.536,1.504227638244629,2.584334135055542,1.4136898517608643,-0.04166269302368164,0.2718912661075592,-0.007748331408947706,0.4933561682701111,-2.892764091491699,-74.08836364746094,-102.24508666992188,89.46044921875,-119.3189697265625,2935.0,-5442.0,-1629.0,0,0,0,0,0
131215.227,1.5036015510559082,2.587676525115967,1.4131736755371094,-0.04075488820672035,0.25953951478004456,-0.00814914982765913,-0.5340611338615417,-3.7612435817718506,-74.68374633789062,-72.98526763916016,44.48110580444336,5.799858570098877,6213.0,-3677.0,-2119.0,0,0,0,0,0
131225.352,1.503103494644165,2.5905447006225586,1.4130159616470337,-0.0359305702149868,0.24399206042289734,0.013812492601573467,-1.00147545337677,-4.33420467376709,-73.90479278564453,76.86185455322266,71.16085052490234,97.35081481933594,4696.0,-4162.0,-2341.0,0,0,0,0,0
131235.036,1.5025560855865479,2.59356689453125,1.412559151649475,-0.03178468346595764,0.2348344326019287,-0.03323417156934738,-0.2122846096754074,-5.032384872436523,-73.77092742919922,88.36650085449219,53.0799674987793,1.1128888130187988,-567.0,-4656.0,-1805.0,0,0,0,0,0
131245.169,1.5023434162139893,2.5963895320892334,1.4121018648147583,-0.02561160922050476,0.21540482342243195,0.01835661567747593,0.7312499284744263,-5.648331642150879,-73.71273803710938,18.065587997436523,63.1881103515625,-103.69001770019531,-4289.0,-4494.0,-1345.0,0,0,0,0,0
131254.863,1.5022860765457153,2.599041223526001,1.4120962619781494,-0.02143903635442257,0.19643479585647583,0.05157560855150223,0.9777001142501831,-6.264513969421387,-73.84831237792969,120.07002258300781,62.38297653198242,113.90862274169922,-3674.0,-4305.0,-970.0,0,0,0,0,0
131264.991,1.5022623538970947,2.6014442443847656,1.4122633934020996,-0.01714593544602394,0.18238331377506256,0.03587277606129646,2.166531801223755,-6.764066696166992,-73.2911605834961,27.48276138305664,62.944427490234375,-57.53411865234375,-5274.0,-4548.0,-543.0,0,0,0,0,0
131274.677,1.502131462097168,2.603455066680908,1.4123708009719849,-0.01628861203789711,0.1672944575548172,0.017048638314008713,2.1462106704711914,-7.376298427581787,-73.5462875366211,-148.13829040527344,68.50592803955078,11.447420120239258,-2032.0,-4125.0,-171.0,0,0,0,0,0
131284.807,1.5018994808197021,2.605435609817505,1.4121017456054688,-0.016800321638584137,0.1508823186159134,0.005239487159997225,0.7783248424530029,-8.035828590393066,-73.99784088134766,-119.20124816894531,58.97852325439453,-24.22043228149414,3573.0,-3279.0,-541.0,0,0,0,0,0
131294.493,1.501588225364685,2.6071395874023438,1.4118369817733765,-0.01363928709179163,0.1296151876449585,0.02627565525472164,-0.3058372437953949,-8.580985069274902,-74.26188659667969,-28.19100570678711,7.3877410888671875,63.07367706298828,6226.0,-3095.0,-1442.0,0,0,0,0,0
131304.619,1.5012969970703125,2.608585834503174,1.4115945100784302,-0.009974881075322628,0.11500651389360428,-0.00033363050897605717,-0.36099737882614136,-8.76274585723877,-74.01692962646484,82.58138275146484,62.50745391845703,51.924583435058594,3457.0,-4237.0,-1946.0,0,0,0,0,0
131314.3,1.5012030601501465,2.6098806858062744,1.4110422134399414,-0.005307142622768879,0.10212895274162292,-0.028813691809773445,0.3294994533061981,-9.304444313049316,-74.2159423828125,93.00093078613281,34.63825607299805,21.5804386138916,-1389.0,-4333.0,-2240.0,0,0,0,0,0
131324.435,1.5012353658676147,2.61087965965271,1.4108078479766846,0.0009474013349972665,0.07620213180780411,0.015891971066594124,1.1912072896957397,-9.670280456542969,-74.00677490234375,-4.445888996124268,46.37152099609375,-26.542865753173828,-4069.0,-3664.0,-2534.0,0,0,0,0,0
131334.127,1.5014595985412598,2.611691951751709,1.4107601642608643,0.005154825281351805,0.05371749401092529,0.037564437836408615,1.3561421632766724,-10.094691276550293,-73.61052703857422,134.31797790527344,24.592254638671875,-71.71980285644531,-3290.0,-3258.0,-2199.0,0,0,0,0,0
131344.252,1.5017064809799194,2.6122140884399414,1.4107321500778198,0.009067120030522346,0.038078371435403824,0.01933157630264759,2.504998207092285,-10.355929374694824,-73.67272186279297,-33.63437271118164,46.3447380065918,30.100317001342773,-4949.0,-3489.0,-1622.0,0,0,0,0,0
131353.934,1.501855492591858,2.6124753952026367,1.4104657173156738,0.009040048345923424,0.022299611940979958,-0.0016605041455477476,1.8723613023757935,-10.760163307189941,-73.3007583618164,-120.33589935302734,34.40910339355469,101.4758071899414,-544.0,-3180.0,-1058.0,0,0,0,0,0
131364.069,1.5018445253372192,2.612445116043091,1.409995198249817,0.009197180159389973,0.0047323680482804775,-0.014623337425291538,0.578136146068573,-11.107375144958496,-73.29531860351562,-128.823974609375,39.43334197998047,51.22378921508789,4820.0,-2658.0,-439.0,0,0,0,0,0
131373.759,1.5018880367279053,2.6122522354125977,1.409805417060852,0.014561078511178493,-0.020312808454036713,0.017321674153208733,-0.642172634601593,-11.453720092773438,-73.33604431152344,9.451011657714844,2.206028461456299,44.49544906616211,6977.0,-2450.0,-140.0,0,0,0,0,0
131383.892,1.5018820762634277,2.611713409423828,1.4093239307403564,0.016435079276561737,-0.028643883764743805,-0.03840562328696251,-0.6914229989051819,-11.533937454223633,-73.75361633300781,84.0819320678711,30.23720932006836,30.18655014038086,3226.0,-2990.0,-129.0,0,0,0,0,0
131393.575,1.5020567178726196,2.611016273498535,1.4085479974746704,0.02321220375597477,-0.048002470284700394,-0.0323217548429966,-0.007630527950823307,-11.7592134475708,-73.63186645507812,94.75086975097656,0.7411566376686096,4.744020462036133,-1383.0,-3311.0,-443.0,0,0,0,0,0
131403.702,1.502488136291504,2.6100971698760986,1.408032774925232,0.030519619584083557,-0.07246951013803482,-0.002245930954813957,0.7815431952476501,-11.820720672607422,-73.53868865966797,-18.026330947875977,7.643050193786621,-36.59012985229492,-3525.0,-3418.0,-649.0,0,0,0,0,0
131413.393,1.5030500888824463,2.608898401260376,1.407754898071289,0.035432010889053345,-0.09400501102209091,0.013707222416996956,0.8946354985237122,-11.96447467803955,-73.46239471435547,144.400634765625,-14.383159637451172,-137.33705139160156,-3053.0,-3359.0,-696.0,0,0,0,0,0
131423.523,1.503531575202942,2.607651472091675,1.407710313796997,0.039397090673446655,-0.10975039005279541,0.005594378802925348,1.9896421432495117,-11.91395378112793,-74.1895523071289,-106.90357208251953,9.772950172424316,71.19595336914062,-4557.0,-3673.0,-1098.0,0,0,0,0,0
131433.2,1.5040745735168457,2.6059656143188477,1.4073965549468994,0.03914354741573334,-0.12316979467868805,-0.017984721809625626,1.0791547298431396,-11.963075637817383,-73.83065795898438,-92.76551818847656,-5.872782230377197,-10.474103927612305,795.0,-3682.0,-1670.0,0,0,0,0,0
131443.337,1.5044206380844116,2.60404896736145,1.406785488128662,0.039610475301742554,-0.138186514377594,-0.03154347091913223,-0.21462637186050415,-11.954133033752441,-74.71131896972656,-121.68827819824219,12.208625793457031,46.434993743896484,5490.0,-3488.0,-2373.0,0,0,0,0,0
131453.027,1.504721999168396,2.6018614768981934,1.4064351320266724,0.04772435873746872,-0.1676686406135559,0.03328310325741768,-1.270066499710083,-11.959601402282715,-74.5240707397461,30.98040771484375,-19.99927520751953,-32.87522506713867,6722.0,-3494.0,-3521.0,0,0,0,0,0
131463.162,1.505143165588379,2.5994811058044434,1.4060062170028687,0.0475921668112278,-0.1670195758342743,-0.04988788813352585,-0.9728749394416809,-11.787638664245605,-74.35685729980469,73.38088989257812,-7.294846534729004,31.222204208374023,2409.0,-3767.0,-3911.0,0,0,0,0,0
131472.833,1.5057027339935303,2.5973269939422607,1.4054722785949707,0.05569960176944733,-0.18769636750221252,-0.013892748393118382,-0.10696080327033997,-11.708497047424316,-73.7586898803711,98.29991912841797,-18.512920379638672,70.57303619384766,-2248.0,-3901.0,-3565.0,0,0,0,0,0
131482.969,1.506502389907837,2.594597101211548,1.4051612615585327,0.06189575046300888,-0.20821735262870789,0.01659483090043068,0.6738128066062927,-11.564931869506836,-73.79627227783203,2.6982481479644775,-10.790074348449707,13.631784439086914,-4156.0,-3892.0,-2882.0,0,0,0,0,0
131492.674,1.507506012916565,2.591402292251587,1.4050871133804321,0.065934918820858,-0.22589968144893646,0.02888510189950466,1.2153456211090088,-11.513412475585938,-73.44647979736328,134.04713439941406,-43.57235336303711,-96.79248046875,-4046.0,-3304.0,-2189.0,0,0,0,0,0
131502.786,1.5085095167160034,2.58797287940979,1.4050368070602417,0.06788703799247742,-0.23684297502040863,0.006411910522729158,1.8593401908874512,-11.173428535461426,-74.14286041259766,-176.33836364746094,-30.13775634765625,178.35330200195312,-4029.0,-3835.0,-1743.0,0,0,0,0,0
131512.467,1.5093507766723633,2.5843312740325928,1.4047355651855469,0.06662954390048981,-0.25119319558143616,0.0030804306734353304,0.40688174962997437,-10.947678565979004,-73.45455169677734,-65.52912902832031,-42.05003356933594,-275.79931640625,2050.0,-4116.0,-1495.0,0,0,0,0,0
131522.606,1.5093293190002441,2.5838828086853027,1.4045660495758057,0.06643277406692505,-0.2524200677871704,0.0025058810133486986,0.4129555821418762,-10.96639347076416,-73.45894622802734,-97.62447357177734,-31.89856719970703,-8.302547454833984,5455.0,-3984.0,-1376.0,0,0,0,0,0
131532.293,1.5099174976348877,2.5803287029266357,1.404257893562317,0.06790496408939362,-0.2664267122745514,0.011391150765120983,-0.6056232452392578,-10.69412612915039,-74.32108306884766,53.313602447509766,-19.89369773864746,-15.233034133911133,5355.0,-4209.0,-1890.0,0,0,0,0,0
131542.432,1.5113271474838257,2.5738115310668945,1.4039111137390137,0.07285308092832565,-0.2758503258228302,-0.03731108829379082,-0.2741416096687317,-10.042719841003418,-73.92677307128906,87.95821380615234,-26.615121841430664,-19.186933517456055,808.0,-4529.0,-2262.0,0,0,0,0,0
131552.1,1.5122616291046143,2.56998348236084,1.4033584594726562,0.07795669883489609,-0.2925020754337311,0.008489680476486683,0.6576962471008301,-9.704851150512695,-74.04220581054688,57.3869743347168,-33.639686584472656,24.35009765625,-3693.0,-4386.0,-2191.0,0,0,0,0,0
131562.239,1.5133808851242065,2.565985918045044,1.4032536745071411,0.08035756647586823,-0.3059275448322296,0.037712495774030685,0.7809562087059021,-9.399654388427734,-74.49584197998047,55.701210021972656,-18.03166389465332,161.82936096191406,-3898.0,-4404.0,-2352.0,0,0,0,0,0
131571.926,1.5135390758514404,2.565505027770996,1.4031063318252563,0.0807870626449585,-0.30726057291030884,0.037245627492666245,0.7810701727867126,-9.422086715698242,-74.49665832519531,69.8028335571289,-61.049198150634766,-147.39027404785156,-4298.0,-3991.0,-2626.0,0,0,0,0,0
131582.053,1.515457272529602,2.5582408905029297,1.403204321861267,0.0797204077243805,-0.31487372517585754,0.003324356395751238,1.550102710723877,-8.616874694824219,-73.8656997680664,-196.61102294921875,-51.77897262573242,87.66022491455078,-2722.0,-4444.0,-2714.0,0,0,0,0,0
131591.747,1.516330361366272,2.5539700984954834,1.4029407501220703,0.07761599868535995,-0.32285264134407043,0.009646565653383732,0.2787264287471771,-8.185707092285156,-74.46544647216797,-91.08882904052734,-62.395790100097656,-58.204864501953125,3193.0,-5138.0,-2312.0,0,0,0,0,0
131601.869,1.5170612335205078,2.5495638847351074,1.4028241634368896,0.07786048203706741,-0.3312327265739441,0.031038949266076088,-0.6833394169807434,-7.758679389953613,-74.41083526611328,-86.98149108886719,-74.2034683227539,15.831708908081055,5807.0,-5299.0,-2849.0,0,0,0,0,0
131611.563,1.517743706703186,2.5451831817626953,1.4027137756347656,0.07794824987649918,-0.33335426449775696,0.013180003501474857,-0.9964219927787781,-7.205960273742676,-74.4900131225586,68.32274627685547,-47.28287124633789,111.79563903808594,4545.0,-5492.0,-3125.0,0,0,0,0,0
131621.686,1.5185573101043701,2.5408334732055664,1.402332067489624,0.07929915189743042,-0.3321169912815094,-0.0188837219029665,-0.09467881172895432,-6.763489723205566,-73.95211029052734,91.15503692626953,-49.46175765991211,-43.014957427978516,-490.0,-5639.0,-3096.0,0,0,0,0,0
131631.377,1.5194638967514038,2.5369250774383545,1.4021724462509155,0.08108235895633698,-0.33688750863075256,0.01918293721973896,0.8404682278633118,-6.238983154296875,-73.96495819091797,24.462976455688477,-51.104576110839844,-88.49657440185547,-4355.0,-5608.0,-2657.0,0,0,0,0,0
131641.514,1.520565152168274,2.532520055770874,1.4022613763809204,0.08063526451587677,-0.3412083685398102,0.0468054935336113,0.9365323185920715,-5.799332618713379,-74.43780517578125,98.56351470947266,-26.62646484375,166.54351806640625,-3814.0,-5558.0,-2481.0,0,0,0,0,0
131651.196,1.5215975046157837,2.528101921081543,1.4023590087890625,0.08024255186319351,-0.3394012749195099,0.023628579452633858,2.093357563018799,-5.365329265594482,-74.28265380859375,22.03911781311035,-70.23982238769531,-121.09223937988281,-4619.0,-5355.0,-2596.0,0,0,0,0,0
131661.328,1.522576928138733,2.523634195327759,1.402379035949707,0.07603184133768082,-0.33925625681877136,0.007951080799102783,1.365639328956604,-4.732095718383789,-73.8934326171875,-157.4759063720703,-49.21671676635742,56.11921310424805,-1685.0,-5883.0,-2640.0,0,0,0,0,0
131671.01,1.5232412815093994,2.519246816635132,1.4021896123886108,0.07174908369779587,-0.33887919783592224,0.007747753988951445,0.24167697131633759,-4.150875091552734,-74.83087921142578,-106.27140045166016,-66.2480239868164,45.08749771118164,3845.0,-6737.0,-2371.0,0,0,0,0,0
131681.137,1.523882269859314,2.5153071880340576,1.402276635169983,0.07000364363193512,-0.3372666537761688,0.03566782921552658,-0.8529598712921143,-3.5778756141662598,-74.89075469970703,-36.10157012939453,-70.2034912109375,67.10657501220703,6151.0,-7020.0,-3222.0,0,0,0,0,0
131690.827,1.5244117975234985,2.5109362602233887,1.402135968208313,0.06818349659442902,-0.33146312832832336,-0.015041125938296318,-0.7631893754005432,-3.0130085945129395,-74.84551239013672,82.86236572265625,-62.80207824707031,91.15790557861328,3668.0,-6959.0,-3851.0,0,0,0,0,0
131700.955,1.525097370147705,2.5065090656280518,1.4020081758499146,0.06840640306472778,-0.32782867550849915,-0.004862405825406313,0.028406500816345215,-2.478496551513672,-74.12073516845703,90.49931335449219,-72.40338897705078,-116.8632583618164,-1290.0,-6954.0,-3935.0,0,0,0,0,0
131710.637,1.5259124040603638,2.50236439704895,1.4019348621368408,0.0673714205622673,-0.3239921033382416,0.033084236085414886,0.8181719779968262,-1.8870048522949219,-74.44173431396484,-2.0686075687408447,-57.13376998901367,-150.46267700195312,-4278.0,-7149.0,-3461.0,0,0,0,0,0
131720.769,1.5267724990844727,2.4983620643615723,1.4022177457809448,0.06451946496963501,-0.3185322880744934,0.04995068535208702,0.9180323481559753,-1.4425435066223145,-74.61747741699219,116.88996887207031,-35.748878479003906,52.74613952636719,-3500.0,-7077.0,-3517.0,0,0,0,0,0
131730.469,1.5274990797042847,2.494781017303467,1.4025745391845703,0.06247536838054657,-0.31064414978027344,0.03508346527814865,1.9954798221588135,-0.9455184936523438,-74.93751525878906,-42.2491569519043,-66.35279083251953,35.26018524169922,-4410.0,-6769.0,-3649.0,0,0,0,0,0
131740.586,1.528235673904419,2.4909121990203857,1.4028228521347046,0.05664874613285065,-0.3046777844429016,0.020134571939706802,0.9492055177688599,-0.2828487455844879,-74.2269287109375,-116.37532043457031,-47.546730041503906,-41.38758850097656,-445.0,-7367.0,-3825.0,0,0,0,0,0
131750.267,1.5286555290222168,2.48710036277771,1.4027761220932007,0.051567040383815765,-0.2974410653114319,0.016039131209254265,-0.09760734438896179,0.3365709185600281,-75.22552490234375,-119.34954071044922,-53.51375198364258,-20.57330322265625,4519.0,-8345.0,-3707.0,0,0,0,0,0
131760.402,1.5289379358291626,2.483381986618042,1.402945637702942,0.048215534538030624,-0.28802481293678284,0.05395222082734108,-1.1769357919692993,0.8763395547866821,-75.01179504394531,19.749114990234375,-59.09496307373047,74.27009582519531,6440.0,-8626.0,-4504.0,0,0,0,0,0
131770.097,1.5292664766311646,2.4797539710998535,1.4030262231826782,0.04678938165307045,-0.28081244230270386,-0.038952190428972244,-0.7507142424583435,1.4525368213653564,-74.9720687866211,83.41564178466797,-54.606990814208984,137.7503662109375,2994.0,-8582.0,-4720.0,0,0,0,0,0
131780.218,1.529689908027649,2.476661205291748,1.4027575254440308,0.04517741501331329,-0.2679588198661804,-0.0037706356961280107,-0.1396150439977646,1.9744391441345215,-74.2933578491211,105.26223754882812,-60.836082458496094,-66.96389770507812,-1642.0,-8631.0,-4429.0,0,0,0,0,0
131789.902,1.530165672302246,2.4735140800476074,1.402703046798706,0.04255973547697067,-0.25565341114997864,0.020246144384145737,0.6497179865837097,2.542701244354248,-74.71366882324219,-14.671521186828613,-49.556640625,-128.22012329101562,-3967.0,-8744.0,-3851.0,0,0,0,0,0
131800.044,1.5307276248931885,2.4705092906951904,1.4028956890106201,0.03867902606725693,-0.24365516006946564,0.0265921913087368,0.816070556640625,2.938537120819092,-74.67025756835938,125.52056121826172,-27.442155838012695,-1.8681753873825073,-3293.0,-8638.0,-3893.0,0,0,0,0,0
131809.727,1.5311819314956665,2.4676907062530518,1.4030566215515137,0.03577488660812378,-0.23202204704284668,0.014295903965830803,1.9173332452774048,3.3235437870025635,-75.33198547363281,-85.92137145996094,-49.220619201660156,110.92678833007812,-4415.0,-8143.0,-3958.0,0,0,0,0,0
131819.858,1.531440258026123,2.4650537967681885,1.402981162071228,0.028719469904899597,-0.22218023240566254,-0.009270742535591125,0.611636221408844,3.8696327209472656,-74.54102325439453,-106.94507598876953,-50.0135612487793,-80.6632080078125,84.0,-8489.0,-4332.0,0,0,0,0,0
131829.534,1.5314624309539795,2.4625229835510254,1.4027806520462036,0.023203466087579727,-0.21063606441020966,-0.020411930978298187,-0.3465900719165802,4.444085597991943,-75.3202896118164,-127.35968780517578,-47.2389030456543,-36.444297790527344,4879.0,-9543.0,-4292.0,0,0,0,0,0
131839.669,1.53152334690094,2.4602975845336914,1.4027698040008545,0.01929917186498642,-0.1928998976945877,0.022417867556214333,-1.5344700813293457,4.898232460021973,-75.0831069946289,37.5778923034668,-45.22080612182617,50.58507537841797,6557.0,-10040.0,-4833.0,0,0,0,0,0
131849.369,1.5314337015151978,2.458103656768799,1.402561068534851,0.01849941536784172,-0.1861458569765091,-0.05953073501586914,-1.0453505516052246,5.3929829597473145,-75.27455139160156,79.08296966552734,-42.14833068847656,144.9377899169922,2633.0,-10470.0,-5003.0,0,0,0,0,0
131859.492,1.5314662456512451,2.4561550617218018,1.402221441268921,0.015753822401165962,-0.16633376479148865,-0.012427452951669693,-0.4696258008480072,5.838717460632324,-74.76710510253906,105.77101135253906,-45.31571578979492,-19.462724685668945,-1772.0,-10103.0,-4903.0,0,0,0,0,0
131869.167,1.5316380262374878,2.454486608505249,1.4022325277328491,0.012599599547684193,-0.14786028861999512,0.017928387969732285,0.20243100821971893,6.31818962097168,-75.25252532958984,-10.210831642150879,-33.6567268371582,-72.91229248046875,-3714.0,-10257.0,-4614.0,0,0,0,0,0
131879.312,1.531811237335205,2.453077793121338,1.4024103879928589,0.009339999407529831,-0.13330940902233124,0.007142395246773958,0.4978697896003723,6.551205635070801,-74.76666259765625,128.3495330810547,-13.174511909484863,-41.836910247802734,-3323.0,-10073.0,-4820.0,0,0,0,0,0
131889.003,1.5319007635116577,2.4518275260925293,1.402461290359497,0.006073055788874626,-0.1184651106595993,0.0005937278037890792,1.5432772636413574,6.766218185424805,-75.67432403564453,-116.99462890625,-27.011510848999023,151.2643585205078,-4237.0,-9245.0,-4805.0,0,0,0,0,0
131899.132,1.5318526029586792,2.4507551193237305,1.4024056196212769,-0.0006813708459958434,-0.10693836957216263,-0.02299836464226246,0.04262465983629227,7.064145088195801,-74.77813720703125,-104.24604797363281,-38.944271087646484,-128.30084228515625,1099.0,-9485.0,-5082.0,0,0,0,0,0
131908.801,1.5315545797348022,2.449817657470703,1.4022117853164673,-0.005690133664757013,-0.092522032558918,-0.026907673105597496,-0.9898180365562439,7.434850215911865,-75.35050201416016,-119.12083435058594,-27.47916030883789,4.351970672607422,5889.0,-10261.0,-4984.0,0,0,0,0,0
131918.943,1.531132459640503,2.449005365371704,1.4021949768066406,-0.009530059061944485,-0.07020066678524017,0.010294385254383087,-1.9810943603515625,7.803900718688965,-74.83644104003906,42.51534652709961,-40.899139404296875,-87.15167236328125,6493.0,-10664.0,-5095.0,0,0,0,0,0
131928.627,1.5307542085647583,2.4484169483184814,1.4019768238067627,-0.00886630266904831,-0.06418026238679886,-0.07113853842020035,-1.2842353582382202,8.23949146270752,-74.82310485839844,62.53706359863281,-37.899234771728516,89.67649841308594,2127.0,-11362.0,-4755.0,0,0,0,0,0
131938.756,1.5306830406188965,2.448570966720581,1.4019875526428223,-0.009093115106225014,-0.06376476585865021,-0.07107105851173401,-1.2826653718948364,8.247293472290039,-74.82111358642578,99.0291519165039,-26.42914581298828,95.00843811035156,-2248.0,-11917.0,-4274.0,0,0,0,0,0
131948.443,1.5305507183074951,2.448402166366577,1.4016441106796265,-0.012084297835826874,-0.03592214360833168,-0.00783919170498848,-0.4770311117172241,8.677254676818848,-75.0188217163086,-4.893570899963379,-18.80245018005371,20.879716873168945,-3755.0,-12265.0,-4335.0,0,0,0,0,0
131958.569,1.530436396598816,2.448596715927124,1.4017781019210815,-0.015561321750283241,-0.014417803846299648,0.02310706488788128,-0.009958527982234955,9.012619972229004,-75.7358169555664,137.46177673339844,-12.404809951782227,-103.30272674560547,-3540.0,-11851.0,-5096.0,0,0,0,0,0
131968.265,1.5302643775939941,2.4490132331848145,1.4020320177078247,-0.01761646755039692,-0.0001892712461994961,0.00475307134911418,0.7551747560501099,9.11967658996582,-75.49271392822266,-161.48873901367188,-6.870330810546875,190.4669189453125,-4223.0,-10902.0,-5974.0,0,0,0,0,0
131978.391,1.5298622846603394,2.449556350708008,1.402133584022522,-0.02194363996386528,0.013953076675534248,-0.007762126624584198,1.062740683555603,9.237540245056152,-75.90026092529297,-87.43612670898438,-22.407907485961914,-169.82875061035156,1805.0,-10556.0,-6306.0,0,0,0,0,0
131988.07,1.5294673442840576,2.4500019550323486,1.4020074605941772,-0.028331756591796875,0.025877518579363823,-0.02349197492003441,-0.5962754487991333,9.35864543914795,-75.0201644897461,-112.07402801513672,-0.0984887108206749,104.9779052734375,6140.0,-10926.0,-5991.0,0,0,0,0,0
131998.203,1.5288021564483643,2.4508564472198486,1.4018843173980713,-0.03274693712592125,0.0426887646317482,-0.016238324344158173,-1.686463713645935,9.50253677368164,-75.03907775878906,53.7232780456543,-37.08320999145508,-108.01386260986328,6365.0,-11544.0,-5188.0,0,0,0,0,0
132007.896,1.5281946659088135,2.4519739151000977,1.4018789529800415,-0.0344889834523201,0.06078888848423958,-0.0034933846909552813,-2.142609119415283,9.782876014709473,-74.84335327148438,59.112300872802734,-26.310028076171875,25.88141632080078,1461.0,-12836.0,-4389.0,0,0,0,0,0
132018.031,1.5277384519577026,2.453308582305908,1.4016385078430176,-0.033025600016117096,0.06860722601413727,-0.052043549716472626,-1.4958949089050293,10.072732925415039,-74.2994384765625,75.40422058105469,-15.859288215637207,67.7386703491211,-2719.0,-13634.0,-3360.0,0,0,0,0,0
132027.711,1.527435064315796,2.4549200534820557,1.401578426361084,-0.03515119105577469,0.09459361433982849,0.0016606904100626707,-0.6427119970321655,10.355393409729004,-74.63424682617188,34.629417419433594,6.268335342407227,134.5814208984375,-3617.0,-13847.0,-3237.0,0,0,0,0,0
132037.847,1.5270754098892212,2.456376552581787,1.4017666578292847,-0.038055531680583954,0.11371797323226929,0.024957304820418358,-0.20781514048576355,10.538370132446289,-75.5731201171875,103.60911560058594,-0.6339455842971802,-152.99339294433594,-4023.0,-13102.0,-4000.0,0,0,0,0,0
132047.54,1.5267014503479004,2.4584314823150635,1.4020698070526123,-0.038677509874105453,0.12600202858448029,0.0024314606562256813,0.8397089242935181,10.483190536499023,-75.61427307128906,-189.1677703857422,11.650947570800781,54.30959701538086,-3455.0,-11984.0,-5160.0,0,0,0,0,0
132057.653,1.5260876417160034,2.460575819015503,1.4021072387695312,-0.04299895465373993,0.13746069371700287,-0.016179537400603294,0.5090329051017761,10.414569854736328,-75.5383071899414,-86.58204650878906,2.6197597980499268,-158.03187561035156,2843.0,-11499.0,-5496.0,0,0,0,0,0
132067.334,1.5253084897994995,2.4628376960754395,1.4019192457199097,-0.04863894730806351,0.1507735252380371,-0.01942645013332367,-0.8076242804527283,10.385414123535156,-75.32572937011719,-101.7243423461914,19.38009262084961,49.44089126586914,6146.0,-11821.0,-5503.0,0,0,0,0,0
132077.469,1.5246305465698242,2.464864492416382,1.4018925428390503,-0.05191842466592789,0.167474165558815,0.001234606490470469,-2.0094075202941895,10.256312370300293,-74.48113250732422,56.88753128051758,-0.407908171415329,1.1927402019500732,5787.0,-12093.0,-4382.0,0,0,0,0,0
132087.159,1.5238008499145508,2.4674789905548096,1.401746153831482,-0.051971208304166794,0.17443770170211792,-0.03595612198114395,-2.1587486267089844,10.331302642822266,-74.53158569335938,69.7850112915039,-1.9250661134719849,-16.221813201904297,791.0,-13094.0,-3256.0,0,0,0,0,0
132097.287,1.5231544971466064,2.47027325630188,1.4013677835464478,-0.05099005624651909,0.188376784324646,-0.0366075299680233,-1.473893642425537,10.362497329711914,-73.92443084716797,66.79254913330078,0.2063596397638321,-28.244617462158203,-3232.0,-13624.0,-2142.0,0,0,0,0,0
132106.967,1.5226976871490479,2.4732911586761475,1.4012525081634521,-0.05172811448574066,0.2079315483570099,-0.0030212029814720154,-0.5385774374008179,10.360058784484863,-74.19938659667969,47.989288330078125,32.876609802246094,149.59878540039062,-3769.0,-13626.0,-1999.0,0,0,0,0,0
132117.108,1.5221970081329346,2.4765212535858154,1.4013842344284058,-0.05414081737399101,0.22518883645534515,0.022673439234495163,-0.10134803503751755,10.314925193786621,-75.20093536376953,89.00362396240234,21.883798599243164,-210.27780151367188,-4300.0,-12850.0,-2756.0,0,0,0,0,0
132126.794,1.5216426849365234,2.4799282550811768,1.4016269445419312,-0.0540938638150692,0.234254390001297,0.0015169949037954211,1.0641114711761475,10.046844482421875,-75.40229797363281,-189.2981414794922,52.04589080810547,20.11268424987793,-3148.0,-11712.0,-4141.0,0,0,0,0,0
132136.919,1.5208666324615479,2.4833426475524902,1.4015250205993652,-0.058225926011800766,0.2423435002565384,-0.014992954209446907,0.5102837681770325,9.676102638244629,-75.35676574707031,-86.29358673095703,42.39947509765625,-86.42558288574219,3053.0,-10792.0,-4903.0,0,0,0,0,0
132146.608,1.5201126337051392,2.4863357543945312,1.4013434648513794,-0.06220522150397301,0.25020909309387207,-0.018173005431890488,-0.5493218898773193,9.341850280761719,-75.73463439941406,-96.5772933959961,47.744651794433594,105.24839782714844,6005.0,-10705.0,-5730.0,0,0,0,0,0
132156.736,1.5191701650619507,2.4899168014526367,1.401292085647583,-0.06506158411502838,0.2632996439933777,0.004883135203272104,-1.7919942140579224,8.886831283569336,-74.74330139160156,63.00886154174805,32.938053131103516,17.196855545043945,5486.0,-10713.0,-5032.0,0,0,0,0,0
132166.431,1.5183113813400269,2.4936184883117676,1.4011896848678589,-0.06412951648235321,0.2683890163898468,-0.018305787816643715,-1.9708023071289062,8.681135177612305,-74.53589630126953,80.66716003417969,25.71005630493164,-58.59305191040039,442.0,-11550.0,-3913.0,0,0,0,0,0
132176.553,1.517634630203247,2.497457981109619,1.4008580446243286,-0.061467088758945465,0.2750948369503021,-0.03252604231238365,-1.2179436683654785,8.368106842041016,-73.90567016601562,65.92797088623047,28.962562561035156,-47.41826629638672,-3599.0,-11772.0,-2709.0,0,0,0,0,0
132186.234,1.5170583724975586,2.5008628368377686,1.400657296180725,-0.06122950091958046,0.2864312529563904,0.00504721887409687,-0.27752378582954407,8.040523529052734,-74.15023040771484,51.61848068237305,57.40642166137695,159.72930908203125,-4036.0,-11694.0,-2312.0,0,0,0,0,0
132196.369,1.5165334939956665,2.504901885986328,1.400748610496521,-0.06214653328061104,0.2960480749607086,0.029747962951660156,0.12459678202867508,7.7016072273254395,-74.85901641845703,71.43397521972656,43.438758850097656,-187.56063842773438,-4375.0,-11031.0,-2523.0,0,0,0,0,0
132206.06,1.5159655809402466,2.509021043777466,1.4008750915527344,-0.061018336564302444,0.2994382381439209,0.008518185466527939,1.2166788578033447,7.211601257324219,-74.98043823242188,-186.1122283935547,81.07994842529297,12.355986595153809,-2768.0,-10127.0,-3381.0,0,0,0,0,0
132216.193,1.5151828527450562,2.5131001472473145,1.4007527828216553,-0.06396006047725677,0.30156442523002625,-0.007960307411849499,0.589709997177124,6.60418701171875,-75.00941467285156,-91.18590545654297,74.01517486572266,-71.3207015991211,3244.0,-9018.0,-4024.0,0,0,0,0,0
132225.867,1.5142524242401123,2.5171754360198975,1.4004836082458496,-0.06689458340406418,0.30425363779067993,-0.009704460389912128,-0.39622485637664795,5.996115684509277,-75.757568359375,-85.47042083740234,51.96501159667969,95.09013366699219,6054.0,-8429.0,-5164.0,0,0,0,0,0
132236.002,1.5134260654449463,2.520754337310791,1.4004071950912476,-0.06754463165998459,0.30712518095970154,0.01095401681959629,-1.600192904472351,5.270467758178711,-74.7058334350586,60.662841796875,50.236663818359375,51.07029724121094,5401.0,-8655.0,-4724.0,0,0,0,0,0
132245.694,1.5124976634979248,2.52506160736084,1.4002840518951416,-0.0650133490562439,0.3044472336769104,-0.025207839906215668,-1.6974401473999023,4.880303382873535,-74.46015167236328,88.81523132324219,40.56075668334961,-68.47771453857422,360.0,-9506.0,-3757.0,0,0,0,0,0
132255.819,1.5117437839508057,2.529528856277466,1.399871826171875,-0.06092756241559982,0.3066164553165436,-0.010040395893156528,-0.7320672273635864,4.302048683166504,-74.2840805053711,64.23450469970703,46.7010383605957,-88.43293762207031,-3931.0,-9383.0,-2988.0,0,0,0,0,0
132265.501,1.511272668838501,2.53366756439209,1.3996617794036865,-0.05831896886229515,0.3077569901943207,0.011349384672939777,0.13809411227703094,3.7841405868530273,-74.35472106933594,52.900272369384766,69.27145385742188,156.48196411132812,-4173.0,-9304.0,-2705.0,0,0,0,0,0
132275.639,1.5107898712158203,2.5377869606018066,1.3996353149414062,-0.057748932391405106,0.30775314569473267,0.04073250666260719,0.449992835521698,3.2070767879486084,-74.12642669677734,73.24343872070312,51.089698791503906,-172.94288635253906,-4560.0,-8559.0,-2148.0,0,0,0,0,0
132285.326,1.5102698802947998,2.5413646697998047,1.3998929262161255,-0.055616337805986404,0.3031611144542694,0.019880646839737892,1.6123242378234863,2.6202476024627686,-74.79572296142578,-183.2515106201172,93.26809692382812,11.08316421508789,-2929.0,-7888.0,-2486.0,0,0,0,0,0
132295.456,1.5096153020858765,2.5453410148620605,1.3997342586517334,-0.05799705535173416,0.29876452684402466,0.010897035710513592,0.5035685896873474,1.794881820678711,-74.4448471069336,-80.72276306152344,88.1291275024414,-94.06565856933594,3066.0,-6405.0,-2801.0,0,0,0,0,0
132305.134,1.5087991952896118,2.5492048263549805,1.399431824684143,-0.058672912418842316,0.29348990321159363,0.002324576722458005,-0.2635243833065033,1.0360506772994995,-75.4395523071289,-86.15364837646484,64.76449584960938,144.5240478515625,5888.0,-5341.0,-3946.0,0,0,0,0,0
132315.274,1.507891058921814,2.5532798767089844,1.3993020057678223,-0.05671912059187889,0.2870437204837799,0.04136556014418602,-1.4144189357757568,0.23038162291049957,-74.33586883544922,51.662776947021484,63.118404388427734,19.24245834350586,5296.0,-6213.0,-3783.0,0,0,0,0,0
132324.96,1.5071183443069458,2.5572612285614014,1.3988521099090576,-0.05361607298254967,0.2794249951839447,-0.05364862084388733,-1.1001044511795044,-0.30677515268325806,-74.03267669677734,89.06787109375,54.527400970458984,-80.80402374267578,331.0,-6703.0,-2887.0,0,0,0,0,0
132335.086,1.5065159797668457,2.5607504844665527,1.3983625173568726,-0.048079680651426315,0.2696141302585602,-0.012208083644509315,-0.06199637055397034,-0.9983099102973938,-74.28963470458984,73.11932373046875,61.149871826171875,25.901264190673828,-3927.0,-6931.0,-2349.0,0,0,0,0,0
132344.767,1.5061753988265991,2.564213752746582,1.3978357315063477,-0.04436402767896652,0.2609409987926483,-0.008652734570205212,0.6902385950088501,-1.5914603471755981,-74.40225219726562,25.146635055541992,61.212371826171875,129.81129455566406,-4388.0,-7089.0,-2246.0,0,0,0,0,0
132354.908,1.5059057474136353,2.567540168762207,1.3974025249481201,-0.04188936576247215,0.25031691789627075,0.013622348196804523,1.0913035869598389,-2.198878049850464,-73.65354919433594,104.65045166015625,47.3520393371582,-152.94021606445312,-4609.0,-5990.0,-1739.0,0,0,0,0,0
132364.597,1.5056291818618774,2.570709705352783,1.3971669673919678,-0.03903239965438843,0.24100813269615173,-0.009238549508154392,2.1386446952819824,-2.764280319213867,-74.46673583984375,-187.16001892089844,87.49613952636719,39.65935516357422,-3814.0,-5604.0,-1734.0,0,0,0,0,0
132374.724,1.5051518678665161,2.573702573776245,1.396513819694519,-0.040676530450582504,0.23005981743335724,-0.025214843451976776,0.9254166483879089,-3.606022596359253,-74.06314849853516,-68.73915100097656,82.66898345947266,-206.12481689453125,2480.0,-4258.0,-1971.0,0,0,0,0,0
132384.403,1.5045788288116455,2.576479196548462,1.3956854343414307,-0.040419358760118484,0.21835237741470337,-0.03996925801038742,0.007421659771353006,-4.367224216461182,-74.9837646484375,-113.8428726196289,72.1926498413086,188.2716827392578,5759.0,-3228.0,-2738.0,0,0,0,0,0
132394.539,1.5040820837020874,2.578801393508911,1.395279884338379,-0.03567313402891159,0.20029421150684357,0.010933219455182552,-1.0204055309295654,-5.0359368324279785,-73.91862487792969,44.611576080322266,45.400569915771484,-55.14040756225586,5811.0,-3867.0,-2798.0,0,0,0,0,0
132404.229,1.5035556554794312,2.581233263015747,1.394569993019104,-0.032732490450143814,0.1921374797821045,-0.053425733000040054,-0.756350576877594,-5.3961968421936035,-73.64840698242188,76.57855987548828,56.56510925292969,-77.99832153320312,991.0,-4981.0,-1966.0,0,0,0,0,0
132414.355,1.503257393836975,2.5835673809051514,1.3936126232147217,-0.026124563068151474,0.17619772255420685,-0.02878747135400772,0.09621227532625198,-5.962059020996094,-73.63945007324219,86.96216583251953,56.541297912597656,98.46914672851562,-3492.0,-5112.0,-1311.0,0,0,0,0,0
132424.043,1.5032060146331787,2.5856902599334717,1.3929791450500488,-0.020535938441753387,0.15950611233711243,-0.008933396078646183,1.001261830329895,-6.465167999267578,-73.47189331054688,9.477700233459473,45.279537200927734,136.09814453125,-4525.0,-4772.0,-810.0,0,0,0,0,0
132434.179,1.503125548362732,2.587388753890991,1.3927456140518188,-0.016987675800919533,0.1410173922777176,0.012326438911259174,1.3130838871002197,-6.909867286682129,-73.10706329345703,127.813232421875,24.776472091674805,-139.41232299804688,-4460.0,-4737.0,-21.0,0,0,0,0,0
132443.86,1.5031681060791016,2.5890698432922363,1.3922691345214844,-0.013335645198822021,0.12795953452587128,-0.00934668444097042,2.4226248264312744,-7.269151210784912,-73.94428253173828,-180.9579315185547,61.861549377441406,46.66270446777344,-4304.0,-4846.0,-122.0,0,0,0,0,0
132454.0,1.5030351877212524,2.5905191898345947,1.391478180885315,-0.014291209168732166,0.11373447626829147,-0.02860800363123417,1.2944848537445068,-7.890880584716797,-73.81689453125,-74.59445190429688,52.073890686035156,-256.4051818847656,2208.0,-3683.0,-639.0,0,0,0,0,0
132463.667,1.5027490854263306,2.591730833053589,1.390519618988037,-0.013875244185328484,0.09824430197477341,-0.040723513811826706,0.18548192083835602,-8.410550117492676,-74.89055633544922,-120.43453216552734,49.19454574584961,130.48976135253906,5929.0,-2755.0,-1927.0,0,0,0,0,0
132473.806,1.502457857131958,2.5926785469055176,1.3897184133529663,-0.008315162733197212,0.07437403500080109,0.004900358151644468,-0.8822867274284363,-8.884218215942383,-74.20166015625,43.729522705078125,33.37266159057617,-44.204715728759766,6200.0,-3132.0,-2745.0,0,0,0,0,0
132483.503,1.5022740364074707,2.5934722423553467,1.3887218236923218,-0.006552395410835743,0.06960340589284897,-0.07496855407953262,-0.5713455080986023,-9.144514083862305,-73.77568054199219,65.48663330078125,40.07270431518555,-44.92000198364258,1281.0,-3674.0,-2510.0,0,0,0,0,0
132493.628,1.5022810697555542,2.5940539836883545,1.3879204988479614,0.0017443217802792788,0.04548550024628639,-0.027602940797805786,0.2062164694070816,-9.546064376831055,-73.66948699951172,75.7724609375,36.83544158935547,71.93729400634766,-3094.0,-3649.0,-1952.0,0,0,0,0,0
132503.3,1.5025148391723633,2.5944061279296875,1.387063980102539,0.007964208722114563,0.024644356220960617,-0.006298982538282871,1.0225929021835327,-9.858785629272461,-73.43762969970703,12.541730880737305,34.81541061401367,119.59335327148438,-4013.0,-3406.0,-1369.0,0,0,0,0,0
132513.436,1.5028297901153564,2.5945029258728027,1.3863774538040161,0.012360193766653538,0.004403033759444952,0.008264579810202122,1.3408082723617554,-10.185930252075195,-73.01335906982422,122.05420684814453,-0.5170653462409973,-143.69117736816406,-4246.0,-3203.0,-397.0,0,0,0,0,0
132523.127,1.503144383430481,2.5943360328674316,1.3858076333999634,0.01588592678308487,-0.01035571563988924,-0.00923736859112978,2.388932228088379,-10.340563774108887,-73.72659301757812,-195.3630828857422,26.814531326293945,90.91812896728516,-3959.0,-3653.0,-107.0,0,0,0,0,0
132533.252,1.5033214092254639,2.5940496921539307,1.385280966758728,0.015344965271651745,-0.025995610281825066,-0.022603744640946388,1.218429446220398,-10.625395774841309,-73.03853607177734,-77.86972045898438,12.235326766967773,-288.9595642089844,2580.0,-3299.0,181.0,0,0,0,0,0
132542.933,1.50336754322052,2.593465566635132,1.384278655052185,0.016302037984132767,-0.04262617230415344,-0.0306599959731102,0.06210731342434883,-10.83751392364502,-74.55327606201172,-105.9867172241211,0.21433639526367188,-12.394452095031738,5933.0,-3040.0,-570.0,0,0,0,0,0
132553.084,1.5034226179122925,2.592595338821411,1.383481740951538,0.02303684689104557,-0.06960822641849518,0.02089184708893299,-0.9151961207389832,-10.932755470275879,-74.40629577636719,58.714786529541016,24.852985382080078,-55.833255767822266,5540.0,-3637.0,-1845.0,0,0,0,0,0
132562.76,1.5036146640777588,2.591557502746582,1.3824450969696045,0.023430349305272102,-0.06919834762811661,-0.06957351416349411,-0.5377777218818665,-11.0830078125,-74.44412994384766,70.79573059082031,14.410172462463379,7.552908420562744,500.0,-3300.0,-2766.0,0,0,0,0,0
132572.894,1.5040240287780762,2.5903940200805664,1.381211280822754,0.03164069354534149,-0.09423699975013733,-0.023020941764116287,0.25288835167884827,-11.277047157287598,-74.51074981689453,45.0087890625,8.630905151367188,28.344715118408203,-3502.0,-2866.0,-3381.0,0,0,0,0,0
132582.566,1.5045292377471924,2.589027166366577,1.3807610273361206,0.03764578327536583,-0.1175915077328682,0.008454179391264915,0.8954953551292419,-11.376119613647461,-74.3027572631836,63.116905212402344,21.028156280517578,166.3679962158203,-3445.0,-2650.0,-3556.0,0,0,0,0,0
132592.704,1.5051801204681396,2.5873448848724365,1.3800934553146362,0.04134362190961838,-0.13300275802612305,0.0048292591236531734,1.670570731163025,-11.514678955078125,-73.64677429199219,75.97515869140625,-7.622061729431152,-121.0129623413086,-4592.0,-2511.0,-2971.0,0,0,0,0,0
132602.394,1.5058163404464722,2.58549165725708,1.3793317079544067,0.043052785098552704,-0.1454973816871643,-0.014788202941417694,2.1148335933685303,-11.527585983276367,-74.43770599365234,-199.54981994628906,2.4046807289123535,100.8829345703125,-2574.0,-2740.0,-2548.0,0,0,0,0,0
132612.519,1.5062474012374878,2.5833966732025146,1.3783055543899536,0.04160209745168686,-0.15912118554115295,-0.030584018677473068,0.6919922232627869,-11.594551086425781,-73.54603576660156,-108.3886489868164,-14.28215503692627,-76.69265747070312,3840.0,-2696.0,-2201.0,0,0,0,0,0
132622.2,1.5065875053405762,2.581080913543701,1.3771977424621582,0.04315202310681343,-0.17467498779296875,-0.032287683337926865,-0.4644085466861725,-11.54906177520752,-74.39442443847656,-74.24906921386719,-45.30595016479492,-11.867006301879883,6591.0,-2876.0,-2112.0,0,0,0,0,0
132632.338,1.5069780349731445,2.578526496887207,1.3762916326522827,0.0495222806930542,-0.1963842511177063,0.003539215074852109,-1.096294641494751,-11.328324317932129,-74.34088134765625,73.75060272216797,-10.103418350219727,112.82440185546875,4731.0,-3820.0,-2505.0,0,0,0,0,0
132642.026,1.5075643062591553,2.5759661197662354,1.3755351305007935,0.051922451704740524,-0.1970963180065155,-0.06288253515958786,-0.3196865916252136,-11.229954719543457,-74.28126525878906,91.87733459472656,-22.83376693725586,-19.001670837402344,-784.0,-3857.0,-2706.0,0,0,0,0,0
132652.156,1.508360505104065,2.572953224182129,1.3744175434112549,0.05945844575762749,-0.2218581587076187,-0.006615402176976204,0.6890466213226318,-11.010223388671875,-74.26287841796875,14.041716575622559,-17.742069244384766,-76.68018341064453,-4292.0,-3733.0,-2817.0,0,0,0,0,0
132661.833,1.5092694759368896,2.569993734359741,1.3737576007843018,0.06333331018686295,-0.2404383420944214,0.025486834347248077,0.7814544439315796,-10.86165714263916,-74.52925872802734,125.70889282226562,-9.631814956665039,101.00289916992188,-3527.0,-3523.0,-2896.0,0,0,0,0,0
132671.981,1.5102009773254395,2.5668280124664307,1.3732123374938965,0.06603885442018509,-0.24886107444763184,0.007019513286650181,1.9471986293792725,-10.652771949768066,-74.66426086425781,-7.509418964385986,-27.13047218322754,-46.27740478515625,-4635.0,-3511.0,-3217.0,0,0,0,0,0
132681.659,1.5109741687774658,2.563873529434204,1.3728150129318237,0.06462406367063522,-0.25692322850227356,-0.009722774848341942,1.3323707580566406,-10.37099838256836,-74.37682342529297,-146.30340576171875,-12.487757682800293,60.079002380371094,-695.0,-3988.0,-3524.0,0,0,0,0,0
132691.792,1.5116602182388306,2.5603818893432617,1.3719476461410522,0.06394194066524506,-0.2687940001487732,-0.007099843118339777,-0.04670310392975807,-10.106666564941406,-74.86981201171875,-105.73727416992188,-26.72764015197754,58.428192138671875,4884.0,-4159.0,-3599.0,0,0,0,0,0
132701.48,1.5122798681259155,2.5566723346710205,1.37138831615448,0.06840167939662933,-0.2870917022228241,0.04344995319843292,-0.9653621315956116,-9.786837577819824,-74.58861541748047,-11.247978210449219,-64.10121154785156,-55.01336669921875,6461.0,-4438.0,-4002.0,0,0,0,0,0
132711.602,1.5130202770233154,2.552549123764038,1.3707627058029175,0.0683513879776001,-0.2857606112957001,-0.02732720784842968,-0.7747452855110168,-9.247652053833008,-74.56686401367188,89.34307861328125,-54.159095764160156,49.693206787109375,2885.0,-5185.0,-4038.0,0,0,0,0,0
132721.293,1.5139509439468384,2.548368453979492,1.3699653148651123,0.0744776651263237,-0.30126097798347473,0.023861050605773926,0.23465348780155182,-8.71908950805664,-74.40543365478516,101.96089172363281,-64.13204956054688,22.843719482421875,-2173.0,-5449.0,-3794.0,0,0,0,0,0
132731.428,1.5148470401763916,2.544840097427368,1.3699954748153687,0.07709546387195587,-0.311862051486969,0.06068762019276619,0.8329182863235474,-8.195849418640137,-74.52129364013672,-18.138906478881836,-48.061161041259766,-82.96908569335938,-4280.0,-5896.0,-3515.0,0,0,0,0,0
132741.103,1.5159486532211304,2.5408287048339844,1.3699010610580444,0.07792925089597702,-0.318113774061203,0.06583540141582489,1.2891051769256592,-7.835951805114746,-74.19597625732422,141.32846069335938,-62.97867965698242,-121.82086181640625,-3774.0,-5628.0,-3406.0,0,0,0,0,0
132751.239,1.517034649848938,2.5366806983947754,1.3698481321334839,0.07801774889230728,-0.3210145831108093,0.04623221978545189,1.9982318878173828,-7.285104751586914,-75.20086669921875,-152.0521240234375,-55.50352478027344,208.29217529296875,-4351.0,-5539.0,-3347.0,0,0,0,0,0
132760.928,1.5179417133331299,2.5324645042419434,1.3694782257080078,0.07406682521104813,-0.3252337574958801,0.03819157928228378,0.554210901260376,-6.808284282684326,-73.97614288330078,-81.35327911376953,-73.12175750732422,-230.5042724609375,1647.0,-5883.0,-3586.0,0,0,0,0,0
132771.055,1.518653392791748,2.528162717819214,1.369088053703308,0.07260236144065857,-0.32892245054244995,0.039708156138658524,-0.4936543107032776,-6.246175289154053,-74.82002258300781,-84.93254852294922,-47.599143981933594,64.49269104003906,5716.0,-6133.0,-3263.0,0,0,0,0,0
132780.738,1.5193068981170654,2.5238587856292725,1.3688743114471436,0.07419571280479431,-0.3340195417404175,0.07492990791797638,-1.0632507801055908,-5.6195969581604,-74.66195678710938,47.148902893066406,-50.33186340332031,-8.662124633789062,5531.0,-6595.0,-3547.0,0,0,0,0,0
132790.875,1.520055890083313,2.5200135707855225,1.3688889741897583,0.07405479997396469,-0.32718557119369507,0.007222681771963835,-0.3862799108028412,-5.034671783447266,-74.09564971923828,81.81474304199219,-59.18242645263672,-21.856685638427734,986.0,-7090.0,-3444.0,0,0,0,0,0
132800.562,1.5209612846374512,2.515794515609741,1.368490219116211,0.07587690651416779,-0.3306136727333069,0.06190832331776619,0.5132660269737244,-4.388474941253662,-74.39562225341797,61.55598449707031,-59.57537841796875,34.7733039855957,-3535.0,-7341.0,-2882.0,0,0,0,0,0
132810.687,1.5220296382904053,2.511549711227417,1.3686535358428955,0.07539104670286179,-0.33143237233161926,0.09449352324008942,0.6985097527503967,-3.8119795322418213,-74.96631622314453,37.69293212890625,-43.48493576049805,100.2447509765625,-3747.0,-7566.0,-2973.0,0,0,0,0,0
132820.367,1.5230499505996704,2.507328987121582,1.368770718574524,0.0746738463640213,-0.32730063796043396,0.0715981125831604,1.6521927118301392,-3.3927414417266846,-74.66691589355469,97.4180679321289,-78.99836730957031,-154.19024658203125,-4074.0,-6981.0,-3445.0,0,0,0,0,0
132830.508,1.5239537954330444,2.5035789012908936,1.369186520576477,0.07130936533212662,-0.3228767514228821,0.05398329347372055,1.572290301322937,-2.735714912414551,-74.90798950195312,-204.59197998046875,-69.69041442871094,101.62188720703125,-3104.0,-6917.0,-3842.0,0,0,0,0,0
132840.192,1.5247290134429932,2.4994709491729736,1.3689427375793457,0.06610966473817825,-0.31956395506858826,0.05151896923780441,0.08207342028617859,-2.16056227684021,-74.78717041015625,-95.87601470947266,-85.72461700439453,-62.87616729736328,3160.0,-7567.0,-3988.0,0,0,0,0,0
132850.319,1.5253007411956787,2.495379686355591,1.3687528371810913,0.06333980709314346,-0.31506675481796265,0.059008583426475525,-0.9493757486343384,-1.5005266666412354,-75.0381088256836,-101.21783447265625,-63.244171142578125,83.01042175292969,6305.0,-8102.0,-4299.0,0,0,0,0,0
132860.0,1.5258269309997559,2.4913384914398193,1.3685723543167114,0.06204758584499359,-0.3086583614349365,0.04800783842802048,-1.2727032899856567,-0.9173241257667542,-74.76811981201172,58.983463287353516,-60.60111999511719,-4.596243381500244,4961.0,-8412.0,-4470.0,0,0,0,0,0
132870.137,1.5264155864715576,2.4872119426727295,1.3684574365615845,0.06197752803564072,-0.30164316296577454,0.020045563578605652,-0.5528028011322021,-0.32075101137161255,-74.27395629882812,66.64254760742188,-61.2276725769043,-70.83988952636719,-31.0,-8548.0,-4192.0,0,0,0,0,0
132879.826,1.5272237062454224,2.483569622039795,1.3681738376617432,0.061454299837350845,-0.2928926646709442,0.06426289677619934,0.3239203989505768,0.3355706036090851,-74.69512939453125,33.29786682128906,-70.22872924804688,-59.94275665283203,-3748.0,-8906.0,-3641.0,0,0,0,0,0
132889.952,1.5280961990356445,2.4800591468811035,1.3682377338409424,0.058963559567928314,-0.28353968262672424,0.08756989985704422,0.4950040578842163,0.9231701493263245,-75.25418853759766,78.20121002197266,-32.80549621582031,179.90020751953125,-3535.0,-9184.0,-3800.0,0,0,0,0,0
132899.646,1.5288022756576538,2.4769136905670166,1.3687077760696411,0.05711380019783974,-0.27314475178718567,0.06406453996896744,1.5112487077713013,1.3427739143371582,-75.0198745727539,48.619693756103516,-66.12955474853516,-175.70188903808594,-4248.0,-8681.0,-4280.0,0,0,0,0,0
132909.781,1.529582142829895,2.473574638366699,1.3687816858291626,0.05247270688414574,-0.2643444538116455,0.04647532477974892,1.09681236743927,1.938626766204834,-75.06182861328125,-170.22824096679688,-53.41794204711914,48.575843811035156,-1952.0,-8571.0,-4719.0,0,0,0,0,0
132919.469,1.5300813913345337,2.4703211784362793,1.3686448335647583,0.04672340303659439,-0.25437602400779724,0.0445711724460125,-0.1755531281232834,2.4957048892974854,-75.56227111816406,-111.26788330078125,-67.46539306640625,33.114906311035156,3783.0,-9192.0,-4973.0,0,0,0,0,0
132929.585,1.5303956270217896,2.4672558307647705,1.3685510158538818,0.042750488966703415,-0.2419760376214981,0.06283939629793167,-1.2529677152633667,3.047574996948242,-75.23464965820312,-52.16593551635742,-72.91414642333984,54.53549575805664,6349.0,-9693.0,-5611.0,0,0,0,0,0
132939.266,1.530759572982788,2.4645726680755615,1.3686805963516235,0.04121030122041702,-0.232113778591156,0.015143216587603092,-1.289878010749817,3.6802773475646973,-75.18286895751953,77.44837951660156,-63.67422866821289,125.9873046875,4103.0,-10117.0,-5576.0,0,0,0,0,0
132949.41,1.5311299562454224,2.461836576461792,1.3682175874710083,0.040189843624830246,-0.21883457899093628,0.011969278566539288,-0.5991391539573669,4.277816295623779,-74.36029815673828,91.24422454833984,-68.59430694580078,-150.8575897216797,-861.0,-10702.0,-5096.0,0,0,0,0,0
132959.103,1.5316531658172607,2.4593355655670166,1.3679413795471191,0.03762553259730339,-0.20222197473049164,0.04376348853111267,0.29510676860809326,4.880612373352051,-74.5248794555664,6.835449695587158,-65.19685363769531,-201.51393127441406,-4048.0,-11103.0,-4160.0,0,0,0,0,0
132969.218,1.5322484970092773,2.4570674896240234,1.3680176734924316,0.0335480161011219,-0.18629281222820282,0.06188097223639488,0.4962592124938965,5.378507137298584,-74.8839111328125,112.07036590576172,-21.742412567138672,78.1396713256836,-3410.0,-11153.0,-3848.0,0,0,0,0,0
132978.9,1.5327816009521484,2.4550251960754395,1.3680671453475952,0.0316777303814888,-0.17325222492218018,0.03748476877808571,1.736437439918518,5.7110700607299805,-75.41536712646484,-9.684825897216797,-45.95114517211914,-80.48542022705078,-4522.0,-10448.0,-3956.0,0,0,0,0,0
132989.042,1.5331450700759888,2.453212022781372,1.368169903755188,0.025214271619915962,-0.16087107360363007,0.018814699724316597,0.8403189182281494,6.153066635131836,-75.0639419555664,-137.43038940429688,-23.883464813232422,39.62772750854492,-1134.0,-10070.0,-4582.0,0,0,0,0,0
132998.726,1.5333116054534912,2.451432228088379,1.3678841590881348,0.01916389912366867,-0.1465868055820465,0.0147336320951581,-0.2378062605857849,6.560635566711426,-75.7898941040039,-121.65371704101562,-42.03961181640625,106.70336151123047,4354.0,-10443.0,-4871.0,0,0,0,0,0
133008.851,1.533320426940918,2.4498300552368164,1.3678267002105713,0.014019964262843132,-0.1254993975162506,0.06121797859668732,-1.4469269514083862,6.929738998413086,-75.046875,-2.673924207687378,-53.3113899230957,72.494384765625,6487.0,-10795.0,-5456.0,0,0,0,0,0
133018.533,1.5332971811294556,2.4484424591064453,1.3677327632904053,0.013371942564845085,-0.11864595115184784,-0.00917736254632473,-1.1179319620132446,7.446723461151123,-75.14584350585938,88.55332946777344,-52.805511474609375,127.03653717041016,3323.0,-11335.0,-5184.0,0,0,0,0,0
133028.677,1.5334020853042603,2.447340250015259,1.3674381971359253,0.010313971899449825,-0.09591711312532425,0.03468357026576996,-0.45925164222717285,7.950761318206787,-74.59839630126953,100.92742919921875,-57.0432014465332,-93.61280822753906,-1628.0,-12299.0,-4805.0,0,0,0,0,0
133038.359,1.5336534976959229,2.446566343307495,1.367567777633667,0.0065119946375489235,-0.0741862803697586,0.0684717446565628,0.30819979310035706,8.491527557373047,-74.79007720947266,-13.384790420532227,-45.83567428588867,-112.0129165649414,-3936.0,-13023.0,-4225.0,0,0,0,0,0
133048.492,1.533795714378357,2.4459590911865234,1.368117094039917,0.0020591875072568655,-0.0570124015212059,0.07050871849060059,0.5571208000183105,8.833616256713867,-74.75640869140625,135.3243408203125,-18.45295524597168,-76.5709228515625,-3380.0,-13058.0,-4020.0,0,0,0,0,0
133058.175,1.5339508056640625,2.445629358291626,1.3683942556381226,-0.0003922467294614762,-0.04237918183207512,0.05139978229999542,1.8036723136901855,9.067541122436523,-75.92003631591797,-92.00767517089844,-17.99661636352539,131.12242126464844,-4495.0,-12263.0,-4219.0,0,0,0,0,0
133068.302,1.5339442491531372,2.4454593658447266,1.3685698509216309,-0.0075583322905004025,-0.029058443382382393,0.03264399617910385,0.34909355640411377,9.285089492797852,-75.23501586914062,-106.09363555908203,-25.172607421875,-39.59475326538086,611.0,-11883.0,-5092.0,0,0,0,0,0
133077.998,1.5336717367172241,2.4454495906829834,1.3684982061386108,-0.013252160511910915,-0.012970407493412495,0.028490768745541573,-0.6850536465644836,9.51011848449707,-75.72116088867188,-109.21158599853516,-13.46325969696045,97.0273208618164,5486.0,-11636.0,-5443.0,0,0,0,0,0
133088.118,1.5334068536758423,2.4455456733703613,1.3688424825668335,-0.01770511455833912,0.010852795094251633,0.07032816857099533,-1.7070462703704834,9.730868339538574,-74.9083023071289,45.71514129638672,-44.79927444458008,-57.8157844543457,6283.0,-12006.0,-5699.0,0,0,0,0,0
133097.809,1.5330344438552856,2.44594669342041,1.3687026500701904,-0.016368692740797997,0.011111765168607235,-0.02532028779387474,-1.1709206104278564,10.169315338134766,-74.70401763916016,60.48908233642578,-37.9234733581543,62.61591720581055,2041.0,-13142.0,-5061.0,0,0,0,0,0
133107.945,1.532827377319336,2.4465341567993164,1.3684240579605103,-0.020564483478665352,0.039862263947725296,0.037065181881189346,-0.5757079124450684,10.581812858581543,-74.60427856445312,91.55667114257812,-26.02008628845215,114.82212829589844,-2261.0,-14816.0,-4155.0,0,0,0,0,0
133117.629,1.53273606300354,2.4475297927856445,1.3686068058013916,-0.024318315088748932,0.06326078623533249,0.06767227500677109,0.07329326868057251,10.976022720336914,-75.01119232177734,2.1792945861816406,-19.45938491821289,49.57753372192383,-3264.0,-15086.0,-3679.0,0,0,0,0,0
133127.752,1.532617211341858,2.4487788677215576,1.3688656091690063,-0.026928365230560303,0.07812265306711197,0.05126338452100754,0.4147520363330841,11.12641716003418,-74.68863677978516,131.89930725097656,-6.708130836486816,-158.6678009033203,-3429.0,-14670.0,-3688.0,0,0,0,0,0
133137.436,1.5324342250823975,2.450248956680298,1.3691542148590088,-0.029913170263171196,0.09437335282564163,0.04338637366890907,1.5257242918014526,11.198301315307617,-75.9722671508789,-160.389892578125,5.6672258377075195,104.7007827758789,-3960.0,-13565.0,-4254.0,0,0,0,0,0
133147.571,1.5320675373077393,2.451554536819458,1.3693426847457886,-0.03667203336954117,0.10654279589653015,0.026026898995041847,-0.05125386640429497,11.162687301635742,-75.24526977539062,-85.87818908691406,2.6559901237487793,-200.79978942871094,1921.0,-12729.0,-5241.0,0,0,0,0,0
133157.276,1.5314844846725464,2.4532947540283203,1.3692630529403687,-0.041306134313344955,0.12188787758350372,0.020652614533901215,-1.0368317365646362,11.177504539489746,-75.52006530761719,-116.43163299560547,13.223525047302246,128.95919799804688,6143.0,-12506.0,-5561.0,0,0,0,0,0
133167.387,1.5308042764663696,2.4552433490753174,1.3693541288375854,-0.04507358744740486,0.14439688622951508,0.052112650126218796,-2.0193474292755127,11.18645191192627,-74.3938980102539,53.81536865234375,-26.729015350341797,-85.70079040527344,6228.0,-12971.0,-5071.0,0,0,0,0,0
133177.07,1.5302257537841797,2.4573609828948975,1.3691697120666504,-0.04214196652173996,0.14095626771450043,-0.0469212606549263,-1.409697413444519,11.34122085571289,-74.10565948486328,54.93006134033203,-13.515286445617676,28.320146560668945,1434.0,-13841.0,-3701.0,0,0,0,0,0
133187.201,1.5297667980194092,2.4593052864074707,1.3688485622406006,-0.04548250883817673,0.1676236242055893,0.012380159460008144,-0.6225178837776184,11.497967720031738,-74.4394302368164,75.0030517578125,-3.6393887996673584,106.86856079101562,-2850.0,-14888.0,-2553.0,0,0,0,0,0
133196.896,1.5294032096862793,2.4619321823120117,1.3688150644302368,-0.04827934131026268,0.18768653273582458,0.03489971533417702,-0.035337191075086594,11.606801986694336,-74.8242416381836,28.865562438964844,18.793514251708984,96.92345428466797,-3591.0,-15297.0,-2361.0,0,0,0,0,0
133207.023,1.5290483236312866,2.464791774749756,1.3689348697662354,-0.04999019205570221,0.2009240686893463,0.022905750200152397,0.5188275575637817,11.43615436553955,-74.3703384399414,111.5714340209961,12.348837852478027,-223.64410400390625,-4014.0,-14291.0,-2505.0,0,0,0,0,0
133216.699,1.5286232233047485,2.4678425788879395,1.368872046470642,-0.052114326506853104,0.21204344928264618,0.004129140172153711,1.1248722076416016,11.226707458496094,-75.35507202148438,-184.3887176513672,46.25238037109375,27.247241973876953,-3307.0,-12998.0,-3114.0,0,0,0,0,0
133226.835,1.5279566049575806,2.4709198474884033,1.3686219453811646,-0.05807792395353317,0.22365112602710724,-0.0032984656281769276,-0.47451984882354736,10.910564422607422,-74.9169921875,-90.85228729248047,40.451725006103516,-149.34945678710938,2605.0,-12381.0,-4089.0,0,0,0,0,0
133236.525,1.5272470712661743,2.4737062454223633,1.3684611320495605,-0.0609733909368515,0.23453806340694427,-0.006964918691664934,-1.437580943107605,10.585982322692871,-75.12019348144531,-95.99638366699219,38.487060546875,118.55006408691406,6463.0,-11622.0,-4515.0,0,0,0,0,0
133246.651,1.5263760089874268,2.4770777225494385,1.3684134483337402,-0.06268773227930069,0.253388375043869,0.029267575591802597,-2.223438262939453,10.317326545715332,-74.0079116821289,69.15784454345703,17.068655014038086,10.689443588256836,5639.0,-11982.0,-4033.0,0,0,0,0,0
133256.337,1.5255831480026245,2.4805893898010254,1.3681848049163818,-0.059792328625917435,0.25341546535491943,-0.03720179200172424,-1.5442429780960083,10.107297897338867,-73.5157241821289,74.94444274902344,14.730963706970215,-54.487552642822266,460.0,-12683.0,-2527.0,0,0,0,0,0
133266.468,1.5249875783920288,2.484323740005493,1.3679481744766235,-0.06092420965433121,0.2739141881465912,0.017766250297427177,-0.6161704063415527,9.898444175720215,-73.77002716064453,43.84025573730469,18.885210037231445,-63.53289794921875,-3578.0,-13099.0,-1253.0,0,0,0,0,0
133276.159,1.5245308876037598,2.4882521629333496,1.36818265914917,-0.06266359984874725,0.2899324297904968,0.05425310134887695,-0.23796598613262177,9.691944122314453,-74.44342803955078,92.68624877929688,58.47946548461914,163.10360717773438,-3418.0,-13421.0,-869.0,0,0,0,0,0
133286.292,1.5240347385406494,2.492335796356201,1.3684957027435303,-0.061776187270879745,0.29667943716049194,0.03488953411579132,0.8049530386924744,9.27288818359375,-74.18578338623047,48.332298278808594,49.0827522277832,-225.12173461914062,-4708.0,-12575.0,-1194.0,0,0,0,0,0
133295.966,1.5234354734420776,2.4959495067596436,1.3687466382980347,-0.06383590400218964,0.300716757774353,0.017291201278567314,0.8520772457122803,8.72435188293457,-74.90223693847656,-169.8807830810547,78.3618392944336,14.428009033203125,-2089.0,-11198.0,-2027.0,0,0,0,0,0
133306.111,1.5226675271987915,2.5001354217529297,1.3687695264816284,-0.06782500445842743,0.30784371495246887,0.021008441224694252,-0.34410667419433594,8.143038749694824,-75.41551971435547,-104.36267852783203,76.10729217529297,29.613935470581055,3659.0,-10172.0,-3382.0,0,0,0,0,0
133315.792,1.5217549800872803,2.5044007301330566,1.3689985275268555,-0.06985661387443542,0.3176259398460388,0.04923247918486595,-1.3290258646011353,7.445068836212158,-74.68924713134766,-52.688846588134766,30.00627326965332,2.759190320968628,5979.0,-9459.0,-4456.0,0,0,0,0,0
133325.918,1.5208672285079956,2.508664608001709,1.369278073310852,-0.06862477958202362,0.31854498386383057,0.02090073563158512,-1.5290727615356445,7.117049217224121,-74.34202575683594,87.33043670654297,55.54554748535156,110.46663665771484,3913.0,-10514.0,-4156.0,0,0,0,0,0
133335.599,1.5201430320739746,2.512972116470337,1.3692549467086792,-0.06551267206668854,0.3206098675727844,-0.000702749181073159,-0.6970316767692566,6.603400707244873,-73.8377685546875,108.31058502197266,47.56479263305664,-49.52777862548828,-1293.0,-10981.0,-3229.0,0,0,0,0,0
133345.734,1.5195199251174927,2.5168440341949463,1.3693487644195557,-0.06504947692155838,0.32610809803009033,0.03575063869357109,0.2949693202972412,6.0918192863464355,-73.91606903076172,21.125932693481445,45.070762634277344,-140.0140838623047,-4599.0,-10775.0,-2327.0,0,0,0,0,0
133355.439,1.5190248489379883,2.5213558673858643,1.3697377443313599,-0.06586456298828125,0.33067187666893005,0.06508627533912659,0.5783529281616211,5.580684185028076,-74.17662048339844,137.91761779785156,73.72217559814453,74.60906982421875,-3910.0,-10418.0,-1882.0,0,0,0,0,0
133365.56,1.5184284448623657,2.5262203216552734,1.3702174425125122,-0.0634753629565239,0.3291636109352112,0.03287137672305107,1.878037929534912,4.9585723876953125,-74.40772247314453,-18.60115623474121,78.92000579833984,-46.93745422363281,-5092.0,-9998.0,-1793.0,0,0,0,0,0
133375.232,1.517742395401001,2.531022548675537,1.3704551458358765,-0.06694633513689041,0.327488511800766,0.025354232639074326,0.730249285697937,4.054366111755371,-74.18964385986328,-108.20510864257812,71.60183715820312,-4.4161858558654785,-847.0,-9445.0,-2123.0,0,0,0,0,0
133385.371,1.5168464183807373,2.535742998123169,1.3706520795822144,-0.06850000470876694,0.3249010741710663,0.022950006648898125,-0.14232267439365387,3.231931447982788,-75.26820373535156,-110.22576141357422,81.6558609008789,67.39244079589844,4301.0,-7882.0,-2595.0,0,0,0,0,0
133395.067,1.5167485475540161,2.5362191200256348,1.3705726861953735,-0.06870992481708527,0.32614773511886597,0.022741006687283516,-0.14432759582996368,3.249587297439575,-75.2684097290039,-10.136651039123535,40.06599807739258,65.95586395263672,6004.0,-7574.0,-3553.0,0,0,0,0,0
133405.192,1.5157842636108398,2.5408616065979004,1.3709765672683716,-0.0678621381521225,0.3245602250099182,0.06901407241821289,-1.1091464757919312,2.557509183883667,-74.01458740234375,100.50736236572266,85.69561767578125,48.443382263183594,3089.0,-8568.0,-2981.0,0,0,0,0,0
133414.865,1.515061378479004,2.545036554336548,1.371041178703308,-0.06393983215093613,0.31734418869018555,-0.02551780454814434,-0.5522563457489014,2.015469551086426,-73.62837219238281,110.10044860839844,74.6223373413086,-16.964181900024414,-2026.0,-8691.0,-2059.0,0,0,0,0,0
133425.004,1.514534831047058,2.5492045879364014,1.370911955833435,-0.060790784657001495,0.31388917565345764,0.021642645820975304,0.37391993403434753,1.3535115718841553,-74.02557373046875,8.427935600280762,69.05335235595703,-49.24059295654297,-4614.0,-8377.0,-1699.0,0,0,0,0,0
133434.692,1.5140918493270874,2.5533275604248047,1.3712069988250732,-0.05883638560771942,0.30827221274375916,0.04596728831529617,1.0383048057556152,0.6766257286071777,-74.31201171875,147.39013671875,64.25479888916016,-51.867149353027344,-3918.0,-7367.0,-1678.0,0,0,0,0,0
133444.822,1.513577938079834,2.5568742752075195,1.3716193437576294,-0.05746419355273247,0.30002790689468384,0.04278853163123131,1.6111091375350952,-0.026905637234449387,-73.42813873291016,-57.63571548461914,93.61607360839844,67.28459930419922,-5144.0,-7050.0,-1171.0,0,0,0,0,0
133454.503,1.5130740404129028,2.5607662200927734,1.3719955682754517,-0.056208252906799316,0.2921448349952698,0.02381395548582077,2.3234710693359375,-0.7398386597633362,-74.24110412597656,-87.05409240722656,68.31361389160156,8.549954414367676,-311.0,-6091.0,-1331.0,0,0,0,0,0
133464.638,1.512326717376709,2.564769744873047,1.3721226453781128,-0.0588502399623394,0.2812013030052185,0.013503462076187134,0.818261981010437,-1.7002217769622803,-73.85254669189453,-128.29254150390625,87.6346206665039,104.00220489501953,4751.0,-4805.0,-1688.0,0,0,0,0,0
133474.325,1.511472225189209,2.5685770511627197,1.372185468673706,-0.05852385610342026,0.26928526163101196,0.011287912726402283,-0.34777015447616577,-2.635815143585205,-74.39786529541016,15.891960144042969,45.283111572265625,127.50585174560547,6684.0,-4510.0,-2000.0,0,0,0,0,0
133484.452,1.5107630491256714,2.57187819480896,1.37235689163208,-0.05417938530445099,0.2559746503829956,0.04056858643889427,-0.8371952176094055,-3.1757283210754395,-73.6427001953125,89.09297943115234,87.26686096191406,54.02530288696289,2917.0,-5577.0,-1733.0,0,0,0,0,0
133494.136,1.5102304220199585,2.5747241973876953,1.3723732233047485,-0.05007024109363556,0.24835577607154846,-0.033969391137361526,-0.12049847096204758,-3.881462335586548,-73.49687194824219,104.1035385131836,70.1793212890625,28.087080001831055,-1863.0,-5441.0,-1172.0,0,0,0,0,0
133504.278,1.509845495223999,2.5778002738952637,1.3723738193511963,-0.0443052314221859,0.23067808151245117,0.02944236434996128,0.6213775277137756,-4.509250164031982,-73.66069030761719,0.2588415741920471,65.74028778076172,-34.40068054199219,-4158.0,-5195.0,-808.0,0,0,0,0,0
133513.962,1.5095902681350708,2.5807201862335205,1.3727411031723022,-0.04018445312976837,0.21436943113803864,0.059073831886053085,1.007182002067566,-5.144009590148926,-73.83988952636719,150.5729217529297,46.916786193847656,-108.28343963623047,-3354.0,-4872.0,-558.0,0,0,0,0,0
133524.091,1.5093846321105957,2.58337664604187,1.3731353282928467,-0.03621075302362442,0.2015049010515213,0.04320758208632469,1.8765418529510498,-5.7249650955200195,-73.18522644042969,-68.96036529541016,76.29939270019531,43.58977127075195,-5183.0,-4980.0,-288.0,0,0,0,0,0
133533.763,1.509071707725525,2.585771322250366,1.3733668327331543,-0.03432377055287361,0.18690679967403412,0.031819459050893784,2.3144896030426025,-6.346792221069336,-73.65422821044922,-87.67630767822266,51.43893814086914,26.080760955810547,-260.0,-4236.0,-258.0,0,0,0,0,0
133543.903,1.5086851119995117,2.5877583026885986,1.3735034465789795,-0.0351947620511055,0.1715911477804184,0.013629848137497902,0.917110025882721,-7.0492448806762695,-73.54113006591797,-134.24005126953125,67.0189208984375,113.2531509399414,4586.0,-3527.0,-783.0,0,0,0,0,0
133553.592,1.5082035064697266,2.5897319316864014,1.373389720916748,-0.033602409064769745,0.1552920937538147,0.006704459432512522,-0.24309659004211426,-7.694994926452637,-74.42219543457031,24.54215431213379,24.803203582763672,110.30719757080078,6780.0,-3417.0,-1580.0,0,0,0,0,0
133563.726,1.5077627897262573,2.5914812088012695,1.3733810186386108,-0.027771420776844025,0.13496306538581848,0.028063936159014702,-0.7457779049873352,-8.052740097045898,-73.77725982666016,76.71968078613281,69.2262191772461,-36.74014663696289,2874.0,-4445.0,-1887.0,0,0,0,0,0
133573.405,1.507507085800171,2.593081474304199,1.3730738162994385,-0.024046501144766808,0.12821966409683228,-0.04030553251504898,-0.09290262311697006,-8.620896339416504,-74.00299072265625,98.01982879638672,43.85445022583008,25.57772445678711,-1656.0,-3988.0,-2089.0,0,0,0,0,0
133583.539,1.5074890851974487,2.594465494155884,1.3727970123291016,-0.015766190364956856,0.1014665961265564,0.018419552594423294,0.6266188621520996,-9.045134544372559,-73.89287567138672,-6.124373435974121,49.451820373535156,31.79239273071289,-3838.0,-3800.0,-2196.0,0,0,0,0,0
133593.224,1.5074771642684937,2.5954768657684326,1.372985601425171,-0.010524984449148178,0.07953179627656937,0.04082540050148964,0.9619836211204529,-9.530681610107422,-74.03095245361328,136.34988403320312,25.812334060668945,-99.08906555175781,-3043.0,-3407.0,-1976.0,0,0,0,0,0
133603.35,1.507614254951477,2.5963406562805176,1.3730717897415161,-0.006033703684806824,0.06462366878986359,0.020469363778829575,1.8236103057861328,-9.922313690185547,-73.38650512695312,-70.96636962890625,51.80082702636719,37.47993469238281,-4789.0,-3658.0,-1536.0,0,0,0,0,0
133613.045,1.507676124572754,2.5969440937042236,1.3729501962661743,-0.003416907973587513,0.047509096562862396,0.00819153431802988,2.2330713272094727,-10.287392616271973,-73.51770782470703,-97.0104751586914,38.638160705566406,67.35852813720703,10.0,-3323.0,-987.0,0,0,0,0,0
133623.167,1.5075948238372803,2.5972678661346436,1.372598648071289,-0.0038360939361155033,0.03156212717294693,-0.014067594893276691,0.8864957094192505,-10.719040870666504,-73.2385025024414,-136.35609436035156,45.984867095947266,87.08837127685547,4887.0,-2863.0,-749.0,0,0,0,0,0
133632.858,1.5074418783187866,2.5973315238952637,1.3720958232879639,-0.0017499690875411034,0.012849113903939724,-0.019610999152064323,-0.43921521306037903,-11.115860939025879,-74.19890594482422,13.570587158203125,5.101431369781494,78.9554672241211,7136.0,-2716.0,-1097.0,0,0,0,0,0
133642.983,1.5074007511138916,2.5972442626953125,1.3718836307525635,0.005771361757069826,-0.011391758918762207,0.008822428993880749,-1.0185235738754272,-11.267409324645996,-73.77984619140625,84.99320220947266,35.78825759887695,69.4154052734375,3366.0,-3532.0,-1384.0,0,0,0,0,0
133652.664,1.5074944496154785,2.596907138824463,1.3711771965026855,0.008218030445277691,-0.013998031616210938,-0.07095932215452194,-0.3064538538455963,-11.577179908752441,-73.63269805908203,97.48056030273438,10.412837028503418,18.461164474487305,-1464.0,-3289.0,-1284.0,0,0,0,0,0
133662.808,1.5078097581863403,2.596400737762451,1.3703807592391968,0.017851589247584343,-0.04403172805905342,-0.013791920617222786,0.35735443234443665,-11.758173942565918,-73.77987670898438,3.2437736988067627,17.8179931640625,-64.91156005859375,-3860.0,-3291.0,-1238.0,0,0,0,0,0
133672.491,1.5083245038986206,2.5955662727355957,1.3699685335159302,0.02422926388680935,-0.06649463623762131,0.004755656700581312,0.7035499811172485,-11.973028182983398,-73.99906158447266,143.92849731445312,4.1330437660217285,-81.13096618652344,-3047.0,-3039.0,-1366.0,0,0,0,0,0
133682.616,1.508885145187378,2.594472646713257,1.3696180582046509,0.028846878558397293,-0.08112219721078873,-0.013422156684100628,1.6137900352478027,-12.149787902832031,-73.54423522949219,-64.17422485351562,20.387109756469727,43.32216262817383,-4851.0,-3214.0,-1459.0,0,0,0,0,0
133692.297,1.5092731714248657,2.5933756828308105,1.369212031364441,0.03110930137336254,-0.09605558216571808,-0.029143119230866432,1.9965928792953491,-12.223540306091309,-74.05801391601562,-93.63267517089844,11.385516166687012,43.11313247680664,11.0,-3198.0,-1529.0,0,0,0,0,0
133702.434,1.5096375942230225,2.5918385982513428,1.3684146404266357,0.030810585245490074,-0.11151188611984253,-0.046655166894197464,0.6831721067428589,-12.345320701599121,-73.32670593261719,-122.2174301147461,15.266388893127441,72.04301452636719,4755.0,-3083.0,-1481.0,0,0,0,0,0
133712.124,1.5099284648895264,2.590056896209717,1.367486596107483,0.03332429751753807,-0.12942174077033997,-0.048534125089645386,-0.46669867634773254,-12.41463851928711,-74.10475158691406,5.818166732788086,-20.30687713623047,38.61137390136719,6706.0,-3094.0,-1723.0,0,0,0,0,0
133722.25,1.510350227355957,2.587859630584717,1.3666220903396606,0.04016275703907013,-0.15227191150188446,-0.029945293441414833,-1.069641351699829,-12.317673683166504,-74.13025665283203,91.53550720214844,2.561326026916504,30.287704467773438,3151.0,-3660.0,-2206.0,0,0,0,0,0
133731.931,1.5109323263168335,2.5856637954711914,1.3655661344528198,0.04369153827428818,-0.15729498863220215,-0.08167226612567902,-0.3115434944629669,-12.381989479064941,-74.11656188964844,100.8142318725586,-18.28607940673828,30.00153160095215,-1938.0,-3292.0,-2476.0,0,0,0,0,0
133742.067,1.5117446184158325,2.5833311080932617,1.364572525024414,0.05253472924232483,-0.18447081744670868,-0.028109127655625343,0.5893120169639587,-12.297306060791016,-73.97860717773438,-2.6998629570007324,-5.836500644683838,-49.6207275390625,-4134.0,-3314.0,-2529.0,0,0,0,0,0
133751.757,1.5124773979187012,2.581041097640991,1.3642114400863647,0.057341840118169785,-0.20516040921211243,0.00036803222610615194,0.7937136888504028,-12.257613182067871,-74.2838363647461,149.07839965820312,-22.167680740356445,-84.37265014648438,-3518.0,-3065.0,-2597.0,0,0,0,0,0
133761.889,1.5134345293045044,2.5781643390655518,1.3637877702713013,0.0611884668469429,-0.21850955486297607,-0.008115292526781559,1.8798640966415405,-12.198461532592773,-74.07632446289062,-116.66400146484375,-15.16015338897705,131.27688598632812,-4747.0,-3300.0,-2823.0,0,0,0,0,0
133771.564,1.5142496824264526,2.575103282928467,1.363073468208313,0.061166442930698395,-0.22910238802433014,-0.03254048153758049,1.6158198118209839,-11.998136520385742,-74.03411102294922,-76.6119613647461,-26.35165023803711,-155.2218780517578,1316.0,-3684.0,-2496.0,0,0,0,0,0
133781.702,1.514984369277954,2.571596622467041,1.3622090816497803,0.060721416026353836,-0.24473582208156586,-0.03600673750042915,0.14496201276779175,-11.771760940551758,-74.31459045410156,-90.62869262695312,-15.327187538146973,51.18318176269531,5639.0,-4099.0,-2698.0,0,0,0,0,0
133791.39,1.5157090425491333,2.5678067207336426,1.3615992069244385,0.06671041995286942,-0.2691875100135803,0.015049264766275883,-0.8785953521728516,-11.489856719970703,-74.20806121826172,35.24800109863281,-19.250993728637695,-75.78348541259766,6084.0,-4381.0,-2890.0,0,0,0,0,0
133801.517,1.5164885520935059,2.564328193664551,1.361078143119812,0.06686359643936157,-0.26676055788993835,-0.06006413698196411,-0.6585898995399475,-11.129016876220703,-74.2851333618164,96.06082153320312,-33.70368576049805,-60.774818420410156,1554.0,-4566.0,-2984.0,0,0,0,0,0
133811.197,1.5174822807312012,2.5603153705596924,1.3601170778274536,0.0743638277053833,-0.287821501493454,-0.008904865942895412,0.4104442894458771,-10.79541301727295,-74.37852478027344,89.13306427001953,-35.03392028808594,73.01471710205078,-3349.0,-4325.0,-3059.0,0,0,0,0,0
133821.333,1.5187050104141235,2.5560996532440186,1.359687089920044,0.07869035750627518,-0.305844783782959,0.029190879315137863,0.9625530242919922,-10.45753002166748,-74.6034164428711,21.32145881652832,-26.290830612182617,28.529935836791992,-4343.0,-4324.0,-3255.0,0,0,0,0,0
133831.024,1.5199739933013916,2.5516717433929443,1.3594290018081665,0.0806937962770462,-0.3146759569644928,0.021471694111824036,2.0063719749450684,-10.19395923614502,-74.27457427978516,118.61947631835938,-59.27452850341797,-172.15370178222656,-4458.0,-3697.0,-3450.0,0,0,0,0,0
133841.155,1.5211994647979736,2.547100782394409,1.3591127395629883,0.07940984517335892,-0.3212462365627289,-0.0013699635164812207,1.866999626159668,-9.725265502929688,-74.45719146728516,-201.1734161376953,-45.17351531982422,184.98162841796875,-3986.0,-3915.0,-3625.0,0,0,0,0,0
133850.83,1.5212634801864624,2.5466084480285645,1.3588101863861084,0.07955215126276016,-0.322553813457489,-0.0025101539213210344,1.8691564798355103,-9.748390197753906,-74.45305633544922,-77.41207885742188,-67.64906311035156,-192.5140838623047,2522.0,-4305.0,-3365.0,0,0,0,0,0
133860.974,1.5221998691558838,2.5419065952301025,1.358215093612671,0.07687424123287201,-0.332573801279068,0.00045293683069758117,0.4394165873527527,-9.302141189575195,-74.81522369384766,-90.98340606689453,-58.45000457763672,39.01305389404297,5612.0,-4708.0,-3854.0,0,0,0,0,0
133870.66,1.5229789018630981,2.5374755859375,1.357763648033142,0.07791899889707565,-0.34393084049224854,0.02884027734398842,-0.45872077345848083,-8.90470027923584,-74.63494873046875,61.418514251708984,-47.65921401977539,79.7380142211914,4771.0,-5025.0,-4045.0,0,0,0,0,0
133880.789,1.5238763093948364,2.533005475997925,1.3572431802749634,0.07839038223028183,-0.34543123841285706,-0.00224134000018239,-0.605201244354248,-8.354641914367676,-74.82587432861328,89.9056167602539,-56.81269454956055,-26.55799102783203,-120.0,-5593.0,-4018.0,0,0,0,0,0
133890.467,1.5249541997909546,2.5285227298736572,1.3566089868545532,0.08138839900493622,-0.34905534982681274,-0.00675778416916728,0.3270130157470703,-7.814803123474121,-74.19404602050781,27.23763084411621,-61.69053268432617,-54.31840133666992,-4254.0,-6196.0,-3522.0,0,0,0,0,0
133900.607,1.525982141494751,2.5244760513305664,1.3565260171890259,0.08324477821588516,-0.3566833734512329,0.03644721582531929,1.2244799137115479,-7.158627986907959,-74.21166229248047,88.62721252441406,-35.856624603271484,185.4080352783203,-3820.0,-6627.0,-3249.0,0,0,0,0,0
133910.293,1.52715003490448,2.519857883453369,1.3564398288726807,0.08251861482858658,-0.3617047071456909,0.054835859686136246,1.3556523323059082,-6.651016712188721,-74.45103454589844,51.224609375,-75.98387908935547,-114.98372650146484,-4674.0,-6243.0,-3113.0,0,0,0,0,0
133920.418,1.5282440185546875,2.515273094177246,1.3564153909683228,0.08224780112504959,-0.3609464764595032,0.0333908349275589,2.567484140396118,-6.092142581939697,-74.98342895507812,-183.57220458984375,-49.152565002441406,58.48270797729492,-2457.0,-6635.0,-3596.0,0,0,0,0,0
133930.098,1.5290783643722534,2.5106542110443115,1.3560295104980469,0.07674106955528259,-0.3611392080783844,0.014689216390252113,1.6234636306762695,-5.428719520568848,-74.31133270263672,-115.94683074951172,-71.12854766845703,32.36239242553711,3786.0,-7079.0,-3481.0,0,0,0,0,0
133940.233,1.529765009880066,2.506009340286255,1.355570673942566,0.07221820950508118,-0.3613799512386322,0.013292918913066387,0.39872878789901733,-4.8336663246154785,-75.25579833984375,-39.38338851928711,-81.47205352783203,70.42241668701172,6338.0,-7273.0,-4205.0,0,0,0,0,0
133949.922,1.5304524898529053,2.5018582344055176,1.3556379079818726,0.07107719033956528,-0.36187535524368286,0.06001780182123184,-0.6036611199378967,-4.210468292236328,-74.88201141357422,78.05474853515625,-74.82186889648438,122.6047592163086,3725.0,-7571.0,-4381.0,0,0,0,0,0
133960.054,1.5311959981918335,2.4973044395446777,1.355223536491394,0.07001540064811707,-0.35469064116477966,-0.011913406662642956,-0.1604098081588745,-3.5015039443969727,-74.59620666503906,86.61741638183594,-89.83625030517578,-105.43458557128906,-1309.0,-8143.0,-3927.0,0,0,0,0,0
133969.73,1.5320916175842285,2.4929168224334717,1.3547496795654297,0.07015667855739594,-0.35292795300483704,0.04083004221320152,0.5279973149299622,-2.8030240535736084,-74.37268829345703,-22.369131088256836,-71.91903686523438,-173.4994354248047,-4091.0,-8695.0,-3529.0,0,0,0,0,0
133979.865,1.5330653190612793,2.4885811805725098,1.3547475337982178,0.06868219375610352,-0.3493349850177765,0.07749079167842865,1.1635607481002808,-2.0676324367523193,-74.92668914794922,117.297119140625,-43.0870475769043,50.337135314941406,-3222.0,-8738.0,-3881.0,0,0,0,0,0
133989.556,1.5339818000793457,2.484293222427368,1.354905605316162,0.06570401787757874,-0.3429577350616455,0.0671176165342331,1.445741891860962,-1.5253421068191528,-74.60807800292969,-49.866355895996094,-66.51295471191406,53.301509857177734,-4544.0,-7981.0,-3926.0,0,0,0,0,0
133999.689,1.53472101688385,2.480027914047241,1.3550196886062622,0.06254653632640839,-0.336172491312027,0.05964749678969383,2.369966983795166,-0.9588838815689087,-75.4212646484375,-126.57635498046875,-54.588504791259766,-38.583229064941406,-540.0,-8017.0,-4348.0,0,0,0,0,0
134009.362,1.5353012084960938,2.4762563705444336,1.355220913887024,0.05521319806575775,-0.32858023047447205,0.04347268491983414,0.9628199338912964,-0.3408784866333008,-74.46663665771484,-124.17637634277344,-63.456871032714844,-24.75077247619629,4886.0,-8520.0,-4243.0,0,0,0,0,0
134019.498,1.5357139110565186,2.4722347259521484,1.3549904823303223,0.04999040439724922,-0.3207245469093323,0.03700297325849533,-0.14720776677131653,0.3643658459186554,-75.04782104492188,32.38420486450195,-60.62123107910156,70.75801086425781,6727.0,-9102.0,-4363.0,0,0,0,0,0
134029.19,1.536105990409851,2.4683337211608887,1.3548978567123413,0.046922676265239716,-0.31036219000816345,0.07159879803657532,-1.0402451753616333,0.9250848293304443,-74.5102767944336,73.29044342041016,-69.02224731445312,163.95216369628906,2856.0,-9202.0,-3984.0,0,0,0,0,0
134039.315,1.5366148948669434,2.4646332263946533,1.3545374870300293,0.04647747799754143,-0.3018888235092163,-0.020091021433472633,-0.45892924070358276,1.589636206626892,-74.67205810546875,107.55513763427734,-71.90502166748047,-16.998153686523438,-1651.0,-9660.0,-3496.0,0,0,0,0,0
134048.995,1.5371736288070679,2.461386203765869,1.3543459177017212,0.044278234243392944,-0.28701695799827576,0.0429830327630043,0.1490345001220703,2.2890303134918213,-74.68789672851562,-23.49515151977539,-59.9832649230957,-77.8585433959961,-3798.0,-10354.0,-3426.0,0,0,0,0,0
134059.135,1.5378453731536865,2.4580235481262207,1.3544204235076904,0.04138436168432236,-0.27344170212745667,0.07084965705871582,0.6143925786018372,2.9748778343200684,-75.19656372070312,130.6703643798828,-42.509742736816406,-29.286117553710938,-3071.0,-10374.0,-3957.0,0,0,0,0,0
134068.827,1.538434624671936,2.4549050331115723,1.3544328212738037,0.03880903869867325,-0.26160234212875366,0.04143913462758064,1.1409143209457397,3.4374356269836426,-74.67906188964844,-103.45148468017578,-55.00587463378906,126.81147766113281,-4509.0,-9605.0,-4262.0,0,0,0,0,0
134078.955,1.5388566255569458,2.451902389526367,1.3543353080749512,0.034541383385658264,-0.2485245019197464,0.03637106344103813,1.9314017295837402,3.939556837081909,-75.53422546386719,-107.01749420166016,-63.23442840576172,-121.60975646972656,271.0,-9624.0,-4866.0,0,0,0,0,0
134088.629,1.5390510559082031,2.4490392208099365,1.3540419340133667,0.02669341303408146,-0.23719929158687592,0.014811153523623943,0.3992260694503784,4.465473651885986,-74.7646484375,-117.92666625976562,-50.10702133178711,-5.35803747177124,5248.0,-10164.0,-5095.0,0,0,0,0,0
134098.764,1.5392099618911743,2.4465110301971436,1.353868842124939,0.02168096788227558,-0.22351831197738647,0.006387405563145876,-0.628971517086029,5.09882926940918,-75.42218017578125,51.00201416015625,-63.91361999511719,-8.950648307800293,6419.0,-10879.0,-5391.0,0,0,0,0,0
134108.465,1.5392844676971436,2.4437754154205322,1.3535422086715698,0.017721498385071754,-0.204558327794075,0.026579752564430237,-1.31089448928833,5.704199314117432,-74.74197387695312,62.48869323730469,-62.654476165771484,116.37721252441406,2045.0,-11713.0,-4990.0,0,0,0,0,0
134118.587,1.5394667387008667,2.4413273334503174,1.3530279397964478,0.017431585118174553,-0.1926216185092926,-0.028139952570199966,-0.624138355255127,6.448150157928467,-74.38275909423828,104.603271484375,-49.467933654785156,100.96977233886719,-2201.0,-12621.0,-4024.0,0,0,0,0,0
134128.262,1.5397753715515137,2.439359664916992,1.3524998426437378,0.013600260019302368,-0.16960978507995605,0.021730870008468628,0.12779541313648224,7.0521087646484375,-74.43748474121094,-9.35528564453125,-45.19053649902344,63.8619270324707,-3624.0,-12667.0,-3581.0,0,0,0,0,0
134138.398,1.5400559902191162,2.4377119541168213,1.3524467945098877,0.008920355699956417,-0.14872696995735168,0.04996872693300247,0.2863256633281708,7.636377334594727,-75.42276763916016,130.0244140625,-28.129985809326172,-69.43169403076172,-3091.0,-12385.0,-3930.0,0,0,0,0,0
134148.088,1.5402175188064575,2.4362964630126953,1.3525962829589844,0.006761625409126282,-0.13415180146694183,0.021951118484139442,1.232636570930481,7.9523725509643555,-75.35787963867188,-148.8360137939453,-36.616756439208984,130.49960327148438,-4004.0,-11558.0,-4802.0,0,0,0,0,0
134158.218,1.5402776002883911,2.4350156784057617,1.3523870706558228,0.0010416436707600951,-0.11857806891202927,0.009522946551442146,0.9557541608810425,8.354690551757812,-75.37776947021484,-106.39327239990234,-47.33179473876953,-215.29129028320312,1834.0,-11364.0,-5096.0,0,0,0,0,0
134167.909,1.5401175022125244,2.4339070320129395,1.3519864082336426,-0.00568522559478879,-0.10294970870018005,-0.0023136164527386427,-0.38965269923210144,8.69756031036377,-75.56548309326172,-106.5596694946289,-28.53150749206543,46.25668716430664,6348.0,-11802.0,-5683.0,0,0,0,0,0
134178.034,1.5398281812667847,2.433027505874634,1.3517581224441528,-0.010945579968392849,-0.07999663800001144,0.028784532099962234,-1.6089674234390259,9.065011978149414,-75.31787109375,56.575172424316406,-56.69516372680664,-164.66038513183594,6386.0,-12247.0,-5546.0,0,0,0,0,0
134187.722,1.5395978689193726,2.432413339614868,1.3514251708984375,-0.012061337009072304,-0.06830118596553802,-0.012062832713127136,-1.6502212285995483,9.562518119812012,-75.13121032714844,52.5653190612793,-40.94664001464844,52.445838928222656,1200.0,-13180.0,-5172.0,0,0,0,0,0
134197.849,1.539480447769165,2.431950092315674,1.3511457443237305,-0.013321769423782825,-0.04865291342139244,-0.007940023206174374,-1.1341509819030762,9.995671272277832,-74.22967529296875,74.08139038085938,-40.0219612121582,89.3135757446289,-2746.0,-13899.0,-4197.0,0,0,0,0,0
134207.528,1.5394724607467651,2.4319326877593994,1.3509386777877808,-0.016799896955490112,-0.021191861480474472,0.036969512701034546,-0.2497449666261673,10.453330993652344,-74.5115737915039,38.39003372192383,-18.679372787475586,108.6338882446289,-3355.0,-14356.0,-3609.0,0,0,0,0,0
134217.665,1.539415955543518,2.43222975730896,1.3509941101074219,-0.02097645401954651,0.0010341292945668101,0.05270092934370041,-0.05056474357843399,10.845331192016602,-75.00941467285156,109.6309585571289,-27.869827270507812,-181.44061279296875,-3750.0,-13870.0,-3554.0,0,0,0,0,0
134227.355,1.5393110513687134,2.4327971935272217,1.3510370254516602,-0.02236148901283741,0.016717497259378433,0.029462069272994995,1.2247556447982788,11.024270057678223,-75.60057067871094,-185.75062561035156,-16.94784164428711,31.60926055908203,-3236.0,-13128.0,-4517.0,0,0,0,0,0
134237.481,1.538944125175476,2.4334943294525146,1.350853443145752,-0.028638212010264397,0.031687863171100616,0.01096971146762371,0.30226486921310425,11.204861640930176,-75.36768341064453,-99.57574462890625,-19.701370239257812,-148.95408630371094,3181.0,-12726.0,-5138.0,0,0,0,0,0
134247.174,1.5385339260101318,2.4341394901275635,1.3507474660873413,-0.03419611603021622,0.04921441152691841,0.009457690641283989,-0.7574756145477295,11.361268997192383,-76.1177978515625,-80.98091125488281,-23.234933853149414,31.465721130371094,6384.0,-12862.0,-6119.0,0,0,0,0,0
134257.297,1.5379263162612915,2.435290575027466,1.3507015705108643,-0.03927966207265854,0.07722529768943787,0.05474557727575302,-1.9833341836929321,11.447835922241211,-74.96623992919922,75.10789489746094,-26.709518432617188,76.77804565429688,5124.0,-13313.0,-5620.0,0,0,0,0,0
134266.992,1.5374114513397217,2.4366872310638428,1.3504095077514648,-0.03817230463027954,0.07858648896217346,-0.02867134101688862,-1.8150992393493652,11.79590129852295,-74.78611755371094,83.11505889892578,-28.970901489257812,-106.18125915527344,-75.0,-14638.0,-4638.0,0,0,0,0,0
134277.119,1.5370734930038452,2.4382901191711426,1.3499435186386108,-0.03962570056319237,0.10401656478643417,0.0011666055070236325,-1.0990406274795532,12.071483612060547,-74.43685913085938,17.034404754638672,-28.139204025268555,-136.79733276367188,-3581.0,-15229.0,-3885.0,0,0,0,0,0
134286.799,1.5368142127990723,2.4402570724487305,1.3498398065567017,-0.04270641505718231,0.13091690838336945,0.0387839749455452,-0.2689459025859833,12.330270767211914,-74.83134460449219,110.01176452636719,25.425336837768555,160.5380859375,-3192.0,-15351.0,-3727.0,0,0,0,0,0
134296.941,1.5365020036697388,2.4425127506256104,1.3499835729599,-0.045861680060625076,0.14996974170207977,0.04064213111996651,0.001939118024893105,12.382176399230957,-74.63394165039062,8.981952667236328,10.812341690063477,-90.94834899902344,-4346.0,-14249.0,-3585.0,0,0,0,0,0
134306.622,1.5360456705093384,2.4445183277130127,1.3501477241516113,-0.04742075875401497,0.1628994345664978,0.020851774141192436,1.2472460269927979,12.315494537353516,-75.82614135742188,-137.03526306152344,18.260770797729492,56.52340316772461,-1343.0,-13236.0,-4576.0,0,0,0,0,0
134316.763,1.535400390625,2.447075843811035,1.349990963935852,-0.05427567660808563,0.17824411392211914,0.014740653336048126,-0.2078249752521515,12.152200698852539,-75.04777526855469,-107.61689758300781,17.735443115234375,173.3271484375,4415.0,-12604.0,-4975.0,0,0,0,0,0
134326.428,1.534611463546753,2.4497766494750977,1.3498793840408325,-0.05846894904971123,0.19349341094493866,0.009741771966218948,-0.9883182048797607,12.031417846679688,-75.67930603027344,-25.080537796020508,-11.937531471252441,-8.160959243774414,6120.0,-12733.0,-5020.0,0,0,0,0,0
134336.572,1.53378427028656,2.4527587890625,1.349908471107483,-0.06250982731580734,0.2200746238231659,0.05955696105957031,-1.9689346551895142,11.916808128356934,-74.56739044189453,100.09864807128906,15.260765075683594,110.93865203857422,3401.0,-13566.0,-4426.0,0,0,0,0,0
134346.251,1.5331435203552246,2.4559574127197266,1.349669337272644,-0.058973733335733414,0.21577154099941254,-0.03787162899971008,-1.4851080179214478,11.897256851196289,-74.11067199707031,110.74215698242188,13.937668800354004,-72.4717788696289,-1771.0,-14210.0,-3128.0,0,0,0,0,0
134356.393,1.5325742959976196,2.458775520324707,1.3494068384170532,-0.06138913705945015,0.24038417637348175,0.014811779372394085,-0.3948234021663666,11.857622146606445,-74.60322570800781,2.8547322750091553,16.218006134033203,-115.62921905517578,-4605.0,-14577.0,-2789.0,0,0,0,0,0
134366.062,1.5320801734924316,2.4624316692352295,1.3494573831558228,-0.06455329060554504,0.2611553966999054,0.04589452967047691,0.2507847249507904,11.759065628051758,-75.02454376220703,152.05795288085938,35.26837921142578,-78.96044921875,-3923.0,-14130.0,-3082.0,0,0,0,0,0
134376.208,1.5315457582473755,2.4662561416625977,1.3496822118759155,-0.06662829965353012,0.27439892292022705,0.04168519005179405,0.8618670105934143,11.418731689453125,-74.40453338623047,-85.29987335205078,55.96136474609375,122.86536407470703,-4936.0,-13008.0,-3242.0,0,0,0,0,0
134385.9,1.530807375907898,2.47017240524292,1.349748969078064,-0.06882674992084503,0.2833864688873291,0.02234572358429432,1.6250910758972168,11.087153434753418,-75.56468963623047,-76.17437744140625,27.26032257080078,-57.93718338012695,379.0,-12099.0,-3865.0,0,0,0,0,0
134396.033,1.5298608541488647,2.474179267883301,1.349745750427246,-0.07589797675609589,0.2951837480068207,0.027740010991692543,0.04937124624848366,10.626083374023438,-74.91781616210938,-105.84207916259766,53.85594940185547,207.10714721679688,5042.0,-11410.0,-4441.0,0,0,0,0,0
134405.698,1.528942346572876,2.4777443408966064,1.3498660326004028,-0.07911831885576248,0.304056316614151,0.028008799999952316,-0.844370424747467,10.160423278808594,-75.12815856933594,47.50511932373047,16.969587326049805,-6.255082130432129,6049.0,-11526.0,-4326.0,0,0,0,0,0
134415.845,1.5279057025909424,2.482011556625366,1.3499559164047241,-0.08052223920822144,0.31516233086586,0.03717241808772087,-1.3277677297592163,9.870871543884277,-74.36914825439453,84.30365753173828,46.832069396972656,23.121030807495117,1583.0,-12653.0,-3482.0,0,0,0,0,0
134425.528,1.527025818824768,2.4863221645355225,1.3497213125228882,-0.07730958610773087,0.31521502137184143,-0.02017958089709282,-0.5479596257209778,9.483546257019043,-73.82750701904297,100.2109146118164,55.33699417114258,13.168159484863281,-2952.0,-12838.0,-2344.0,0,0,0,0,0
134435.655,1.5263314247131348,2.490802526473999,1.349601149559021,-0.07951217889785767,0.33187246322631836,0.035589899867773056,0.3585045635700226,9.114081382751465,-74.15377807617188,16.80665397644043,59.5245246887207,87.19308471679688,-4215.0,-12491.0,-1910.0,0,0,0,0,0
134445.338,1.525573968887329,2.495441198348999,1.3499138355255127,-0.08261150866746902,0.34387558698654175,0.071255624294281,0.7198387980461121,8.682726860046387,-74.72342681884766,139.40859985351562,48.04022216796875,-124.70272827148438,-4211.0,-11615.0,-2083.0,0,0,0,0,0
134455.472,1.5247669219970703,2.499554395675659,1.3504605293273926,-0.08246903866529465,0.3459613025188446,0.05277255177497864,1.7990113496780396,8.099822998046875,-74.4652328491211,-169.0429229736328,85.40052032470703,101.17739868164062,-4631.0,-10864.0,-2550.0,0,0,0,0,0
134465.167,1.5238231420516968,2.504281997680664,1.3506994247436523,-0.08544406294822693,0.3482861816883087,0.036557525396347046,1.623734712600708,7.408063888549805,-74.54487609863281,-79.46273803710938,74.90308380126953,-222.48001098632812,1822.0,-9625.0,-2690.0,0,0,0,0,0
134475.285,1.5227148532867432,2.5089147090911865,1.3507957458496094,-0.08988026529550552,0.3502219021320343,0.03171088546514511,0.3626745641231537,6.695888996124268,-74.7601547241211,-99.09602355957031,71.41552734375,134.9825439453125,5620.0,-9393.0,-3255.0,0,0,0,0,0
134484.978,1.5215325355529785,2.51356840133667,1.3509734869003296,-0.09218021482229233,0.35394740104675293,0.05093171074986458,-0.7735896706581116,5.983185291290283,-74.28355407714844,66.83808135986328,47.269683837890625,-83.06277465820312,5584.0,-9305.0,-2848.0,0,0,0,0,0
134495.104,1.520423412322998,2.5182695388793945,1.3510416746139526,-0.09033432602882385,0.35113462805747986,0.013768293894827366,-0.8421823978424072,5.566491603851318,-74.0525894165039,54.428314208984375,50.018341064453125,-58.441078186035156,451.0,-10375.0,-2179.0,0,0,0,0,0
134504.803,1.5194973945617676,2.5223910808563232,1.351021647453308,-0.08736474812030792,0.34924161434173584,0.0006924133049324155,-0.09757030755281448,4.898946762084961,-73.86395263671875,55.40147399902344,61.99704360961914,-16.690210342407227,-3401.0,-10197.0,-1644.0,0,0,0,0,0
134514.935,1.5186718702316284,2.527163028717041,1.351075291633606,-0.08670544624328613,0.35159850120544434,0.04413330927491188,0.7130281925201416,4.291560649871826,-73.96158599853516,51.929969787597656,83.5454330444336,222.4413604736328,-3579.0,-9740.0,-1529.0,0,0,0,0,0
134524.609,1.5178834199905396,2.5318524837493896,1.3515117168426514,-0.0871443822979927,0.35118523240089417,0.07495040446519852,0.7967138886451721,3.6256887912750244,-74.0903091430664,111.56600189208984,72.69145965576172,-133.0718231201172,-4184.0,-9180.0,-1313.0,0,0,0,0,0
134534.749,1.5170354843139648,2.5364973545074463,1.3520214557647705,-0.08474189788103104,0.34722790122032166,0.053283076733350754,2.0195770263671875,2.980569839477539,-74.18838500976562,-185.75460815429688,107.13679504394531,-43.5798225402832,-3442.0,-8801.0,-1630.0,0,0,0,0,0
134544.438,1.5160187482833862,2.541008949279785,1.3522677421569824,-0.08663041144609451,0.34168535470962524,0.03394675254821777,1.350745677947998,2.1130425930023193,-74.05363464355469,-95.79528045654297,95.63447570800781,-258.4514465332031,2811.0,-7057.0,-1750.0,0,0,0,0,0
134554.557,1.5150227546691895,2.54491925239563,1.3524584770202637,-0.08800993114709854,0.3339088261127472,0.022399507462978363,0.21707141399383545,1.241976261138916,-74.66432189941406,-94.4871597290039,61.575233459472656,-24.544645309448242,6285.0,-6331.0,-2586.0,0,0,0,0,0
134564.238,1.5138733386993408,2.549231767654419,1.3526655435562134,-0.08690390735864639,0.32725223898887634,0.05660358443856239,-1.0024545192718506,0.41003918647766113,-73.96858978271484,71.91142272949219,69.59069061279297,-33.84308624267578,5230.0,-6861.0,-2271.0,0,0,0,0,0
134574.382,1.5127520561218262,2.5537924766540527,1.3526885509490967,-0.08290375024080276,0.31848615407943726,-0.0218275748193264,-0.6766425967216492,-0.19564227759838104,-73.7466812133789,48.122737884521484,56.52011489868164,-14.624629020690918,-144.0,-7413.0,-1626.0,0,0,0,0,0
134584.066,1.5118566751480103,2.558257579803467,1.3524855375289917,-0.07741321623325348,0.3086073696613312,0.016220759600400925,0.029183072969317436,-1.0215356349945068,-73.54454803466797,40.52595520019531,66.66206359863281,-99.24237060546875,-3476.0,-7154.0,-1022.0,0,0,0,0,0
134594.186,1.5111541748046875,2.5625734329223633,1.3528515100479126,-0.07285809516906738,0.29673752188682556,0.0493427999317646,0.7314252853393555,-1.8131707906723022,-73.95008850097656,78.21833038330078,83.28731536865234,152.97137451171875,-3429.0,-6259.0,-942.0,0,0,0,0,0
134603.865,1.5105042457580566,2.5659291744232178,1.3532142639160156,-0.06958924233913422,0.28500664234161377,0.04338168725371361,1.2910329103469849,-2.5809473991394043,-73.15474700927734,73.0649642944336,76.18392181396484,-105.18701934814453,-4623.0,-6199.0,-559.0,0,0,0,0,0
134614.004,1.5099067687988281,2.5695505142211914,1.3535178899765015,-0.06685217469930649,0.2731127142906189,0.03816727548837662,2.1351397037506104,-3.3069541454315186,-73.8780517578125,-174.47723388671875,107.4012680053711,-10.923659324645996,-2646.0,-5447.0,-462.0,0,0,0,0,0
134623.696,1.5091259479522705,2.572974681854248,1.3536497354507446,-0.06787905097007751,0.2607269883155823,0.018803352490067482,0.7115509510040283,-4.233407497406006,-73.51897430419922,-111.35455322265625,92.76734161376953,-155.41578674316406,3429.0,-4194.0,-740.0,0,0,0,0,0
134633.814,1.5082494020462036,2.576174736022949,1.3536205291748047,-0.06662394106388092,0.24716345965862274,0.007128008641302586,-0.3658270239830017,-5.066814422607422,-74.84461975097656,-67.354248046875,50.869110107421875,-11.497231483459473,6796.0,-2851.0,-1837.0,0,0,0,0,0
134643.5,1.5074516534805298,2.5790836811065674,1.353766918182373,-0.06019648164510727,0.2276492416858673,0.05249872803688049,-1.1889986991882324,-5.789461135864258,-73.94267272949219,71.08973693847656,82.64507293701172,111.40621185302734,4730.0,-4164.0,-2367.0,0,0,0,0,0
134653.64,1.5068422555923462,2.5815951824188232,1.3537157773971558,-0.056732334196567535,0.22157786786556244,-0.04066188633441925,-0.6014100909233093,-6.486363887786865,-73.4931869506836,71.82252502441406,58.363800048828125,17.13619041442871,-296.0,-4099.0,-1919.0,0,0,0,0,0
134663.33,1.506410002708435,2.584228754043579,1.3534499406814575,-0.04787563905119896,0.19864429533481598,0.015234210528433323,0.08626680076122284,-7.191181182861328,-73.61965942382812,19.15397071838379,67.78009796142578,-73.30799102783203,-3729.0,-3409.0,-1330.0,0,0,0,0,0
134673.456,1.5061942338943481,2.58660626411438,1.3537328243255615,-0.04072350263595581,0.17770718038082123,0.043814517557621,0.685464084148407,-7.8847126960754395,-73.51831817626953,103.42974090576172,66.62027740478516,82.43035888671875,-3146.0,-3154.0,-762.0,0,0,0,0,0
134683.137,1.506022334098816,2.5887434482574463,1.3540942668914795,-0.03527356684207916,0.1608143299818039,0.03647395595908165,1.3066059350967407,-8.536355018615723,-72.673095703125,41.71314239501953,61.77128601074219,-72.99819946289062,-4811.0,-3370.0,277.0,0,0,0,0,0
134693.268,1.5058039426803589,2.5905909538269043,1.3543130159378052,-0.03089866042137146,0.14394190907478333,0.021807711571455002,2.1262950897216797,-9.070343971252441,-73.4326400756836,-155.03619384765625,75.08882904052734,3.764322280883789,-1941.0,-3639.0,757.0,0,0,0,0,0
134702.959,1.5054701566696167,2.5920746326446533,1.3543447256088257,-0.030668076127767563,0.12669052183628082,0.0019780092407017946,0.7052338123321533,-9.778228759765625,-73.12295532226562,-114.2110595703125,58.946685791015625,-44.949527740478516,3909.0,-2421.0,556.0,0,0,0,0,0
134713.095,1.505070686340332,2.5934555530548096,1.3541370630264282,-0.02788577787578106,0.1079934686422348,-0.008010334335267544,-0.4474134147167206,-10.342305183410645,-74.41825103759766,-47.35141372680664,7.717659950256348,23.229751586914062,6668.0,-2317.0,-696.0,0,0,0,0,0
134722.76,1.5047218799591064,2.5945334434509277,1.3541178703308105,-0.01906030811369419,0.07990173995494843,0.03465203940868378,-1.168003797531128,-10.649676322937012,-74.09825134277344,74.78791046142578,55.12699890136719,58.88176345825195,4313.0,-3659.0,-1739.0,0,0,0,0,0
134732.895,1.5045536756515503,2.5954337120056152,1.3537516593933105,-0.017048630863428116,0.07844676077365875,-0.0625334233045578,-0.5622814297676086,-11.12440299987793,-74.03646087646484,86.26823425292969,22.975048065185547,40.45602035522461,-792.0,-3323.0,-2357.0,0,0,0,0,0
134742.586,1.5046286582946777,2.596134662628174,1.3532403707504272,-0.006387945730239153,0.04756287857890129,-0.007740689441561699,0.2323537915945053,-11.481696128845215,-74.04186248779297,23.273088455200195,43.65337371826172,-84.6185073852539,-3953.0,-3289.0,-2600.0,0,0,0,0,0
134752.711,1.5048952102661133,2.596501588821411,1.3530713319778442,0.0009039481519721448,0.023667288944125175,0.008948754519224167,0.7009995579719543,-11.872103691101074,-74.1651382446289,120.29074096679688,31.58431625366211,17.320302963256836,-3273.0,-3159.0,-2585.0,0,0,0,0,0
134762.41,1.5050692558288574,2.5966100692749023,1.3530529737472534,0.006315793842077255,0.004338003229349852,0.0031346974428743124,1.5451964139938354,-12.174678802490234,-73.26373291015625,10.763742446899414,35.43511962890625,-9.933975219726562,-4926.0,-3092.0,-1936.0,0,0,0,0,0
134772.537,1.5053696632385254,2.596407890319824,1.352883219718933,0.009992123581469059,-0.012226039543747902,-0.018435034900903702,2.105109214782715,-12.406660079956055,-73.68799591064453,-130.99697875976562,31.64568328857422,115.62540435791016,-1267.0,-3034.0,-1350.0,0,0,0,0,0
134782.219,1.5055161714553833,2.5959017276763916,1.3524219989776611,0.010794811882078648,-0.031144553795456886,-0.03177807480096817,0.8228977918624878,-12.733019828796387,-72.77399444580078,-112.62486267089844,31.32478904724121,15.971175193786621,4289.0,-2636.0,-466.0,0,0,0,0,0
134792.345,1.5056172609329224,2.5951015949249268,1.3519001007080078,0.014476017095148563,-0.05266084522008896,-0.0304073765873909,-0.30497628450393677,-13.038536071777344,-73.47188568115234,-26.614654541015625,-17.694705963134766,-2.0294554233551025,6493.0,-2209.0,-96.0,0,0,0,0,0
134802.025,1.505795955657959,2.594210624694824,1.3517162799835205,0.023639725521206856,-0.08174407482147217,0.010607018135488033,-0.8669993281364441,-13.063715934753418,-73.45589447021484,89.25286865234375,12.997346878051758,96.53065490722656,3527.0,-3275.0,-118.0,0,0,0,0,0
134812.168,1.5061213970184326,2.5929343700408936,1.3511611223220825,0.025932863354682922,-0.0840112492442131,-0.06625555455684662,-0.15178632736206055,-13.19974422454834,-73.25586700439453,102.10977172851562,-6.189693927764893,-19.0516300201416,-1604.0,-3406.0,-30.0,0,0,0,0,0
134821.865,1.5066931247711182,2.5914576053619385,1.3505586385726929,0.03606903925538063,-0.1168588250875473,-0.007697790861129761,0.648378849029541,-13.240229606628418,-73.6056900024414,-3.462308168411255,1.4591288566589355,-104.2900619506836,-4352.0,-3529.0,-208.0,0,0,0,0,0
134831.985,1.5074573755264282,2.589627504348755,1.3504263162612915,0.04284646362066269,-0.14358679950237274,0.023913810029625893,0.8872196674346924,-13.299299240112305,-73.99311065673828,151.2408447265625,-8.32664966583252,-46.980316162109375,-3314.0,-3273.0,-779.0,0,0,0,0,0
134841.669,1.508259892463684,2.587521553039551,1.3504494428634644,0.04741017520427704,-0.15887555480003357,0.008528199046850204,1.8935297727584839,-13.317645072937012,-73.62651062011719,-62.8414421081543,6.595136642456055,78.93302154541016,-4938.0,-3453.0,-1397.0,0,0,0,0,0
134851.803,1.5088547468185425,2.585529327392578,1.3502988815307617,0.04879165068268776,-0.1727801263332367,-0.010141181759536266,2.001143217086792,-13.257563591003418,-74.01760864257812,-93.7258529663086,-4.370913982391357,-8.755378723144531,78.0,-3368.0,-1668.0,0,0,0,0,0
134861.486,1.5094144344329834,2.582981586456299,1.3498730659484863,0.04901525005698204,-0.19130079448223114,-0.012352025136351585,0.6474992632865906,-13.225069999694824,-73.6453628540039,-101.67816925048828,5.187870502471924,36.78794860839844,4947.0,-3319.0,-1955.0,0,0,0,0,0
134871.614,1.5099310874938965,2.5801379680633545,1.3494828939437866,0.05260239914059639,-0.21257716417312622,0.002956567332148552,-0.448925644159317,-13.173893928527832,-74.223388671875,19.09904670715332,-22.89239501953125,1.1433640718460083,6276.0,-3239.0,-2448.0,0,0,0,0,0
134881.292,1.5105308294296265,2.5770785808563232,1.3491133451461792,0.05627890303730965,-0.2263808250427246,-0.010977117344737053,-0.7834453582763672,-12.949455261230469,-74.34902954101562,87.67696380615234,-18.312986373901367,34.35219192504883,2367.0,-3673.0,-2988.0,0,0,0,0,0
134891.429,1.5113770961761475,2.5736615657806396,1.3484071493148804,0.06083877012133598,-0.23470833897590637,-0.048173047602176666,0.15282407402992249,-12.832489967346191,-73.94203186035156,97.93172454833984,-30.433517456054688,63.04757308959961,-2634.0,-3622.0,-2951.0,0,0,0,0,0
134901.117,1.5122628211975098,2.570429563522339,1.347963571548462,0.06784535199403763,-0.26025551557540894,-0.00031709764152765274,1.0968623161315918,-12.567026138305664,-73.76018524169922,-9.648506164550781,-18.92622947692871,-34.015228271484375,-4253.0,-3629.0,-2633.0,0,0,0,0,0
134911.247,1.5134161710739136,2.5665135383605957,1.3477462530136108,0.07150933891534805,-0.279843270778656,0.017961818724870682,1.3403759002685547,-12.43510913848877,-73.68766784667969,146.6422119140625,-43.106292724609375,-99.90165710449219,-3764.0,-3235.0,-2155.0,0,0,0,0,0
134920.939,1.5145854949951172,2.562330484390259,1.3475942611694336,0.07397131621837616,-0.2908671796321869,-0.0017954048234969378,2.344818592071533,-12.101859092712402,-74.39151000976562,-155.13392639160156,-33.217594146728516,186.18885803222656,-4368.0,-3442.0,-2073.0,0,0,0,0,0
134931.063,1.5155012607574463,2.5583460330963135,1.347156286239624,0.07202889025211334,-0.30278176069259644,-0.01225320529192686,1.1183390617370605,-11.826970100402832,-73.20800018310547,-73.8917007446289,-49.01423263549805,-265.0286560058594,1453.0,-3516.0,-2029.0,0,0,0,0,0
134940.751,1.5162566900253296,2.5541772842407227,1.346622347831726,0.07177115231752396,-0.31401586532592773,-0.01973346248269081,-0.0393206849694252,-11.488883972167969,-74.2959213256836,-107.3687973022461,-26.3959903717041,-15.03918743133545,5365.0,-3613.0,-1585.0,0,0,0,0,0
134950.878,1.517001748085022,2.5497982501983643,1.3462482690811157,0.07640068978071213,-0.33295518159866333,0.022014372050762177,-0.8374707102775574,-11.150647163391113,-74.0542221069336,51.72553634643555,-33.13447952270508,-68.5506362915039,5876.0,-4196.0,-1977.0,0,0,0,0,0
134960.561,1.517799735069275,2.5458786487579346,1.3458714485168457,0.07586205750703812,-0.32604333758354187,-0.05961592122912407,-0.21634827554225922,-10.790413856506348,-73.7917251586914,69.80071258544922,-35.89845657348633,19.90373992919922,1153.0,-4206.0,-1929.0,0,0,0,0,0
134970.704,1.5188180208206177,2.5413780212402344,1.3451441526412964,0.0817897841334343,-0.3456089198589325,0.000249088101554662,0.5575705766677856,-10.346553802490234,-74.07427215576172,70.06183624267578,-49.07499694824219,42.3970947265625,-3335.0,-4414.0,-1757.0,0,0,0,0,0
134980.384,1.5201092958450317,2.536318778991699,1.345023512840271,0.08512945473194122,-0.3616015613079071,0.04177764058113098,0.8538540601730347,-9.818733215332031,-74.56055450439453,35.646400451660156,-35.403907775878906,103.8787612915039,-3606.0,-4896.0,-2197.0,0,0,0,0,0
134990.51,1.5214117765426636,2.531140089035034,1.345037817955017,0.08647388219833374,-0.36582818627357483,0.022548682987689972,1.961989402770996,-9.354527473449707,-74.07249450683594,107.43683624267578,-80.06413269042969,-126.95257568359375,-3990.0,-4495.0,-2674.0,0,0,0,0,0
135000.196,1.5225292444229126,2.5263822078704834,1.3448249101638794,0.08487766981124878,-0.3698626458644867,0.0038366883527487516,1.9992406368255615,-8.69100284576416,-74.15185546875,-198.86904907226562,-67.49557495117188,98.09923553466797,-3451.0,-5123.0,-2734.0,0,0,0,0,0
135010.328,1.5234304666519165,2.522026777267456,1.344642996788025,0.081303671002388,-0.3740893304347992,0.0027679952327162027,0.5442262291908264,-8.123207092285156,-74.28530883789062,-98.52066040039062,-74.48956298828125,-77.3629379272461,2657.0,-5853.0,-2610.0,0,0,0,0,0
135020.036,1.5242528915405273,2.51704478263855,1.3443137407302856,0.08041234314441681,-0.3796585202217102,0.013513319194316864,-0.5410089492797852,-7.56972599029541,-74.88187408447266,-90.18172454833984,-73.22122192382812,85.11305236816406,5944.0,-5829.0,-3143.0,0,0,0,0,0
135030.146,1.52504563331604,2.512016773223877,1.3439464569091797,0.08013571798801422,-0.37959206104278564,-0.009957283735275269,-0.6681643128395081,-6.952784538269043,-74.58819580078125,63.33959197998047,-63.86290740966797,92.79975128173828,4571.0,-5880.0,-3782.0,0,0,0,0,0
135039.827,1.5259425640106201,2.5070242881774902,1.3433866500854492,0.08146776258945465,-0.37959393858909607,-0.019361697137355804,0.146152526140213,-6.379544258117676,-73.73241424560547,63.50933074951172,-69.31427764892578,-50.86539840698242,-392.0,-6056.0,-3566.0,0,0,0,0,0
135049.962,1.5268827676773071,2.5026097297668457,1.3432791233062744,0.08240383863449097,-0.38300055265426636,0.026943234726786613,0.9720414280891418,-5.670385837554932,-73.92481231689453,14.711822509765625,-66.05718994140625,-128.78958129882812,-3900.0,-6360.0,-2680.0,0,0,0,0,0
135059.65,1.528052806854248,2.497666120529175,1.3434354066848755,0.08141069859266281,-0.38539281487464905,0.05946236103773117,0.9596111178398132,-5.094976425170898,-74.60017395019531,89.12405395507812,-40.418277740478516,185.42117309570312,-3329.0,-6631.0,-2476.0,0,0,0,0,0
135069.783,1.529151439666748,2.4927289485931396,1.3435393571853638,0.08070997148752213,-0.38155892491340637,0.03586743399500847,2.0567378997802734,-4.5635833740234375,-74.31463623046875,24.90485954284668,-87.64018249511719,-101.30489349365234,-4181.0,-6339.0,-2683.0,0,0,0,0,0
135079.458,1.5302008390426636,2.4877984523773193,1.3435958623886108,0.07643291354179382,-0.37921395897865295,0.020972440019249916,1.4647094011306763,-3.7960174083709717,-73.81584167480469,-162.51431274414062,-47.93007278442383,-5.896693229675293,-1528.0,-6735.0,-2607.0,0,0,0,0,0
135089.594,1.5309245586395264,2.4829814434051514,1.3433551788330078,0.07141189277172089,-0.37606117129325867,0.017991287633776665,0.13684852421283722,-3.144785165786743,-74.76753234863281,-119.14077758789062,-71.51900482177734,42.59150695800781,4113.0,-7554.0,-2295.0,0,0,0,0,0
135099.284,1.5315124988555908,2.478182315826416,1.3432555198669434,0.06885799020528793,-0.3723621964454651,0.04387960582971573,-0.999717652797699,-2.524937391281128,-74.82828521728516,-13.614762306213379,-58.968135833740234,157.17616271972656,6590.0,-7653.0,-3094.0,0,0,0,0,0
135109.414,1.5321625471115112,2.473918914794922,1.3432598114013672,0.06733989715576172,-0.36302003264427185,-0.01318384800106287,-0.7961006760597229,-1.911971926689148,-74.50397491455078,73.0435791015625,-61.44524002075195,108.90077209472656,3614.0,-7390.0,-3483.0,0,0,0,0,0
135119.09,1.5328794717788696,2.4692790508270264,1.342935562133789,0.0670696347951889,-0.3561999797821045,0.006217888090759516,-0.16032639145851135,-1.34195876121521,-73.76625061035156,91.22089385986328,-81.5872573852539,-120.96566009521484,-1082.0,-7323.0,-3200.0,0,0,0,0,0
135129.226,1.5336802005767822,2.4648067951202393,1.3428434133529663,0.06564860045909882,-0.3489518463611603,0.047460347414016724,0.6006870865821838,-0.650262713432312,-74.30618286132812,-25.548852920532227,-69.5373306274414,-133.2337188720703,-3694.0,-7661.0,-2605.0,0,0,0,0,0
135138.917,1.5346015691757202,2.460489511489868,1.3430019617080688,0.06294482201337814,-0.34022286534309387,0.048031073063611984,0.8044847249984741,-0.13145866990089417,-74.28511047363281,119.24810028076172,-46.880943298339844,26.070112228393555,-3080.0,-7903.0,-2778.0,0,0,0,0,0
135149.051,1.5354325771331787,2.4563918113708496,1.343076467514038,0.0606422945857048,-0.3306175768375397,0.03887031227350235,1.8592002391815186,0.41750696301460266,-74.91061401367188,-75.22696685791016,-68.5992431640625,112.18997192382812,-4262.0,-7570.0,-2880.0,0,0,0,0,0
135158.723,1.5360667705535889,2.4527134895324707,1.3432329893112183,0.054122425615787506,-0.32103514671325684,0.0225380826741457,0.6740254163742065,1.11851167678833,-74.26815032958984,-105.50802612304688,-61.8723258972168,-123.76207733154297,-2.0,-8058.0,-3295.0,0,0,0,0,0
135168.876,1.536535620689392,2.4487903118133545,1.3430715799331665,0.049136728048324585,-0.3107869625091553,0.01822674833238125,-0.36632707715034485,1.7824422121047974,-75.19741821289062,-116.28269958496094,-54.807456970214844,-66.50869750976562,4878.0,-8926.0,-3562.0,0,0,0,0,0
135178.55,1.5368837118148804,2.445007085800171,1.3431655168533325,0.04590323567390442,-0.2970030903816223,0.06123659014701843,-1.3784583806991577,2.3307507038116455,-74.9122543334961,42.80190658569336,-58.70321273803711,54.20975875854492,6296.0,-9141.0,-4432.0,0,0,0,0,0
135188.675,1.5372618436813354,2.4414055347442627,1.343051552772522,0.044798824936151505,-0.2888113856315613,-0.03168926388025284,-0.904122531414032,2.918391704559326,-74.75615692138672,74.72799682617188,-55.9905891418457,134.29148864746094,2396.0,-9022.0,-4570.0,0,0,0,0,0
135198.357,1.5377839803695679,2.437991142272949,1.342793345451355,0.04282592609524727,-0.27197006344795227,0.02091914229094982,-0.2810685932636261,3.4533302783966064,-74.3615951538086,112.35954284667969,-55.50025939941406,13.495488166809082,-1963.0,-9088.0,-4203.0,0,0,0,0,0
135208.492,1.5382946729660034,2.435088634490967,1.343029260635376,0.039728794246912,-0.2551337778568268,0.05255751684308052,0.42616838216781616,4.0133562088012695,-74.79280853271484,-17.4704532623291,-44.7713737487793,-38.79616928100586,-3780.0,-9200.0,-3833.0,0,0,0,0,0
135218.183,1.5389071702957153,2.432210683822632,1.3432278633117676,0.03636321797966957,-0.24121928215026855,0.04078804329037666,0.6936456561088562,4.368858337402344,-74.27069091796875,129.4398651123047,-32.358543395996094,-45.30461120605469,-3270.0,-8891.0,-3826.0,0,0,0,0,0
135228.318,1.5394402742385864,2.429525852203369,1.3432923555374146,0.033333051949739456,-0.2273866832256317,0.027434412389993668,1.631679654121399,4.784271717071533,-75.19290161132812,-132.7987823486328,-46.533164978027344,213.7688446044922,-4179.0,-8832.0,-3725.0,0,0,0,0,0
135237.999,1.5397599935531616,2.4269707202911377,1.3432950973510742,0.02592647261917591,-0.21448397636413574,0.015551810152828693,0.137584388256073,5.224376678466797,-74.19520568847656,-88.9488525390625,-66.38352966308594,-222.11618041992188,1389.0,-9135.0,-3795.0,0,0,0,0,0
135248.128,1.539851427078247,2.4246273040771484,1.343127727508545,0.02093794196844101,-0.20090532302856445,0.002070549875497818,-0.7980592250823975,5.801131248474121,-74.86970520019531,-116.3140869140625,-40.101375579833984,-53.944095611572266,5524.0,-9389.0,-3531.0,0,0,0,0,0
135257.817,1.5398545265197754,2.4224863052368164,1.3430466651916504,0.017057210206985474,-0.1812998354434967,0.03290953487157822,-1.6704740524291992,6.224493026733398,-74.40799713134766,55.66487503051758,-52.14242172241211,-96.67659759521484,5959.0,-10013.0,-3671.0,0,0,0,0,0
135267.949,1.5399584770202637,2.420612096786499,1.3428499698638916,0.01727931760251522,-0.17408806085586548,-0.0503714419901371,-1.0443273782730103,6.738394260406494,-74.5439453125,62.08932876586914,-45.14638900756836,101.98356628417969,1570.0,-10344.0,-3387.0,0,0,0,0,0
135277.623,1.540096640586853,2.4189374446868896,1.3423629999160767,0.0139725087210536,-0.1505701094865799,6.574003054993227e-05,-0.3227652609348297,7.247200965881348,-74.66555786132812,96.61392974853516,-39.09109878540039,116.94088745117188,-2741.0,-11347.0,-3177.0,0,0,0,0,0
135287.761,1.5403773784637451,2.417473793029785,1.3423713445663452,0.009563108906149864,-0.1269092559814453,0.034309521317481995,0.18022875487804413,7.767171859741211,-75.03496551513672,5.803283214569092,-26.612407684326172,54.76093673706055,-3621.0,-11279.0,-3365.0,0,0,0,0,0
135297.449,1.5406551361083984,2.4163010120391846,1.3425110578536987,0.006898433901369572,-0.10994105786085129,0.013635346665978432,1.046688437461853,8.051981925964355,-74.86742401123047,130.68460083007812,-31.344112396240234,-109.45368194580078,-3555.0,-10950.0,-3839.0,0,0,0,0,0
135307.576,1.5407153367996216,2.416431188583374,1.3424357175827026,0.007094766013324261,-0.10958743840456009,0.013312050141394138,1.046688437461853,8.051981925964355,-74.86742401123047,-171.77108764648438,-36.53876495361328,90.41004180908203,-3977.0,-10283.0,-4485.0,0,0,0,0,0
135317.256,1.5407164096832275,2.4155073165893555,1.3422952890396118,0.001484983484260738,-0.09340047091245651,-0.006388862617313862,0.98550945520401,8.371456146240234,-75.20106506347656,-104.56169891357422,-45.37126541137695,-199.25277709960938,2253.0,-10314.0,-4899.0,0,0,0,0,0
135327.391,1.5405018329620361,2.414793014526367,1.3419873714447021,-0.006014267448335886,-0.07612568885087967,-0.014855502173304558,-0.436504065990448,8.71941089630127,-75.59953308105469,-100.3342056274414,-32.56513977050781,53.2459602355957,6375.0,-10913.0,-5767.0,0,0,0,0,0
135337.082,1.5401496887207031,2.4143853187561035,1.3420006036758423,-0.01177747268229723,-0.048700205981731415,0.03571111708879471,-1.6983977556228638,9.044158935546875,-75.11859130859375,65.16389465332031,-54.576026916503906,-82.06886291503906,5630.0,-11616.0,-5840.0,0,0,0,0,0
135347.208,1.5399012565612793,2.4143333435058594,1.3418431282043457,-0.011311119422316551,-0.04338984563946724,-0.040617961436510086,-1.3257607221603394,9.584402084350586,-75.13700866699219,47.67395782470703,-42.456485748291016,-1.6882357597351074,378.0,-12873.0,-5496.0,0,0,0,0,0
135356.888,1.539767861366272,2.4142189025878906,1.341628074645996,-0.014101174660027027,-0.018878016620874405,-0.0019678629469126463,-0.773276150226593,10.057567596435547,-74.53436279296875,51.118595123291016,-43.41267013549805,-45.59165954589844,-3173.0,-13911.0,-4889.0,0,0,0,0,0
135367.025,1.539713740348816,2.414720296859741,1.3416656255722046,-0.017744362354278564,0.0062712556682527065,0.033124227076768875,0.020118577405810356,10.50658893585205,-74.88807678222656,64.5421142578125,-13.447799682617188,166.3515167236328,-3323.0,-14431.0,-4671.0,0,0,0,0,0
135376.732,1.5396043062210083,2.4154930114746094,1.3418611288070679,-0.021313931792974472,0.024458006024360657,0.029130998998880386,0.2709546387195587,10.783607482910156,-74.8045654296875,83.5064697265625,-29.946815490722656,-162.2014923095703,-4169.0,-13414.0,-4495.0,0,0,0,0,0
135386.841,1.5394082069396973,2.41650390625,1.342000961303711,-0.02339138090610504,0.039829663932323456,0.009138708934187889,1.5323132276535034,10.986398696899414,-75.88831329345703,-180.7278289794922,-11.718727111816406,47.153621673583984,-2830.0,-12669.0,-5242.0,0,0,0,0,0
135396.525,1.5389668941497803,2.4176154136657715,1.341942310333252,-0.030580179765820503,0.0535404272377491,-0.011406302452087402,0.011648677289485931,11.10715103149414,-74.94184112548828,-105.74195098876953,-14.416708946228027,-39.98030090332031,3703.0,-12243.0,-5245.0,0,0,0,0,0
135406.659,1.5385112762451172,2.418572425842285,1.3417975902557373,-0.03555664047598839,0.06970258057117462,-0.015407759696245193,-0.9662479162216187,11.242448806762695,-75.30313110351562,-65.61731719970703,-23.507600784301758,73.37213897705078,6649.0,-12365.0,-5005.0,0,0,0,0,0
135416.351,1.5378658771514893,2.4200923442840576,1.341883659362793,-0.04043794050812721,0.0980757549405098,0.03635610640048981,-2.157431125640869,11.334027290344238,-74.1147232055664,83.60572814941406,-22.699623107910156,98.18291473388672,4778.0,-13122.0,-3925.0,0,0,0,0,0
135426.495,1.5373077392578125,2.421870231628418,1.3417195081710815,-0.038121841847896576,0.09607785940170288,-0.061092719435691833,-1.6519426107406616,11.694242477416992,-74.12528991699219,81.70447540283203,-33.790531158447266,-147.0105438232422,-479.0,-14504.0,-2627.0,0,0,0,0,0
135436.155,1.5368995666503906,2.423886299133301,1.3413052558898926,-0.04100816324353218,0.12536606192588806,-0.008534738793969154,-0.8200299739837646,12.007929801940918,-74.3602523803711,8.708581924438477,-28.870866775512695,-207.61329650878906,-3785.0,-15373.0,-2088.0,0,0,0,0,0
135446.292,1.5365768671035767,2.426248788833618,1.3414398431777954,-0.04448600858449936,0.1506989300251007,0.025835689157247543,-0.19462142884731293,12.26318073272705,-74.71997833251953,125.22689056396484,12.18555736541748,48.00163269042969,-3190.0,-15383.0,-2416.0,0,0,0,0,0
135455.99,1.5361542701721191,2.428335428237915,1.341666579246521,-0.0471174530684948,0.16559474170207977,0.017692413181066513,0.2949060797691345,12.266629219055176,-74.50570678710938,-4.986063003540039,19.26007080078125,-29.1546630859375,-4718.0,-14187.0,-2944.0,0,0,0,0,0
135466.107,1.5356791019439697,2.4311413764953613,1.3418775796890259,-0.049425967037677765,0.1804155558347702,0.004392624832689762,1.416872501373291,12.195135116577148,-75.87140655517578,-135.683837890625,10.689801216125488,99.33534240722656,-1132.0,-12896.0,-4248.0,0,0,0,0,0
135475.798,1.5349445343017578,2.4340367317199707,1.341821551322937,-0.05647025257349014,0.1941223442554474,-0.005917775444686413,-0.2583194077014923,12.007918357849121,-75.03779602050781,-113.32046508789062,20.811185836791992,126.94253540039062,4710.0,-12341.0,-5125.0,0,0,0,0,0
135485.923,1.534051775932312,2.4371118545532227,1.3417407274246216,-0.0608789287507534,0.20990867912769318,-0.00530587462708354,-1.2083072662353516,11.88608169555664,-75.3694839477539,0.21405203640460968,-1.895208477973938,62.306392669677734,6637.0,-12384.0,-5185.0,0,0,0,0,0
135495.624,1.5331686735153198,2.4403305053710938,1.3419088125228882,-0.06403801590204239,0.23232261836528778,0.029311403632164,-2.0060627460479736,11.752009391784668,-74.28499603271484,89.29629516601562,18.242321014404297,136.14669799804688,3207.0,-13264.0,-4376.0,0,0,0,0,0
135505.744,1.532440185546875,2.4437665939331055,1.341723084449768,-0.060877811163663864,0.23129001259803772,-0.049828674644231796,-1.4114711284637451,11.717024803161621,-73.69573211669922,104.09090423583984,17.811824798583984,-34.79053497314453,-1557.0,-13960.0,-2798.0,0,0,0,0,0
135515.42,1.5318341255187988,2.4468021392822266,1.3414925336837769,-0.06358394771814346,0.2555229663848877,0.0064330617897212505,-0.5294027328491211,11.65367603302002,-74.08585357666016,-7.3601155281066895,15.473657608032227,-117.12901306152344,-3876.0,-14327.0,-1956.0,0,0,0,0,0
135525.564,1.531239628791809,2.4507319927215576,1.3417673110961914,-0.06678998470306396,0.2762919068336487,0.04192332550883293,-0.03822266310453415,11.563886642456055,-74.84831237792969,149.54547119140625,31.713661193847656,-108.20384216308594,-3366.0,-13963.0,-2121.0,0,0,0,0,0
135535.248,1.5306037664413452,2.454857110977173,1.342225432395935,-0.06720408797264099,0.2859760820865631,0.021705102175474167,0.783626139163971,11.212376594543457,-74.30656433105469,-100.30817413330078,61.7627067565918,150.70904541015625,-4702.0,-12796.0,-2511.0,0,0,0,0,0
135545.373,1.5297735929489136,2.4589850902557373,1.34236741065979,-0.07045183330774307,0.2956770360469818,0.010672274976968765,1.0401090383529663,10.833928108215332,-74.96556854248047,-72.97373962402344,33.53266906738281,-125.0987548828125,875.0,-11704.0,-3058.0,0,0,0,0,0
135555.053,1.5289156436920166,2.462587356567383,1.342442274093628,-0.07574882358312607,0.3043211102485657,0.01070435717701912,-0.2690172493457794,10.335628509521484,-75.12106323242188,-99.71884155273438,60.037864685058594,217.0465545654297,5170.0,-11077.0,-4122.0,0,0,0,0,0
135565.193,1.5278133153915405,2.4669125080108643,1.342556118965149,-0.0790330171585083,0.3158436119556427,0.020919864997267723,-1.3101447820663452,9.805802345275879,-74.81138610839844,44.34721755981445,20.682861328125,3.8300914764404297,6039.0,-10871.0,-4094.0,0,0,0,0,0
135574.881,1.5267360210418701,2.471364974975586,1.3427011966705322,-0.07919973134994507,0.32351866364479065,0.014239604584872723,-1.6503305435180664,9.500732421875,-74.09187316894531,83.6351547241211,52.07440185546875,24.97549057006836,1713.0,-11669.0,-3119.0,0,0,0,0,0
135585.006,1.5258126258850098,2.475917100906372,1.3426766395568848,-0.07682296633720398,0.32801055908203125,-0.012847657315433025,-0.8987593650817871,9.037278175354004,-73.67568969726562,98.27747344970703,58.61425018310547,57.387290954589844,-2858.0,-11930.0,-1992.0,0,0,0,0,0
135594.697,1.525077223777771,2.4805612564086914,1.3427907228469849,-0.07741355895996094,0.3416770398616791,0.030937334522604942,0.06878510117530823,8.610774040222168,-73.90923309326172,13.302725791931152,62.074928283691406,78.98800659179688,-4175.0,-11739.0,-1432.0,0,0,0,0,0
135604.824,1.5243134498596191,2.4846858978271484,1.343239665031433,-0.07955918461084366,0.34998032450675964,0.061914414167404175,0.34917521476745605,8.134522438049316,-74.26593017578125,137.00137329101562,48.29389953613281,-158.50039672851562,-3979.0,-11208.0,-1208.0,0,0,0,0,0
135614.516,1.523563027381897,2.4895412921905518,1.3438966274261475,-0.07833027839660645,0.3526475131511688,0.04124848544597626,1.5310877561569214,7.581036567687988,-74.2922134399414,-163.34869384765625,90.26129150390625,73.72959899902344,-4373.0,-10569.0,-1735.0,0,0,0,0,0
135624.639,1.5226155519485474,2.4943740367889404,1.3441519737243652,-0.08118879795074463,0.35403722524642944,0.024215007200837135,1.0882781744003296,6.844075679779053,-74.46466827392578,-69.05848693847656,81.3573989868164,-213.9326171875,1896.0,-9121.0,-2190.0,0,0,0,0,0
135634.32,1.5214896202087402,2.4991793632507324,1.3442847728729248,-0.08462824672460556,0.355518102645874,0.020807281136512756,0.04011702537536621,6.112597465515137,-75.11087036132812,-94.48509979248047,80.550537109375,188.52847290039062,5518.0,-8134.0,-3436.0,0,0,0,0,0
135644.461,1.5202136039733887,2.5043601989746094,1.3445903062820435,-0.08619219809770584,0.3590525686740875,0.0502064973115921,-1.1345940828323364,5.2656636238098145,-74.21524810791016,57.84367752075195,50.637786865234375,-34.749839782714844,5409.0,-8489.0,-3320.0,0,0,0,0,0
135654.147,1.519132137298584,2.5090768337249756,1.344587802886963,-0.0834127813577652,0.3528161644935608,-0.01892305351793766,-0.9583115577697754,4.815042972564697,-73.94852447509766,69.09818267822266,60.44005584716797,-58.347801208496094,588.0,-9678.0,-2609.0,0,0,0,0,0
135664.276,1.5182499885559082,2.5132036209106445,1.3443963527679443,-0.08062100410461426,0.3516812324523926,-0.004531702492386103,-0.15708276629447937,4.120119571685791,-73.91513061523438,73.22190856933594,67.6292724609375,15.738987922668457,-3429.0,-9578.0,-2023.0,0,0,0,0,0
135673.952,1.5174756050109863,2.51796293258667,1.3444125652313232,-0.07911543548107147,0.3514973521232605,0.026744233444333076,0.6900700330734253,3.4566802978515625,-73.9213638305664,29.82619285583496,79.32411193847656,197.2369384765625,-4058.0,-8480.0,-1728.0,0,0,0,0,0
135684.091,1.5167080163955688,2.5226919651031494,1.344692349433899,-0.0788782387971878,0.34895142912864685,0.046829722821712494,0.8704690933227539,2.7635300159454346,-73.37354278564453,122.11656951904297,66.92207336425781,-133.94049072265625,-4278.0,-8034.0,-837.0,0,0,0,0,0
135693.78,1.515823483467102,2.5277090072631836,1.3451279401779175,-0.0765838623046875,0.343331903219223,0.02716248109936714,2.1986167430877686,2.0069775581359863,-74.11846923828125,-182.28143310546875,101.36064147949219,5.694949150085449,-4063.0,-7427.0,-844.0,0,0,0,0,0
135703.906,1.5149483680725098,2.5317111015319824,1.3452692031860352,-0.07910378277301788,0.3352832794189453,0.011933960020542145,0.9505470395088196,1.039939522743225,-73.70388793945312,-77.29670715332031,94.00565338134766,-243.7967987060547,2548.0,-6012.0,-844.0,0,0,0,0,0
135713.586,1.5137896537780762,2.5364503860473633,1.345241665840149,-0.07981948554515839,0.3267228901386261,0.0034377556294202805,-0.038332559168338776,0.13391216099262238,-74.68228912353516,-111.3687973022461,76.80740356445312,60.286354064941406,5907.0,-5751.0,-1554.0,0,0,0,0,0
135723.723,1.5126739740371704,2.540595531463623,1.3453999757766724,-0.07744549959897995,0.3176570236682892,0.053583744913339615,-1.0148608684539795,-0.593514621257782,-73.85665893554688,61.79091262817383,67.54779815673828,-105.58197784423828,5257.0,-6895.0,-2038.0,0,0,0,0,0
135733.413,1.5116652250289917,2.5446507930755615,1.3452980518341064,-0.07404936850070953,0.31046682596206665,-0.04315111041069031,-0.4343436062335968,-1.2409051656723022,-73.69205474853516,52.54882049560547,66.98783874511719,-32.25801467895508,429.0,-6950.0,-1785.0,0,0,0,0,0
135743.538,1.5108847618103027,2.5486321449279785,1.3449747562408447,-0.0692547857761383,0.2987825572490692,0.01016797311604023,0.27613866329193115,-1.9772909879684448,-73.84123229980469,66.36043548583984,72.01266479492188,16.447376251220703,-3496.0,-5857.0,-1551.0,0,0,0,0,0
135753.231,1.5102567672729492,2.5524914264678955,1.3450500965118408,-0.06544187664985657,0.2866787314414978,0.03318203240633011,0.9503495693206787,-2.723935604095459,-73.88705444335938,31.84231948852539,79.45433044433594,227.86062622070312,-3803.0,-5350.0,-1431.0,0,0,0,0,0
135763.366,1.5096524953842163,2.555692434310913,1.345301866531372,-0.062495771795511246,0.27326738834381104,0.034057386219501495,1.3352668285369873,-3.4844250679016113,-72.61868286132812,122.87984466552734,60.0640754699707,-86.96952819824219,-4286.0,-5151.0,-443.0,0,0,0,0,0
135773.059,1.509097933769226,2.5591249465942383,1.3454334735870361,-0.059132177382707596,0.26087015867233276,0.019618695601820946,2.474940776824951,-4.120914459228516,-73.302978515625,-186.7801513671875,87.904296875,2.1686816215515137,-3925.0,-5149.0,395.0,0,0,0,0,0
135783.182,1.5083494186401367,2.562361001968384,1.3452953100204468,-0.06036427617073059,0.2478657066822052,-0.004343163687735796,1.2217423915863037,-4.962883949279785,-72.94056701660156,-90.25775146484375,74.2713851928711,-261.256103515625,2479.0,-4344.0,802.0,0,0,0,0,0
135792.855,1.5075104236602783,2.5653698444366455,1.34499192237854,-0.05961700156331062,0.23297350108623505,-0.014231027103960514,0.14352302253246307,-5.66914701461792,-74.05191040039062,-107.24730682373047,45.30187225341797,-21.22023582458496,6158.0,-3929.0,229.0,0,0,0,0,0
135802.99,1.5066605806350708,2.5681543350219727,1.3448957204818726,-0.05445331335067749,0.21213804185390472,0.030901256948709488,-0.8768564462661743,-6.20613431930542,-73.77872467041016,63.474365234375,62.866546630859375,-67.97362518310547,5483.0,-4925.0,-603.0,0,0,0,0,0
135812.68,1.5060186386108398,2.5705137252807617,1.3446309566497803,-0.05165759474039078,0.2062760889530182,-0.06377362459897995,-0.3706929683685303,-6.739367485046387,-73.75715637207031,50.24081802368164,56.18275451660156,37.46207809448242,332.0,-4968.0,-1224.0,0,0,0,0,0
135822.817,1.5055161714553833,2.5729446411132812,1.3440037965774536,-0.0441804863512516,0.18411047756671906,-0.017403708770871162,0.2648427486419678,-7.403392791748047,-73.94378662109375,46.682559967041016,68.96915435791016,-10.61839771270752,-3292.0,-4359.0,-1723.0,0,0,0,0,0
135832.485,1.5052111148834229,2.5751452445983887,1.3437401056289673,-0.038147762417793274,0.16359804570674896,0.006841664668172598,0.886979341506958,-8.06633472442627,-74.02372741699219,53.42100143432617,75.00631713867188,247.58779907226562,-3219.0,-3344.0,-2082.0,0,0,0,0,0
135842.621,1.5049805641174316,2.577072858810425,1.343565821647644,-0.033620115369558334,0.14727741479873657,-0.003861580276861787,1.4036279916763306,-8.749872207641602,-72.88951873779297,100.90813446044922,53.88326644897461,-37.00050735473633,-4149.0,-2835.0,-1527.0,0,0,0,0,0
135852.319,1.504706859588623,2.5787553787231445,1.34334397315979,-0.029701698571443558,0.12940575182437897,-0.011351555585861206,2.31195068359375,-9.28215217590332,-73.61646270751953,-181.5310516357422,60.718074798583984,57.3077507019043,-3191.0,-2775.0,-925.0,0,0,0,0,0
135862.437,1.5043703317642212,2.580052614212036,1.3429940938949585,-0.029758790507912636,0.11343725770711899,-0.037647828459739685,1.0779366493225098,-9.909780502319336,-72.77403259277344,-107.91670989990234,39.95608901977539,-155.45098876953125,3031.0,-2560.0,-68.0,0,0,0,0,0
135872.119,1.5038989782333374,2.581205129623413,1.3423365354537964,-0.027743840590119362,0.09548938274383545,-0.052471525967121124,-0.04734230786561966,-10.364809036254883,-73.05914306640625,-98.4834213256836,36.08123779296875,-97.62603759765625,6675.0,-2585.0,650.0,0,0,0,0,0
135882.263,1.503472089767456,2.582019090652466,1.3419023752212524,-0.018681049346923828,0.06494192779064178,0.005888976156711578,-1.0915791988372803,-10.848174095153809,-73.19351959228516,64.06951904296875,49.54337692260742,-138.34512329101562,5461.0,-2837.0,699.0,0,0,0,0,0
135891.945,1.5032155513763428,2.5826549530029297,1.3412185907363892,-0.01745995320379734,0.06386025995016098,-0.09205605089664459,-0.6492336988449097,-11.291360855102539,-73.8048095703125,45.65214920043945,38.082401275634766,-22.073091506958008,294.0,-2469.0,16.0,0,0,0,0,0
135902.07,1.503188133239746,2.583111524581909,1.3403875827789307,-0.006521737203001976,0.032162491232156754,-0.03234873339533806,-0.07295337319374084,-11.740134239196777,-74.00496673583984,42.91499328613281,38.05886459350586,-52.01140594482422,-3129.0,-2295.0,-925.0,0,0,0,0,0
135911.75,1.5032745599746704,2.5832762718200684,1.340135097503662,0.0015168257523328066,0.005508369766175747,-0.0006764468271285295,0.449925035238266,-12.101835250854492,-74.19849395751953,72.174560546875,36.87364959716797,171.07928466796875,-2987.0,-2251.0,-1804.0,0,0,0,0,0
135921.894,1.503540277481079,2.5831193923950195,1.3398747444152832,0.007272463757544756,-0.01280155498534441,-0.010685812681913376,1.1573150157928467,-12.436542510986328,-73.2524185180664,70.50206756591797,19.54709243774414,-51.599021911621094,-4205.0,-2484.0,-1904.0,0,0,0,0,0
135931.579,1.5038011074066162,2.5826797485351562,1.3396008014678955,0.011662555858492851,-0.03106888383626938,-0.023054223507642746,1.8713346719741821,-12.651350975036621,-73.81200408935547,-179.65487670898438,28.897052764892578,80.59315490722656,-2252.0,-2676.0,-1752.0,0,0,0,0,0
135941.703,1.503887414932251,2.5819644927978516,1.3390625715255737,0.012327332980930805,-0.049408476799726486,-0.0376686155796051,0.5173802971839905,-12.942151069641113,-73.0843505859375,-114.09902954101562,22.959802627563477,-150.17710876464844,3870.0,-2470.0,-1544.0,0,0,0,0,0
135951.395,1.5039207935333252,2.5809829235076904,1.3384183645248413,0.015611455775797367,-0.06990332156419754,-0.0396835096180439,-0.8417566418647766,-13.173617362976074,-74.54100799560547,-45.88154220581055,-23.892574310302734,17.421201705932617,6757.0,-2195.0,-2086.0,0,0,0,0,0
135961.52,1.504068374633789,2.579684257507324,1.3379168510437012,0.024392716586589813,-0.09670209884643555,-0.01026386022567749,-1.2858190536499023,-13.177034378051758,-74.31651306152344,76.9715805053711,20.579479217529297,175.06002807617188,4287.0,-3137.0,-3014.0,0,0,0,0,0
135971.211,1.5043483972549438,2.578472852706909,1.3372576236724854,0.02638634666800499,-0.09668667614459991,-0.09064316004514694,-0.4961685538291931,-13.343962669372559,-73.87300109863281,91.21269989013672,-0.2156360149383545,75.53350067138672,-853.0,-2938.0,-3132.0,0,0,0,0,0
135981.336,1.5048469305038452,2.576866388320923,1.3363813161849976,0.03713836520910263,-0.12970413267612457,-0.029327185824513435,0.3444780111312866,-13.401500701904297,-73.77717590332031,-1.7534664869308472,18.254117965698242,-82.26708984375,-4007.0,-2704.0,-2714.0,0,0,0,0,0
135991.022,1.505569338798523,2.5748660564422607,1.3360615968704224,0.04452061653137207,-0.15683186054229736,0.005943519528955221,0.566693902015686,-13.540858268737793,-74.03937530517578,140.9164276123047,1.6711567640304565,-12.143401145935059,-3154.0,-2148.0,-2358.0,0,0,0,0,0
136001.157,1.5063248872756958,2.5725769996643066,1.3358185291290283,0.0493074469268322,-0.17206954956054688,-0.00840508472174406,1.6368345022201538,-13.590341567993164,-73.57772064208984,-40.540889739990234,-0.5656143426895142,38.714385986328125,-5060.0,-2302.0,-1980.0,0,0,0,0,0
136010.843,1.5069332122802734,2.5703954696655273,1.3354957103729248,0.050719279795885086,-0.18552015721797943,-0.02843531034886837,1.5217937231063843,-13.501679420471191,-73.55020141601562,-108.24131774902344,6.699476718902588,13.865047454833984,-105.0,-2639.0,-1321.0,0,0,0,0,0
136020.972,1.5074951648712158,2.5676662921905518,1.334895372390747,0.0518551766872406,-0.20401738584041595,-0.029314113780856133,0.1832903027534485,-13.48896312713623,-73.38711547851562,-88.97108459472656,-6.82810115814209,28.130115509033203,4990.0,-2802.0,-853.0,0,0,0,0,0
136030.65,1.508002519607544,2.5646493434906006,1.3344295024871826,0.0574808344244957,-0.22816704213619232,-0.00035431160358712077,-0.809572696685791,-13.334382057189941,-73.70790100097656,9.468038558959961,-22.24114418029785,-69.61119079589844,6104.0,-3197.0,-705.0,0,0,0,0,0
136040.788,1.5086333751678467,2.561411142349243,1.3340144157409668,0.060688331723213196,-0.2388981133699417,-0.026403188705444336,-1.0936435461044312,-13.089272499084473,-74.17083740234375,88.50457000732422,-26.4576358795166,-18.1683292388916,2439.0,-3472.0,-1154.0,0,0,0,0,0
136050.481,1.5094560384750366,2.55804443359375,1.3333520889282227,0.06607808917760849,-0.2498488575220108,-0.04439133033156395,-0.26029151678085327,-12.949251174926758,-74.0212173461914,96.87166595458984,-38.05138397216797,39.8076286315918,-2578.0,-3498.0,-1664.0,0,0,0,0,0
136060.609,1.5105923414230347,2.554220199584961,1.3328125476837158,0.07430687546730042,-0.27503612637519836,-0.0015323763946071267,0.7011752724647522,-12.660282135009766,-73.90868377685547,-12.237247467041016,-25.00737762451172,-69.70687866210938,-4106.0,-3500.0,-1954.0,0,0,0,0,0
136070.288,1.5115468502044678,2.5509092807769775,1.3327937126159668,0.07834148406982422,-0.2937782108783722,0.026523100212216377,0.803811252117157,-12.467631340026855,-74.08118438720703,143.376220703125,-48.22163391113281,-181.6446533203125,-3709.0,-2975.0,-2113.0,0,0,0,0,0
136080.425,1.5126979351043701,2.546952962875366,1.332702875137329,0.08118186146020889,-0.3022470474243164,0.0033908614423125982,1.854824423789978,-12.162339210510254,-74.8685302734375,-175.98712158203125,-39.87431335449219,200.13943481445312,-4003.0,-3228.0,-2825.0,0,0,0,0,0
136090.11,1.513676404953003,2.5427982807159424,1.3323758840560913,0.08011674135923386,-0.31502917408943176,-0.0015786204021424055,0.8279964923858643,-11.808497428894043,-73.65914916992188,-69.81730651855469,-63.38641357421875,-246.5396270751953,2384.0,-4005.0,-2870.0,0,0,0,0,0
136100.235,1.5145307779312134,2.5384490489959717,1.3320409059524536,0.08061150461435318,-0.3277208209037781,-0.0001856557937571779,-0.3254773020744324,-11.382769584655762,-74.66266632080078,-83.72152709960938,-42.18964385986328,-1.3260786533355713,5749.0,-4519.0,-3075.0,0,0,0,0,0
136109.926,1.5154165029525757,2.5338833332061768,1.3319687843322754,0.08627011626958847,-0.3477030098438263,0.050435882061719894,-1.0890597105026245,-10.947412490844727,-74.59525299072266,61.40501403808594,-38.22509002685547,11.933938980102539,5175.0,-4925.0,-3704.0,0,0,0,0,0
136120.06,1.5164293050765991,2.529453754425049,1.3318238258361816,0.08553782850503922,-0.3393738865852356,-0.04283209517598152,-0.45541197061538696,-10.417928695678711,-74.20513153076172,86.29206085205078,-50.05808639526367,-3.7507193088531494,171.0,-5126.0,-3695.0,0,0,0,0,0
136129.757,1.5176680088043213,2.5244369506835938,1.33130943775177,0.0916452556848526,-0.3575345575809479,0.01450837031006813,0.5686687231063843,-9.789462089538574,-74.25888061523438,54.526363372802734,-50.73438262939453,-11.953755378723145,-3977.0,-5153.0,-3352.0,0,0,0,0,0
136139.869,1.5189685821533203,2.519744873046875,1.331282377243042,0.09415572136640549,-0.3700011968612671,0.04904857277870178,0.8759683966636658,-9.300461769104004,-74.68850708007812,72.10855102539062,-33.092750549316406,155.27345275878906,-3858.0,-5386.0,-3419.0,0,0,0,0,0
136149.562,1.5202717781066895,2.514916181564331,1.3313862085342407,0.09491819888353348,-0.3741456866264343,0.03872101753950119,1.7157500982284546,-8.9324951171875,-74.26274871826172,63.96327590942383,-77.23004913330078,-113.16765594482422,-4623.0,-4824.0,-3559.0,0,0,0,0,0
136159.685,1.5214823484420776,2.50996994972229,1.3314272165298462,0.09365016967058182,-0.3771113455295563,0.017636721953749657,2.0100860595703125,-8.268592834472656,-74.62594604492188,-186.58799743652344,-57.60056686401367,92.4665298461914,-2466.0,-5254.0,-3422.0,0,0,0,0,0
136169.379,1.5224790573120117,2.5055110454559326,1.331461787223816,0.08982892334461212,-0.3814687430858612,0.02348155342042446,0.6037200689315796,-7.669501304626465,-74.12581634521484,-105.53291320800781,-72.59587097167969,-2.315534830093384,3358.0,-5952.0,-3248.0,0,0,0,0,0
136179.512,1.5234019756317139,2.500397205352783,1.331407904624939,0.08866201341152191,-0.3865034282207489,0.03633570671081543,-0.3767800033092499,-7.040857315063477,-74.69193267822266,-51.56255340576172,-83.5897216796875,25.578821182250977,5849.0,-6209.0,-3193.0,0,0,0,0,0
136189.185,1.5242977142333984,2.4953367710113525,1.3313380479812622,0.08833073824644089,-0.38696813583374023,0.02493874542415142,-0.6012359857559204,-6.380337238311768,-74.6063461303711,73.51869201660156,-69.52735900878906,134.76795959472656,3532.0,-6448.0,-3423.0,0,0,0,0,0
136199.323,1.5252995491027832,2.4903438091278076,1.3310754299163818,0.0886688306927681,-0.3832751512527466,-0.011747238226234913,0.19628821313381195,-5.759468078613281,-73.90210723876953,95.20567321777344,-80.54098510742188,-93.07660675048828,-1345.0,-6650.0,-3064.0,0,0,0,0,0
136209.007,1.5263127088546753,2.485898494720459,1.3310340642929077,0.08891376852989197,-0.3855121433734894,0.039612945169210434,1.0923420190811157,-5.041863441467285,-74.10926818847656,-17.646820068359375,-69.35063934326172,-153.0322723388672,-4508.0,-7013.0,-2486.0,0,0,0,0,0
136219.134,1.5275256633758545,2.4809467792510986,1.3313329219818115,0.08704563230276108,-0.3870110511779785,0.07904991507530212,1.0501165390014648,-4.439054012298584,-74.88744354248047,124.46060943603516,-41.99772644042969,82.88606262207031,-3342.0,-6941.0,-2660.0,0,0,0,0,0
136228.831,1.5286797285079956,2.4759914875030518,1.3316789865493774,0.08597562462091446,-0.3820684254169464,0.052504297345876694,2.175477981567383,-3.9142041206359863,-74.77197265625,-28.494245529174805,-75.33964538574219,9.801804542541504,-4745.0,-6585.0,-3295.0,0,0,0,0,0
136238.951,1.529737114906311,2.4710850715637207,1.3319116830825806,0.08090187609195709,-0.3786362111568451,0.03696582093834877,1.4800459146499634,-3.179802656173706,-74.20821380615234,-126.09611511230469,-58.65184783935547,-56.853973388671875,-702.0,-6977.0,-3430.0,0,0,0,0,0
136248.644,1.5305094718933105,2.46628999710083,1.3319510221481323,0.07564868032932281,-0.3745756149291992,0.03725508600473404,0.2301737368106842,-2.5038468837738037,-75.2092056274414,-117.69546508789062,-66.59475708007812,-37.42107009887695,4549.0,-7805.0,-3555.0,0,0,0,0,0
136258.77,1.5311253070831299,2.4615488052368164,1.3320295810699463,0.07226908206939697,-0.3693190813064575,0.05485978722572327,-0.9164239168167114,-1.8499144315719604,-75.35557556152344,38.986148834228516,-60.75728988647461,109.90995788574219,6525.0,-7994.0,-4493.0,0,0,0,0,0
136268.457,1.5318242311477661,2.4573559761047363,1.3321877717971802,0.07077515870332718,-0.35980692505836487,0.007955947890877724,-0.7248417139053345,-1.1830894947052002,-74.95352172851562,73.96864318847656,-65.13957214355469,152.41595458984375,2522.0,-8045.0,-4935.0,0,0,0,0,0
136278.592,1.5325582027435303,2.452871084213257,1.3319694995880127,0.06986866146326065,-0.35139381885528564,0.022968938574194908,-0.14517779648303986,-0.5389158725738525,-74.27605438232422,103.71244049072266,-77.78306579589844,-27.162832260131836,-1698.0,-8228.0,-4503.0,0,0,0,0,0
136288.274,1.533429503440857,2.4486536979675293,1.3320422172546387,0.06805527955293655,-0.3419351875782013,0.06761358678340912,0.6660734415054321,0.20515677332878113,-74.62638854980469,-26.25123405456543,-65.03519439697266,-67.41719055175781,-3709.0,-8741.0,-3978.0,0,0,0,0,0
136298.402,1.534340500831604,2.4445481300354004,1.332472801208496,0.06462059170007706,-0.33171382546424866,0.07743629813194275,0.7289322018623352,0.7919594049453735,-74.86780548095703,117.26741790771484,-46.28746032714844,5.707904815673828,-3078.0,-8670.0,-3941.0,0,0,0,0,0
136308.081,1.535159707069397,2.4405934810638428,1.3328471183776855,0.06214355304837227,-0.3207765221595764,0.06083035469055176,1.7837467193603516,1.2957470417022705,-74.96751403808594,-106.82002258300781,-71.42024230957031,146.23036193847656,-4160.0,-8248.0,-4073.0,0,0,0,0,0
136318.224,1.5357860326766968,2.437053680419922,1.3331856727600098,0.05571194738149643,-0.31019967794418335,0.041974227875471115,0.8459704518318176,2.030094861984253,-74.54808044433594,-109.78112030029297,-80.13546752929688,-169.98355102539062,700.0,-8648.0,-3983.0,0,0,0,0,0
136327.907,1.5362423658370972,2.4332942962646484,1.3332149982452393,0.04996516928076744,-0.298736035823822,0.0376305915415287,-0.2792019844055176,2.67234206199646,-75.48604583740234,-127.74275207519531,-62.888797760009766,-80.42413330078125,5306.0,-9531.0,-4229.0,0,0,0,0,0
136338.048,1.5365285873413086,2.4297683238983154,1.3333821296691895,0.04576931148767471,-0.2834594249725342,0.0731273740530014,-1.4801249504089355,3.2878901958465576,-75.30247497558594,61.28440856933594,-65.31986999511719,33.82954025268555,6588.0,-9771.0,-4932.0,0,0,0,0,0
136347.714,1.5368540287017822,2.426454782485962,1.3333812952041626,0.04444378241896629,-0.2739737331867218,0.0012223724042996764,-1.1027756929397583,3.940216064453125,-75.02107238769531,57.897254943847656,-54.834075927734375,151.1977081298828,2068.0,-10100.0,-4993.0,0,0,0,0,0
136357.86,1.5372925996780396,2.4233739376068115,1.333159327507019,0.04222630709409714,-0.25569191575050354,0.0369277149438858,-0.6332534551620483,4.51971435546875,-74.23743438720703,109.06201171875,-53.60380554199219,79.02944946289062,-1837.0,-10358.0,-4374.0,0,0,0,0,0
136367.541,1.5377671718597412,2.420689582824707,1.3335399627685547,0.03913294896483421,-0.2364811897277832,0.0725574940443039,0.12809723615646362,5.191733360290527,-74.67351531982422,-14.54507064819336,-47.265621185302734,63.28378677368164,-3223.0,-10692.0,-3720.0,0,0,0,0,0
136377.672,1.5383549928665161,2.4178507328033447,1.333895206451416,0.0353248231112957,-0.21980614960193634,0.058810994029045105,0.33678174018859863,5.724654197692871,-74.55967712402344,127.96983337402344,-24.85177993774414,11.081518173217773,-2938.0,-10523.0,-3509.0,0,0,0,0,0
136387.347,1.5388152599334717,2.4154775142669678,1.3341180086135864,0.031446460634469986,-0.20273037254810333,0.060803819447755814,1.3577258586883545,6.121486663818359,-75.22357940673828,-136.29962158203125,-48.66550064086914,138.97109985351562,-3857.0,-10000.0,-3570.0,0,0,0,0,0
136397.486,1.5390408039093018,2.413316249847412,1.3341706991195679,0.0245044082403183,-0.19013649225234985,0.030699191614985466,0.006983965635299683,6.615575313568115,-74.51325988769531,-101.80358123779297,-63.99200439453125,-220.54019165039062,1187.0,-9572.0,-3898.0,0,0,0,0,0
136407.177,1.5390568971633911,2.411308765411377,1.334010362625122,0.01904256083071232,-0.17494501173496246,0.0176434013992548,-1.0296366214752197,7.174623489379883,-75.09191131591797,-131.36734008789062,-49.41500473022461,-72.68940734863281,5711.0,-10379.0,-3910.0,0,0,0,0,0
136417.309,1.5391135215759277,2.4095659255981445,1.3341258764266968,0.015308130532503128,-0.15167537331581116,0.05636158585548401,-2.1779630184173584,7.65864896774292,-74.61837768554688,58.023948669433594,-55.8211784362793,-50.98447036743164,6851.0,-11638.0,-4007.0,0,0,0,0,0
136426.98,1.539032220840454,2.4080007076263428,1.3337671756744385,0.01520442683249712,-0.14638422429561615,-0.03662387281656265,-1.6137292385101318,8.201641082763672,-74.89836120605469,54.316856384277344,-50.32452392578125,127.16333770751953,2167.0,-12108.0,-3797.0,0,0,0,0,0
136437.126,1.5391188859939575,2.406527042388916,1.3331735134124756,0.012235584668815136,-0.11808616667985916,0.011091046966612339,-1.0099084377288818,8.793441772460938,-74.66680908203125,104.56353759765625,-40.6357307434082,102.39746856689453,-1928.0,-12602.0,-3670.0,0,0,0,0,0
136446.806,1.539338231086731,2.4055075645446777,1.332962989807129,0.008934402838349342,-0.09302464127540588,0.03374606743454933,-0.3410664200782776,9.346588134765625,-74.98477172851562,-7.975639820098877,-29.071134567260742,20.18045997619629,-3314.0,-12563.0,-3577.0,0,0,0,0,0
136456.935,1.5395393371582031,2.4047787189483643,1.3327943086624146,0.006100912112742662,-0.07480667531490326,0.011557875201106071,0.2892180383205414,9.607684135437012,-74.64916229248047,132.4887237548828,-18.735061645507812,-88.57837677001953,-3087.0,-12250.0,-3790.0,0,0,0,0,0
136466.612,1.5396031141281128,2.4049296379089355,1.3326778411865234,0.006329438183456659,-0.07441077381372452,0.01106739230453968,0.2892180383205414,9.607684135437012,-74.64916229248047,-139.5926513671875,-25.91632843017578,154.00802612304688,-3934.0,-11283.0,-4081.0,0,0,0,0,0
136476.758,1.5396196842193604,2.404473066329956,1.3323415517807007,0.0017083657439798117,-0.05616465210914612,-0.0064592561684548855,0.6211692094802856,9.873872756958008,-75.14210510253906,-92.87437438964844,-39.22503662109375,-151.36009216308594,1689.0,-11176.0,-4269.0,0,0,0,0,0
136486.452,1.53941810131073,2.4042935371398926,1.3318246603012085,-0.005177205894142389,-0.04065621644258499,-0.02348296158015728,-0.9459607601165771,10.14330005645752,-74.48035430908203,-103.01383209228516,-12.731072425842285,66.4053955078125,6106.0,-11694.0,-4093.0,0,0,0,0,0
136496.565,1.5390516519546509,2.4043350219726562,1.3311680555343628,-0.009762249886989594,-0.021927811205387115,-0.02567996457219124,-1.957381248474121,10.466917037963867,-74.7313232421875,50.2059326171875,-35.53001403808594,-94.57225036621094,6423.0,-12316.0,-3797.0,0,0,0,0,0
136506.249,1.5387427806854248,2.4046671390533447,1.3305305242538452,-0.012129759415984154,0.0003207568370271474,-0.012987874448299408,-2.434717893600464,10.797284126281738,-74.47691345214844,69.05879211425781,-39.2802734375,24.25895118713379,1780.0,-13192.0,-3474.0,0,0,0,0,0
136516.381,1.5385768413543701,2.40497088432312,1.3298590183258057,-0.010782625526189804,0.006981475278735161,-0.07669705897569656,-1.743255615234375,11.206422805786133,-74.2717514038086,94.30943298339844,-26.60112953186035,102.99745178222656,-2631.0,-14079.0,-3012.0,0,0,0,0,0
136526.083,1.5384961366653442,2.4058196544647217,1.3289519548416138,-0.013755757361650467,0.03696499019861221,-0.028018120676279068,-0.8193898797035217,11.601319313049316,-74.46183776855469,21.402137756347656,-13.830446243286133,65.55756378173828,-3809.0,-14464.0,-3045.0,0,0,0,0,0
136536.211,1.5384098291397095,2.4070215225219727,1.3285365104675293,-0.018253566697239876,0.06516218185424805,0.012304953299462795,-0.38673630356788635,11.94636344909668,-75.38291931152344,124.16923522949219,-19.710477828979492,-181.69712829589844,-4014.0,-13987.0,-3858.0,0,0,0,0,0
136545.882,1.5382657051086426,2.408519744873047,1.3282791376113892,-0.019712859764695168,0.08070296049118042,-0.010676823556423187,0.6662296056747437,12.043546676635742,-75.21953582763672,-184.60659790039062,0.5389176607131958,88.5250244140625,-3846.0,-13019.0,-5009.0,0,0,0,0,0
136556.024,1.537855625152588,2.4101386070251465,1.3277078866958618,-0.024597007781267166,0.0955960601568222,-0.030424440279603004,0.6017874479293823,12.108685493469238,-75.57722473144531,-84.12434387207031,-10.761479377746582,-173.39048767089844,2501.0,-12510.0,-5699.0,0,0,0,0,0
136565.712,1.5374460220336914,2.4115653038024902,1.327216386795044,-0.031074967235326767,0.11228999495506287,-0.03193705528974533,-0.7024494409561157,12.187607765197754,-75.62688446044922,-80.0,0.6829788684844971,55.32772445678711,5871.0,-12699.0,-6196.0,0,0,0,0,0
136575.835,1.536794662475586,2.413623094558716,1.3267881870269775,-0.036700572818517685,0.1385703831911087,0.0045667532831430435,-1.8408528566360474,12.151732444763184,-74.59546661376953,72.20238494873047,-12.710046768188477,75.61988830566406,5238.0,-13044.0,-5237.0,0,0,0,0,0
136585.513,1.5361955165863037,2.415905475616455,1.3262540102005005,-0.03701749071478844,0.14499978721141815,-0.04798681661486626,-1.8734831809997559,12.428947448730469,-74.61377716064453,99.67106628417969,-17.138652801513672,-103.4088134765625,106.0,-14483.0,-3986.0,0,0,0,0,0
136595.647,1.53575599193573,2.4183921813964844,1.325439214706421,-0.036970168352127075,0.16009843349456787,-0.06322883069515228,-1.1046764850616455,12.602108001708984,-73.92964935302734,34.92594909667969,-14.425827026367188,-64.32433319091797,-4071.0,-15142.0,-2815.0,0,0,0,0,0
136605.338,1.5354065895080566,2.4211931228637695,1.3248145580291748,-0.04117954894900322,0.18835178017616272,-0.01645861752331257,-0.05561697855591774,12.733512878417969,-74.31255340576172,106.40982818603516,37.60272979736328,215.97616577148438,-3874.0,-15052.0,-2511.0,0,0,0,0,0
136615.464,1.5349605083465576,2.423729419708252,1.3246735334396362,-0.0465703010559082,0.20971454679965973,0.00958188995718956,0.2809869647026062,12.73133659362793,-74.82937622070312,31.825328826904297,19.299161911010742,-150.6031951904297,-4814.0,-14120.0,-2797.0,0,0,0,0,0
136625.155,1.5344425439834595,2.4270355701446533,1.3245786428451538,-0.04743941128253937,0.22042427957057953,-0.02038148045539856,1.5975977182388306,12.602286338806152,-75.66399383544922,-161.2830047607422,33.1369743347168,60.53385925292969,-2032.0,-13098.0,-4114.0,0,0,0,0,0
136635.288,1.533659815788269,2.4303553104400635,1.3241218328475952,-0.05522434413433075,0.2347295731306076,-0.024736857041716576,0.1939617544412613,12.255773544311523,-74.87982940673828,-108.05162811279297,30.50676918029785,118.84066772460938,4342.0,-12001.0,-4614.0,0,0,0,0,0
136644.971,1.5327086448669434,2.4338715076446533,1.3237346410751343,-0.060860466212034225,0.2505122125148773,-0.019040271639823914,-0.7241488099098206,12.020493507385254,-75.59391021728516,-9.371981620788574,4.9397478103637695,56.832672119140625,6178.0,-12020.0,-4953.0,0,0,0,0,0
136655.097,1.531777262687683,2.4376094341278076,1.3237061500549316,-0.06591027230024338,0.2776682674884796,0.04367344453930855,-1.7956103086471558,11.743077278137207,-74.04907989501953,97.85726928710938,32.179656982421875,125.120361328125,3042.0,-12880.0,-3677.0,0,0,0,0,0
136664.777,1.531006932258606,2.4409608840942383,1.3236793279647827,-0.0630122721195221,0.273841917514801,-0.03454388678073883,-1.306639313697815,11.646190643310547,-73.4722900390625,108.70287322998047,29.439464569091797,-31.040637969970703,-2072.0,-13794.0,-1825.0,0,0,0,0,0
136674.913,1.5302624702453613,2.4450957775115967,1.3234963417053223,-0.06624208390712738,0.29825350642204285,0.02210976742208004,-0.3108798861503601,11.493597984313965,-73.7237777709961,-13.435426712036133,25.190200805664062,-74.34175109863281,-4165.0,-14021.0,-927.0,0,0,0,0,0
136684.618,1.5295283794403076,2.449536085128784,1.323900580406189,-0.07116183638572693,0.3206527829170227,0.0749848410487175,0.10934798419475555,11.269230842590332,-74.26219940185547,156.2007293701172,20.955978393554688,-176.93948364257812,-3715.0,-13471.0,-828.0,0,0,0,0,0
136694.73,1.5287506580352783,2.454094648361206,1.3245093822479248,-0.07192104309797287,0.3288511037826538,0.05527942255139351,0.9407168030738831,10.850737571716309,-73.54291534423828,-139.52987670898438,71.98548889160156,132.03860473632812,-4683.0,-12533.0,-905.0,0,0,0,0,0
136704.416,1.527745008468628,2.4586968421936035,1.3248242139816284,-0.07497681677341461,0.33624857664108276,0.04008309543132782,1.583673119544983,10.401507377624512,-74.62284851074219,-75.85041046142578,65.04852294921875,-216.7425079345703,1139.0,-11350.0,-1590.0,0,0,0,0,0
136714.546,1.52657151222229,2.4633517265319824,1.325050950050354,-0.08197671175003052,0.34513774514198303,0.044338107109069824,0.09255412966012955,9.82481861114502,-74.46113586425781,-72.99498748779297,68.09471893310547,165.35047912597656,5409.0,-10627.0,-2528.0,0,0,0,0,0
136724.237,1.5255072116851807,2.467491388320923,1.3255078792572021,-0.08557485789060593,0.3541402518749237,0.06283972412347794,-0.822110652923584,9.175558090209961,-74.49671173095703,66.3760986328125,36.32870101928711,-3.010876178741455,4984.0,-10695.0,-2631.0,0,0,0,0,0
136734.376,1.524301290512085,2.47222900390625,1.3259016275405884,-0.0859789252281189,0.35789161920547485,0.046335455030202866,-1.0677646398544312,8.80445671081543,-73.80977630615234,70.75993347167969,40.3653678894043,10.442388534545898,308.0,-11673.0,-1950.0,0,0,0,0,0
136744.044,1.5232653617858887,2.4770734310150146,1.3260440826416016,-0.08401042222976685,0.36019808053970337,0.018422052264213562,-0.3476009666919708,8.290849685668945,-73.41895294189453,38.697174072265625,52.245338439941406,-42.741729736328125,-3478.0,-11792.0,-1057.0,0,0,0,0,0
136754.189,1.5223569869995117,2.482057809829712,1.326382040977478,-0.08585171401500702,0.37151655554771423,0.06826604902744293,0.5258185863494873,7.826139450073242,-73.64835357666016,65.89836883544922,82.01853942871094,186.7100372314453,-3268.0,-11652.0,-756.0,0,0,0,0,0
136763.88,1.520473599433899,2.490968704223633,1.3279097080230713,-0.08705206960439682,0.37497735023498535,0.07063969224691391,1.895011305809021,6.698635578155518,-73.91397857666016,95.41975402832031,67.10472869873047,-144.8467254638672,-4213.0,-10985.0,-420.0,0,0,0,0,0
136774.0,1.5204135179519653,2.491594076156616,1.3279114961624146,-0.08717714995145798,0.37669092416763306,0.07084055244922638,1.8921945095062256,6.7213640213012695,-73.91060638427734,-191.31263732910156,101.97559356689453,-28.97609519958496,-3264.0,-10428.0,-877.0,0,0,0,0,0
136783.69,1.5191043615341187,2.4970388412475586,1.3284472227096558,-0.0912875160574913,0.37552785873413086,0.05199935659766197,1.035029411315918,5.814414978027344,-73.96580505371094,-103.94947052001953,83.46123504638672,-204.45440673828125,3316.0,-8922.0,-1294.0,0,0,0,0,0
136793.813,1.5177756547927856,2.501913070678711,1.3287947177886963,-0.09432467073202133,0.37420639395713806,0.04693515971302986,0.06488309055566788,5.065542221069336,-74.80391693115234,-71.43029022216797,58.50686264038086,-8.395515441894531,6206.0,-8596.0,-2331.0,0,0,0,0,0
136803.503,1.5163816213607788,2.5067968368530273,1.3292526006698608,-0.09563037008047104,0.3755190670490265,0.0856168195605278,-1.1302582025527954,4.292665004730225,-73.89234924316406,74.30341339111328,78.59910583496094,26.38655662536621,4554.0,-8608.0,-2175.0,0,0,0,0,0
136813.631,1.515265941619873,2.511091470718384,1.3296623229980469,-0.09218665957450867,0.3671252131462097,0.01904492825269699,-0.8428970575332642,3.7489984035491943,-73.62459564208984,52.977638244628906,67.1794662475586,31.37897300720215,-399.0,-9188.0,-1623.0,0,0,0,0,0
136823.319,1.5141531229019165,2.5159544944763184,1.3298484086990356,-0.08955459296703339,0.36599352955818176,0.05185161903500557,-0.2698778808116913,2.988731861114502,-73.44281768798828,8.027121543884277,74.7006607055664,-91.55362701416016,-3250.0,-8760.0,-1053.0,0,0,0,0,0
136833.456,1.51315438747406,2.520819902420044,1.330383062362671,-0.08760238438844681,0.3631856143474579,0.08990509808063507,0.4154432415962219,2.2555792331695557,-73.68192291259766,97.0658187866211,80.03767395019531,74.09117126464844,-2750.0,-8131.0,-779.0,0,0,0,0,0
136843.136,1.5122056007385254,2.525519609451294,1.3310531377792358,-0.08603578805923462,0.35747623443603516,0.08980776369571686,0.5220404863357544,1.4563086032867432,-72.68989562988281,35.07320785522461,92.01897430419922,-66.35962677001953,-4121.0,-7594.0,331.0,0,0,0,0,0
136853.268,1.5111768245697021,2.5301127433776855,1.3317426443099976,-0.08353912830352783,0.35043299198150635,0.07670305669307709,1.6681361198425293,0.7107453942298889,-73.29875946044922,-149.1904754638672,105.36952209472656,2.022566318511963,-1775.0,-6851.0,591.0,0,0,0,0,0
136862.951,1.509962558746338,2.5345382690429688,1.3321237564086914,-0.08546232432126999,0.3415874242782593,0.047714151442050934,0.4692630469799042,-0.27282190322875977,-73.23049926757812,-124.50118255615234,95.12065124511719,-69.41020202636719,4152.0,-5680.0,475.0,0,0,0,0,0
136873.078,1.5088870525360107,2.5383682250976562,1.3324127197265625,-0.08482525497674942,0.33047008514404297,0.035839617252349854,-0.5813581943511963,-1.1355873346328735,-74.0673599243164,-44.977962493896484,53.75783920288086,32.724517822265625,7057.0,-5417.0,-441.0,0,0,0,0,0
136882.787,1.5076045989990234,2.5424392223358154,1.3327375650405884,-0.08070860803127289,0.3183409571647644,0.08135566860437393,-1.7249246835708618,-1.9374018907546997,-73.43244934082031,75.08370971679688,89.70960235595703,59.95364761352539,4677.0,-6111.0,-509.0,0,0,0,0,0
136892.903,1.5065056085586548,2.546449899673462,1.3328523635864258,-0.0775550901889801,0.3102584779262543,-0.005321442615240812,-1.3672709465026855,-2.556774616241455,-73.39423370361328,73.43145751953125,62.44955825805664,32.56682205200195,-323.0,-6384.0,-558.0,0,0,0,0,0
136902.583,1.5055947303771973,2.5503294467926025,1.332745909690857,-0.0703582912683487,0.2968859374523163,0.02506435476243496,-0.7397891879081726,-3.321789026260376,-73.57954406738281,31.914161682128906,77.77849578857422,-95.56879425048828,-3386.0,-6096.0,-687.0,0,0,0,0,0
136912.718,1.504901647567749,2.5540482997894287,1.3328717947006226,-0.06378291547298431,0.2826194763183594,0.04404749721288681,0.10295932739973068,-4.023088455200195,-73.40235900878906,104.61888885498047,73.07308197021484,57.02105712890625,-3122.0,-5612.0,-543.0,0,0,0,0,0
136922.413,1.5042662620544434,2.5571815967559814,1.3332412242889404,-0.058897435665130615,0.2664065659046173,0.05690271034836769,0.3845336437225342,-4.788691997528076,-72.611572265625,45.20341491699219,77.7589340209961,-64.46866607666016,-4311.0,-5361.0,314.0,0,0,0,0,0
136932.531,1.5035902261734009,2.5605177879333496,1.3335816860198975,-0.05440334975719452,0.25323954224586487,0.03605442866683006,1.4670113325119019,-5.417498588562012,-73.36184692382812,-141.86106872558594,93.96417236328125,49.44990539550781,-1848.0,-5004.0,278.0,0,0,0,0,0
136942.205,1.5027867555618286,2.5635106563568115,1.3335161209106445,-0.05429000407457352,0.23870660364627838,0.012432685121893883,0.360301673412323,-6.267848968505859,-73.06796264648438,-109.10885620117188,89.56055450439453,-108.6452865600586,3827.0,-4016.0,311.0,0,0,0,0,0
136952.344,1.5019028186798096,2.56628155708313,1.3332489728927612,-0.05248945578932762,0.22301781177520752,-0.0053699444979429245,-0.622037410736084,-6.9871506690979,-73.8321762084961,-60.59346008300781,42.77161407470703,-32.3017463684082,6631.0,-3363.0,-513.0,0,0,0,0,0
136962.036,1.5010756254196167,2.568793773651123,1.3331096172332764,-0.045355428010225296,0.20024825632572174,0.034490760415792465,-1.7044339179992676,-7.803954124450684,-73.5172119140625,69.30675506591797,69.30732727050781,111.3218994140625,4927.0,-3556.0,-820.0,0,0,0,0,0
136972.163,1.500511646270752,2.570939064025879,1.332905888557434,-0.04192148894071579,0.19106413424015045,-0.03761441260576248,-1.5162184238433838,-8.286261558532715,-73.43368530273438,85.01834869384766,48.74311065673828,4.7117486000061035,-68.0,-4067.0,-770.0,0,0,0,0,0
136981.851,1.500042200088501,2.5731265544891357,1.3322181701660156,-0.03295750543475151,0.17147114872932434,-0.027855470776557922,-0.7422282695770264,-8.942289352416992,-73.31532287597656,41.95912551879883,58.19386672973633,-136.7200927734375,-3671.0,-3858.0,-572.0,0,0,0,0,0
136991.984,1.4997998476028442,2.5750386714935303,1.3317821025848389,-0.024203354492783546,0.1491357833147049,-0.00748941395431757,0.23061491549015045,-9.511357307434082,-72.9891357421875,96.56035614013672,63.46849060058594,155.14089965820312,-3593.0,-3522.0,-208.0,0,0,0,0,0
137001.668,1.4996240139007568,2.576653242111206,1.331525444984436,-0.017682064324617386,0.1261375993490219,0.009527936577796936,0.5200945138931274,-10.098989486694336,-72.70964813232422,47.751739501953125,48.91505432128906,-58.538570404052734,-4548.0,-3372.0,633.0,0,0,0,0,0
137011.798,1.499396562576294,2.5779833793640137,1.3312398195266724,-0.012636881321668625,0.10988602042198181,-0.014693926088511944,1.6826236248016357,-10.526013374328613,-73.09648895263672,-155.93450927734375,56.72639465332031,14.722896575927734,-2140.0,-3444.0,805.0,0,0,0,0,0
137021.475,1.4991602897644043,2.579019784927368,1.3308465480804443,-0.011430258862674236,0.0921512246131897,-0.03526206314563751,0.807458758354187,-11.106012344360352,-72.74501037597656,-100.50199890136719,45.06679916381836,-14.33712387084961,3492.0,-2808.0,877.0,0,0,0,0,0
137031.612,1.4987640380859375,2.579805850982666,1.3301833868026733,-0.009187865070998669,0.07165338099002838,-0.04290734976530075,-0.3142606019973755,-11.588318824768066,-74.02220153808594,-57.81120300292969,-9.026752471923828,-3.207862377166748,5913.0,-2694.0,-373.0,0,0,0,0,0
137041.301,1.4984084367752075,2.580254554748535,1.3297569751739502,-0.00019983128004241735,0.0392795093357563,0.01052769087255001,-1.1745349168777466,-11.948042869567871,-73.81590270996094,80.38518524169922,46.2542839050293,39.66653060913086,4193.0,-3455.0,-1280.0,0,0,0,0,0
137051.427,1.4982472658157349,2.5804967880249023,1.329148530960083,0.0012601778144016862,0.03363555669784546,-0.06584600359201431,-0.9949265122413635,-12.233750343322754,-73.86402130126953,104.60430908203125,26.461551666259766,66.24021911621094,-973.0,-3220.0,-2026.0,0,0,0,0,0
137061.117,1.4983131885528564,2.580545425415039,1.328302264213562,0.010459573939442635,0.008221405558288097,-0.043834540992975235,-0.0999833196401596,-12.640429496765137,-74.25006866455078,17.00489044189453,38.71991729736328,-58.068145751953125,-4351.0,-2716.0,-2642.0,0,0,0,0,0
137071.242,1.4985034465789795,2.580397129058838,1.3278638124465942,0.018296489492058754,-0.018290497362613678,-0.0181341040879488,0.8125581741333008,-12.956485748291016,-73.71676635742188,133.74478149414062,27.02524185180664,49.798805236816406,-3777.0,-2385.0,-2404.0,0,0,0,0,0
137080.944,1.4987870454788208,2.579798936843872,1.3274505138397217,0.023950083181262016,-0.04324701800942421,-0.0038851688150316477,1.4637088775634766,-13.26270580291748,-72.79180908203125,-6.276116847991943,32.396766662597656,-34.96525573730469,-5274.0,-2591.0,-1268.0,0,0,0,0,0
137091.059,1.499050498008728,2.578885316848755,1.3270742893218994,0.027122361585497856,-0.05847226828336716,-0.03269118070602417,2.371927261352539,-13.413534164428711,-73.81134796142578,-129.6546173095703,26.32417869567871,86.82747650146484,-1246.0,-2662.0,-1010.0,0,0,0,0,0
137100.741,1.4991215467453003,2.5776925086975098,1.3263686895370483,0.02663210779428482,-0.07819074392318726,-0.04458438977599144,1.2594690322875977,-13.716649055480957,-72.79219818115234,-107.84567260742188,24.700225830078125,52.20559310913086,4343.0,-2154.0,-194.0,0,0,0,0,0
137110.876,1.4990975856781006,2.576225757598877,1.3255398273468018,0.027855966240167618,-0.09838829934597015,-0.05255455896258354,0.08987143635749817,-13.91091251373291,-73.68717956542969,-12.166314125061035,-17.239259719848633,-37.49913787841797,6101.0,-2113.0,-287.0,0,0,0,0,0
137120.566,1.4993021488189697,2.57474422454834,1.3251352310180664,0.03680430352687836,-0.13158540427684784,0.002480381401255727,-0.6868866086006165,-13.978995323181152,-73.60205841064453,87.33796691894531,1.0525842905044556,-13.020105361938477,2932.0,-2735.0,-637.0,0,0,0,0,0
137130.692,1.4995837211608887,2.5726242065429688,1.3242548704147339,0.03682795166969299,-0.13022761046886444,-0.0947788804769516,-0.11046813428401947,-14.03995418548584,-73.66690063476562,96.93018341064453,-16.88018226623535,29.507396697998047,-2182.0,-2909.0,-973.0,0,0,0,0,0
137140.387,1.5000934600830078,2.570286273956299,1.3232171535491943,0.04656265676021576,-0.16612087190151215,-0.03565048798918724,0.8558058142662048,-13.983128547668457,-73.77318572998047,-23.62038230895996,-10.341675758361816,-48.06599426269531,-4159.0,-3298.0,-1277.0,0,0,0,0,0
137150.509,1.5007401704788208,2.5675230026245117,1.3227505683898926,0.05241457000374794,-0.19622527062892914,0.00046798589755780995,0.9242981672286987,-13.944494247436523,-74.02652740478516,148.09906005859375,-31.38024139404297,-163.03726196289062,-3256.0,-3140.0,-1582.0,0,0,0,0,0
137160.21,1.5013455152511597,2.564666986465454,1.3225151300430298,0.05582515150308609,-0.21145880222320557,-0.014067587442696095,2.0706300735473633,-13.829504013061523,-74.0464859008789,-144.7928466796875,-16.969453811645508,117.51161193847656,-4510.0,-3504.0,-2176.0,0,0,0,0,0
137170.325,1.5018537044525146,2.562039613723755,1.3221608400344849,0.05563715100288391,-0.2250518500804901,-0.03137993440032005,1.6882960796356201,-13.62473201751709,-73.80789184570312,-94.92005157470703,-32.032066345214844,-238.23081970214844,1545.0,-3529.0,-2126.0,0,0,0,0,0
137180.006,1.5021792650222778,2.5587377548217773,1.3215597867965698,0.05499083176255226,-0.24300390481948853,-0.03251489996910095,0.1746940314769745,-13.505607604980469,-74.28849029541016,-83.45515441894531,-19.03999137878418,-24.212881088256836,6107.0,-3469.0,-2657.0,0,0,0,0,0
137190.153,1.5025004148483276,2.5551161766052246,1.3212025165557861,0.060642242431640625,-0.27052611112594604,0.01493858266621828,-0.8570044636726379,-13.3507661819458,-74.48739624023438,58.08001708984375,-26.937843322753906,-59.77348327636719,5764.0,-3573.0,-3292.0,0,0,0,0,0
137199.832,1.5029422044754028,2.5513322353363037,1.3207285404205322,0.06014370545744896,-0.2708483040332794,-0.0549212247133255,-0.6417335271835327,-13.012934684753418,-74.34358978271484,60.38307571411133,-30.36330795288086,-14.4115571975708,679.0,-3964.0,-3360.0,0,0,0,0,0
137209.962,1.5036418437957764,2.547114133834839,1.3201110363006592,0.06792304664850235,-0.2948918044567108,-0.014999046921730042,0.32520440220832825,-12.722466468811035,-73.51947021484375,41.08708953857422,-35.00088882446289,-48.51423645019531,-3491.0,-4268.0,-2591.0,0,0,0,0,0
137219.638,1.50440514087677,2.543516159057617,1.320117712020874,0.07362049072980881,-0.3178815245628357,0.03549853712320328,0.8383620381355286,-12.331605911254883,-73.778076171875,72.5306625366211,-19.369842529296875,165.98553466796875,-3229.0,-4133.0,-2041.0,0,0,0,0,0
137229.781,1.5052480697631836,2.539158582687378,1.320238471031189,0.07552970200777054,-0.33003339171409607,0.03237944841384888,1.3415393829345703,-12.10993480682373,-73.35453033447266,61.28767776489258,-66.24774932861328,-130.4596710205078,-4473.0,-3778.0,-1432.0,0,0,0,0,0
137239.466,1.5060309171676636,2.5346250534057617,1.3202990293502808,0.07625313103199005,-0.33970585465431213,0.017221128568053246,2.036267042160034,-11.614764213562012,-74.05070495605469,-198.296142578125,-25.088808059692383,69.56671142578125,-2312.0,-4491.0,-1014.0,0,0,0,0,0
137249.591,1.5066184997558594,2.529899835586548,1.320185899734497,0.07336372882127762,-0.3515511751174927,0.014252552762627602,0.6478139758110046,-11.253862380981445,-72.90568542480469,-116.4347152709961,-50.14837646484375,52.96662902832031,3910.0,-4685.0,-561.0,0,0,0,0,0
137259.272,1.5071263313293457,2.5249786376953125,1.3201115131378174,0.07345662266016006,-0.36395424604415894,0.022343117743730545,-0.5190075635910034,-10.763989448547363,-73.99594116210938,-39.593902587890625,-60.8918571472168,115.43009948730469,6420.0,-5069.0,-742.0,0,0,0,0,0
137269.407,1.5078593492507935,2.5201544761657715,1.3203575611114502,0.07694834470748901,-0.37443479895591736,0.039725806564092636,-0.9498283863067627,-10.260241508483887,-73.92070770263672,71.35411071777344,-51.01786804199219,100.85558319091797,3460.0,-4719.0,-1130.0,0,0,0,0,0
137279.1,1.5084788799285889,2.515148162841797,1.3201438188552856,0.07735206931829453,-0.37329891324043274,-0.010252301581203938,-0.1963299661874771,-9.838234901428223,-73.40473937988281,91.983642578125,-77.53352355957031,-106.81980895996094,-1459.0,-4666.0,-920.0,0,0,0,0,0
137289.239,1.5093048810958862,2.5100765228271484,1.320090413093567,0.08189281076192856,-0.3899152874946594,0.052923932671546936,0.5972518920898438,-9.257914543151855,-73.56958770751953,-37.807395935058594,-57.06806564331055,-118.33663177490234,-4069.0,-5317.0,-703.0,0,0,0,0,0
137298.909,1.510231852531433,2.5048575401306152,1.3205482959747314,0.08321653306484222,-0.40103837847709656,0.08822732418775558,0.5412423014640808,-8.767021179199219,-74.11166381835938,144.7462615966797,-52.680328369140625,-5.241010665893555,-2935.0,-5250.0,-1022.0,0,0,0,0,0
137309.044,1.5111253261566162,2.499558448791504,1.3210322856903076,0.08341696858406067,-0.40191853046417236,0.06386734545230865,1.6575313806533813,-8.318435668945312,-73.76769256591797,-92.67052459716797,-72.21559143066406,126.82134246826172,-4602.0,-5278.0,-1473.0,0,0,0,0,0
137318.735,1.5118286609649658,2.494206190109253,1.3212980031967163,0.0799240842461586,-0.40435725450515747,0.04488811269402504,1.2136142253875732,-7.6024909019470215,-73.32230377197266,-96.84622192382812,-74.57650756835938,-215.80331420898438,795.0,-6020.0,-1108.0,0,0,0,0,0
137328.857,1.5124996900558472,2.4895055294036865,1.32159423828125,0.07691846042871475,-0.4067079722881317,0.052672579884529114,-0.23637455701828003,-6.971687316894531,-74.37553405761719,-88.63440704345703,-45.94557571411133,-113.03877258300781,5431.0,-6609.0,-1517.0,0,0,0,0,0
137338.551,1.512969732284546,2.4841437339782715,1.3219279050827026,0.07676614075899124,-0.4111254811286926,0.08358106762170792,-1.2656062841415405,-6.417312145233154,-74.76632690429688,50.246524810791016,-57.98306655883789,-26.82642364501953,5994.0,-6342.0,-2659.0,0,0,0,0,0
137348.673,1.5135055780410767,2.478792667388916,1.3221874237060547,0.07479587942361832,-0.4052402675151825,0.02354561910033226,-1.1328809261322021,-5.800052165985107,-74.38996887207031,62.177669525146484,-66.2606430053711,95.45384216308594,1539.0,-6326.0,-3255.0,0,0,0,0,0
137358.364,1.5141807794570923,2.4735593795776367,1.3221327066421509,0.07622827589511871,-0.4041414260864258,0.03148069232702255,-0.42345693707466125,-5.170043468475342,-73.5311050415039,95.1407699584961,-75.60607147216797,64.50086212158203,-2560.0,-6765.0,-2851.0,0,0,0,0,0
137368.491,1.5150197744369507,2.468360424041748,1.3223299980163574,0.07725106179714203,-0.4043903350830078,0.06698889285326004,0.28134438395500183,-4.41806173324585,-73.93838500976562,-7.585026741027832,-62.07440185546875,-5.333559036254883,-3675.0,-7428.0,-2477.0,0,0,0,0,0
137378.17,1.5158114433288574,2.4637935161590576,1.3229247331619263,0.07571488618850708,-0.4001503884792328,0.0804351270198822,0.2806997299194336,-3.813441753387451,-74.13573455810547,121.35356903076172,-83.17724609375,-113.65553283691406,-3298.0,-7068.0,-2363.0,0,0,0,0,0
137388.314,1.5165899991989136,2.458763599395752,1.323293685913086,0.0746450126171112,-0.3940068781375885,0.05500173568725586,1.3438634872436523,-3.1741459369659424,-74.3648452758789,-167.0956268310547,-83.73497009277344,152.9970245361328,-3580.0,-7378.0,-2593.0,0,0,0,0,0
137397.997,1.5171540975570679,2.4537734985351562,1.3234875202178955,0.06895874440670013,-0.38920751214027405,0.041397035121917725,0.33040469884872437,-2.3885581493377686,-73.59200286865234,-81.36005401611328,-91.2385482788086,-208.46533203125,2239.0,-8112.0,-2280.0,0,0,0,0,0
137408.122,1.5175399780273438,2.448847770690918,1.3235629796981812,0.06454750895500183,-0.3830886781215668,0.03809422627091408,-0.707383394241333,-1.6438560485839844,-74.53279876708984,-116.77941131591797,-58.44900894165039,18.292251586914062,5710.0,-8796.0,-2473.0,0,0,0,0,0
137417.814,1.5178792476654053,2.44399094581604,1.3238188028335571,0.06261222064495087,-0.37563395500183105,0.07187138497829437,-1.7163114547729492,-1.012483835220337,-74.22718811035156,48.89057922363281,-68.95429229736328,-71.25169372558594,5550.0,-8558.0,-2753.0,0,0,0,0,0
137427.945,1.5183743238449097,2.439828872680664,1.3239392042160034,0.06062112748622894,-0.3647672235965729,-0.022509383037686348,-1.3172394037246704,-0.33697083592414856,-74.14508819580078,53.599632263183594,-64.90684509277344,70.98007202148438,747.0,-8421.0,-2541.0,0,0,0,0,0
137437.637,1.518890380859375,2.4354422092437744,1.3235706090927124,0.06030914559960365,-0.35379093885421753,0.007715320680290461,-0.6458513736724854,0.3182397484779358,-73.5628662109375,81.13098907470703,-63.53076171875,99.53350830078125,-3244.0,-8711.0,-2050.0,0,0,0,0,0
137447.755,1.5195406675338745,2.431185722351074,1.3235177993774414,0.05891109257936478,-0.3423144221305847,0.030211860314011574,0.18548212945461273,1.0364335775375366,-73.86751556396484,10.606181144714355,-45.39266586303711,76.51239013671875,-3985.0,-9150.0,-1745.0,0,0,0,0,0
137457.437,1.5201667547225952,2.427083730697632,1.3236900568008423,0.05530678480863571,-0.33029037714004517,0.0415312759578228,0.33857598900794983,1.5714025497436523,-73.84498596191406,104.86587524414062,-73.10035705566406,-140.1083221435547,-3845.0,-8633.0,-1517.0,0,0,0,0,0
137467.578,1.5206973552703857,2.423143148422241,1.3238917589187622,0.052744850516319275,-0.3187728226184845,0.01885891705751419,1.2650210857391357,2.1917455196380615,-74.5014419555664,-174.87704467773438,-78.83123779296875,77.73320770263672,-3313.0,-8972.0,-1891.0,0,0,0,0,0
137477.263,1.521094560623169,2.419693946838379,1.32392418384552,0.045743297785520554,-0.30664515495300293,0.008425679989159107,-0.0983121246099472,2.910632610321045,-73.68256378173828,-92.68389892578125,-83.69694519042969,-106.15361785888672,2685.0,-9703.0,-2076.0,0,0,0,0,0
137487.394,1.5212327241897583,2.4160802364349365,1.3238385915756226,0.04058509320020676,-0.2936159670352936,0.002812677528709173,-1.0427409410476685,3.599816083908081,-74.53544616699219,-108.27593994140625,-53.79503631591797,49.314395904541016,5988.0,-10263.0,-2511.0,0,0,0,0,0
137497.077,1.5212682485580444,2.4126596450805664,1.323906660079956,0.037137631326913834,-0.2754767835140228,0.04427406191825867,-2.01615309715271,4.123941898345947,-74.30960083007812,53.5030517578125,-61.72135925292969,-55.573429107666016,5024.0,-10022.0,-2940.0,0,0,0,0,0
137507.205,1.521410584449768,2.4094676971435547,1.323884129524231,0.03586992621421814,-0.26676467061042786,-0.04043179005384445,-1.5304489135742188,4.706771373748779,-74.19305419921875,53.3276481628418,-51.34226608276367,-4.390590667724609,98.0,-10017.0,-2872.0,0,0,0,0,0
137516.896,1.521706461906433,2.406524181365967,1.3236063718795776,0.03397812694311142,-0.2460034042596817,0.0040217372588813305,-0.8617087602615356,5.277132987976074,-73.9104995727539,41.91111755371094,-55.33992004394531,-33.7268180847168,-3665.0,-10622.0,-2538.0,0,0,0,0,0
137527.026,1.5220561027526855,2.404050350189209,1.3237735033035278,0.03097640350461006,-0.22545525431632996,0.03647441416978836,-0.20147602260112762,5.858930587768555,-74.2727279663086,64.23284149169922,-24.159889221191406,183.85206604003906,-3380.0,-10334.0,-2598.0,0,0,0,0,0
137536.702,1.5223621129989624,2.401671886444092,1.324039340019226,0.027315590530633926,-0.20904392004013062,0.027029957622289658,0.12042782455682755,6.20245885848999,-73.78568267822266,60.04225540161133,-57.13852310180664,-161.75689697265625,-4080.0,-9646.0,-2443.0,0,0,0,0,0
137546.844,1.5225520133972168,2.399507999420166,1.324236273765564,0.023888664320111275,-0.19364234805107117,0.011498827487230301,0.9449734687805176,6.704258918762207,-74.72830200195312,-169.77532958984375,-42.047340393066406,31.209733963012695,-2075.0,-10038.0,-2605.0,0,0,0,0,0
137556.533,1.5224947929382324,2.3975107669830322,1.3243184089660645,0.015910277143120766,-0.17764367163181305,0.0075649297796189785,-0.59513258934021,7.162778854370117,-73.87305450439453,-114.06643676757812,-53.43523406982422,58.49053192138672,3660.0,-10655.0,-2831.0,0,0,0,0,0
137566.656,1.5224621295928955,2.395744562149048,1.3243507146835327,0.011447080411016941,-0.160849928855896,0.0016809297958388925,-1.5237226486206055,7.695255279541016,-74.67012023925781,-51.60620880126953,-52.07160568237305,93.8296890258789,6451.0,-11124.0,-3124.0,0,0,0,0,0
137576.334,1.5221505165100098,2.3942370414733887,1.324476718902588,0.0076879472471773624,-0.13817453384399414,0.029220493510365486,-2.166837215423584,8.101970672607422,-74.23808288574219,67.87337493896484,-49.906734466552734,62.76009750366211,3930.0,-11339.0,-3396.0,0,0,0,0,0
137586.477,1.5219265222549438,2.3929641246795654,1.3243738412857056,0.007386847864836454,-0.13051503896713257,-0.047032542526721954,-1.536186695098877,8.564291954040527,-74.08441925048828,73.00147247314453,-52.85994338989258,-124.13287353515625,-885.0,-11664.0,-3028.0,0,0,0,0,0
137596.161,1.5218462944030762,2.392002820968628,1.3241608142852783,0.003763712476938963,-0.10224051773548126,0.009109643287956715,-0.7933304309844971,9.043953895568848,-74.266357421875,0.7148299813270569,-46.65258026123047,-137.04478454589844,-3922.0,-12191.0,-2794.0,0,0,0,0,0
137606.287,1.5218424797058105,2.3914148807525635,1.3244988918304443,-0.0004551206948235631,-0.07761219143867493,0.04069482162594795,-0.39429107308387756,9.49021053314209,-74.6422119140625,112.14055633544922,-16.297792434692383,72.40487670898438,-3102.0,-12543.0,-3132.0,0,0,0,0,0
137615.968,1.5217654705047607,2.391108751296997,1.3248752355575562,-0.003361734561622143,-0.06066732481122017,0.02244345284998417,0.2607819736003876,9.721454620361328,-74.21246337890625,-2.2418718338012695,-29.92254066467285,-65.05545043945312,-4667.0,-11726.0,-3299.0,0,0,0,0,0
137626.112,1.5216257572174072,2.3908073902130127,1.3250173330307007,-0.007341607473790646,-0.04482748359441757,0.0056338924914598465,0.7345406413078308,10.038163185119629,-74.91144561767578,-145.2969207763672,-10.560172080993652,61.52864074707031,-909.0,-11485.0,-3636.0,0,0,0,0,0
137635.794,1.5211777687072754,2.390878200531006,1.3250151872634888,-0.014900539070367813,-0.02853521890938282,-0.006599270273000002,-0.8654754161834717,10.31348991394043,-74.56935119628906,-120.43220520019531,-14.454092979431152,45.15107727050781,4724.0,-11908.0,-4116.0,0,0,0,0,0
137645.935,1.5205641984939575,2.3911752700805664,1.3249828815460205,-0.02002672106027603,-0.008453081361949444,-0.0018852872308343649,-1.891075611114502,10.60359001159668,-74.97826385498047,15.172720909118652,-39.301841735839844,73.78337097167969,6853.0,-12245.0,-4393.0,0,0,0,0,0
137655.604,1.5199413299560547,2.3917245864868164,1.3251277208328247,-0.022752128541469574,0.012204465456306934,-0.00468267360702157,-2.268388032913208,11.00738525390625,-74.57769775390625,73.73602294921875,-37.40468978881836,107.88890075683594,2982.0,-13400.0,-4472.0,0,0,0,0,0
137665.737,1.5194400548934937,2.3925580978393555,1.324936866760254,-0.022753115743398666,0.02409368008375168,-0.04458249360322952,-1.681875228881836,11.437204360961914,-74.21559143066406,91.9077377319336,-38.86864471435547,-37.165767669677734,-1304.0,-14422.0,-3905.0,0,0,0,0,0
137675.436,1.5191172361373901,2.393338441848755,1.3247896432876587,-0.02646293304860592,0.054770100861787796,0.011474964208900928,-1.0058035850524902,11.816604614257812,-74.27632141113281,-22.941608428955078,-28.63302993774414,-108.85649108886719,-3227.0,-14928.0,-3468.0,0,0,0,0,0
137685.565,1.5187318325042725,2.39487361907959,1.3251655101776123,-0.030726294964551926,0.08177287131547928,0.04440348222851753,-0.8373802304267883,12.14577579498291,-75.08479309082031,135.32684326171875,-5.24613618850708,-131.28285217285156,-2707.0,-14594.0,-3633.0,0,0,0,0,0
137695.236,1.5183169841766357,2.396655797958374,1.3256769180297852,-0.0313442200422287,0.09603451937437057,0.014864051714539528,0.29954099655151367,12.223403930664062,-75.31377410888672,-112.38917541503906,6.0430474281311035,163.67027282714844,-4359.0,-13634.0,-4624.0,0,0,0,0,0
137705.372,1.517700433731079,2.398606300354004,1.3258029222488403,-0.0362795889377594,0.11092659085988998,-0.004985280334949493,-0.20577260851860046,12.282855033874512,-75.1641616821289,-106.21514892578125,-10.493965148925781,-20.55059814453125,1166.0,-12897.0,-5119.0,0,0,0,0,0
137715.06,1.5168777704238892,2.4007184505462646,1.3258088827133179,-0.04210513457655907,0.12807001173496246,-0.010957998223602772,-1.5308518409729004,12.368797302246094,-75.24295806884766,-106.60369110107422,10.656068801879883,153.464599609375,5922.0,-13081.0,-5366.0,0,0,0,0,0
137725.193,1.5161957740783691,2.4026269912719727,1.3259499073028564,-0.04567181318998337,0.1556825339794159,0.03429713100194931,-2.774672269821167,12.34716510772705,-74.4402084350586,44.32664489746094,-24.05862808227539,-71.4495620727539,6697.0,-13352.0,-4752.0,0,0,0,0,0
137734.867,1.5153087377548218,2.405195951461792,1.326062560081482,-0.04510621353983879,0.15846474468708038,-0.03486693277955055,-2.559194564819336,12.603533744812012,-74.5679702758789,60.10546875,-14.923735618591309,40.757911682128906,2018.0,-14536.0,-3816.0,0,0,0,0,0
137745.014,1.514563798904419,2.407980442047119,1.3258512020111084,-0.045748114585876465,0.18030337989330292,-0.0211629755795002,-2.037792682647705,12.728320121765137,-73.8526611328125,95.92242431640625,-0.23824405670166016,83.37418365478516,-2169.0,-15371.0,-2835.0,0,0,0,0,0
137754.703,1.5139636993408203,2.411100387573242,1.3259028196334839,-0.047763194888830185,0.2072506695985794,0.01711583323776722,-1.140647053718567,12.876114845275879,-74.18732452392578,8.435153007507324,13.969446182250977,62.96426010131836,-3516.0,-15587.0,-2279.0,0,0,0,0,0
137764.819,1.5133349895477295,2.4145212173461914,1.3261771202087402,-0.05081406608223915,0.22920845448970795,0.03551759943366051,-0.8499978184700012,12.869755744934082,-74.59937286376953,127.60728454589844,14.775663375854492,-162.75949096679688,-3603.0,-14724.0,-2263.0,0,0,0,0,0
137774.499,1.512741208076477,2.417546510696411,1.3264329433441162,-0.05071572586894035,0.23900306224822998,0.007044137455523014,0.43335816264152527,12.670495986938477,-75.5106201171875,-171.17288208007812,39.6102294921875,130.59466552734375,-3841.0,-13632.0,-3312.0,0,0,0,0,0
137784.635,1.5119224786758423,2.4212286472320557,1.326444149017334,-0.05623612925410271,0.2515685558319092,-0.007329417392611504,-0.9904367327690125,12.321158409118652,-74.60372924804688,-76.61084747314453,26.400022506713867,-181.1091766357422,2602.0,-12556.0,-3836.0,0,0,0,0,0
137794.339,1.5108968019485474,2.4250316619873047,1.326392412185669,-0.0598657950758934,0.2665605843067169,-0.006413434166461229,-1.878997802734375,12.14867115020752,-75.0551528930664,-89.39654541015625,48.42356872558594,163.25201416015625,6107.0,-12606.0,-3997.0,0,0,0,0,0
137804.451,1.509803056716919,2.4290640354156494,1.3266563415527344,-0.06242997944355011,0.29278072714805603,0.047586455941200256,-3.0296630859375,11.794964790344238,-73.81365966796875,63.59486389160156,20.44426727294922,-29.829517364501953,5654.0,-12868.0,-3306.0,0,0,0,0,0
137814.133,1.5088138580322266,2.4332351684570312,1.3266816139221191,-0.060145266354084015,0.2886043190956116,-0.03853553533554077,-2.640238046646118,11.673874855041504,-73.76602172851562,78.21198272705078,18.174924850463867,-26.207870483398438,764.0,-13494.0,-2010.0,0,0,0,0,0
137824.268,1.5080758333206177,2.43695330619812,1.3264849185943604,-0.059479646384716034,0.3084159195423126,0.0004145880229771137,-1.7637735605239868,11.466543197631836,-73.79151916503906,74.30860900878906,27.778244018554688,5.410238265991211,-3354.0,-14056.0,-1214.0,0,0,0,0,0
137833.959,1.5073686838150024,2.4414873123168945,1.326602578163147,-0.05978253856301308,0.3253738284111023,0.023204466328024864,-0.9080604910850525,11.241500854492188,-74.18521118164062,53.090213775634766,57.02745056152344,131.42408752441406,-3873.0,-14097.0,-1218.0,0,0,0,0,0
137844.084,1.5066571235656738,2.446216583251953,1.3268803358078003,-0.06128089874982834,0.33926230669021606,0.035328660160303116,-0.5052189230918884,10.821537971496582,-73.90558624267578,77.71033477783203,43.32619857788086,-233.90798950195312,-4443.0,-13099.0,-1271.0,0,0,0,0,0
137853.766,1.5059019327163696,2.4510672092437744,1.3271658420562744,-0.06056618690490723,0.3446609079837799,0.006201454903930426,0.6730203032493591,10.412296295166016,-75.18765258789062,-185.5282745361328,85.90847778320312,54.93157196044922,-2856.0,-12097.0,-2175.0,0,0,0,0,0
137863.91,1.5049021244049072,2.455927610397339,1.3271278142929077,-0.06578601151704788,0.35320496559143066,0.005840931087732315,-0.8219818472862244,9.708313941955566,-74.30087280273438,-91.09803771972656,73.64086151123047,-33.190513610839844,3186.0,-10866.0,-3032.0,0,0,0,0,0
137873.592,1.503760576248169,2.4608755111694336,1.3271301984786987,-0.06793416291475296,0.3598380982875824,-0.0003907336504198611,-1.5486992597579956,9.134760856628418,-74.94429779052734,-66.39775085449219,54.248958587646484,55.650047302246094,5925.0,-10099.0,-3481.0,0,0,0,0,0
137883.717,1.50283944606781,2.465204954147339,1.3274198770523071,-0.06796872615814209,0.37411952018737793,0.05997667461633682,-2.381549119949341,8.4945068359375,-73.88123321533203,70.72279357910156,53.43790054321289,68.85834503173828,4606.0,-10596.0,-3183.0,0,0,0,0,0
137893.406,1.5017879009246826,2.4702365398406982,1.327512502670288,-0.06504710763692856,0.3673361837863922,-0.027361638844013214,-1.9178162813186646,8.026988983154297,-73.34915924072266,97.38816833496094,47.074588775634766,-60.40275573730469,-360.0,-11146.0,-1961.0,0,0,0,0,0
137903.534,1.5009231567382812,2.4753382205963135,1.3273450136184692,-0.06362388283014297,0.37860026955604553,0.021195733919739723,-0.8686608672142029,7.50982141494751,-73.75751495361328,43.9969367980957,50.34413528442383,-123.18206787109375,-4223.0,-11305.0,-1116.0,0,0,0,0,0
137913.225,1.5001840591430664,2.480578660964966,1.3275609016418457,-0.06322739273309708,0.385037899017334,0.04582517594099045,-0.19957078993320465,6.961839199066162,-74.10489654541016,86.89881896972656,82.51709747314453,192.7736053466797,-3995.0,-10804.0,-1109.0,0,0,0,0,0
137923.35,1.4993958473205566,2.4856069087982178,1.328091025352478,-0.06296306103467941,0.38594046235084534,0.049180638045072556,0.4659900665283203,6.208805561065674,-73.10264587402344,44.615726470947266,72.64994812011719,-174.8151397705078,-4866.0,-10529.0,-594.0,0,0,0,0,0
137933.031,1.4985377788543701,2.4912707805633545,1.3284785747528076,-0.06298874318599701,0.38410359621047974,0.02362564019858837,0.9165986180305481,5.436958312988281,-74.01394653320312,-164.46051025390625,108.43550872802734,11.555938720703125,-2004.0,-9223.0,-527.0,0,0,0,0,0
137943.17,1.4974781274795532,2.4968297481536865,1.3285974264144897,-0.06637819111347198,0.3828236758708954,0.028948256745934486,-0.38513100147247314,4.4910359382629395,-74.43744659423828,-102.11372375488281,100.18566131591797,-18.819427490234375,3281.0,-8681.0,-1256.0,0,0,0,0,0
137952.865,1.496286392211914,2.502293348312378,1.3288432359695435,-0.06683171540498734,0.3808828592300415,0.041263844817876816,-1.494491696357727,3.4461686611175537,-74.01942443847656,-57.058841705322266,56.9930534362793,13.94612979888916,6004.0,-7306.0,-2094.0,0,0,0,0,0
137962.99,1.4950954914093018,2.5077106952667236,1.328897476196289,-0.0643291249871254,0.3744283616542816,0.0035257379058748484,-1.5559206008911133,2.807715654373169,-73.57979583740234,76.53010559082031,80.57672119140625,62.37277603149414,4197.0,-8205.0,-1862.0,0,0,0,0,0
137972.664,1.4940587282180786,2.513026475906372,1.3286994695663452,-0.060067422688007355,0.3696899712085724,0.008142341859638691,-0.6316086649894714,1.9529112577438354,-73.70455169677734,92.19921112060547,64.55965423583984,-25.715856552124023,-796.0,-8807.0,-1280.0,0,0,0,0,0
137982.799,1.4939749240875244,2.513568878173828,1.328566551208496,-0.06027965247631073,0.37110623717308044,0.007707088254392147,-0.6314594149589539,1.9727399349212646,-73.7072982788086,28.625043869018555,68.53521728515625,-128.77073669433594,-4249.0,-8490.0,-1018.0,0,0,0,0,0
137992.491,1.4932057857513428,2.5188279151916504,1.3285647630691528,-0.05688564106822014,0.36485612392425537,0.034669291228055954,0.2619619369506836,1.163313865661621,-73.70700073242188,98.39242553710938,86.621826171875,140.65264892578125,-3683.0,-8062.0,-773.0,0,0,0,0,0
138002.616,1.4924668073654175,2.5239508152008057,1.3287773132324219,-0.05484232306480408,0.3564269542694092,0.04432319104671478,0.655983567237854,0.3222979009151459,-72.62598419189453,41.43827438354492,86.96414184570312,-112.0708999633789,-4776.0,-7443.0,506.0,0,0,0,0,0
138012.308,1.4917222261428833,2.5284643173217773,1.3289188146591187,-0.05243244767189026,0.347748339176178,0.02025413326919079,1.8225129842758179,-0.3777199685573578,-73.58839416503906,-157.93360900878906,115.9312515258789,8.964611053466797,-2309.0,-6857.0,486.0,0,0,0,0,0
138022.437,1.4907903671264648,2.532754898071289,1.3288171291351318,-0.05487700179219246,0.3372472822666168,0.003965755458921194,0.6357408761978149,-1.408874273300171,-73.43478393554688,-112.9022216796875,105.36129760742188,-61.74913024902344,3616.0,-5277.0,141.0,0,0,0,0,0
138032.125,1.489999532699585,2.536497116088867,1.3286439180374146,-0.0545874685049057,0.3246360123157501,-0.00394692737609148,-0.28571271896362305,-2.3390424251556396,-74.47554779052734,-65.2870101928711,57.22578430175781,-10.96529769897461,6390.0,-4457.0,-1066.0,0,0,0,0,0
138042.253,1.4889575242996216,2.5405027866363525,1.3284974098205566,-0.0511782243847847,0.3098687529563904,0.03962356224656105,-1.354501724243164,-3.2249035835266113,-73.6541976928711,70.29496002197266,87.78560638427734,92.10637664794922,4590.0,-5040.0,-1119.0,0,0,0,0,0
138051.933,1.4880850315093994,2.5443525314331055,1.3280725479125977,-0.04865381494164467,0.30167579650878906,-0.04413048177957535,-0.9464633464813232,-3.9030568599700928,-73.23468780517578,74.9230728149414,66.0985107421875,42.90571975708008,-595.0,-5408.0,-624.0,0,0,0,0,0
138062.077,1.4874435663223267,2.5479815006256104,1.3276058435440063,-0.0416562594473362,0.28387317061424255,0.004546209238469601,-0.24900710582733154,-4.701469898223877,-73.42631530761719,22.035907745361328,71.66448211669922,-96.62701416015625,-3934.0,-5186.0,-229.0,0,0,0,0,0
138071.76,1.486965537071228,2.5514373779296875,1.3273980617523193,-0.0359969437122345,0.26651784777641296,0.027485596016049385,0.5587894320487976,-5.424246311187744,-73.09486389160156,95.66978454589844,74.98178100585938,126.61714172363281,-3398.0,-5005.0,401.0,0,0,0,0,0
138081.883,1.4865771532058716,2.5543439388275146,1.327491283416748,-0.03186509385704994,0.24872539937496185,0.03306066244840622,0.8659735321998596,-6.13435697555542,-72.062744140625,56.77577209472656,69.81121826171875,-71.23645782470703,-4723.0,-5089.0,1914.0,0,0,0,0,0
138091.571,1.486135721206665,2.557347297668457,1.3274435997009277,-0.0279668178409338,0.23340584337711334,0.016050923615694046,2.0520942211151123,-6.703713417053223,-72.84870147705078,-159.8673095703125,84.99666595458984,-19.211788177490234,-2662.0,-4940.0,2218.0,0,0,0,0,0
138101.707,1.4855073690414429,2.56005859375,1.3270206451416016,-0.029057100415229797,0.2180868238210678,-0.011560608632862568,0.904339075088501,-7.531811237335205,-72.8058090209961,-113.02143096923828,70.80859375,-96.86885833740234,3296.0,-4083.0,2005.0,0,0,0,0,0
138111.392,1.4848029613494873,2.5625221729278564,1.3263654708862305,-0.02831793762743473,0.20089899003505707,-0.02889106422662735,-0.16417939960956573,-8.201075553894043,-73.89421081542969,-66.34963989257812,28.70095443725586,-24.372722625732422,6349.0,-3533.0,769.0,0,0,0,0,0
138121.514,1.4843133687973022,2.5645697116851807,1.3260999917984009,-0.02116614393889904,0.17417189478874207,0.0187824759632349,-1.2482467889785767,-8.778080940246582,-73.65961456298828,72.6343002319336,75.3920669555664,16.521833419799805,4681.0,-3935.0,-224.0,0,0,0,0,0
138131.202,1.4837595224380493,2.5665805339813232,1.3252830505371094,-0.020293205976486206,0.16958798468112946,-0.07811949402093887,-0.8767533898353577,-9.287885665893555,-73.60015869140625,71.44438934326172,52.78744125366211,113.49038696289062,-485.0,-3753.0,-1007.0,0,0,0,0,0
138141.341,1.4834136962890625,2.5684406757354736,1.3241875171661377,-0.011921023949980736,0.14511196315288544,-0.04754240810871124,-0.2094738930463791,-9.96410083770752,-73.68995666503906,7.1556715965271,66.20323181152344,4.555835247039795,-3582.0,-3175.0,-1367.0,0,0,0,0,0
138151.032,1.483284592628479,2.5699989795684814,1.3233891725540161,-0.00442139757797122,0.11991451680660248,-0.02039472945034504,0.42683953046798706,-10.551868438720703,-73.379638671875,101.840576171875,55.45632553100586,85.8187255859375,-2907.0,-2726.0,-982.0,0,0,0,0,0
138161.148,1.483216643333435,2.571199655532837,1.322765588760376,0.0009515479323454201,0.09933673590421677,-0.022741489112377167,0.9591270089149475,-11.11324405670166,-71.9144058227539,41.178428649902344,53.53647232055664,-9.975563049316406,-4504.0,-3068.0,463.0,0,0,0,0,0
138170.829,1.483096718788147,2.572106122970581,1.3220546245574951,0.005500448867678642,0.07915335893630981,-0.03136706352233887,1.9891477823257446,-11.494832992553711,-72.57101440429688,-155.1116485595703,56.017887115478516,97.11544036865234,-2082.0,-2979.0,1466.0,0,0,0,0,0
138180.964,1.4830011129379272,2.5727736949920654,1.3213756084442139,0.00560162216424942,0.062275953590869904,-0.058326177299022675,0.8095830678939819,-12.030756950378418,-71.99869537353516,-121.12323760986328,42.269535064697266,-93.66649627685547,4143.0,-2528.0,2586.0,0,0,0,0,0
138190.661,1.4827179908752441,2.5731542110443115,1.3202855587005615,0.007606068160384893,0.042194172739982605,-0.07073561102151871,-0.4588615298271179,-12.432252883911133,-72.83613586425781,-32.81328582763672,13.963098526000977,30.301790237426758,6922.0,-2452.0,2237.0,0,0,0,0,0
138200.784,1.4825161695480347,2.5732052326202393,1.3193823099136353,0.017006495967507362,0.010317868553102016,-0.02401217631995678,-1.4123647212982178,-12.79544448852539,-73.13462829589844,85.70110321044922,52.17953872680664,24.49755859375,4142.0,-2702.0,1308.0,0,0,0,0,0
138210.471,1.4824929237365723,2.5730648040771484,1.3181698322296143,0.016310177743434906,0.012032555416226387,-0.12803705036640167,-0.9694405794143677,-13.195395469665527,-73.7253189086914,90.82572937011719,22.114763259887695,72.64153289794922,-984.0,-2220.0,12.0,0,0,0,0,0
138220.603,1.482679009437561,2.5727617740631104,1.31675124168396,0.027501050382852554,-0.020460236817598343,-0.07912448048591614,-0.20585815608501434,-13.577844619750977,-73.51954650878906,-17.17184829711914,29.095226287841797,-17.106191635131836,-3751.0,-1892.0,-694.0,0,0,0,0,0
138230.287,1.4830354452133179,2.572244882583618,1.315989375114441,0.036779168993234634,-0.051681969314813614,-0.0366092287003994,0.3049691617488861,-13.838509559631348,-73.44083404541016,144.55267333984375,7.646623134613037,-105.08285522460938,-3097.0,-1953.0,-911.0,0,0,0,0,0
138240.419,1.4834853410720825,2.571235179901123,1.3152474164962769,0.042210500687360764,-0.07185416668653488,-0.04296967387199402,1.0441479682922363,-14.102106094360352,-72.93719482421875,-77.88037109375,22.214366912841797,68.30789184570312,-4939.0,-2373.0,-815.0,0,0,0,0,0
138250.108,1.483908772468567,2.5698087215423584,1.314407467842102,0.04619517922401428,-0.09443708509206772,-0.0502108559012413,1.4962180852890015,-14.23886775970459,-73.50434112548828,-107.09430694580078,8.89161491394043,-38.777915954589844,206.0,-2513.0,-834.0,0,0,0,0,0
138260.229,1.4842185974121094,2.568049669265747,1.313430666923523,0.046649981290102005,-0.11532273888587952,-0.06492578238248825,-0.06205125153064728,-14.407649993896484,-73.19107818603516,-91.0041275024414,28.031356811523438,-31.635366439819336,5458.0,-2437.0,-1020.0,0,0,0,0,0
138269.92,1.4845439195632935,2.565880298614502,1.312632441520691,0.05536186322569847,-0.14994269609451294,-0.018096964806318283,-1.386398196220398,-14.556986808776855,-74.17083740234375,35.545040130615234,-1.0631605386734009,-95.83516693115234,6315.0,-2337.0,-1859.0,0,0,0,0,0
138280.045,1.485008955001831,2.5639989376068115,1.3120187520980835,0.057349469512701035,-0.15623748302459717,-0.07160954922437668,-1.3859988451004028,-14.436556816101074,-74.39783477783203,78.04094696044922,-7.601864337921143,-17.944807052612305,1736.0,-2829.0,-2768.0,0,0,0,0,0
138289.727,1.4855687618255615,2.561612367630005,1.3109925985336304,0.06546460837125778,-0.17740650475025177,-0.06272439658641815,-0.4042899012565613,-14.45292854309082,-73.71234893798828,68.96309661865234,-15.960375785827637,-0.841606080532074,-3035.0,-2999.0,-2910.0,0,0,0,0,0
138299.862,1.4864163398742676,2.558908224105835,1.3103535175323486,0.0754978284239769,-0.21072101593017578,-0.004635097924619913,0.3584017753601074,-14.355876922607422,-73.59322357177734,48.5596923828125,3.5006942749023438,99.44452667236328,-3538.0,-2843.0,-2601.0,0,0,0,0,0
138309.553,1.4873409271240234,2.5558414459228516,1.3100298643112183,0.08051854372024536,-0.23193864524364471,0.006049636285752058,0.692322850227356,-14.421460151672363,-73.35629272460938,100.95793151855469,-36.88664245605469,-139.17449951171875,-4420.0,-2274.0,-2021.0,0,0,0,0,0
138319.687,1.4882535934448242,2.552501678466797,1.3097401857376099,0.08355806767940521,-0.24512162804603577,-0.016048477962613106,1.6092616319656372,-14.201815605163574,-74.11727142333984,-215.0718231201172,-7.3517866134643555,179.5340576171875,-3279.0,-2980.0,-1965.0,0,0,0,0,0
138329.359,1.4890332221984863,2.549471616744995,1.3094011545181274,0.08373049646615982,-0.2621794044971466,-0.016534341499209404,0.39802253246307373,-14.048264503479004,-72.62677764892578,-103.85328674316406,-35.03628158569336,-38.28144836425781,3538.0,-2971.0,-1224.0,0,0,0,0,0
138339.499,1.4897277355194092,2.54571270942688,1.3090027570724487,0.08662057667970657,-0.2822458744049072,-0.004921239335089922,-0.8172867298126221,-13.75000286102295,-73.90507507324219,-43.80617141723633,-65.97406005859375,62.48236846923828,5756.0,-3270.0,-914.0,0,0,0,0,0
138349.201,1.4905197620391846,2.541677236557007,1.3088151216506958,0.09283066540956497,-0.30344316363334656,0.019230922684073448,-1.203804612159729,-13.375253677368164,-73.9778060913086,77.72723388671875,-38.0271110534668,163.490966796875,3181.0,-3986.0,-1400.0,0,0,0,0,0
138359.321,1.4914957284927368,2.537538766860962,1.3083313703536987,0.09337583184242249,-0.3017106056213379,-0.05201830714941025,-0.3894230127334595,-13.106956481933594,-73.47706604003906,103.84549713134766,-59.82893371582031,-41.187923431396484,-1776.0,-4007.0,-1299.0,0,0,0,0,0
138368.997,1.4926903247833252,2.5332467555999756,1.307908058166504,0.10150434821844101,-0.32853832840919495,0.008878028951585293,0.5009435415267944,-12.668896675109863,-73.66366577148438,-45.33601379394531,-32.401363372802734,-113.5250473022461,-4408.0,-4637.0,-1215.0,0,0,0,0,0
138379.128,1.4939833879470825,2.5288636684417725,1.3081445693969727,0.10594206303358078,-0.34982362389564514,0.05184561014175415,0.39049196243286133,-12.308815956115723,-74.25399780273438,157.46682739257812,-47.77531433105469,-78.31195068359375,-3253.0,-3842.0,-1603.0,0,0,0,0,0
138388.819,1.495425820350647,2.5237083435058594,1.308454990386963,0.10850529372692108,-0.35713180899620056,0.02620992623269558,1.6965391635894775,-11.857681274414062,-74.61237335205078,-129.6626434326172,-57.47003173828125,218.6194305419922,-4837.0,-4151.0,-2510.0,0,0,0,0,0
138398.955,1.4967412948608398,2.5184030532836914,1.308511734008789,0.10647798329591751,-0.36881178617477417,0.0202028788626194,0.5914307236671448,-11.359006881713867,-73.19741821289062,-86.74883270263672,-77.86642456054688,-255.19119262695312,1241.0,-4087.0,-2523.0,0,0,0,0,0
138408.638,1.4977335929870605,2.513390302658081,1.308512568473816,0.10627521574497223,-0.38013046979904175,0.025696586817502975,-0.6975242495536804,-10.765342712402344,-74.35975646972656,-74.5602035522461,-45.551734924316406,-58.76044845581055,5720.0,-4727.0,-2200.0,0,0,0,0,0
138418.766,1.498756766319275,2.5081515312194824,1.3088500499725342,0.11136694252490997,-0.39693015813827515,0.07638052850961685,-1.3580448627471924,-10.267101287841797,-74.22674560546875,64.2522964477539,-56.18144226074219,-78.96953582763672,5208.0,-5190.0,-2709.0,0,0,0,0,0
138428.453,1.499880075454712,2.5035006999969482,1.3091020584106445,0.10977828502655029,-0.38765934109687805,-0.011191664263606071,-0.7451436519622803,-9.663311958312988,-73.98432159423828,56.952545166015625,-63.40858459472656,18.632905960083008,409.0,-5372.0,-2659.0,0,0,0,0,0
138438.584,1.501168131828308,2.4982099533081055,1.309187650680542,0.11541520059108734,-0.40325015783309937,0.05444096028804779,-0.03690794110298157,-8.94510269165039,-73.94133758544922,40.14263916015625,-67.0527572631836,-27.812549591064453,-3322.0,-6103.0,-2307.0,0,0,0,0,0
138448.264,1.5026496648788452,2.4927914142608643,1.3098597526550293,0.11847119778394699,-0.4147670269012451,0.10367657989263535,0.08051161468029022,-8.302461624145508,-74.55908966064453,74.82441711425781,-50.01504135131836,148.7716064453125,-2814.0,-6399.0,-2498.0,0,0,0,0,0
138458.397,1.5040932893753052,2.4874041080474854,1.3105477094650269,0.1187162697315216,-0.4131709635257721,0.07104775309562683,1.0065853595733643,-7.8072967529296875,-73.92424011230469,77.7158203125,-90.83362579345703,-104.98526763916016,-3971.0,-5862.0,-2821.0,0,0,0,0,0
138468.085,1.5054463148117065,2.4820151329040527,1.3110733032226562,0.11721418797969818,-0.4145088195800781,0.05861901491880417,1.3743131160736084,-6.999518394470215,-74.03619384765625,-194.25808715820312,-46.75888442993164,58.32608413696289,-2324.0,-6290.0,-2515.0,0,0,0,0,0
138478.215,1.5066447257995605,2.4771416187286377,1.3115590810775757,0.11280901730060577,-0.4144115746021271,0.05580529198050499,-0.19348187744617462,-6.3213701248168945,-73.74464416503906,-115.01785278320312,-77.91138458251953,9.713827133178711,3774.0,-6937.0,-2147.0,0,0,0,0,0
138487.891,1.507684350013733,2.4716386795043945,1.3120452165603638,0.11142454296350479,-0.41557952761650085,0.06839736551046371,-1.2649955749511719,-5.595252990722656,-74.50804138183594,-21.775842666625977,-72.40532684326172,142.5726318359375,6386.0,-7044.0,-2238.0,0,0,0,0,0
138498.034,1.5087449550628662,2.466161012649536,1.3123608827590942,0.10994092375040054,-0.4103308320045471,0.02625456638634205,-1.1673543453216553,-4.930931568145752,-74.06777954101562,66.00119018554688,-83.92626190185547,132.06507873535156,3215.0,-7069.0,-2531.0,0,0,0,0,0
138507.717,1.5099105834960938,2.460841655731201,1.3124744892120361,0.11006300896406174,-0.4057150185108185,0.006874446291476488,-0.491015762090683,-4.19855260848999,-73.14960479736328,78.06282043457031,-106.96693420410156,-134.02496337890625,-1278.0,-7356.0,-1908.0,0,0,0,0,0
138517.843,1.511221170425415,2.45565128326416,1.3127305507659912,0.11070501059293747,-0.40432897210121155,0.0588352233171463,0.21816785633563995,-3.330679178237915,-73.55538177490234,-38.46717071533203,-79.75444793701172,-144.29229736328125,-3729.0,-8247.0,-1131.0,0,0,0,0,0
138527.53,1.5125044584274292,2.45099139213562,1.313514232635498,0.1087975725531578,-0.3987642824649811,0.0862901583313942,0.14986670017242432,-2.5970418453216553,-74.2748031616211,109.76507568359375,-60.09557342529297,13.147860527038574,-2753.0,-8435.0,-1289.0,0,0,0,0,0
138537.662,1.5138581991195679,2.445866823196411,1.3143808841705322,0.10762466490268707,-0.3911706805229187,0.06348741054534912,1.2084269523620605,-1.9764941930770874,-74.11447143554688,-67.07965087890625,-80.21958923339844,86.96673583984375,-4107.0,-8043.0,-1841.0,0,0,0,0,0
138547.365,1.5151095390319824,2.4408774375915527,1.3150100708007812,0.1025993674993515,-0.38436827063560486,0.047537993639707565,0.4605352580547333,-1.1632490158081055,-73.69568634033203,-118.2483139038086,-73.08661651611328,-110.76271057128906,153.0,-8320.0,-1846.0,0,0,0,0,0
138557.485,1.5160622596740723,2.4360408782958984,1.3154351711273193,0.09748082607984543,-0.37623879313468933,0.04297466576099396,-0.7715360522270203,-0.4206368029117584,-74.77457427978516,-121.73540496826172,-68.81661987304688,-90.73468780517578,5207.0,-9007.0,-2122.0,0,0,0,0,0
138567.158,1.5169053077697754,2.4312994480133057,1.31597101688385,0.09479564428329468,-0.3661043643951416,0.06963124126195908,-1.9402897357940674,0.25610294938087463,-74.8480224609375,53.26401901245117,-66.1839828491211,124.36781311035156,6743.0,-8981.0,-3161.0,0,0,0,0,0
138577.292,1.5178319215774536,2.426753520965576,1.3163487911224365,0.09294848144054413,-0.35602572560310364,0.006064483895897865,-1.6554566621780396,0.9440204501152039,-74.35428619384766,64.8961181640625,-73.9024887084961,177.1584014892578,2462.0,-9012.0,-3546.0,0,0,0,0,0
138586.982,1.5188171863555908,2.4227542877197266,1.3165253400802612,0.09241606295108795,-0.3418802320957184,0.026031766086816788,-1.1392714977264404,1.6547348499298096,-73.5627212524414,111.02587890625,-78.56684875488281,42.95173645019531,-1616.0,-9393.0,-3051.0,0,0,0,0,0
138597.11,1.5199525356292725,2.4185924530029297,1.317110538482666,0.09115899354219437,-0.3268187642097473,0.07307426631450653,-0.41301873326301575,2.4731686115264893,-74.1170425415039,-27.725013732910156,-66.98320007324219,-37.39460754394531,-3338.0,-10079.0,-2470.0,0,0,0,0,0
138606.79,1.5210939645767212,2.4147284030914307,1.3178606033325195,0.08813481032848358,-0.31269150972366333,0.0729999840259552,-0.35879021883010864,3.083108901977539,-74.05862426757812,133.15342712402344,-55.58735656738281,-19.41097640991211,-2778.0,-10031.0,-2434.0,0,0,0,0,0
138616.935,1.522189736366272,2.4110560417175293,1.3186074495315552,0.08623602241277695,-0.2987394332885742,0.055672645568847656,0.7821263074874878,3.688220500946045,-74.44630432128906,-128.42538452148438,-73.39231872558594,175.7430419921875,-3900.0,-9768.0,-2516.0,0,0,0,0,0
138626.616,1.52308988571167,2.407787561416626,1.3191392421722412,0.07974570244550705,-0.2852499186992645,0.03720781207084656,-0.34295758605003357,4.4260454177856445,-73.82176208496094,-90.12503814697266,-86.42485809326172,-234.80235290527344,1215.0,-10192.0,-2516.0,0,0,0,0,0
138636.741,1.5238323211669922,2.4043917655944824,1.3196370601654053,0.07469753175973892,-0.2700995206832886,0.03403526544570923,-1.3018251657485962,5.157156467437744,-74.65660095214844,-111.3250732421875,-57.203983306884766,-90.77549743652344,5417.0,-11064.0,-2655.0,0,0,0,0,0
138646.432,1.5245306491851807,2.400961399078369,1.3202826976776123,0.07082096487283707,-0.24728348851203918,0.07147405296564102,-2.352998971939087,5.7926788330078125,-74.24072265625,69.70101165771484,-68.79854583740234,-49.970726013183594,5960.0,-11234.0,-3095.0,0,0,0,0,0
138656.558,1.5252361297607422,2.397832155227661,1.3207006454467773,0.06990089267492294,-0.2367287576198578,-0.010244590230286121,-1.675979733467102,6.516921043395996,-74.20647430419922,58.85055160522461,-61.37212371826172,117.40027618408203,1392.0,-11521.0,-2970.0,0,0,0,0,0
138666.249,1.5260041952133179,2.3952486515045166,1.3208913803100586,0.06711684912443161,-0.2113320678472519,0.0417671874165535,-0.99684739112854,7.172290802001953,-74.29560089111328,106.3293685913086,-55.13035583496094,78.61542510986328,-2360.0,-11419.0,-2731.0,0,0,0,0,0
138676.374,1.5267671346664429,2.3931150436401367,1.3215162754058838,0.06318721175193787,-0.18786084651947021,0.07124407589435577,-0.45494312047958374,7.772232532501221,-74.60505676269531,1.4546209573745728,-36.935203552246094,30.042226791381836,-3473.0,-11690.0,-2893.0,0,0,0,0,0
138686.055,1.5276455879211426,2.3911619186401367,1.3222602605819702,0.06031649932265282,-0.1716424822807312,0.04496127367019653,-0.011560468003153801,8.130720138549805,-74.13200378417969,127.09723663330078,-39.564453125,-75.87242889404297,-3247.0,-11283.0,-3170.0,0,0,0,0,0
138696.204,1.5284367799758911,2.389448404312134,1.32273268699646,0.05650432035326958,-0.15376928448677063,0.03254975378513336,0.7341908812522888,8.565437316894531,-74.79938507080078,-153.979248046875,-55.795230865478516,120.73678588867188,-3516.0,-10720.0,-3231.0,0,0,0,0,0
138705.882,1.5290180444717407,2.387941360473633,1.3231269121170044,0.049037277698516846,-0.13714484870433807,0.018683478236198425,-0.7496123909950256,9.025495529174805,-73.99794006347656,-82.0327377319336,-68.06385803222656,-223.15679931640625,2020.0,-11540.0,-3295.0,0,0,0,0,0
138716.01,1.529416561126709,2.3865108489990234,1.3232908248901367,0.04342259094119072,-0.11729177832603455,0.00796875823289156,-1.6998064517974854,9.626707077026367,-74.63687133789062,-106.83787536621094,-33.569881439208984,-13.81383991241455,5623.0,-11901.0,-3103.0,0,0,0,0,0
138725.694,1.5297060012817383,2.3854000568389893,1.323525071144104,0.039397913962602615,-0.09335799515247345,0.014048066921532154,-2.1078057289123535,10.073183059692383,-74.31378936767578,61.8999137878418,-42.912384033203125,-96.81425476074219,5443.0,-12509.0,-3310.0,0,0,0,0,0
138735.828,1.5296504497528076,2.385488271713257,1.3235591650009155,0.03921001777052879,-0.09312880784273148,0.01420631818473339,-2.1078057289123535,10.073183059692383,-74.31378936767578,53.501365661621094,-42.88703536987305,71.0582504272461,868.0,-12666.0,-3184.0,0,0,0,0,0
138745.519,1.53006911277771,2.384748697280884,1.3235654830932617,0.038408078253269196,-0.07846514135599136,-0.0329546220600605,-1.4248980283737183,10.576003074645996,-73.9854507446289,99.41402435302734,-36.902244567871094,94.23065185546875,-2842.0,-13129.0,-2709.0,0,0,0,0,0
138755.64,1.5305792093276978,2.3844852447509766,1.3235182762145996,0.0343850813806057,-0.04930151626467705,0.006461889948695898,-0.5022242665290833,11.026922225952148,-74.32997131347656,1.3560848236083984,-19.4476318359375,66.96488189697266,-3837.0,-13342.0,-2721.0,0,0,0,0,0
138765.321,1.5310465097427368,2.384589433670044,1.323876142501831,0.028654487803578377,-0.021426402032375336,0.03942424803972244,-0.16262732446193695,11.419809341430664,-74.97576141357422,136.7603759765625,-26.109874725341797,-117.65192413330078,-3654.0,-13141.0,-3310.0,0,0,0,0,0
138775.462,1.5314213037490845,2.3850059509277344,1.3241983652114868,0.026095017790794373,-0.00546720065176487,0.009104328230023384,0.6871236562728882,11.604634284973145,-74.71891784667969,-163.32232666015625,-26.8160457611084,87.92085266113281,-4099.0,-12411.0,-4089.0,0,0,0,0,0
138785.157,1.5316205024719238,2.3853025436401367,1.3242509365081787,0.020536893978714943,0.011168899945914745,-0.00781878549605608,0.9025601148605347,11.819390296936035,-75.15066528320312,-78.59791564941406,-35.26935958862305,-201.31698608398438,1704.0,-12327.0,-4617.0,0,0,0,0,0
138795.274,1.5316072702407837,2.386073112487793,1.3241336345672607,0.012698929756879807,0.029153520241379738,-0.0176473967730999,-0.3644178807735443,12.068402290344238,-75.1634292602539,-118.7967300415039,-7.066733360290527,45.83620071411133,5536.0,-12757.0,-5252.0,0,0,0,0,0
138804.967,1.5314375162124634,2.3870787620544434,1.324020266532898,0.006400900427252054,0.0497058741748333,-0.017163382843136787,-1.4777828454971313,12.246269226074219,-75.12190246582031,73.89942932128906,-43.054840087890625,-134.8887481689453,5642.0,-13117.0,-5303.0,0,0,0,0,0
138815.092,1.531306266784668,2.388397455215454,1.3238551616668701,0.002892541466280818,0.07051681727170944,-0.016733014956116676,-1.8002076148986816,12.551741600036621,-74.62724304199219,36.674049377441406,-23.403030395507812,78.27822875976562,706.0,-14308.0,-4828.0,0,0,0,0,0
138824.783,1.5312981605529785,2.3899662494659424,1.323459506034851,0.0031471000984311104,0.08013784140348434,-0.06689386069774628,-1.1656103134155273,12.92623233795166,-74.21884155273438,78.5748062133789,-25.56269073486328,38.692142486572266,-2649.0,-15216.0,-3827.0,0,0,0,0,0
138834.901,1.5313389301300049,2.3913958072662354,1.3230910301208496,-0.0026848120614886284,0.11222699284553528,-0.012553418055176735,-0.4486369490623474,13.231080055236816,-74.33615112304688,34.667293548583984,-2.2634127140045166,165.73831176757812,-3216.0,-15573.0,-3499.0,0,0,0,0,0
138844.596,1.531384825706482,2.393617868423462,1.3231868743896484,-0.007982905022799969,0.1384992152452469,0.01231352984905243,-0.09740189462900162,13.483226776123047,-75.00390625,117.61434936523438,0.8781346082687378,-144.80068969726562,-3565.0,-14956.0,-3799.0,0,0,0,0,0
138854.722,1.5313339233398438,2.3960933685302734,1.3231866359710693,-0.00964864157140255,0.1527959555387497,-0.016540229320526123,1.0410876274108887,13.471524238586426,-75.2874755859375,-175.54014587402344,2.8120996952056885,18.447879791259766,-3456.0,-13764.0,-4726.0,0,0,0,0,0
138864.413,1.5310380458831787,2.3986945152282715,1.3229397535324097,-0.015623561106622219,0.16812098026275635,-0.033439312130212784,0.7713112831115723,13.453929901123047,-75.27264404296875,-97.71881866455078,5.007411956787109,-172.54788208007812,2682.0,-13305.0,-5083.0,0,0,0,0,0
138874.544,1.530553936958313,2.4014673233032227,1.3225456476211548,-0.02286691777408123,0.18415530025959015,-0.043188877403736115,-0.5624080300331116,13.443501472473145,-75.21622467041016,-108.88204193115234,7.780807971954346,21.296142578125,6438.0,-13572.0,-5273.0,0,0,0,0,0
138884.219,1.5301227569580078,2.4039604663848877,1.3222750425338745,-0.028695115819573402,0.20702432096004486,-0.01799304224550724,-1.8833518028259277,13.367431640625,-74.59635925292969,72.6177749633789,-19.003503799438477,-87.08675384521484,5740.0,-14075.0,-4439.0,0,0,0,0,0
138894.363,1.5295641422271729,2.4071788787841797,1.3218817710876465,-0.029312927275896072,0.21464575827121735,-0.061797212809324265,-1.8548851013183594,13.498886108398438,-74.5162124633789,39.042484283447266,-9.964459419250488,19.590879440307617,382.0,-15287.0,-3522.0,0,0,0,0,0
138904.046,1.5291452407836914,2.410585880279541,1.321184515953064,-0.030273383483290672,0.2314387708902359,-0.06777095049619675,-1.3323956727981567,13.539709091186523,-73.72967529296875,40.10006332397461,-3.724109411239624,-110.88075256347656,-2874.0,-15788.0,-2217.0,0,0,0,0,0
138914.171,1.5288463830947876,2.4143354892730713,1.32075035572052,-0.03436587378382683,0.25995737314224243,-0.021624738350510597,-0.5291284322738647,13.608814239501953,-73.95887756347656,84.68688201904297,38.869075775146484,153.34957885742188,-2953.0,-15794.0,-1857.0,0,0,0,0,0
138923.852,1.5284700393676758,2.4183707237243652,1.3206332921981812,-0.03886443376541138,0.28226691484451294,0.0011389167048037052,-0.20900754630565643,13.533076286315918,-74.59628295898438,65.46197509765625,30.76712417602539,-163.700927734375,-4148.0,-14783.0,-2179.0,0,0,0,0,0
138933.988,1.5280554294586182,2.4219441413879395,1.3206398487091064,-0.04020620509982109,0.29348382353782654,-0.015500834211707115,1.175459861755371,13.225245475769043,-75.30526733398438,-169.6748046875,50.013240814208984,19.674083709716797,-2440.0,-13454.0,-3401.0,0,0,0,0,0
138943.679,1.5274100303649902,2.426215887069702,1.320387601852417,-0.04602547362446785,0.3043738901615143,-0.032277584075927734,0.2111431062221527,12.8214750289917,-74.8947525024414,-111.20967102050781,41.38005828857422,-31.53506088256836,3806.0,-12657.0,-3898.0,0,0,0,0,0
138953.811,1.5266069173812866,2.4305765628814697,1.31997811794281,-0.05120176821947098,0.31698116660118103,-0.03624763339757919,-0.8093835711479187,12.496350288391113,-75.3107681274414,-47.62051773071289,27.707231521606445,72.55599975585938,6634.0,-12664.0,-4438.0,0,0,0,0,0
138963.485,1.5257431268692017,2.4351840019226074,1.3198637962341309,-0.055874649435281754,0.34134095907211304,0.016023464500904083,-2.089263439178467,12.058242797851562,-74.34762573242188,90.80841827392578,46.47956085205078,96.0356216430664,4465.0,-13099.0,-3744.0,0,0,0,0,0
138973.627,1.5249927043914795,2.4399335384368896,1.3195360898971558,-0.05330288037657738,0.3370845913887024,-0.06354629248380661,-1.7306205034255981,11.874979972839355,-74.24610900878906,82.6348876953125,36.60238265991211,-82.66091918945312,-730.0,-13879.0,-2744.0,0,0,0,0,0
138983.311,1.5244221687316895,2.444836378097534,1.3190157413482666,-0.05384000018239021,0.3552915155887604,-0.03329348564147949,-1.1302860975265503,11.50800609588623,-73.54302215576172,9.703813552856445,38.05886459350586,-150.26219177246094,-3583.0,-13819.0,-1612.0,0,0,0,0,0
138993.436,1.523879885673523,2.4492390155792236,1.3188554048538208,-0.05611680448055267,0.37270453572273254,0.010833789594471455,-0.2718150317668915,11.124883651733398,-74.03083038330078,137.11526489257812,61.094329833984375,5.1304168701171875,-3291.0,-13398.0,-1312.0,0,0,0,0,0
139003.118,1.5232349634170532,2.4549410343170166,1.31893789768219,-0.05790913850069046,0.3837365210056305,0.014022196643054485,0.22437088191509247,10.534282684326172,-73.73973083496094,-35.81128692626953,79.4800033569336,43.10734558105469,-4731.0,-12240.0,-1163.0,0,0,0,0,0
139013.253,1.5225443840026855,2.4602339267730713,1.3189359903335571,-0.05862114205956459,0.38933655619621277,-0.002369067631661892,1.2932672500610352,9.960304260253906,-74.89283752441406,-103.30218505859375,52.610496520996094,18.208383560180664,-492.0,-11082.0,-1979.0,0,0,0,0,0
139022.944,1.52163827419281,2.4655556678771973,1.3188211917877197,-0.06427702307701111,0.39510196447372437,-0.004559870343655348,-0.26939085125923157,9.193466186523438,-74.18155670166016,-95.50157165527344,80.42578125,123.87667083740234,4914.0,-10280.0,-2485.0,0,0,0,0,0
139033.073,1.520809292793274,2.470221996307373,1.3187090158462524,-0.06628897786140442,0.39871764183044434,-0.0031466165091842413,-1.0350425243377686,8.483331680297852,-74.9329833984375,11.741372108459473,43.816444396972656,63.46177291870117,6043.0,-10197.0,-2977.0,0,0,0,0,0
139042.75,1.5198675394058228,2.4755589962005615,1.31895911693573,-0.06681662052869797,0.40845492482185364,0.039388325065374374,-1.693532109260559,7.879627704620361,-73.98037719726562,96.77886199951172,81.23067474365234,-22.72747802734375,2464.0,-11157.0,-2481.0,0,0,0,0,0
139052.894,1.5190200805664062,2.4810664653778076,1.3188319206237793,-0.06293581426143646,0.4019978642463684,-0.04048166796565056,-1.0113146305084229,7.293124675750732,-73.6815185546875,113.2876205444336,82.93029022216797,42.15365982055664,-2512.0,-11303.0,-1825.0,0,0,0,0,0
139062.574,1.5183976888656616,2.4865615367889404,1.3185839653015137,-0.06252419203519821,0.41107177734375,0.018983906134963036,0.005165395326912403,6.699411392211914,-74.0958023071289,0.14801815152168274,72.36546325683594,88.08171081542969,-4431.0,-11073.0,-1756.0,0,0,0,0,0
139072.705,1.5178066492080688,2.492133378982544,1.3188320398330688,-0.06343445181846619,0.4161939322948456,0.0614347830414772,0.44951650500297546,6.036294460296631,-74.32083892822266,156.3204345703125,54.17810821533203,-118.15502166748047,-3890.0,-10499.0,-1615.0,0,0,0,0,0
139082.393,1.5171905755996704,2.4970133304595947,1.3192976713180542,-0.06194816157221794,0.41238218545913696,0.039735715836286545,1.3013321161270142,5.290985107421875,-73.22660064697266,-140.37066650390625,103.26188659667969,111.70513916015625,-4672.0,-9950.0,-1069.0,0,0,0,0,0
139092.521,1.5164551734924316,2.5025229454040527,1.3194729089736938,-0.06270311027765274,0.40908506512641907,0.02133181132376194,1.5985692739486694,4.485894680023193,-73.80176544189453,-46.79554748535156,86.30812072753906,-198.71348571777344,1251.0,-8551.0,-871.0,0,0,0,0,0
139102.22,1.515565037727356,2.5079286098480225,1.3195271492004395,-0.06611859053373337,0.40535247325897217,0.023520736023783684,0.344179630279541,3.552963972091675,-73.97657012939453,-102.8791732788086,105.75350952148438,249.60594177246094,5055.0,-7514.0,-1431.0,0,0,0,0,0
139112.335,1.5145999193191528,2.5131278038024902,1.3195534944534302,-0.06694308668375015,0.40040814876556396,0.02287430502474308,-0.6286635994911194,2.561833143234253,-73.90797424316406,56.0554084777832,57.45168685913086,-15.83405876159668,5502.0,-7542.0,-1252.0,0,0,0,0,0
139122.026,1.5137066841125488,2.5182971954345703,1.3196675777435303,-0.06456461548805237,0.39492031931877136,0.044388722628355026,-0.9799671173095703,1.933104395866394,-73.15044403076172,77.30608367919922,87.0328369140625,-132.0833282470703,1117.0,-8154.0,-398.0,0,0,0,0,0
139132.152,1.5130106210708618,2.5233864784240723,1.3195890188217163,-0.06006285920739174,0.3872469365596771,-0.020745638757944107,-0.18713873624801636,1.1392133235931396,-73.17028045654297,93.3816909790039,91.11250305175781,42.274253845214844,-3244.0,-8071.0,108.0,0,0,0,0,0
139141.852,1.5124388933181763,2.527838945388794,1.3195186853408813,-0.057186562567949295,0.37795937061309814,0.028321925550699234,0.7255227565765381,0.34652549028396606,-73.3492202758789,9.297789573669434,85.87015533447266,212.8379364013672,-4094.0,-7730.0,227.0,0,0,0,0,0
139151.971,1.511916995048523,2.5327725410461426,1.3197555541992188,-0.05557780712842941,0.3682173788547516,0.057821258902549744,0.9521480798721313,-0.4405374825000763,-73.26318359375,145.92498779296875,65.80250549316406,-102.25746154785156,-3765.0,-7397.0,779.0,0,0,0,0,0
139161.652,1.5114498138427734,2.5374441146850586,1.3201801776885986,-0.051926784217357635,0.35849466919898987,0.029068611562252045,2.0494470596313477,-1.166920781135559,-72.77788543701172,-169.0169219970703,107.05900573730469,6.879104137420654,-4484.0,-7259.0,1115.0,0,0,0,0,0
139171.785,1.5107972621917725,2.541914701461792,1.3201414346694946,-0.05184135213494301,0.34680384397506714,0.013139884918928146,2.1933765411376953,-2.0518455505371094,-73.17704772949219,-72.74671936035156,96.84532165527344,-203.3247528076172,1516.0,-5929.0,1054.0,0,0,0,0,0
139181.488,1.5100231170654297,2.546196222305298,1.3200769424438477,-0.053620632737874985,0.3331938087940216,0.006931106094270945,0.8722772002220154,-2.995851516723633,-73.27511596679688,-122.4671630859375,96.62443542480469,129.3041534423828,5485.0,-4853.0,361.0,0,0,0,0,0
139191.602,1.5093320608139038,2.549880027770996,1.3200525045394897,-0.052521318197250366,0.31770631670951843,0.007869715802371502,-0.23898713290691376,-4.006982326507568,-73.5793685913086,67.14163970947266,71.6934585571289,-86.13746643066406,5811.0,-4459.0,-14.0,0,0,0,0,0
139201.285,1.5086023807525635,2.5538132190704346,1.319818377494812,-0.048738494515419006,0.30343878269195557,-0.00535923196002841,-0.4089565575122833,-4.7124247550964355,-73.18608093261719,41.943443298339844,81.88912200927734,-57.84766387939453,827.0,-4916.0,37.0,0,0,0,0,0
139211.421,1.5081061124801636,2.5574870109558105,1.3192933797836304,-0.04397570341825485,0.2920505404472351,-0.048062533140182495,0.28585341572761536,-5.660172462463379,-73.26644134521484,74.87744140625,76.6934814453125,-35.1866340637207,-2854.0,-4280.0,166.0,0,0,0,0,0
139221.108,1.507805585861206,2.560983896255493,1.318835735321045,-0.03757426515221596,0.26888495683670044,0.005552924703806639,1.05757737159729,-6.441003322601318,-72.87313842773438,23.900239944458008,85.99786376953125,228.6948699951172,-3364.0,-4109.0,524.0,0,0,0,0,0
139231.234,1.5075263977050781,2.5642082691192627,1.318821907043457,-0.0331466980278492,0.2466934770345688,0.035722516477108,1.1828603744506836,-7.231321334838867,-72.74574279785156,133.97947692871094,57.0817985534668,-55.21891784667969,-3615.0,-4049.0,1391.0,0,0,0,0,0
139240.914,1.5072402954101562,2.566894769668579,1.3189516067504883,-0.028714973479509354,0.2305377721786499,0.010280365124344826,2.29646897315979,-7.895487308502197,-72.476806640625,-174.95616149902344,80.23554229736328,-52.445953369140625,-4081.0,-4324.0,1995.0,0,0,0,0,0
139251.059,1.5068894624710083,2.5696218013763428,1.3187421560287476,-0.027268441393971443,0.21266715228557587,-0.0072632357478141785,2.094027042388916,-8.639355659484863,-72.33501434326172,-90.13198852539062,64.27530670166016,-262.2337341308594,2017.0,-3657.0,2454.0,0,0,0,0,0
139260.741,1.5064244270324707,2.5720314979553223,1.3183281421661377,-0.026976963505148888,0.1936153769493103,-0.023175638169050217,0.8030439019203186,-9.37936019897461,-72.8017349243164,-119.15936279296875,47.68015670776367,-21.43727684020996,6047.0,-3204.0,1775.0,0,0,0,0,0
139270.866,1.505942940711975,2.5741491317749023,1.3179712295532227,-0.02290775254368782,0.16866502165794373,-0.004020294640213251,-0.5386492609977722,-10.046243667602539,-73.52601623535156,68.25887298583984,62.76935958862305,-128.6462860107422,5953.0,-3545.0,706.0,0,0,0,0,0
139280.551,1.5056278705596924,2.5760347843170166,1.317537546157837,-0.01746893674135208,0.15038830041885376,-0.02317468822002411,-0.6491880416870117,-10.482914924621582,-73.35901641845703,40.62720489501953,56.68418884277344,46.23566436767578,720.0,-3560.0,-242.0,0,0,0,0,0
139290.684,1.5054774284362793,2.577590227127075,1.316997766494751,-0.012049790471792221,0.13590988516807556,-0.05766543000936508,-0.059071220457553864,-11.246000289916992,-73.95179748535156,47.99018478393555,67.40904998779297,12.828413009643555,-2799.0,-2473.0,-1210.0,0,0,0,0,0
139300.374,1.5055402517318726,2.5790178775787354,1.316419243812561,-0.002521942835301161,0.10370897501707077,-0.007725415285676718,0.7496449947357178,-11.83183479309082,-73.4910659790039,55.5101432800293,69.5784912109375,274.25616455078125,-2951.0,-1818.0,-1422.0,0,0,0,0,0
139310.499,1.5057117938995361,2.58003306388855,1.316145896911621,0.004142001736909151,0.07700682431459427,0.010713260620832443,0.9403805136680603,-12.525525093078613,-72.7061767578125,107.08847045898438,50.642333984375,-14.901482582092285,-3764.0,-1469.0,-417.0,0,0,0,0,0
139320.181,1.5058996677398682,2.5806896686553955,1.3159077167510986,0.009543783031404018,0.05890494957566261,-0.013091268949210644,2.0863897800445557,-12.985639572143555,-72.8297348022461,-178.49002075195312,51.147056579589844,73.35812377929688,-3169.0,-1792.0,278.0,0,0,0,0,0
139330.316,1.5059394836425781,2.581042766571045,1.3153319358825684,0.01150132343173027,0.03826472535729408,-0.030099796131253242,1.6927663087844849,-13.534037590026855,-72.35816192626953,-111.18728637695312,26.782501220703125,-164.70909118652344,2998.0,-1611.0,1544.0,0,0,0,0,0
139340.01,1.5060110092163086,2.5812201499938965,1.3147717714309692,0.013529814779758453,0.01770024560391903,-0.04682464897632599,0.5223075151443481,-13.951041221618652,-72.04226684570312,-71.79761505126953,24.75545883178711,-113.56661224365234,6358.0,-1620.0,2368.0,0,0,0,0,0
139350.141,1.506056308746338,2.5809786319732666,1.3141647577285767,0.021950772032141685,-0.016427213326096535,-0.006046211812645197,-0.7167946696281433,-14.409311294555664,-72.73279571533203,71.80833435058594,39.577789306640625,-86.19822692871094,4881.0,-1543.0,2146.0,0,0,0,0,0
139359.813,1.5062710046768188,2.580489158630371,1.3134143352508545,0.024023234844207764,-0.023517437279224396,-0.07318190485239029,-0.6518071293830872,-14.689414024353027,-73.45663452148438,68.53549194335938,22.01620101928711,-28.56869888305664,-143.0,-1600.0,909.0,0,0,0,0,0
139369.948,1.506719708442688,2.5798118114471436,1.3123438358306885,0.03224664181470871,-0.04641624540090561,-0.07442107796669006,0.003671836806461215,-15.049641609191895,-73.68152618408203,11.366050720214844,23.717086791992188,-83.83653259277344,-3469.0,-1595.0,-397.0,0,0,0,0,0
139379.639,1.5073646306991577,2.578791856765747,1.3115206956863403,0.0426386296749115,-0.0823250412940979,-0.02810302935540676,0.7706592082977295,-15.263679504394531,-73.81684112548828,115.30319213867188,8.271452903747559,47.94184875488281,-3034.0,-1692.0,-1475.0,0,0,0,0,0
139389.764,1.5079421997070312,2.577618360519409,1.3111345767974854,0.04880063235759735,-0.10898230969905853,-0.014228331856429577,1.0806034803390503,-15.484389305114746,-73.37689208984375,15.525040626525879,9.617330551147461,22.985740661621094,-4275.0,-1988.0,-1845.0,0,0,0,0,0
139399.446,1.508711814880371,2.575767993927002,1.3105584383010864,0.05387834087014198,-0.1306174099445343,-0.029996804893016815,2.0240530967712402,-15.52790355682373,-74.05510711669922,-132.50103759765625,5.8510284423828125,65.44693756103516,-1101.0,-2348.0,-2431.0,0,0,0,0,0
139409.596,1.5093671083450317,2.5735788345336914,1.3098230361938477,0.05483003333210945,-0.15302632749080658,-0.04342537745833397,0.7281322479248047,-15.63436508178711,-73.45923614501953,-117.11123657226562,14.595344543457031,-38.00762176513672,4670.0,-2261.0,-2587.0,0,0,0,0,0
139419.283,1.5099308490753174,2.5711960792541504,1.3090054988861084,0.05797862261533737,-0.17538496851921082,-0.04570656269788742,-0.6886663436889648,-15.67497730255127,-74.83969116210938,-2.965338945388794,-40.26993942260742,53.00271224975586,6605.0,-2202.0,-3650.0,0,0,0,0,0
139429.398,1.510568618774414,2.5685126781463623,1.308448076248169,0.06857607513666153,-0.21025170385837555,0.004198513459414244,-1.1244306564331055,-15.495695114135742,-74.56827545166016,87.87215423583984,-6.899927616119385,177.6978759765625,3126.0,-3192.0,-4483.0,0,0,0,0,0
139439.078,1.511330485343933,2.566035270690918,1.3078702688217163,0.06960581243038177,-0.20751222968101501,-0.0777573361992836,-0.23556290566921234,-15.400349617004395,-73.78480529785156,112.49891662597656,-27.598295211791992,49.35921096801758,-2042.0,-3218.0,-4014.0,0,0,0,0,0
139449.225,1.5123807191848755,2.5629496574401855,1.3070156574249268,0.08027834445238113,-0.2434634119272232,-0.01640384830534458,0.6872959136962891,-15.188214302062988,-73.76692199707031,-17.008440017700195,-10.378095626831055,-78.00541687011719,-4224.0,-3244.0,-3268.0,0,0,0,0,0
139458.919,1.5135947465896606,2.559436559677124,1.3067117929458618,0.08739049732685089,-0.2745288908481598,0.02811870537698269,0.7311452627182007,-15.114147186279297,-74.3211669921875,161.53646850585938,-40.16932678222656,-122.61286163330078,-3542.0,-2382.0,-2983.0,0,0,0,0,0
139469.033,1.514918565750122,2.5553295612335205,1.3065096139907837,0.09129495918750763,-0.2869081497192383,-0.0012646215036511421,2.051955461502075,-14.953272819519043,-74.1979751586914,-159.28211975097656,-28.252973556518555,244.74530029296875,-4811.0,-2575.0,-3083.0,0,0,0,0,0
139478.712,1.5160956382751465,2.5509533882141113,1.3059903383255005,0.09121929109096527,-0.30341506004333496,-0.017751894891262054,1.5132521390914917,-14.628061294555664,-73.23087310791016,-68.77449798583984,-59.93014144897461,-229.3278350830078,1840.0,-2903.0,-1842.0,0,0,0,0,0
139488.849,1.5171533823013306,2.546886920928955,1.3055927753448486,0.09205560386180878,-0.3215130567550659,-0.015328964218497276,0.15565229952335358,-14.270113945007324,-73.86109161376953,-61.5182991027832,-37.63800048828125,14.445524215698242,5323.0,-3307.0,-1209.0,0,0,0,0,0
139498.538,1.5181145668029785,2.5423855781555176,1.3052608966827393,0.09864984452724457,-0.3492066264152527,0.03501679003238678,-0.4161752462387085,-13.906795501708984,-73.66163635253906,66.33355712890625,-26.87421226501465,-30.82002830505371,4416.0,-3360.0,-1102.0,0,0,0,0,0
139508.663,1.5192029476165771,2.537752389907837,1.3047454357147217,0.09760390222072601,-0.34399113059043884,-0.048303525894880295,0.0678681880235672,-13.579408645629883,-73.79158020019531,91.68801879882812,-47.58053970336914,-3.104816198348999,-280.0,-3710.0,-960.0,0,0,0,0,0
139518.344,1.5205228328704834,2.5330073833465576,1.3040847778320312,0.10433720797300339,-0.36903291940689087,0.0028409415390342474,0.985241174697876,-13.075333595275879,-73.91261291503906,26.72340965270996,-55.77037811279297,3.960130214691162,-4340.0,-4337.0,-1021.0,0,0,0,0,0
139528.48,1.5219871997833252,2.5279839038848877,1.3039650917053223,0.10839339345693588,-0.3922238051891327,0.050251711159944534,1.309731364250183,-12.535934448242188,-74.13702392578125,103.86349487304688,-36.87028121948242,166.23855590820312,-3486.0,-4744.0,-1436.0,0,0,0,0,0
139538.171,1.523285984992981,2.5233352184295654,1.304229736328125,0.10916942358016968,-0.39902979135513306,0.0376722477376461,2.1393842697143555,-12.111898422241211,-73.8543701171875,53.074806213378906,-68.91143798828125,-44.83687973022461,-4960.0,-4454.0,-1765.0,0,0,0,0,0
139548.301,1.52470862865448,2.5181024074554443,1.304180383682251,0.10867355018854141,-0.40569138526916504,0.01706300675868988,2.6572935581207275,-11.480182647705078,-74.59781646728516,-183.4077911376953,-36.29052734375,58.049983978271484,-2307.0,-4933.0,-2137.0,0,0,0,0,0
139557.979,1.5259090662002563,2.512700080871582,1.3039665222167969,0.10479443520307541,-0.41632845997810364,0.018993521109223366,1.1592087745666504,-10.928169250488281,-73.91549682617188,-113.24320983886719,-52.519744873046875,17.733402252197266,4060.0,-5252.0,-2541.0,0,0,0,0,0
139568.115,1.527023434638977,2.507113218307495,1.3038439750671387,0.10417907685041428,-0.4278363585472107,0.036469534039497375,-0.030893120914697647,-10.326438903808594,-74.97069549560547,11.050950050354004,-79.78561401367188,88.85022735595703,6215.0,-5210.0,-3246.0,0,0,0,0,0
139577.815,1.528149962425232,2.501410484313965,1.3038595914840698,0.10525156557559967,-0.4354505240917206,0.04327264055609703,-0.18736588954925537,-9.66968822479248,-74.68791198730469,72.21179962158203,-80.84922790527344,170.51341247558594,2440.0,-5724.0,-3944.0,0,0,0,0,0
139587.93,1.529335618019104,2.496300458908081,1.303959846496582,0.10612636804580688,-0.4346235394477844,0.01808369904756546,0.5945712327957153,-8.913822174072266,-73.85600280761719,93.14244079589844,-106.6964340209961,-32.41598892211914,-1937.0,-6486.0,-3453.0,0,0,0,0,0
139597.61,1.5307083129882812,2.4906222820281982,1.3040740489959717,0.1079573780298233,-0.44765451550483704,0.08369466662406921,1.2827820777893066,-8.020437240600586,-74.09483337402344,-43.15991973876953,-76.02153778076172,-94.11473846435547,-3660.0,-7519.0,-2965.0,0,0,0,0,0
139607.762,1.532209038734436,2.4848241806030273,1.3048063516616821,0.10732155293226242,-0.4545573890209198,0.11944267898797989,1.088006615638733,-7.35046911239624,-74.95836639404297,130.8575439453125,-70.11100006103516,-39.127227783203125,-2790.0,-7181.0,-3213.0,0,0,0,0,0
139617.444,1.5336296558380127,2.478989601135254,1.3055294752120972,0.10685240477323532,-0.45185938477516174,0.09227162599563599,2.2375056743621826,-6.707509517669678,-74.62943267822266,-139.5799560546875,-82.54264068603516,232.57460021972656,-4219.0,-6904.0,-3664.0,0,0,0,0,0
139627.566,1.5348352193832397,2.473163604736328,1.3059473037719727,0.10189944505691528,-0.45143118500709534,0.0798855572938919,1.5364875793457031,-5.867324352264404,-73.84141540527344,-106.42652130126953,-101.43695831298828,-186.42295837402344,1504.0,-7204.0,-3045.0,0,0,0,0,0
139637.242,1.535834789276123,2.4680514335632324,1.3064515590667725,0.09703197330236435,-0.4482727348804474,0.07769595086574554,0.16136382520198822,-5.0799407958984375,-74.80548095703125,-113.13611602783203,-74.08841705322266,-84.69380950927734,5998.0,-7727.0,-2989.0,0,0,0,0,0
139647.395,1.5367515087127686,2.462331771850586,1.3068381547927856,0.0950625091791153,-0.4470217525959015,0.10597069561481476,-0.9607612490653992,-4.366786003112793,-74.8833236694336,65.89013671875,-94.26769256591797,-116.90877532958984,6058.0,-7500.0,-3309.0,0,0,0,0,0
139657.069,1.5377438068389893,2.456727981567383,1.3070449829101562,0.09327933192253113,-0.4375905692577362,0.034996893256902695,-0.5774941444396973,-3.630425453186035,-74.4934310913086,33.02896499633789,-63.951942443847656,93.34929656982422,1105.0,-7656.0,-3228.0,0,0,0,0,0
139667.202,1.5388273000717163,2.4511966705322266,1.307149052619934,0.09317238628864288,-0.43252554535865784,0.06063035875558853,-0.08688224107027054,-2.9242606163024902,-73.7746810913086,82.49723815917969,-83.06714630126953,18.974205017089844,-2274.0,-8025.0,-2586.0,0,0,0,0,0
139676.875,1.5400978326797485,2.445831060409546,1.3075060844421387,0.0925937220454216,-0.4267864227294922,0.1011052057147026,0.5622922778129578,-2.0486388206481934,-74.48206329345703,29.814943313598633,-59.25127410888672,126.00706481933594,-2811.0,-8728.0,-2498.0,0,0,0,0,0
139687.02,1.5411808490753174,2.441011428833008,1.3082445859909058,0.0895640105009079,-0.41671663522720337,0.08847065269947052,0.726841390132904,-1.3610138893127441,-74.38279724121094,112.81581115722656,-76.4227066040039,-52.2889289855957,-3075.0,-8400.0,-2599.0,0,0,0,0,0
139696.71,1.5423744916915894,2.435962438583374,1.3086580038070679,0.08716411143541336,-0.40697067975997925,0.08443520218133926,1.6757285594940186,-0.6581157445907593,-74.65583801269531,-158.3759002685547,-96.99884796142578,40.089622497558594,-2932.0,-8498.0,-2783.0,0,0,0,0,0
139706.84,1.5433217287063599,2.431018114089966,1.3088804483413696,0.0806361734867096,-0.3976247012615204,0.06253305077552795,0.5291845798492432,0.17891211807727814,-74.16145324707031,-106.45048522949219,-90.72821044921875,-137.77218627929688,2706.0,-9148.0,-2857.0,0,0,0,0,0
139716.508,1.5440819263458252,2.42616868019104,1.3089975118637085,0.07543683052062988,-0.38671356439590454,0.052746206521987915,-0.5671446919441223,0.9682652950286865,-75.10221862792969,-115.26007080078125,-66.21365356445312,31.35240364074707,6341.0,-9713.0,-3491.0,0,0,0,0,0
139726.654,1.5447845458984375,2.4214701652526855,1.3091726303100586,0.07230252772569656,-0.37287744879722595,0.08042307198047638,-1.6129140853881836,1.6132749319076538,-74.87797546386719,52.193119049072266,-86.90423583984375,-128.2205810546875,5507.0,-9426.0,-3996.0,0,0,0,0,0
139736.335,1.5455231666564941,2.417341709136963,1.3093446493148804,0.07098988443613052,-0.36112308502197266,0.0008938025566749275,-1.1114263534545898,2.3597660064697266,-74.51925659179688,33.87661361694336,-66.9406967163086,13.828821182250977,585.0,-9627.0,-3836.0,0,0,0,0,0
139746.468,1.546367883682251,2.4131574630737305,1.3091161251068115,0.06928718090057373,-0.34338879585266113,0.044346537441015244,-0.6058040261268616,3.0804970264434814,-74.11756896972656,66.7823257446289,-76.7492446899414,-35.3520393371582,-2871.0,-10105.0,-3281.0,0,0,0,0,0
139756.155,1.5473484992980957,2.4092397689819336,1.3092032670974731,0.06699060648679733,-0.3255903720855713,0.0717996284365654,0.17677819728851318,3.839991807937622,-74.60865020751953,40.08784484863281,-49.460811614990234,131.4099578857422,-3177.0,-10541.0,-3223.0,0,0,0,0,0
139766.286,1.5482937097549438,2.405550241470337,1.3093773126602173,0.06333161890506744,-0.30955708026885986,0.06210128590464592,0.37905365228652954,4.398281574249268,-74.2446060180664,98.79083251953125,-73.89714050292969,-174.74867248535156,-3599.0,-9929.0,-3034.0,0,0,0,0,0
139775.975,1.5491313934326172,2.402076482772827,1.3095054626464844,0.060080647468566895,-0.2933957874774933,0.04921051859855652,1.370747685432434,4.994009971618652,-74.9534912109375,-159.8963623046875,-78.78572845458984,25.93054962158203,-2648.0,-9978.0,-3210.0,0,0,0,0,0
139786.101,1.5497833490371704,2.3984768390655518,1.3095262050628662,0.05166982114315033,-0.27681735157966614,0.03186355158686638,-0.05757096782326698,5.704883575439453,-74.2066650390625,-88.90670013427734,-74.68273162841797,-29.659114837646484,3003.0,-10631.0,-3361.0,0,0,0,0,0
139795.782,1.550309181213379,2.3952763080596924,1.309613823890686,0.04589448869228363,-0.257783979177475,0.02212096005678177,-1.047397255897522,6.447335720062256,-74.8407974243164,-98.37114715576172,-50.029170989990234,109.08751678466797,6229.0,-11375.0,-3559.0,0,0,0,0,0
139805.929,1.5507049560546875,2.392198085784912,1.3095390796661377,0.04135017469525337,-0.23283490538597107,0.05130168795585632,-1.7252196073532104,7.009159564971924,-74.11064147949219,55.93963623046875,-64.22960662841797,-74.2044677734375,4870.0,-10851.0,-3480.0,0,0,0,0,0
139815.617,1.5512447357177734,2.3891780376434326,1.3096157312393188,0.040769483894109726,-0.21948546171188354,-0.007065184414386749,-1.010443091392517,7.675439357757568,-73.77882385253906,59.42061233520508,-59.10350799560547,-63.65189743041992,54.0,-11214.0,-2673.0,0,0,0,0,0
139825.736,1.5517923831939697,2.387017011642456,1.3093295097351074,0.0365050807595253,-0.1925783008337021,0.037351276725530624,-0.10789301246404648,8.294551849365234,-74.0503158569336,41.805809020996094,-65.0444107055664,-15.510221481323242,-3517.0,-11442.0,-1945.0,0,0,0,0,0
139835.422,1.5523946285247803,2.385289430618286,1.309422254562378,0.030983127653598785,-0.1669970452785492,0.06850103288888931,0.11736763268709183,8.875399589538574,-74.66093444824219,64.30072021484375,-30.499988555908203,159.3978271484375,-3394.0,-11849.0,-1875.0,0,0,0,0,0
139845.559,1.552803635597229,2.383723020553589,1.309730887413025,0.028092805296182632,-0.15036223828792572,0.0383034311234951,1.0481795072555542,9.249001502990723,-74.34494018554688,75.2735824584961,-52.958717346191406,-200.77894592285156,-3997.0,-11649.0,-2263.0,0,0,0,0,0
139855.248,1.5532585382461548,2.3824703693389893,1.3096930980682373,0.022504735738039017,-0.13252444565296173,0.02081531286239624,0.9488633871078491,9.745327949523926,-74.738525390625,-166.40037536621094,-42.91047286987305,37.61191177368164,-2327.0,-11531.0,-2764.0,0,0,0,0,0
139865.374,1.5534085035324097,2.381420850753784,1.3094195127487183,0.014767365530133247,-0.1119416356086731,0.01971505954861641,-0.2170250415802002,10.199848175048828,-75.20830535888672,-103.21637725830078,-49.792938232421875,40.58366394042969,3458.0,-12417.0,-3498.0,0,0,0,0,0
139875.054,1.5533807277679443,2.3805508613586426,1.3092734813690186,0.007727469317615032,-0.08510841429233551,0.0370185449719429,-1.3614587783813477,10.62044620513916,-74.98959350585938,-52.8142204284668,-54.86842727661133,55.832218170166016,5999.0,-12274.0,-4512.0,0,0,0,0,0
139885.184,1.5533411502838135,2.379850149154663,1.309051752090454,0.0063773333095014095,-0.07344458997249603,-0.024461090564727783,-1.1028600931167603,11.186782836914062,-74.87042999267578,75.60321044921875,-55.12613296508789,36.40378189086914,3811.0,-12682.0,-4777.0,0,0,0,0,0
139894.881,1.553312063217163,2.380061149597168,1.3088010549545288,0.006334441248327494,-0.07294709235429764,-0.02551090531051159,-1.10483980178833,11.194122314453125,-74.86351776123047,77.3514633178711,-48.503543853759766,-84.85343933105469,-1078.0,-13622.0,-4617.0,0,0,0,0,0
139905.009,1.5534172058105469,2.379904270172119,1.3081777095794678,0.0017787873512133956,-0.042616717517375946,0.0015615590382367373,-0.4021988809108734,11.735188484191895,-74.39127349853516,6.959366321563721,-43.043128967285156,-138.6917724609375,-3994.0,-14229.0,-4158.0,0,0,0,0,0
139914.684,1.5536003112792969,2.3802483081817627,1.3079348802566528,-0.0035523695405572653,-0.014063145034015179,0.028983203694224358,0.44137704372406006,12.197186470031738,-74.5873794555664,110.19583892822266,-6.025313854217529,109.17649841308594,-3347.0,-14239.0,-4026.0,0,0,0,0,0
139924.822,1.553673267364502,2.380901336669922,1.3078455924987793,-0.00990151148289442,0.010478620417416096,0.03752903640270233,0.6143233776092529,12.477986335754395,-74.41596984863281,6.140995025634766,-18.10882568359375,-68.39624786376953,-4485.0,-13345.0,-3737.0,0,0,0,0,0
139934.509,1.5535691976547241,2.381798267364502,1.3077336549758911,-0.01333542913198471,0.02856111153960228,0.015618531033396721,1.932205080986023,12.68342399597168,-75.32378387451172,-138.5301513671875,4.010730743408203,68.14238739013672,-1515.0,-12831.0,-4258.0,0,0,0,0,0
139944.642,1.553313970565796,2.3825175762176514,1.30753493309021,-0.021531090140342712,0.04386072978377342,-0.006554385647177696,0.5650659203529358,12.83349895477295,-74.57491302490234,-122.89369201660156,-6.084149360656738,95.143310546875,4327.0,-12729.0,-4223.0,0,0,0,0,0
139954.319,1.5528446435928345,2.3837926387786865,1.3070640563964844,-0.028641484677791595,0.06426314264535904,-0.01079915277659893,-0.37503543496131897,13.016016960144043,-75.13837432861328,12.726994514465332,-27.02061653137207,83.1854019165039,6522.0,-12988.0,-4374.0,0,0,0,0,0
139964.457,1.5522961616516113,2.385423183441162,1.3068212270736694,-0.03637932986021042,0.09834736585617065,0.043275441974401474,-1.4756569862365723,13.142213821411133,-74.4201889038086,88.00867462158203,-18.761926651000977,129.1553955078125,3092.0,-13751.0,-3929.0,0,0,0,0,0
139974.135,1.5518479347229004,2.387324094772339,1.3064281940460205,-0.03397897258400917,0.09906455129384995,-0.04634825512766838,-0.7886927723884583,13.47484016418457,-74.6351089477539,97.44278717041016,-26.147045135498047,-73.53359985351562,-1696.0,-14894.0,-3465.0,0,0,0,0,0
139984.267,1.5515284538269043,2.3895206451416016,1.3058680295944214,-0.040215156972408295,0.13353152573108673,0.008071240037679672,-0.19166477024555206,13.743352890014648,-74.4275131225586,-21.287845611572266,-17.88082504272461,-129.2657928466797,-3618.0,-15518.0,-3180.0,0,0,0,0,0
139993.937,1.5511221885681152,2.3915624618530273,1.305965542793274,-0.047066621482372284,0.16283634305000305,0.048789918422698975,0.38463452458381653,13.961078643798828,-74.83247375488281,144.85537719726562,6.3897223472595215,-117.0177230834961,-3139.0,-15330.0,-3411.0,0,0,0,0,0
140004.083,1.550675392150879,2.394434928894043,1.3060206174850464,-0.04957732930779457,0.1777399331331253,0.022404957562685013,1.0200141668319702,13.97146987915039,-74.6856689453125,-110.01554107666016,22.19154930114746,159.86669921875,-4755.0,-14303.0,-3950.0,0,0,0,0,0
140013.764,1.5500705242156982,2.3974761962890625,1.3058419227600098,-0.054132863879203796,0.19529308378696442,0.010496040806174278,1.9567344188690186,13.88425064086914,-75.8164291381836,-109.41094207763672,4.16688346862793,-53.19761657714844,371.0,-13355.0,-5023.0,0,0,0,0,0
140023.889,1.549219012260437,2.40065598487854,1.3054311275482178,-0.06227394565939903,0.2095232605934143,-0.007916996255517006,0.23393799364566803,13.75194263458252,-75.12494659423828,-109.64234924316406,21.814685821533203,205.6732635498047,5755.0,-13173.0,-5567.0,0,0,0,0,0
140033.58,1.5482487678527832,2.404055118560791,1.3050620555877686,-0.06849141418933868,0.22929996252059937,-0.0022536632604897022,-0.8847954273223877,13.635787963867188,-75.23420715332031,64.85945129394531,-24.124265670776367,-76.04765319824219,6356.0,-13712.0,-5284.0,0,0,0,0,0
140043.708,1.5474244356155396,2.4070916175842285,1.3049253225326538,-0.07220164686441422,0.2504234313964844,0.017830708995461464,-1.4965664148330688,13.626080513000488,-74.38447570800781,42.335052490234375,2.656127452850342,23.28147315979004,1506.0,-15079.0,-4203.0,0,0,0,0,0
140053.403,1.546543836593628,2.4109654426574707,1.304455280303955,-0.0707077831029892,0.25629666447639465,-0.03326403349637985,-0.9036388993263245,13.678425788879395,-73.92477416992188,73.66525268554688,13.67536735534668,-13.78029727935791,-2212.0,-15808.0,-2720.0,0,0,0,0,0
140063.522,1.5458459854125977,2.4150564670562744,1.3040587902069092,-0.07583745568990707,0.2874826192855835,0.025456037372350693,-0.19345085322856903,13.692933082580566,-74.10536193847656,54.03266906738281,41.77994918823242,200.42527770996094,-2843.0,-15947.0,-2238.0,0,0,0,0,0
140073.204,1.5450544357299805,2.4194729328155518,1.3040820360183716,-0.08109661191701889,0.31279900670051575,0.062347643077373505,0.13809245824813843,13.617204666137695,-74.93876647949219,108.0754623413086,29.894424438476562,-142.2484130859375,-3627.0,-15062.0,-2499.0,0,0,0,0,0
140083.338,1.5441811084747314,2.424116611480713,1.304218053817749,-0.08085201680660248,0.32123786211013794,0.025873713195323944,1.2200583219528198,13.264397621154785,-74.89810180664062,-182.07887268066406,57.37678909301758,24.419790267944336,-3081.0,-13668.0,-3188.0,0,0,0,0,0
140093.028,1.5432307720184326,2.4280965328216553,1.3042411804199219,-0.08562453091144562,0.3307135999202728,0.012405013665556908,0.728964626789093,12.810943603515625,-74.64356994628906,-110.23371887207031,52.76810073852539,-152.40528869628906,3312.0,-12647.0,-3221.0,0,0,0,0,0
140103.154,1.5420300960540771,2.4329118728637695,1.3039586544036865,-0.09094187617301941,0.3424818515777588,0.005812633316963911,-0.4799506962299347,12.371301651000977,-75.08554077148438,-66.04991912841797,35.7378044128418,58.17308807373047,6647.0,-12438.0,-3612.0,0,0,0,0,0
140112.836,1.5407534837722778,2.4378607273101807,1.303977608680725,-0.09563930332660675,0.36505448818206787,0.05392178148031235,-1.7837458848953247,11.883023262023926,-73.94712829589844,79.64910888671875,46.33503341674805,60.525062561035156,5004.0,-12943.0,-2630.0,0,0,0,0,0
140122.971,1.5395967960357666,2.442941904067993,1.3037538528442383,-0.09324850887060165,0.363873153924942,-0.008445951156318188,-1.6209321022033691,11.669585227966309,-73.81338500976562,73.46368408203125,33.61893844604492,-57.252506256103516,-141.0,-13874.0,-1420.0,0,0,0,0,0
140132.662,1.5386189222335815,2.448166847229004,1.3034236431121826,-0.09254245460033417,0.3776007294654846,0.0031651367899030447,-1.0295462608337402,11.223734855651855,-73.12224578857422,17.732511520385742,42.54436111450195,-126.86552429199219,-3372.0,-13724.0,-210.0,0,0,0,0,0
140142.787,1.5377086400985718,2.4528348445892334,1.3035205602645874,-0.09420261532068253,0.39383479952812195,0.048098042607307434,-0.11795017123222351,10.781827926635742,-73.6038589477539,128.5136260986328,72.31864166259766,89.20093536376953,-3155.0,-13301.0,119.0,0,0,0,0,0
140152.469,1.5366586446762085,2.4588489532470703,1.3038443326950073,-0.09613417088985443,0.405865877866745,0.06435494869947433,0.23033207654953003,10.151611328125,-73.2702865600586,-5.552761077880859,83.61077880859375,-48.203094482421875,-4622.0,-12295.0,415.0,0,0,0,0,0
140162.612,1.5355364084243774,2.464951276779175,1.3041774034500122,-0.09502340108156204,0.4089664816856384,0.034672971814870834,1.43062424659729,9.50887393951416,-74.44761657714844,-126.85083770751953,65.86856079101562,52.901241302490234,-1008.0,-11089.0,-500.0,0,0,0,0,0
140172.295,1.5342144966125488,2.4710190296173096,1.3042241334915161,-0.10027797520160675,0.413833349943161,0.033436816185712814,-0.22945000231266022,8.63293170928955,-73.80501556396484,-98.49234771728516,83.73001098632812,69.88994598388672,4689.0,-10211.0,-1185.0,0,0,0,0,0
140182.42,1.5327885150909424,2.477111339569092,1.3043416738510132,-0.10189574211835861,0.4190782904624939,0.04227011278271675,-1.1449640989303589,7.756130218505859,-74.02899932861328,2.400005578994751,46.87832260131836,41.10539245605469,6235.0,-9379.0,-1362.0,0,0,0,0,0
140192.102,1.5315455198287964,2.4824352264404297,1.3047748804092407,-0.09984436631202698,0.41839632391929626,0.03539280965924263,-1.3504247665405273,7.105770111083984,-73.42616271972656,92.45732116699219,91.58463287353516,-9.736045837402344,2571.0,-10694.0,-1046.0,0,0,0,0,0
140202.247,1.5302834510803223,2.4885849952697754,1.3048170804977417,-0.09636794030666351,0.4194168448448181,0.027301618829369545,-0.386684775352478,6.315474033355713,-73.67005920410156,111.26725769042969,87.79557037353516,32.983150482177734,-2375.0,-10509.0,-747.0,0,0,0,0,0
140211.939,1.5292260646820068,2.4948110580444336,1.3050932884216309,-0.09560989588499069,0.4237149655818939,0.07501335442066193,0.5557471513748169,5.513216972351074,-73.89786529541016,-4.2831339836120605,79.28053283691406,93.20208740234375,-4245.0,-10558.0,-873.0,0,0,0,0,0
140222.056,1.5282375812530518,2.5010485649108887,1.3057323694229126,-0.09516087174415588,0.42315909266471863,0.09171178191900253,0.91768878698349,4.656402111053467,-72.61265563964844,154.78759765625,53.65207290649414,-105.01126861572266,-3845.0,-9725.0,-442.0,0,0,0,0,0
140231.734,1.5273597240447998,2.506683111190796,1.3062940835952759,-0.09276002645492554,0.41840362548828125,0.06512835621833801,1.8984723091125488,3.964961290359497,-73.5166244506836,-133.54458618164062,104.25305938720703,96.6834487915039,-4286.0,-10114.0,554.0,0,0,0,0,0
140241.878,1.5262784957885742,2.512202501296997,1.3066396713256836,-0.09561685472726822,0.41341733932495117,0.06770466268062592,0.44258037209510803,2.973889112472534,-73.03961944580078,-52.319576263427734,90.18399047851562,-247.14968872070312,1279.0,-9377.0,551.0,0,0,0,0,0
140251.562,1.5252025127410889,2.517019510269165,1.3071367740631104,-0.09522222727537155,0.40558773279190063,0.05990888178348541,-0.308109313249588,2.0340476036071777,-74.28032684326172,-76.8808364868164,108.74681091308594,171.52212524414062,5211.0,-8009.0,163.0,0,0,0,0,0
140261.699,1.5239871740341187,2.5223278999328613,1.3075988292694092,-0.09261737763881683,0.39931508898735046,0.1005563959479332,-0.868581235408783,1.2550722360610962,-73.59154510498047,49.761653900146484,80.0921859741211,9.652647972106934,5116.0,-7806.0,-795.0,0,0,0,0,0
140271.367,1.5228830575942993,2.5275046825408936,1.3080004453659058,-0.08823410421609879,0.39095932245254517,0.019093045964837074,-0.2431035190820694,0.3814673125743866,-73.12025451660156,79.44185638427734,99.67850494384766,-128.65402221679688,834.0,-7241.0,-702.0,0,0,0,0,0
140281.502,1.52202570438385,2.532465934753418,1.3082337379455566,-0.08404535055160522,0.38092145323753357,0.07102971524000168,0.6490010619163513,-0.5576186776161194,-73.26875305175781,79.46527099609375,101.2939682006836,31.76877784729004,-3233.0,-7452.0,-321.0,0,0,0,0,0
140291.194,1.5211561918258667,2.5372424125671387,1.3090375661849976,-0.0810823068022728,0.3662051558494568,0.10299371927976608,1.0971037149429321,-1.6613779067993164,-73.50394439697266,15.785614013671875,96.87352752685547,257.3015441894531,-3792.0,-6658.0,-141.0,0,0,0,0,0
140301.319,1.5205315351486206,2.5419838428497314,1.309767723083496,-0.07696213573217392,0.3546876609325409,0.08733077347278595,1.8824281692504883,-2.543069362640381,-72.11802673339844,127.29029083251953,69.98789978027344,-87.40325164794922,-3861.0,-5654.0,481.0,0,0,0,0,0
140311.001,1.5199068784713745,2.5465340614318848,1.3103291988372803,-0.07412876188755035,0.34207719564437866,0.062464699149131775,2.3522682189941406,-3.4158871173858643,-72.39898681640625,-185.26853942871094,105.01956176757812,49.81264114379883,-3795.0,-5659.0,1826.0,0,0,0,0,0
140321.135,1.5190904140472412,2.5508620738983154,1.3105618953704834,-0.0742451548576355,0.3262256979942322,0.058390162885189056,0.955564022064209,-4.3847479820251465,-71.99478149414062,-66.46405792236328,82.5002212524414,-266.0093994140625,2033.0,-5177.0,2757.0,0,0,0,0,0
140330.828,1.518157720565796,2.5549638271331787,1.310742974281311,-0.07192715257406235,0.30960243940353394,0.05618049576878548,-0.020075799897313118,-5.221756458282471,-72.86797332763672,-104.3929443359375,74.46070861816406,-60.991432189941406,5440.0,-4839.0,3032.0,0,0,0,0,0
140340.953,1.517362117767334,2.558394193649292,1.3111896514892578,-0.06616313755512238,0.2894737720489502,0.07300220429897308,-0.41773727536201477,-5.882855415344238,-72.7634048461914,66.98897552490234,96.77397155761719,-164.50332641601562,5051.0,-5239.0,2417.0,0,0,0,0,0
140350.629,1.5165352821350098,2.56205153465271,1.3111742734909058,-0.06241283565759659,0.2813766896724701,-0.0032618120312690735,0.20850269496440887,-6.893990516662598,-73.67193603515625,53.88090896606445,89.71725463867188,-20.221508026123047,368.0,-4879.0,1548.0,0,0,0,0,0
140360.776,1.5159659385681152,2.56550931930542,1.3110483884811401,-0.05496544763445854,0.25522103905677795,0.05117984861135483,0.9655838012695312,-7.799804210662842,-73.32343292236328,58.1741828918457,95.3765869140625,7.230003356933594,-3053.0,-3346.0,188.0,0,0,0,0,0
140370.458,1.5156067609786987,2.5686795711517334,1.3113051652908325,-0.04923110455274582,0.23233060538768768,0.07009866088628769,1.2613917589187622,-8.789654731750488,-73.11993408203125,30.073917388916016,94.24507904052734,258.6391296386719,-3162.0,-2343.0,-290.0,0,0,0,0,0
140380.584,1.5153096914291382,2.571558952331543,1.3115220069885254,-0.04397789388895035,0.2154204398393631,0.04295733571052551,2.0775246620178223,-9.547649383544922,-72.82696533203125,90.66275024414062,73.71744537353516,-36.277557373046875,-3414.0,-2038.0,19.0,0,0,0,0,0
140390.264,1.5149630308151245,2.5739030838012695,1.3117456436157227,-0.040591735392808914,0.19409088790416718,0.03280436247587204,2.2453882694244385,-10.406760215759277,-72.73719024658203,-169.30572509765625,78.85688018798828,74.74361419677734,-2988.0,-2349.0,249.0,0,0,0,0,0
140400.405,1.5145983695983887,2.576174259185791,1.3115627765655518,-0.03854374587535858,0.17412082850933075,0.01064179465174675,1.136537790298462,-11.128737449645996,-71.70236206054688,-107.55705261230469,55.8339958190918,-144.3979949951172,2382.0,-2048.0,1065.0,0,0,0,0,0
140410.092,1.5141037702560425,2.5781517028808594,1.311225175857544,-0.0348951555788517,0.15171431005001068,0.0009855353273451328,-0.19574788212776184,-11.848225593566895,-72.39488220214844,-106.17100524902344,61.15477752685547,-161.04635620117188,6106.0,-2037.0,2235.0,0,0,0,0,0
140420.219,1.5136290788650513,2.5797765254974365,1.310905933380127,-0.026882443577051163,0.12473458051681519,0.013665459118783474,-0.652971088886261,-12.405908584594727,-72.96731567382812,59.60642623901367,67.62709045410156,-255.87831115722656,5586.0,-2096.0,2103.0,0,0,0,0,0
140429.898,1.5133349895477295,2.5811729431152344,1.3103115558624268,-0.022795047610998154,0.1152949184179306,-0.050924208015203476,-0.12344284355640411,-13.151464462280273,-73.6280288696289,41.61516189575195,61.323699951171875,-23.354368209838867,716.0,-1868.0,1041.0,0,0,0,0,0
140440.033,1.5133000612258911,2.5822904109954834,1.3096966743469238,-0.011132846586406231,0.07765225321054459,0.003074927954003215,0.6737191081047058,-13.69051742553711,-73.27659606933594,71.72701263427734,57.82585525512695,-6.233491897583008,-2762.0,-1215.0,-156.0,0,0,0,0,0
140449.724,1.5133614540100098,2.582979202270508,1.3096952438354492,-0.0030156243592500687,0.04575767740607262,0.02972998470067978,0.9540433287620544,-14.266767501831055,-73.60800170898438,34.826942443847656,58.42971420288086,225.9973602294922,-3261.0,-1204.0,-747.0,0,0,0,0,0
140459.854,1.5136150121688843,2.583390474319458,1.3095191717147827,0.002915769349783659,0.027005458250641823,0.002638456178829074,1.8389155864715576,-14.676702499389648,-73.28457641601562,98.20968627929688,27.120119094848633,-3.862241268157959,-3604.0,-1308.0,-1117.0,0,0,0,0,0
140469.53,1.5138804912567139,2.583488941192627,1.3091214895248413,0.007419720757752657,0.003487073816359043,-0.008582160808146,2.043802261352539,-15.031922340393066,-73.19647979736328,-179.66551208496094,40.236412048339844,43.061832427978516,-2888.0,-1792.0,-1209.0,0,0,0,0,0
140479.665,1.5140007734298706,2.5832297801971436,1.3085163831710815,0.009550953283905983,-0.018656423315405846,-0.026494082063436508,0.7747684717178345,-15.384963989257812,-72.85318756103516,-103.86290740966797,28.37528419494629,-272.6606750488281,2750.0,-1749.0,-922.0,0,0,0,0,0
140489.366,1.5140588283538818,2.5826303958892822,1.3078463077545166,0.014828898012638092,-0.046381622552871704,-0.020664099603891373,-0.6595197319984436,-15.775099754333496,-73.99647521972656,-76.56732177734375,-2.8245129585266113,-24.678607940673828,6264.0,-1379.0,-1043.0,0,0,0,0,0
140499.482,1.514222502708435,2.5818490982055664,1.3074607849121094,0.02339351922273636,-0.07311920821666718,-0.0144108347594738,-0.8910130858421326,-15.773138999938965,-73.91169738769531,64.01583862304688,18.953229904174805,33.39194107055664,5244.0,-1763.0,-1913.0,0,0,0,0,0
140509.164,1.5144833326339722,2.580683708190918,1.3065619468688965,0.027500387281179428,-0.08200398832559586,-0.07029782235622406,-0.13252225518226624,-16.012001037597656,-73.6161880493164,65.59844970703125,4.16014289855957,33.7646484375,386.0,-2405.0,-2260.0,0,0,0,0,0
140519.298,1.5150302648544312,2.5792176723480225,1.305671215057373,0.03953278064727783,-0.12192723900079727,-0.01474056951701641,0.809031069278717,-16.09639549255371,-73.24246978759766,22.46210479736328,20.47581672668457,-71.37838745117188,-3300.0,-2067.0,-2001.0,0,0,0,0,0
140528.989,1.5158264636993408,2.577298164367676,1.3052228689193726,0.047518614679574966,-0.15289634466171265,0.009103482589125633,0.9810999631881714,-16.315937042236328,-73.16395568847656,107.88983917236328,27.671215057373047,171.6651153564453,-3131.0,-1627.0,-1431.0,0,0,0,0,0
140539.116,1.5166716575622559,2.575070858001709,1.3047374486923218,0.053047481924295425,-0.16954387724399567,-0.01609623059630394,2.2302935123443604,-16.35995101928711,-73.2663803100586,33.63919448852539,-9.371637344360352,-38.968875885009766,-4414.0,-1235.0,-667.0,0,0,0,0,0
140548.795,1.5173537731170654,2.572918176651001,1.3042722940444946,0.05463210865855217,-0.18714089691638947,-0.0358017273247242,1.7855768203735352,-16.32967185974121,-72.74909210205078,-161.31497192382812,17.27199363708496,124.41287231445312,-1729.0,-1608.0,-162.0,0,0,0,0,0
140558.931,1.5180243253707886,2.570120096206665,1.3034439086914062,0.05732657015323639,-0.2109443098306656,-0.03537897765636444,0.44373422861099243,-16.32612419128418,-73.12007904052734,-97.56324768066406,-8.635390281677246,35.525733947753906,4012.0,-1734.0,751.0,0,0,0,0,0
140568.622,1.5186729431152344,2.5668931007385254,1.3028894662857056,0.06696192175149918,-0.24841247498989105,0.018823005259037018,-0.28330299258232117,-16.2736759185791,-73.08938598632812,-29.194141387939453,-37.46701431274414,0.8281535506248474,5812.0,-1823.0,847.0,0,0,0,0,0
140578.753,1.519424557685852,2.563403367996216,1.3022444248199463,0.0672469437122345,-0.25039100646972656,-0.051241688430309296,-0.24073293805122375,-16.139991760253906,-73.46952819824219,82.89004516601562,-27.037092208862305,32.177955627441406,2848.0,-1927.0,628.0,0,0,0,0,0
140588.428,1.5203790664672852,2.559831142425537,1.3013559579849243,0.07593557983636856,-0.27733314037323,-0.02660626731812954,0.6636313199996948,-15.902509689331055,-73.52679443359375,107.51188659667969,-43.44418716430664,-4.361445426940918,-2020.0,-2059.0,81.0,0,0,0,0,0
140598.567,1.5215847492218018,2.555933713912964,1.3008207082748413,0.08378645032644272,-0.30842915177345276,0.015229989774525166,1.3843567371368408,-15.5934476852417,-73.37864685058594,-33.8757209777832,-36.33279037475586,-105.25859832763672,-4189.0,-2606.0,-361.0,0,0,0,0,0
140608.254,1.5226601362228394,2.5521631240844727,1.3007864952087402,0.08753052353858948,-0.32841452956199646,0.02486163191497326,1.8527394533157349,-15.33127212524414,-73.09111022949219,147.9696807861328,-62.37228775024414,-152.73199462890625,-3703.0,-2783.0,-519.0,0,0,0,0,0
140618.391,1.5239337682724,2.5477099418640137,1.3005090951919556,0.0895632803440094,-0.33959490060806274,-0.002585527952760458,2.461097478866577,-14.852627754211426,-74.3582992553711,-141.51287841796875,-47.286521911621094,192.47230529785156,-4719.0,-3639.0,-978.0,0,0,0,0,0
140628.061,1.5251702070236206,2.5426316261291504,1.2999639511108398,0.0889727994799614,-0.3591880798339844,-0.001153092016465962,1.0864936113357544,-14.447625160217285,-73.27918243408203,-74.25141143798828,-69.09590148925781,-283.41265869140625,1401.0,-3482.0,-1703.0,0,0,0,0,0
140638.202,1.5262703895568848,2.5372462272644043,1.2995609045028687,0.09142313152551651,-0.3802834749221802,0.015487625263631344,-0.17491447925567627,-14.029666900634766,-74.6050033569336,-66.50660705566406,-40.3876953125,-85.9944839477539,5495.0,-3260.0,-1970.0,0,0,0,0,0
140647.886,1.5263127088546753,2.536614418029785,1.2992985248565674,0.09145033359527588,-0.382060706615448,0.014636538922786713,-0.17185601592063904,-14.059654235839844,-74.61080932617188,63.6925163269043,-50.30400466918945,-15.901965141296387,4985.0,-3234.0,-3247.0,0,0,0,0,0
140658.013,1.5274982452392578,2.530993700027466,1.298896074295044,0.09402614831924438,-0.39262712001800537,-0.00578530877828598,-0.2594280540943146,-13.435657501220703,-74.60575866699219,74.16947937011719,-60.23606872558594,-1.8500213623046875,259.0,-4065.0,-3711.0,0,0,0,0,0
140667.694,1.5287773609161377,2.525798797607422,1.2982065677642822,0.0975940153002739,-0.3997713029384613,-0.02799196168780327,0.7708644270896912,-12.864717483520508,-73.28031921386719,40.0499267578125,-64.04806518554688,-11.768753051757812,-3823.0,-4962.0,-2713.0,0,0,0,0,0
140677.829,1.5302255153656006,2.5204005241394043,1.29780113697052,0.10274199396371841,-0.42301541566848755,0.027714580297470093,1.6005613803863525,-12.135244369506836,-73.36256408691406,86.34352111816406,-35.73725891113281,227.89471435546875,-3675.0,-5574.0,-2010.0,0,0,0,0,0
140687.529,1.5314825773239136,2.515411853790283,1.2980321645736694,0.10376837849617004,-0.43808305263519287,0.06150594726204872,1.5280263423919678,-11.576313972473145,-74.01758575439453,43.967079162597656,-108.11244201660156,-75.37249755859375,-4376.0,-4940.0,-1742.0,0,0,0,0,0
140697.655,1.532915472984314,2.509638547897339,1.2981470823287964,0.10452771186828613,-0.4414990544319153,0.03402453288435936,2.6561977863311768,-10.905461311340332,-73.91061401367188,-188.98291015625,-48.202388763427734,36.37989044189453,-2152.0,-5841.0,-1451.0,0,0,0,0,0
140707.329,1.534136414527893,2.5038344860076904,1.2979869842529297,0.10091064870357513,-0.4489661157131195,0.026282794773578644,1.7769676446914673,-10.117103576660156,-72.42237854003906,-118.28893280029297,-68.8364486694336,58.60802459716797,4004.0,-6358.0,-156.0,0,0,0,0,0
140717.476,1.5352354049682617,2.497894287109375,1.297878623008728,0.09856382757425308,-0.45712900161743164,0.035668425261974335,0.36547666788101196,-9.4398193359375,-73.6692123413086,-2.4827980995178223,-68.00778198242188,186.90231323242188,6323.0,-6164.0,-296.0,0,0,0,0,0
140727.156,1.536350965499878,2.491849899291992,1.2980362176895142,0.10050670057535172,-0.4685744047164917,0.0844351276755333,-0.4771643579006195,-8.814949035644531,-73.56914520263672,73.47635650634766,-73.5613021850586,121.23602294921875,3094.0,-5825.0,-243.0,0,0,0,0,0
140737.278,1.53764808177948,2.485826015472412,1.2980380058288574,0.09953037649393082,-0.45987337827682495,0.00394361512735486,0.07834260910749435,-8.141372680664062,-73.13238525390625,94.97327423095703,-110.5796890258789,-127.26555633544922,-1623.0,-5985.0,375.0,0,0,0,0,0
140746.958,1.5388669967651367,2.480496406555176,1.2981384992599487,0.1019272580742836,-0.46676304936408997,0.06381399184465408,0.770626962184906,-7.352567672729492,-72.93599700927734,-45.1288948059082,-83.74323272705078,-141.47482299804688,-3668.0,-6826.0,673.0,0,0,0,0,0
140757.096,1.540333867073059,2.4744250774383545,1.2987074851989746,0.10256816446781158,-0.4734335243701935,0.11804147064685822,0.9847607016563416,-6.555486679077148,-73.64385223388672,132.4313507080078,-87.11009979248047,-84.04468536376953,-2957.0,-6786.0,175.0,0,0,0,0,0
140766.785,1.541711688041687,2.4684793949127197,1.299310564994812,0.1013852134346962,-0.4682731330394745,0.08632128685712814,1.7864502668380737,-6.014979839324951,-73.10143280029297,-131.3087921142578,-94.2271957397461,221.64292907714844,-4333.0,-6541.0,0.0,0,0,0,0,0
140776.911,1.5429155826568604,2.462576150894165,1.299716830253601,0.09847523272037506,-0.46571388840675354,0.07481846213340759,2.226505994796753,-5.073329925537109,-73.46794128417969,-89.52320098876953,-107.29889678955078,-247.40931701660156,1092.0,-7649.0,81.0,0,0,0,0,0
140786.592,1.5439575910568237,2.456651210784912,1.3001357316970825,0.09199316054582596,-0.4630624055862427,0.07175642251968384,0.7195424437522888,-4.276221752166748,-73.21190643310547,-85.99313354492188,-60.84934616088867,-184.03025817871094,5587.0,-8120.0,-302.0,0,0,0,0,0
140796.726,1.5448721647262573,2.4514219760894775,1.300653100013733,0.08828623592853546,-0.4568232595920563,0.07513818144798279,-0.39482539892196655,-3.4409215450286865,-74.25331115722656,63.14912414550781,-78.4349594116211,-100.19171142578125,5356.0,-7727.0,-1417.0,0,0,0,0,0
140806.418,1.5458099842071533,2.4455533027648926,1.3011242151260376,0.08636923134326935,-0.4496595859527588,0.0634947344660759,-0.4833168089389801,-2.7781026363372803,-73.89363098144531,48.10812759399414,-78.13523864746094,129.60581970214844,681.0,-7468.0,-1904.0,0,0,0,0,0
140816.555,1.546873927116394,2.440030097961426,1.3012220859527588,0.08535616099834442,-0.44017472863197327,0.025624053552746773,0.1091536208987236,-1.9874671697616577,-73.24812316894531,82.30830383300781,-80.59843444824219,54.70876693725586,-2864.0,-8164.0,-1430.0,0,0,0,0,0
140826.224,1.548094391822815,2.4347219467163086,1.3013863563537598,0.0837780311703682,-0.4318951368331909,0.07400251924991608,0.8401886224746704,-1.1038914918899536,-73.53301239013672,30.3676700592041,-60.61590576171875,44.225948333740234,-3336.0,-8985.0,-1465.0,0,0,0,0,0
140836.369,1.5492448806762695,2.4295473098754883,1.301900029182434,0.07999540865421295,-0.42190077900886536,0.10485222190618515,0.8785931468009949,-0.34643739461898804,-74.23976135253906,106.4494857788086,-99.39160919189453,-143.67449951171875,-3441.0,-8514.0,-1975.0,0,0,0,0,0
140846.05,1.5502018928527832,2.4249606132507324,1.302625298500061,0.07747700810432434,-0.40880757570266724,0.0706992968916893,1.8662630319595337,0.29182907938957214,-73.91216278076172,-178.3227996826172,-91.59860229492188,80.978271484375,-3181.0,-8686.0,-2368.0,0,0,0,0,0
140856.176,1.5511133670806885,2.4200539588928223,1.302964687347412,0.07133163511753082,-0.39800354838371277,0.05640020594000816,1.3898438215255737,1.2357548475265503,-73.61730194091797,-104.06024932861328,-97.47900390625,-81.9561538696289,2800.0,-9783.0,-2140.0,0,0,0,0,0
140865.857,1.551824927330017,2.415276527404785,1.3032418489456177,0.06448283046483994,-0.38543501496315,0.05695514380931854,0.20569491386413574,2.0352609157562256,-74.60137176513672,-93.83900451660156,-70.43119812011719,83.4512939453125,6042.0,-10136.0,-3087.0,0,0,0,0,0
140875.996,1.5524277687072754,2.4107773303985596,1.3036125898361206,0.059332676231861115,-0.36999353766441345,0.07382389158010483,-0.869049072265625,2.7213265895843506,-74.82611083984375,53.89652633666992,-88.97441101074219,-79.23068237304688,4601.0,-9711.0,-3788.0,0,0,0,0,0
140885.683,1.5530970096588135,2.4065356254577637,1.3038641214370728,0.05707259103655815,-0.3566088378429413,0.029102271422743797,-0.7765665650367737,3.451721429824829,-74.22599029541016,42.50187683105469,-74.28131866455078,-33.23127365112305,-161.0,-9973.0,-3601.0,0,0,0,0,0
140895.808,1.5537593364715576,2.402787208557129,1.3040045499801636,0.05467625707387924,-0.33926233649253845,0.023310048505663872,-0.25032857060432434,4.191482067108154,-73.4803695678711,30.095129013061523,-72.45979309082031,-108.30152893066406,-3314.0,-10350.0,-2718.0,0,0,0,0,0
140905.49,1.554653286933899,2.3987228870391846,1.30427086353302,0.05022287741303444,-0.31604787707328796,0.06710143387317657,0.6266686320304871,5.0041961669921875,-74.0383071899414,80.77162170410156,-34.6578254699707,187.3170623779297,-3178.0,-10734.0,-2675.0,0,0,0,0,0
140915.625,1.5554567575454712,2.394960641860962,1.3048460483551025,0.04459003731608391,-0.2956066131591797,0.0692131295800209,0.8232579827308655,5.595333576202393,-73.94188690185547,48.089683532714844,-78.29776763916016,-128.20297241210938,-3915.0,-10050.0,-2347.0,0,0,0,0,0
140925.316,1.556099534034729,2.3918745517730713,1.3052761554718018,0.04088558256626129,-0.2783640921115875,0.051643893122673035,1.779689908027649,6.2086286544799805,-74.5431900024414,-148.95816040039062,-57.25178527832031,-4.252496719360352,-1806.0,-10311.0,-2515.0,0,0,0,0,0
140935.441,1.556525707244873,2.3886168003082275,1.3056654930114746,0.0316334031522274,-0.26007363200187683,0.03784443438053131,0.34604814648628235,6.9458699226379395,-73.83980560302734,-112.82991027832031,-68.24549102783203,84.54084014892578,3867.0,-11372.0,-2501.0,0,0,0,0,0
140945.122,1.556762456893921,2.3860185146331787,1.3059005737304688,0.025569546967744827,-0.24188923835754395,0.026327788829803467,-0.5947707295417786,7.66786003112793,-74.51604461669922,-37.154930114746094,-53.450618743896484,150.89093017578125,6316.0,-11672.0,-2746.0,0,0,0,0,0
140955.26,1.556889295578003,2.3835978507995605,1.306201696395874,0.019999956712126732,-0.21586374938488007,0.06146559119224548,-1.3642246723175049,8.178374290466309,-74.15580749511719,61.974281311035156,-56.069091796875,50.23933792114258,3824.0,-11996.0,-2829.0,0,0,0,0,0
140964.956,1.5570751428604126,2.3814942836761475,1.3062537908554077,0.019929364323616028,-0.20678138732910156,-0.022822991013526917,-0.7640475630760193,8.765569686889648,-74.2559585571289,74.62144470214844,-63.899662017822266,-150.08245849609375,-876.0,-12070.0,-2581.0,0,0,0,0,0
140975.077,1.5574051141738892,2.379666328430176,1.3061792850494385,0.014611823484301567,-0.17639411985874176,0.029605761170387268,-0.0911983847618103,9.33991813659668,-74.23287200927734,1.8281811475753784,-59.94319534301758,-129.22817993164062,-3953.0,-12358.0,-2518.0,0,0,0,0,0
140984.765,1.557753562927246,2.378272533416748,1.3065505027770996,0.008689934387803078,-0.148264080286026,0.06445149332284927,0.415304958820343,9.858488082885742,-74.5643539428711,112.61957550048828,-14.660968780517578,87.1227798461914,-3105.0,-12203.0,-2834.0,0,0,0,0,0
140994.894,1.5580954551696777,2.3771119117736816,1.3071668148040771,0.005663176998496056,-0.13066698610782623,0.034707579761743546,0.9425432085990906,10.061616897583008,-73.88694763183594,4.074249267578125,-45.42863464355469,-62.39999008178711,-4395.0,-10949.0,-2906.0,0,0,0,0,0
141004.582,1.5581843852996826,2.3761038780212402,1.3074100017547607,0.0008752085268497467,-0.11217927187681198,0.017438068985939026,1.6964818239212036,10.489690780639648,-74.75279998779297,-134.46810913085938,-14.92187213897705,54.96340560913086,-1169.0,-11575.0,-3088.0,0,0,0,0,0
141014.721,1.5581005811691284,2.3754823207855225,1.307436227798462,-0.007921514101326466,-0.09316148608922958,0.005641478579491377,0.0841161236166954,10.86834716796875,-73.92605590820312,-110.60206604003906,-27.21626091003418,39.47307205200195,4517.0,-12333.0,-3043.0,0,0,0,0,0
141024.388,1.5578179359436035,2.375112533569336,1.307430386543274,-0.014082327485084534,-0.07236324995756149,0.0001597606751602143,-0.803478479385376,11.349357604980469,-74.63265228271484,23.97582244873047,-36.53820037841797,86.18185424804688,6423.0,-12910.0,-3247.0,0,0,0,0,0
141034.525,1.5574826002120972,2.375025510787964,1.3073889017105103,-0.018984738737344742,-0.047091320157051086,0.0013402344193309546,-1.1543501615524292,11.7473783493042,-74.36515808105469,74.45805358886719,-38.088619232177734,125.94586181640625,2460.0,-13430.0,-3398.0,0,0,0,0,0
141044.213,1.5572359561920166,2.3749241828918457,1.3071460723876953,-0.019993476569652557,-0.032005954533815384,-0.04240652918815613,-0.4976949393749237,12.219952583312988,-74.03445434570312,95.4432144165039,-44.41147232055664,-89.26223754882812,-1741.0,-13818.0,-3016.0,0,0,0,0,0
141054.349,1.5570306777954102,2.3755505084991455,1.3069579601287842,-0.02729039452970028,0.0036799153313040733,0.006816716864705086,0.36025574803352356,12.663819313049316,-74.27554321289062,-23.251144409179688,-32.66535568237305,-142.3617706298828,-3839.0,-14433.0,-2823.0,0,0,0,0,0
141064.024,1.5568962097167969,2.376643419265747,1.3072385787963867,-0.03409223258495331,0.032709188759326935,0.03444256633520126,0.5132375955581665,12.946794509887695,-74.84747314453125,128.91648864746094,-15.710497856140137,-131.19570922851562,-3161.0,-13750.0,-3045.0,0,0,0,0,0
141074.157,1.5566767454147339,2.378034830093384,1.307504415512085,-0.036203186959028244,0.050278276205062866,0.008534731343388557,1.6944068670272827,13.077613830566406,-75.19071960449219,-94.7862319946289,-4.204737186431885,171.9611053466797,-4382.0,-13233.0,-3983.0,0,0,0,0,0
141083.85,1.5562447309494019,2.3796396255493164,1.3075798749923706,-0.042946990579366684,0.06789041310548782,-0.00961784552782774,0.94036865234375,13.235370635986328,-74.79334259033203,-111.08739471435547,-22.033594131469727,-1.394838571548462,845.0,-13070.0,-4439.0,0,0,0,0,0
141093.975,1.555690050125122,2.380932331085205,1.3074809312820435,-0.05015191063284874,0.08723010122776031,-0.01216906774789095,-0.3428269028663635,13.394478797912598,-74.99773406982422,-114.37564849853516,9.524130821228027,43.119789123535156,5925.0,-13515.0,-4629.0,0,0,0,0,0
141103.657,1.5549038648605347,2.3830437660217285,1.3076447248458862,-0.057117704302072525,0.11873404681682587,0.029288368299603462,-1.5414260625839233,13.455365180969238,-74.52922821044922,65.91060638427734,-33.33456039428711,-89.6000747680664,6674.0,-13656.0,-4414.0,0,0,0,0,0
141113.798,1.554157018661499,2.385380744934082,1.3076057434082031,-0.05477383732795715,0.11908584833145142,-0.058316294103860855,-0.9976758360862732,13.810248374938965,-74.83031463623047,45.7731819152832,-21.27307891845703,87.27481842041016,1589.0,-14747.0,-3996.0,0,0,0,0,0
141123.48,1.5535279512405396,2.3879547119140625,1.3072125911712646,-0.0592598132789135,0.14878155291080475,-0.02481067180633545,-0.6884884834289551,14.051154136657715,-73.93046569824219,94.04667663574219,-9.26219654083252,48.4072265625,-2182.0,-16184.0,-3284.0,0,0,0,0,0
141133.605,1.5529863834381104,2.390958547592163,1.3072779178619385,-0.0647789016366005,0.1812969148159027,0.02067519538104534,0.10716259479522705,14.289341926574707,-74.45612335205078,28.209487915039062,14.826017379760742,109.28201293945312,-3067.0,-16443.0,-2919.0,0,0,0,0,0
141143.293,1.5523709058761597,2.3943004608154297,1.3076356649398804,-0.0690574049949646,0.2034485638141632,0.024835271760821342,0.401722252368927,14.265878677368164,-74.45757293701172,120.43214416503906,1.4339593648910522,-166.7422637939453,-3635.0,-15227.0,-2976.0,0,0,0,0,0
141153.421,1.5516594648361206,2.3971972465515137,1.3078948259353638,-0.07196579873561859,0.21924364566802979,0.01284332200884819,1.567459225654602,14.185876846313477,-75.61888885498047,-183.13970947265625,25.215301513671875,77.48027801513672,-3565.0,-14344.0,-3903.0,0,0,0,0,0
141163.122,1.5507906675338745,2.4008872509002686,1.308064341545105,-0.0788101851940155,0.2338290810585022,-0.0044289687648415565,-0.22684195637702942,13.975836753845215,-74.53224182128906,-100.0188217163086,16.94721221923828,-212.67063903808594,2829.0,-13878.0,-4543.0,0,0,0,0,0
141173.252,1.5497163534164429,2.404744863510132,1.3081316947937012,-0.0835098996758461,0.2523442506790161,-0.0037469088565558195,-1.2281577587127686,13.866449356079102,-74.99897766113281,-90.18228912353516,22.071067810058594,64.0608139038086,7055.0,-13611.0,-4462.0,0,0,0,0,0
141182.923,1.5485702753067017,2.4088823795318604,1.3084566593170166,-0.08773548901081085,0.28199994564056396,0.04325947165489197,-2.2911629676818848,13.637383460998535,-73.74893951416016,73.7068099975586,2.6829257011413574,-24.99786376953125,5716.0,-14028.0,-3590.0,0,0,0,0,0
141193.06,1.5475435256958008,2.413257598876953,1.3083916902542114,-0.08360335975885391,0.2776203751564026,-0.049880500882864,-1.7085813283920288,13.604846000671387,-73.44995880126953,49.947532653808594,11.06200885772705,-23.270893096923828,525.0,-14814.0,-1938.0,0,0,0,0,0
141202.744,1.546661376953125,2.417034149169922,1.3082417249679565,-0.08684909343719482,0.30726197361946106,0.012247505597770214,-1.0674903392791748,13.479766845703125,-73.54380798339844,33.2222785949707,17.42498779296875,-121.61421966552734,-2802.0,-15375.0,-716.0,0,0,0,0,0
141212.871,1.5458834171295166,2.4218554496765137,1.3086663484573364,-0.0896359533071518,0.3331087529659271,0.054128751158714294,-0.4485129415988922,13.32050609588623,-74.3836898803711,100.78047180175781,64.85798645019531,157.42816162109375,-2573.0,-15426.0,-548.0,0,0,0,0,0
141222.564,1.5450533628463745,2.42692232131958,1.309261441230774,-0.08977060765028,0.3453429341316223,0.03809329867362976,0.21933262050151825,12.88322639465332,-73.8370590209961,23.58209991455078,51.83078384399414,-125.2015609741211,-3961.0,-14505.0,-995.0,0,0,0,0,0
141232.687,1.5441216230392456,2.432133913040161,1.309748888015747,-0.09146405011415482,0.3563081920146942,0.023976201191544533,0.6268530488014221,12.467212677001953,-74.58090209960938,-154.76548767089844,65.20393371582031,63.40855407714844,-949.0,-12709.0,-1551.0,0,0,0,0,0
141242.378,1.54295814037323,2.4374163150787354,1.310019850730896,-0.0965462327003479,0.3691706955432892,0.027081003412604332,-0.8376298546791077,11.921894073486328,-74.34186553955078,-105.53868103027344,64.73872375488281,21.54197883605957,4637.0,-12078.0,-2284.0,0,0,0,0,0
141252.512,1.5418200492858887,2.442056655883789,1.3103989362716675,-0.09869728982448578,0.3821521997451782,0.04399818554520607,-1.7484517097473145,11.26893424987793,-74.16864776611328,-33.73802947998047,29.85408592224121,-13.053354263305664,6460.0,-11480.0,-2449.0,0,0,0,0,0
141262.184,1.540579080581665,2.44753098487854,1.3107699155807495,-0.09801430255174637,0.3901759684085846,0.03230481222271919,-2.091395139694214,10.858583450317383,-73.64505004882812,87.95337677001953,61.85694122314453,84.6268081665039,3663.0,-12762.0,-1961.0,0,0,0,0,0
141272.319,1.5394912958145142,2.4530491828918457,1.310849905014038,-0.09419123083353043,0.3909391760826111,-0.0172599945217371,-1.3978012800216675,10.350281715393066,-73.15579986572266,108.59632873535156,56.38602828979492,-49.468963623046875,-1138.0,-13351.0,-957.0,0,0,0,0,0
141282.013,1.5385886430740356,2.4587509632110596,1.3108783960342407,-0.09392375499010086,0.406863272190094,0.026774821802973747,-0.33914345502853394,9.857664108276367,-73.47906494140625,18.31915855407715,44.87057113647461,-98.95242309570312,-4336.0,-12590.0,-264.0,0,0,0,0,0
141292.137,1.537745714187622,2.4646430015563965,1.3113608360290527,-0.0951102152466774,0.4193437397480011,0.062140658497810364,0.08415088802576065,9.358354568481445,-73.9418716430664,157.0601043701172,75.19268798828125,88.57083892822266,-3749.0,-12283.0,-231.0,0,0,0,0,0
141301.816,1.5368156433105469,2.4697799682617188,1.3118621110916138,-0.09325560927391052,0.41929927468299866,0.03526424616575241,1.1594188213348389,8.713216781616211,-73.77215576171875,-50.60779571533203,98.29931640625,61.20429992675781,-4697.0,-12013.0,-494.0,0,0,0,0,0
141311.954,1.5358983278274536,2.4756600856781006,1.3122375011444092,-0.09536325186491013,0.4220089912414551,0.02578989788889885,0.5700286626815796,7.876497745513916,-73.71305847167969,-65.65540313720703,73.08843994140625,-113.50601196289062,504.0,-11221.0,-656.0,0,0,0,0,0
141321.653,1.5347545146942139,2.4814798831939697,1.312442421913147,-0.09762997925281525,0.4249764382839203,0.030512558296322823,-0.32013699412345886,7.009224891662598,-74.44908905029297,-94.00780487060547,102.02555084228516,58.850467681884766,4422.0,-9854.0,-1241.0,0,0,0,0,0
141331.768,1.5335036516189575,2.4873039722442627,1.312744379043579,-0.09809878468513489,0.427674800157547,0.04246285557746887,-1.2784476280212402,5.995120525360107,-73.54400634765625,-8.654634475708008,57.387332916259766,-7.294887542724609,5809.0,-7764.0,-1432.0,0,0,0,0,0
141341.45,1.5323134660720825,2.4931294918060303,1.3130167722702026,-0.09549585729837418,0.42472681403160095,0.015757882967591286,-1.4590991735458374,5.353042125701904,-73.12550354003906,103.39171600341797,99.49691009521484,-12.249516487121582,2883.0,-8683.0,-623.0,0,0,0,0,0
141351.596,1.5313067436218262,2.498933792114258,1.312935471534729,-0.09086093306541443,0.4219242036342621,-0.011413431726396084,-0.5503736138343811,4.508045196533203,-73.25431823730469,110.6751937866211,94.2520980834961,59.89015197753906,-2265.0,-9090.0,-3.0,0,0,0,0,0
141361.276,1.5304580926895142,2.5039029121398926,1.3129507303237915,-0.08812340348958969,0.41924938559532166,0.020680677145719528,0.46787145733833313,3.6540586948394775,-73.0498275756836,15.99065113067627,71.46405029296875,23.665555953979492,-4547.0,-9571.0,371.0,0,0,0,0,0
141371.412,1.5297255516052246,2.509601593017578,1.3133097887039185,-0.08693099021911621,0.4161282181739807,0.05437838286161423,0.7589728832244873,2.9424500465393066,-72.9142837524414,154.14727783203125,74.15428161621094,1.0189213752746582,-3892.0,-9328.0,1072.0,0,0,0,0,0
141381.082,1.5289663076400757,2.5152392387390137,1.3137816190719604,-0.08344320952892303,0.4099729061126709,0.031073110178112984,1.9067970514297485,2.214900016784668,-72.7612075805664,-76.8458023071289,119.24552154541016,54.919429779052734,-4707.0,-8575.0,1561.0,0,0,0,0,0
141391.218,1.5280442237854004,2.5207066535949707,1.3139736652374268,-0.08449596166610718,0.4024094045162201,0.019732115790247917,1.2739589214324951,1.1669950485229492,-72.92859649658203,-52.692928314208984,85.57662963867188,-225.80670166015625,854.0,-6796.0,1716.0,0,0,0,0,0
141400.917,1.5270978212356567,2.525421619415283,1.3141463994979858,-0.08493383228778839,0.3920091390609741,0.020365599542856216,0.3551493287086487,0.08504055440425873,-74.03712463378906,-101.85150909423828,118.6323013305664,53.41028594970703,4795.0,-5292.0,671.0,0,0,0,0,0
141411.039,1.526000738143921,2.5305092334747314,1.3143317699432373,-0.08331573754549026,0.38183748722076416,0.03683530539274216,-0.6114184260368347,-1.0724395513534546,-73.12030029296875,5.85764741897583,71.56346130371094,51.762481689453125,5759.0,-5600.0,-119.0,0,0,0,0,0
141420.715,1.5249392986297607,2.535451650619507,1.3144115209579468,-0.07959244400262833,0.37107086181640625,0.0021046570036560297,-0.6633127331733704,-1.7661828994750977,-72.66816711425781,100.19432067871094,109.7729721069336,-51.65675354003906,2557.0,-6073.0,402.0,0,0,0,0,0
141430.85,1.5240495204925537,2.5401816368103027,1.3143115043640137,-0.07404786348342896,0.35922420024871826,-0.0021958493161946535,0.19409379363059998,-2.7018351554870605,-73.02387237548828,110.23558807373047,97.60931396484375,115.19921875,-2471.0,-5397.0,765.0,0,0,0,0,0
141440.544,1.5233964920043945,2.544865846633911,1.3143151998519897,-0.06869328022003174,0.3439605236053467,0.027328720316290855,1.2072625160217285,-3.5550591945648193,-72.50294494628906,4.738568305969238,76.2057876586914,103.86836242675781,-4703.0,-5154.0,1141.0,0,0,0,0,0
141450.666,1.5227736234664917,2.5488216876983643,1.3147131204605103,-0.06530775874853134,0.3249088227748871,0.05872844159603119,1.4681150913238525,-4.321121692657471,-71.95687866210938,160.6231689453125,56.73652648925781,-67.9788589477539,-3956.0,-5426.0,2373.0,0,0,0,0,0
141460.351,1.5222655534744263,2.552992343902588,1.3150608539581299,-0.06014562398195267,0.3124341368675232,0.021024193614721298,2.782003164291382,-4.97664213180542,-71.78485107421875,-94.64783477783203,107.32791137695312,57.69071578979492,-5092.0,-6135.0,3443.0,0,0,0,0,0
141470.492,1.5216463804244995,2.5569276809692383,1.3150508403778076,-0.05964691936969757,0.2964809536933899,0.003855600021779537,2.3100523948669434,-5.867807388305664,-71.97758483886719,-46.414485931396484,69.84078979492188,-175.71287536621094,471.0,-4892.0,4061.0,0,0,0,0,0
141480.177,1.5208652019500732,2.560586929321289,1.3149237632751465,-0.059296995401382446,0.27713343501091003,0.007575451396405697,1.2314355373382568,-6.7772698402404785,-72.88941192626953,-101.28583526611328,93.51783752441406,38.734867095947266,4347.0,-3659.0,3352.0,0,0,0,0,0
141490.307,1.5200542211532593,2.5639266967773438,1.3148531913757324,-0.056301794946193695,0.25562912225723267,0.022666163742542267,0.26290658116340637,-7.682348728179932,-72.76177215576172,24.754289627075195,65.45501708984375,64.14776611328125,5649.0,-3222.0,2392.0,0,0,0,0,0
141499.98,1.519315481185913,2.567049741744995,1.3146629333496094,-0.05268780514597893,0.24137938022613525,-0.01957668550312519,0.2223992645740509,-8.291646003723145,-72.67622375488281,83.39411926269531,99.39794158935547,-60.359371185302734,2067.0,-3631.0,1825.0,0,0,0,0,0
141510.115,1.5187883377075195,2.5696487426757812,1.3142857551574707,-0.04677291214466095,0.22226428985595703,-0.028995905071496964,0.9159951210021973,-9.195762634277344,-73.04456329345703,95.86689758300781,80.22109985351562,133.28289794921875,-2378.0,-3112.0,1198.0,0,0,0,0,0
141519.806,1.5184099674224854,2.5722806453704834,1.3139300346374512,-0.0400092639029026,0.19516068696975708,0.003726289141923189,1.8935904502868652,-9.893768310546875,-72.17951965332031,-8.904404640197754,65.22909545898438,133.09686279296875,-4045.0,-2715.0,1255.0,0,0,0,0,0
141529.932,1.5181431770324707,2.5745840072631836,1.3138386011123657,-0.03506052494049072,0.16866959631443024,0.0246554184705019,2.09186053276062,-10.56436538696289,-71.5154800415039,138.2606964111328,31.811010360717773,-135.98472595214844,-3436.0,-2762.0,2569.0,0,0,0,0,0
141539.613,1.5178879499435425,2.576543092727661,1.3137794733047485,-0.030457206070423126,0.1504020243883133,-0.00016111874720081687,3.202432632446289,-11.07338809967041,-71.62601470947266,-116.48209381103516,70.55667114257812,77.58759307861328,-4746.0,-3550.0,3596.0,0,0,0,0,0
141549.748,1.5175600051879883,2.578115701675415,1.313523769378662,-0.029419761151075363,0.13017091155052185,-0.020910518243908882,2.57141375541687,-11.682397842407227,-71.4232177734375,-85.18262481689453,42.41213607788086,-35.88321304321289,959.0,-3182.0,4484.0,0,0,0,0,0
141559.439,1.5170948505401611,2.579477310180664,1.3129332065582275,-0.027860455214977264,0.10682028532028198,-0.028115155175328255,1.3833105564117432,-12.192224502563477,-71.71354675292969,-108.41856384277344,66.22588348388672,-19.479835510253906,5245.0,-3031.0,4660.0,0,0,0,0,0
141569.572,1.516581654548645,2.5804898738861084,1.3124154806137085,-0.022690681740641594,0.07657026499509811,-0.0012291381135582924,0.12290395051240921,-12.727056503295898,-72.54130554199219,39.87540054321289,52.42587661743164,-25.56942367553711,6213.0,-2889.0,3822.0,0,0,0,0,0
141579.245,1.5161548852920532,2.5812199115753174,1.3117748498916626,-0.020047688856720924,0.06474623084068298,-0.055531252175569534,0.03610898181796074,-13.133519172668457,-72.98528289794922,65.32826232910156,62.45143508911133,-72.94959259033203,2017.0,-2462.0,2273.0,0,0,0,0,0
141589.384,1.5159528255462646,2.581742763519287,1.3107705116271973,-0.013369351625442505,0.04330090060830116,-0.06370403617620468,0.6204897165298462,-13.764824867248535,-73.32683563232422,88.0101318359375,50.649295806884766,61.890865325927734,-2137.0,-1451.0,767.0,0,0,0,0,0
141599.071,1.5158840417861938,2.581993579864502,1.310112714767456,-0.005033230874687433,0.011405362747609615,-0.031051989644765854,1.472338318824768,-14.28923225402832,-72.72434997558594,-11.75321102142334,54.30342102050781,160.0450897216797,-3387.0,-658.0,27.0,0,0,0,0,0
141609.206,1.5159960985183716,2.5818185806274414,1.3095113039016724,0.0012621897039934993,-0.016954593360424042,-0.016833193600177765,1.758461594581604,-14.860125541687012,-71.76908874511719,118.34563446044922,13.004740715026855,-127.00224304199219,-3306.0,-262.0,721.0,0,0,0,0,0
141618.891,1.5161865949630737,2.5812809467315674,1.308952808380127,0.006368620786815882,-0.037687815725803375,-0.033912982791662216,2.70823073387146,-15.179584503173828,-72.3825454711914,-161.45950317382812,30.423601150512695,147.1024169921875,-3978.0,-925.0,1368.0,0,0,0,0,0
141629.013,1.5161949396133423,2.580437421798706,1.3081203699111938,0.007914092391729355,-0.059010542929172516,-0.05137554183602333,2.0763235092163086,-15.508138656616211,-71.34932708740234,-93.45748901367188,-0.8437334299087524,-136.7551727294922,1902.0,-1297.0,2555.0,0,0,0,0,0
141638.704,1.516109585762024,2.5792622566223145,1.307163953781128,0.010063458234071732,-0.08182673901319504,-0.06300851702690125,0.8463566303253174,-15.710918426513672,-71.67882537841797,-101.8393783569336,48.151023864746094,-187.5489044189453,5835.0,-1621.0,3465.0,0,0,0,0,0
141648.834,1.516167402267456,2.577962875366211,1.3065896034240723,0.02011685073375702,-0.12081213295459747,-0.007196519058197737,-0.4207974076271057,-16.094707489013672,-72.79167175292969,49.376625061035156,37.191017150878906,-225.2601318359375,5842.0,-977.0,2882.0,0,0,0,0,0
141658.511,1.5161983966827393,2.576185941696167,1.3056718111038208,0.019460728392004967,-0.11969185620546341,-0.0963074341416359,-0.2722226083278656,-16.37460708618164,-73.55624389648438,57.63283920288086,20.953041076660156,37.949867248535156,1264.0,-219.0,1188.0,0,0,0,0,0
141668.647,1.516473412513733,2.574249505996704,1.3044084310531616,0.02916291356086731,-0.15034949779510498,-0.07129479199647903,0.5271177887916565,-16.632749557495117,-73.11133575439453,67.99359130859375,14.982419967651367,29.65207862854004,-2823.0,-128.0,-25.0,0,0,0,0,0
141678.337,1.5170080661773682,2.57195782661438,1.3034883737564087,0.038450587540864944,-0.18458738923072815,-0.035096146166324615,1.3021957874298096,-16.778907775878906,-72.96337127685547,53.984527587890625,17.960012435913086,111.7940902709961,-3357.0,-193.0,-522.0,0,0,0,0,0
141688.462,1.5175942182540894,2.5692458152770996,1.3028143644332886,0.04417142644524574,-0.2109459936618805,-0.025969672948122025,1.6987751722335815,-16.967050552368164,-72.68531036376953,80.91462707519531,-17.880691528320312,-43.50279998779297,-4080.0,-374.0,-491.0,0,0,0,0,0
141698.143,1.518160343170166,2.5665934085845947,1.3023474216461182,0.04781271889805794,-0.22763876616954803,-0.04570040851831436,2.420783519744873,-16.8367919921875,-73.1930160522461,-189.14659118652344,-9.537713050842285,142.5614013671875,-2660.0,-1517.0,-531.0,0,0,0,0,0
141708.281,1.5187218189239502,2.5630526542663574,1.3014230728149414,0.04940257966518402,-0.2525007724761963,-0.048989444971084595,1.1538740396499634,-16.711505889892578,-72.1923599243164,-113.59041595458984,-20.413728713989258,-114.6347427368164,3645.0,-2109.0,-44.0,0,0,0,0,0
141717.97,1.5191174745559692,2.5594825744628906,1.3005599975585938,0.05286068096756935,-0.2765476703643799,-0.0424090251326561,-0.26335838437080383,-16.594867706298828,-73.69622802734375,-45.977622985839844,-56.9035758972168,31.333650588989258,6023.0,-1811.0,-143.0,0,0,0,0,0
141728.1,1.5195914506912231,2.555572032928467,1.2998634576797485,0.06079595163464546,-0.30512765049934387,-0.014184168539941311,-0.7298802733421326,-16.306947708129883,-73.99992370605469,72.16462707519531,-26.516664505004883,190.15792846679688,4007.0,-2458.0,-1474.0,0,0,0,0,0
141737.776,1.5202608108520508,2.551482677459717,1.29892098903656,0.06249427795410156,-0.305842787027359,-0.0800895094871521,0.10990266501903534,-16.1066951751709,-73.35929107666016,97.74886322021484,-39.587486267089844,48.32576370239258,-988.0,-2556.0,-1836.0,0,0,0,0,0
141747.914,1.5211784839630127,2.5471935272216797,1.298020362854004,0.07238636165857315,-0.3403441309928894,-0.021461132913827896,1.0886280536651611,-15.770663261413574,-73.0424575805664,-30.564048767089844,-15.172303199768066,-102.94843292236328,-4079.0,-2702.0,-1410.0,0,0,0,0,0
141757.606,1.5221765041351318,2.5426595211029053,1.297820806503296,0.0784107893705368,-0.36889103055000305,0.018923569470643997,1.05231511592865,-15.565876960754395,-73.56375885009766,153.26370239257812,-41.44348907470703,-28.53850555419922,-3300.0,-2003.0,-1226.0,0,0,0,0,0
141767.729,1.5233440399169922,2.5373103618621826,1.2974741458892822,0.08156386762857437,-0.37822389602661133,-0.015060558915138245,2.2128727436065674,-15.099885940551758,-73.91863250732422,-103.44953155517578,-52.6172981262207,170.62449645996094,-4380.0,-2235.0,-1503.0,0,0,0,0,0
141777.409,1.524399995803833,2.531747341156006,1.2968841791152954,0.08138085156679153,-0.3961596190929413,-0.016554467380046844,1.1644333600997925,-14.598690032958984,-72.29524993896484,-86.39971923828125,-74.80072021484375,-223.1458740234375,1218.0,-3134.0,-1033.0,0,0,0,0,0
141787.544,1.5253090858459473,2.525904893875122,1.2963547706604004,0.08334212005138397,-0.4150375723838806,-0.005674212239682674,-0.14735177159309387,-14.003469467163086,-73.46987915039062,-43.47957992553711,-32.04432678222656,-67.51702117919922,5254.0,-3298.0,69.0,0,0,0,0,0
141797.235,1.5262529850006104,2.5197834968566895,1.296081304550171,0.08820412307977676,-0.4333992004394531,0.014893483370542526,-0.5919168591499329,-13.458578109741211,-73.8283462524414,45.368011474609375,-33.124332427978516,-67.02771759033203,5040.0,-3524.0,-295.0,0,0,0,0,0
141807.367,1.5262548923492432,2.5191495418548584,1.2958905696868896,0.08806474506855011,-0.4352474510669708,0.01435054000467062,-0.5839497447013855,-13.486623764038086,-73.82820892333984,92.23375701904297,-63.21100997924805,26.786178588867188,935.0,-3299.0,-774.0,0,0,0,0,0
141817.046,1.527431607246399,2.512927770614624,1.2954988479614258,0.09134931117296219,-0.4397524893283844,-0.01751294918358326,0.3954398036003113,-12.915852546691895,-73.02593994140625,54.06559371948242,-60.828330993652344,86.55278778076172,-3794.0,-3761.0,-426.0,0,0,0,0,0
141827.189,1.5287132263183594,2.507145404815674,1.2952255010604858,0.09713936597108841,-0.46149009466171265,0.03800803795456886,1.3254145383834839,-12.226960182189941,-73.31474304199219,73.90599060058594,-32.55877685546875,155.10169982910156,-3864.0,-4328.0,-512.0,0,0,0,0,0
141836.879,1.5300220251083374,2.5011096000671387,1.295444130897522,0.09925679117441177,-0.4789856970310211,0.07948879152536392,1.131488561630249,-11.70401668548584,-74.25250244140625,52.52549362182617,-97.21527099609375,-125.71005249023438,-4372.0,-3724.0,-1266.0,0,0,0,0,0
141846.995,1.5311713218688965,2.4956274032592773,1.2959403991699219,0.09982167184352875,-0.4775780141353607,0.045626506209373474,2.412668466567993,-11.096840858459473,-74.06427001953125,-208.59658813476562,-52.14051055908203,92.30672454833984,-2473.0,-4424.0,-1802.0,0,0,0,0,0
141856.676,1.5322962999343872,2.489386558532715,1.2959842681884766,0.09647216647863388,-0.4842281937599182,0.03860216215252876,1.6159262657165527,-10.314034461975098,-72.79115295410156,-97.73697662353516,-67.79202270507812,28.82290267944336,3812.0,-5303.0,-1070.0,0,0,0,0,0
141866.822,1.5332882404327393,2.4830238819122314,1.2960305213928223,0.09419698268175125,-0.4914929270744324,0.045929960906505585,0.31099802255630493,-9.528498649597168,-74.15298461914062,-25.108919143676758,-95.84111022949219,116.47605895996094,5589.0,-5565.0,-1808.0,0,0,0,0,0
141876.501,1.5342601537704468,2.47668194770813,1.2963461875915527,0.09612946212291718,-0.5029346942901611,0.10168714821338654,-0.3686791658401489,-8.910087585449219,-74.30628967285156,70.03057098388672,-98.31391143798828,143.70034790039062,2705.0,-5384.0,-2445.0,0,0,0,0,0
141886.63,1.5353938341140747,2.4703710079193115,1.296566367149353,0.09450576454401016,-0.492919921875,0.017736973240971565,0.09900207072496414,-8.137784957885742,-73.87801361083984,91.04045867919922,-114.68275451660156,-97.85820770263672,-1868.0,-5911.0,-2142.0,0,0,0,0,0
141896.307,1.536697268486023,2.46411395072937,1.2966434955596924,0.09680324047803879,-0.49956846237182617,0.0692339614033699,0.871739387512207,-7.281225204467773,-73.57237243652344,-42.696537017822266,-81.64253234863281,-174.0078582763672,-4037.0,-6671.0,-1797.0,0,0,0,0,0
141906.441,1.5378628969192505,2.4584457874298096,1.2973933219909668,0.09621644765138626,-0.5023423433303833,0.11826340854167938,1.249672532081604,-6.439603805541992,-74.02679443359375,123.29084777832031,-81.2266845703125,-56.948516845703125,-3177.0,-6334.0,-1996.0,0,0,0,0,0
141916.134,1.5391361713409424,2.4521520137786865,1.2981590032577515,0.094329833984375,-0.4976164400577545,0.09818138182163239,1.8716422319412231,-5.840695381164551,-73.61109924316406,-118.95784759521484,-98.34647369384766,220.16954040527344,-4232.0,-6110.0,-1848.0,0,0,0,0,0
141926.264,1.5402400493621826,2.4460344314575195,1.2986565828323364,0.09108838438987732,-0.4935852587223053,0.08399557322263718,2.2129952907562256,-4.824775695800781,-74.07562255859375,-96.5621566772461,-109.78900909423828,-208.38536071777344,1128.0,-7460.0,-1572.0,0,0,0,0,0
141935.941,1.5411263704299927,2.439948558807373,1.299114465713501,0.08420302718877792,-0.48965179920196533,0.08513684570789337,0.6900947690010071,-3.97105073928833,-73.58052062988281,-92.36713409423828,-72.29995727539062,-98.58148956298828,5681.0,-8081.0,-1552.0,0,0,0,0,0
141946.074,1.5418975353240967,2.4339206218719482,1.2995613813400269,0.07993235439062119,-0.4832753539085388,0.07976430654525757,-0.4361303448677063,-3.0500731468200684,-74.4616928100586,53.81466293334961,-83.02325439453125,-64.53240966796875,5753.0,-7986.0,-2100.0,0,0,0,0,0
141955.765,1.5426722764968872,2.428469657897949,1.300258994102478,0.07803349196910858,-0.4736834764480591,0.0896398052573204,-0.7646762728691101,-2.2953994274139404,-73.88782501220703,51.310997009277344,-83.33303833007812,124.72451782226562,1261.0,-7638.0,-1993.0,0,0,0,0,0
141965.891,1.543601155281067,2.422710657119751,1.3006449937820435,0.07703322917222977,-0.462917685508728,0.055492132902145386,-0.20271162688732147,-1.4705458879470825,-73.27011108398438,94.34750366210938,-77.59282684326172,119.85694885253906,-2541.0,-8079.0,-1167.0,0,0,0,0,0
141975.573,1.5446770191192627,2.417304754257202,1.30100417137146,0.07577642798423767,-0.45212504267692566,0.10622025281190872,0.5278781056404114,-0.551534116268158,-73.86819458007812,-2.135944128036499,-68.24717712402344,16.23485565185547,-3462.0,-8823.0,-1228.0,0,0,0,0,0
141985.707,1.545732855796814,2.4120328426361084,1.3018977642059326,0.07232583314180374,-0.4398208260536194,0.14527857303619385,0.6308936476707458,0.26754385232925415,-74.52734375,109.37843322753906,-99.91621398925781,-119.2866439819336,-3105.0,-8504.0,-1846.0,0,0,0,0,0
141995.402,1.5467143058776855,2.4069552421569824,1.302800178527832,0.07005704939365387,-0.4263833165168762,0.10564666986465454,1.4310517311096191,0.9155150055885315,-73.92285919189453,-167.07894897460938,-101.2081298828125,127.49053955078125,-3303.0,-8623.0,-2144.0,0,0,0,0,0
142005.529,1.5474634170532227,2.402005195617676,1.3034170866012573,0.06457700580358505,-0.4135093092918396,0.09127476066350937,1.3390661478042603,1.9062391519546509,-73.95592498779297,-90.22943115234375,-107.62897491455078,-165.63494873046875,2227.0,-9841.0,-2070.0,0,0,0,0,0
142015.204,1.5480711460113525,2.397573709487915,1.304126501083374,0.05734733119606972,-0.39806628227233887,0.09014441817998886,0.049895916134119034,2.777458429336548,-74.54576110839844,-119.76080322265625,-67.67742156982422,-4.899978160858154,5765.0,-10361.0,-2924.0,0,0,0,0,0
142025.35,1.5485466718673706,2.393049955368042,1.3045575618743896,0.05206784978508949,-0.3817848265171051,0.08650635182857513,-1.0394439697265625,3.5834176540374756,-74.9867172241211,56.0444450378418,-87.8128890991211,-114.69518280029297,5281.0,-9989.0,-3724.0,0,0,0,0,0
142035.031,1.5490872859954834,2.388798236846924,1.3049136400222778,0.049205489456653595,-0.3642541766166687,0.07503440976142883,-1.2052006721496582,4.258173942565918,-74.12191772460938,25.928071975708008,-63.302825927734375,111.19320678710938,621.0,-9804.0,-3445.0,0,0,0,0,0
142045.156,1.5497276782989502,2.384817600250244,1.305055856704712,0.04764071851968765,-0.3477005362510681,0.043487634509801865,-0.7310712933540344,5.010232925415039,-73.42276763916016,81.7493667602539,-69.39126586914062,53.923004150390625,-2456.0,-10223.0,-2291.0,0,0,0,0,0
142054.837,1.5504810810089111,2.381124258041382,1.3053406476974487,0.04419321566820145,-0.3236427903175354,0.0855090394616127,-0.026653867214918137,5.801234722137451,-73.722412109375,10.001866340637207,-49.758060455322266,62.553287506103516,-3218.0,-10909.0,-1869.0,0,0,0,0,0
142064.982,1.551038146018982,2.37784743309021,1.3061140775680542,0.0390484519302845,-0.3003979027271271,0.10953710973262787,0.20161791145801544,6.5448994636535645,-74.41610717773438,101.20784759521484,-69.72431945800781,-145.14549255371094,-3025.0,-10687.0,-2009.0,0,0,0,0,0
142074.676,1.5516595840454102,2.374786138534546,1.3065876960754395,0.036382999271154404,-0.28318819403648376,0.07158706337213516,0.9077320694923401,7.0860395431518555,-73.89952850341797,-155.0159912109375,-84.9837417602539,30.406475067138672,-2886.0,-10605.0,-2100.0,0,0,0,0,0
142084.789,1.5520585775375366,2.3719117641448975,1.3068053722381592,0.03025292418897152,-0.2639636993408203,0.05926402285695076,0.7777553200721741,7.85710334777832,-74.10003662109375,-87.4017562866211,-76.34886169433594,-191.55270385742188,2283.0,-11439.0,-2156.0,0,0,0,0,0
142094.479,1.5522723197937012,2.369035005569458,1.3069093227386475,0.02220788411796093,-0.2419733852148056,0.047023821622133255,-0.4121273458003998,8.567402839660645,-74.80926513671875,-116.89249420166016,-48.58938217163086,-1.1487964391708374,5705.0,-11987.0,-3154.0,0,0,0,0,0
142104.631,1.5523625612258911,2.366697072982788,1.3069175481796265,0.016414375975728035,-0.21882325410842896,0.049744367599487305,-1.5249054431915283,9.197128295898438,-74.92778015136719,51.1312370300293,-62.624847412109375,-92.8333511352539,5614.0,-11941.0,-3760.0,0,0,0,0,0
142114.295,1.5525366067886353,2.3644793033599854,1.3071824312210083,0.013852993957698345,-0.20063526928424835,0.02083340846002102,-1.6998988389968872,9.736987113952637,-74.14433288574219,41.707183837890625,-52.66312789916992,98.64382934570312,974.0,-11923.0,-3355.0,0,0,0,0,0
142124.42,1.5528345108032227,2.3624343872070312,1.3070685863494873,0.01243263203650713,-0.18166056275367737,-0.004002478439360857,-1.2415771484375,10.263801574707031,-73.39728546142578,94.91329193115234,-44.89198303222656,131.08738708496094,0.0,0.0,0.0,0,15170,65535,60000,0
142134.094,1.5531562566757202,2.3610928058624268,1.3066951036453247,0.008186344988644123,-0.15022747218608856,0.03142097592353821,-0.3496658205986023,10.834163665771484,-73.75550079345703,-11.070694923400879,-27.301054000854492,28.508447647094727,0.0,0.0,0.0,38488,48970,9830,20486,1
142144.231,1.5534356832504272,2.3601231575012207,1.3066017627716064,0.002598800463601947,-0.12107759714126587,0.05437051132321358,-0.03090835176408291,11.33809757232666,-74.25517272949219,105.90941619873047,-10.507798194885254,-149.38438415527344,0.0,0.0,0.0,0,6549,53075,60000,1
142153.92,1.5535749197006226,2.3592097759246826,1.3066107034683228,0.0013209234457463026,-0.10791432112455368,-0.0037511265836656094,0.6382988095283508,11.561063766479492,-74.16195678710938,-169.68011474609375,21.133249282836914,30.896682739257812,0.0,0.0,0.0,58007,60000,9830,9533,1
142164.05,1.5536575317382812,2.358710527420044,1.3060568571090698,-0.004679161123931408,-0.08536799997091293,-0.01337712537497282,0.4732871949672699,11.608664512634277,-75.28548431396484,-70.06678771972656,5.29254674911499,-74.37937927246094,0.0,0.0,0.0,27479,56483,65535,34933,1
142173.727,1.553514003753662,2.3584392070770264,1.305330753326416,-0.011658737435936928,-0.06523396074771881,-0.02960662543773651,-1.043872356414795,11.673921585083008,-74.3235092163086,-190.23281860351562,-16.01483154296875,169.00332641601562,0.0,0.0,0.0,11747,60000,9830,2914,1
142183.87,1.5532116889953613,2.358349084854126,1.3042793273925781,-0.015565252862870693,-0.05249878019094467,-0.08017028868198395,-2.1506776809692383,11.774139404296875,-75.0685806274414,153.02444458007812,-27.98405647277832,0.15915091335773468,0.0,0.0,0.0,0,8668,65535,60000,1
142193.556,1.5529358386993408,2.358516216278076,1.3031219244003296,-0.018240634351968765,-0.031145906075835228,-0.0906505212187767,-3.1630120277404785,11.668539047241211,-74.1418228149414,203.7461700439453,-0.7603480219841003,-82.54263305664062,0.0,0.0,0.0,30463,0,65535,60000,1
142203.677,1.5528019666671753,2.3590340614318848,1.3017995357513428,-0.016686689108610153,-0.004858359694480896,-0.07667005807161331,-1.1028006076812744,12.036454200744629,-75.15904235839844,311.6806335449219,25.69399642944336,-313.016845703125,0.0,0.0,0.0,20245,11701,65535,60000,1
142213.361,1.5527247190475464,2.3595519065856934,1.301063895225525,-0.02109183743596077,0.0266083013266325,-0.029724473133683205,1.2135283946990967,11.84638500213623,-75.93514251708984,314.3352966308594,76.07035827636719,303.494384765625,0.0,0.0,0.0,0,0,65535,60000,1
142223.505,1.552815318107605,2.360780954360962,1.3000977039337158,-0.019810667261481285,0.0420832484960556,-0.07049998641014099,4.389166831970215,11.162205696105957,-74.80990600585938,-51.4535026550293,46.30596923828125,513.33935546875,0.0,0.0,0.0,16918,17963,65535,60000,1
142233.188,1.5530116558074951,2.3622918128967285,1.2989474534988403,-0.027650490403175354,0.058684103190898895,-0.08329986780881882,5.7855095863342285,10.719533920288086,-72.26976013183594,-62.77787399291992,59.845176696777344,-37.376068115234375,0.0,0.0,0.0,0,37092,47537,39594,1
142243.314,1.5529322624206543,2.364032745361328,1.2979726791381836,-0.0481879860162735,0.07969846576452255,-0.04044199734926224,4.133549213409424,10.43454647064209,-68.79446411132812,-233.98158264160156,132.20285034179688,86.41969299316406,0.0,0.0,0.0,65535,53127,65535,49538,1
142252.992,1.5525012016296387,2.3654470443725586,1.2975006103515625,-0.0630335584282875,0.096653513610363,-0.01533653773367405,3.564563035964966,9.622666358947754,-69.43262481689453,-367.1400146484375,151.5526123046875,-22.581188201904297,0.0,0.0,0.0,0,60000,36583,6242,1
142263.129,1.5519882440567017,2.3675456047058105,1.2970027923583984,-0.0768742486834526,0.11269800364971161,0.0056092808954417706,-0.6153016090393066,8.272665977478027,-66.9148178100586,6.709903717041016,47.68165588378906,298.4393615722656,0.0,0.0,0.0,20522,60000,65535,38049,1
142272.822,1.5513782501220703,2.3696680068969727,1.2959609031677246,-0.07865293323993683,0.10849316418170929,-0.1270744502544403,-2.3147199153900146,7.14837121963501,-66.32669067382812,-324.2630920410156,111.55558776855469,152.10714721679688,0.0,0.0,0.0,36908,60000,65535,15741,1
142282.953,1.550650954246521,2.3718087673187256,1.2942805290222168,-0.07825819402933121,0.1212809756398201,-0.11843597143888474,-3.43963885307312,6.228463649749756,-65.14752197265625,-52.02158737182617,226.0921630859375,609.6942138671875,0.0,0.0,0.0,0,12464,22433,39197,1
142292.629,1.5497936010360718,2.3741562366485596,1.293296217918396,-0.07218726724386215,0.14506056904792786,-0.022364433854818344,-7.182353973388672,3.5985758304595947,-60.58250427246094,111.06653594970703,182.35789489746094,280.9065856933594,0.0,0.0,0.0,65535,35986,65535,60000,1
142302.761,1.5491209030151367,2.3767690658569336,1.2927703857421875,-0.06131120026111603,0.1571391075849533,-0.014498008415102959,-6.221682548522949,2.149501323699951,-60.54714584350586,59.69423294067383,212.4678192138672,-461.99700927734375,0.0,0.0,0.0,60918,6716,65535,54787,1
142312.452,1.5485620498657227,2.379014492034912,1.2927404642105103,-0.047449421137571335,0.16796667873859406,0.04352186992764473,-5.8264031410217285,-0.11983931809663773,-59.47280502319336,136.30015563964844,203.5052947998047,-100.73013305664062,0.0,0.0,0.0,65535,7062,65535,60000,1
142322.58,1.5480897426605225,2.3819925785064697,1.292781114578247,-0.03724171221256256,0.17391110956668854,0.032856885343790054,-4.194831848144531,-1.9940614700317383,-61.6221809387207,-196.67433166503906,254.29978942871094,670.1643676757812,0.0,0.0,0.0,0,0,55116,60000,1
142332.258,1.5476469993591309,2.3851301670074463,1.2925260066986084,-0.034741196781396866,0.17761990427970886,-0.021691875532269478,-4.294103145599365,-4.557931900024414,-59.70231246948242,-96.37437438964844,174.20179748535156,594.9817504882812,0.0,0.0,0.0,0,36023,32138,60000,1
142342.396,1.5472394227981567,2.388392448425293,1.2916873693466187,-0.02920673042535782,0.17746973037719727,-0.04977022111415863,-5.784981727600098,-7.158985137939453,-55.349082946777344,-94.26307678222656,228.87332153320312,289.8919982910156,0.0,0.0,0.0,50140,13542,65535,45149,1
142352.084,1.546951174736023,2.3918373584747314,1.2909626960754395,-0.016413329169154167,0.1765078753232956,-0.06870689988136292,-5.734045028686523,-9.14650821685791,-52.26154327392578,-479.94140625,393.17254638671875,-137.62921142578125,0.0,0.0,0.0,0,60000,65535,12214,1
142362.218,1.5468697547912598,2.394331455230713,1.2908962965011597,0.03577570617198944,0.15939177572727203,0.07744642347097397,-8.774755477905273,-12.101888656616211,-51.506526947021484,-380.948974609375,289.88726806640625,16.811677932739258,0.0,0.0,0.0,0,60000,9830,33809,1
142371.894,1.5470213890075684,2.3975322246551514,1.2912943363189697,0.045043133199214935,0.15790975093841553,0.0452723503112793,-12.35740852355957,-15.999897956848145,-50.11832809448242,-597.9874877929688,287.88922119140625,-107.11824798583984,0.0,0.0,0.0,0,60000,28128,0,1
142382.027,1.5473129749298096,2.400498867034912,1.291639804840088,0.08819844573736191,0.14908745884895325,0.07181420922279358,-17.594148635864258,-18.039140701293945,-52.360782623291016,-489.48345947265625,381.6690979003906,-57.245018005371094,0.0,0.0,0.0,1262,60000,25373,0,1
142391.717,1.5478222370147705,2.4033477306365967,1.2916404008865356,0.08259271830320358,0.14822497963905334,-0.00471833860501647,-23.361431121826172,-21.27045249938965,-53.409637451171875,-325.45819091796875,350.6468811035156,206.3043670654297,0.0,0.0,0.0,0,60000,9830,0,1
142401.849,1.548379898071289,2.406054735183716,1.2908438444137573,0.08033815026283264,0.14850252866744995,-0.08183052390813828,-28.562837600708008,-24.411579132080078,-54.77056884765625,-111.94393157958984,392.6807556152344,67.42525482177734,0.0,0.0,0.0,65535,60000,65535,0,1
142411.531,1.5495809316635132,2.408128499984741,1.2896729707717896,0.15416619181632996,0.14661584794521332,-0.07815824449062347,-31.16704559326172,-27.43867301940918,-56.285865783691406,-143.76968383789062,578.1126098632812,-577.6409301757812,0.0,0.0,0.0,65535,60000,65535,8754,1
142421.66,1.5516273975372314,2.4107468128204346,1.2880462408065796,0.21070246398448944,0.14745216071605682,-0.10230003297328949,-34.170005798339844,-31.58928108215332,-59.5339469909668,127.47606658935547,621.3734130859375,-81.56124877929688,0.0,0.0,0.0,65535,0,65535,51510,1
142431.35,1.5543888807296753,2.4133057594299316,1.2857201099395752,0.2374333292245865,0.1522209346294403,-0.16155143082141876,-36.938194274902344,-36.212425231933594,-64.1175765991211,-5.461388111114502,417.0674743652344,268.2156677246094,0.0,0.0,0.0,65535,0,65535,52397,1
142441.475,1.5574997663497925,2.4157938957214355,1.2825566530227661,0.2351246178150177,0.16247226297855377,-0.2490406036376953,-38.890419006347656,-40.06208801269531,-68.3040771484375,190.92701721191406,302.69732666015625,80.1495361328125,0.0,0.0,0.0,0,0,55520,55625,1
142451.156,1.5643603801727295,2.4197609424591064,1.2755248546600342,0.37469664216041565,0.12385000288486481,-0.3223887085914612,-36.004173278808594,-48.5423698425293,-68.71552276611328,217.52806091308594,285.7135925292969,-234.31045532226562,0.0,0.0,0.0,65535,0,65535,49771,1
142461.291,1.5649162530899048,2.420295238494873,1.2750673294067383,0.3763689696788788,0.12550777196884155,-0.32409682869911194,-36.02649688720703,-48.538047790527344,-68.723388671875,38.288368225097656,421.5279235839844,117.031494140625,0.0,0.0,0.0,65535,28331,65535,38810,1
142470.986,1.5703260898590088,2.4228105545043945,1.27001953125,0.37535127997398376,0.1325283646583557,-0.41405972838401794,-39.30284881591797,-50.79628372192383,-74.11082458496094,207.4678497314453,395.01116943359375,365.00079345703125,0.0,0.0,0.0,65535,18458,65535,41882,1
142481.112,1.5761197805404663,2.42535138130188,1.2642337083816528,0.42137306928634644,0.11631028354167938,-0.4751138687133789,-40.512569427490234,-54.64937210083008,-77.86491394042969,87.09680938720703,440.8623046875,487.86309814453125,0.0,0.0,0.0,30472,0,65535,54705,1
142490.789,1.5824828147888184,2.4277119636535645,1.257870078086853,0.4596964716911316,0.11002454161643982,-0.5438618063926697,-36.61496353149414,-61.727012634277344,-74.8176498413086,-7.790266036987305,390.8733825683594,192.30116271972656,0.0,0.0,0.0,47588,0,65535,36679,1
142500.934,1.5895262956619263,2.429779291152954,1.2509607076644897,0.524819016456604,0.07357913255691528,-0.5979949831962585,-36.492488861083984,-67.14521789550781,-74.75225067138672,37.21533966064453,266.8064880371094,24.163494110107422,0.0,0.0,0.0,65535,5104,65535,38344,1
142510.614,1.5966739654541016,2.4307546615600586,1.243670105934143,0.6041651368141174,0.015605145134031773,-0.6476284265518188,-39.505653381347656,-70.34999084472656,-78.20721435546875,-137.44912719726562,297.4302978515625,-338.1452331542969,0.0,0.0,0.0,65535,60000,65535,20623,1
142520.75,1.6045916080474854,2.4315481185913086,1.2366021871566772,0.6741982698440552,-0.0370643213391304,-0.6968176364898682,-51.97288131713867,-70.72901916503906,-90.08423614501953,-224.7285614013672,277.1478576660156,-14.999512672424316,0.0,0.0,0.0,65535,60000,65535,0,1
142530.429,1.6129118204116821,2.4319934844970703,1.2288542985916138,0.6644918918609619,-0.02774803340435028,-0.7658615708351135,-61.02836608886719,-72.5163345336914,-97.26519775390625,-179.20518493652344,199.1628875732422,286.73553466796875,0.0,0.0,0.0,2223,60000,36285,26881,1
142540.558,1.6212849617004395,2.4323768615722656,1.2203971147537231,0.6793602108955383,-0.03106732852756977,-0.8325477838516235,-64.45491790771484,-76.28437042236328,-98.92057037353516,-287.9856872558594,246.748046875,217.5389404296875,0.0,0.0,0.0,55334,60000,9830,0,1
142550.256,1.6302086114883423,2.4323935508728027,1.2112081050872803,0.7547743916511536,-0.0737919732928276,-0.8931832909584045,-73.72433471679688,-79.0708999633789,-105.66520690917969,-204.2340087890625,269.3104553222656,-215.77987670898438,0.0,0.0,0.0,65535,60000,65535,0,1
142560.375,1.6403617858886719,2.4320731163024902,1.200164556503296,0.7592418193817139,-0.07759200781583786,-0.962839663028717,-91.13941955566406,-76.5074691772461,-120.99608612060547,-287.0257568359375,328.68182373046875,-39.981204986572266,0.0,0.0,0.0,65535,60000,65535,0,1
142570.054,1.6487098932266235,2.431488037109375,1.189968228340149,0.7583279013633728,-0.07733789831399918,-1.0235097408294678,-105.92017364501953,-74.9394760131836,-133.2841339111328,-279.9122619628906,275.3013916015625,309.1101379394531,0.0,0.0,0.0,65535,60000,65535,0,1
142580.191,1.6580091714859009,2.431015729904175,1.178694486618042,0.7757651805877686,-0.08064892888069153,-1.0888340473175049,-122.81387329101562,-76.12066650390625,-147.8155517578125,-88.10900115966797,84.17662811279297,50.8384895324707,0.0,0.0,0.0,30413,60000,9830,0,1
142589.884,1.6676819324493408,2.4302303791046143,1.1665785312652588,0.827190101146698,-0.10168726742267609,-1.159285306930542,-131.462890625,-76.6899642944336,-155.5760955810547,20.073448181152344,144.4226531982422,-36.63761901855469,0.0,0.0,0.0,36869,59550,9830,16157,1
142600.007,1.6779587268829346,2.429009199142456,1.1535563468933105,0.8733553290367126,-0.1214764341711998,-1.2277013063430786,-137.7788543701172,-76.47637176513672,-161.9100799560547,63.70071029663086,119.57979583740234,-157.32823181152344,0.0,0.0,0.0,65535,60000,65535,0,1
142609.692,1.688169002532959,2.4274134635925293,1.1400260925292969,0.9652345180511475,-0.1662837713956833,-1.3055170774459839,-138.34780883789062,-75.21981048583984,-162.99755859375,416.4273376464844,-171.26539611816406,-413.6255798339844,0.0,0.0,0.0,0,32802,64146,57909,1
142619.839,1.7088360786437988,2.4299230575561523,1.1208847761154175,1.1143043041229248,-0.2326568067073822,-1.45716392993927,-120.9961929321289,-69.2149887084961,-149.99903869628906,218.40528869628906,-69.51203918457031,131.75289916992188,0.0,0.0,0.0,19386,8066,9830,44163,1
142629.53,1.7210872173309326,2.4268102645874023,1.1048341989517212,1.1211217641830444,-0.23343339562416077,-1.5157724618911743,-119.16671752929688,-70.59150695800781,-150.60594177246094,540.6798095703125,-323.1177673339844,-62.64020538330078,0.0,0.0,0.0,0,0,9830,60000,1
142639.64,1.7339839935302734,2.4232349395751953,1.087690830230713,1.2325937747955322,-0.3088109493255615,-1.5914921760559082,-107.61589050292969,-72.2676773071289,-143.8044891357422,432.1180114746094,-142.56199645996094,-260.1727600097656,0.0,0.0,0.0,0,0,19477,60000,1
142649.321,1.7474923133850098,2.419219732284546,1.0695046186447144,1.2006194591522217,-0.2765021324157715,-1.6488016843795776,-97.19007110595703,-71.19998931884766,-137.83741760253906,336.40277099609375,-50.26392364501953,-340.69219970703125,0.0,0.0,0.0,0,16536,23540,60000,1
142659.455,1.760412573814392,2.4157443046569824,1.05129873752594,1.2256680727005005,-0.29998865723609924,-1.7034859657287598,-91.42865753173828,-68.00463104248047,-135.7339324951172,537.630859375,-76.99626159667969,-58.431087493896484,0.0,0.0,0.0,0,0,65535,60000,1
142669.15,1.7739187479019165,2.411310911178589,1.0318026542663574,1.2729073762893677,-0.3452219069004059,-1.7563570737838745,-84.92282104492188,-66.41213989257812,-134.4365692138672,439.1461181640625,-22.739004135131836,51.811824798583984,0.0,0.0,0.0,0,0,65535,60000,1
142679.272,1.78770112991333,2.4065496921539307,1.0113177299499512,1.269836187362671,-0.3319375216960907,-1.8084049224853516,-80.31248474121094,-65.9821548461914,-134.3045196533203,413.8626708984375,-25.97772979736328,116.38539123535156,0.0,0.0,0.0,0,1358,40842,60000,1
142688.962,1.8016059398651123,2.4016237258911133,0.9898255467414856,1.2827078104019165,-0.3413837254047394,-1.8566405773162842,-75.47782897949219,-66.66703033447266,-133.51710510253906,474.4164733886719,-21.810218811035156,241.6240692138672,0.0,0.0,0.0,0,0,9830,60000,1
142699.087,1.8157548904418945,2.396277666091919,0.9674238562583923,1.30873703956604,-0.3725431561470032,-1.9005295038223267,-69.11783599853516,-68.12818145751953,-131.611328125,419.2742004394531,-41.86700439453125,123.72020721435547,0.0,0.0,0.0,0,5581,32571,60000,1
142708.777,1.829816222190857,2.391155242919922,0.9460018277168274,1.3439663648605347,-0.43978893756866455,-1.929662823677063,-63.2601432800293,-68.66072845458984,-129.75045776367188,273.2010498046875,-20.264856338500977,-0.4776075482368469,0.0,0.0,0.0,0,17288,9830,60000,1
142718.905,1.8446637392044067,2.3842997550964355,0.9223330020904541,1.3715919256210327,-0.5075932741165161,-1.9585059881210327,-60.00601577758789,-68.91349029541016,-129.21456909179688,174.00506591796875,-4.215222358703613,283.9175109863281,0.0,0.0,0.0,832,24494,9830,59261,1
142728.588,1.8591961860656738,2.376786231994629,0.8987454771995544,1.389533519744873,-0.5639733672142029,-1.9861620664596558,-55.91493606567383,-70.53472900390625,-126.8709716796875,143.1865692138672,32.31245422363281,254.0540771484375,0.0,0.0,0.0,38956,31889,45509,24888,1
142738.72,1.873968243598938,2.3684945106506348,0.8746568560600281,1.3977973461151123,-0.6059051156044006,-2.0133180618286133,-54.88158416748047,-71.1488265991211,-127.43499755859375,161.83810424804688,32.098487854003906,177.4949493408203,0.0,0.0,0.0,13799,42348,65535,29267,1
142748.411,1.888925313949585,2.3595101833343506,0.8500970005989075,1.4169505834579468,-0.6896121501922607,-2.0325067043304443,-57.72652816772461,-69.90544128417969,-131.8474578857422,-108.35828399658203,187.27659606933594,643.911865234375,0.0,0.0,0.0,0,60000,65535,0,1
142758.536,1.9039053916931152,2.3503925800323486,0.8272489309310913,1.4554280042648315,-0.8323125839233398,-2.0394630432128906,-60.168766021728516,-72.26688385009766,-133.37612915039062,-134.30043029785156,113.917724609375,198.96595764160156,0.0,0.0,0.0,65535,60000,9830,0,1
142768.227,1.9194064140319824,2.338646650314331,0.8023050427436829,1.4739596843719482,-0.9105759859085083,-2.0637857913970947,-61.57762145996094,-74.6358642578125,-133.42510986328125,-245.05123901367188,193.64224243164062,435.5276184082031,0.0,0.0,0.0,54288,60000,9830,0,1
142778.362,1.9342236518859863,2.3265764713287354,0.7778205871582031,1.48643958568573,-0.9698103070259094,-2.0929291248321533,-63.309688568115234,-78.72445678710938,-132.93801879882812,-295.8628234863281,76.7730941772461,103.5815658569336,0.0,0.0,0.0,65535,60000,61090,0,1
142788.045,1.9490361213684082,2.313896656036377,0.7529667019844055,1.4837459325790405,-0.9990096092224121,-2.1188466548919678,-68.95564270019531,-80.14518737792969,-135.9838409423828,-89.23644256591797,148.66604614257812,206.13528442382812,0.0,0.0,0.0,65535,60000,36651,0,1
142798.177,1.9639948606491089,2.3001983165740967,0.7278913855552673,1.5263144969940186,-1.1294162273406982,-2.140983819961548,-76.69152069091797,-82.02946472167969,-142.8156280517578,51.963134765625,18.370441436767578,239.89797973632812,0.0,0.0,0.0,65535,60000,65535,12724,1
142807.85,1.9811490774154663,2.285496234893799,0.7019137144088745,1.5544919967651367,-1.2259796857833862,-2.1633152961730957,-76.8353042602539,-83.86607360839844,-143.50881958007812,205.13836669921875,88.30873107910156,132.66305541992188,0.0,0.0,0.0,65535,60000,65535,10831,1
142817.986,1.9966059923171997,2.2693793773651123,0.676520586013794,1.5784145593643188,-1.3269057273864746,-2.1864447593688965,-82.2160415649414,-86.17366790771484,-151.00634765625,228.02359008789062,58.71516036987305,370.7846984863281,0.0,0.0,0.0,52327,18163,65535,32396,1
142827.687,2.013854503631592,2.2506771087646484,0.6487496495246887,1.5864564180374146,-1.3972021341323853,-2.2147598266601562,113.94086456298828,-89.53060913085938,42.84492874145508,82.0505599975586,28.607301712036133,728.7689819335938,0.0,0.0,0.0,27046,60000,9830,13817,1
142837.799,2.0309817790985107,2.230816602706909,0.6209111213684082,1.6047087907791138,-1.5187726020812988,-2.2459795475006104,95.58330535888672,-84.50227355957031,23.08230209350586,361.5022888183594,-21.02785873413086,835.2643432617188,0.0,0.0,0.0,0,0,9830,60000,1
142847.48,2.0481810569763184,2.2092461585998535,0.592993974685669,1.6135441064834595,-1.6443926095962524,-2.269221782684326,89.3446273803711,-81.0467758178711,13.01547908782959,200.8863525390625,-130.1506805419922,487.6062927246094,0.0,0.0,0.0,0,0,55297,60000,1
142857.621,2.065018892288208,2.186800479888916,0.5650765299797058,1.5853724479675293,-1.665024757385254,-2.288912057876587,84.99134063720703,-79.12657165527344,6.240790367126465,306.8208923339844,-135.8405303955078,-398.0909729003906,0.0,0.0,0.0,0,0,9830,60000,1
142867.307,2.0642952919006348,2.1848537921905518,0.564139187335968,1.5830579996109009,-1.672603726387024,-2.291624069213867,85.21089172363281,-79.14057159423828,6.3863139152526855,390.6470947265625,-49.6003532409668,49.473018646240234,0.0,0.0,0.0,0,0,46465,60000,1
142877.442,2.0784080028533936,2.164064407348633,0.5391252040863037,1.5592957735061646,-1.7454825639724731,-2.3053998947143555,84.31024932861328,-80.80763244628906,1.3779066801071167,299.32720947265625,-34.5181770324707,179.4475555419922,0.0,0.0,0.0,0,0,10440,60000,1
142887.113,2.093780517578125,2.14096736907959,0.511566162109375,1.5233287811279297,-1.7489778995513916,-2.3169870376586914,86.56336212158203,-80.6792984008789,-0.30033716559410095,226.26341247558594,-32.412357330322266,375.4596862792969,0.0,0.0,0.0,37672,0,65535,60000,1
142897.25,2.1073827743530273,2.119412899017334,0.48614203929901123,1.4923107624053955,-1.7418863773345947,-2.334134578704834,90.14439392089844,-76.1143569946289,0.5487280488014221,207.74298095703125,-69.90412902832031,212.46054077148438,0.0,0.0,0.0,0,0,9830,60000,1
142906.94,2.120682716369629,2.0973639488220215,0.46038851141929626,1.45548415184021,-1.7621229887008667,-2.3509833812713623,90.68070983886719,-72.26154327392578,-1.3685429096221924,211.0854034423828,-114.09327697753906,304.5021667480469,0.0,0.0,0.0,28594,0,65535,60000,1
142917.074,2.1342923641204834,2.0773425102233887,0.43553853034973145,1.413717269897461,-1.790124773979187,-2.363476037979126,90.41693878173828,-68.92910766601562,-3.8892738819122314,125.71434020996094,-159.8999786376953,38.77458190917969,0.0,0.0,0.0,60835,35184,43252,60000,1
142926.755,2.146442413330078,2.055215358734131,0.40986400842666626,1.364849328994751,-1.7973989248275757,-2.374791145324707,88.53923797607422,-68.67695617675781,-7.928982734680176,183.72805786132812,-42.30360412597656,-305.7528076171875,0.0,0.0,0.0,21932,0,65535,60000,1
142936.881,2.1582722663879395,2.032536029815674,0.3836665153503418,1.311109185218811,-1.8337756395339966,-2.386260509490967,87.71931457519531,-67.40084838867188,-10.410552024841309,160.6265869140625,-99.82600402832031,-17.795469284057617,0.0,0.0,0.0,65535,26077,65535,60000,1
142946.572,2.1698920726776123,2.0093634128570557,0.35739555954933167,1.263697862625122,-1.8296878337860107,-2.395271062850952,87.85379028320312,-68.01211547851562,-12.455074310302734,-115.46138763427734,5.816037178039551,73.33714294433594,0.0,0.0,0.0,65535,41411,65535,36706,1
142956.698,2.1807782649993896,1.9850174188613892,0.33092132210731506,1.1740984916687012,-2.0322482585906982,-2.4006426334381104,87.52644348144531,-68.14179992675781,-13.284622192382812,-148.5968475341797,-169.38465881347656,340.6264343261719,0.0,0.0,0.0,59875,60000,65535,20960,1
142966.38,2.191411256790161,1.9614951610565186,0.305605411529541,1.1003594398498535,-2.1614468097686768,-2.4047725200653076,84.77291870117188,-66.55842590332031,-15.072257995605469,-359.90765380859375,-135.33604431152344,340.88519287109375,0.0,0.0,0.0,44590,60000,45153,3207,1
142976.523,2.200709819793701,1.9339359998703003,0.27882978320121765,1.0258601903915405,-2.3102259635925293,-2.4090752601623535,79.71015167236328,-65.13138580322266,-18.09259605407715,-302.5995178222656,-143.90892028808594,47.8161735534668,0.0,0.0,0.0,10565,60000,9830,0,1
142986.207,2.208569288253784,1.9060683250427246,0.25253400206565857,0.9650719165802002,-2.377873182296753,-2.4213638305664062,75.26659393310547,-61.76115036010742,-19.116939544677734,-179.66416931152344,-208.4001007080078,7.122124195098877,0.0,0.0,0.0,0,60000,9830,8791,1
142996.333,2.215880870819092,1.8775144815444946,0.2260863035917282,0.9083152413368225,-2.3627843856811523,-2.4349427223205566,69.22002410888672,-62.35115432739258,-23.541290283203125,-269.2290344238281,7.9727373123168945,57.001991271972656,0.0,0.0,0.0,55721,60000,9830,0,1
143006.014,2.2224323749542236,1.8485482931137085,0.1994052678346634,0.8503626585006714,-2.4090137481689453,-2.4351091384887695,65.8802719116211,-60.88093566894531,-25.017166137695312,-245.87779235839844,12.329009056091309,-18.481752395629883,0.0,0.0,0.0,58866,60000,65535,2059,1
143016.146,2.2295374870300293,1.8219106197357178,0.17378868162631989,0.7976124882698059,-2.443638324737549,-2.426567554473877,64.46878814697266,-59.888099670410156,-23.605300903320312,57.67523193359375,-17.749828338623047,-162.49571228027344,0.0,0.0,0.0,57346,60000,65535,12375,1
143025.845,2.234961748123169,1.7909339666366577,0.1472712755203247,0.743240475654602,-2.5958046913146973,-2.397926092147827,65.24249267578125,-58.86210250854492,-22.101964950561523,468.5096740722656,550.1486206054688,-46.86783218383789,-32375.0,32767.0,5150.0,57346,60000,65535,12375,1
143035.97,2.239561080932617,1.7596126794815063,0.12174379825592041,0.6887819766998291,-2.704796075820923,-2.378999710083008,68.88133239746094,-61.14431381225586,-19.90105438232422,804.6591796875,739.0465087890625,-413.82318115234375,-32767.0,32767.0,6283.0,57346,60000,65535,12375,1
143045.651,2.243907928466797,1.7275131940841675,0.09675351530313492,0.6312287449836731,-2.7144126892089844,-2.3951876163482666,87.350830078125,-62.904754638671875,-6.32814359664917,625.722412109375,742.7052612304688,-262.22479248046875,-32767.0,32767.0,15399.0,57346,60000,65535,12375,1
143055.794,2.2481698989868164,1.6954855918884277,0.07208472490310669,0.604038655757904,-2.694786787033081,-2.4331228733062744,113.58975219726562,-67.03063201904297,14.668682098388672,794.9179077148438,631.78759765625,-433.8780517578125,-32767.0,32767.0,32767.0,57346,60000,65535,12375,1
143065.476,2.2532126903533936,1.666490912437439,0.04761219024658203,0.5770963430404663,-2.6606197357177734,-2.4491946697235107,135.99978637695312,-64.92479705810547,31.910858154296875,1208.5404052734375,208.35726928710938,-343.0310363769531,-32767.0,32767.0,32767.0,57346,60000,65535,12375,1
143075.624,2.2579946517944336,1.6376972198486328,0.024748913943767548,0.7667670249938965,-2.1528241634368896,-2.2827460765838623,164.73716735839844,-66.30621337890625,53.03592300415039,977.0687255859375,31.367219924926758,47.662845611572266,-32767.0,32767.0,32767.0,57346,60000,65535,12375,1
143085.286,2.266180992126465,1.6179256439208984,0.007818236947059631,1.2896885871887207,-1.3699102401733398,-1.8895576000213623,175.56117248535156,-66.57503509521484,51.99212646484375,486.4019470214844,-292.2065734863281,1289.19921875,-32767.0,32767.0,32767.0,57346,60000,65535,12375,1
143095.419,2.278825044631958,1.6029022932052612,-0.004838601220399141,1.4702560901641846,-1.210403323173523,-1.812355399131775,159.42112731933594,-64.8585433959961,25.45742416381836,343.22357177734375,-47.317710876464844,-739.3756103515625,-32767.0,32154.0,32767.0,57346,60000,65535,12375,1
143105.11,2.2923743724823,1.5886772871017456,-0.01577630825340748,1.369612455368042,-1.2671669721603394,-1.8666627407073975,153.96597290039062,-64.0376968383789,14.203485488891602,209.39706420898438,-117.7195053100586,-1306.54638671875,-32767.0,25302.0,32767.0,57346,60000,65535,12375,1
143115.235,2.30478835105896,1.5750547647476196,-0.0308085847645998,1.1722768545150757,-1.3883112668991089,-1.9804444313049316,169.10401916503906,-66.5689926147461,28.174718856811523,153.63694763183594,-98.27249908447266,-1453.032470703125,-32767.0,32767.0,32767.0,57346,60000,65535,12375,1
143124.924,2.314643621444702,1.560693383216858,-0.04153123497962952,1.0447841882705688,-1.4702985286712646,-2.0840086936950684,-160.6909637451172,-67.43505859375,59.40433883666992,11.138514518737793,130.6462860107422,-1161.600341796875,32767.0,32767.0,32767.0,57346,60000,65535,12375,1
143135.066,2.3224353790283203,1.5477007627487183,-0.050407081842422485,1.0093414783477783,-1.4743163585662842,-2.140733480453491,-137.51669311523438,-61.69853591918945,84.56742095947266,-258.0930480957031,123.338623046875,-662.1166381835938,32767.0,28356.0,32767.0,57346,60000,65535,12375,1
143144.749,2.329252243041992,1.5354574918746948,-0.05840630829334259,0.9347147941589355,-1.4886894226074219,-2.1886649131774902,-130.75344848632812,-55.347206115722656,93.26962280273438,-479.52447509765625,222.1207733154297,646.2243041992188,32767.0,17557.0,32767.0,57346,60000,65535,12375,1
143154.871,2.335097312927246,1.5240129232406616,-0.06530316919088364,0.8781019449234009,-1.4802289009094238,-2.219529867172241,-133.44110107421875,-51.61993408203125,94.99435424804688,-329.1229553222656,130.26107788085938,523.619873046875,32767.0,17583.0,32767.0,57346,60000,65535,12375,1
143164.56,2.3417272567749023,1.5111489295959473,-0.0797504335641861,0.8278191685676575,-1.5076260566711426,-2.307089328765869,-147.92897033691406,-55.264312744140625,81.51935577392578,-289.85943603515625,-2.5414669513702393,406.2462158203125,32767.0,32668.0,32767.0,57346,60000,65535,12375,1
143174.687,2.3442044258117676,1.498395562171936,-0.08580715954303741,0.6157856583595276,-1.684643030166626,-2.477741241455078,-162.53390502929688,-58.85005569458008,67.46968078613281,-60.719032287597656,87.1032943725586,518.2294311523438,32767.0,32767.0,32767.0,57346,60000,65535,12375,1
143184.386,2.3444509506225586,1.4853289127349854,-0.09171087294816971,0.44285261631011963,-1.8114955425262451,-2.590733289718628,-175.0150604248047,-60.463829040527344,55.80921173095703,-73.81800079345703,61.08194351196289,256.39404296875,32767.0,32767.0,32767.0,57346,60000,65535,12375,1
143194.503,2.3440661430358887,1.4725594520568848,-0.09858502447605133,0.3623201549053192,-1.81681227684021,-2.6049249172210693,-179.8968048095703,-60.372352600097656,51.07693862915039,-144.90171813964844,72.91795349121094,-115.1181411743164,32767.0,26411.0,32767.0,57346,60000,65535,12375,1
143204.184,2.342571496963501,1.4597958326339722,-0.10490882396697998,0.2711983025074005,-1.8383564949035645,-2.6283318996429443,175.85108947753906,-60.01152801513672,48.41841506958008,67.8318862915039,92.43187713623047,-747.2745971679688,-32767.0,22696.0,15238.0,57346,60000,65535,12375,1
143214.319,2.3403842449188232,1.4265878200531006,-0.13672849535942078,0.07636863738298416,-1.9582750797271729,-2.7610669136047363,-174.81553649902344,-58.87930679321289,59.05120849609375,160.87179565429688,16.486398696899414,-21.42080307006836,-32767.0,19935.0,-5358.0,57346,60000,65535,12375,1
143224.01,2.337376594543457,1.429071307182312,-0.12525202333927155,0.06567607074975967,-1.940320372581482,-2.730703592300415,-175.70578002929688,-59.13217544555664,58.12563705444336,63.15850067138672,-9.53836441040039,397.8745422363281,32767.0,17911.0,-15921.0,57346,60000,65535,12375,1
143234.142,2.333448886871338,1.4164782762527466,-0.13109590113162994,-0.018798576667904854,-1.9624662399291992,-2.755614995956421,-177.32827758789062,-60.146034240722656,55.217994689941406,-6.245616436004639,-67.08081817626953,364.9803466796875,32767.0,18914.0,-22347.0,57346,60000,65535,12375,1
143243.814,2.3281142711639404,1.4010080099105835,-0.1402442753314972,-0.19172392785549164,-2.1146841049194336,-2.875296115875244,169.90675354003906,-61.33274459838867,40.931156158447266,-39.60844039916992,-58.15060806274414,-549.3480834960938,-32767.0,20920.0,-32767.0,57346,60000,65535,12375,1
143253.955,2.322065591812134,1.3871499300003052,-0.14756035804748535,-0.25286832451820374,-2.099761724472046,-2.8636157512664795,169.58522033691406,-62.638450622558594,40.69321823120117,-204.3243408203125,64.26252746582031,83.2245864868164,-32767.0,24900.0,-32767.0,57346,60000,65535,12375,1
143263.643,2.315607786178589,1.3734755516052246,-0.15492144227027893,-0.28733357787132263,-2.0562562942504883,-2.830462694168091,172.6236114501953,-62.882877349853516,45.00627899169922,67.56795501708984,-66.626953125,727.3737182617188,-32767.0,27424.0,-32767.0,57346,60000,65535,12375,1
143273.768,2.3105199337005615,1.356321096420288,-0.17286363244056702,-0.3868222236633301,-2.1366350650787354,-2.8996219635009766,165.3297119140625,-61.848453521728516,38.0419921875,72.76315307617188,45.845340728759766,794.67822265625,-32767.0,20425.0,-32767.0,57346,60000,65535,12375,1
143283.459,2.303105592727661,1.3429456949234009,-0.1798073649406433,-0.4602922797203064,-2.157550811767578,-2.9116785526275635,155.07125854492188,-61.157020568847656,25.332487106323242,-266.02142333984375,500.8429260253906,287.7866516113281,-32767.0,20949.0,-32767.0,57346,60000,65535,12375,1
143293.582,2.295473337173462,1.3292899131774902,-0.1874232143163681,-0.4852777421474457,-2.1113388538360596,-2.9182517528533936,141.23143005371094,-53.8611946105957,10.257466316223145,22.758445739746094,500.514404296875,-350.35894775390625,-32767.0,13751.0,-32767.0,57346,60000,65535,12375,1
143303.273,2.2877626419067383,1.3159977197647095,-0.1957937628030777,-0.5017014741897583,-2.052666187286377,-2.8789775371551514,149.3261260986328,-54.02862548828125,21.940410614013672,-54.007476806640625,775.6429443359375,-772.7730102539062,-32767.0,25393.0,-32767.0,57346,60000,65535,12375,1
143313.399,2.2816429138183594,1.3002032041549683,-0.2140471488237381,-0.43828240036964417,-1.9459643363952637,-2.8304543495178223,166.4871826171875,-53.04804992675781,42.60912322998047,-261.059326171875,338.9129333496094,216.46559143066406,-32767.0,32767.0,-32767.0,57346,60000,65535,12375,1
143323.082,2.274864912033081,1.2894606590270996,-0.2215624898672104,-0.3523672819137573,-1.7636609077453613,-2.668449878692627,174.14804077148438,-47.4714469909668,55.66667556762695,-265.82965087890625,282.7718200683594,380.46881103515625,-32767.0,25159.0,-32767.0,57346,60000,65535,12375,1
143333.225,2.270101308822632,1.2838581800460815,-0.22328688204288483,-0.12497134506702423,-1.1558635234832764,-2.093346357345581,167.9509735107422,-44.465152740478516,50.2213249206543,-266.6724853515625,328.4593811035156,964.3651123046875,-32767.0,10634.0,-32767.0,57346,60000,65535,12375,1
143342.908,2.2666327953338623,1.2822175025939941,-0.22114437818527222,-0.07974925637245178,-0.9779819250106812,-1.9931491613388062,160.1199188232422,-40.90986633300781,42.51065444946289,-288.01593017578125,152.92459106445312,297.8606262207031,-32767.0,3908.0,-14778.0,57346,60000,65535,12375,1
143353.031,2.263202428817749,1.2806483507156372,-0.21985428035259247,-0.12145887315273285,-1.1308008432388306,-2.2530438899993896,151.3444366455078,-35.72116470336914,32.84529113769531,12.64836597442627,223.94271850585938,-990.0807495117188,-32767.0,-6797.0,-7111.0,57346,60000,65535,12375,1
143362.713,2.260822057723999,1.2734169960021973,-0.23201559484004974,-0.16071036458015442,-1.2744961977005005,-2.467552423477173,150.6671142578125,-34.913108825683594,34.51675796508789,-51.840328216552734,459.72369384765625,-1069.191650390625,-32767.0,4450.0,-7486.0,57346,60000,65535,12375,1
143372.859,2.2573893070220947,1.2703208923339844,-0.2343112826347351,-0.1512104570865631,-1.217185139656067,-2.471579074859619,157.56442260742188,-36.013397216796875,46.320255279541016,-82.39009857177734,353.5907897949219,31.36418914794922,-32767.0,22986.0,-3827.0,57346,60000,65535,12375,1
143382.543,2.2541558742523193,1.267490029335022,-0.23687592148780823,-0.14345894753932953,-1.197257161140442,-2.5124175548553467,160.0036163330078,-34.02791976928711,52.02879333496094,20.75775146484375,314.2210998535156,353.7185363769531,-32767.0,19037.0,6034.0,57346,60000,65535,12375,1
143392.666,2.251237392425537,1.2653309106826782,-0.2386539876461029,-0.13368350267410278,-1.173970341682434,-2.563608407974243,158.73660278320312,-30.9177303314209,50.44617462158203,-85.64446258544922,264.0412292480469,-371.087890625,-32767.0,6184.0,14387.0,57346,60000,65535,12375,1
143402.347,2.2487010955810547,1.2639193534851074,-0.2400583177804947,-0.11917555332183838,-1.0263192653656006,-2.4368231296539307,159.45327758789062,-29.512422561645508,52.18464660644531,-47.980812072753906,54.85739517211914,-910.605224609375,-32767.0,981.0,18516.0,57346,60000,65535,12375,1
143412.482,2.245933771133423,1.2639204263687134,-0.24001039564609528,-0.11381726711988449,-0.7921701669692993,-2.184314012527466,162.96641540527344,-31.254226684570312,61.33038330078125,-221.15560913085938,182.34205627441406,-1200.5657958984375,-32767.0,6423.0,23202.0,57346,60000,65535,12375,1
143422.172,2.244127035140991,1.261173963546753,-0.24927780032157898,-0.11774137616157532,-0.6626672148704529,-2.0791351795196533,168.71710205078125,-33.356388092041016,73.15032196044922,-153.77496337890625,142.4901123046875,-539.64208984375,-32767.0,18213.0,32212.0,57346,60000,65535,12375,1
143432.303,2.2414069175720215,1.263488531112671,-0.24626576900482178,-0.10465866327285767,-0.563735842704773,-2.0025765895843506,172.17990112304688,-32.773773193359375,83.36173248291016,-85.33428955078125,134.29405212402344,-366.9599914550781,-32767.0,14122.0,32767.0,57346,60000,65535,12375,1
143441.983,2.2392070293426514,1.2668527364730835,-0.24195058643817902,-0.08554539084434509,-0.48718056082725525,-1.958638310432434,173.7683868408203,-32.34550476074219,87.56254577636719,-46.90497589111328,82.80033111572266,-744.2515258789062,-32767.0,7723.0,32767.0,57346,60000,65535,12375,1
143452.114,2.2368855476379395,1.2702711820602417,-0.23767662048339844,-0.07368656247854233,-0.39740562438964844,-1.8866032361984253,175.7670135498047,-32.09611511230469,92.49938201904297,-122.33930206298828,227.40911865234375,-781.4717407226562,-32767.0,4837.0,32767.0,57346,60000,65535,12375,1
143461.805,2.234253406524658,1.2740187644958496,-0.23303496837615967,-0.0673346072435379,-0.3035450577735901,-1.8020838499069214,178.8966064453125,-31.49163055419922,99.3915786743164,-96.5406494140625,-56.3154296875,-812.1793823242188,-32767.0,4442.0,32767.0,57346,60000,65535,12375,1
143471.939,2.2325351238250732,1.2748440504074097,-0.23913928866386414,-0.07577219605445862,-0.2332707643508911,-1.7563937902450562,-175.15530395507812,-30.253047943115234,113.70507049560547,-119.06232452392578,46.4670524597168,-696.99951171875,32767.0,-1774.0,32767.0,57346,60000,65535,12375,1
143481.621,2.2297346591949463,1.2789357900619507,-0.23396389186382294,-0.06747397035360336,-0.1850619614124298,-1.7544655799865723,-169.69480895996094,-29.10822296142578,126.62654876708984,-237.13706970214844,-57.8609619140625,-243.77418518066406,32767.0,-4669.0,32767.0,57346,60000,65535,12375,1
143491.766,2.2270259857177734,1.2842999696731567,-0.22713430225849152,-0.09196201711893082,-0.02347419038414955,-1.5243464708328247,-169.83151245117188,-28.4569091796875,130.4207305908203,-16.898956298828125,105.84231567382812,-33.35431671142578,32767.0,-5128.0,32767.0,57346,60000,65535,12375,1
143501.444,2.2240254878997803,1.2902976274490356,-0.21922118961811066,-0.09646137058734894,0.061971332877874374,-1.4246034622192383,-171.04556274414062,-28.35468101501465,131.6365966796875,161.98626708984375,-13.470436096191406,-403.9149169921875,32767.0,-1693.0,32767.0,57346,60000,65535,12375,1
143511.574,2.220613479614258,1.2959448099136353,-0.21145901083946228,-0.08552099764347076,0.08773315697908401,-1.4327811002731323,-167.85704040527344,-27.352821350097656,136.33111572265625,-100.96969604492188,76.39905548095703,-535.520751953125,32767.0,-4253.0,32767.0,57346,60000,65535,12375,1
143521.245,2.217050313949585,1.3012028932571411,-0.20404164493083954,-0.09234999120235443,0.14748068153858185,-1.3695963621139526,-165.4911346435547,-26.539630889892578,140.76431274414062,93.11437225341797,-70.36641693115234,-614.3336181640625,32767.0,-6419.0,32767.0,57346,60000,65535,12375,1
143531.392,2.2147586345672607,1.30512273311615,-0.20650795102119446,-0.11320628970861435,0.21876373887062073,-1.2890115976333618,-163.15020751953125,-25.08415985107422,148.50225830078125,74.50929260253906,-37.341552734375,-654.5421752929688,32767.0,-11393.0,32767.0,57346,60000,65535,12375,1
143541.071,2.210455894470215,1.311343789100647,-0.19727098941802979,-0.1371230185031891,0.2905428111553192,-1.2104344367980957,-158.49351501464844,-23.049482345581055,157.51858520507812,25.08054542541504,-67.48343658447266,179.8337860107422,32767.0,-14883.0,32767.0,57346,60000,65535,12375,1
143551.196,2.207205295562744,1.3165884017944336,-0.19768518209457397,-0.17422179877758026,0.39424359798431396,-1.073370337486267,-156.603271484375,-21.77957534790039,162.4076690673828,189.5973358154297,30.751943588256836,-523.487060546875,32767.0,-12977.0,32767.0,57346,60000,65535,12375,1
143560.877,2.205414295196533,1.3206453323364258,-0.20870664715766907,-0.16802462935447693,0.4035094678401947,-1.1130613088607788,-155.22698974609375,-22.02229118347168,162.8267059326172,130.5380859375,-22.40725326538086,-756.2312622070312,32767.0,-2165.0,32767.0,57346,60000,65535,12375,1
143571.021,2.2036941051483154,1.3247798681259155,-0.2201606035232544,-0.16217488050460815,0.41076749563217163,-1.161927342414856,-152.16433715820312,-19.42447853088379,166.66416931152344,89.82024383544922,-70.38956451416016,-259.106689453125,32767.0,-5960.0,32767.0,57346,60000,65535,12375,1
143580.703,2.2019801139831543,1.3291574716567993,-0.23183926939964294,-0.17452777922153473,0.45764920115470886,-1.1607426404953003,-149.2376251220703,-16.520998001098633,174.0038604736328,260.8570251464844,70.3511734008789,-246.32135009765625,32767.0,-10269.0,32767.0,57346,60000,65535,12375,1
143590.829,2.2002463340759277,1.333701729774475,-0.24398699402809143,-0.1615796685218811,0.4385376572608948,-1.2539712190628052,-146.15855407714844,-13.859283447265625,177.62039184570312,-19.065290451049805,10.200432777404785,489.7377014160156,32767.0,-9127.0,32767.0,57346,60000,65535,12375,1
143600.51,2.1959166526794434,1.342193603515625,-0.23778654634952545,-0.21570254862308502,0.6262571811676025,-1.0174614191055298,-144.9707489013672,-12.943593978881836,178.62413024902344,77.25018310546875,77.94247436523438,184.03163146972656,32767.0,-2623.0,32767.0,57346,60000,65535,12375,1
143610.648,2.1994049549102783,1.3659940958023071,-0.19634594023227692,-0.09788474440574646,0.7114981412887573,-0.9265126585960388,-142.39816284179688,-9.99496078491211,176.88868713378906,169.6266326904297,87.808837890625,-122.23979187011719,32767.0,4376.0,32767.0,57346,60000,65535,12375,1
143620.344,2.2018816471099854,1.3699078559875488,-0.16844798624515533,-0.04803366959095001,0.7485758662223816,-0.8347194790840149,-141.40931701660156,-8.924315452575684,176.3491973876953,7.776334285736084,88.89541625976562,-476.6883850097656,32767.0,-881.0,32767.0,57346,60000,65535,12375,1
143630.469,2.2032270431518555,1.3840668201446533,-0.1273435652256012,0.027077024802565575,0.8412761092185974,-0.7181662917137146,-139.10401916503906,-4.188615322113037,177.63351440429688,124.96022033691406,19.987010955810547,75.9400405883789,32767.0,-10325.0,32767.0,57346,60000,65535,12375,1
143640.142,2.2039899826049805,1.3952702283859253,-0.11011829227209091,0.06294351071119308,1.0018683671951294,-0.5664253830909729,-138.17489624023438,-3.9164907932281494,175.9698944091797,-16.181419372558594,3.411205291748047,826.4443969726562,32767.0,-4910.0,32767.0,57346,60000,65535,12375,1
143650.288,2.204618215560913,1.4054925441741943,-0.11604665964841843,0.06646331399679184,1.0280989408493042,-0.6101401448249817,-137.12828063964844,-6.214958190917969,172.8167724609375,-66.44109344482422,121.32624816894531,1126.497314453125,32767.0,9633.0,32767.0,57346,60000,65535,12375,1
143659.968,2.2059988975524902,1.4133992195129395,-0.0867946594953537,0.12336648255586624,1.0657438039779663,-0.5381327867507935,-138.60121154785156,-9.13368034362793,166.51231384277344,157.03575134277344,244.9274444580078,-200.26292419433594,32767.0,25791.0,32767.0,57346,60000,65535,12375,1
143670.103,2.207277297973633,1.4248353242874146,-0.0918068140745163,0.146691232919693,1.205841302871704,-0.45383110642433167,-138.23117065429688,-10.173811912536621,162.43145751953125,-119.33973693847656,190.22732543945312,-123.8201675415039,32767.0,24655.0,32767.0,57346,60000,65535,12375,1
143679.774,2.208739995956421,1.4368560314178467,-0.09687657654285431,0.15052400529384613,1.1786338090896606,-0.5470762848854065,-138.60769653320312,-9.399524688720703,159.78753662109375,-55.326717376708984,158.8431854248047,-263.1356506347656,32767.0,15261.0,32767.0,57346,60000,65535,12375,1
143689.92,2.2102856636047363,1.4488788843154907,-0.10257378220558167,0.16352634131908417,1.2047845125198364,-0.5775253772735596,-139.9731903076172,-7.806447505950928,159.67274475097656,259.5438537597656,207.05677795410156,166.63601684570312,32767.0,7808.0,32767.0,57346,60000,65535,12375,1
143699.6,2.207868814468384,1.4543452262878418,-0.09497106820344925,0.1629360318183899,1.1902830600738525,-0.5722569227218628,-139.76918029785156,-4.699137210845947,159.49423217773438,159.56532287597656,82.72337341308594,-139.41856384277344,32767.0,-45.0,32767.0,57346,60000,65535,12375,1
143709.729,2.201359272003174,1.4536573886871338,-0.07506617903709412,0.18296320736408234,1.2457023859024048,-0.40957239270210266,-138.73977661132812,-2.429499864578247,159.4681854248047,143.9381866455078,90.96878814697266,-181.13690185546875,32767.0,-4935.0,28073.0,57346,60000,65535,12375,1
143719.41,2.203181743621826,1.4660919904708862,-0.07967924326658249,0.1858711838722229,1.2188793420791626,-0.5021729469299316,-137.50833129882812,-2.938593864440918,157.1352996826172,2.8573155403137207,34.40431594848633,-229.54344177246094,32767.0,-321.0,23117.0,57346,60000,65535,12375,1
143729.543,2.2052032947540283,1.4787362813949585,-0.08466500043869019,0.22428420186042786,1.2880034446716309,-0.48403501510620117,-136.76121520996094,-2.968660354614258,156.30731201171875,-77.15687561035156,27.78995704650879,147.2608642578125,32767.0,2190.0,17887.0,57346,60000,65535,12375,1
143739.25,2.1992413997650146,1.4730808734893799,-0.06420786678791046,0.22312599420547485,1.243975281715393,-0.4212687015533447,-138.15736389160156,0.2599606215953827,158.07774353027344,-121.74057006835938,-109.58370971679688,-372.55255126953125,32767.0,-8515.0,16426.0,57346,60000,65535,12375,1
143749.361,2.194902181625366,1.4689252376556396,-0.04732780158519745,0.22599175572395325,1.1982433795928955,-0.3804037570953369,-140.45968627929688,-1.053647756576538,156.27352905273438,144.95968627929688,-50.06166076660156,-2.748746395111084,32767.0,-6109.0,14834.0,57346,60000,65535,12375,1
143759.042,2.194352388381958,1.4726911783218384,-0.04184064269065857,0.2342885434627533,1.1808573007583618,-0.38799574971199036,-140.44973754882812,-1.8158257007598877,156.4286651611328,234.0468292236328,-40.00495910644531,348.4420166015625,32767.0,-3194.0,14592.0,57346,60000,65535,12375,1
143769.182,2.1969308853149414,1.4851020574569702,-0.04542889818549156,0.28309959173202515,1.2856701612472534,-0.3252605199813843,-138.27919006347656,-3.3230762481689453,155.83343505859375,233.84434509277344,-10.255938529968262,-70.68511199951172,32767.0,766.0,15372.0,57346,60000,65535,12375,1
143778.879,2.196455478668213,1.4884322881698608,-0.03888864070177078,0.2911853790283203,1.2700309753417969,-0.3289299011230469,-136.65628051757812,-3.994128465652466,155.86651611328125,-131.19859313964844,40.69652557373047,-581.729248046875,32767.0,2418.0,14632.0,57346,60000,65535,12375,1
143788.999,2.1930322647094727,1.4814786911010742,-0.0245763398706913,0.25733256340026855,1.1380791664123535,-0.4069075286388397,-137.54443359375,-0.5565823912620544,159.1076202392578,-197.55767822265625,-29.271108627319336,-618.1737060546875,32767.0,-8522.0,13996.0,57346,60000,65535,12375,1
143798.671,2.1905224323272705,1.4757006168365479,-0.012468216009438038,0.2914087772369385,1.1921974420547485,-0.2788439691066742,-139.7576904296875,2.822486400604248,161.98117065429688,-416.06842041015625,0.33824363350868225,708.2715454101562,32767.0,-18001.0,15510.0,57346,60000,65535,12375,1
143808.807,2.1882708072662354,1.4707322120666504,-0.0012638072948902845,0.3016666769981384,1.1737416982650757,-0.2337757796049118,-143.84315490722656,2.4627506732940674,161.3083038330078,17.85617446899414,-11.786142349243164,125.65031433105469,32767.0,-11523.0,20652.0,57346,60000,65535,12375,1
143818.497,2.1911938190460205,1.482238531112671,-0.004432353191077709,0.2868272066116333,1.1145410537719727,-0.39599061012268066,-145.90211486816406,-0.6220700144767761,157.35281372070312,-16.72006607055664,51.54853820800781,174.39456176757812,32767.0,3576.0,23032.0,57346,60000,65535,12375,1
143828.627,2.1942343711853027,1.4938163757324219,-0.008195295929908752,0.3219458758831024,1.1806000471115112,-0.3471923768520355,-145.95176696777344,-1.2977796792984009,155.6716766357422,105.36091613769531,71.04251098632812,-487.0851745605469,32767.0,6008.0,22568.0,57346,60000,65535,12375,1
143838.314,2.194153308868408,1.49454665184021,-0.00336821679957211,0.3499314486980438,1.213050365447998,-0.2625908851623535,-145.99807739257812,0.6018269062042236,157.76792907714844,-312.25543212890625,42.921119689941406,-597.0249633789062,32767.0,-2628.0,20804.0,57346,60000,65535,12375,1
143848.439,2.1976497173309326,1.506670594215393,-0.006495247595012188,0.34492605924606323,1.1938804388046265,-0.35626840591430664,-146.3949737548828,3.316060781478882,160.19776916503906,-83.76356506347656,64.81810760498047,-188.42491149902344,32767.0,-12627.0,19611.0,57346,60000,65535,12375,1
143858.132,2.1979362964630127,1.5053437948226929,-0.002469821600243449,0.35304680466651917,1.1762547492980957,-0.34032148122787476,-150.01693725585938,4.795687198638916,162.0186004638672,-16.501657485961914,57.17085266113281,-275.15972900390625,32767.0,-12166.0,19873.0,57346,60000,65535,12375,1
143868.255,2.201610803604126,1.517398476600647,-0.005806851200759411,0.3779308795928955,1.2165322303771973,-0.32116326689720154,-149.70123291015625,7.445197582244873,164.2071075439453,-181.077880859375,-98.08085632324219,149.63755798339844,32767.0,-15709.0,22271.0,57346,60000,65535,12375,1
143877.936,2.2012295722961426,1.5137953758239746,-0.0005168102798052132,0.3858312964439392,1.1865086555480957,-0.29694390296936035,-151.6915740966797,7.101347923278809,163.13414001464844,162.38157653808594,61.27666473388672,-164.54266357421875,32767.0,-12406.0,24825.0,57346,60000,65535,12375,1
143888.081,2.19771409034729,1.497305989265442,0.011637299321591854,0.3806830942630768,1.1054133176803589,-0.2686452567577362,-152.93679809570312,7.725584030151367,163.8614044189453,107.2741470336914,19.266828536987305,-304.9665222167969,32767.0,-10299.0,26259.0,57346,60000,65535,12375,1
143897.762,2.1951115131378174,1.4841231107711792,0.021677706390619278,0.38610532879829407,1.0542932748794556,-0.22079676389694214,-153.07069396972656,9.365202903747559,165.90023803710938,-39.2568244934082,-24.61345863342285,-147.56561279296875,32767.0,-15751.0,27684.0,57346,60000,65535,12375,1
143907.887,2.194049596786499,1.4734727144241333,0.029907366260886192,0.367348313331604,0.9754730463027954,-0.27031099796295166,-154.52171325683594,10.384969711303711,169.1406707763672,162.8077850341797,36.63602828979492,-90.52783203125,32767.0,-18936.0,30665.0,57346,60000,65535,12375,1
143917.568,2.195390462875366,1.473426103591919,0.03204139322042465,0.3650205731391907,0.9546677470207214,-0.291708379983902,-155.5065460205078,11.535116195678711,172.60438537597656,139.7607879638672,-36.850643157958984,-476.16912841796875,32767.0,-19055.0,32767.0,57346,60000,65535,12375,1
143927.704,2.194960117340088,1.4655632972717285,0.03870980814099312,0.40898603200912476,0.9997652769088745,-0.10448875278234482,-155.24166870117188,12.843770027160645,175.6580047607422,73.88249206542969,-10.472606658935547,212.4404754638672,32767.0,-20145.0,32767.0,57346,60000,65535,12375,1
143937.411,2.194411039352417,1.458342432975769,0.04433642700314522,0.3550449013710022,0.8729497790336609,-0.29501181840896606,-154.76480102539062,11.811477661132812,173.96409606933594,88.16136169433594,-12.9026517868042,-26.92194366455078,32767.0,-13758.0,32767.0,57346,60000,65535,12375,1
143947.52,2.1938650608062744,1.4516265392303467,0.04787025228142738,0.3362925946712494,0.8156724572181702,-0.3550640344619751,-155.12481689453125,11.979915618896484,174.35923767089844,85.57650756835938,-32.03562545776367,-412.3361511230469,32767.0,-13109.0,32767.0,57346,60000,65535,12375,1
143957.201,2.193577289581299,1.4465676546096802,0.051716819405555725,0.387187659740448,0.892626941204071,-0.14047646522521973,-155.4740753173828,13.13553237915039,177.49282836914062,13.377108573913574,-67.02464294433594,-683.12353515625,32767.0,-19156.0,32767.0,57346,60000,65535,12375,1
143967.336,2.1973254680633545,1.4512362480163574,0.053084596991539,0.3291264772415161,0.7845755219459534,-0.3924471437931061,-156.52694702148438,14.919403076171875,-175.7171173095703,121.06377410888672,31.650779724121094,-573.6153564453125,32767.0,-21421.0,32767.0,57346,60000,65535,12375,1
143977.027,2.1954216957092285,1.4450535774230957,0.05564357340335846,0.32378706336021423,0.7634536623954773,-0.3905490040779114,-156.7933807373047,14.90050220489502,-175.65321350097656,107.21284484863281,14.01760196685791,97.59278106689453,32767.0,-19300.0,32767.0,57346,60000,65535,12375,1
143987.161,2.1948978900909424,1.4409595727920532,0.05780060961842537,0.3552345633506775,0.8274129033088684,-0.22714446485042572,-156.815185546875,16.270021438598633,-172.65841674804688,161.75741577148438,107.26896667480469,10.173529624938965,32767.0,-18608.0,32767.0,57346,60000,65535,12375,1
143996.834,2.1952462196350098,1.4392459392547607,0.06039556860923767,0.37184014916419983,0.8602144718170166,-0.14392483234405518,-155.88670349121094,17.327817916870117,-172.1851043701172,-84.8951416015625,-19.458126068115234,-138.81784057617188,32767.0,-18367.0,32767.0,57346,60000,65535,12375,1
144006.975,2.195270538330078,1.4370441436767578,0.06256081908941269,0.3305496275424957,0.7727276086807251,-0.29755932092666626,-156.0631103515625,17.06084442138672,-172.99493408203125,-131.03675842285156,22.2432804107666,-53.04471206665039,32767.0,-17206.0,32767.0,57346,60000,65535,12375,1
144016.669,2.195230484008789,1.4347690343856812,0.06375306844711304,0.330975204706192,0.7692488431930542,-0.284017413854599,-157.96383666992188,16.53349494934082,-172.98019409179688,133.6804656982422,-78.47589111328125,-385.1095886230469,32767.0,-15609.0,32767.0,57346,60000,65535,12375,1
144026.788,2.197082996368408,1.4377285242080688,0.06362297385931015,0.3532726466655731,0.8210888504981995,-0.18687574565410614,-159.87474060058594,17.41588592529297,-168.3013916015625,152.65121459960938,20.211505889892578,-238.9625244140625,32767.0,-19024.0,32767.0,57346,60000,65535,12375,1
144036.479,2.196941375732422,1.435445785522461,0.06477738916873932,0.3144558072090149,0.7361522316932678,-0.3394129276275635,-158.41064453125,17.474987030029297,-167.0886993408203,-125.58493041992188,12.559370994567871,510.7403869628906,32767.0,-16248.0,32767.0,57346,60000,65535,12375,1
144046.612,2.196882724761963,1.4333231449127197,0.06551289558410645,0.3317520320415497,0.7728390693664551,-0.24192608892917633,-158.90443420410156,17.977949142456055,-166.79318237304688,-61.56406784057617,-30.984878540039062,-275.5031433105469,32767.0,-15482.0,32767.0,57346,60000,65535,12375,1
144056.292,2.1971187591552734,1.4317491054534912,0.06689634174108505,0.3376616835594177,0.783733069896698,-0.19734224677085876,-159.4322967529297,18.02056884765625,-166.325439453125,-307.20880126953125,-10.928587913513184,880.0807495117188,32767.0,-14830.0,32767.0,57346,60000,65535,12375,1
144066.424,2.1974663734436035,1.4300730228424072,0.06790618598461151,0.3153061866760254,0.7353355288505554,-0.2840081453323364,-160.91241455078125,18.094608306884766,-166.82470703125,-301.1590576171875,-63.391239166259766,88.81411743164062,32767.0,-14913.0,32767.0,57346,60000,65535,12375,1
144076.099,2.1989612579345703,1.433083415031433,0.06742101162672043,0.3367213010787964,0.7660775184631348,-0.20616289973258972,-164.0439453125,17.045753479003906,-169.0095672607422,268.00799560546875,144.2962646484375,29.673812866210938,32767.0,-10895.0,32767.0,57346,60000,65535,12375,1
144086.234,2.1993725299835205,1.4313172101974487,0.06837940216064453,0.31747621297836304,0.7203282713890076,-0.2844410836696625,-164.53628540039062,17.650135040283203,-168.6900177001953,92.41583251953125,31.798080444335938,181.8336944580078,32767.0,-10793.0,32767.0,57346,60000,65535,12375,1
144095.927,2.199911117553711,1.4296971559524536,0.06912832707166672,0.33283600211143494,0.7289047241210938,-0.2298690527677536,-163.86871337890625,19.070768356323242,-165.13345336914062,-14.870160102844238,34.33354568481445,19.232385635375977,32767.0,-16246.0,32767.0,57346,60000,65535,12375,1
144106.05,2.2006261348724365,1.428131341934204,0.07001595199108124,0.33370086550712585,0.7126978635787964,-0.23639759421348572,-163.06890869140625,18.518905639648438,-167.72323608398438,-126.77786254882812,76.94939422607422,136.21754455566406,32767.0,-15008.0,32767.0,57346,60000,65535,12375,1
144115.732,2.2018399238586426,1.4297786951065063,0.06938537955284119,0.3312828540802002,0.698668897151947,-0.2551576793193817,-164.8421630859375,18.118364334106445,-167.55104064941406,-212.76695251464844,63.6341552734375,162.17958068847656,32767.0,-11372.0,32767.0,57346,60000,65535,12375,1
144125.87,2.202857255935669,1.4281941652297974,0.07014632970094681,0.3420725464820862,0.6897468566894531,-0.2312043458223343,-166.59893798828125,18.48761749267578,-168.1683807373047,-81.6243667602539,3.916980266571045,223.63121032714844,32767.0,-12569.0,32767.0,57346,60000,65535,12375,1
144135.561,2.2039670944213867,1.4266921281814575,0.07070322334766388,0.3342985212802887,0.6592187881469727,-0.2749442160129547,-169.07217407226562,18.512752532958984,-167.54995727539062,155.5107421875,79.66156005859375,-76.8873291015625,32767.0,-13484.0,32767.0,57346,60000,65535,12375,1
144145.685,2.2053771018981934,1.424591302871704,0.07196687906980515,0.3700833022594452,0.6668121814727783,-0.17147360742092133,-169.79832458496094,19.34564781188965,-164.90284729003906,173.7888946533203,36.94432830810547,202.05905151367188,32767.0,-14997.0,32767.0,57346,60000,65535,12375,1
144155.363,2.20703387260437,1.4226157665252686,0.07361222058534622,0.37369436025619507,0.6437509655952454,-0.17875492572784424,-168.51512145996094,19.49755096435547,-165.91896057128906,-92.7736587524414,-1.8581374883651733,137.43252563476562,32767.0,-15888.0,32767.0,57346,60000,65535,12375,1
144165.498,2.208610773086548,1.4207234382629395,0.07490843534469604,0.3767659366130829,0.6243100166320801,-0.18360114097595215,-168.6802520751953,19.518348693847656,-164.56871032714844,-199.4752960205078,-25.134689331054688,65.11280059814453,32767.0,-15541.0,32767.0,57346,60000,65535,12375,1
144175.189,2.211085796356201,1.4226833581924438,0.0738816112279892,0.35068804025650024,0.5924906730651855,-0.2954123914241791,-171.6947021484375,20.281333923339844,-160.6704864501953,39.087947845458984,29.99854278564453,-778.8900146484375,32767.0,-17223.0,32767.0,57346,60000,65535,12375,1
144185.314,2.2123594284057617,1.4203557968139648,0.07448329031467438,0.3979963958263397,0.6069718599319458,-0.15436185896396637,-173.1832275390625,20.436866760253906,-158.88731384277344,-81.0561752319336,24.751981735229492,-177.35646057128906,32767.0,-15596.0,32767.0,57346,60000,65535,12375,1
144195.001,2.2138240337371826,1.4182816743850708,0.07535939663648605,0.38136687874794006,0.5677999258041382,-0.2256096601486206,-173.66986083984375,21.24104881286621,-156.88999938964844,-45.91182327270508,-92.28340911865234,-232.63308715820312,32767.0,-18395.0,32767.0,57346,60000,65535,12375,1
144205.131,2.2151412963867188,1.4163873195648193,0.07615530490875244,0.406406968832016,0.56422358751297,-0.15575741231441498,-174.90184020996094,20.559072494506836,-156.00192260742188,160.7364501953125,15.014583587646484,-486.5595703125,32767.0,-16942.0,32767.0,57346,60000,65535,12375,1
144214.821,2.2165963649749756,1.4144645929336548,0.07733508944511414,0.41830769181251526,0.5523547530174255,-0.1275624781847,-175.07730102539062,20.6839656829834,-153.01675415039062,81.70581817626953,-63.124656677246094,-747.0029907226562,32767.0,-16368.0,32767.0,57346,60000,65535,12375,1
144224.947,2.2194154262542725,1.416043996810913,0.07704014331102371,0.4026300609111786,0.5283443331718445,-0.20410595834255219,-175.51255798339844,20.63471221923828,-148.28294372558594,25.203094482421875,-9.67032527923584,-1145.1771240234375,32767.0,-17115.0,32767.0,57346,60000,65535,12375,1
144234.628,2.2206485271453857,1.4137996435165405,0.07743951678276062,0.3967728018760681,0.5049422383308411,-0.2308552861213684,-177.4148406982422,20.271087646484375,-143.2069549560547,189.14366149902344,7.24622917175293,-212.07615661621094,32767.0,-16103.0,32767.0,57346,60000,65535,12375,1
144244.777,2.2216415405273438,1.4112210273742676,0.07794983685016632,0.4168318510055542,0.5068323016166687,-0.1535353660583496,-178.95733642578125,19.76993179321289,-137.68283081054688,142.35548400878906,19.898427963256836,-304.5504455566406,32767.0,-13293.0,32767.0,57346,60000,65535,12375,1
144254.452,2.222670555114746,1.4091618061065674,0.07901941984891891,0.4184226095676422,0.4938885271549225,-0.1482742577791214,179.92111206054688,19.70953941345215,-130.49937438964844,21.676679611206055,-25.09147834777832,-2.693084716796875,32767.0,-13171.0,32767.0,57346,60000,65535,12375,1
144264.588,2.223423719406128,1.4071180820465088,0.07988377660512924,0.4200493097305298,0.4807552695274353,-0.12856945395469666,-179.53065490722656,19.224369049072266,-130.9172821044922,53.638580322265625,1.506032109260559,-81.10138702392578,32767.0,-12997.0,32767.0,57346,60000,65535,12375,1
144274.258,2.2259483337402344,1.4083685874938965,0.07976023107767105,0.42320117354393005,0.4784499406814575,-0.11617136746644974,179.41619873046875,18.60340118408203,-127.75470733642578,148.31170654296875,-67.51522827148438,-390.66748046875,-32767.0,-9963.0,32767.0,57346,60000,65535,12375,1
144284.401,2.226548433303833,1.4060183763504028,0.08028557896614075,0.4027167558670044,0.4392741918563843,-0.20481044054031372,178.91876220703125,18.160390853881836,-122.98001861572266,137.64866638183594,-88.49250793457031,-534.1613159179688,-32767.0,-10079.0,32767.0,57346,60000,65535,12375,1
144294.085,2.2267351150512695,1.4034719467163086,0.08037261664867401,0.3991367518901825,0.42680469155311584,-0.1961427479982376,178.51759338378906,16.84288215637207,-116.82466888427734,46.174644470214844,-30.847278594970703,-644.5493774414062,-32767.0,-6247.0,32767.0,57346,60000,65535,12375,1
144304.21,2.226757049560547,1.401031255722046,0.08064323663711548,0.3952749967575073,0.4181053638458252,-0.17529012262821198,178.09909057617188,16.358366012573242,-111.58208465576172,39.57516098022461,-55.829227447509766,-472.3527526855469,-32767.0,-4481.0,32767.0,57346,60000,65535,12375,1
144313.893,2.2268762588500977,1.3989485502243042,0.08148756623268127,0.3958512246608734,0.4243944585323334,-0.10070542246103287,178.14295959472656,15.722304344177246,-107.00433349609375,-112.64000701904297,-12.901555061340332,259.1265869140625,-32767.0,-3233.0,32767.0,57346,60000,65535,12375,1
144324.026,2.228766441345215,1.3999238014221191,0.08121344447135925,0.38405099511146545,0.40419724583625793,-0.1655416488647461,177.83998107910156,15.497295379638672,-105.08538818359375,41.517677307128906,-60.876991271972656,-277.9326171875,-32767.0,-3143.0,32767.0,57346,60000,65535,12375,1
144333.717,2.2289223670959473,1.3980278968811035,0.08129215240478516,0.37276697158813477,0.38673099875450134,-0.18429069221019745,177.09425354003906,14.542037010192871,-103.37297821044922,131.1836395263672,8.698302268981934,-376.86895751953125,-32767.0,-1164.0,32767.0,57346,60000,65535,12375,1
144343.858,2.2290523052215576,1.3962397575378418,0.0815814808011055,0.3654113709926605,0.38045695424079895,-0.16317497193813324,177.60809326171875,13.862564086914062,-99.15841674804688,-180.78550720214844,-135.375244140625,-670.1619262695312,-32767.0,879.0,32767.0,57346,60000,65535,12375,1
144353.524,2.2287111282348633,1.3938807249069214,0.08160871267318726,0.3496217429637909,0.3509397804737091,-0.2474450170993805,175.92579650878906,12.536767959594727,-92.9952392578125,-4.484811305999756,9.589902877807617,-470.9677734375,-32767.0,2382.0,32767.0,57346,60000,65535,12375,1
144363.659,2.228347063064575,1.391502857208252,0.08205793052911758,0.35577747225761414,0.3678235411643982,-0.10249590128660202,174.71034240722656,11.730148315429688,-91.14551544189453,-8.886833190917969,10.643637657165527,-166.81689453125,-32767.0,6421.0,32767.0,57346,60000,65535,12375,1
144373.349,2.2299182415008545,1.3921990394592285,0.08184139430522919,0.3481834828853607,0.3534868061542511,-0.1634700447320938,174.22015380859375,11.61243724822998,-85.98856353759766,-49.70725631713867,-101.83793640136719,-340.09600830078125,-32767.0,5256.0,32767.0,57346,60000,65535,12375,1
144383.477,2.229483127593994,1.3899743556976318,0.0822482705116272,0.33939316868782043,0.3383491039276123,-0.1796216070652008,173.08128356933594,10.11258602142334,-84.1568832397461,217.3040313720703,-1.1008304357528687,-271.98797607421875,-32767.0,5781.0,32767.0,57346,60000,65535,12375,1
144393.169,2.229163646697998,1.3879914283752441,0.0836208388209343,0.34328603744506836,0.35141968727111816,-0.03640735149383545,174.3792266845703,9.241959571838379,-82.46063995361328,16.04930877685547,-56.423152923583984,-835.5059814453125,-32767.0,8043.0,32767.0,57346,60000,65535,12375,1
144403.294,2.2294182777404785,1.3861122131347656,0.0847531408071518,0.3274557292461395,0.31794416904449463,-0.1874515414237976,174.13075256347656,7.543155670166016,-75.04922485351562,-150.87828063964844,-145.06015014648438,83.70639038085938,-32767.0,9283.0,32767.0,57346,60000,65535,12375,1
144412.982,2.2296855449676514,1.3845064640045166,0.08504506945610046,0.32404521107673645,0.3073559105396271,-0.17445220053195953,171.81735229492188,5.1605119705200195,-71.7508544921875,-59.659061431884766,-62.550621032714844,-321.1274108886719,-32767.0,12161.0,32767.0,57346,60000,65535,12375,1
144423.108,2.2316718101501465,1.3852735757827759,0.08437523245811462,0.32784467935562134,0.30343279242515564,-0.17329466342926025,170.47805786132812,3.64878249168396,-67.89421081542969,-104.35196685791016,-155.06573486328125,-598.3922119140625,-32767.0,14744.0,32767.0,57346,60000,65535,12375,1
144432.788,2.231553792953491,1.3826524019241333,0.08501867204904556,0.32573264837265015,0.2879534065723419,-0.18011678755283356,169.69668579101562,1.7413221597671509,-65.8443603515625,156.95159912109375,-140.14605712890625,-33.770721435546875,-32767.0,12890.0,32767.0,57346,60000,65535,12375,1
144442.934,2.2316904067993164,1.3800430297851562,0.08658681064844131,0.34434813261032104,0.2802768349647522,-0.0455179400742054,171.2095489501953,-0.21477185189723969,-64.25679016113281,227.49966430664062,-53.55556106567383,-312.49444580078125,-32767.0,15420.0,32767.0,57346,60000,65535,12375,1
144452.624,2.2334189414978027,1.3802896738052368,0.08682128041982651,0.33498382568359375,0.2680802345275879,-0.1553761512041092,173.29339599609375,-1.6636238098144531,-59.9078369140625,-231.0165557861328,-271.34332275390625,122.7542724609375,-32767.0,18327.0,32767.0,57346,60000,65535,12375,1
144462.746,2.2368252277374268,1.3829869031906128,0.08526210486888885,0.3447120785713196,0.263437956571579,-0.15620723366737366,171.62551879882812,-4.368440628051758,-57.610538482666016,-183.60574340820312,-73.9080810546875,-530.9951171875,-32767.0,18563.0,32767.0,57346,60000,65535,12375,1
144472.424,2.2388153076171875,1.382383108139038,0.0852634608745575,0.36752045154571533,0.25410717725753784,-0.08391491323709488,170.53433227539062,-6.004734039306641,-52.36982345581055,-256.7235412597656,-258.3189392089844,186.80667114257812,-32767.0,22668.0,32767.0,57346,60000,65535,12375,1
144482.557,2.242492914199829,1.3849244117736816,0.08394607901573181,0.36003968119621277,0.24917879700660706,-0.1785511076450348,168.6538543701172,-7.912546634674072,-51.98393249511719,135.9633331298828,-214.11849975585938,266.4053039550781,-32767.0,20674.0,32767.0,57346,60000,65535,12375,1
144492.253,2.246306896209717,1.3874294757843018,0.08254151791334152,0.39820167422294617,0.24243992567062378,-0.10106495022773743,169.60214233398438,-10.209319114685059,-51.08200454711914,212.76739501953125,-175.48114013671875,-317.20428466796875,-32767.0,21448.0,32767.0,57346,60000,65535,12375,1
144502.375,2.2504053115844727,1.389843463897705,0.08149085938930511,0.41505756974220276,0.23619315028190613,-0.1082138940691948,172.38478088378906,-12.442193031311035,-47.533756256103516,-201.70399475097656,-312.9105529785156,-730.3780517578125,-32767.0,22912.0,32767.0,57346,60000,65535,12375,1
144512.061,2.250263214111328,1.383591890335083,0.0830162763595581,0.3699651062488556,0.21802093088626862,-0.2773401439189911,172.59800720214844,-16.165569305419922,-43.534725189208984,-42.38129806518555,-223.9269561767578,-778.95947265625,-32767.0,24456.0,32767.0,57346,60000,65535,12375,1
144522.188,2.2506773471832275,1.3778345584869385,0.08481261879205704,0.45498183369636536,0.1562691628932953,-0.06081065908074379,173.02029418945312,-19.25069236755371,-40.85744857788086,-217.96690368652344,-203.21987915039062,-85.5338363647461,-32767.0,29372.0,32767.0,57346,60000,65535,12375,1
144531.877,2.2531509399414062,1.3757096529006958,0.08514447510242462,0.40973153710365295,0.15303146839141846,-0.21909946203231812,171.55447387695312,-21.554973602294922,-39.75511932373047,-101.64541625976562,-111.91312408447266,-412.5450744628906,-32767.0,31310.0,32767.0,57346,60000,65535,12375,1
144542.002,2.253868579864502,1.370108723640442,0.08585362136363983,0.39353540539741516,0.1312858760356903,-0.2909581661224365,170.5961456298828,-23.60064697265625,-37.982749938964844,204.2880401611328,-219.0872802734375,-746.03662109375,-32767.0,32767.0,32767.0,57346,60000,65535,12375,1
144551.683,2.254859447479248,1.3647233247756958,0.08598128706216812,0.41179507970809937,0.1012972742319107,-0.2930457890033722,173.4071502685547,-25.967845916748047,-35.432411193847656,135.0615234375,-279.0099182128906,-37.7249641418457,-32767.0,32049.0,32767.0,57346,60000,65535,12375,1
144561.818,2.2565276622772217,1.359283208847046,0.08569752424955368,0.43970486521720886,0.06287570297718048,-0.28127413988113403,174.76516723632812,-28.787944793701172,-35.95658874511719,92.8519058227539,-311.08734130859375,200.47048950195312,-32767.0,32146.0,32767.0,57346,60000,65535,12375,1
144571.517,2.2598893642425537,1.3566542863845825,0.08407004177570343,0.4631192684173584,0.038065604865550995,-0.2982940673828125,176.75906372070312,-31.957773208618164,-33.567752838134766,88.0859375,-147.89163208007812,-179.8998565673828,-32767.0,32767.0,32767.0,57346,60000,65535,12375,1
144581.635,2.2622690200805664,1.3507598638534546,0.08391205966472626,0.5149170160293579,-0.014097520150244236,-0.2582661211490631,179.67698669433594,-34.08736801147461,-29.65645408630371,-15.255919456481934,-170.76759338378906,-698.1567993164062,-32767.0,32767.0,32767.0,57346,60000,65535,12375,1
144591.324,2.2651913166046143,1.3447704315185547,0.08402412384748459,0.5577208399772644,-0.06058916449546814,-0.23736217617988586,-177.47116088867188,-35.599525451660156,-24.982202529907227,45.24013900756836,89.71025848388672,-941.70703125,32767.0,32767.0,32767.0,57346,60000,65535,12375,1
144601.45,2.269505262374878,1.341423511505127,0.08243834227323532,0.5450689792633057,-0.06115847826004028,-0.3192092180252075,-171.94651794433594,-34.718997955322266,-16.267444610595703,53.12509536743164,-28.65374183654785,-230.3194580078125,32767.0,32767.0,32767.0,57346,60000,65535,12375,1
144611.141,2.270974636077881,1.333260178565979,0.08282842487096786,0.5606185793876648,-0.1051308810710907,-0.324218213558197,-168.8642578125,-34.51483917236328,-12.058194160461426,-295.3115234375,-57.79920959472656,539.1937866210938,32767.0,32767.0,32767.0,57346,60000,65535,12375,1
144621.267,2.2741634845733643,1.3277581930160522,0.08239320665597916,0.621852695941925,-0.16351157426834106,-0.26891472935676575,-174.55795288085938,-36.39813232421875,-17.704849243164062,-125.26509857177734,-77.19661712646484,-317.20367431640625,32767.0,32767.0,32767.0,57346,60000,65535,12375,1
144630.947,2.278956651687622,1.3241826295852661,0.08092654496431351,0.6291988492012024,-0.180538609623909,-0.3019073009490967,-177.0929718017578,-37.22336196899414,-19.381153106689453,-56.34272003173828,-26.689224243164062,249.0821533203125,32767.0,32767.0,32767.0,57346,60000,65535,12375,1
144641.083,2.2821834087371826,1.3191293478012085,0.08016999065876007,0.5935629606246948,-0.18386150896549225,-0.3866530954837799,-178.7530059814453,-37.60839080810547,-21.394710540771484,-23.54111099243164,34.22362518310547,34.94446563720703,32767.0,32767.0,32767.0,57346,60000,65535,12375,1
144650.774,2.2850706577301025,1.3144651651382446,0.07919445633888245,0.6452399492263794,-0.2208332121372223,-0.3444035053253174,-177.85935974121094,-37.09732437133789,-19.683940887451172,-12.758147239685059,290.8189392089844,41.71952438354492,32767.0,32767.0,32767.0,57346,60000,65535,12375,1
144660.9,2.2876365184783936,1.3099732398986816,0.07850543409585953,0.6439437866210938,-0.23484563827514648,-0.370672345161438,-176.85472106933594,-34.679927825927734,-17.35515022277832,85.96250915527344,319.82354736328125,-789.7618408203125,32767.0,32767.0,32767.0,57346,60000,65535,12375,1
144670.581,2.290099859237671,1.3056309223175049,0.07794598489999771,0.6712456941604614,-0.25836026668548584,-0.350559264421463,-172.01039123535156,-30.919687271118164,-9.137556076049805,18.286020278930664,161.82464599609375,326.592529296875,32767.0,32767.0,32767.0,57346,60000,65535,12375,1
144680.72,2.29463791847229,1.3020803928375244,0.07625056803226471,0.6927146911621094,-0.28081101179122925,-0.3285531997680664,-172.14495849609375,-29.117006301879883,-9.354355812072754,-49.741058349609375,41.63522720336914,584.0474853515625,32767.0,31194.0,32767.0,57346,60000,65535,12375,1
144690.406,2.2964649200439453,1.2976689338684082,0.07608900964260101,0.6667724251747131,-0.28905805945396423,-0.37839654088020325,-173.9476776123047,-28.658710479736328,-12.208333015441895,51.50041198730469,10.834653854370117,-62.22145462036133,32767.0,31613.0,32767.0,57346,60000,65535,12375,1
