timestamp,stateEstimate.x,stateEstimate.y,stateEstimate.z,stateEstimate.vx,stateEstimate.vy,stateEstimate.vz,stateEstimate.roll,stateEstimate.pitch,stateEstimate.yaw,gyro.x,gyro.y,gyro.z,controller.cmd_roll,controller.cmd_pitch,controller.cmd_yaw,rlapp.pwmM1,rlapp.pwmM2,rlapp.pwmM3,rlapp.pwmM4,rlapp.tgtGate
70118.328,1.461448311805725,2.0466220378875732,0.13152846693992615,-0.008684500120580196,-0.004574510734528303,0.001361074740998447,-0.17599430680274963,-0.4513905346393585,-83.7843017578125,0.09936171025037766,-0.37938201427459717,3.1479873657226562,23.0,335.0,117.0,0,0,0,0,0
70128.226,1.4614741802215576,2.0466246604919434,0.13153061270713806,-0.00783875398337841,-0.005030298605561256,0.0013988440623506904,-0.17646609246730804,-0.44480976462364197,-83.83927154541016,0.31634968519210815,-1.088360071182251,-1.7479487657546997,21.0,304.0,1.0,0,0,0,0,0
70138.139,1.461507797241211,2.046623468399048,0.13153234124183655,-0.007009092718362808,-0.005468239076435566,0.00167134590446949,-0.1748131513595581,-0.4318658113479614,-83.92292022705078,-0.2499142587184906,-1.42274808883667,-1.5327019691467285,17.0,246.0,-147.0,0,0,0,0,0
70148.05,1.4615387916564941,2.0466246604919434,0.13154834508895874,-0.006244502030313015,-0.005845934618264437,0.0016448170645162463,-0.17596346139907837,-0.4169878363609314,-84.02022552490234,-0.2503601610660553,-0.6710945963859558,-1.7957755327224731,26.0,203.0,-355.0,0,0,0,0,0
70157.946,1.4615288972854614,2.0465927124023438,0.13156627118587494,-0.00563301146030426,-0.006251275073736906,0.001537503907456994,-0.17763319611549377,-0.4099361300468445,-84.07926177978516,0.29796963930130005,0.5744722485542297,-0.21503154933452606,37.0,218.0,-606.0,0,0,0,0,0
70167.853,1.461572527885437,2.0465831756591797,0.13155661523342133,-0.0049043502658605576,-0.00654266681522131,0.0013024834915995598,-0.17674177885055542,-0.4139311909675598,-84.17649841308594,-0.08885630965232849,1.3144023418426514,-2.810211658477783,38.0,298.0,-888.0,0,0,0,0,0
70177.774,1.461616039276123,2.046565055847168,0.13155852258205414,-0.004164001904428005,-0.006855460349470377,0.0007793958066031337,-0.17913414537906647,-0.42603883147239685,-84.2792739868164,0.617545485496521,1.7214229106903076,2.833597183227539,45.0,398.0,-1180.0,0,0,0,0,0
70187.681,1.4616698026657104,2.0465404987335205,0.13155335187911987,-0.0034176346380263567,-0.007180920802056789,0.0009184531518258154,-0.17625482380390167,-0.4430851936340332,-84.34793090820312,0.21675001084804535,1.8233953714370728,2.933159351348877,41.0,480.0,-1454.0,0,0,0,0,0
70197.585,1.4617235660552979,2.046510934829712,0.131548672914505,-0.002716449787840247,-0.007528376765549183,0.0013943619560450315,-0.17339743673801422,-0.4607063829898834,-84.40939331054688,-0.02430911362171173,2.2708752155303955,-0.9386212229728699,38.0,514.0,-1686.0,0,0,0,0,0
70207.482,1.4617843627929688,2.046491861343384,0.13156616687774658,-0.0020837353076785803,-0.007835502736270428,0.0009768021991476417,-0.17315393686294556,-0.4686031937599182,-84.45559692382812,0.3695887327194214,2.7899670600891113,-24.06430435180664,44.0,522.0,-1871.0,0,0,0,0,0
70217.388,1.461808681488037,2.0464389324188232,0.13156366348266602,-0.0015793370548635721,-0.008204148150980473,0.0006138791213743389,-0.17468218505382538,-0.48837947845458984,-84.537353515625,1.273481011390686,-4.268770694732666,14.326189041137695,56.0,515.0,-2057.0,0,0,0,0,0
70227.309,1.4618746042251587,2.046412229537964,0.13156694173812866,-0.000980266137048602,-0.00854567252099514,0.0004919852362945676,-0.1678343266248703,-0.4911178946495056,-84.64519500732422,-0.742085337638855,-2.4340219497680664,7.05646276473999,49.0,512.0,-2244.0,0,0,0,0,0
70237.207,1.4619393348693848,2.046384572982788,0.13156059384346008,-0.0004263219307176769,-0.008897152729332447,0.0004971892922185361,-0.1637772172689438,-0.479956716299057,-84.63339233398438,-0.7645477652549744,2.9870352745056152,5.639708518981934,47.0,457.0,-2425.0,0,0,0,0,0
70247.12,1.46200430393219,2.0463578701019287,0.1315726786851883,8.345583773916587e-05,-0.009186252020299435,0.001008440158329904,-0.17290684580802917,-0.480273574590683,-84.69820404052734,-1.011120080947876,-2.371354103088379,41.198421478271484,80.0,398.0,-2500.0,0,0,0,0,0
70257.021,1.46207857131958,2.0463294982910156,0.1315630078315735,0.0006137973396107554,-0.00950457714498043,0.0007040177588351071,-0.1887645721435547,-0.45201778411865234,-84.67988586425781,-4.3448405265808105,-2.6431362628936768,3.5122733116149902,145.0,317.0,-2511.0,0,0,0,0,0
70266.946,1.4621220827102661,2.0462660789489746,0.13157308101654053,0.001069250633008778,-0.009891544468700886,0.004341386258602142,-0.21741415560245514,-0.410014808177948,-84.58526611328125,-3.612968683242798,2.1355714797973633,13.568381309509277,224.0,165.0,-2468.0,0,0,0,0,0
70276.84,1.462199091911316,2.0462498664855957,0.13162778317928314,0.0016961288638412952,-0.010022029280662537,0.013399704359471798,-0.17395657300949097,-0.40776652097702026,-84.44918060302734,40.115455627441406,-0.30377864837646484,72.32907104492188,26.0,151.0,-2233.0,0,0,0,0,0
70286.74,1.4623167514801025,2.046215772628784,0.13220815360546112,0.0023572086356580257,-0.010745428502559662,0.10004150867462158,0.16215583682060242,-0.3579777479171753,-84.10226440429688,-51.41081619262695,-20.114492416381836,-7.523251533508301,-878.0,135.0,-1679.0,0,0,0,0,0
70296.645,1.4624390602111816,2.046175003051758,0.13390286266803741,0.0034560775384306908,-0.011418220587074757,0.23594450950622559,-0.7269958257675171,-0.1795627325773239,-84.23091125488281,-52.068355560302734,-0.29202669858932495,75.78373718261719,1622.0,-396.0,-1015.0,0,0,0,0,0
70306.562,1.4624637365341187,2.046081304550171,0.13641750812530518,0.005002012476325035,-0.01120859943330288,0.25567489862442017,-0.44000598788261414,-0.13654813170433044,-84.17584228515625,165.12039184570312,-20.420339584350586,6.5863800048828125,1337.0,-746.0,-582.0,0,0,0,0,0
70316.46,1.462384819984436,2.0459988117218018,0.13996827602386475,0.006046763155609369,-0.010743068531155586,0.4341444969177246,-0.2646143138408661,0.21111997961997986,-85.19405364990234,-348.1062927246094,-11.670296669006348,125.42919921875,-163.0,-1349.0,-786.0,0,0,0,0,0
70326.367,1.4622924327850342,2.045931100845337,0.1443960815668106,0.0020675582345575094,-0.010788963176310062,0.3958299458026886,-2.8634376525878906,0.27774667739868164,-84.04267120361328,213.71180725097656,-28.211729049682617,-269.1874694824219,7019.0,-1988.0,-1506.0,0,0,0,0,0
70336.274,1.462109088897705,2.0458762645721436,0.1497063934803009,0.008228955790400505,-0.007839246653020382,0.6062161326408386,-0.026411272585392,0.5180980563163757,-85.48485565185547,-116.72681427001953,-47.27449417114258,-270.44921875,-552.0,-1727.0,-1874.0,0,0,0,0,0
70346.191,1.4620624780654907,2.0459001064300537,0.15745173394680023,0.010821914300322533,-0.004678667057305574,0.7720245718955994,-1.6529113054275513,0.5404670238494873,-83.43505859375,-15.796149253845215,-74.37934875488281,68.57005310058594,-110.0,-1619.0,-2692.0,0,0,0,0,0
70356.088,1.461860179901123,2.045902967453003,0.1658724546432495,0.013615836389362812,-0.0034683323465287685,0.8083069324493408,-0.23196353018283844,1.23665189743042,-85.00828552246094,214.4517822265625,-55.34003448486328,-33.93903350830078,-765.0,-2482.0,-1148.0,0,0,0,0,0
70365.996,1.4618337154388428,2.0458712577819824,0.1750115007162094,0.013562268577516079,0.002730553736910224,0.9418079257011414,-0.4913190007209778,1.8558282852172852,-86.273193359375,-471.0791320800781,-92.15637969970703,188.3926544189453,-843.0,-5439.0,-2287.0,0,0,0,0,0
70375.902,1.4617619514465332,2.0458474159240723,0.18459422886371613,0.005513709969818592,-0.0005984800518490374,0.8500325083732605,-3.8469526767730713,2.451073408126831,-83.67991638183594,258.95068359375,-99.25007629394531,-250.17886352539062,9734.0,-7248.0,-3240.0,0,0,0,0,0
70385.832,1.4614804983139038,2.045811653137207,0.19486144185066223,0.015490127727389336,0.013749673962593079,1.035346508026123,-1.0942318439483643,3.3854315280914307,-86.53694152832031,-182.00047302246094,19.959068298339844,27.204599380493164,2349.0,-8066.0,-2797.0,0,0,0,0,0
70395.717,1.4614202976226807,2.0460903644561768,0.20693862438201904,0.019578879699110985,0.027334777638316154,1.1420472860336304,-3.180217981338501,3.0872018337249756,-84.7620620727539,-20.787609100341797,-33.44639587402344,-125.85509490966797,2872.0,-6404.0,-4477.0,0,0,0,0,0
70405.623,1.461215615272522,2.0464701652526855,0.2187979370355606,0.02371116355061531,0.031794145703315735,1.1102261543273926,-1.8227125406265259,3.372434377670288,-86.71961212158203,145.5101318359375,-60.05904006958008,70.11363220214844,1569.0,-3014.0,-4497.0,0,0,0,0,0
70415.531,1.4612678289413452,2.0468838214874268,0.23084692656993866,0.028046678751707077,0.04334080219268799,1.1836915016174316,-2.2450437545776367,3.9042131900787354,-87.32171630859375,-371.9549865722656,-85.97834014892578,188.64212036132812,908.0,-4378.0,-6519.0,0,0,0,0,0
70425.45,1.4610369205474854,2.0474016666412354,0.24344049394130707,0.022240949794650078,0.04441901668906212,1.122309684753418,-5.214466094970703,4.29213809967041,-85.10279846191406,152.97125244140625,-85.2760009765625,46.329498291015625,9736.0,-6799.0,-7508.0,0,0,0,0,0
70435.345,1.4608924388885498,2.0478222370147705,0.25623005628585815,0.03397747501730919,0.05639273300766945,1.1739338636398315,-2.718212842941284,5.08543062210083,-86.209716796875,83.91241455078125,3.435744285583496,-74.74339294433594,2615.0,-8143.0,-6435.0,0,0,0,0,0
70445.252,1.4610973596572876,2.0485403537750244,0.2698410153388977,0.04224086180329323,0.07601352035999298,1.2718888521194458,-3.620366334915161,4.977006912231445,-86.04476165771484,-152.54029846191406,-2.08984112739563,198.09066772460938,-39.0,-7639.0,-6766.0,0,0,0,0,0
70455.159,1.4613988399505615,2.0493056774139404,0.28353676199913025,0.04574579745531082,0.08130372315645218,1.228674292564392,-3.361837148666382,5.207396030426025,-85.3966064453125,289.47869873046875,-55.48308181762695,-112.0291519165039,1968.0,-5467.0,-6188.0,0,0,0,0,0
70465.075,1.461817741394043,2.0502657890319824,0.2966548204421997,0.05277859792113304,0.09314590692520142,1.2501055002212524,-1.1311523914337158,5.718994140625,-86.15965270996094,-104.31198120117188,-40.298439025878906,34.83700942993164,-4278.0,-6495.0,-5630.0,0,0,0,0,0
70474.982,1.462196707725525,2.051417827606201,0.3102351427078247,0.04928923770785332,0.0979664996266365,1.1969940662384033,-2.821871042251587,5.973330974578857,-85.37175750732422,-261.20147705078125,4.062650203704834,212.36090087890625,787.0,-7781.0,-5487.0,0,0,0,0,0
70484.892,1.4625000953674316,2.052661895751953,0.32378891110420227,0.051568951457738876,0.11032012850046158,1.2053724527359009,-4.603930473327637,6.172783851623535,-85.36035919189453,211.74534606933594,-43.39740753173828,303.46258544921875,9051.0,-7691.0,-4326.0,0,0,0,0,0
70494.787,1.4629606008529663,2.0540852546691895,0.33742469549179077,0.05943186953663826,0.11895471811294556,1.1809717416763306,-2.5733742713928223,6.787343502044678,-85.17998504638672,60.96084213256836,-27.83551788330078,-59.603328704833984,1498.0,-9097.0,-3418.0,0,0,0,0,0
70504.704,1.4638402462005615,2.05584716796875,0.35258471965789795,0.0649266317486763,0.13966014981269836,1.2313112020492554,-3.2127091884613037,6.7726874351501465,-83.62261962890625,-141.5717010498047,-47.088958740234375,-291.8182067871094,-668.0,-8940.0,-2362.0,0,0,0,0,0
70514.6,1.4639678001403809,2.055999755859375,0.35336819291114807,0.06554634869098663,0.1402527093887329,1.2346497774124146,-3.2181642055511475,6.7782979011535645,-83.64950561523438,206.68287658691406,-41.45583724975586,-66.68849182128906,2154.0,-7615.0,-691.0,0,0,0,0,0
70524.512,1.4649678468704224,2.057845115661621,0.3674621284008026,0.07284215837717056,0.1589546948671341,1.2810564041137695,-3.050130605697632,7.131189823150635,-84.77191925048828,19.51467514038086,-17.67496109008789,81.18211364746094,-2726.0,-8130.0,-866.0,0,0,0,0,0
70534.421,1.4667826890945435,2.061555862426758,0.39412394165992737,0.07740098983049393,0.17639398574829102,1.2234529256820679,-2.425915002822876,7.362177848815918,-84.81754302978516,-190.1411590576172,0.8964477777481079,158.79611206054688,-427.0,-8140.0,-1916.0,0,0,0,0,0
70544.332,1.4677685499191284,2.0638132095336914,0.40839388966560364,0.07977823168039322,0.1909538209438324,1.2343769073486328,-4.064280033111572,7.3674540519714355,-85.22471618652344,-27.90181541442871,-0.477041631937027,-130.03402709960938,7537.0,-7418.0,-1663.0,0,0,0,0,0
70554.229,1.4689277410507202,2.066448450088501,0.4240613877773285,0.08772088587284088,0.2032640427350998,1.2229886054992676,-2.72391676902771,7.569789886474609,-85.38357543945312,154.83926391601562,-46.2266845703125,-308.5175476074219,4874.0,-7500.0,-2250.0,0,0,0,0,0
70564.136,1.4691544771194458,2.0666849613189697,0.4249598979949951,0.08868226408958435,0.20419758558273315,1.2269288301467896,-2.7305784225463867,7.578242301940918,-85.41287231445312,-70.9076156616211,23.48703956604004,320.4011535644531,-1440.0,-8568.0,-3149.0,0,0,0,0,0
70574.043,1.470740795135498,2.0695252418518066,0.4405415952205658,0.0938488021492958,0.21705958247184753,1.216323971748352,-2.4976227283477783,7.52620792388916,-84.34806060791016,92.10314178466797,8.632011413574219,144.52597045898438,750.0,-8301.0,-2398.0,0,0,0,0,0
70583.96,1.4724900722503662,2.0726099014282227,0.45671477913856506,0.10192927718162537,0.24367430806159973,1.3129667043685913,-2.528895854949951,7.7409491539001465,-85.17571258544922,134.62118530273438,26.159975051879883,-191.130126953125,-1437.0,-8796.0,-2501.0,0,0,0,0,0
70593.868,1.4743038415908813,2.0758450031280518,0.4732988774776459,0.10848825424909592,0.24957618117332458,1.2590082883834839,-0.7416003346443176,7.661217212677002,-86.05791473388672,-179.8695526123047,38.56025695800781,138.07191467285156,-3031.0,-8135.0,-3531.0,0,0,0,0,0
70603.765,1.4759714603424072,2.079207420349121,0.4889255464076996,0.10786592960357666,0.2622067332267761,1.2607078552246094,-1.9332267045974731,7.441617012023926,-84.54547882080078,-125.9110107421875,28.446151733398438,-166.1627197265625,4234.0,-7237.0,-3339.0,0,0,0,0,0
70613.671,1.4774539470672607,2.0825695991516113,0.5043172240257263,0.10980114340782166,0.27684828639030457,1.2825576066970825,-3.265684127807617,7.230815887451172,-85.09815216064453,115.60106658935547,-3.1071817874908447,109.52557373046875,7489.0,-6695.0,-3016.0,0,0,0,0,0
70623.592,1.4791254997253418,2.086000680923462,0.519144594669342,0.1161789745092392,0.2867623567581177,1.2805933952331543,-2.5600037574768066,7.220588684082031,-84.88232421875,46.65776824951172,25.70370101928711,268.29815673828125,2086.0,-7790.0,-3139.0,0,0,0,0,0
70633.494,1.481050729751587,2.089555501937866,0.53371661901474,0.12004886567592621,0.2883252799510956,1.2134044170379639,-2.032501220703125,7.091949462890625,-84.29360961914062,34.3294792175293,-12.565306663513184,-274.4916687011719,-430.0,-8051.0,-2172.0,0,0,0,0,0
70643.396,1.48318612575531,2.0932562351226807,0.5486825704574585,0.126756951212883,0.3109569847583771,1.3207817077636719,-1.800587773323059,7.031768321990967,-84.87103271484375,142.08131408691406,36.583045959472656,11.611090660095215,-473.0,-8237.0,-1748.0,0,0,0,0,0
70653.303,1.4854238033294678,2.0971434116363525,0.5642995834350586,0.13157932460308075,0.3174198269844055,1.2971338033676147,-0.868377685546875,6.701757907867432,-84.86627960205078,36.570106506347656,24.989961624145508,-91.08338165283203,-3172.0,-7399.0,-2096.0,0,0,0,0,0
70663.22,1.4875209331512451,2.1011409759521484,0.5798092484474182,0.1337745040655136,0.3231390714645386,1.2777998447418213,-0.36942923069000244,6.3955841064453125,-85.43622589111328,-167.6852264404297,33.92133712768555,65.58477020263672,-162.0,-6500.0,-2657.0,0,0,0,0,0
70673.126,1.4891469478607178,2.104743003845215,0.5935903191566467,0.13108539581298828,0.3285311758518219,1.2777334451675415,-2.0574638843536377,5.973688125610352,-84.58214569091797,6.519378662109375,68.13079071044922,102.99545288085938,6184.0,-6042.0,-2856.0,0,0,0,0,0
70683.032,1.4911118745803833,2.1088805198669434,0.6090400218963623,0.13600528240203857,0.33994781970977783,1.3307294845581055,-2.3047420978546143,5.544112205505371,-85.08222961425781,38.944087982177734,20.361927032470703,-28.143510818481445,5183.0,-5943.0,-2924.0,0,0,0,0,0
70692.928,1.4932526350021362,2.113069772720337,0.6244442462921143,0.13884337246418,0.33598411083221436,1.246220350265503,-1.8813037872314453,5.42574405670166,-85.3955078125,61.841190338134766,26.0036678314209,91.75285339355469,1650.0,-6916.0,-3189.0,0,0,0,0,0
70702.845,1.4956059455871582,2.1173007488250732,0.6395590901374817,0.14365477859973907,0.34083107113838196,1.2512882947921753,-1.3680247068405151,5.081024646759033,-84.23048400878906,51.4509391784668,30.771936416625977,-71.36599731445312,-1524.0,-7411.0,-2721.0,0,0,0,0,0
70712.748,1.4975873231887817,2.121244430541992,0.6539958119392395,0.14606940746307373,0.34914812445640564,1.3236451148986816,-0.667759358882904,4.794173240661621,-84.70298767089844,159.40753173828125,62.03969955444336,47.306663513183594,-2010.0,-7048.0,-2174.0,0,0,0,0,0
70722.649,1.5000108480453491,2.125551223754883,0.6694411635398865,0.1496981978416443,0.34869855642318726,1.28187096118927,0.4314913749694824,4.287996292114258,-84.72771453857422,-38.22514724731445,76.45545196533203,-14.19304370880127,-3377.0,-6215.0,-2281.0,0,0,0,0,0
70732.563,1.502342939376831,2.1298458576202393,0.6847933530807495,0.14944793283939362,0.3476637005805969,1.2513240575790405,0.4153413474559784,3.7766332626342773,-85.4527587890625,-91.46166229248047,65.12981414794922,-154.3112030029297,1323.0,-5110.0,-2691.0,0,0,0,0,0
70742.473,1.5045008659362793,2.1341359615325928,0.7002404928207397,0.14756734669208527,0.34915006160736084,1.284786343574524,-0.6913686394691467,3.221670389175415,-85.7269058227539,41.243927001953125,58.16872787475586,97.8532943725586,4837.0,-4145.0,-3585.0,0,0,0,0,0
70752.376,1.5066964626312256,2.1384191513061523,0.716356098651886,0.14933986961841583,0.3502908945083618,1.3430441617965698,-0.5697433948516846,2.6062867641448975,-85.09495544433594,51.20301055908203,43.03173065185547,217.71214294433594,3424.0,-4207.0,-3838.0,0,0,0,0,0
70762.277,1.508628010749817,2.14237642288208,0.7308820486068726,0.14965206384658813,0.3421211838722229,1.2350876331329346,-0.3108791708946228,2.19624400138855,-83.69084167480469,142.90028381347656,19.46567726135254,-136.73876953125,298.0,-4686.0,-2240.0,0,0,0,0,0
70772.184,1.511012315750122,2.1465094089508057,0.7459356188774109,0.15129141509532928,0.339211642742157,1.2798157930374146,0.9338418841362,1.7873026132583618,-84.00590515136719,9.589997291564941,42.853485107421875,10.956083297729492,-3765.0,-5169.0,-612.0,0,0,0,0,0
70782.102,1.513438105583191,2.1505584716796875,0.7618754506111145,0.14868760108947754,0.33538109064102173,1.358360767364502,1.4959173202514648,1.2513151168823242,-84.06130981445312,132.7958221435547,43.6388053894043,63.643226623535156,-3486.0,-4600.0,306.0,0,0,0,0,0
70791.999,1.5157783031463623,2.1546082496643066,0.7780820727348328,0.15050505101680756,0.32857781648635864,1.2917929887771606,2.430608034133911,0.7252383232116699,-84.0180892944336,-66.57950592041016,72.0751724243164,150.16444396972656,-3094.0,-4412.0,498.0,0,0,0,0,0
70801.906,1.517881989479065,2.158614158630371,0.7939591407775879,0.14532217383384705,0.32098880410194397,1.2967917919158936,2.0144336223602295,0.18500469624996185,-84.2074203491211,-54.39647674560547,73.61506652832031,-229.16311645507812,1976.0,-3906.0,416.0,0,0,0,0,0
70811.813,1.5198253393173218,2.162522792816162,0.8101951479911804,0.13971227407455444,0.31234002113342285,1.336748480796814,1.31583571434021,-0.48608025908470154,-85.04310607910156,10.46127700805664,27.32152557373047,-151.72271728515625,3609.0,-2835.0,-529.0,0,0,0,0,0
70821.729,1.521633267402649,2.166320323944092,0.826694905757904,0.1359027624130249,0.3001175820827484,1.3341354131698608,1.5407047271728516,-0.9945552349090576,-85.17040252685547,62.05862808227539,74.60830688476562,132.63177490234375,1921.0,-2963.0,-1705.0,0,0,0,0,0
70831.627,1.5235364437103271,2.169863224029541,0.8422650098800659,0.13623516261577606,0.29173555970191956,1.2607849836349487,2.1355419158935547,-1.628764033317566,-83.9703598022461,149.20286560058594,53.001914978027344,26.002464294433594,-1441.0,-3182.0,-1850.0,0,0,0,0,0
70841.534,1.5255879163742065,2.173269271850586,0.8579016327857971,0.13087424635887146,0.27659788727760315,1.3240482807159424,3.4039454460144043,-2.1696720123291016,-84.10453033447266,-24.60529327392578,51.89694595336914,85.7813491821289,-4372.0,-2198.0,-1122.0,0,0,0,0,0
70851.441,1.527532696723938,2.1764752864837646,0.8743038773536682,0.12287557870149612,0.2603800892829895,1.3719823360443115,3.5816221237182617,-2.7522315979003906,-83.47350311279297,90.4837646484375,27.848590850830078,-163.39132690429688,-3742.0,-1740.0,-46.0,0,0,0,0,0
70861.358,1.5293136835098267,2.179533004760742,0.890659749507904,0.12364030629396439,0.2510722875595093,1.2889150381088257,4.442814826965332,-3.279039144515991,-84.05778503417969,-129.11688232421875,56.800498962402344,164.01773071289062,-2882.0,-1962.0,409.0,0,0,0,0,0
70871.255,1.5306850671768188,2.182238817214966,0.9053909778594971,0.11181150376796722,0.23153437674045563,1.3247183561325073,3.4756927490234375,-3.815889835357666,-83.34217834472656,-50.19058609008789,56.81859588623047,-166.41030883789062,2713.0,-1931.0,750.0,0,0,0,0,0
70881.176,1.5319632291793823,2.1848394870758057,0.9213236570358276,0.1034766361117363,0.2131967395544052,1.3481816053390503,2.929860830307007,-4.417102336883545,-84.37230682373047,18.598358154296875,17.325275421142578,-83.9175033569336,3645.0,-2198.0,623.0,0,0,0,0,0
70891.069,1.533211350440979,2.1872403621673584,0.9374194741249084,0.09967214614152908,0.19806598126888275,1.3172287940979004,3.1968884468078613,-4.749029636383057,-84.85498046875,66.54670715332031,57.27888107299805,13.043596267700195,776.0,-2259.0,-555.0,0,0,0,0,0
70900.986,1.5345219373703003,2.1895322799682617,0.9531531929969788,0.09742190688848495,0.18502427637577057,1.2714614868164062,3.908524751663208,-5.267025470733643,-84.87651062011719,97.66259765625,24.66037368774414,1.702648639678955,-2812.0,-1495.0,-1672.0,0,0,0,0,0
70910.893,1.5358729362487793,2.1915764808654785,0.9691890478134155,0.08715593069791794,0.15992388129234314,1.33275306224823,4.757630348205566,-5.667993068695068,-84.83977508544922,8.429239273071289,46.78984832763672,128.1831817626953,-3833.0,-1292.0,-2395.0,0,0,0,0,0
70920.789,1.5368698835372925,2.193237543106079,0.9843050837516785,0.07786562293767929,0.13933686912059784,1.33949875831604,5.136002063751221,-6.121959209442139,-83.91585540771484,86.09521484375,33.7010383605957,-158.30247497558594,-4108.0,-944.0,-2199.0,0,0,0,0,0
70930.697,1.5377793312072754,2.194681167602539,0.9989016056060791,0.07470377534627914,0.12673115730285645,1.275189995765686,5.902679920196533,-6.631840705871582,-84.8980484008789,-177.8192138671875,47.891231536865234,115.67042541503906,-3273.0,-470.0,-2344.0,0,0,0,0,0
70940.614,1.5385158061981201,2.195888042449951,1.0145992040634155,0.06104450672864914,0.10285542160272598,1.294368028640747,4.6546735763549805,-7.076065540313721,-84.1368179321289,-83.32251739501953,46.44482421875,-67.58270263671875,2761.0,-549.0,-2538.0,0,0,0,0,0
70950.511,1.5389941930770874,2.196859836578369,1.0306113958358765,0.05018557235598564,0.07832612842321396,1.3188492059707642,3.8625025749206543,-7.536734104156494,-84.30692291259766,35.76567077636719,8.76953125,-61.45471954345703,4500.0,33.0,-2178.0,0,0,0,0,0
70960.418,1.5394189357757568,2.19757342338562,1.0466454029083252,0.046125851571559906,0.06286759674549103,1.2734078168869019,4.13222599029541,-7.708165168762207,-84.64299774169922,51.831600189208984,39.24555206298828,191.19337463378906,758.0,-962.0,-2111.0,0,0,0,0,0
70970.326,1.5399155616760254,2.198176622390747,1.062219500541687,0.04095707833766937,0.04335205256938934,1.241823673248291,4.829803943634033,-7.883121490478516,-83.78125762939453,54.2180290222168,4.9386305809021,33.08595275878906,-2538.0,-1682.0,-1435.0,0,0,0,0,0
70980.252,1.5403426885604858,2.1984002590179443,1.0776739120483398,0.02762480638921261,0.010595145635306835,1.3159806728363037,5.130029678344727,-7.985458850860596,-83.91337585449219,51.053184509277344,30.802541732788086,116.79772186279297,-2617.0,-2172.0,-609.0,0,0,0,0,0
70990.139,1.540574550628662,2.1983418464660645,1.0935455560684204,0.02156490460038185,-0.0066781360656023026,1.2919433116912842,5.788994312286377,-8.180158615112305,-83.64948272705078,91.89884185791016,5.8016862869262695,-114.5215072631836,-4147.0,-1866.0,-116.0,0,0,0,0,0
71000.047,1.5406349897384644,2.198017120361328,1.109272837638855,0.01451539434492588,-0.02316702902317047,1.261418104171753,6.255212306976318,-8.369661331176758,-84.51332092285156,-205.27230834960938,14.971664428710938,-39.78412628173828,-3207.0,-1307.0,-205.0,0,0,0,0,0
71009.954,1.5403735637664795,2.197442054748535,1.1249133348464966,0.0005389797152020037,-0.04540954902768135,1.2683831453323364,4.55814790725708,-8.607536315917969,-84.47346496582031,-103.61302947998047,17.88072967529297,-123.90896606445312,3488.0,-555.0,-1018.0,0,0,0,0,0
71019.872,1.540120244026184,2.196744441986084,1.1395186185836792,-0.010450821369886398,-0.07193436473608017,1.3053929805755615,3.633535385131836,-8.779605865478516,-85.20719909667969,76.32421875,-7.2939019203186035,76.43006134033203,4930.0,-374.0,-1988.0,0,0,0,0,0
71029.77,1.5396308898925781,2.195688009262085,1.154923677444458,-0.011659749783575535,-0.07977049052715302,1.223793625831604,4.292208671569824,-8.654454231262207,-84.97266387939453,12.148055076599121,14.983912467956543,204.5200653076172,456.0,-1205.0,-2868.0,0,0,0,0,0
71039.69,1.5391799211502075,2.1944525241851807,1.1699628829956055,-0.018945986405014992,-0.0998271256685257,1.2262331247329712,4.737653732299805,-8.616034507751465,-83.4970474243164,-1.412170171737671,-20.720151901245117,-213.17417907714844,-1897.0,-1886.0,-1994.0,0,0,0,0,0
71049.585,1.5386911630630493,2.19291615486145,1.1857357025146484,-0.03332741931080818,-0.13422517478466034,1.3219858407974243,4.571371078491211,-8.556116104125977,-84.26727294921875,102.32832336425781,2.829296588897705,57.50343322753906,-1497.0,-1900.0,-1103.0,0,0,0,0,0
71059.501,1.5380103588104248,2.191054344177246,1.2018733024597168,-0.036814961582422256,-0.1448681801557541,1.2741822004318237,5.360037803649902,-8.579586029052734,-83.99954223632812,11.255613327026367,-25.550308227539062,57.60148239135742,-4012.0,-1419.0,-792.0,0,0,0,0,0
71069.397,1.5373761653900146,2.1892619132995605,1.2163046598434448,-0.0444650799036026,-0.15990623831748962,1.2549306154251099,5.368241310119629,-8.503035545349121,-83.595458984375,-197.6155548095703,-10.092437744140625,68.978271484375,-1055.0,-1093.0,-153.0,0,0,0,0,0
71079.304,1.5362874269485474,2.1871604919433594,1.2316303253173828,-0.05598798394203186,-0.1765756607055664,1.2492382526397705,3.534105062484741,-8.471393585205078,-83.43895721435547,-85.63729858398438,-12.472502708435059,-80.19420623779297,5227.0,-803.0,436.0,0,0,0,0,0
71089.21,1.5350162982940674,2.184764862060547,1.2473877668380737,-0.06581680476665497,-0.20291484892368317,1.3151986598968506,2.5982680320739746,-8.407469749450684,-84.6688461303711,47.27560043334961,-30.971988677978516,-151.33944702148438,5021.0,-1064.0,41.0,0,0,0,0,0
71099.126,1.533792495727539,2.1821916103363037,1.2630527019500732,-0.06598339974880219,-0.203661248087883,1.2139931917190552,3.072577714920044,-8.202936172485352,-85.00538635253906,-2.4881973266601562,-12.148773193359375,123.89315795898438,407.0,-1487.0,-1064.0,0,0,0,0,0
71109.033,1.532654047012329,2.1794779300689697,1.278557300567627,-0.0730813592672348,-0.22593747079372406,1.2662431001663208,3.415839910507202,-7.9759931564331055,-83.70035552978516,-34.20232391357422,-17.407913208007812,-105.88475036621094,-1516.0,-2054.0,-1110.0,0,0,0,0,0
71118.93,1.5316545963287354,2.1767702102661133,1.2933685779571533,-0.08117591589689255,-0.24930702149868011,1.3356878757476807,3.2233853340148926,-7.744140625,-84.37479400634766,125.32783508300781,-20.652753829956055,-92.00064086914062,-1492.0,-1973.0,-909.0,0,0,0,0,0
71128.838,1.530358910560608,2.1737005710601807,1.3092572689056396,-0.08235207945108414,-0.2542818486690521,1.281420350074768,4.239269733428955,-7.598361968994141,-84.69932556152344,-95.67874908447266,-16.410303115844727,220.22354125976562,-3868.0,-1494.0,-1376.0,0,0,0,0,0
71138.77,1.5289053916931152,2.1705572605133057,1.3249436616897583,-0.08988245576620102,-0.26440659165382385,1.2659342288970947,3.696730852127075,-7.348149299621582,-83.84859466552734,-159.74642944335938,-31.599075317382812,103.65729522705078,1122.0,-1428.0,-1211.0,0,0,0,0,0
71148.652,1.5272319316864014,2.1672780513763428,1.3406381607055664,-0.09884335845708847,-0.27666008472442627,1.2749361991882324,1.970311164855957,-7.081557273864746,-84.32953643798828,-6.06961727142334,-38.74439239501953,21.31943130493164,6169.0,-1607.0,-1138.0,0,0,0,0,0
71158.559,1.5255026817321777,2.163815498352051,1.3567434549331665,-0.10369450598955154,-0.29147636890411377,1.316775918006897,1.7458522319793701,-6.8065314292907715,-84.8799819946289,21.00313377380371,-45.687381744384766,-105.44281768798828,3467.0,-1913.0,-1850.0,0,0,0,0,0
71168.465,1.5241425037384033,2.160586357116699,1.3710734844207764,-0.10247751325368881,-0.28644779324531555,1.2026128768920898,2.020204544067383,-6.457192420959473,-84.8814926147461,9.002751350402832,-54.04608917236328,31.940120697021484,79.0,-2243.0,-2444.0,0,0,0,0,0
71178.392,1.5226136445999146,2.1571547985076904,1.3860251903533936,-0.10681291669607162,-0.2998757064342499,1.256844162940979,2.2280352115631104,-5.947173595428467,-84.3171157836914,-34.275306701660156,-25.88140106201172,-61.763832092285156,-1477.0,-2684.0,-2487.0,0,0,0,0,0
71188.28,1.5211247205734253,2.153576135635376,1.4015177488327026,-0.11064989119768143,-0.3075994849205017,1.2744300365447998,2.093149423599243,-5.6549248695373535,-84.89166259765625,87.41581726074219,-23.390274047851562,1.18075692653656,-1032.0,-2824.0,-2545.0,0,0,0,0,0
71198.187,1.5196034908294678,2.1499674320220947,1.416783094406128,-0.10986246913671494,-0.3047145903110504,1.1975154876708984,2.816941261291504,-5.414979934692383,-84.94153594970703,-27.033382415771484,-38.674068450927734,125.16035461425781,-3137.0,-2126.0,-2957.0,0,0,0,0,0
71208.094,1.5179932117462158,2.14638352394104,1.4316036701202393,-0.113214872777462,-0.30607131123542786,1.1639010906219482,2.7416107654571533,-4.975047588348389,-84.47271728515625,-89.90387725830078,-41.59150695800781,108.44108581542969,-422.0,-2477.0,-2783.0,0,0,0,0,0
71218.01,1.5165270566940308,2.143005609512329,1.4447190761566162,-0.11693711578845978,-0.3054662346839905,1.120658040046692,1.789305567741394,-4.543424606323242,-84.2115249633789,-70.46830749511719,-54.31581115722656,13.782744407653809,2912.0,-2992.0,-2251.0,0,0,0,0,0
71227.921,1.5146784782409668,2.1394269466400146,1.4587796926498413,-0.12030943483114243,-0.3036816716194153,1.0679612159729004,1.0259203910827637,-4.068848609924316,-84.6907730102539,-72.9058609008789,-59.45140838623047,1.640793800354004,4593.0,-3517.0,-2091.0,0,0,0,0,0
71237.827,1.5127989053726196,2.1359901428222656,1.4720159769058228,-0.12276264280080795,-0.3027637302875519,1.0461724996566772,0.3783343434333801,-3.564119338989258,-84.72464752197266,-6.694565296173096,-39.38518142700195,-16.64150619506836,3736.0,-3407.0,-2204.0,0,0,0,0,0
71247.722,1.5109589099884033,2.1325931549072266,1.4846597909927368,-0.1231912150979042,-0.29562780261039734,0.9383055567741394,0.34026938676834106,-3.1764066219329834,-84.89535522460938,4.474053382873535,-44.495235443115234,35.540252685546875,1798.0,-3705.0,-2431.0,0,0,0,0,0
71257.639,1.509229063987732,2.129282236099243,1.4965929985046387,-0.12312871962785721,-0.29181841015815735,0.9014337062835693,0.3897700309753418,-2.7446367740631104,-84.85018920898438,25.981061935424805,-37.17388916015625,15.677000045776367,65.0,-3698.0,-2692.0,0,0,0,0,0
71267.544,1.5077778100967407,2.1261422634124756,1.5069409608840942,-0.12187479436397552,-0.287185937166214,0.8682234287261963,0.6390149593353271,-2.327411651611328,-85.00054168701172,21.88347625732422,-42.020565032958984,-12.375203132629395,-1047.0,-3750.0,-2964.0,0,0,0,0,0
71277.443,1.5063197612762451,2.123018741607666,1.5177010297775269,-0.12057417631149292,-0.2808057963848114,0.7934886813163757,0.8755512833595276,-1.8666952848434448,-85.15728759765625,48.750091552734375,-47.540828704833984,15.788783073425293,-1661.0,-3611.0,-3302.0,0,0,0,0,0
71287.363,1.5049989223480225,2.1199662685394287,1.5277749300003052,-0.11849486082792282,-0.2741522789001465,0.7190272808074951,1.3310242891311646,-1.3929754495620728,-85.2885971069336,0.6473903059959412,-33.48167037963867,0.9791529774665833,-2317.0,-4011.0,-3737.0,0,0,0,0,0
71297.267,1.5037273168563843,2.11698842048645,1.537298321723938,-0.11808319389820099,-0.26755520701408386,0.6748438477516174,1.4227421283721924,-1.040563702583313,-85.57158660888672,23.234033584594727,-27.30974006652832,30.941104888916016,-1699.0,-4214.0,-4337.0,0,0,0,0,0
71307.164,1.5024735927581787,2.1140873432159424,1.5461251735687256,-0.11634166538715363,-0.2597939670085907,0.5834583640098572,1.6107122898101807,-0.7397540807723999,-85.46589660644531,3.0006542205810547,-52.671241760253906,46.14739227294922,-1589.0,-3745.0,-4763.0,0,0,0,0,0
71317.07,1.5012414455413818,2.111347198486328,1.5530352592468262,-0.11593546718358994,-0.25280022621154785,0.524551272392273,1.641178011894226,-0.23299092054367065,-85.18565368652344,-51.60587692260742,-51.39763641357422,17.329782485961914,-612.0,-4518.0,-4614.0,0,0,0,0,0
71326.978,1.4997657537460327,2.108340263366699,1.5611132383346558,-0.11717776209115982,-0.24537140130996704,0.4697631895542145,1.1020232439041138,0.3604918122291565,-84.93548583984375,-20.450645446777344,-61.09676742553711,51.1678466796875,1297.0,-5725.0,-4050.0,0,0,0,0,0
71336.908,1.498164176940918,2.105461597442627,1.568415641784668,-0.11748012900352478,-0.23773735761642456,0.39390015602111816,0.7980531454086304,0.9661425948143005,-84.99996948242188,-33.77901840209961,-63.976497650146484,-91.91653442382812,1719.0,-6033.0,-3543.0,0,0,0,0,0
71346.792,1.4966330528259277,2.1030025482177734,1.5743341445922852,-0.11819128692150116,-0.23065656423568726,0.32024839520454407,0.3236217200756073,1.5349799394607544,-85.1036605834961,-87.87120056152344,-60.08287048339844,-172.9546661376953,2299.0,-6095.0,-3413.0,0,0,0,0,0
71356.699,1.495038628578186,2.100618839263916,1.5794771909713745,-0.1195216029882431,-0.2235305905342102,0.24938036501407623,-0.4564027786254883,2.1099627017974854,-85.35140991210938,-23.58680534362793,-53.4174919128418,-127.21431732177734,3520.0,-6541.0,-3500.0,0,0,0,0,0
71366.605,1.4936305284500122,2.098350763320923,1.582943081855774,-0.11829477548599243,-0.21426920592784882,0.2100413590669632,-0.6638520956039429,2.608104944229126,-85.72502136230469,-11.810905456542969,-39.85102844238281,4.604334354400635,2909.0,-7236.0,-3953.0,0,0,0,0,0
71376.523,1.4920635223388672,2.0961525440216064,1.5869296789169312,-0.11766725033521652,-0.20710894465446472,0.13194386661052704,-0.7579348683357239,3.064713954925537,-85.76660919189453,23.675764083862305,-45.11553192138672,52.07262420654297,1541.0,-7080.0,-4558.0,0,0,0,0,0
71386.434,1.4906185865402222,2.094043493270874,1.5902960300445557,-0.11577609926462173,-0.19754405319690704,0.09519173204898834,-0.5309069752693176,3.5270168781280518,-85.60560607910156,39.407562255859375,-39.78767395019531,21.7432918548584,-150.0,-6930.0,-4891.0,0,0,0,0,0
71396.327,1.4892388582229614,2.091855525970459,1.593327522277832,-0.11322615295648575,-0.18631599843502045,0.06277656555175781,-0.16315852105617523,4.0313639640808105,-85.58101654052734,33.40109634399414,-53.08770751953125,10.799736976623535,-1409.0,-7130.0,-4964.0,0,0,0,0,0
71406.234,1.4880545139312744,2.0897951126098633,1.595741629600525,-0.11042230576276779,-0.17819905281066895,-0.009560289792716503,0.14670045673847198,4.561107635498047,-85.4465103149414,49.16749572753906,-60.39384460449219,-97.8989028930664,-1775.0,-7197.0,-4896.0,0,0,0,0,0
71416.157,1.4870491027832031,2.0880212783813477,1.596274971961975,-0.10675831884145737,-0.17208077013492584,-0.09202419221401215,0.85808265209198,5.023806571960449,-86.0582046508789,70.53414916992188,-48.752071380615234,-7.1578898429870605,-2788.0,-7689.0,-4999.0,0,0,0,0,0
71426.049,1.4862769842147827,2.0863637924194336,1.5973808765411377,-0.105402372777462,-0.15947949886322021,-0.10138987749814987,1.2187159061431885,5.352694511413574,-86.0903091430664,-28.66019630432129,-12.481266975402832,75.65778350830078,-3122.0,-7531.0,-5578.0,0,0,0,0,0
71435.958,1.4855409860610962,2.084808588027954,1.5981460809707642,-0.10407885164022446,-0.1501675397157669,-0.15021130442619324,1.1000280380249023,5.430444240570068,-85.47901916503906,19.293485641479492,-35.77692413330078,-103.65998077392578,-1639.0,-6303.0,-5671.0,0,0,0,0,0
71445.865,1.4847562313079834,2.083355665206909,1.5984597206115723,-0.10336337983608246,-0.1395290493965149,-0.17434553802013397,1.0147757530212402,5.747866153717041,-85.67463684082031,-97.02297973632812,-22.64444923400879,23.972793579101562,-354.0,-5725.0,-5311.0,0,0,0,0,0
71455.792,1.4838498830795288,2.0820579528808594,1.5986660718917847,-0.10418610274791718,-0.12730979919433594,-0.18230971693992615,0.09363780915737152,6.060955047607422,-85.61223602294922,-54.85066604614258,-53.43778610229492,70.02721405029297,2468.0,-6549.0,-4989.0,0,0,0,0,0
71465.677,1.482789397239685,2.0808329582214355,1.5975031852722168,-0.10388392955064774,-0.119940385222435,-0.23336929082870483,-0.5348730683326721,6.5219902992248535,-85.70555877685547,-102.37610626220703,-62.73591995239258,-49.70035934448242,3990.0,-7751.0,-4716.0,0,0,0,0,0
71475.584,1.481628179550171,2.0797441005706787,1.596754550933838,-0.1043948084115982,-0.11267059296369553,-0.2809808850288391,-1.7077431678771973,7.012351036071777,-85.89354705810547,-74.27037048339844,-38.166664123535156,62.601627349853516,5732.0,-8910.0,-4838.0,0,0,0,0,0
71485.49,1.4804993867874146,2.078746795654297,1.5949535369873047,-0.10059592127799988,-0.09534837305545807,-0.2574523091316223,-2.155790090560913,7.336216926574707,-86.13001251220703,-25.72944450378418,-36.58479309082031,-3.0588064193725586,5383.0,-9099.0,-5116.0,0,0,0,0,0
71495.407,1.4792594909667969,2.0780322551727295,1.5946667194366455,-0.09841596335172653,-0.08789048343896866,-0.3053721785545349,-2.1462411880493164,7.633533477783203,-85.88813018798828,70.79676818847656,-35.46860885620117,-35.35734176635742,2729.0,-8652.0,-5539.0,0,0,0,0,0
71505.304,1.4783034324645996,2.0773792266845703,1.5931166410446167,-0.0930272787809372,-0.07015428692102432,-0.2814273238182068,-1.0946309566497803,7.889580249786377,-86.13591766357422,80.7767562866211,5.989114761352539,-40.319091796875,-1635.0,-8338.0,-5656.0,0,0,0,0,0
71515.221,1.4776273965835571,2.0769076347351074,1.591680645942688,-0.08880557119846344,-0.05864560976624489,-0.3015296757221222,-0.20034117996692657,8.034576416015625,-86.54915618896484,146.6978759765625,9.445684432983398,-50.48767852783203,-4600.0,-7815.0,-6148.0,0,0,0,0,0
71525.118,1.4769115447998047,2.0764472484588623,1.5891127586364746,-0.0850185751914978,-0.04909462854266167,-0.33745598793029785,1.1988481283187866,7.944214820861816,-86.52035522460938,43.973777770996094,43.55442810058594,101.39949035644531,-6790.0,-6817.0,-6885.0,0,0,0,0,0
71535.039,1.4764691591262817,2.0762152671813965,1.587294101715088,-0.08628679066896439,-0.029457248747348785,-0.29514119029045105,1.407571792602539,7.522249221801758,-85.25735473632812,26.44057273864746,-9.046163558959961,-48.1391716003418,-5591.0,-4642.0,-6661.0,0,0,0,0,0
71544.943,1.4759668111801147,2.076125144958496,1.5854018926620483,-0.08560530841350555,-0.021543290466070175,-0.3292709290981293,1.3246753215789795,7.45849084854126,-85.49614715576172,-110.12919616699219,10.885703086853027,126.89081573486328,-2113.0,-3671.0,-5335.0,0,0,0,0,0
71554.848,1.4752918481826782,2.0761513710021973,1.5834070444107056,-0.08783829212188721,-0.004521288443356752,-0.2884584963321686,0.14886172115802765,7.377776145935059,-85.20880126953125,-66.10296630859375,-13.509822845458984,105.7294921875,2852.0,-4569.0,-4257.0,0,0,0,0,0
71564.747,1.4744659662246704,2.0763213634490967,1.581467628479004,-0.08794702589511871,0.0014630681835114956,-0.3257093131542206,-0.7436766624450684,7.537301063537598,-85.78559112548828,-109.18831634521484,10.097661018371582,312.321533203125,5577.0,-5999.0,-3489.0,0,0,0,0,0
71574.663,1.4735825061798096,2.076641798019409,1.5794520378112793,-0.08575096726417542,0.019514376297593117,-0.27557623386383057,-1.6390875577926636,7.519745826721191,-85.64530944824219,-84.03138732910156,12.844003677368164,-63.65314483642578,6086.0,-7006.0,-3449.0,0,0,0,0,0
71584.571,1.4727399349212646,2.0769882202148438,1.5769100189208984,-0.0836733803153038,0.024848653003573418,-0.3199930191040039,-1.955202341079712,7.384632587432861,-85.57438659667969,95.03729248046875,-9.317567825317383,-137.16835021972656,4213.0,-6555.0,-3753.0,0,0,0,0,0
71594.471,1.472050428390503,2.077585220336914,1.5745723247528076,-0.078387051820755,0.03757975995540619,-0.30460092425346375,-0.7276608347892761,7.386735439300537,-85.96963500976562,71.73973846435547,22.914043426513672,-11.272706985473633,-1416.0,-6114.0,-4115.0,0,0,0,0,0
71604.375,1.4716066122055054,2.0783212184906006,1.5721896886825562,-0.0747998058795929,0.04753804951906204,-0.30914363265037537,0.07052060961723328,7.214706897735596,-86.118408203125,128.8392333984375,21.10625457763672,-38.28607177734375,-4701.0,-5971.0,-4723.0,0,0,0,0,0
71614.292,1.4713259935379028,2.0792012214660645,1.570025086402893,-0.07298340648412704,0.06256117671728134,-0.26825982332229614,1.1279964447021484,6.887483596801758,-86.62274169921875,108.28401947021484,60.18342590332031,95.76326751708984,-5902.0,-5057.0,-5578.0,0,0,0,0,0
71624.188,1.4708102941513062,2.0800271034240723,1.5675604343414307,-0.07221784442663193,0.06973451375961304,-0.2845912575721741,1.7863109111785889,6.487643718719482,-86.6291732788086,-64.16835021972656,33.322933197021484,-2.321467161178589,-5292.0,-3790.0,-6606.0,0,0,0,0,0
71634.096,1.4704800844192505,2.081084966659546,1.565352439880371,-0.07408656924962997,0.07824081927537918,-0.28090357780456543,0.553522527217865,6.159962177276611,-85.53194427490234,-121.85725402832031,15.260222434997559,148.46932983398438,270.0,-3320.0,-6931.0,0,0,0,0,0
71644.014,1.4699097871780396,2.082207679748535,1.563092827796936,-0.07437960058450699,0.0867389440536499,-0.2682567536830902,-0.3759966790676117,5.8782572746276855,-85.55489349365234,-105.43228912353516,35.60777282714844,-30.962350845336914,4816.0,-3560.0,-5772.0,0,0,0,0,0
71653.92,1.4692400693893433,2.0834004878997803,1.561009168624878,-0.07333870977163315,0.09546978771686554,-0.24978074431419373,-1.4878028631210327,5.397313594818115,-84.7767333984375,-91.20243835449219,-6.844451427459717,-184.79660034179688,6203.0,-3363.0,-4791.0,0,0,0,0,0
71663.817,1.4685895442962646,2.0846848487854004,1.5589513778686523,-0.07024799287319183,0.1015559732913971,-0.24319685995578766,-2.1722066402435303,5.3095703125,-85.25346374511719,59.75018310546875,27.161514282226562,107.98845672607422,5785.0,-3592.0,-3566.0,0,0,0,0,0
71673.723,1.4679690599441528,2.0858867168426514,1.5564677715301514,-0.06531111150979996,0.1041325032711029,-0.27191925048828125,-1.161435604095459,5.151144981384277,-85.53142547607422,140.0498809814453,40.60239028930664,8.343954086303711,426.0,-4759.0,-3006.0,0,0,0,0,0
71683.634,1.4676593542099,2.0873122215270996,1.5541341304779053,-0.061058711260557175,0.11221785843372345,-0.2380027323961258,-0.23570938408374786,4.872910499572754,-85.60865020751953,78.9384765625,25.198627471923828,-19.764392852783203,-4168.0,-4957.0,-3234.0,0,0,0,0,0
71693.548,1.4675275087356567,2.0888278484344482,1.5518463850021362,-0.05760711804032326,0.11611707508563995,-0.24407412111759186,0.7645214796066284,4.696761608123779,-86.01750183105469,82.63822174072266,34.91529846191406,7.533946514129639,-5765.0,-4588.0,-3796.0,0,0,0,0,0
71703.451,1.467399001121521,2.0905308723449707,1.5493459701538086,-0.05671684071421623,0.12228766828775406,-0.22165949642658234,1.6533448696136475,4.285576820373535,-86.01148986816406,-29.43736457824707,22.967931747436523,-166.4205322265625,-5824.0,-4307.0,-4563.0,0,0,0,0,0
71713.351,1.467646837234497,2.090719699859619,1.5494194030761719,-0.055906351655721664,0.12275964766740799,-0.22130736708641052,1.6462496519088745,4.28948450088501,-86.0234146118164,-151.9925537109375,43.73210906982422,140.41978454589844,-1377.0,-3452.0,-5506.0,0,0,0,0,0
71723.268,1.46741783618927,2.0923264026641846,1.547187328338623,-0.05717260017991066,0.1251046061515808,-0.23560698330402374,0.7838775515556335,3.858421564102173,-86.38854217529297,-78.69096374511719,53.15279769897461,-30.038728713989258,4138.0,-2694.0,-6424.0,0,0,0,0,0
71733.181,1.4664440155029297,2.0952582359313965,1.542792558670044,-0.057224713265895844,0.13083915412425995,-0.20702655613422394,-1.269890546798706,2.7933566570281982,-85.99505615234375,-83.16471862792969,20.78177833557129,132.38487243652344,6044.0,-1596.0,-7651.0,0,0,0,0,0
71743.073,1.4660190343856812,2.0969345569610596,1.5407638549804688,-0.05361912027001381,0.13235245645046234,-0.18342487514019012,-2.206909656524658,2.7339606285095215,-85.67862701416016,-7.871103286743164,46.519676208496094,280.2769470214844,6516.0,-1883.0,-7013.0,0,0,0,0,0
71752.98,1.465680480003357,2.0985918045043945,1.5385196208953857,-0.04892425239086151,0.13136295974254608,-0.22186754643917084,-1.6005741357803345,2.4654088020324707,-84.94281005859375,182.5489501953125,17.167495727539062,-284.5716552734375,2698.0,-3687.0,-5519.0,0,0,0,0,0
71762.897,1.4655753374099731,2.1004128456115723,1.535934567451477,-0.04293283075094223,0.1325911581516266,-0.19403007626533508,-0.37511250376701355,2.2851693630218506,-85.9080810546875,48.37820053100586,20.022146224975586,-3.823211193084717,-3412.0,-4199.0,-4566.0,0,0,0,0,0
71772.804,1.4657093286514282,2.102081298828125,1.533624291419983,-0.03916504606604576,0.1322382539510727,-0.19398672878742218,0.4656103849411011,2.1334340572357178,-85.39815521240234,79.01426696777344,19.49811553955078,51.74989700317383,-5216.0,-4422.0,-4455.0,0,0,0,0,0
71782.702,1.4659892320632935,2.1022396087646484,1.5334837436676025,-0.03824308142066002,0.1326095014810562,-0.19458144903182983,0.45765477418899536,2.1368579864501953,-85.40370178222656,0.5172696113586426,3.4090206623077393,-104.25244140625,-5409.0,-4195.0,-3731.0,0,0,0,0,0
71792.608,1.466151237487793,2.103895425796509,1.531309723854065,-0.03636189550161362,0.13273575901985168,-0.1777443140745163,1.2050257921218872,1.7942804098129272,-85.01925659179688,-146.1415252685547,54.494606018066406,75.6756591796875,-1800.0,-3168.0,-3229.0,0,0,0,0,0
71802.516,1.4660913944244385,2.105668306350708,1.528886079788208,-0.037244878709316254,0.13130666315555573,-0.19148872792720795,0.37488675117492676,1.2895647287368774,-85.73750305175781,-57.02958297729492,47.300048828125,-145.09689331054688,3794.0,-1572.0,-3651.0,0,0,0,0,0
71812.44,1.4659138917922974,2.1072769165039062,1.5266417264938354,-0.03710561618208885,0.12997673451900482,-0.171054407954216,-0.6009522080421448,0.8274151086807251,-86.79638671875,-69.78898620605469,47.335289001464844,173.7831573486328,5542.0,-819.0,-5320.0,0,0,0,0,0
71822.334,1.4656351804733276,2.1087169647216797,1.5247313976287842,-0.03553156554698944,0.12764255702495575,-0.1652475893497467,-1.4047446250915527,0.2733957767486572,-86.11461639404297,-36.661155700683594,55.76816177368164,262.8734436035156,6129.0,-1277.0,-5717.0,0,0,0,0,0
71832.239,1.465503215789795,2.1102638244628906,1.522695541381836,-0.03140856698155403,0.12422342598438263,-0.14469312131404877,-2.288114070892334,0.176038458943367,-85.59068298339844,196.19960021972656,8.695454597473145,-242.19158935546875,3403.0,-2810.0,-4935.0,0,0,0,0,0
71842.159,1.4656014442443848,2.111740827560425,1.5204805135726929,-0.02599198929965496,0.12087340652942657,-0.18737681210041046,-1.5191380977630615,-0.00974706094712019,-85.2722396850586,56.70289611816406,10.988828659057617,52.227928161621094,-3394.0,-3568.0,-4681.0,0,0,0,0,0
71852.063,1.465918779373169,2.113199472427368,1.5181821584701538,-0.019895348697900772,0.11733601987361908,-0.16567832231521606,-0.23296141624450684,-0.17106187343597412,-86.21212768554688,106.76496887207031,16.34841537475586,100.74568176269531,-5750.0,-3670.0,-4944.0,0,0,0,0,0
71861.96,1.466312050819397,2.114642858505249,1.5160026550292969,-0.01618964783847332,0.11361349374055862,-0.16809655725955963,0.7376832365989685,-0.32396137714385986,-85.56688690185547,0.5213744044303894,19.997634887695312,-38.03441619873047,-6012.0,-3347.0,-4488.0,0,0,0,0,0
71871.869,1.4664194583892822,2.1159064769744873,1.5141879320144653,-0.016057347878813744,0.10918359458446503,-0.14183402061462402,1.4957833290100098,-0.6102505326271057,-85.13864135742188,-118.1670913696289,55.473079681396484,81.75261688232422,-2112.0,-2330.0,-3952.0,0,0,0,0,0
71881.776,1.4666587114334106,2.117224931716919,1.5121188163757324,-0.01717425137758255,0.10509704053401947,-0.14780870079994202,0.7415549755096436,-1.0449907779693604,-85.52626037597656,-51.638851165771484,42.99690628051758,-125.4048080444336,3361.0,-945.0,-4072.0,0,0,0,0,0
71891.702,1.4667149782180786,2.1184494495391846,1.5101814270019531,-0.01772911101579666,0.09961623698472977,-0.12011063098907471,-0.2123647928237915,-1.4440531730651855,-86.76012420654297,-58.930747985839844,25.397808074951172,76.07626342773438,4766.0,-188.0,-5364.0,0,0,0,0,0
71901.585,1.4667339324951172,2.119614362716675,1.5084480047225952,-0.016227751970291138,0.09420456737279892,-0.10538128018379211,-0.7008255124092102,-1.9609946012496948,-85.85877227783203,-54.26031494140625,49.61888885498047,253.35691833496094,5343.0,-475.0,-5418.0,0,0,0,0,0
71911.493,1.4668128490447998,2.1207079887390137,1.506844162940979,-0.013769186101853848,0.08739098161458969,-0.09109564125537872,-1.7036405801773071,-2.0382227897644043,-85.43038940429688,216.8043975830078,13.613746643066406,-229.30784606933594,3066.0,-1843.0,-4461.0,0,0,0,0,0
71921.399,1.4669086933135986,2.121648073196411,1.5054101943969727,-0.009653410874307156,0.0827702134847641,-0.12801729142665863,-0.9494034051895142,-2.211472988128662,-85.32746124267578,60.77534484863281,14.575224876403809,170.9485321044922,-3766.0,-2502.0,-4424.0,0,0,0,0,0
71931.316,1.4673577547073364,2.122626781463623,1.5034828186035156,-0.004882358480244875,0.07659183442592621,-0.12309123575687408,0.25566986203193665,-2.384997606277466,-85.93047332763672,105.01718139648438,14.603204727172852,143.8089141845703,-5926.0,-2497.0,-4444.0,0,0,0,0,0
71941.214,1.467898964881897,2.1235299110412598,1.5017424821853638,-0.0025074761360883713,0.06923796236515045,-0.09872543066740036,1.300889015197754,-2.5085690021514893,-85.07432556152344,-30.786407470703125,16.391347885131836,-74.62799072265625,-5887.0,-2309.0,-3586.0,0,0,0,0,0
71951.121,1.4683613777160645,2.1243648529052734,1.5000725984573364,-0.002116995397955179,0.06297754496335983,-0.09821075946092606,1.917564868927002,-2.7305808067321777,-84.77882385253906,-106.47264099121094,33.07761764526367,38.5925178527832,-1395.0,-1421.0,-2884.0,0,0,0,0,0
71961.037,1.4686087369918823,2.125075340270996,1.4984583854675293,-0.00467636389657855,0.05603468790650368,-0.09002932161092758,1.0647956132888794,-3.115687131881714,-85.14444732666016,-45.7122688293457,40.006526947021484,11.523015975952148,3405.0,-275.0,-3038.0,0,0,0,0,0
71970.944,1.4686311483383179,2.1256372928619385,1.4973278045654297,-0.006400309037417173,0.04762343689799309,-0.06558063626289368,0.19722312688827515,-3.4343385696411133,-86.4441909790039,-77.42190551757812,-1.9761115312576294,27.375452041625977,4233.0,360.0,-4289.0,0,0,0,0,0
71980.842,1.4687148332595825,2.1261513233184814,1.496124029159546,-0.0056968131102621555,0.03855160251259804,-0.03450554236769676,-0.2175935059785843,-3.783071279525757,-85.5969009399414,-8.383435249328613,35.30516815185547,190.23060607910156,4878.0,-291.0,-4569.0,0,0,0,0,0
71990.749,1.468843936920166,2.1265475749969482,1.4950501918792725,-0.004800193943083286,0.030961669981479645,-0.03971024975180626,-1.1568440198898315,-3.835101842880249,-85.08148956298828,200.05282592773438,22.087646484375,-151.76080322265625,1419.0,-1425.0,-3984.0,0,0,0,0,0
72000.656,1.4691940546035767,2.1268839836120605,1.493700623512268,-0.0002482189447619021,0.02602076716721058,-0.07668839395046234,0.006769243627786636,-3.8750176429748535,-85.8582763671875,78.49181365966797,12.462592124938965,173.36688232421875,-4689.0,-1942.0,-4676.0,0,0,0,0,0
72010.573,1.4696829319000244,2.127152919769287,1.4921878576278687,0.002570103155449033,0.018763314932584763,-0.07627497613430023,1.0548557043075562,-4.0196757316589355,-85.75564575195312,81.09104919433594,-2.4464571475982666,91.55926513671875,-6194.0,-1710.0,-4742.0,0,0,0,0,0
72020.469,1.4699411392211914,2.1273019313812256,1.4913142919540405,0.0014206294436007738,0.007816045545041561,-0.028727103024721146,2.0618293285369873,-4.064892292022705,-85.07552337646484,-60.03617477416992,4.853457450866699,-110.30097961425781,-5241.0,-1618.0,-4036.0,0,0,0,0,0
72030.382,1.4703538417816162,2.127390146255493,1.490040898323059,0.001335987588390708,0.003934955690056086,-0.0749126672744751,2.267350196838379,-4.1869306564331055,-85.29437255859375,-112.617431640625,5.230778694152832,-51.389461517333984,-161.0,-988.0,-3765.0,0,0,0,0,0
72040.284,1.4705370664596558,2.12736439704895,1.4888275861740112,-0.0028239532839506865,-0.007079922594130039,-0.028405368328094482,1.2380648851394653,-4.4261603355407715,-85.1082992553711,-43.50890350341797,33.31017303466797,112.79021453857422,4006.0,-289.0,-3772.0,0,0,0,0,0
72050.201,1.4705476760864258,2.127216339111328,1.4878443479537964,-0.004806140903383493,-0.014347633346915245,-0.030786817893385887,0.4630648195743561,-4.626376152038574,-86.1695327758789,-119.27274322509766,-27.543033599853516,-157.1080780029297,4243.0,107.0,-4449.0,0,0,0,0,0
72060.099,1.4705543518066406,2.1269688606262207,1.4870305061340332,-0.004930626135319471,-0.024476507678627968,0.0005620192387141287,-0.01389262918382883,-4.745143413543701,-85.68714904785156,53.455718994140625,4.4693450927734375,27.723834991455078,4808.0,-699.0,-4786.0,0,0,0,0,0
72070.012,1.4706413745880127,2.126272201538086,1.485873818397522,-0.0014588547637686133,-0.03541319817304611,-0.04395389184355736,0.7019407749176025,-4.701644420623779,-86.61886596679688,142.26332092285156,9.328449249267578,-50.792396545410156,-352.0,-1361.0,-4725.0,0,0,0,0,0
72079.912,1.4707995653152466,2.126244306564331,1.4855167865753174,-0.0009752226760610938,-0.0354665070772171,-0.04546056315302849,0.6981053352355957,-4.704997539520264,-86.62864685058594,96.19915771484375,-4.6269330978393555,63.789215087890625,-5213.0,-1608.0,-6029.0,0,0,0,0,0
72089.837,1.4711732864379883,2.1257762908935547,1.4843488931655884,9.506512287771329e-05,-0.042513709515333176,-0.04494665190577507,1.495975136756897,-4.709042549133301,-85.8409423828125,76.77644348144531,3.0046300888061523,-2.3187005519866943,-6225.0,-1625.0,-5927.0,0,0,0,0,0
72099.726,1.4715306758880615,2.1251845359802246,1.4834916591644287,-0.0020152840297669172,-0.053991738706827164,0.007752669509500265,2.5690524578094482,-4.624429702758789,-85.39873504638672,-91.46160125732422,10.280466079711914,-46.63679504394531,-4783.0,-1525.0,-5292.0,0,0,0,0,0
72109.633,1.4716572761535645,2.123887062072754,1.4821949005126953,-0.008194642141461372,-0.06504406034946442,-0.012030845507979393,1.5297677516937256,-4.8036580085754395,-85.3458023071289,-99.3085708618164,-10.31873607635498,-132.52134704589844,750.0,-703.0,-4961.0,0,0,0,0,0
72119.54,1.4715806245803833,2.123047351837158,1.481397032737732,-0.010715576820075512,-0.07124485820531845,-0.014374271966516972,0.7466286420822144,-4.915246963500977,-86.11605834960938,-59.86325454711914,21.177223205566406,132.58750915527344,4261.0,-155.0,-4804.0,0,0,0,0,0
72129.457,1.4715404510498047,2.122950315475464,1.4810701608657837,-0.010850977152585983,-0.07150686532258987,-0.015758011490106583,0.7475091814994812,-4.922064781188965,-86.12357330322266,-122.48664855957031,-52.22795867919922,-226.02525329589844,4500.0,-62.0,-5099.0,0,0,0,0,0
72139.359,1.4713542461395264,2.121994972229004,1.4805222749710083,-0.012027790769934654,-0.08196520060300827,0.029224257916212082,0.07946360111236572,-4.813276767730713,-86.00436401367188,93.59656524658203,-24.615190505981445,-57.500938415527344,4404.0,-1383.0,-5326.0,0,0,0,0,0
72149.261,1.4713038206100464,2.120936393737793,1.479964017868042,-0.012071339413523674,-0.08508600294589996,-0.009546074084937572,-0.3304988741874695,-4.711984634399414,-85.27821350097656,95.36688232421875,-9.674911499023438,15.834452629089355,-1495.0,-1938.0,-5161.0,0,0,0,0,0
72159.178,1.4714133739471436,2.119863271713257,1.4791944026947021,-0.008866675198078156,-0.09024839848279953,-0.01724669709801674,1.1552581787109375,-4.535482883453369,-86.80220794677734,87.51588439941406,-23.720813751220703,-8.735291481018066,-5375.0,-2154.0,-6064.0,0,0,0,0,0
72169.089,1.4714943170547485,2.1177151203155518,1.4784057140350342,-0.013156721368432045,-0.1037517860531807,0.03361456096172333,2.7163662910461426,-4.212340831756592,-85.50162506103516,69.70475006103516,4.620603561401367,4.471011638641357,-5903.0,-2299.0,-5894.0,0,0,0,0,0
72178.991,1.4716296195983887,2.117610454559326,1.478124737739563,-0.012726467102766037,-0.1040230393409729,0.03239786997437477,2.713326930999756,-4.219171524047852,-85.5051498413086,-108.22239685058594,8.778079986572266,26.721437454223633,-4044.0,-1821.0,-5352.0,0,0,0,0,0
72188.889,1.47160804271698,2.1162447929382324,1.4775928258895874,-0.014555518515408039,-0.10416560620069504,-0.030564134940505028,2.502790927886963,-4.190662384033203,-86.24422454833984,-88.5734634399414,-15.461580276489258,-132.90081787109375,1761.0,-946.0,-5425.0,0,0,0,0,0
72198.796,1.4713413715362549,2.1149134635925293,1.4769232273101807,-0.02034827694296837,-0.11186330020427704,0.01432076096534729,1.2874619960784912,-4.190670013427734,-85.85774993896484,-59.84600830078125,14.061131477355957,171.7250518798828,4740.0,-527.0,-5676.0,0,0,0,0,0
72208.716,1.4709616899490356,2.113499402999878,1.476448655128479,-0.022955723106861115,-0.11541786044836044,0.007579259108752012,0.5789107084274292,-4.228331089019775,-86.34993743896484,-127.97633361816406,-42.31222915649414,-60.536869049072266,5032.0,-453.0,-5901.0,0,0,0,0,0
72218.62,1.4706498384475708,2.1121609210968018,1.4764630794525146,-0.023765645921230316,-0.1221497654914856,0.048984698951244354,-0.33145207166671753,-3.99273419380188,-86.55558013916016,126.77609252929688,-47.91508483886719,-115.42822265625,4556.0,-1726.0,-6145.0,0,0,0,0,0
72228.518,1.470360517501831,2.1106302738189697,1.4762178659439087,-0.023156998679041862,-0.12281228601932526,0.004178629256784916,-0.3264272212982178,-3.8073666095733643,-85.55362701416016,51.03095245361328,-25.59541130065918,59.38329315185547,-2062.0,-2525.0,-5957.0,0,0,0,0,0
72238.437,1.4702640771865845,2.109083652496338,1.4757410287857056,-0.020574884489178658,-0.1265009492635727,0.0118362782523036,1.0418468713760376,-3.5460524559020996,-86.74072265625,109.45591735839844,-35.84722137451172,25.04640769958496,-5143.0,-2944.0,-6495.0,0,0,0,0,0
72248.344,1.4702799320220947,2.1075761318206787,1.4752559661865234,-0.020146815106272697,-0.12810330092906952,-0.006636111531406641,1.6744275093078613,-3.203852653503418,-86.11315155029297,43.61787414550781,0.2386116087436676,22.203445434570312,-5738.0,-3038.0,-6251.0,0,0,0,0,0
72258.241,1.4702438116073608,2.1059768199920654,1.474962592124939,-0.023245325312018394,-0.13278894126415253,0.04275881499052048,2.497615098953247,-3.0829052925109863,-85.718017578125,-99.9762954711914,8.811732292175293,72.72672271728516,-3359.0,-2032.0,-5708.0,0,0,0,0,0
72268.148,1.4699980020523071,2.104357957839966,1.4745928049087524,-0.025216026231646538,-0.13124950230121613,-0.016649631783366203,2.159947395324707,-3.0184593200683594,-86.07195281982422,-83.031005859375,-13.692700386047363,-94.84613800048828,1982.0,-1050.0,-5436.0,0,0,0,0,0
72278.058,1.4696440696716309,2.102869749069214,1.474463701248169,-0.030182763934135437,-0.1349545270204544,0.03434084355831146,1.0395612716674805,-2.9857311248779297,-85.99882507324219,-57.65460205078125,7.774816513061523,224.17440795898438,4682.0,-671.0,-5616.0,0,0,0,0,0
72287.969,1.4690964221954346,2.1012167930603027,1.4742769002914429,-0.03265443444252014,-0.13573557138442993,0.025737587362527847,0.3188944160938263,-2.956681966781616,-86.21116638183594,-114.55958557128906,-38.355308532714844,-12.056849479675293,4937.0,-951.0,-5592.0,0,0,0,0,0
72297.866,1.4685691595077515,2.0995333194732666,1.474293828010559,-0.03329956904053688,-0.13901129364967346,0.06352939456701279,-0.5383947491645813,-2.640761375427246,-86.47126007080078,138.65225219726562,-59.395912170410156,-143.38999938964844,4200.0,-2369.0,-5737.0,0,0,0,0,0
72307.776,1.468193769454956,2.0978636741638184,1.4742151498794556,-0.03261472284793854,-0.13760453462600708,0.01667778566479683,-0.5833489894866943,-2.4385182857513428,-85.46688079833984,47.922874450683594,-36.31678009033203,55.61244201660156,-2336.0,-3074.0,-5573.0,0,0,0,0,0
72317.68,1.4680038690567017,2.096224308013916,1.473958134651184,-0.029364729300141335,-0.13803918659687042,0.020694507285952568,0.884896457195282,-2.093719482421875,-86.69371032714844,104.12008666992188,-44.89931869506836,-10.842905044555664,-5284.0,-3554.0,-6071.0,0,0,0,0,0
72327.597,1.467807650566101,2.094728708267212,1.4738579988479614,-0.029128773137927055,-0.13693703711032867,0.005022090394049883,1.5201151371002197,-1.7119734287261963,-85.9885482788086,46.95994567871094,-7.979112148284912,-19.102880477905273,-5777.0,-3740.0,-5830.0,0,0,0,0,0
72337.495,1.4676553010940552,2.0931146144866943,1.4737566709518433,-0.0317208506166935,-0.1370401233434677,0.045732270926237106,2.298172950744629,-1.5039722919464111,-85.81757354736328,-108.3153076171875,7.067708492279053,69.86502075195312,-3330.0,-2949.0,-5652.0,0,0,0,0,0
72347.405,1.4673347473144531,2.0915424823760986,1.4735512733459473,-0.033828169107437134,-0.13427318632602692,-0.007613153196871281,1.8406627178192139,-1.3666378259658813,-86.51321411132812,-74.12602996826172,-21.69281768798828,-125.12110137939453,2229.0,-2055.0,-5987.0,0,0,0,0,0
72357.309,1.4667809009552002,2.089972734451294,1.473360538482666,-0.03846751153469086,-0.1336604803800583,0.03876032307744026,0.6990607976913452,-1.2445976734161377,-86.4216537475586,-55.981178283691406,1.9429433345794678,157.8062286376953,4695.0,-1799.0,-6597.0,0,0,0,0,0
72367.225,1.4661353826522827,2.0884225368499756,1.473415493965149,-0.04038359969854355,-0.13151061534881592,0.03205287456512451,0.04228777810931206,-1.1578505039215088,-86.53692626953125,-117.98038482666016,-43.234535217285156,15.104429244995117,4946.0,-1939.0,-6792.0,0,0,0,0,0
72377.122,1.4656198024749756,2.08699107170105,1.4737755060195923,-0.04023420438170433,-0.1299923211336136,0.06824066489934921,-0.8605028390884399,-0.7957713603973389,-86.78187561035156,138.38621520996094,-64.52399444580078,-148.75559997558594,4397.0,-3337.0,-6923.0,0,0,0,0,0
72387.046,1.4651355743408203,2.0854859352111816,1.473890781402588,-0.03906729444861412,-0.12718379497528076,0.024513185024261475,-0.8436780571937561,-0.47666341066360474,-85.95320892333984,41.2745361328125,-40.78232955932617,53.426177978515625,-2164.0,-4399.0,-6889.0,0,0,0,0,0
72396.937,1.464848279953003,2.0840888023376465,1.4737744331359863,-0.035492315888404846,-0.12418008595705032,0.027531785890460014,0.6517678499221802,-0.06403493136167526,-87.26036834716797,119.78099060058594,-45.98304748535156,33.6985969543457,-5182.0,-5003.0,-7611.0,0,0,0,0,0
72406.854,1.4646658897399902,2.082737445831299,1.4735838174819946,-0.03461747244000435,-0.12077926099300385,0.006068603601306677,1.2804170846939087,0.38886648416519165,-86.55530548095703,29.294815063476562,-6.878523349761963,20.161043167114258,-5806.0,-4991.0,-7433.0,0,0,0,0,0
72416.761,1.4644551277160645,2.0814216136932373,1.4735628366470337,-0.036843180656433105,-0.11595246195793152,0.04792262241244316,2.038330078125,0.5807116627693176,-86.27883911132812,-85.08979034423828,2.42962908744812,66.03843688964844,-3146.0,-3787.0,-7029.0,0,0,0,0,0
72426.658,1.4640171527862549,2.0801541805267334,1.4734342098236084,-0.038349851965904236,-0.11206874251365662,-0.0175405852496624,1.704932689666748,0.7142449021339417,-86.54900360107422,-83.22114562988281,-15.359764099121094,-112.43392181396484,1787.0,-2773.0,-6843.0,0,0,0,0,0
72436.575,1.46351158618927,2.0789873600006104,1.4733765125274658,-0.04251310974359512,-0.1065356582403183,0.029827501624822617,0.6927585005760193,0.79096519947052,-86.54297637939453,-52.020687103271484,12.411765098571777,162.81869506835938,4380.0,-2352.0,-7068.0,0,0,0,0,0
72446.495,1.4628076553344727,2.077831268310547,1.4733576774597168,-0.04457288980484009,-0.101875439286232,0.016159331426024437,-0.011165082454681396,0.8495767116546631,-86.65995025634766,-119.51516723632812,-47.33012390136719,-44.270408630371094,4515.0,-2368.0,-6932.0,0,0,0,0,0
72456.389,1.4621155261993408,2.0767300128936768,1.4735112190246582,-0.04495549201965332,-0.09672039747238159,0.047533560544252396,-0.7592377066612244,1.1233689785003662,-86.66220092773438,109.3457260131836,-58.07487106323242,-91.35552215576172,4374.0,-3711.0,-6674.0,0,0,0,0,0
72466.286,1.4611661434173584,2.074822187423706,1.4736604690551758,-0.04041026905179024,-0.08746685832738876,0.00639338418841362,0.4535221457481384,1.778385043144226,-87.03461456298828,62.851070404052734,-33.796897888183594,20.571664810180664,-1721.0,-4893.0,-6134.0,0,0,0,0,0
72476.202,1.4612144231796265,2.074816942214966,1.4735333919525146,-0.040255893021821976,-0.08749431371688843,0.005858251359313726,0.4535221457481384,1.778385043144226,-87.03461456298828,117.66182708740234,-40.26752471923828,32.641319274902344,-5204.0,-5660.0,-6937.0,0,0,0,0,0
72486.11,1.460998773574829,2.0739707946777344,1.473271131515503,-0.03916919603943825,-0.08238319307565689,-0.0116005539894104,1.0363458395004272,2.158892869949341,-86.48921203613281,41.98827362060547,-0.22899918258190155,-27.509876251220703,-5947.0,-5618.0,-6847.0,0,0,0,0,0
72496.021,1.460774302482605,2.0732228755950928,1.473177194595337,-0.04096371680498123,-0.07413043081760406,0.033614616841077805,1.9114590883255005,2.368541717529297,-86.2304458618164,-85.03023529052734,11.953375816345215,-7.595970153808594,-3889.0,-4561.0,-6571.0,0,0,0,0,0
72505.92,1.4604133367538452,2.0725245475769043,1.4731131792068481,-0.0417698509991169,-0.06991646438837051,-0.02565787360072136,1.7912193536758423,2.4337332248687744,-86.69658660888672,-98.30565643310547,-2.4933791160583496,-85.7551040649414,1061.0,-3276.0,-6832.0,0,0,0,0,0
72515.821,1.4597676992416382,2.071901798248291,1.472802758216858,-0.04660574719309807,-0.06063199043273926,0.018008308485150337,0.6791746020317078,2.3866560459136963,-86.7918930053711,-75.09909057617188,24.653223037719727,131.80955505371094,4295.0,-2546.0,-7464.0,0,0,0,0,0
72525.738,1.4590564966201782,2.0713918209075928,1.4727946519851685,-0.048559706658124924,-0.054619576781988144,0.006316256709396839,-0.06900603324174881,2.3515100479125977,-86.9128189086914,-124.5191421508789,-59.096553802490234,-160.63674926757812,4725.0,-2215.0,-7525.0,0,0,0,0,0
72535.635,1.4584531784057617,2.070917844772339,1.472954511642456,-0.048447512090206146,-0.04721355810761452,0.040083397179841995,-0.8706047534942627,2.483327865600586,-86.49893188476562,55.95802307128906,-41.2584342956543,-11.055482864379883,4906.0,-3631.0,-7048.0,0,0,0,0,0
72545.556,1.4578065872192383,2.0705373287200928,1.4730677604675293,-0.04759448394179344,-0.04232913628220558,0.0031896252185106277,-1.2639778852462769,2.69933819770813,-85.51313781738281,94.38703918457031,-24.54254913330078,-56.0830078125,-545.0,-4996.0,-6057.0,0,0,0,0,0
72555.449,1.457382082939148,2.070267677307129,1.4729623794555664,-0.04314788803458214,-0.03554587811231613,0.0028003687039017677,0.3233368396759033,3.0504701137542725,-87.11104583740234,101.39476013183594,-22.924596786499023,100.4948959350586,-4684.0,-5935.0,-6545.0,0,0,0,0,0
72565.366,1.4571105241775513,2.0701048374176025,1.4727317094802856,-0.041501790285110474,-0.029719462618231773,-0.02073444053530693,1.0965770483016968,3.389404535293579,-86.44519805908203,32.88633728027344,5.926214694976807,-64.55482482910156,-6017.0,-6292.0,-6628.0,0,0,0,0,0
72575.269,1.456727147102356,2.069934129714966,1.4726486206054688,-0.043625663965940475,-0.020073439925909042,0.013680911622941494,1.6427807807922363,3.402878761291504,-86.14457702636719,-68.14625549316406,9.058706283569336,-91.02184295654297,-3965.0,-4905.0,-6345.0,0,0,0,0,0
72585.17,1.456423044204712,2.07000994682312,1.472453236579895,-0.04509494826197624,-0.015174982137978077,-0.025629214942455292,1.1291536092758179,3.3323140144348145,-86.7190170288086,-114.56827545166016,7.809999942779541,-70.95970916748047,608.0,-3458.0,-6405.0,0,0,0,0,0
72595.077,1.4559012651443481,2.07015323638916,1.4722683429718018,-0.04761798307299614,-0.0063537657260894775,0.00899219885468483,0.1423729658126831,3.226188898086548,-87.32719421386719,-76.17547607421875,22.377246856689453,157.72970581054688,4062.0,-2803.0,-7332.0,0,0,0,0,0
72605.005,1.4552052021026611,2.0703654289245605,1.4722810983657837,-0.04855085536837578,0.0003522283222991973,0.010678176768124104,-0.5761531591415405,3.0402579307556152,-86.59614562988281,-116.88143920898438,-42.33122634887695,-127.45166778564453,4705.0,-2113.0,-7676.0,0,0,0,0,0
72614.894,1.454527497291565,2.0706799030303955,1.47246515750885,-0.04772176593542099,0.007462294772267342,0.03709987550973892,-1.4977048635482788,3.214601993560791,-86.6292724609375,2.1997246742248535,-12.884387969970703,81.36734008789062,5417.0,-3494.0,-7322.0,0,0,0,0,0
72624.807,1.4539859294891357,2.0709192752838135,1.4725971221923828,-0.04561516270041466,0.011050001718103886,0.00258508138358593,-1.5186455249786377,3.2937960624694824,-85.79340362548828,149.7203369140625,-14.032519340515137,-105.82379150390625,845.0,-4948.0,-6667.0,0,0,0,0,0
72634.71,1.4536195993423462,2.071385622024536,1.472426414489746,-0.04104755073785782,0.016550257802009583,-0.004070009104907513,0.05406123027205467,3.512542247772217,-87.23320770263672,76.52903747558594,-11.926990509033203,117.2127914428711,-4264.0,-5848.0,-6910.0,0,0,0,0,0
72644.639,1.4534341096878052,2.0719480514526367,1.4721237421035767,-0.03909971937537193,0.021165063604712486,-0.0265407245606184,0.6667237281799316,3.7244486808776855,-86.66204071044922,56.10886764526367,16.27129364013672,-0.7765303254127502,-5992.0,-6208.0,-7203.0,0,0,0,0,0
72654.522,1.4532891511917114,2.072631359100342,1.4719384908676147,-0.03973035886883736,0.030553491786122322,0.017312953248620033,1.4308319091796875,3.7250401973724365,-86.4303207397461,-57.972991943359375,9.362334251403809,-99.36246490478516,-4714.0,-5160.0,-6945.0,0,0,0,0,0
72664.433,1.4530278444290161,2.073392629623413,1.4716964960098267,-0.04031422361731529,0.03375815972685814,-0.036018673330545425,1.132262110710144,3.5878043174743652,-86.75455474853516,-103.2663345336914,21.23657989501953,1.2928904294967651,-217.0,-3587.0,-7006.0,0,0,0,0,0
72674.344,1.4525420665740967,2.074192523956299,1.471448540687561,-0.04300568252801895,0.042425528168678284,0.008026991039514542,0.2388998568058014,3.3265182971954346,-87.04328155517578,-75.09159851074219,22.721364974975586,108.25016784667969,3593.0,-2435.0,-7626.0,0,0,0,0,0
72684.25,1.452017068862915,2.0748496055603027,1.471407413482666,-0.04380040243268013,0.04678644612431526,-0.004032923839986324,-0.4776640236377716,3.0442910194396973,-86.80105590820312,-75.43357849121094,-11.522695541381836,31.33112907409668,4394.0,-1594.0,-7839.0,0,0,0,0,0
72694.161,1.4514079093933105,2.0757827758789062,1.4714088439941406,-0.04301382601261139,0.053020719438791275,0.0262552909553051,-1.1715495586395264,2.9893178939819336,-86.481201171875,-39.164039611816406,17.082590103149414,170.5497283935547,4888.0,-2828.0,-7410.0,0,0,0,0,0
72704.055,1.4508798122406006,2.0767922401428223,1.4714648723602295,-0.04179573059082031,0.05638875067234039,0.006026274990290403,-1.7794742584228516,2.9654629230499268,-85.4549560546875,186.32723999023438,-0.19305451214313507,-190.0026092529297,2030.0,-4159.0,-6232.0,0,0,0,0,0
72713.963,1.4505887031555176,2.077857494354248,1.471258282661438,-0.03678019717335701,0.059440914541482925,-0.014682873152196407,-0.24195146560668945,3.125692844390869,-87.00212097167969,58.49420928955078,-10.177685737609863,111.24799346923828,-3766.0,-5324.0,-6270.0,0,0,0,0,0
72723.882,1.4504621028900146,2.0789942741394043,1.4708141088485718,-0.034391023218631744,0.06264176964759827,-0.0343363955616951,0.4354926347732544,3.2408082485198975,-86.64788055419922,98.62691497802734,20.564878463745117,122.63761901855469,-5957.0,-5890.0,-6670.0,0,0,0,0,0
72733.776,1.450271725654602,2.0799272060394287,1.4706053733825684,-0.03469933196902275,0.06886395812034607,0.00884930044412613,1.3887901306152344,3.1866888999938965,-86.04067993164062,-20.464984893798828,24.676616668701172,17.61109161376953,-5362.0,-5077.0,-6311.0,0,0,0,0,0
72743.683,1.4501690864562988,2.0811591148376465,1.4702502489089966,-0.034737616777420044,0.0706498995423317,-0.042094938457012177,1.2483694553375244,2.9973371028900146,-86.3432846069336,-72.77865600585938,40.48017120361328,3.3161911964416504,-1301.0,-3581.0,-6102.0,0,0,0,0,0
72753.59,1.4498698711395264,2.0824618339538574,1.4698578119277954,-0.03725741058588028,0.07666818797588348,-0.002470435341820121,0.5083814263343811,2.6313016414642334,-86.76554870605469,-74.08353424072266,21.32540512084961,-92.18177795410156,2834.0,-2090.0,-6650.0,0,0,0,0,0
72763.511,1.4493802785873413,2.083786964416504,1.4696639776229858,-0.03859208524227142,0.07985024154186249,-0.005567488726228476,-0.29351022839546204,2.360646963119507,-87.40741729736328,-24.020545959472656,32.45469284057617,42.16950225830078,4152.0,-1352.0,-7518.0,0,0,0,0,0
72773.403,1.4489227533340454,2.0848822593688965,1.4696364402770996,-0.03786530718207359,0.08293689042329788,0.016281552612781525,-0.7572811841964722,1.9595849514007568,-86.53327941894531,-90.83598327636719,23.134929656982422,206.33181762695312,4341.0,-1586.0,-7759.0,0,0,0,0,0
72783.311,1.4483890533447266,2.0863616466522217,1.4696381092071533,-0.037043336778879166,0.08456671237945557,0.011153286322951317,-1.7759342193603516,1.8454017639160156,-85.54679107666016,184.1016845703125,-0.6471028327941895,-195.46852111816406,3590.0,-2611.0,-6623.0,0,0,0,0,0
72793.229,1.4480961561203003,2.0877625942230225,1.4693278074264526,-0.032320715487003326,0.08488699793815613,-0.02478933520615101,-0.3665687143802643,1.8943426609039307,-86.90762329101562,45.06261444091797,-1.567486047744751,20.221572875976562,-2706.0,-4078.0,-6281.0,0,0,0,0,0
72803.135,1.4480177164077759,2.0891945362091064,1.468754768371582,-0.029746396467089653,0.08598042279481888,-0.03516097366809845,0.3491983711719513,1.9301961660385132,-86.8570556640625,131.24627685546875,7.328150749206543,113.40751647949219,-5676.0,-5020.0,-6874.0,0,0,0,0,0
72813.041,1.448041558265686,2.090667724609375,1.468211054801941,-0.028566449880599976,0.08826985210180283,-0.014813455753028393,1.4589768648147583,1.8615169525146484,-85.96755981445312,-3.7698471546173096,37.67845916748047,53.0645637512207,-6345.0,-4643.0,-6539.0,0,0,0,0,0
72822.939,1.4480040073394775,2.092144727706909,1.4677035808563232,-0.02896459400653839,0.08904126286506653,-0.045603230595588684,1.459104299545288,1.5901483297348022,-86.21186065673828,-63.26288986206055,50.005821228027344,-42.935707092285156,-2619.0,-3082.0,-6086.0,0,0,0,0,0
72832.845,1.4477542638778687,2.0933609008789062,1.4672154188156128,-0.03170911967754364,0.09006873518228531,-0.02129412814974785,0.7761390209197998,1.1491402387619019,-86.74284362792969,-88.55641174316406,35.848472595214844,-197.0233154296875,1834.0,-1307.0,-6438.0,0,0,0,0,0
72842.764,1.4474096298217773,2.0948643684387207,1.466758131980896,-0.03324952721595764,0.09058059006929398,-0.019986897706985474,-0.08266175538301468,0.8060365319252014,-87.8487319946289,-29.413965225219727,67.4664535522461,80.00089263916016,4069.0,-899.0,-7535.0,0,0,0,0,0
72852.66,1.4469491243362427,2.0963566303253174,1.4663888216018677,-0.03306502103805542,0.09089119732379913,-0.0023200532887130976,-0.5469039678573608,0.29433271288871765,-86.7237548828125,-109.60904693603516,1.8389662504196167,60.890113830566406,4102.0,-279.0,-8172.0,0,0,0,0,0
72862.567,1.4465099573135376,2.0978331565856934,1.466122031211853,-0.032416731119155884,0.08944403380155563,-0.0010015961015596986,-1.4764705896377563,0.2369779348373413,-85.95548248291016,101.55596923828125,-2.3315184116363525,-118.43753051757812,4245.0,-1678.0,-7252.0,0,0,0,0,0
72872.477,1.4462794065475464,2.09930682182312,1.4656010866165161,-0.028779640793800354,0.08802330493927002,-0.03709147870540619,-0.6775591373443604,0.18564413487911224,-86.63064575195312,67.18570709228516,2.697270393371582,-110.24996948242188,-1706.0,-3238.0,-6881.0,0,0,0,0,0
72882.391,1.4460939168930054,2.100494384765625,1.4650417566299438,-0.026010431349277496,0.08588840812444687,-0.040147021412849426,0.30121085047721863,0.1380079835653305,-87.3759994506836,130.91722106933594,7.391103267669678,78.90272521972656,-5160.0,-3978.0,-7530.0,0,0,0,0,0
72892.288,1.4461607933044434,2.1019322872161865,1.464267611503601,-0.02385295182466507,0.08447373658418655,-0.047493234276771545,1.393006443977356,0.07571659237146378,-86.14108276367188,7.863481044769287,15.984288215637207,-90.76675415039062,-6344.0,-3907.0,-7520.0,0,0,0,0,0
72902.195,1.4462090730667114,2.1033663749694824,1.4635628461837769,-0.025034109130501747,0.08301901072263718,-0.030428577214479446,1.6539645195007324,-0.1711236536502838,-85.97755432128906,-70.59607696533203,45.122440338134766,-57.274864196777344,-3735.0,-2682.0,-6538.0,0,0,0,0,0
72912.112,1.4461030960083008,2.1047794818878174,1.4628517627716064,-0.02703842520713806,0.08160669356584549,-0.04302702099084854,1.0636353492736816,-0.5854712724685669,-86.38245391845703,-105.33576965332031,42.113197326660156,-117.62722778320312,910.0,-950.0,-6121.0,0,0,0,0,0
72922.019,1.4457813501358032,2.106154680252075,1.462253451347351,-0.029151758179068565,0.07888404279947281,-0.012537003494799137,0.1031382828950882,-0.9737322926521301,-87.35961151123047,-47.27292251586914,73.11409759521484,197.8860321044922,4148.0,-65.0,-6888.0,0,0,0,0,0
72931.915,1.4453938007354736,2.107287645339966,1.462027907371521,-0.029060257598757744,0.07496827095746994,-0.0005730189732275903,-0.39903193712234497,-1.5173686742782593,-86.41039276123047,-128.11056518554688,-8.457148551940918,-20.583324432373047,4067.0,563.0,-7177.0,0,0,0,0,0
72941.836,1.4449846744537354,2.1086297035217285,1.4616869688034058,-0.028335127979516983,0.07026427239179611,0.0031230931635946035,-1.4625983238220215,-1.5977295637130737,-85.68385314941406,35.479522705078125,2.8025319576263428,-53.68080139160156,4634.0,-933.0,-6408.0,0,0,0,0,0
72951.73,1.4446728229522705,2.1099202632904053,1.4611308574676514,-0.024350309744477272,0.06694602966308594,-0.03528572618961334,-0.4403078258037567,-1.6446189880371094,-86.69624328613281,115.20004272460938,7.956378936767578,-119.93112182617188,-364.0,-2509.0,-5799.0,0,0,0,0,0
72961.647,1.4445189237594604,2.1108479499816895,1.4605575799942017,-0.022043311968445778,0.0624735988676548,-0.037592798471450806,0.39687633514404297,-1.6843876838684082,-87.0865707397461,109.10680389404297,8.705758094787598,120.3951416015625,-4698.0,-3278.0,-6666.0,0,0,0,0,0
72971.544,1.44473135471344,2.1122682094573975,1.459678292274475,-0.020164666697382927,0.05894070118665695,-0.02274917997419834,1.5058842897415161,-1.7458038330078125,-85.97659301757812,39.3648567199707,12.356547355651855,-78.04752349853516,-6233.0,-3282.0,-6973.0,0,0,0,0,0
72981.451,1.4446629285812378,2.1131176948547363,1.459235429763794,-0.021344227716326714,0.05492917448282242,-0.030395328998565674,1.6536442041397095,-2.006572961807251,-85.95182800292969,-74.889404296875,32.345462799072266,-111.9983901977539,-4443.0,-2500.0,-6210.0,0,0,0,0,0
72991.358,1.4446078538894653,2.114234209060669,1.4585278034210205,-0.023909538984298706,0.050112511962652206,-0.01793774403631687,0.8118808269500732,-2.4571621417999268,-86.44731903076172,-105.69224548339844,34.14607238769531,-76.8582763671875,236.0,-924.0,-5852.0,0,0,0,0,0
73001.282,1.4443717002868652,2.115200996398926,1.458052158355713,-0.025248058140277863,0.044704414904117584,0.0010679983533918858,-0.1798495054244995,-2.794753074645996,-87.55647277832031,-68.78609466552734,55.56856155395508,216.57411193847656,3911.0,328.0,-6538.0,0,0,0,0,0
73011.175,1.4439936876296997,2.116042375564575,1.4577000141143799,-0.024628793820738792,0.03873424232006073,0.02037997543811798,-0.6399993896484375,-3.2125794887542725,-86.52531433105469,-111.49137115478516,-16.486997604370117,-33.045677185058594,4336.0,749.0,-7542.0,0,0,0,0,0
73021.082,1.4436370134353638,2.1168229579925537,1.4574778079986572,-0.023793481290340424,0.0327460877597332,0.01982780173420906,-1.6496312618255615,-3.2207818031311035,-85.94891357421875,-8.802356719970703,11.91960620880127,50.540428161621094,4802.0,-156.0,-7168.0,0,0,0,0,0
73030.987,1.44340181350708,2.1173276901245117,1.457242488861084,-0.02023809403181076,0.028430307283997536,-0.014070727862417698,-0.9312911033630371,-3.2271006107330322,-86.61618041992188,148.99119567871094,8.701231956481934,-132.52894592285156,965.0,-1792.0,-6430.0,0,0,0,0,0
73040.906,1.4433494806289673,2.118021011352539,1.4565292596817017,-0.016862576827406883,0.023217974230647087,-0.018796494230628014,-0.0007749069482088089,-3.2302653789520264,-87.3357925415039,84.08880615234375,4.249471664428711,164.20103454589844,-3974.0,-2649.0,-7122.0,0,0,0,0,0
73050.802,1.4434399604797363,2.1186816692352295,1.4557512998580933,-0.01454288512468338,0.018200034275650978,-0.02298285812139511,1.054928183555603,-3.2267441749572754,-86.1068115234375,55.01738357543945,8.443378448486328,19.17974090576172,-5770.0,-2764.0,-7551.0,0,0,0,0,0
73060.71,1.4435772895812988,2.1192855834960938,1.4549980163574219,-0.014540817588567734,0.013301108032464981,-0.024007247760891914,1.375218152999878,-3.3982744216918945,-85.91158294677734,-56.89752197265625,15.602294921875,-89.16722869873047,-4636.0,-2180.0,-6645.0,0,0,0,0,0
73070.616,1.4435842037200928,2.1197967529296875,1.4541616439819336,-0.01620868779718876,0.008756939321756363,-0.03210476040840149,0.6659426689147949,-3.7294068336486816,-86.2669677734375,-103.1032485961914,25.11566162109375,-28.28787612915039,-256.0,-720.0,-5987.0,0,0,0,0,0
73080.531,1.443413496017456,2.1200342178344727,1.4536874294281006,-0.017308034002780914,0.0014728804817423224,-0.01279080007225275,-0.33274057507514954,-3.9867846965789795,-87.2591552734375,-63.94851303100586,36.01953887939453,134.2613983154297,3638.0,411.0,-6237.0,0,0,0,0,0
73090.429,1.4431102275848389,2.120370864868164,1.4530776739120483,-0.01658257283270359,-0.004921817686408758,-0.0007448505493812263,-0.7456737756729126,-4.394180774688721,-86.507568359375,-86.61775207519531,-10.135576248168945,-4.175110340118408,4204.0,954.0,-7055.0,0,0,0,0,0
73100.335,1.4427995681762695,2.120619058609009,1.4525551795959473,-0.015419894829392433,-0.012189134955406189,0.005992249120026827,-1.6783024072647095,-4.325820446014404,-86.1344223022461,-40.4901123046875,14.777318954467773,86.29492950439453,4681.0,343.0,-6848.0,0,0,0,0,0
73110.243,1.4425699710845947,2.120753765106201,1.4519397020339966,-0.012450193986296654,-0.0160125270485878,-0.02784200944006443,-1.1563438177108765,-4.288426876068115,-86.56918334960938,186.6230926513672,-1.680171251296997,-136.03831481933594,1816.0,-1391.0,-6317.0,0,0,0,0,0
73120.159,1.4425592422485352,2.1208605766296387,1.4510502815246582,-0.008876701816916466,-0.02137565240263939,-0.03777799382805824,-0.10243360698223114,-4.197804927825928,-87.3000259399414,70.05150604248047,-18.970924377441406,185.67843627929688,-3874.0,-2329.0,-7037.0,0,0,0,0,0
73130.056,1.4425822496414185,2.1207621097564697,1.4502915143966675,-0.0066644675098359585,-0.02622796967625618,-0.05545307323336601,1.0903183221817017,-4.075279712677002,-86.1005859375,113.3102035522461,5.1010541915893555,98.34839630126953,-6215.0,-2727.0,-7561.0,0,0,0,0,0
73139.967,1.442777395248413,2.1207668781280518,1.4493966102600098,-0.0076646506786346436,-0.034214626997709274,-0.018209422007203102,1.654600977897644,-4.1101603507995605,-86.10356140136719,-37.18877410888672,29.104928970336914,39.68877029418945,-5772.0,-2370.0,-6760.0,0,0,0,0,0
73149.884,1.4428683519363403,2.1206815242767334,1.4484634399414062,-0.009217048063874245,-0.035617247223854065,-0.06379454582929611,1.103564977645874,-4.388052463531494,-86.19392395019531,-57.38236618041992,24.06285285949707,-29.270105361938477,-1364.0,-899.0,-6241.0,0,0,0,0,0
73159.788,1.4427495002746582,2.1205310821533203,1.4474767446517944,-0.011226416565477848,-0.04399172589182854,-0.02654877118766308,0.24332046508789062,-4.574995994567871,-86.87028503417969,-77.30522155761719,22.308530807495117,35.55439376831055,2647.0,436.0,-6312.0,0,0,0,0,0
73169.685,1.4424577951431274,2.1202785968780518,1.4467475414276123,-0.011898607015609741,-0.04969576746225357,-0.020883509889245033,-0.1892554610967636,-4.9124064445495605,-86.09661865234375,-44.21192932128906,-7.929023265838623,-1.0405207872390747,3812.0,1049.0,-6771.0,0,0,0,0,0
73179.601,1.4422556161880493,2.11983060836792,1.446436882019043,-0.011311883106827736,-0.05774436891078949,-0.002561155939474702,-1.001334309577942,-4.78303861618042,-86.0169448852539,-69.57636260986328,10.199804306030273,136.25982666015625,4115.0,548.0,-6322.0,0,0,0,0,0
73189.508,1.4419937133789062,2.1193954944610596,1.4458290338516235,-0.00975389126688242,-0.061668556183576584,-0.025611143559217453,-0.9065569639205933,-4.695925235748291,-85.92009735107422,204.3700408935547,-14.410717010498047,-170.2840118408203,2215.0,-1218.0,-5732.0,0,0,0,0,0
73199.423,1.4419364929199219,2.1189231872558594,1.4450324773788452,-0.0065218121744692326,-0.0658721923828125,-0.04141244292259216,0.43093350529670715,-4.566319942474365,-87.23412322998047,66.98008728027344,-25.97686767578125,193.82794189453125,-3787.0,-2098.0,-6077.0,0,0,0,0,0
73209.313,1.442033290863037,2.1184093952178955,1.4441604614257812,-0.005613012704998255,-0.07127992063760757,-0.03918606787919998,1.4310483932495117,-4.3532609939575195,-86.10726928710938,90.55430603027344,-6.695185661315918,127.35398864746094,-6229.0,-2486.0,-6858.0,0,0,0,0,0
73219.221,1.4421685934066772,2.1178441047668457,1.4435137510299683,-0.007551438175141811,-0.07846391946077347,-0.004689078312367201,1.9481704235076904,-4.296464920043945,-85.9792709350586,-32.58049011230469,5.338139057159424,-39.19725799560547,-5674.0,-2383.0,-6282.0,0,0,0,0,0
73229.127,1.4421403408050537,2.1172032356262207,1.4428129196166992,-0.010013542138040066,-0.07965479791164398,-0.04289659112691879,1.3294984102249146,-4.414114475250244,-86.4021987915039,-97.84642028808594,11.324933052062988,-11.811561584472656,-1331.0,-1261.0,-5993.0,0,0,0,0,0
73239.043,1.4419865608215332,2.1164040565490723,1.442420482635498,-0.01270600501447916,-0.08798857778310776,0.006734741386026144,0.272320419549942,-4.491379261016846,-87.06710815429688,-66.6622085571289,13.070198059082031,41.68104553222656,3222.0,-161.0,-6491.0,0,0,0,0,0
73248.953,1.4416536092758179,2.1155872344970703,1.4421218633651733,-0.013534804806113243,-0.09290648251771927,0.01757786050438881,-0.2039417028427124,-4.691089153289795,-86.36824798583984,-79.31340789794922,-26.503877639770508,10.615835189819336,4229.0,477.0,-7244.0,0,0,0,0,0
73258.848,1.4412873983383179,2.1146914958953857,1.441971778869629,-0.013584221713244915,-0.0991099551320076,0.03315886855125427,-1.2164243459701538,-4.422850131988525,-86.20378875732422,-50.32827377319336,3.0957510471343994,176.09197998046875,5029.0,-385.0,-6948.0,0,0,0,0,0
73268.755,1.4410314559936523,2.1137430667877197,1.4417067766189575,-0.011608706787228584,-0.10087496787309647,0.0005683537456206977,-0.8857033252716064,-4.212726593017578,-86.05897521972656,197.73199462890625,-22.88274383544922,-192.54290771484375,2108.0,-1933.0,-6335.0,0,0,0,0,0
73278.672,1.4409658908843994,2.112797260284424,1.441256046295166,-0.008493607863783836,-0.10412753373384476,-0.004928340204060078,0.33134886622428894,-3.9544625282287598,-87.2891845703125,66.049072265625,-35.0626335144043,187.39306640625,-3935.0,-2813.0,-6637.0,0,0,0,0,0
73288.569,1.4409422874450684,2.1117498874664307,1.4409552812576294,-0.007658540271222591,-0.10708802938461304,-0.010508928447961807,1.276051640510559,-3.6348767280578613,-86.17598724365234,71.4354476928711,-6.8245158195495605,99.0788803100586,-6036.0,-3227.0,-7264.0,0,0,0,0,0
73298.489,1.4410126209259033,2.110708475112915,1.4405311346054077,-0.00912576075643301,-0.11053138971328735,0.0065957908518612385,1.6904075145721436,-3.573831796646118,-85.93134307861328,-47.94514083862305,-10.530555725097656,-62.32527542114258,-5030.0,-2812.0,-6593.0,0,0,0,0,0
73308.383,1.4409536123275757,2.109645366668701,1.4400434494018555,-0.011524294503033161,-0.1106971949338913,-0.024395039305090904,1.0753278732299805,-3.5802221298217773,-86.06108093261719,-98.09103393554688,2.4466683864593506,-46.22547149658203,-659.0,-1499.0,-5998.0,0,0,0,0,0
73318.3,1.4406723976135254,2.108556032180786,1.4395840167999268,-0.014088899828493595,-0.11482752114534378,0.008634432218968868,0.0689850002527237,-3.558389663696289,-86.7856674194336,-63.166603088378906,11.639500617980957,59.74347686767578,3292.0,-686.0,-5983.0,0,0,0,0,0
73328.197,1.4402505159378052,2.107365846633911,1.4393459558486938,-0.014857781119644642,-0.11732910573482513,0.01949493959546089,-0.3455426096916199,-3.665001153945923,-86.06045532226562,-88.6444091796875,-33.29917526245117,-48.40341567993164,3941.0,-258.0,-6385.0,0,0,0,0,0
73338.104,1.4399912357330322,2.1061482429504395,1.4394186735153198,-0.01451109442859888,-0.12054760754108429,0.032360371202230453,-1.3956254720687866,-3.3727877140045166,-86.05681610107422,-46.28504180908203,-5.768263816833496,138.54515075683594,4654.0,-785.0,-6014.0,0,0,0,0,0
73348.022,1.4396196603775024,2.1048977375030518,1.4392307996749878,-0.012656277045607567,-0.12055104225873947,-0.0020027479622513056,-0.9748571515083313,-3.0799593925476074,-86.2223892211914,188.58668518066406,-28.56707191467285,-146.52066040039062,1714.0,-2693.0,-5656.0,0,0,0,0,0
73357.928,1.4394712448120117,2.103653907775879,1.438783884048462,-0.009824194014072418,-0.12129972875118256,-0.011899176985025406,0.2041856050491333,-2.786775827407837,-87.07978820800781,66.72177124023438,-35.71824645996094,162.35740661621094,-4163.0,-3657.0,-6397.0,0,0,0,0,0
73367.825,1.4394954442977905,2.1024410724639893,1.43830144405365,-0.008793225511908531,-0.12206043303012848,-0.011427591554820538,1.1194716691970825,-2.440868377685547,-86.1511459350586,68.59822082519531,-14.783943176269531,62.73379135131836,-5910.0,-3611.0,-7016.0,0,0,0,0,0
73377.736,1.4394596815109253,2.1010847091674805,1.4381234645843506,-0.01054253987967968,-0.12272424250841141,0.00892801396548748,1.5765396356582642,-2.3266735076904297,-86.06112670898438,-53.43331527709961,-15.841727256774902,-96.037353515625,-4902.0,-3156.0,-6570.0,0,0,0,0,0
73387.639,1.4394149780273438,2.099864959716797,1.437809705734253,-0.013005691580474377,-0.12149786204099655,-0.012154900468885899,0.8864285945892334,-2.304142713546753,-86.28385925292969,-105.52719116210938,-3.926389694213867,-13.955883979797363,-564.0,-1964.0,-6302.0,0,0,0,0,0
73397.565,1.439140796661377,2.0986032485961914,1.437578797340393,-0.01518959179520607,-0.1226288378238678,0.023203251883387566,-0.11779371649026871,-2.232221841812134,-86.9559097290039,-67.43000030517578,9.784378051757812,63.59600067138672,3532.0,-1216.0,-6534.0,0,0,0,0,0
73407.457,1.4387041330337524,2.097302198410034,1.4375971555709839,-0.015776818618178368,-0.12246483564376831,0.03604748100042343,-0.6047468781471252,-2.3345582485198975,-86.24414825439453,-87.34896087646484,-36.9631462097168,-35.60317611694336,4216.0,-779.0,-7083.0,0,0,0,0,0
73417.364,1.438256859779358,2.096035957336426,1.4377321004867554,-0.01568087562918663,-0.12292956560850143,0.04677797481417656,-1.59149169921875,-2.019759178161621,-86.00281524658203,-39.284175872802734,-10.3363618850708,145.17176818847656,4783.0,-1295.0,-6751.0,0,0,0,0,0
73427.277,1.4379079341888428,2.094820976257324,1.4377312660217285,-0.013534285128116608,-0.1210389956831932,0.0048607210628688335,-1.0082768201828003,-1.6677367687225342,-86.27401733398438,191.87393188476562,-28.788455963134766,-172.91188049316406,1716.0,-2985.0,-6118.0,0,0,0,0,0
73437.186,1.4377458095550537,2.093614339828491,1.4376366138458252,-0.01069298479706049,-0.11969321221113205,0.004110878333449364,0.20907491445541382,-1.354849100112915,-87.25153350830078,73.6988296508789,-36.59296417236328,155.4857177734375,-4145.0,-4046.0,-6645.0,0,0,0,0,0
73447.085,1.4377009868621826,2.092440605163574,1.437337040901184,-0.009799239225685596,-0.11783600598573685,-0.004363793879747391,1.1572186946868896,-1.0146032571792603,-86.32482147216797,68.18717956542969,-10.714287757873535,52.789894104003906,-6219.0,-4241.0,-7316.0,0,0,0,0,0
73456.992,1.437688946723938,2.091299295425415,1.4372040033340454,-0.011775581166148186,-0.11579707264900208,0.02219383232295513,1.4938547611236572,-0.9198827743530273,-86.25540161132812,-47.69658279418945,-15.535367965698242,-76.75556945800781,-4972.0,-3656.0,-6950.0,0,0,0,0,0
73466.896,1.4375412464141846,2.090200901031494,1.4370602369308472,-0.014427137561142445,-0.11285679042339325,0.003009652951732278,0.9122377634048462,-0.8783448934555054,-86.45760345458984,-92.12220764160156,-1.418195128440857,-46.39811325073242,-720.0,-2404.0,-6730.0,0,0,0,0,0
73476.813,1.437181830406189,2.089097499847412,1.437015175819397,-0.017091264948248863,-0.1108298972249031,0.03852813318371773,-0.027922434732317924,-0.8093047142028809,-87.11758422851562,-70.24925231933594,9.386204719543457,58.516143798828125,3166.0,-1724.0,-7015.0,0,0,0,0,0
73486.709,1.4368505477905273,2.0879857540130615,1.4373276233673096,-0.017601219937205315,-0.10812195390462875,0.0482085645198822,-0.5054752230644226,-0.8912814259529114,-86.38980102539062,-79.85020446777344,-31.834688186645508,-37.5776481628418,3897.0,-1346.0,-7539.0,0,0,0,0,0
73496.617,1.4363514184951782,2.086947441101074,1.4376299381256104,-0.017909007146954536,-0.10615937411785126,0.0604650042951107,-1.5181037187576294,-0.5807093381881714,-86.40419006347656,-54.66233825683594,-9.312962532043457,143.46810913085938,4570.0,-1834.0,-7210.0,0,0,0,0,0
73506.524,1.435922622680664,2.085893154144287,1.4378141164779663,-0.016254449263215065,-0.10343027859926224,0.025019260123372078,-1.1833643913269043,-0.27438926696777344,-86.43476867675781,196.59934997558594,-30.34706687927246,-153.5641632080078,1955.0,-3474.0,-6792.0,0,0,0,0,0
73516.44,1.4357267618179321,2.0849015712738037,1.437696099281311,-0.013268978334963322,-0.10036401450634003,0.013284444808959961,0.0023450700100511312,0.05384020134806633,-87.218017578125,58.20521545410156,-36.63351058959961,145.0254669189453,-3837.0,-4494.0,-7227.0,0,0,0,0,0
73526.346,1.4356276988983154,2.083944797515869,1.4375792741775513,-0.012129414826631546,-0.09700489789247513,-0.0017154519446194172,0.8841087222099304,0.4040316939353943,-86.32359313964844,80.76932525634766,-4.834054470062256,70.78610229492188,-5815.0,-4898.0,-7685.0,0,0,0,0,0
73536.244,1.4356251955032349,2.083099842071533,1.437361478805542,-0.013350375927984715,-0.09245379269123077,0.018580881878733635,1.36456298828125,0.48833778500556946,-86.22895812988281,-38.490543365478516,-9.518535614013672,-79.50999450683594,-5114.0,-4368.0,-7148.0,0,0,0,0,0
73546.152,1.4355473518371582,2.082280158996582,1.4370657205581665,-0.015225684270262718,-0.08843973278999329,-0.024610592052340508,0.8028048872947693,0.49511927366256714,-86.4962387084961,-89.56902313232422,4.35770320892334,2.5731539726257324,-1066.0,-2996.0,-6818.0,0,0,0,0,0
73556.069,1.4352474212646484,2.081495761871338,1.4367445707321167,-0.017500005662441254,-0.08391131460666656,0.011591690592467785,-0.0870465561747551,0.510425329208374,-87.00479125976562,-74.93671417236328,-0.04519111290574074,-26.69464683532715,2935.0,-2132.0,-6994.0,0,0,0,0,0
73565.966,1.434783697128296,2.080744504928589,1.4366455078125,-0.01856079325079918,-0.07959732413291931,0.010596653446555138,-0.7001402974128723,0.4052998423576355,-86.57054901123047,-46.963035583496094,-17.061203002929688,74.22763061523438,4125.0,-1667.0,-7536.0,0,0,0,0,0
73575.873,1.43429696559906,2.080078601837158,1.4366055727005005,-0.01829550974071026,-0.07593253999948502,0.02899734117090702,-1.5779744386672974,0.7588486075401306,-86.70816802978516,-65.29137420654297,-6.603977203369141,195.55467224121094,4450.0,-2297.0,-7371.0,0,0,0,0,0
73585.779,1.433966875076294,2.0793697834014893,1.436672329902649,-0.016802944242954254,-0.07256793230772018,-0.005103323608636856,-1.5861384868621826,0.9879353642463684,-86.14142608642578,198.5338897705078,-31.429914474487305,-204.3978729248047,2614.0,-4178.0,-7033.0,0,0,0,0,0
73595.704,1.4337104558944702,2.078794479370117,1.436259150505066,-0.013164835050702095,-0.06847736984491348,-0.017307503148913383,-0.1278936117887497,1.3119970560073853,-87.53469848632812,52.48625946044922,-35.27959060668945,72.28980255126953,-3380.0,-5029.0,-7169.0,0,0,0,0,0
73605.594,1.4336459636688232,2.078277349472046,1.4357393980026245,-0.011758888140320778,-0.06436281651258469,-0.03966911882162094,0.6849489808082581,1.6106623411178589,-86.75605773925781,105.45197296142578,-8.711967468261719,101.3497085571289,-5960.0,-5416.0,-8073.0,0,0,0,0,0
73615.501,1.4336408376693726,2.0778398513793945,1.435374140739441,-0.013336260803043842,-0.05759740248322487,0.009023006074130535,1.2610365152359009,1.6748287677764893,-86.46346282958984,-10.684099197387695,2.3023154735565186,20.993059158325195,-5682.0,-4850.0,-7793.0,0,0,0,0,0
73625.408,1.4335488080978394,2.0774738788604736,1.435030221939087,-0.01492950227111578,-0.05356135219335556,-0.037689730525016785,0.830921471118927,1.67141592502594,-86.7822036743164,-74.49461364746094,13.189746856689453,15.844257354736328,-1901.0,-3598.0,-7440.0,0,0,0,0,0
73635.324,1.4333359003067017,2.0770606994628906,1.4348175525665283,-0.017128396779298782,-0.047031208872795105,0.015050449408590794,-0.07346230000257492,1.5952895879745483,-87.05408477783203,-75.9049301147461,-4.543188571929932,-106.96044921875,2489.0,-2660.0,-7594.0,0,0,0,0,0
73645.222,1.4329246282577515,2.0768113136291504,1.434790849685669,-0.018197230994701385,-0.041998837143182755,0.012065070681273937,-0.7614427208900452,1.4876463413238525,-86.88844299316406,-27.061176300048828,4.635267734527588,90.18956756591797,4175.0,-2077.0,-8026.0,0,0,0,0,0
73655.135,1.432443380355835,2.0766184329986572,1.4349037408828735,-0.017580755054950714,-0.036873117089271545,0.03900972381234169,-1.5176575183868408,1.6746938228607178,-86.93081665039062,-88.13042449951172,-3.8365461826324463,205.52085876464844,4445.0,-2582.0,-7929.0,0,0,0,0,0
73665.043,1.431989312171936,2.0764846801757812,1.4349923133850098,-0.01669679582118988,-0.03298027440905571,0.016060039401054382,-1.8469144105911255,1.8203134536743164,-85.98916625976562,191.41856384277344,-37.45283889770508,-224.14744567871094,3337.0,-4133.0,-7465.0,0,0,0,0,0
73674.953,1.4318128824234009,2.0764238834381104,1.4348435401916504,-0.012278531678020954,-0.028977366164326668,-0.0016492704162374139,-0.2105635702610016,2.134087324142456,-87.56289672851562,44.924041748046875,-33.00407409667969,20.3652286529541,-2996.0,-5140.0,-7201.0,0,0,0,0,0
73684.86,1.4318002462387085,2.0764238834381104,1.434518575668335,-0.010796835646033287,-0.024686334654688835,-0.019721943885087967,0.5002967715263367,2.385634660720825,-86.93353271484375,109.00078582763672,-16.780622482299805,77.2475357055664,-5884.0,-5839.0,-8108.0,0,0,0,0,0
73694.757,1.4317586421966553,2.0763442516326904,1.4344125986099243,-0.012038910761475563,-0.01761581189930439,0.02533012442290783,1.259535312652588,2.4222679138183594,-86.60026550292969,3.4819610118865967,8.991883277893066,41.77619934082031,-5925.0,-5332.0,-7921.0,0,0,0,0,0
73704.664,1.431741714477539,2.0764782428741455,1.434126377105713,-0.012854374945163727,-0.014703722670674324,-0.040051721036434174,0.9897440075874329,2.349134922027588,-86.92735290527344,-73.36058807373047,26.144908905029297,15.658025741577148,-2546.0,-4001.0,-7629.0,0,0,0,0,0
73714.587,1.4315235614776611,2.0766687393188477,1.4337527751922607,-0.015576658770442009,-0.007650489453226328,0.004312129225581884,0.14745359122753143,2.167203903198242,-87.1764907836914,-69.40587615966797,6.488584995269775,-141.06997680664062,1858.0,-2754.0,-7836.0,0,0,0,0,0
73724.478,1.4312604665756226,2.0767605304718018,1.433658242225647,-0.016722146421670914,-0.0034565806854516268,-0.007401132490485907,-0.5595603585243225,1.9792437553405762,-87.10440826416016,-35.051605224609375,31.38287353515625,118.41401672363281,3896.0,-1989.0,-8378.0,0,0,0,0,0
73734.395,1.4306488037109375,2.077202320098877,1.4334861040115356,-0.017024027183651924,0.002095234114676714,0.02133946307003498,-1.2423430681228638,2.003403425216675,-86.73616790771484,-90.76658630371094,-10.370177268981934,125.75814819335938,4194.0,-2310.0,-8239.0,0,0,0,0,0
73744.292,1.4303432703018188,2.0773940086364746,1.4335260391235352,-0.01631217822432518,0.004807192832231522,-0.004164579324424267,-1.7431578636169434,2.0779457092285156,-85.74295806884766,150.6370391845703,-32.90114974975586,-167.14190673828125,3499.0,-3769.0,-7395.0,0,0,0,0,0
73754.223,1.430064082145691,2.07780385017395,1.4332021474838257,-0.012519567273557186,0.008214021101593971,-0.019289376214146614,-0.19219261407852173,2.3109586238861084,-87.3553695678711,44.173683166503906,-25.963481903076172,-41.20427703857422,-2412.0,-4887.0,-6679.0,0,0,0,0,0
73764.111,1.4300216436386108,2.0782783031463623,1.43272864818573,-0.011202625930309296,0.011785862036049366,-0.03578929975628853,0.4382857084274292,2.4883642196655273,-86.9076156616211,107.47857666015625,-22.355119705200195,29.248676300048828,-5452.0,-5702.0,-7534.0,0,0,0,0,0
73774.014,1.430037498474121,2.0788509845733643,1.4324156045913696,-0.012209054082632065,0.01902499794960022,0.014260302297770977,1.252897024154663,2.500124931335449,-86.3466567993164,25.373537063598633,17.84792137145996,33.78120040893555,-5677.0,-5352.0,-7398.0,0,0,0,0,0
73783.923,1.4299660921096802,2.0792577266693115,1.4322067499160767,-0.013002057559788227,0.02097967639565468,-0.03868360444903374,1.2075215578079224,2.3890140056610107,-86.8615951538086,-75.23809814453125,38.05421447753906,-0.2561235725879669,-3104.0,-4168.0,-6992.0,0,0,0,0,0
73793.841,1.429823637008667,2.079904079437256,1.4318852424621582,-0.016029804944992065,0.02720694988965988,0.008413955569267273,0.26109567284584045,2.1251380443573,-87.07732391357422,-85.80609893798828,22.536823272705078,-138.23434448242188,1504.0,-2891.0,-7380.0,0,0,0,0,0
73803.737,1.4294689893722534,2.080596446990967,1.431775689125061,-0.017608115449547768,0.030697377398610115,-0.0013488621916621923,-0.5206169486045837,1.9450273513793945,-87.40637969970703,-45.38837814331055,46.480648040771484,121.78923034667969,4128.0,-2095.0,-8148.0,0,0,0,0,0
73813.644,1.4290186166763306,2.081331253051758,1.431761384010315,-0.01733257994055748,0.03513116389513016,0.031226878985762596,-1.184640884399414,1.8183761835098267,-86.72090148925781,-117.03423309326172,-19.4153995513916,-14.05910873413086,4352.0,-2349.0,-8441.0,0,0,0,0,0
73823.561,1.4285492897033691,2.0821259021759033,1.4318592548370361,-0.01710725761950016,0.037351205945014954,0.011756903491914272,-1.8146661520004272,1.8531856536865234,-85.92057037353516,113.81684112548828,-30.285436630249023,-108.17974853515625,4151.0,-3432.0,-7724.0,0,0,0,0,0
73833.466,1.428321361541748,2.082733392715454,1.4317402839660645,-0.012838595546782017,0.03887832537293434,-0.007913365960121155,-0.16948573291301727,2.038212776184082,-87.62251281738281,60.00900650024414,-17.803647994995117,-39.7828369140625,-1862.0,-4672.0,-7044.0,0,0,0,0,0
73843.368,1.428249478340149,2.083580255508423,1.4313385486602783,-0.011642196215689182,0.04146134853363037,-0.01721266843378544,0.4701477289199829,2.1759862899780273,-87.37700653076172,117.68590545654297,-16.221355438232422,29.90407371520996,-5518.0,-5648.0,-8148.0,0,0,0,0,0
73853.286,1.4282667636871338,2.0844998359680176,1.4310449361801147,-0.012080655433237553,0.04598306119441986,0.014354291372001171,1.375992774963379,2.1794590950012207,-86.6832046508789,33.46415710449219,27.23788833618164,-21.09174919128418,-6204.0,-5474.0,-8339.0,0,0,0,0,0
73863.177,1.4282630681991577,2.0854604244232178,1.4307442903518677,-0.012821203097701073,0.0478857085108757,-0.02919202297925949,1.4113469123840332,2.012376070022583,-87.03856658935547,-70.01844787597656,42.8189697265625,5.6341166496276855,-3853.0,-4280.0,-7924.0,0,0,0,0,0
73873.104,1.4280929565429688,2.0864450931549072,1.4303609132766724,-0.016211992129683495,0.052027612924575806,0.005129626020789146,0.5405228734016418,1.6942565441131592,-87.08360290527344,-90.48045349121094,27.27814292907715,-107.88185119628906,767.0,-2806.0,-8011.0,0,0,0,0,0
73882.99,1.4278419017791748,2.087207555770874,1.430245041847229,-0.01785661093890667,0.05356580391526222,-0.007681276649236679,-0.2325371950864792,1.434401273727417,-87.82876586914062,-79.02464294433594,55.0303955078125,132.64659118652344,3780.0,-1854.0,-8499.0,0,0,0,0,0
73892.898,1.4273918867111206,2.0882091522216797,1.4300998449325562,-0.018133772537112236,0.056189946830272675,0.02194840833544731,-0.9295859336853027,1.1026424169540405,-86.63098907470703,-108.78131866455078,-47.134681701660156,-173.0126495361328,4287.0,-1657.0,-8897.0,0,0,0,0,0
73902.805,1.4269447326660156,2.0892412662506104,1.4300163984298706,-0.0181063711643219,0.05662628263235092,0.005244222469627857,-1.6753971576690674,1.1865646839141846,-86.26864624023438,52.48990249633789,-15.826129913330078,8.321517944335938,4133.0,-2686.0,-8019.0,0,0,0,0,0
73912.722,1.4266228675842285,2.090287208557129,1.4296953678131104,-0.014704935252666473,0.057236138731241226,-0.01454232633113861,-0.48941802978515625,1.290237307548523,-87.36076354980469,92.91082763671875,-2.870372772216797,-71.53600311279297,-881.0,-4344.0,-7224.0,0,0,0,0,0
73922.625,1.4265491962432861,2.0913658142089844,1.4292024374008179,-0.012919098138809204,0.05825067311525345,-0.020442578941583633,0.13374826312065125,1.3806564807891846,-87.34014129638672,98.88616180419922,3.700197696685791,72.36470031738281,-4762.0,-5313.0,-8040.0,0,0,0,0,0
73932.526,1.4266148805618286,2.092460870742798,1.4287645816802979,-0.012087894603610039,0.06020064279437065,0.002044161781668663,0.958474338054657,1.3823189735412598,-86.56109619140625,43.750244140625,40.97179412841797,-50.34749984741211,-5540.0,-5260.0,-8210.0,0,0,0,0,0
73942.44,1.426578164100647,2.09332537651062,1.4285589456558228,-0.012743156403303146,0.060894180089235306,-0.013695724308490753,1.2153702974319458,1.1419011354446411,-86.71438598632812,-56.045494079589844,38.761348724365234,-76.19807434082031,-4108.0,-4137.0,-7621.0,0,0,0,0,0
73952.365,1.4265344142913818,2.0944364070892334,1.428128957748413,-0.015043353661894798,0.06234824284911156,-0.002212885767221451,0.4090527892112732,0.7539750337600708,-86.94378662109375,-117.36238861083984,26.815919876098633,-44.08517074584961,212.0,-2462.0,-7512.0,0,0,0,0,0
73962.247,1.4262621402740479,2.0955660343170166,1.427811622619629,-0.016486909240484238,0.06291408836841583,-0.0004839193425141275,-0.47225984930992126,0.4581209421157837,-87.664306640625,-84.30023193359375,36.58884048461914,81.0082778930664,3785.0,-1303.0,-7974.0,0,0,0,0,0
73972.154,1.4258358478546143,2.09667706489563,1.4275975227355957,-0.016291992738842964,0.06325874477624893,0.02041638270020485,-1.1602572202682495,-0.011429531499743462,-86.41667938232422,-101.64441680908203,-46.33267593383789,-132.7667694091797,4502.0,-923.0,-8512.0,0,0,0,0,0
73982.061,1.4254472255706787,2.097780227661133,1.4275332689285278,-0.015254676342010498,0.061830319464206696,0.02052171900868416,-1.9952731132507324,0.12651392817497253,-86.35479736328125,17.48615074157715,6.480640411376953,96.00081634521484,4592.0,-1881.0,-7723.0,0,0,0,0,0
73991.977,1.4252327680587769,2.0986454486846924,1.427384853363037,-0.01173793338239193,0.060316815972328186,-0.014058674685657024,-1.1499427556991577,0.16307108104228973,-86.743408203125,149.5934295654297,8.374547958374023,-152.8147735595703,246.0,-3949.0,-6967.0,0,0,0,0,0
74001.875,1.4251679182052612,2.0997424125671387,1.4268739223480225,-0.008658373728394508,0.05954154208302498,-0.004784297663718462,-0.20031554996967316,0.2268015742301941,-87.54976654052734,82.40019226074219,11.325061798095703,99.68199157714844,-4439.0,-4864.0,-7499.0,0,0,0,0,0
74011.782,1.425271987915039,2.1008286476135254,1.4263343811035156,-0.006593821570277214,0.05881519615650177,-0.019050762057304382,0.7366334199905396,0.24662064015865326,-86.86217498779297,52.27275466918945,37.787811279296875,28.956405639648438,-5898.0,-4961.0,-8187.0,0,0,0,0,0
74021.689,1.4254298210144043,2.101898431777954,1.4258235692977905,-0.006995595060288906,0.05853911116719246,-0.0008771246066316962,1.14565908908844,-0.03842753916978836,-86.6501235961914,-40.472286224365234,13.708646774291992,-112.12847137451172,-4948.0,-3904.0,-7954.0,0,0,0,0,0
74031.613,1.4254556894302368,2.102945566177368,1.4252995252609253,-0.008748453110456467,0.057910747826099396,-0.017811499536037445,0.5542722940444946,-0.38884440064430237,-87.07380676269531,-119.59595489501953,25.349424362182617,2.4657466411590576,-897.0,-2115.0,-7823.0,0,0,0,0,0
74041.503,1.4253404140472412,2.103743076324463,1.4250389337539673,-0.010080721229314804,0.055721625685691833,0.00672928849235177,-0.41196703910827637,-0.7164641618728638,-87.6388931274414,-81.00672912597656,26.99860954284668,4.653346061706543,3220.0,-999.0,-8284.0,0,0,0,0,0
74051.41,1.4250617027282715,2.104717493057251,1.424685001373291,-0.010256558656692505,0.05413997173309326,0.0029150478076189756,-1.1524978876113892,-1.1830413341522217,-86.87377166748047,-65.58328247070312,-7.022421836853027,85.68060302734375,4569.0,-408.0,-8894.0,0,0,0,0,0
74061.317,1.4247602224349976,2.1056981086730957,1.4243334531784058,-0.008693194016814232,0.050711553543806076,0.014697163365781307,-1.9421099424362183,-1.0326093435287476,-86.97113800048828,-20.302310943603516,31.866811752319336,180.81991577148438,4708.0,-1349.0,-8444.0,0,0,0,0,0
74071.234,1.424517273902893,2.10667085647583,1.4238731861114502,-0.0056693339720368385,0.04854462295770645,-0.023125672712922096,-1.4013975858688354,-1.085273027420044,-86.66072845458984,183.3726348876953,6.96479606628418,-245.76051330566406,1585.0,-3448.0,-7895.0,0,0,0,0,0
74081.141,1.424556016921997,2.107619285583496,1.4231746196746826,-0.0016637489898130298,0.04536859691143036,-0.015803059563040733,-0.2789148688316345,-1.0041768550872803,-87.71076965332031,52.5164680480957,2.924617290496826,82.42817687988281,-3960.0,-4160.0,-8100.0,0,0,0,0,0
74091.048,1.4246513843536377,2.107823133468628,1.422928810119629,-0.0013418220914900303,0.04586317017674446,-0.016847115010023117,-0.2789148688316345,-1.0041768550872803,-87.71076965332031,59.39555740356445,22.545143127441406,142.9349365234375,-5552.0,-4443.0,-8812.0,0,0,0,0,0
74100.959,1.4248777627944946,2.108738899230957,1.4222545623779297,0.0008154222741723061,0.043140023946762085,-0.016559995710849762,0.6370468735694885,-1.030706524848938,-86.77732849121094,-9.083754539489746,-4.77337646484375,-92.23915100097656,-5123.0,-3393.0,-8336.0,0,0,0,0,0
74110.863,1.425075650215149,2.109612226486206,1.421474575996399,0.0009589568362571299,0.04126914218068123,-0.03864824399352074,0.9869402050971985,-1.3191717863082886,-86.93548583984375,-125.75881958007812,36.645477294921875,23.298479080200195,-1705.0,-1741.0,-8169.0,0,0,0,0,0
74120.76,1.4250624179840088,2.110384941101074,1.4206595420837402,-0.0012765004066750407,0.03858289495110512,-0.027800600975751877,0.13216422498226166,-1.7587767839431763,-87.00690460205078,-62.84872817993164,31.986391067504883,-91.60688781738281,3118.0,-273.0,-8203.0,0,0,0,0,0
74130.676,1.424875020980835,2.111104726791382,1.4199167490005493,-0.0024941968731582165,0.03532681241631508,-0.025321252644062042,-0.7450470924377441,-2.085327625274658,-87.76960754394531,-60.806358337402344,34.46470642089844,202.1735076904297,4738.0,362.0,-8821.0,0,0,0,0,0
74140.58,1.4247620105743408,2.11161208152771,1.4195126295089722,-0.0013149239821359515,0.030830012634396553,-0.007454001810401678,-1.443171739578247,-2.538820743560791,-86.55107879638672,-36.78529739379883,31.665647506713867,201.49740600585938,4987.0,-403.0,-8431.0,0,0,0,0,0
74150.504,1.424618124961853,2.1122381687164307,1.4190038442611694,0.0003636097826529294,0.02606181800365448,-0.012808355502784252,-2.1816022396087646,-2.346390724182129,-86.61122131347656,180.33668518066406,-7.0391387939453125,-245.4964141845703,2491.0,-2561.0,-7478.0,0,0,0,0,0
74160.388,1.4246655702590942,2.1128499507904053,1.4182350635528564,0.005092007108032703,0.022538894787430763,-0.04105524346232414,-1.057677149772644,-2.2603988647460938,-87.373779296875,44.40610122680664,-18.668506622314453,44.67089080810547,-3844.0,-3959.0,-8029.0,0,0,0,0,0
74170.295,1.4249473810195923,2.1134235858917236,1.417396068572998,0.008624587208032608,0.017966900020837784,-0.03642209991812706,-0.1837644726037979,-2.1470441818237305,-87.68167877197266,80.51760864257812,-3.854628324508667,136.9853057861328,-5637.0,-4329.0,-8681.0,0,0,0,0,0
74180.202,1.4252643585205078,2.1139395236968994,1.416796326637268,0.010142114013433456,0.013599191792309284,-0.011738191358745098,0.7228682041168213,-2.1466786861419678,-86.80474090576172,4.054688930511475,0.32869401574134827,-33.890594482421875,-5674.0,-3484.0,-8380.0,0,0,0,0,0
74190.121,1.4254591464996338,2.114234685897827,1.4163578748703003,0.009837150573730469,0.011152642779052258,-0.037180010229349136,1.0004329681396484,-2.334519624710083,-87.05597686767578,-109.4295883178711,45.483436584472656,44.930789947509766,-2316.0,-2110.0,-8120.0,0,0,0,0,0
74200.019,1.4255805015563965,2.1146440505981445,1.4156886339187622,0.007635774556547403,0.0070588430389761925,-0.017680024728178978,0.1797965168952942,-2.7039246559143066,-87.0765609741211,-63.96677017211914,38.4423942565918,-81.77169799804688,2772.0,-233.0,-8207.0,0,0,0,0,0
74209.93,1.4255030155181885,2.1149959564208984,1.415172815322876,0.0062630693428218365,0.0031204395927488804,-0.01455442514270544,-0.7362090945243835,-2.982076406478882,-87.93505859375,-51.669578552246094,34.785213470458984,214.5508270263672,4667.0,543.0,-8910.0,0,0,0,0,0
74219.833,1.4253818988800049,2.115278959274292,1.414838433265686,0.00736280856654048,-0.002459056442603469,0.01302296295762062,-1.3141682147979736,-3.339144468307495,-86.49177551269531,-50.42780685424805,26.80617904663086,208.25193786621094,4830.0,-263.0,-8398.0,0,0,0,0,0
74229.748,1.4253846406936646,2.1153664588928223,1.414742112159729,0.008595345541834831,-0.0071170758455991745,-0.00229163421317935,-1.9585158824920654,-3.2012107372283936,-86.22962188720703,186.0673828125,-21.372583389282227,-271.09259033203125,2585.0,-2103.0,-7025.0,0,0,0,0,0
74239.646,1.4254857301712036,2.115513563156128,1.4142272472381592,0.012809362262487411,-0.011008698493242264,-0.020182758569717407,-0.7491724491119385,-2.999584197998047,-87.36084747314453,47.69490432739258,-22.156700134277344,59.340370178222656,-3924.0,-3590.0,-7237.0,0,0,0,0,0
74249.564,1.4257912635803223,2.1156387329101562,1.4136943817138672,0.01533084362745285,-0.01542380079627037,-0.01655155047774315,0.1259913444519043,-2.881958246231079,-87.70043182373047,62.51670837402344,-7.277918338775635,108.52852630615234,-5910.0,-4129.0,-8088.0,0,0,0,0,0
74259.461,1.426177978515625,2.1157071590423584,1.4133071899414062,0.016114816069602966,-0.020434683188796043,0.006756371818482876,0.9088289737701416,-2.823024272918701,-86.92284393310547,5.998106002807617,-9.414938926696777,-97.01860809326172,-5551.0,-3279.0,-8010.0,0,0,0,0,0
74269.375,1.4265111684799194,2.1157214641571045,1.4129304885864258,0.01578230783343315,-0.022488098591566086,-0.020340124145150185,1.210172414779663,-2.929576873779297,-87.2551498413086,-125.75811767578125,38.85258102416992,28.433673858642578,-2322.0,-1978.0,-8141.0,0,0,0,0,0
74279.277,1.4266186952590942,2.1156811714172363,1.412584900856018,0.012782891280949116,-0.02776646986603737,0.014336124062538147,0.2235115021467209,-3.247791051864624,-87.19105529785156,-59.043182373046875,32.77996063232422,-83.33442687988281,2925.0,-272.0,-8462.0,0,0,0,0,0
74289.189,1.4266536235809326,2.1154963970184326,1.4125556945800781,0.011403340846300125,-0.031468089669942856,0.010618937201797962,-0.5839698910713196,-3.482447624206543,-88.09324645996094,-64.4321517944336,21.250274658203125,240.1790771484375,4572.0,431.0,-9150.0,0,0,0,0,0
74299.086,1.4265550374984741,2.1153600215911865,1.4124853610992432,0.011964431032538414,-0.037221428006887436,0.0381140261888504,-1.2345538139343262,-3.740534543991089,-86.60213470458984,-27.439456939697266,18.07910919189453,212.34764099121094,4960.0,-413.0,-8754.0,0,0,0,0,0
74309.003,1.426542043685913,2.1151199340820312,1.41249418258667,0.012841002084314823,-0.041416436433792114,0.02183551713824272,-1.836647629737854,-3.4774410724639893,-86.48963165283203,178.46279907226562,-23.471755981445312,-262.6395263671875,2174.0,-2463.0,-7506.0,0,0,0,0,0
74318.9,1.4267281293869019,2.114863634109497,1.4123152494430542,0.016897637397050858,-0.0448150634765625,0.007218035403639078,-0.7040683031082153,-3.2606828212738037,-87.29602813720703,48.384212493896484,-27.054744720458984,56.784385681152344,-3875.0,-3719.0,-7645.0,0,0,0,0,0
74328.811,1.4270877838134766,2.1145455837249756,1.4120512008666992,0.01923139952123165,-0.04840073361992836,0.0027357768267393112,0.0878840982913971,-3.0828158855438232,-87.38978576660156,50.17685317993164,-10.507718086242676,127.82164001464844,-5662.0,-4197.0,-8111.0,0,0,0,0,0
74338.714,1.4274851083755493,2.1142020225524902,1.4119378328323364,0.01984849013388157,-0.05342275649309158,0.03557752072811127,0.8179787397384644,-2.955162525177002,-86.6567611694336,4.179074287414551,-25.835508346557617,-114.10565948486328,-5016.0,-3215.0,-7798.0,0,0,0,0,0
74348.631,1.427758812904358,2.113741159439087,1.4120213985443115,0.01926334574818611,-0.05491289123892784,0.009475436992943287,1.1458544731140137,-3.0032403469085693,-86.93737030029297,-126.79341125488281,25.992399215698242,26.263731002807617,-2156.0,-2172.0,-7612.0,0,0,0,0,0
74358.529,1.4279178380966187,2.1133012771606445,1.4119274616241455,0.01642191968858242,-0.05888361483812332,0.033133555203676224,0.2872772216796875,-3.213184118270874,-86.8984603881836,-58.18424987792969,23.2210693359375,-80.95641326904297,2801.0,-703.0,-7707.0,0,0,0,0,0
74368.448,1.4279838800430298,2.1127612590789795,1.4121079444885254,0.014821721240878105,-0.06163504719734192,0.02907027117908001,-0.5536966919898987,-3.3570659160614014,-87.75463104248047,-53.7547721862793,15.53806209564209,247.4521942138672,4525.0,-5.0,-8437.0,0,0,0,0,0
74378.342,1.4278115034103394,2.1122207641601562,1.4120618104934692,0.014893963932991028,-0.06643825769424438,0.05409865453839302,-1.1661053895950317,-3.440678834915161,-86.55895233154297,-39.21733474731445,12.751358032226562,205.5147705078125,4703.0,-1262.0,-8162.0,0,0,0,0,0
74388.258,1.4278457164764404,2.1115808486938477,1.4123750925064087,0.015201706439256668,-0.06892874836921692,0.028945142403244972,-1.8028450012207031,-3.1501452922821045,-86.51985931396484,179.718505859375,-34.808223724365234,-272.71221923828125,2181.0,-2845.0,-7215.0,0,0,0,0,0
74398.156,1.4279444217681885,2.1109912395477295,1.4121977090835571,0.018660739064216614,-0.07081558555364609,0.00797028187662363,-0.6882120370864868,-2.8647239208221436,-87.30952453613281,37.82185745239258,-39.72532272338867,12.034979820251465,-4045.0,-4316.0,-7701.0,0,0,0,0,0
74408.077,1.4282708168029785,2.1103572845458984,1.4119664430618286,0.0207394827157259,-0.0734395831823349,0.011838521808385849,0.10826348513364792,-2.6031124591827393,-87.57572174072266,65.11663055419922,-29.297204971313477,74.05785369873047,-5519.0,-4708.0,-8429.0,0,0,0,0,0
74417.971,1.4286675453186035,2.1096882820129395,1.4118542671203613,0.0212661512196064,-0.07611335068941116,0.029745696112513542,0.8704097270965576,-2.372303009033203,-86.97640228271484,29.214290618896484,-26.97763442993164,-84.37702178955078,-5269.0,-3921.0,-8385.0,0,0,0,0,0
74427.887,1.429000735282898,2.1089725494384766,1.41168212890625,0.020714977756142616,-0.07619373500347137,0.003097065258771181,1.267921805381775,-2.3904733657836914,-87.32209014892578,-121.0339584350586,25.981834411621094,64.86036682128906,-2660.0,-2606.0,-8613.0,0,0,0,0,0
74437.79,1.4291589260101318,2.108225107192993,1.4115854501724243,0.017431944608688354,-0.07762379199266434,0.013405232690274715,0.3799828290939331,-2.5967206954956055,-87.1501693725586,-46.37071228027344,22.660926818847656,-110.62149047851562,2507.0,-1015.0,-8789.0,0,0,0,0,0
74447.692,1.4291512966156006,2.1074817180633545,1.4114353656768799,0.015402681194245815,-0.0790216475725174,0.013713149353861809,-0.46624118089675903,-2.696688175201416,-87.8011474609375,-95.04094696044922,41.97203826904297,321.8717041015625,4815.0,-245.0,-9502.0,0,0,0,0,0
74457.599,1.4290664196014404,2.1066806316375732,1.4112393856048584,0.014701847918331623,-0.08061553537845612,0.015834560617804527,-1.3578293323516846,-2.8989486694335938,-86.55079650878906,-55.547298431396484,-21.24846839904785,21.232696533203125,5355.0,-802.0,-8870.0,0,0,0,0,0
74467.515,1.4290251731872559,2.1058576107025146,1.4111487865447998,0.016005493700504303,-0.0834197849035263,0.017374714836478233,-1.9725981950759888,-2.402421236038208,-87.02429962158203,121.41647338867188,-47.60224914550781,-125.9815902709961,3069.0,-3472.0,-8062.0,0,0,0,0,0
74477.424,1.4291409254074097,2.1050333976745605,1.4108867645263672,0.01922800950706005,-0.08384893834590912,-0.007079484406858683,-1.0914214849472046,-2.1028995513916016,-87.03052520751953,48.52104949951172,-56.5521125793457,-4.23514986038208,-3158.0,-4984.0,-8061.0,0,0,0,0,0
74487.321,1.4293922185897827,2.1042070388793945,1.410731554031372,0.02185535803437233,-0.08520053327083588,0.009861055761575699,-0.16861175000667572,-1.755071997642517,-87.62879943847656,82.77592468261719,-47.29343795776367,26.53886604309082,-5264.0,-5175.0,-8496.0,0,0,0,0,0
74497.238,1.4297817945480347,2.1034014225006104,1.410474419593811,0.023007046431303024,-0.08520878106355667,0.004774261265993118,0.6231673359870911,-1.474287986755371,-87.26873779296875,62.89665222167969,4.318511486053467,32.911155700683594,-5394.0,-4766.0,-8653.0,0,0,0,0,0
74507.159,1.430161952972412,2.1025147438049316,1.410305142402649,0.022141627967357635,-0.0844719260931015,0.012879149988293648,1.2552752494812012,-1.5659279823303223,-87.00074005126953,-82.75689697265625,32.944664001464844,81.79578399658203,-3651.0,-3019.0,-8615.0,0,0,0,0,0
74517.048,1.4303489923477173,2.101679801940918,1.410064458847046,0.019221659749746323,-0.08386228233575821,0.0064133391715586185,0.6767206192016602,-1.621583104133606,-87.2308349609375,-55.11228942871094,20.54012680053711,-85.5738754272461,1456.0,-1526.0,-8565.0,0,0,0,0,0
74526.951,1.4303431510925293,2.1008388996124268,1.4098360538482666,0.01658288575708866,-0.08380047976970673,0.017855079844594002,-0.21112500131130219,-1.7119770050048828,-87.80485534667969,-88.55949401855469,31.03619956970215,262.8061828613281,4155.0,-899.0,-9323.0,0,0,0,0,0
74536.855,1.430388331413269,2.0998809337615967,1.4099130630493164,0.01585739105939865,-0.08379825204610825,0.02829439751803875,-1.0274369716644287,-1.8500182628631592,-86.51068878173828,-82.99764251708984,-61.744354248046875,-141.91419982910156,0.0,0.0,0.0,0,34305,65535,43190,0
74546.773,1.4303104877471924,2.098958969116211,1.409780740737915,0.015925120562314987,-0.08409257233142853,0.009528620168566704,-1.568877935409546,-1.403221845626831,-86.88737487792969,118.36532592773438,-35.42023468017578,-97.35213470458984,0.0,0.0,0.0,0,60000,65535,35523,0
74556.671,1.4303194284439087,2.098134756088257,1.40936279296875,0.018829092383384705,-0.08277363330125809,-0.021244725212454796,-0.24197162687778473,-1.2577110528945923,-88.09651184082031,86.49281311035156,40.21604919433594,45.43199920654297,0.0,0.0,0.0,10746,32049,65535,26105,0
74566.58,1.4305270910263062,2.0973119735717773,1.4089192152023315,0.019421430304646492,-0.08198011666536331,0.00581892766058445,0.9012800455093384,-1.6202762126922607,-88.53511810302734,253.86135864257812,165.4965362548828,388.2547302246094,0.0,0.0,0.0,0,60000,65535,39743,0
74576.485,1.430834174156189,2.0964195728302,1.4084432125091553,0.022167878225445747,-0.07680487632751465,-0.04575411602854729,3.2751667499542236,-2.978595018386841,-85.9613037109375,38.42242431640625,231.32545471191406,506.5423889160156,0.0,0.0,0.0,0,60000,65535,4760,0
74586.408,1.431057333946228,2.0955328941345215,1.407853364944458,0.0163675956428051,-0.0776178389787674,-0.03952294960618019,4.0546135902404785,-4.633360385894775,-82.12689971923828,95.42015075683594,183.15785217285156,990.2747802734375,0.0,0.0,0.0,0,60000,65535,17120,0
74596.306,1.4311294555664062,2.0943777561187744,1.407230257987976,0.008583100512623787,-0.08553242683410645,-0.012992309406399727,5.625314235687256,-6.033126354217529,-77.65703582763672,206.62881469726562,243.02395629882812,693.877685546875,0.0,0.0,0.0,0,60000,65535,49457,0
74606.214,1.4309992790222168,2.0930778980255127,1.4072984457015991,-0.00832535419613123,-0.10865196585655212,0.0802629142999649,8.453605651855469,-7.950284481048584,-73.45864868164062,279.2593994140625,216.67218017578125,330.1402587890625,0.0,0.0,0.0,0,60000,65535,40905,0
74616.117,1.4307212829589844,2.091566562652588,1.4080817699432373,-0.019785501062870026,-0.12206751108169556,0.09033694863319397,12.0509672164917,-9.93842887878418,-70.71297454833984,419.6166687011719,357.9526672363281,-818.562255859375,0.0,0.0,0.0,0,0,65535,60000,0
74626.039,1.4303555488586426,2.0899481773376465,1.408874750137329,-0.03149489685893059,-0.13060970604419708,0.07394204288721085,15.59959602355957,-14.766983985900879,-74.79226684570312,450.2783508300781,448.8013000488281,-79.34053039550781,0.0,0.0,0.0,0,40168,65535,60000,0
74635.929,1.4299395084381104,2.088322877883911,1.4093273878097534,-0.039805442094802856,-0.13438516855239868,0.031961627304553986,20.660337448120117,-19.071247100830078,-72.79448699951172,282.1419677734375,453.8040771484375,381.2003479003906,0.0,0.0,0.0,0,60000,65535,0,0
74645.831,1.4293612241744995,2.086508274078369,1.409523367881775,-0.05506592616438866,-0.15490460395812988,0.0009986084187403321,26.509654998779297,-20.67978286743164,-64.08106994628906,514.2273559570312,411.7160949707031,60.57596206665039,0.0,0.0,0.0,0,38973,65535,0,0
74655.745,1.4285036325454712,2.0843961238861084,1.4098827838897705,-0.09023047238588333,-0.21232129633426666,0.013633184134960175,33.11921691894531,-23.120037078857422,-58.65749740600586,238.43719482421875,699.2996826171875,232.52308654785156,0.0,0.0,0.0,0,40231,65535,60000,0
74665.649,1.4271131753921509,2.0814402103424072,1.4110538959503174,-0.15318961441516876,-0.3350324034690857,0.0781266838312149,38.489192962646484,-27.31725311279297,-52.48325729370117,455.12933349609375,605.4053344726562,398.27392578125,0.0,0.0,0.0,0,60000,65535,60000,0
74675.546,1.4253417253494263,2.077829122543335,1.4123725891113281,-0.16277946531772614,-0.3410789966583252,0.014544645324349403,46.41310501098633,-29.551990509033203,-45.06603240966797,461.6925964355469,683.7440795898438,296.3486328125,0.0,0.0,0.0,0,0,65535,60000,0
74685.463,1.423329472541809,2.0738868713378906,1.412972331047058,-0.1985860913991928,-0.4287247955799103,-0.006629683542996645,55.05620574951172,-32.57134246826172,-38.058162689208984,648.5313110351562,654.46533203125,284.91217041015625,0.0,0.0,0.0,0,8827,65535,60000,0
74695.361,1.420851469039917,2.0692546367645264,1.4138222932815552,-0.22106952965259552,-0.47931206226348877,-0.05952374264597893,65.20545196533203,-35.5682373046875,-31.020395278930664,291.5989074707031,686.8818969726562,446.4184875488281,0.0,0.0,0.0,0,0,65535,60000,0
74705.286,1.4181931018829346,2.064568281173706,1.414142370223999,-0.2256118804216385,-0.4692152738571167,-0.13924574851989746,73.91471099853516,-34.283634185791016,-21.47819709777832,233.4962158203125,670.3067626953125,604.8530883789062,0.0,0.0,0.0,0,60000,65535,0,0
74715.172,1.415173053741455,2.0592825412750244,1.4137603044509888,-0.24900923669338226,-0.6112041473388672,-0.20263707637786865,81.39846801757812,-29.84149169921875,-11.96115779876709,462.1269226074219,714.9654541015625,207.14048767089844,0.0,0.0,0.0,0,18561,65535,60000,0
74725.087,1.411982536315918,2.0526833534240723,1.4127933979034424,-0.25883811712265015,-0.6806865930557251,-0.28304117918014526,89.73809814453125,-27.123313903808594,-3.2840752601623535,205.2893829345703,777.1738891601562,183.38565063476562,0.0,0.0,0.0,0,48561,65535,60000,0
74734.985,1.4090286493301392,2.0452775955200195,1.4101213216781616,-0.25787055492401123,-0.7636475563049316,-0.37784022092819214,95.54939270019531,-22.856237411499023,5.250074863433838,203.02493286132812,778.8264770507812,249.78683471679688,0.0,0.0,0.0,0,60000,65535,1567,0
74744.903,1.4057044982910156,2.036975860595703,1.4072004556655884,-0.2495778352022171,-0.8252995610237122,-0.47510960698127747,100.09146118164062,-17.615293502807617,12.897162437438965,168.8247833251953,773.3228759765625,280.9571228027344,0.0,0.0,0.0,0,33793,65535,60000,0
74754.806,1.4024428129196167,2.028175115585327,1.403389811515808,-0.2257845550775528,-0.9020885229110718,-0.5810198783874512,103.50601959228516,-12.4030179977417,19.885112762451172,24.567564010620117,823.39404296875,36.37137985229492,0.0,0.0,0.0,0,60000,65535,22269,0
74764.707,1.399245262145996,2.0184812545776367,1.398217797279358,-0.18884848058223724,-0.9795498847961426,-0.6919096112251282,105.02311706542969,-7.999865531921387,27.22599983215332,50.23334884643555,857.344970703125,424.1766662597656,0.0,0.0,0.0,0,60000,65535,0,0
74774.614,1.39626944065094,2.0078206062316895,1.3917633295059204,-0.1308119297027588,-1.0581928491592407,-0.8127073645591736,105.83790588378906,-0.5259092450141907,33.97628402709961,144.5111541748047,903.2351684570312,498.90313720703125,0.0,0.0,0.0,0,48942,65535,46059,0
74784.531,1.3935917615890503,1.9963164329528809,1.3841572999954224,-0.08537790924310684,-1.0980337858200073,-0.9218316674232483,106.79740905761719,6.845338344573975,41.06594467163086,369.4919738769531,922.9765625,-70.23287963867188,0.0,0.0,0.0,0,4496,65535,60000,0
74794.435,1.392162799835205,1.9846049547195435,1.3748124837875366,-0.03132609277963638,-1.1266800165176392,-1.0240864753723145,108.91278839111328,11.370845794677734,49.39295959472656,333.96337890625,999.5010986328125,-181.93344116210938,0.0,0.0,0.0,0,0,65535,60000,0
74804.353,1.3908406496047974,1.9724361896514893,1.3654165267944336,0.06386642158031464,-1.1640989780426025,-1.1367138624191284,110.16055297851562,16.289405822753906,58.53998947143555,254.21359252929688,829.421630859375,511.52410888671875,0.0,0.0,0.0,0,26355,65535,60000,0
74814.245,1.3903908729553223,1.9599117040634155,1.354611873626709,0.14626570045948029,-1.1707240343093872,-1.249352216720581,110.67540740966797,25.676700592041016,64.85427856445312,293.18829345703125,1040.757568359375,91.38121795654297,0.0,0.0,0.0,0,0,65535,60000,0
74824.165,1.3916161060333252,1.946854829788208,1.3418384790420532,0.4122397303581238,-1.184098243713379,-1.4035273790359497,109.1863784790039,31.451602935791016,74.78034210205078,197.44015502929688,1012.5264282226562,301.1192626953125,0.0,0.0,0.0,0,0,65535,60000,0
74834.068,1.3946322202682495,1.9338715076446533,1.3275725841522217,0.4488268196582794,-1.1699047088623047,-1.487937569618225,105.37519073486328,36.58037567138672,85.72423553466797,-40.15504837036133,1164.42578125,257.9673156738281,0.0,0.0,0.0,0,34910,65535,60000,0
74843.966,1.3995401859283447,1.9215298891067505,1.3118267059326172,0.6598165035247803,-1.1065473556518555,-1.5936999320983887,96.5687026977539,41.23268508911133,99.39785766601562,143.51792907714844,1144.509765625,617.77001953125,0.0,0.0,0.0,0,60000,65535,0,0
74853.873,1.4048175811767578,1.9095070362091064,1.2958835363388062,0.7022966742515564,-1.0796922445297241,-1.6831207275390625,86.03345489501953,47.85577392578125,115.50567626953125,185.11285400390625,1199.5264892578125,393.1062316894531,0.0,0.0,0.0,0,0,65535,60000,0
74863.791,1.4113160371780396,1.8980090618133545,1.2789291143417358,0.8422380089759827,-0.9920751452445984,-1.739617943763733,72.28297424316406,50.7487907409668,135.39122009277344,-109.2086181640625,1444.9725341796875,584.055908203125,0.0,0.0,0.0,0,60000,65535,21422,0
74873.688,1.4193005561828613,1.887366771697998,1.2611714601516724,0.9576792120933533,-0.9040181636810303,-1.797344446182251,52.71887969970703,49.55405807495117,159.60302734375,159.74232482910156,1179.7593994140625,582.9207763671875,0.0,0.0,0.0,0,0,65535,60000,0
74883.604,1.4280303716659546,1.877306342124939,1.2426749467849731,0.9658442139625549,-0.900367021560669,-1.8822174072265625,40.271583557128906,45.2707405090332,178.12982177734375,-9.346081733703613,1443.1923828125,480.4532165527344,0.0,0.0,0.0,0,0,65535,60000,0
74893.502,1.4389032125473022,1.8674203157424927,1.2214711904525757,1.0456781387329102,-0.8030141592025757,-1.893605351448059,30.125715255737305,35.16472625732422,-165.89552307128906,90.88064575195312,1417.8052978515625,392.8319396972656,0.0,0.0,0.0,0,19127,65535,60000,0
74903.428,1.4488073587417603,1.8587315082550049,1.2019102573394775,1.0720129013061523,-0.7862030863761902,-1.977166771888733,24.955923080444336,24.3981990814209,-154.47152709960938,-42.41706085205078,1389.8599853515625,749.8795776367188,0.0,0.0,0.0,0,53752,65535,58372,0
74913.322,1.4585988521575928,1.8507980108261108,1.1825488805770874,1.102469801902771,-0.7515866756439209,-2.0104262828826904,20.46417999267578,13.960714340209961,-142.117919921875,123.84386444091797,1426.9354248046875,775.5352172851562,0.0,0.0,0.0,0,20233,65535,31422,0
74923.226,1.4688800573349,1.843058705329895,1.16260826587677,1.1497230529785156,-0.7504127621650696,-2.1119749546051025,19.867944717407227,2.8775880336761475,-130.13868713378906,132.85513305664062,1433.325439453125,583.2678833007812,0.0,0.0,0.0,0,0,65535,60000,0
74933.13,1.4795141220092773,1.8356297016143799,1.1427342891693115,1.124241828918457,-0.7256536483764648,-2.047508716583252,21.20882797241211,-9.217928886413574,-119.60969543457031,-124.51187896728516,1631.3287353515625,582.0075073242188,0.0,0.0,0.0,0,60000,65535,60000,0
74943.047,1.4901645183563232,1.8284980058670044,1.1228798627853394,1.1158605813980103,-0.7240393757820129,-2.0471882820129395,23.250761032104492,-22.004838943481445,-107.47705078125,-110.47571563720703,1522.455810546875,227.44432067871094,0.0,0.0,0.0,0,53234,65535,44431,0
74952.944,1.5000205039978027,1.8215091228485107,1.1038600206375122,1.073216438293457,-0.7403720021247864,-2.040839433670044,27.037128448486328,-34.60224914550781,-96.65357208251953,-293.23199462890625,1684.11767578125,127.09507751464844,0.0,0.0,0.0,0,60000,65535,60000,0
74962.851,1.5103918313980103,1.8140907287597656,1.0826729536056519,1.0897282361984253,-0.7280372381210327,-2.120741367340088,36.02496337890625,-48.27443313598633,-78.7753677368164,-243.71974182128906,1687.9246826171875,10.093961715698242,0.0,0.0,0.0,0,60000,65535,4164,0
74972.758,1.5206496715545654,1.8075414896011353,1.060983657836914,1.118341088294983,-0.6748190522193909,-2.2196755409240723,56.3179817199707,-57.945838928222656,-50.859012603759766,-7.313213348388672,1603.3148193359375,761.0997314453125,0.0,0.0,0.0,0,60000,65535,20338,0
74982.675,1.5290899276733398,1.8027890920639038,1.0421899557113647,1.1157764196395874,-0.6344915628433228,-2.2929699420928955,84.82603454589844,-57.913455963134766,-17.45267105102539,-235.89588928222656,1760.1844482421875,330.88189697265625,0.0,0.0,0.0,0,60000,65535,60000,0
74992.573,1.5386617183685303,1.7965667247772217,1.0206462144851685,1.1176214218139648,-0.7822856903076172,-2.3983805179595947,107.71147918701172,-53.097373962402344,13.03923511505127,-162.72738647460938,1616.68359375,280.0971374511719,0.0,0.0,0.0,0,60000,65535,39125,0
75002.48,1.546079397201538,1.790766716003418,1.0005706548690796,1.093648910522461,-0.7898215651512146,-2.461705446243286,122.3780517578125,-44.46910858154297,33.98695373535156,-146.55908203125,1617.3585205078125,51.65770721435547,0.0,0.0,0.0,0,41576,65535,60000,0
75012.389,1.5529537200927734,1.7838293313980103,0.9797888398170471,1.1475712060928345,-0.9587571620941162,-2.6330747604370117,130.61387634277344,-34.10997772216797,50.3570671081543,-292.491455078125,1617.435546875,392.86553955078125,0.0,0.0,0.0,0,60000,65535,12015,0
75022.306,1.559077262878418,1.7757381200790405,0.9589011669158936,1.21597158908844,-1.0729038715362549,-2.8024511337280273,134.2765350341797,-22.851808547973633,63.4808349609375,-319.9177551269531,1667.49365234375,-50.852134704589844,0.0,0.0,0.0,0,0,65535,60000,0
75032.204,1.565708875656128,1.7666376829147339,0.9362930655479431,1.3232659101486206,-1.1504079103469849,-2.9828760623931885,135.25270080566406,-12.160665512084961,76.7790298461914,-332.6384582519531,1702.5616455078125,74.34931945800781,0.0,0.0,0.0,0,58699,65535,60000,0
75042.111,1.572484016418457,1.7565891742706299,0.912031352519989,1.3671778440475464,-1.1704347133636475,-3.1314339637756348,133.72157287597656,0.8383458256721497,87.38035583496094,-130.46307373046875,1722.9873046875,363.87628173828125,0.0,0.0,0.0,0,60000,65535,45220,0
75052.029,1.5836125612258911,1.7454283237457275,0.882438063621521,1.549443244934082,-1.1257821321487427,-3.3938639163970947,130.69613647460938,13.696396827697754,98.85901641845703,-67.8162841796875,1660.8267822265625,227.17970275878906,0.0,0.0,0.0,0,60000,65535,60000,0
75061.945,1.592396855354309,1.7355983257293701,0.8538016080856323,1.664980411529541,-1.032260537147522,-3.5880966186523438,125.80572509765625,25.69483184814453,111.70475769042969,-27.743194580078125,1655.0743408203125,-66.89727020263672,0.0,0.0,0.0,0,0,65535,60000,0
75071.834,1.6016197204589844,1.727683424949646,0.8244180083274841,1.8483582735061646,-0.7741346955299377,-3.7920947074890137,117.07771301269531,34.359893798828125,128.35218811035156,-43.14357376098633,1646.50244140625,66.27516174316406,0.0,0.0,0.0,0,0,65535,60000,0
75081.746,1.612322211265564,1.7218315601348877,0.7929784655570984,1.9318828582763672,-0.5594467520713806,-3.912628650665283,104.78339385986328,40.24178695678711,147.88792419433594,-182.6543426513672,1795.02001953125,-306.3475646972656,0.0,0.0,0.0,0,0,65535,60000,0
75091.654,1.6241559982299805,1.718418836593628,0.7601321935653687,2.006530523300171,-0.2591160237789154,-4.017505168914795,87.05178833007812,40.312950134277344,171.63516235351562,-159.9272003173828,1805.5552978515625,303.6851501464844,0.0,0.0,0.0,0,51879,65535,60000,0
75101.571,1.6406656503677368,1.7163971662521362,0.7224133610725403,2.05061936378479,-0.19071252644062042,-4.128505706787109,70.56816864013672,39.03953552246094,-165.12298583984375,-45.024742126464844,1698.8150634765625,-64.05081176757812,0.0,0.0,0.0,0,0,65535,60000,0
75111.467,1.6531771421432495,1.7164747714996338,0.6881255507469177,2.0185153484344482,0.003386860014870763,-4.137054443359375,57.5292854309082,31.749284744262695,-145.23162841796875,-320.26446533203125,1895.6378173828125,110.2973861694336,0.0,0.0,0.0,0,49695,65535,60000,0
75121.374,1.6649450063705444,1.7187929153442383,0.6539080142974854,1.950563907623291,0.18268871307373047,-4.139212131500244,47.51325607299805,19.722124099731445,-129.35940551757812,-280.9913330078125,1609.9864501953125,-534.0736694335938,0.0,0.0,0.0,0,0,65535,60000,0
75131.278,1.6796369552612305,1.7218568325042725,0.6167699694633484,1.89568293094635,0.2644796371459961,-4.2073283195495605,42.17250442504883,5.2656426429748535,-120.62662506103516,-702.0065307617188,1793.4124755859375,-18.25018882751465,0.0,0.0,0.0,0,12061,65535,60000,0
75141.195,1.6828608512878418,1.7275394201278687,0.5900118947029114,1.7325912714004517,0.36095401644706726,-4.120092868804932,35.25483322143555,-9.238584518432617,-109.90382385253906,-546.8968505859375,1719.5560302734375,126.63632202148438,0.0,0.0,0.0,0,60000,65535,0,0
75151.093,1.6955293416976929,1.7320365905761719,0.5526556968688965,1.7900818586349487,0.4226159155368805,-4.240724563598633,33.457000732421875,-22.40920639038086,-99.11951446533203,-223.76736450195312,1583.593017578125,-203.0274658203125,0.0,0.0,0.0,0,8838,65535,60000,0
75160.999,1.7029427289962769,1.7376677989959717,0.5205288529396057,1.7221096754074097,0.4279710352420807,-4.227467060089111,35.06671905517578,-36.13675308227539,-88.75735473632812,-639.1739501953125,1728.865478515625,-204.6001434326172,0.0,0.0,0.0,0,60000,65535,60000,0
75170.9,1.7077113389968872,1.7429407835006714,0.49135491251945496,1.6697150468826294,0.42444470524787903,-4.213663101196289,37.701358795166016,-50.18489456176758,-75.59900665283203,-499.616455078125,1438.8924560546875,-278.88922119140625,0.0,0.0,0.0,0,60000,65535,20945,0
75180.816,1.7118877172470093,1.7479697465896606,0.4619714915752411,1.6123127937316895,0.4589729309082031,-4.208766460418701,43.5533561706543,-63.18113327026367,-62.112876892089844,-759.9755249023438,1476.1573486328125,-224.72085571289062,0.0,0.0,0.0,0,60000,65535,55482,0
75190.71,1.7215975522994995,1.7521482706069946,0.4257718324661255,1.6086534261703491,0.3317881226539612,-4.216811180114746,64.26598358154297,-73.94406127929688,-31.469575881958008,-922.1818237304688,1505.367919921875,-560.1561279296875,0.0,0.0,0.0,0,60000,65535,13175,0
75200.625,1.722782850265503,1.7555818557739258,0.3997860848903656,1.6009198427200317,0.28254255652427673,-4.2045745849609375,119.53990173339844,-77.60983276367188,34.955501556396484,-980.9827880859375,1534.831298828125,-527.1211547851562,0.0,0.0,0.0,0,60000,65535,10414,0
75210.54,1.7251389026641846,1.758508563041687,0.37049898505210876,1.6094810962677002,0.2743236720561981,-4.207861423492432,152.11349487304688,-67.83316802978516,78.66179656982422,-619.6646118164062,1408.98388671875,-377.0014953613281,0.0,0.0,0.0,0,60000,65535,9275,0
75220.444,1.7261916399002075,1.760589599609375,0.3435863256454468,1.5974551439285278,0.20404523611068726,-4.221861362457275,160.71116638183594,-55.47952651977539,95.61151123046875,-777.0424194335938,1529.178466796875,-263.6899719238281,0.0,0.0,0.0,0,60000,65535,33648,0
75230.341,1.727487325668335,1.760886549949646,0.31550678610801697,1.6932545900344849,0.07204242795705795,-4.387596130371094,160.32598876953125,-41.5606689453125,105.83307647705078,-850.572998046875,1438.983642578125,52.46940612792969,0.0,0.0,0.0,0,60000,65535,0,0
75240.249,1.729554533958435,1.7594314813613892,0.285186231136322,1.7529031038284302,-0.013816299848258495,-4.594771385192871,155.25392150878906,-27.096439361572266,109.97589874267578,-353.8759460449219,1408.513916015625,-700.2399291992188,0.0,0.0,0.0,0,60000,65535,0,0
75250.156,1.7406113147735596,1.7578296661376953,0.24432940781116486,1.9070760011672974,-0.0296439491212368,-4.882995128631592,155.21115112304688,-15.375314712524414,119.84844970703125,-286.0111389160156,1510.818359375,-100.54703521728516,0.0,0.0,0.0,0,56218,65535,60000,0
75260.083,1.7468928098678589,1.7549326419830322,0.20316241681575775,2.0007529258728027,0.04184179753065109,-5.16306734085083,154.05258178710938,-2.144578695297241,131.62547302246094,-213.44113159179688,1517.7232666015625,-566.506591796875,0.0,0.0,0.0,0,0,65535,60000,0
75269.971,1.7518798112869263,1.7520509958267212,0.1651400923728943,2.0182690620422363,0.11907299607992172,-5.31168794631958,150.72705078125,8.423336029052734,143.83302307128906,-387.42291259765625,1409.297119140625,342.8065185546875,0.0,0.0,0.0,0,0,65535,60000,0
75279.878,1.7590516805648804,1.7490257024765015,0.11945517361164093,1.9654563665390015,0.23328880965709686,-5.508885383605957,144.0887908935547,19.838150024414062,154.563232421875,-289.9645690917969,1397.4549560546875,351.4007263183594,0.0,0.0,0.0,0,0,65535,60000,0
75289.785,1.778709888458252,1.7519972324371338,0.0631246417760849,1.9324432611465454,0.4678942561149597,-5.7694525718688965,137.20472717285156,29.238754272460938,166.13150024414062,-224.63491821289062,1397.641845703125,-647.1131591796875,0.0,0.0,0.0,0,0,65535,60000,0
75299.712,1.7701436281204224,1.7480944395065308,0.03323278948664665,1.745163917541504,0.5812554955482483,-5.823404312133789,124.43142700195312,34.09636306762695,-176.43589782714844,-646.257568359375,1508.048583984375,-37.02289962768555,0.0,0.0,0.0,0,0,65535,60000,0
75309.616,1.7713254690170288,1.7478821277618408,-0.010212801396846771,1.5925898551940918,0.7214638590812683,-5.972929000854492,105.99361419677734,36.711917877197266,-156.67913818359375,-813.4610595703125,1461.6932373046875,-274.8847351074219,0.0,0.0,0.0,0,0,65535,60000,0
75319.506,1.7717043161392212,1.7485657930374146,-0.05576932057738304,1.4206706285476685,0.7700545787811279,-6.049313068389893,88.63533782958984,34.72526550292969,-140.03958129882812,-161.43482971191406,755.5614624023438,-737.7959594726562,0.0,0.0,0.0,0,7607,65535,54151,0
75329.413,1.7711225748062134,1.7527217864990234,-0.10695966333150864,0.9378136396408081,0.9766591787338257,-5.971400260925293,96.0109634399414,33.82212829589844,-141.2300567626953,449.4156188964844,-749.6201171875,733.4385986328125,0.0,0.0,0.0,25498,0,65535,60000,0
75339.337,1.7646070718765259,1.7569395303726196,-0.14631259441375732,0.753392219543457,0.951522707939148,-5.926975727081299,104.1969985961914,43.0026741027832,-149.99386596679688,617.11865234375,-673.6879272460938,1035.1044921875,0.0,0.0,0.0,65535,50017,65535,0,0
75349.227,1.7567800283432007,1.7544459104537964,-0.13368314504623413,0.710736870765686,0.9325135350227356,-5.866818904876709,104.1227035522461,43.095211029052734,-150.02313232421875,1123.7086181640625,-995.2028198242188,-134.0147705078125,0.0,0.0,0.0,65535,60000,65535,36252,0
75359.148,1.7480446100234985,1.7582507133483887,-0.1619316190481186,0.659631609916687,0.7350611686706543,-5.728970527648926,122.74044799804688,44.08049011230469,-163.62158203125,717.6812744140625,-1145.7054443359375,201.81053161621094,0.0,0.0,0.0,65535,44447,65535,1153,0
75369.052,1.739898681640625,1.762160062789917,-0.1904868483543396,0.5637471079826355,0.6429452300071716,-5.685594081878662,143.92254638671875,38.3736457824707,-179.69235229492188,629.1310424804688,-994.95263671875,-163.10606384277344,0.0,0.0,0.0,65535,60000,65535,27141,0
75378.961,1.7296239137649536,1.7667196989059448,-0.21008503437042236,0.38929712772369385,0.7290372252464294,-5.745874404907227,156.4794464111328,30.401460647583008,169.49783325195312,507.03662109375,-816.3280639648438,-151.24559020996094,0.0,0.0,0.0,65535,10724,65535,43924,0
75388.859,1.7189830541610718,1.7730820178985596,-0.22775115072727203,0.22584538161754608,0.771793782711029,-5.752997398376465,162.68130493164062,21.425018310546875,167.7244415283203,523.710205078125,-685.9933471679688,-283.62322998046875,0.0,0.0,0.0,65535,0,65535,60000,0
75398.765,1.7135529518127441,1.7806065082550049,-0.2635883688926697,0.11268763989210129,0.7815373539924622,-5.809433937072754,166.91574096679688,13.788711547851562,169.73983764648438,352.6570739746094,-726.0689086914062,59.231231689453125,0.0,0.0,0.0,65535,0,65535,60000,0
75408.672,1.7146672010421753,1.7884395122528076,-0.32223641872406006,0.06112372502684593,0.779707133769989,-5.919093132019043,171.3439483642578,6.791278839111328,170.4842529296875,354.6335754394531,-716.5484008789062,-167.4935760498047,0.0,0.0,0.0,65535,0,65535,60000,0
75418.603,1.7070952653884888,1.7968111038208008,-0.3508947491645813,0.022352023050189018,0.7821118831634521,-5.890086650848389,174.50209045410156,-0.6931174993515015,170.0188446044922,285.76141357421875,-640.82666015625,-454.6998291015625,0.0,0.0,0.0,65535,0,65535,60000,0
75428.486,1.692128300666809,1.8055458068847656,-0.3465658724308014,-0.015584086999297142,0.7622642517089844,-5.713676929473877,177.56552124023438,-8.000624656677246,172.25193786621094,169.87542724609375,-678.00048828125,-262.3040771484375,0.0,0.0,0.0,65535,0,65535,60000,0
75438.403,1.679708480834961,1.8145571947097778,-0.34256497025489807,-0.01779327169060707,0.7393104434013367,-5.549797058105469,179.68218994140625,-14.90250015258789,174.2960968017578,73.65765380859375,-597.8854370117188,-86.8109359741211,0.0,0.0,0.0,65535,12980,65535,60000,0
75448.302,1.6741501092910767,1.822333812713623,-0.3672432601451874,0.034264639019966125,0.7161715626716614,-5.552286624908447,-179.2699432373047,-21.56789779663086,174.63096618652344,-53.89073944091797,-547.3599243164062,614.0833129882812,0.0,0.0,0.0,65535,0,65535,9042,0
75458.222,1.6645604372024536,1.8299952745437622,-0.3597738444805145,0.07845823466777802,0.6884558200836182,-5.366566181182861,-179.2214813232422,-27.621793746948242,174.02781677246094,-301.8537902832031,-573.40869140625,183.5900115966797,0.0,0.0,0.0,65535,0,65535,22685,0
75468.113,1.6574043035507202,1.8375557661056519,-0.35382261872291565,0.2469864934682846,0.6512196660041809,-5.353427410125732,177.70211791992188,-33.59014892578125,173.1686248779297,-298.182373046875,-678.4912719726562,-270.7218933105469,0.0,0.0,0.0,65535,36803,65535,41766,0
75478.019,1.652703881263733,1.8449679613113403,-0.34916120767593384,0.33377891778945923,0.6243257522583008,-5.209766387939453,172.98025512695312,-40.312042236328125,170.82281494140625,-377.2347717285156,-702.6506958007812,0.7553318738937378,0.0,0.0,0.0,65535,0,65535,60000,0
75487.926,1.6492030620574951,1.8515435457229614,-0.34517401456832886,0.3805166780948639,0.5830500721931458,-5.020009517669678,169.41400146484375,-47.77996826171875,171.00343322753906,-337.96795654296875,-582.079833984375,-164.97959899902344,0.0,0.0,0.0,65535,7775,65535,29712,0
75497.843,1.649552822113037,1.8574378490447998,-0.36689499020576477,0.39408987760543823,0.5521818995475769,-4.899670124053955,162.26736450195312,-53.91277313232422,166.74072265625,-242.97991943359375,-423.73681640625,429.9207763671875,0.0,0.0,0.0,65535,40897,65535,41038,0
75507.74,1.6463422775268555,1.8624874353408813,-0.3579457998275757,0.3003405034542084,0.49969425797462463,-4.604979991912842,153.27305603027344,-58.111183166503906,159.7235565185547,-430.5187683105469,-286.2004089355469,346.6004638671875,0.0,0.0,0.0,65535,60000,65535,18208,0
75517.647,1.643288493156433,1.8668731451034546,-0.3490491211414337,0.3134380280971527,0.46827688813209534,-4.388280868530273,140.37464904785156,-59.03066635131836,148.59629821777344,-476.8428955078125,-206.17002868652344,-371.8830871582031,0.0,0.0,0.0,65535,60000,65535,19946,0
75527.554,1.6409354209899902,1.8707606792449951,-0.34073907136917114,0.3528634011745453,0.4365024268627167,-4.187237739562988,129.71559143066406,-59.396339416503906,141.6874542236328,-255.3203582763672,-248.6816864013672,-852.3036499023438,0.0,0.0,0.0,0,0,65535,60000,0
75537.472,1.6388882398605347,1.8735032081604004,-0.3327587842941284,0.29946836829185486,0.37487414479255676,-3.985938549041748,130.4181671142578,-66.19086456298828,146.75474548339844,-209.11318969726562,-86.99674224853516,-396.1230773925781,0.0,0.0,0.0,0,0,65535,60000,0
75547.379,1.638597011566162,1.876002550125122,-0.3477413058280945,0.18373708426952362,0.3020298182964325,-3.8757874965667725,141.71343994140625,-73.93545532226562,160.9589385986328,-217.58377075195312,202.50167846679688,34.48650360107422,0.0,0.0,0.0,65535,1673,65535,60000,0
75557.275,1.6344537734985352,1.8762651681900024,-0.3363715410232544,0.05584985017776489,0.2381511628627777,-3.638967275619507,146.02500915527344,-74.9509048461914,167.8927764892578,-141.51324462890625,281.93780517578125,-131.2815399169922,0.0,0.0,0.0,48605,60000,61456,22820,0
75567.182,1.6297168731689453,1.8755444288253784,-0.32729968428611755,-0.050227317959070206,0.18169251084327698,-3.4332900047302246,148.2576141357422,-72.81900024414062,172.01287841796875,-217.14895629882812,233.07028198242188,-86.71966552734375,0.0,0.0,0.0,0,41656,65535,42636,0
75577.099,1.624350905418396,1.8740966320037842,-0.31571269035339355,-0.11058662086725235,0.14910368621349335,-3.2489266395568848,153.9341583251953,-71.33690643310547,179.69541931152344,-232.2959442138672,222.94236755371094,107.76089477539062,0.0,0.0,0.0,0,50400,30469,40393,0
75587.007,1.6189723014831543,1.8723540306091309,-0.30424344539642334,-0.1377457231283188,0.13452374935150146,-3.0922396183013916,154.54112243652344,-69.57628631591797,-177.1918182373047,-127.46328735351562,233.3341522216797,-107.36337280273438,0.0,0.0,0.0,18266,60000,9830,16617,0
75596.904,1.6123285293579102,1.8718534708023071,-0.3230399489402771,-0.12920403480529785,0.1268312931060791,-2.9497523307800293,156.67198181152344,-65.27842712402344,-172.0796356201172,-32.879390716552734,345.3965759277344,-214.49423217773438,0.0,0.0,0.0,0,12794,65535,60000,0
75606.811,1.610534906387329,1.8702880144119263,-0.3018604815006256,-0.15301738679409027,0.12143393605947495,-2.888566493988037,156.7316436767578,-65.38402557373047,-172.0828857421875,-76.47022247314453,400.8743591308594,-413.8555603027344,0.0,0.0,0.0,0,0,65535,60000,0
75616.728,1.6054880619049072,1.8683602809906006,-0.28912052512168884,-0.18255577981472015,0.11132977902889252,-2.7696516513824463,166.240478515625,-63.136436462402344,-161.30545043945312,-149.63790893554688,300.25384521484375,-22.61069107055664,0.0,0.0,0.0,0,4079,65535,60000,0
75626.625,1.6006587743759155,1.8664867877960205,-0.27741894125938416,-0.199345663189888,0.1126314103603363,-2.668632984161377,171.301025390625,-60.05653762817383,-154.46580505371094,-264.6495666503906,303.1208190917969,289.949951171875,0.0,0.0,0.0,0,60000,9830,16254,0
75636.532,1.5947511196136475,1.8666647672653198,-0.2937808930873871,-0.09203123301267624,0.20335069298744202,-2.6847915649414062,162.00477600097656,-53.33753204345703,-160.314453125,-219.12026977539062,315.3584289550781,71.92372131347656,0.0,0.0,0.0,0,60000,9830,0,0
75646.438,1.593444585800171,1.8654298782348633,-0.2750023603439331,-0.11382141709327698,0.19798676669597626,-2.6343274116516113,162.08053588867188,-53.42312240600586,-160.32762145996094,-198.11624145507812,392.7403259277344,124.48241424560547,0.0,0.0,0.0,0,25269,9830,26698,0
75656.356,1.5896698236465454,1.8650493621826172,-0.26925206184387207,-0.10677094012498856,0.21286247670650482,-2.5835812091827393,159.954345703125,-49.525177001953125,-160.4164276123047,-399.44866943359375,395.54400634765625,159.37799072265625,0.0,0.0,0.0,0,49764,57666,43371,0
75666.265,1.586343765258789,1.8649582862854004,-0.2647113502025604,-0.07158365845680237,0.26693105697631836,-2.585916519165039,157.83795166015625,-45.08485412597656,-158.80223083496094,-364.9278869628906,406.28961181640625,279.16815185546875,0.0,0.0,0.0,0,59141,33888,0,0
75676.16,1.5833079814910889,1.8651275634765625,-0.26131123304367065,-0.0743861049413681,0.2738989591598511,-2.5514020919799805,153.79794311523438,-40.028053283691406,-158.75540161132812,-320.6728210449219,408.73260498046875,-145.89889526367188,0.0,0.0,0.0,0,44667,9830,12203,0
75686.08,1.582656741142273,1.868018627166748,-0.2874840795993805,-0.02746247872710228,0.32724979519844055,-2.634300470352173,152.14828491210938,-36.47968673706055,-156.388427734375,-429.1842041015625,433.6506042480469,-17.845321655273438,0.0,0.0,0.0,0,60000,26967,10443,0
75695.994,1.5787171125411987,1.8667247295379639,-0.2645331919193268,-0.04882752150297165,0.3554414212703705,-2.587327241897583,149.50559997558594,-33.13452911376953,-154.2078857421875,-260.33349609375,386.8664855957031,-204.58871459960938,0.0,0.0,0.0,0,0,65535,60000,0
75705.88,1.5765581130981445,1.8670997619628906,-0.2611556649208069,-0.06520406156778336,0.3150729835033417,-2.507996082305908,149.69259643554688,-31.70466423034668,-148.23214721679688,23.44759750366211,387.6456298828125,-455.5891418457031,0.0,0.0,0.0,0,0,65535,60000,0
75715.8,1.5770066976547241,1.8652609586715698,-0.26020240783691406,-0.12719044089317322,0.3122272491455078,-2.394810438156128,156.87222290039062,-32.28764724731445,-133.5982208251953,148.89566040039062,432.46746826171875,-488.5550231933594,0.0,0.0,0.0,0,0,65535,60000,0
75725.694,1.5767152309417725,1.8677562475204468,-0.2577023506164551,-0.13383246958255768,0.2596261203289032,-2.29884934425354,161.92771911621094,-29.857826232910156,-127.07682037353516,207.9404296875,363.2524719238281,-107.7303466796875,0.0,0.0,0.0,0,0,65535,60000,0
75735.621,1.574440598487854,1.866138219833374,-0.2532924711704254,-0.15805105865001678,0.11792118847370148,-2.051591157913208,165.47341918945312,-26.705089569091797,-123.93988037109375,48.71404266357422,4.53525447845459,158.62562561035156,0.0,0.0,0.0,65535,9704,50171,60000,0
75745.507,1.5714036226272583,1.8631683588027954,-0.2590236961841583,-0.200267031788826,-0.35426098108291626,-1.2447839975357056,165.89462280273438,-26.472431182861328,-124.34548950195312,260.6492004394531,77.73435974121094,-149.54531860351562,0.0,0.0,0.0,65535,27508,65535,60000,0
75755.414,1.5683499574661255,1.855342149734497,-0.24615871906280518,-0.23305682837963104,-0.4945865869522095,-0.9880382418632507,168.85626220703125,-26.16154670715332,-123.43607330322266,128.5442657470703,133.44223022460938,181.8997802734375,0.0,0.0,0.0,1496,0,59540,60000,0
75765.327,1.5654648542404175,1.8479005098342896,-0.23244403302669525,-0.24166861176490784,-0.49181050062179565,-0.9964539408683777,169.05767822265625,-23.905296325683594,-126.73472595214844,-32.59142303466797,203.31126403808594,251.47837829589844,0.0,0.0,0.0,0,0,26349,39859,0
75775.242,1.5626558065414429,1.841512680053711,-0.2196102738380432,-0.23441919684410095,-0.40677738189697266,-1.1866710186004639,168.28573608398438,-21.161672592163086,-129.5552520751953,73.17084503173828,159.01034545898438,33.966896057128906,0.0,0.0,0.0,23929,0,9830,60000,0
75785.138,1.560348629951477,1.8372373580932617,-0.20775344967842102,-0.23456992208957672,-0.38122254610061646,-1.234393835067749,169.58767700195312,-19.382720947265625,-128.96920776367188,-199.4981231689453,440.06036376953125,-356.8911437988281,0.0,0.0,0.0,0,0,9830,60000,0
75795.046,1.5581610202789307,1.8339781761169434,-0.21000833809375763,-0.23552833497524261,-0.28684717416763306,-1.4915770292282104,168.09756469726562,-15.510144233703613,-125.60371398925781,-343.5856018066406,439.79736328125,325.0091247558594,0.0,0.0,0.0,0,47923,65535,21566,0
75804.953,1.5561673641204834,1.8311707973480225,-0.20233593881130219,-0.24786190688610077,-0.2597538232803345,-1.5610582828521729,164.59707641601562,-10.837889671325684,-125.98628997802734,-284.864501953125,553.5670166015625,-518.16162109375,0.0,0.0,0.0,0,17086,64112,25041,0
75814.877,1.553871512413025,1.8273788690567017,-0.19642066955566406,-0.26530343294143677,-0.24815510213375092,-1.6065150499343872,161.4866180419922,-5.683811187744141,-123.2751235961914,-251.61053466796875,693.6533203125,561.3058471679688,0.0,0.0,0.0,0,60000,65535,314,0
75824.767,1.552311658859253,1.8244593143463135,-0.18993988633155823,-0.21594788134098053,-0.28920429944992065,-1.4506691694259644,159.28530883789062,1.8246010541915894,-124.99224853515625,-28.822500228881836,496.24407958984375,533.7194213867188,0.0,0.0,0.0,0,0,65535,60000,0
75834.683,1.5521818399429321,1.822645902633667,-0.18134857714176178,-0.08582255244255066,-0.33971482515335083,-1.112095594406128,160.21371459960938,8.185988426208496,-129.62754821777344,230.62933349609375,33.28550720214844,766.3909912109375,0.0,0.0,0.0,0,0,65535,33797,0
75844.579,1.553367257118225,1.8212043046951294,-0.170156791806221,0.034532275050878525,-0.3723392188549042,-0.7549349069595337,164.11380004882812,10.332586288452148,-135.84854125976562,311.5486755371094,-172.3612060546875,468.0355529785156,0.0,0.0,0.0,0,24771,65535,60000,0
75854.495,1.5549293756484985,1.8184982538223267,-0.1667032390832901,0.09925203025341034,-0.3820442855358124,-0.5640134215354919,168.25567626953125,9.780455589294434,-140.2681427001953,314.33148193359375,-206.05233764648438,136.38145446777344,0.0,0.0,0.0,15052,11194,65535,60000,0
75864.393,1.5575264692306519,1.8174073696136475,-0.1518099159002304,0.11051563173532486,-0.37810996174812317,-0.4999423027038574,171.85423278808594,8.093289375305176,-141.87094116210938,257.14532470703125,-184.72348022460938,115.64592742919922,0.0,0.0,0.0,64409,7999,65535,60000,0
75874.3,1.5595484972000122,1.8170884847640991,-0.13674215972423553,0.1050037145614624,-0.36749377846717834,-0.5145695209503174,174.8804473876953,6.503183841705322,-143.1890106201172,267.4873046875,-127.63790130615234,6.699443817138672,0.0,0.0,0.0,65535,60000,65535,60000,0
75884.207,1.5612425804138184,1.8174952268600464,-0.1227404996752739,0.0974518209695816,-0.353941410779953,-0.5566390156745911,177.8690185546875,5.320366382598877,-143.6594696044922,221.3687286376953,-118.46101379394531,67.96297454833984,0.0,0.0,0.0,45159,0,65535,60000,0
75894.124,1.5626734495162964,1.8186070919036865,-0.10985787212848663,0.09152796119451523,-0.3376656770706177,-0.5969492793083191,-179.5208282470703,4.248221397399902,-144.7534942626953,225.82008361816406,-129.48306274414062,-41.930355072021484,0.0,0.0,0.0,65535,47399,65535,60000,0
75904.021,1.5635861158370972,1.8152281045913696,-0.11636538058519363,0.0919448584318161,-0.33352065086364746,-0.7001059651374817,-177.14163208007812,3.019986867904663,-144.53863525390625,269.5651550292969,-89.68189239501953,-62.018951416015625,0.0,0.0,0.0,65535,11445,65535,39396,0
75913.929,1.5641751289367676,1.819885015487671,-0.0958252027630806,0.08368093520402908,-0.3052785098552704,-0.6726580858230591,-173.9901885986328,2.605170488357544,-144.2279815673828,259.253662109375,42.09283447265625,-13.95581340789795,0.0,0.0,0.0,56073,33922,65535,55325,0
75923.836,1.5644203424453735,1.8216705322265625,-0.08615195751190186,0.07713638991117477,-0.28499776124954224,-0.6700749397277832,-171.22613525390625,3.2527873516082764,-144.17092895507812,267.8929138183594,110.3922119140625,36.861167907714844,0.0,0.0,0.0,37720,25016,65535,52633,0
75933.753,1.5650509595870972,1.8252815008163452,-0.07671069353818893,0.07310769706964493,-0.2596565783023834,-0.6897782683372498,-168.1531219482422,4.340175628662109,-145.0722198486328,263.0796203613281,84.30099487304688,-87.17823028564453,0.0,0.0,0.0,35749,28225,65535,49758,0
75943.65,1.5655832290649414,1.8293867111206055,-0.06810769438743591,0.06402041763067245,-0.21958225965499878,-0.6599369049072266,-165.2308349609375,5.338174819946289,-144.97994995117188,239.5931854248047,25.052331924438477,220.457763671875,0.0,0.0,0.0,39847,15374,65535,54760,0
75953.561,1.5659511089324951,1.830888032913208,-0.066433385014534,0.037881579250097275,-0.12696589529514313,-0.46686187386512756,-162.62693786621094,5.169680118560791,-146.57814025878906,202.99526977539062,-1.3086636066436768,243.28819274902344,0.0,0.0,0.0,50786,44241,65535,52643,0
75963.464,1.5658347606658936,1.8367512226104736,-0.055522121489048004,0.007807322312146425,-0.023289859294891357,-0.2781551480293274,-160.2104034423828,4.435842514038086,-149.18678283691406,120.00171661376953,-24.468490600585938,-14.851442337036133,0.0,0.0,0.0,24411,46569,65535,29984,0
75973.381,1.565562129020691,1.8433445692062378,-0.04435872659087181,-0.007327418774366379,0.02934747003018856,-0.24440596997737885,-158.92149353027344,4.411772727966309,-148.950927734375,30.63733673095703,-44.34952926635742,-144.2858428955078,0.0,0.0,0.0,65535,48848,65535,42403,0
75983.278,1.565280795097351,1.8504234552383423,-0.03351076319813728,-0.01975993998348713,0.0723155289888382,-0.23886369168758392,-158.59812927246094,4.931288242340088,-147.02804565429688,-22.826932907104492,-17.971437454223633,-314.2622985839844,0.0,0.0,0.0,65535,46163,65535,28953,0
75993.184,1.5649412870407104,1.8544493913650513,-0.02968117967247963,-0.031346533447504044,0.10256154835224152,-0.2557116746902466,-159.01654052734375,5.917873859405518,-144.23748779296875,-78.94763946533203,-31.59353256225586,-244.34104919433594,0.0,0.0,0.0,65535,60000,37775,28873,0
76003.091,1.5644787549972534,1.8616939783096313,-0.019936084747314453,-0.04339948669075966,0.14178696274757385,-0.25405004620552063,-159.6959686279297,6.439379692077637,-141.97764587402344,-28.897125244140625,-137.3789520263672,-505.0799865722656,0.0,0.0,0.0,65535,60000,65535,28619,0
76013.02,1.5637240409851074,1.8689019680023193,-0.010945800691843033,-0.05792738124728203,0.17935699224472046,-0.2496671974658966,-160.0101318359375,6.7115325927734375,-137.77122497558594,111.57799530029297,-139.90524291992188,-215.26304626464844,0.0,0.0,0.0,65535,35753,65535,36504,0
76022.906,1.562630534172058,1.8762155771255493,-0.003150318982079625,-0.06857749819755554,0.2069912701845169,-0.2755383253097534,-158.6179656982422,5.3747453689575195,-136.38320922851562,63.29365921020508,-280.71746826171875,-231.00628662109375,0.0,0.0,0.0,65535,56055,65535,43231,0
76032.813,1.5617362260818481,1.8829435110092163,0.00325835682451725,-0.05636037513613701,0.20319867134094238,-0.39130347967147827,-157.40528869628906,2.204674243927002,-138.57806396484375,15.02539348602295,-150.9350128173828,-343.96490478515625,0.0,0.0,0.0,65535,60000,65535,3427,0
76042.721,1.5610586404800415,1.8888475894927979,0.008186569437384605,-0.06056816503405571,0.21550875902175903,-0.4454268217086792,-157.09381103515625,2.1924893856048584,-137.76234436035156,1.055399775505066,5.551950931549072,-357.19403076171875,0.0,0.0,0.0,65535,60000,65535,47731,0
76052.637,1.5610731840133667,1.890427827835083,0.012789148837327957,-0.06117942929267883,0.22305504977703094,-0.42576321959495544,-157.04739379882812,2.2289628982543945,-137.81768798828125,185.0299835205078,-98.49105072021484,-987.3416137695312,0.0,0.0,0.0,3857,22460,54982,28273,0
76062.542,1.560158610343933,1.8930610418319702,0.009224685840308666,-0.13067351281642914,0.2948310077190399,-0.28344282507896423,-156.94232177734375,4.624767780303955,-129.93063354492188,254.41847229003906,-255.95411682128906,-1215.7900390625,0.0,0.0,0.0,0,0,45625,41574,0
76072.44,1.558085560798645,1.897665023803711,0.01282996404916048,-0.23542341589927673,0.38699328899383545,-0.07457370311021805,-156.1017608642578,8.228744506835938,-116.71560668945312,298.5406494140625,-314.39752197265625,-811.2611083984375,0.0,0.0,0.0,0,38515,9830,41523,0
76082.347,1.55192232131958,1.9073151350021362,0.02178688906133175,-0.29478225111961365,0.40673497319221497,-0.09563032537698746,-153.16188049316406,9.678383827209473,-99.21549987792969,261.7326354980469,-333.5490417480469,-357.2899169921875,0.0,0.0,0.0,0,0,65535,60000,0
76092.265,1.55192232131958,1.9073151350021362,0.02178688906133175,-0.29478225111961365,0.40673497319221497,-0.09563032537698746,-153.16188049316406,9.678383827209473,-99.21549987792969,125.12874603271484,-303.5022888183594,-419.7542419433594,0.0,0.0,0.0,0,0,65535,60000,0
76102.161,1.548479437828064,1.9117348194122314,0.03068666160106659,-0.2807721197605133,0.39345526695251465,-0.16820919513702393,-152.0538330078125,8.337933540344238,-94.1399917602539,-12.144038200378418,-286.80401611328125,-106.46644592285156,0.0,0.0,0.0,54745,20708,65535,60000,0
76112.069,1.5448627471923828,1.9147909879684448,0.0418342649936676,-0.2696530818939209,0.3790449798107147,-0.22231094539165497,-151.81625366210938,6.660096168518066,-91.25399017333984,-123.9875717163086,-265.4764099121094,-174.38522338867188,0.0,0.0,0.0,65535,48390,65535,48864,0
76121.976,1.5420176982879639,1.9168373346328735,0.04692188650369644,-0.26709267497062683,0.36115455627441406,-0.2799758017063141,-152.84500122070312,4.91645622253418,-87.97538757324219,-113.77757263183594,-261.1306457519531,-168.55381774902344,0.0,0.0,0.0,966,51273,65535,4914,0
76131.892,1.5393989086151123,1.9181091785430908,0.051154762506484985,-0.27901941537857056,0.3419147729873657,-0.30709993839263916,-154.49676513671875,3.4131052494049072,-85.21694946289062,-18.43555450439453,-335.3026428222656,-161.23858642578125,0.0,0.0,0.0,65535,60000,65535,1374,0
76141.79,1.5371389389038086,1.9186033010482788,0.05479149892926216,-0.28920504450798035,0.3193367123603821,-0.331480473279953,-155.28977966308594,0.964228630065918,-82.90023803710938,-84.67056274414062,-238.65670776367188,109.67984008789062,0.0,0.0,0.0,65535,31924,65535,15056,0
76151.702,1.5345789194107056,1.920067548751831,0.05467452108860016,-0.3093571364879608,0.2958762049674988,-0.3467605412006378,-155.72406005859375,-1.6192399263381958,-81.15184783935547,-135.21632385253906,-233.50819396972656,-144.67137145996094,0.0,0.0,0.0,64764,60000,65535,3101,0
76161.615,1.5320581197738647,1.9193673133850098,0.05704013630747795,-0.3316495716571808,0.2618606984615326,-0.3436966836452484,-157.06495666503906,-4.1877923011779785,-80.18647003173828,-165.32017517089844,-197.52114868164062,102.23753356933594,0.0,0.0,0.0,20199,52433,65535,2940,0
76171.522,1.530064344406128,1.917991042137146,0.0596587248146534,-0.35111233592033386,0.22579804062843323,-0.32854416966438293,-158.5794219970703,-6.200150012969971,-78.89790344238281,-209.91827392578125,-142.72706604003906,270.93890380859375,0.0,0.0,0.0,41362,60000,65535,243,0
76181.42,1.5285354852676392,1.9160447120666504,0.06248866021633148,-0.3710872530937195,0.18579979240894318,-0.2987402379512787,-160.71768188476562,-8.638276100158691,-79.96865844726562,-244.69752502441406,-88.02225494384766,190.01780700683594,0.0,0.0,0.0,0,60000,65535,0,0
76191.328,1.5273505449295044,1.913722038269043,0.06494853645563126,-0.37760239839553833,0.1523728221654892,-0.2999500036239624,-163.53756713867188,-10.60513687133789,-82.00797271728516,-245.3719940185547,-96.96817779541016,210.04669189453125,0.0,0.0,0.0,0,60000,42493,8699,0
76201.233,1.5249979496002197,1.913122296333313,0.06454279273748398,-0.3810192048549652,0.1292499452829361,-0.32954442501068115,-166.5057373046875,-12.09465503692627,-84.22985076904297,-213.7029571533203,-114.45256805419922,-110.21200561523438,0.0,0.0,0.0,16711,60000,13498,0,0
76211.16,1.5245007276535034,1.910008430480957,0.0662875548005104,-0.3744896352291107,0.10028401017189026,-0.34868139028549194,-169.07974243164062,-13.40042781829834,-84.5341796875,-219.2030792236328,-94.011474609375,-274.13739013671875,0.0,0.0,0.0,17038,60000,9830,0,0
76221.061,1.5239828824996948,1.9067463874816895,0.06761922687292099,-0.370137482881546,0.06095598265528679,-0.327748566865921,-171.02493286132812,-14.173219680786133,-83.10692596435547,61.26295852661133,-303.2021179199219,-214.35379028320312,0.0,0.0,0.0,35705,60000,28546,0,0
76230.963,1.524247169494629,1.9028669595718384,0.06788717955350876,-0.34728482365608215,0.05938023701310158,-0.44357824325561523,-172.50039672851562,-16.0253963470459,-83.76725769042969,-43.42362976074219,-265.20245361328125,261.150634765625,0.0,0.0,0.0,36003,0,65535,27131,0
76240.86,1.5247043371200562,1.8989368677139282,0.06752170622348785,-0.3319675922393799,0.03214782848954201,-0.47647735476493835,-172.06321716308594,-19.072607040405273,-83.21485900878906,-55.46784973144531,-298.6776428222656,-389.7239990234375,0.0,0.0,0.0,65535,60000,65535,13239,0
76250.776,1.523374080657959,1.8966262340545654,0.06534351408481598,-0.336599737405777,-0.059850744903087616,-0.3454931378364563,-172.88011169433594,-21.51212501525879,-82.19647216796875,-92.41870880126953,-185.56027221679688,-261.4875183105469,0.0,0.0,0.0,35638,29329,65535,5442,0
76260.687,1.5241246223449707,1.891363263130188,0.06572979688644409,-0.3227072060108185,-0.11492205411195755,-0.3190733790397644,-172.59535217285156,-23.495895385742188,-79.66655731201172,-83.77779388427734,-255.56460571289062,40.047393798828125,0.0,0.0,0.0,17996,60000,65535,1862,0
76270.581,1.5251471996307373,1.8859416246414185,0.06588266789913177,-0.3034227788448334,-0.11959827691316605,-0.39938125014305115,-173.4266815185547,-26.147722244262695,-78.5267562866211,-101.18426513671875,-126.73624420166016,-104.05400085449219,0.0,0.0,0.0,65535,60000,65535,11914,0
76280.488,1.5263925790786743,1.8806990385055542,0.06507962942123413,-0.2853846848011017,-0.132950097322464,-0.45951664447784424,-174.2998504638672,-28.357501983642578,-78.51789855957031,-97.92145538330078,-84.55125427246094,634.3988037109375,0.0,0.0,0.0,36886,60000,65535,0,0
76290.409,1.525684118270874,1.877367377281189,0.061852727085351944,-0.27626869082450867,-0.12681686878204346,-0.5479918718338013,-176.22357177734375,-29.31839370727539,-80.37068176269531,-105.09109497070312,-359.9706115722656,1483.5841064453125,0.0,0.0,0.0,0,60000,55538,0,0
76300.301,1.527276873588562,1.8721011877059937,0.06009766086935997,-0.2705915868282318,-0.15949136018753052,-0.5830011367797852,176.62098693847656,-31.8447265625,-92.60213470458984,-12.48319149017334,-214.87612915039062,719.4625854492188,0.0,0.0,0.0,65535,0,65535,32064,0
76310.209,1.5301856994628906,1.8684639930725098,0.05831413343548775,-0.26618772745132446,-0.2333013415336609,-0.5564206838607788,166.6944122314453,-32.80862808227539,-109.41281127929688,133.32879638671875,-142.17784118652344,-496.8600769042969,0.0,0.0,0.0,65535,39790,65535,60000,0
76320.116,1.5309202671051025,1.8623716831207275,0.056870147585868835,-0.24428808689117432,-0.32567182183265686,-0.49388670921325684,166.74618530273438,-34.083702087402344,-110.73333740234375,-73.13799285888672,-212.76541137695312,-529.626708984375,0.0,0.0,0.0,22756,0,59033,60000,0
76330.034,1.5316479206085205,1.8557214736938477,0.055602625012397766,-0.2222561538219452,-0.38185688853263855,-0.4851017892360687,169.8634033203125,-36.5628662109375,-105.77999114990234,30.966537475585938,-251.3385467529297,3.5082404613494873,0.0,0.0,0.0,65535,0,65535,60000,0
76339.931,1.5324047803878784,1.8492164611816406,0.05401543900370598,-0.20664890110492706,-0.37676483392715454,-0.5514339208602905,168.30821228027344,-38.55842208862305,-107.5386734008789,18.922834396362305,-67.6221694946289,-95.36642456054688,0.0,0.0,0.0,65535,8779,65535,60000,0
76349.847,1.531812310218811,1.8440468311309814,0.05010542273521423,-0.19384539127349854,-0.4017978310585022,-0.5832284688949585,169.97084045410156,-40.53932189941406,-105.45881652832031,66.79851531982422,-141.71096801757812,-402.7236633300781,0.0,0.0,0.0,65535,1015,65535,60000,0
76359.745,1.5325946807861328,1.8373898267745972,0.04779747128486633,-0.1774570792913437,-0.44646936655044556,-0.5897928476333618,172.22189331054688,-41.7723274230957,-102.08052062988281,-1.7988916635513306,-190.80796813964844,-130.24171447753906,0.0,0.0,0.0,54997,6222,65535,60000,0
76369.661,1.533413052558899,1.8307219743728638,0.045627087354660034,-0.1628568470478058,-0.49480941891670227,-0.5943727493286133,175.29098510742188,-43.9841423034668,-98.11426544189453,18.616273880004883,-147.0116424560547,-281.22943115234375,0.0,0.0,0.0,65535,2584,65535,60000,0
76379.559,1.534169316291809,1.8238085508346558,0.04343599081039429,-0.15128442645072937,-0.5443437099456787,-0.5976011157035828,175.6046142578125,-45.7800407409668,-97.1803207397461,27.13373565673828,-114.70761108398438,-471.7413330078125,0.0,0.0,0.0,65535,4783,65535,60000,0
76389.465,1.534808874130249,1.8169028759002686,0.0408320389688015,-0.13792546093463898,-0.5564960241317749,-0.6386754512786865,-179.6587371826172,-47.351531982421875,-91.10679626464844,-49.86754608154297,-167.85504150390625,-95.4322280883789,0.0,0.0,0.0,65535,57961,65535,46928,0
76399.373,1.5344841480255127,1.810542106628418,0.036162715405225754,-0.13113375008106232,-0.591255784034729,-0.6612595915794373,-177.2277374267578,-48.71954345703125,-87.44737243652344,-63.73475646972656,-229.3149871826172,222.8092041015625,0.0,0.0,0.0,57131,60000,65535,0,0
76409.29,1.5354149341583252,1.803425908088684,0.03348253294825554,-0.12334845960140228,-0.6490325927734375,-0.6615821719169617,-179.4463348388672,-50.85855484008789,-89.51567840576172,-74.32731628417969,-225.5810089111328,-78.22576141357422,0.0,0.0,0.0,65535,60000,65535,5012,0
76419.2,1.5363433361053467,1.7961190938949585,0.030655672773718834,-0.11433354765176773,-0.690834641456604,-0.6771490573883057,177.9027099609375,-53.14516830444336,-91.78802490234375,-46.211849212646484,-198.33908081054688,-156.0994415283203,0.0,0.0,0.0,65535,34537,65535,60000,0
76429.094,1.537258505821228,1.7886673212051392,0.027587169781327248,-0.10262630134820938,-0.7292875051498413,-0.6962440013885498,179.17649841308594,-55.19779586791992,-89.44487762451172,-52.58077621459961,-233.58941650390625,82.99272155761719,0.0,0.0,0.0,65535,0,65535,60000,0
76439.001,1.537333369255066,1.7731300592422485,0.016865108162164688,-0.08847241848707199,-0.8042552471160889,-0.7520369291305542,176.90574645996094,-59.85503387451172,-91.0048599243164,-34.60282516479492,-314.45166015625,64.48031616210938,0.0,0.0,0.0,65535,0,65535,60000,0
76448.918,1.538457989692688,1.7651236057281494,0.013152639381587505,-0.07748284190893173,-0.8458912372589111,-0.7788710594177246,176.15841674804688,-63.359169006347656,-91.50554656982422,-23.9543514251709,-393.1240234375,-86.92583465576172,0.0,0.0,0.0,65535,35566,65535,60000,0
76458.815,1.5393809080123901,1.765459418296814,0.015351544134318829,-0.07457888871431351,-0.8466554880142212,-0.772026538848877,176.04774475097656,-63.316131591796875,-91.62061309814453,-36.8798942565918,-451.95465087890625,-18.455781936645508,0.0,0.0,0.0,65535,6829,65535,60000,0
76468.722,1.5403913259506226,1.7576870918273926,0.01201502326875925,-0.06317764520645142,-0.8983033895492554,-0.7982742786407471,176.2944793701172,-67.47789001464844,-91.02342987060547,-51.8117790222168,-507.2518310546875,-18.448192596435547,0.0,0.0,0.0,65535,17915,65535,60000,0
76478.629,1.5414185523986816,1.7497003078460693,0.008548729121685028,-0.05170551314949989,-0.9564135670661926,-0.8295013904571533,174.82632446289062,-72.12785339355469,-92.10962677001953,-72.16153717041016,-544.259521484375,-42.99040222167969,0.0,0.0,0.0,65535,2392,65535,60000,0
76488.547,1.5419973134994507,1.7308121919631958,-0.004084307700395584,-0.03171335533261299,-1.0771925449371338,-0.930134654045105,168.14759826660156,-82.685302734375,-97.4757080078125,-97.8482437133789,-561.9539794921875,17.293697357177734,0.0,0.0,0.0,65535,0,65535,60000,0
76498.442,1.542673110961914,1.7318387031555176,-0.001339621958322823,-0.029665278270840645,-1.075426459312439,-0.9225050210952759,167.92529296875,-82.60709381103516,-97.7077865600586,-38.57914733886719,-439.3428039550781,-165.9178466796875,0.0,0.0,0.0,65535,0,65535,60000,0
76508.357,1.543623924255371,1.7216618061065674,-0.0064994534477591515,-0.015523792244493961,-1.1395727396011353,-0.9842884540557861,141.9293975830078,-88.09257507324219,-122.82576751708984,96.86479187011719,-96.87765502929688,77.5322494506836,0.0,0.0,0.0,65535,21660,65535,60000,0
76518.27,1.5444780588150024,1.7129790782928467,-0.01036597229540348,-0.009196999482810497,-1.146930456161499,-1.0314360857009888,18.362701416015625,-89.30422973632812,112.92697143554688,-46.896732330322266,-80.43404388427734,56.29642105102539,0.0,0.0,0.0,65535,38285,65535,60000,0
76528.175,1.5451688766479492,1.704636573791504,-0.014345166273415089,-0.00742107629776001,-1.124212622642517,-1.0742453336715698,47.812644958496094,-88.26866149902344,142.22012329101562,-162.64808654785156,-122.04456329345703,23.204309463500977,0.0,0.0,0.0,65535,34872,65535,25850,0
76538.072,1.5456910133361816,1.696775197982788,-0.018108919262886047,-0.005842634942382574,-1.0820837020874023,-1.1140345335006714,33.85798645019531,-87.52511596679688,129.3419647216797,-124.848876953125,-144.71908569335938,27.085966110229492,0.0,0.0,0.0,65535,53197,65535,32723,0
76547.978,1.5461125373840332,1.689587950706482,-0.02179717645049095,-0.005030231550335884,-1.037110686302185,-1.1519514322280884,29.948720932006836,-86.38431549072266,126.96675109863281,-72.84718322753906,-206.00662231445312,1.3343758583068848,0.0,0.0,0.0,65535,42899,65535,23436,0
76557.889,1.5462509393692017,1.6813535690307617,-0.029533246532082558,-0.007248846348375082,-0.9824610948562622,-1.1974676847457886,22.838159561157227,-84.8372573852539,120.69877624511719,-48.17327117919922,-237.64047241210938,-26.695219039916992,0.0,0.0,0.0,65535,32464,65535,29394,0
76567.808,1.5464904308319092,1.6759568452835083,-0.03278627619147301,-0.00870545394718647,-0.9244933128356934,-1.2310469150543213,16.001440048217773,-82.99848175048828,114.42070007324219,-45.46309280395508,-237.5685577392578,-41.085819244384766,0.0,0.0,0.0,65535,25881,65535,34609,0
76577.701,1.5466233491897583,1.671122670173645,-0.03597879782319069,-0.007550013717263937,-0.8866629600524902,-1.266263723373413,10.259793281555176,-81.00310516357422,109.01687622070312,-41.34395980834961,-209.92031860351562,-40.39805221557617,0.0,0.0,0.0,65535,19594,65535,32382,0
76587.609,1.546698808670044,1.6666514873504639,-0.03911267966032028,-0.004350127186626196,-0.864025890827179,-1.3027724027633667,6.835470199584961,-79.08829498291016,105.95394134521484,-46.55005645751953,-172.7097625732422,-0.7501287460327148,0.0,0.0,0.0,65535,23495,65535,35401,0
76597.516,1.5467147827148438,1.6625173091888428,-0.042281124740839005,-0.0011094349902123213,-0.843690812587738,-1.3383651971817017,4.71651029586792,-77.48301696777344,104.14076232910156,-59.100589752197266,-151.71673583984375,17.93406105041504,0.0,0.0,0.0,65535,30070,65535,31728,0
76607.432,1.5467017889022827,1.6564592123031616,-0.050662584602832794,0.0019720569252967834,-0.8314322233200073,-1.3836191892623901,3.655456781387329,-75.99837493896484,103.58588409423828,-66.70305633544922,-118.15901947021484,22.295713424682617,0.0,0.0,0.0,65535,43506,65535,27851,0
76617.33,1.5466587543487549,1.652872920036316,-0.05406368523836136,0.004431005101650953,-0.8083577752113342,-1.415602207183838,4.208067893981934,-74.93850708007812,104.73917388916016,-67.22694396972656,-83.8565673828125,-11.755765914916992,0.0,0.0,0.0,65535,52380,65535,20297,0
76627.245,1.5465649366378784,1.6499980688095093,-0.05695711076259613,0.006138451863080263,-0.7771839499473572,-1.4425199031829834,3.6126487255096436,-74.26812744140625,104.7735595703125,-57.2366828918457,-62.199405670166016,8.87230396270752,0.0,0.0,0.0,65535,60000,65535,15638,0
76637.142,1.5464123487472534,1.6474546194076538,-0.059996772557497025,0.006966557819396257,-0.7432790994644165,-1.4671728610992432,3.592862367630005,-73.86446380615234,105.31661224365234,-59.0206184387207,-50.113529205322266,-13.030755996704102,0.0,0.0,0.0,65535,60000,65535,12007,0
76647.059,1.5462288856506348,1.6452844142913818,-0.0631914734840393,0.005811858456581831,-0.7000761032104492,-1.4878242015838623,3.2810025215148926,-73.62876892089844,105.54016876220703,-43.243377685546875,-31.32281494140625,-1.2560253143310547,0.0,0.0,0.0,65535,60000,65535,12352,0
76656.955,1.5461057424545288,1.6411612033843994,-0.0723564475774765,0.002382978331297636,-0.6577693819999695,-1.516157865524292,2.7306084632873535,-73.37989044189453,105.47262573242188,-31.366649627685547,-16.054052352905273,-28.233200073242188,0.0,0.0,0.0,65535,60000,65535,12555,0
76666.875,1.545744776725769,1.6401526927947998,-0.07581774890422821,-0.0067596882581710815,-0.5823425650596619,-1.524617314338684,2.259229898452759,-73.46546173095703,105.30299377441406,-19.73611068725586,-15.709860801696777,-40.59264373779297,0.0,0.0,0.0,65535,60000,65535,13211,0
76676.77,1.5451726913452148,1.640305519104004,-0.07874326407909393,-0.02003605104982853,-0.48952946066856384,-1.526068091392517,1.2026422023773193,-73.66775512695312,104.38695526123047,-15.028579711914062,-30.57250213623047,-74.4862289428711,0.0,0.0,0.0,65535,60000,65535,15317,0
76686.691,1.5443986654281616,1.641311764717102,-0.08170108497142792,-0.03644318878650665,-0.385648250579834,-1.5239427089691162,-0.5770325064659119,-73.75879669189453,102.6469955444336,-5.4377593994140625,-41.32024383544922,-68.82913208007812,0.0,0.0,0.0,65535,56873,65535,16790,0
76696.584,1.5434041023254395,1.6432418823242188,-0.084671251475811,-0.05507568269968033,-0.27497848868370056,-1.5194756984710693,-2.7354812622070312,-73.6788330078125,100.43821716308594,-1.886017084121704,-47.57070541381836,-86.87993621826172,0.0,0.0,0.0,65535,52755,65535,18874,0
76706.49,1.5424481630325317,1.643629789352417,-0.09379584342241287,-0.07336687296628952,-0.17813052237033844,-1.526153326034546,-5.014138221740723,-73.33332061767578,98.05914306640625,-3.074420690536499,-53.458885192871094,-100.4697036743164,0.0,0.0,0.0,65535,48931,65535,21342,0
76716.407,1.540981650352478,1.6475249528884888,-0.09682958573102951,-0.09278423339128494,-0.0687388926744461,-1.5207326412200928,-8.10822582244873,-72.98104858398438,94.79103088378906,-20.776456832885742,-41.93173599243164,-139.19728088378906,0.0,0.0,0.0,65535,47820,65535,22672,0
76726.315,1.5393372774124146,1.652334451675415,-0.09923423826694489,-0.10962112993001938,0.028346115723252296,-1.516800880432129,-11.489555358886719,-72.57829284667969,91.29715728759766,-28.151628494262695,-25.507122039794922,-136.8861846923828,0.0,0.0,0.0,65535,47498,65535,21748,0
76736.212,1.5376118421554565,1.6576642990112305,-0.10164947062730789,-0.12299519777297974,0.10896874964237213,-1.5169087648391724,-15.85196304321289,-72.12914276123047,86.91604614257812,-36.51686477661133,-24.560678482055664,-127.56443786621094,0.0,0.0,0.0,65535,53790,65535,16029,0
76746.125,1.5358942747116089,1.6632647514343262,-0.10414993017911911,-0.131252720952034,0.16442443430423737,-1.5235036611557007,-19.888601303100586,-71.73774719238281,82.93797302246094,-33.31486129760742,-55.53093338012695,-163.43003845214844,0.0,0.0,0.0,65535,56407,65535,10097,0
76756.026,1.5343821048736572,1.6671106815338135,-0.1131124421954155,-0.13673824071884155,0.19545932114124298,-1.5448657274246216,-23.967437744140625,-70.98947143554688,78.99141693115234,-20.509010314941406,-56.49688720703125,-94.74790954589844,0.0,0.0,0.0,65535,50069,65535,15496,0
76765.943,1.532715916633606,1.6730295419692993,-0.11577491462230682,-0.14470596611499786,0.24090172350406647,-1.552625298500061,-25.119888305664062,-70.32600402832031,77.98480224609375,10.430874824523926,-72.50788116455078,51.66381072998047,0.0,0.0,0.0,65535,49720,65535,16748,0
76775.84,1.531114935874939,1.6788736581802368,-0.11791464686393738,-0.15041740238666534,0.2758803963661194,-1.5608582496643066,-26.208484649658203,-69.57954406738281,76.82005310058594,10.318346977233887,-58.461856842041016,-51.55717086791992,0.0,0.0,0.0,65535,60000,65535,16953,0
76785.748,1.5295439958572388,1.6844229698181152,-0.12018360942602158,-0.15128543972969055,0.286575049161911,-1.5757951736450195,-24.723979949951172,-69.21436309814453,78.24203491210938,-0.6721729636192322,-62.487632751464844,-13.072991371154785,0.0,0.0,0.0,65535,55166,65535,12682,0
76795.655,1.5265512466430664,1.6924309730529785,-0.13907741010189056,-0.15006093680858612,0.27685749530792236,-1.632034182548523,-24.305917739868164,-68.07867431640625,78.66957092285156,-25.76570701599121,-51.123138427734375,19.45474624633789,0.0,0.0,0.0,65535,60000,65535,13270,0
76805.571,1.526612401008606,1.6934480667114258,-0.13205616176128387,-0.15034395456314087,0.2887246906757355,-1.6176905632019043,-24.219263076782227,-68.13343048095703,78.7275390625,-34.32740783691406,-41.15226745605469,34.97751235961914,0.0,0.0,0.0,65535,60000,65535,7166,0
76815.469,1.525233507156372,1.6981642246246338,-0.1348709613084793,-0.15474681556224823,0.31222933530807495,-1.623344898223877,-23.197425842285156,-67.93122863769531,80.09260559082031,-21.86794662475586,-36.62821960449219,43.751773834228516,0.0,0.0,0.0,65535,60000,65535,8012,0
76825.376,1.5238895416259766,1.7026501893997192,-0.13720083236694336,-0.16146764159202576,0.34456121921539307,-1.6223737001419067,-22.06673240661621,-67.77754211425781,81.55023956298828,-14.406739234924316,-28.391231536865234,77.96353912353516,0.0,0.0,0.0,65535,60000,65535,9377,0
76835.283,1.5225073099136353,1.7071353197097778,-0.1395525336265564,-0.17120255529880524,0.3869061768054962,-1.6159660816192627,-20.539106369018555,-67.6983642578125,83.2986068725586,-24.05524253845215,-16.252838134765625,77.84998321533203,0.0,0.0,0.0,65535,60000,65535,10346,0
76845.2,1.5191349983215332,1.7165637016296387,-0.15825000405311584,-0.20300860702991486,0.4954286217689514,-1.6124260425567627,-16.948596954345703,-67.89390563964844,87.54350280761719,-18.506610870361328,-2.3279497623443604,80.34404754638672,0.0,0.0,0.0,65535,60000,65535,8220,0
76855.097,1.5193780660629272,1.7166229486465454,-0.15100644528865814,-0.2022678107023239,0.5035266876220703,-1.597164273262024,-16.798612594604492,-67.892333984375,87.6617660522461,-16.317258834838867,-6.347867965698242,121.96275329589844,0.0,0.0,0.0,65535,60000,65535,9065,0
76865.017,1.5178484916687012,1.7218427658081055,-0.15256120264530182,-0.21903157234191895,0.5727937817573547,-1.5740256309509277,-14.19094467163086,-68.10397338867188,90.54814147949219,-16.76193618774414,-6.456355571746826,226.89755249023438,0.0,0.0,0.0,65535,60000,65535,10803,0
76874.911,1.516278624534607,1.7273778915405273,-0.15399198234081268,-0.23552261292934418,0.6417832374572754,-1.5500826835632324,-10.080757141113281,-68.31159973144531,95.07772064208984,-0.40357816219329834,-23.28453254699707,434.6151428222656,0.0,0.0,0.0,65535,60000,65535,16274,0
76884.828,1.5146903991699219,1.7331788539886475,-0.15527895092964172,-0.25198420882225037,0.7103351354598999,-1.526496171951294,-2.14622163772583,-68.42700958251953,103.63772583007812,-33.703495025634766,-3.2564332485198975,793.050537109375,0.0,0.0,0.0,57400,60000,65535,16109,0
76894.729,1.5101399421691895,1.7478302717208862,-0.17164334654808044,-0.3002762198448181,0.8803285956382751,-1.5119818449020386,29.07448387145996,-64.6556396484375,137.8733367919922,-20.740436553955078,14.100295066833496,484.75982666015625,0.0,0.0,0.0,0,60000,46318,0,0
76904.633,1.5106616020202637,1.7469722032546997,-0.16425685584545135,-0.2985309362411499,0.8839124441146851,-1.495116114616394,29.00750732421875,-64.57784271240234,137.77305603027344,24.16326332092285,60.40397262573242,-104.2916259765625,0.0,0.0,0.0,65535,60000,65535,22506,0
76914.541,1.508352518081665,1.755258321762085,-0.16642238199710846,-0.3009254038333893,0.9413051009178162,-1.4730902910232544,31.719093322753906,-64.31987762451172,140.86061096191406,127.90072631835938,207.6282958984375,-27.828144073486328,0.0,0.0,0.0,65535,47490,65535,29676,0
76924.473,1.5063377618789673,1.763503909111023,-0.1681666523218155,-0.28796419501304626,0.9513055086135864,-1.4674715995788574,34.37847900390625,-65.83964538574219,142.38978576660156,-65.39297485351562,228.12538146972656,320.794189453125,0.0,0.0,0.0,65535,60000,65535,45799,0
76934.355,1.505031943321228,1.7706247568130493,-0.1681092232465744,-0.28488340973854065,0.9927119016647339,-1.4498567581176758,40.7213249206543,-66.12826538085938,149.63662719726562,227.46243286132812,-98.55270385742188,110.1134033203125,0.0,0.0,0.0,0,60000,32986,0,0
76944.262,1.5037651062011719,1.7779815196990967,-0.16709457337856293,-0.310793936252594,1.1365116834640503,-1.3999378681182861,46.642791748046875,-64.14569854736328,154.78419494628906,39.968528747558594,48.26570129394531,453.5896301269531,0.0,0.0,0.0,65535,29352,65535,47085,0
76954.169,1.5015844106674194,1.7877050638198853,-0.17345961928367615,-0.30768314003944397,1.175193190574646,-1.4023594856262207,48.06554412841797,-63.51544189453125,155.39285278320312,211.19850158691406,-70.69559478759766,-353.0119323730469,0.0,0.0,0.0,12781,60000,65535,0,0
76964.087,1.5005401372909546,1.7956180572509766,-0.17195962369441986,-0.2876107394695282,1.1630603075027466,-1.4005130529403687,48.5695915222168,-63.69204330444336,154.30992126464844,208.6483154296875,-29.8287353515625,-49.84828186035156,-32767.0,32767.0,32767.0,12781,60000,65535,0,0
